solid OpenSCAD_Model
  facet normal -0.995169 -0.0981722 0
    outer loop
      vertex -18.3535 0.107915 0
      vertex -18.3641 0.215367 4
      vertex -18.3641 0.215367 0
    endloop
  endfacet
  facet normal -0.995169 -0.0981722 0
    outer loop
      vertex -18.3641 0.215367 4
      vertex -18.3535 0.107915 0
      vertex -18.3535 0.107915 4
    endloop
  endfacet
  facet normal -0.999474 -0.0324159 0
    outer loop
      vertex -18.35 0 0
      vertex -18.3535 0.107915 4
      vertex -18.3535 0.107915 0
    endloop
  endfacet
  facet normal -0.999474 -0.0324159 0
    outer loop
      vertex -18.3535 0.107915 4
      vertex -18.35 0 0
      vertex -18.35 0 4
    endloop
  endfacet
  facet normal -0.986626 -0.163001 0
    outer loop
      vertex -18.3641 0.215367 0
      vertex -18.3817 0.321898 4
      vertex -18.3817 0.321898 0
    endloop
  endfacet
  facet normal -0.986626 -0.163001 0
    outer loop
      vertex -18.3817 0.321898 4
      vertex -18.3641 0.215367 0
      vertex -18.3641 0.215367 4
    endloop
  endfacet
  facet normal -0.973914 -0.226916 0
    outer loop
      vertex -18.3817 0.321898 0
      vertex -18.4062 0.427051 4
      vertex -18.4062 0.427051 0
    endloop
  endfacet
  facet normal -0.973914 -0.226916 0
    outer loop
      vertex -18.4062 0.427051 4
      vertex -18.3817 0.321898 0
      vertex -18.3817 0.321898 4
    endloop
  endfacet
  facet normal 0.936008 -0.35198 0
    outer loop
      vertex -21.5624 0.530375 4
      vertex -21.5244 0.631427 0
      vertex -21.5244 0.631427 4
    endloop
  endfacet
  facet normal 0.936008 -0.35198 0
    outer loop
      vertex -21.5244 0.631427 0
      vertex -21.5624 0.530375 4
      vertex -21.5624 0.530375 0
    endloop
  endfacet
  facet normal -0.582315 -0.812963 0
    outer loop
      vertex -19.0833 1.37192 0
      vertex -18.9955 1.30903 4
      vertex -19.0833 1.37192 4
    endloop
  endfacet
  facet normal -0.582315 -0.812963 -0
    outer loop
      vertex -18.9955 1.30903 4
      vertex -19.0833 1.37192 0
      vertex -18.9955 1.30903 0
    endloop
  endfacet
  facet normal 0.162866 0.986648 -0
    outer loop
      vertex -20.2154 -1.63588 0
      vertex -20.3219 -1.6183 4
      vertex -20.2154 -1.63588 4
    endloop
  endfacet
  facet normal 0.162866 0.986648 0
    outer loop
      vertex -20.3219 -1.6183 4
      vertex -20.2154 -1.63588 0
      vertex -20.3219 -1.6183 0
    endloop
  endfacet
  facet normal 0.352382 0.935856 -0
    outer loop
      vertex -20.5304 -1.56243 0
      vertex -20.6314 -1.5244 4
      vertex -20.5304 -1.56243 4
    endloop
  endfacet
  facet normal 0.352382 0.935856 0
    outer loop
      vertex -20.6314 -1.5244 4
      vertex -20.5304 -1.56243 0
      vertex -20.6314 -1.5244 0
    endloop
  endfacet
  facet normal -0.936008 -0.35198 0
    outer loop
      vertex -18.4376 0.530375 0
      vertex -18.4756 0.631427 4
      vertex -18.4756 0.631427 0
    endloop
  endfacet
  facet normal -0.936008 -0.35198 0
    outer loop
      vertex -18.4756 0.631427 4
      vertex -18.4376 0.530375 0
      vertex -18.4376 0.530375 4
    endloop
  endfacet
  facet normal -0.162866 0.986648 0
    outer loop
      vertex -19.6781 -1.6183 0
      vertex -19.7846 -1.63588 4
      vertex -19.6781 -1.6183 4
    endloop
  endfacet
  facet normal -0.162866 0.986648 0
    outer loop
      vertex -19.7846 -1.63588 4
      vertex -19.6781 -1.6183 0
      vertex -19.7846 -1.63588 0
    endloop
  endfacet
  facet normal 0.032698 0.999465 -0
    outer loop
      vertex -20 -1.65 0
      vertex -20.1079 -1.64647 4
      vertex -20 -1.65 4
    endloop
  endfacet
  facet normal 0.032698 0.999465 0
    outer loop
      vertex -20.1079 -1.64647 4
      vertex -20 -1.65 0
      vertex -20.1079 -1.64647 0
    endloop
  endfacet
  facet normal -0.412519 -0.910949 0
    outer loop
      vertex -19.3686 1.5244 0
      vertex -19.2702 1.47984 4
      vertex -19.3686 1.5244 4
    endloop
  endfacet
  facet normal -0.412519 -0.910949 -0
    outer loop
      vertex -19.2702 1.47984 4
      vertex -19.3686 1.5244 0
      vertex -19.2702 1.47984 0
    endloop
  endfacet
  facet normal -0.0980371 -0.995183 0
    outer loop
      vertex -19.8921 1.64647 0
      vertex -19.7846 1.63588 4
      vertex -19.8921 1.64647 4
    endloop
  endfacet
  facet normal -0.0980371 -0.995183 -0
    outer loop
      vertex -19.7846 1.63588 4
      vertex -19.8921 1.64647 0
      vertex -19.7846 1.63588 0
    endloop
  endfacet
  facet normal 0.986626 -0.163001 0
    outer loop
      vertex -21.6359 0.215367 4
      vertex -21.6183 0.321898 0
      vertex -21.6183 0.321898 4
    endloop
  endfacet
  facet normal 0.986626 -0.163001 0
    outer loop
      vertex -21.6183 0.321898 0
      vertex -21.6359 0.215367 4
      vertex -21.6359 0.215367 0
    endloop
  endfacet
  facet normal -0.999474 0.0324159 0
    outer loop
      vertex -18.3535 -0.107915 0
      vertex -18.35 0 4
      vertex -18.35 0 0
    endloop
  endfacet
  facet normal -0.999474 0.0324159 0
    outer loop
      vertex -18.35 0 4
      vertex -18.3535 -0.107915 0
      vertex -18.3535 -0.107915 4
    endloop
  endfacet
  facet normal 0.352382 -0.935856 0
    outer loop
      vertex -20.6314 1.5244 0
      vertex -20.5304 1.56243 4
      vertex -20.6314 1.5244 4
    endloop
  endfacet
  facet normal 0.352382 -0.935856 0
    outer loop
      vertex -20.5304 1.56243 4
      vertex -20.6314 1.5244 0
      vertex -20.5304 1.56243 0
    endloop
  endfacet
  facet normal -0.881917 -0.471405 0
    outer loop
      vertex -18.5202 0.729775 0
      vertex -18.5711 0.825 4
      vertex -18.5711 0.825 0
    endloop
  endfacet
  facet normal -0.881917 -0.471405 0
    outer loop
      vertex -18.5711 0.825 4
      vertex -18.5202 0.729775 0
      vertex -18.5202 0.729775 4
    endloop
  endfacet
  facet normal -0.910728 -0.413007 0
    outer loop
      vertex -18.4756 0.631427 0
      vertex -18.5202 0.729775 4
      vertex -18.5202 0.729775 0
    endloop
  endfacet
  facet normal -0.910728 -0.413007 0
    outer loop
      vertex -18.5202 0.729775 4
      vertex -18.4756 0.631427 0
      vertex -18.4756 0.631427 4
    endloop
  endfacet
  facet normal 0.956794 -0.290768 0
    outer loop
      vertex -21.5938 0.427051 4
      vertex -21.5624 0.530375 0
      vertex -21.5624 0.530375 4
    endloop
  endfacet
  facet normal 0.956794 -0.290768 0
    outer loop
      vertex -21.5624 0.530375 0
      vertex -21.5938 0.427051 4
      vertex -21.5938 0.427051 0
    endloop
  endfacet
  facet normal 0.290406 0.956904 -0
    outer loop
      vertex -20.4271 -1.59378 0
      vertex -20.5304 -1.56243 4
      vertex -20.4271 -1.59378 4
    endloop
  endfacet
  facet normal 0.290406 0.956904 0
    outer loop
      vertex -20.5304 -1.56243 4
      vertex -20.4271 -1.59378 0
      vertex -20.5304 -1.56243 0
    endloop
  endfacet
  facet normal -0.849273 -0.527953 0
    outer loop
      vertex -18.5711 0.825 0
      vertex -18.6281 0.916691 4
      vertex -18.6281 0.916691 0
    endloop
  endfacet
  facet normal -0.849273 -0.527953 0
    outer loop
      vertex -18.6281 0.916691 4
      vertex -18.5711 0.825 0
      vertex -18.5711 0.825 4
    endloop
  endfacet
  facet normal -0.352382 0.935856 0
    outer loop
      vertex -19.3686 -1.5244 0
      vertex -19.4696 -1.56243 4
      vertex -19.3686 -1.5244 4
    endloop
  endfacet
  facet normal -0.352382 0.935856 0
    outer loop
      vertex -19.4696 -1.56243 4
      vertex -19.3686 -1.5244 0
      vertex -19.4696 -1.56243 0
    endloop
  endfacet
  facet normal 0.412519 -0.910949 0
    outer loop
      vertex -20.7298 1.47984 0
      vertex -20.6314 1.5244 4
      vertex -20.7298 1.47984 4
    endloop
  endfacet
  facet normal 0.412519 -0.910949 0
    outer loop
      vertex -20.6314 1.5244 4
      vertex -20.7298 1.47984 0
      vertex -20.6314 1.5244 0
    endloop
  endfacet
  facet normal -0.582315 0.812963 0
    outer loop
      vertex -18.9955 -1.30903 0
      vertex -19.0833 -1.37192 4
      vertex -18.9955 -1.30903 4
    endloop
  endfacet
  facet normal -0.582315 0.812963 0
    outer loop
      vertex -19.0833 -1.37192 4
      vertex -18.9955 -1.30903 0
      vertex -19.0833 -1.37192 0
    endloop
  endfacet
  facet normal 0.881917 0.471405 0
    outer loop
      vertex -21.4289 -0.825 4
      vertex -21.4798 -0.729775 0
      vertex -21.4798 -0.729775 4
    endloop
  endfacet
  facet normal 0.881917 0.471405 0
    outer loop
      vertex -21.4798 -0.729775 0
      vertex -21.4289 -0.825 4
      vertex -21.4289 -0.825 0
    endloop
  endfacet
  facet normal 0.582315 -0.812963 0
    outer loop
      vertex -21.0045 1.30903 0
      vertex -20.9167 1.37192 4
      vertex -21.0045 1.30903 4
    endloop
  endfacet
  facet normal 0.582315 -0.812963 0
    outer loop
      vertex -20.9167 1.37192 4
      vertex -21.0045 1.30903 0
      vertex -20.9167 1.37192 0
    endloop
  endfacet
  facet normal -0.6347 0.772759 0
    outer loop
      vertex -18.9121 -1.24053 0
      vertex -18.9955 -1.30903 4
      vertex -18.9121 -1.24053 4
    endloop
  endfacet
  facet normal -0.6347 0.772759 0
    outer loop
      vertex -18.9955 -1.30903 4
      vertex -18.9121 -1.24053 0
      vertex -18.9955 -1.30903 0
    endloop
  endfacet
  facet normal 0.772983 0.634427 0
    outer loop
      vertex -21.2405 -1.08792 4
      vertex -21.309 -1.00446 0
      vertex -21.309 -1.00446 4
    endloop
  endfacet
  facet normal 0.772983 0.634427 0
    outer loop
      vertex -21.309 -1.00446 0
      vertex -21.2405 -1.08792 4
      vertex -21.2405 -1.08792 0
    endloop
  endfacet
  facet normal -0.956794 -0.290768 0
    outer loop
      vertex -18.4062 0.427051 0
      vertex -18.4376 0.530375 4
      vertex -18.4376 0.530375 0
    endloop
  endfacet
  facet normal -0.956794 -0.290768 0
    outer loop
      vertex -18.4376 0.530375 4
      vertex -18.4062 0.427051 0
      vertex -18.4062 0.427051 4
    endloop
  endfacet
  facet normal -0.0980371 0.995183 0
    outer loop
      vertex -19.7846 -1.63588 0
      vertex -19.8921 -1.64647 4
      vertex -19.7846 -1.63588 4
    endloop
  endfacet
  facet normal -0.0980371 0.995183 0
    outer loop
      vertex -19.8921 -1.64647 4
      vertex -19.7846 -1.63588 0
      vertex -19.8921 -1.64647 0
    endloop
  endfacet
  facet normal 0.683571 -0.729884 0
    outer loop
      vertex -21.1667 1.16673 0
      vertex -21.0879 1.24053 4
      vertex -21.1667 1.16673 4
    endloop
  endfacet
  facet normal 0.683571 -0.729884 0
    outer loop
      vertex -21.0879 1.24053 4
      vertex -21.1667 1.16673 0
      vertex -21.0879 1.24053 0
    endloop
  endfacet
  facet normal 0.995169 -0.0981722 0
    outer loop
      vertex -21.6465 0.107915 4
      vertex -21.6359 0.215367 0
      vertex -21.6359 0.215367 4
    endloop
  endfacet
  facet normal 0.995169 -0.0981722 0
    outer loop
      vertex -21.6359 0.215367 0
      vertex -21.6465 0.107915 4
      vertex -21.6465 0.107915 0
    endloop
  endfacet
  facet normal -0.936008 0.35198 0
    outer loop
      vertex -18.4756 -0.631427 0
      vertex -18.4376 -0.530375 4
      vertex -18.4376 -0.530375 0
    endloop
  endfacet
  facet normal -0.936008 0.35198 0
    outer loop
      vertex -18.4376 -0.530375 4
      vertex -18.4756 -0.631427 0
      vertex -18.4756 -0.631427 4
    endloop
  endfacet
  facet normal -0.881917 0.471405 0
    outer loop
      vertex -18.5711 -0.825 0
      vertex -18.5202 -0.729775 4
      vertex -18.5202 -0.729775 0
    endloop
  endfacet
  facet normal -0.881917 0.471405 0
    outer loop
      vertex -18.5202 -0.729775 4
      vertex -18.5711 -0.825 0
      vertex -18.5711 -0.825 4
    endloop
  endfacet
  facet normal 0.812822 0.582512 0
    outer loop
      vertex -21.309 -1.00446 4
      vertex -21.3719 -0.916691 0
      vertex -21.3719 -0.916691 4
    endloop
  endfacet
  facet normal 0.812822 0.582512 0
    outer loop
      vertex -21.3719 -0.916691 0
      vertex -21.309 -1.00446 4
      vertex -21.309 -1.00446 0
    endloop
  endfacet
  facet normal -0.772983 -0.634427 0
    outer loop
      vertex -18.691 1.00446 0
      vertex -18.7595 1.08792 4
      vertex -18.7595 1.08792 0
    endloop
  endfacet
  facet normal -0.772983 -0.634427 0
    outer loop
      vertex -18.7595 1.08792 4
      vertex -18.691 1.00446 0
      vertex -18.691 1.00446 4
    endloop
  endfacet
  facet normal -0.986626 0.163001 0
    outer loop
      vertex -18.3817 -0.321898 0
      vertex -18.3641 -0.215367 4
      vertex -18.3641 -0.215367 0
    endloop
  endfacet
  facet normal -0.986626 0.163001 0
    outer loop
      vertex -18.3641 -0.215367 4
      vertex -18.3817 -0.321898 0
      vertex -18.3817 -0.321898 4
    endloop
  endfacet
  facet normal -0.956794 0.290768 0
    outer loop
      vertex -18.4376 -0.530375 0
      vertex -18.4062 -0.427051 4
      vertex -18.4062 -0.427051 0
    endloop
  endfacet
  facet normal -0.956794 0.290768 0
    outer loop
      vertex -18.4062 -0.427051 4
      vertex -18.4376 -0.530375 0
      vertex -18.4376 -0.530375 4
    endloop
  endfacet
  facet normal 0.52805 0.849213 -0
    outer loop
      vertex -20.825 -1.42894 0
      vertex -20.9167 -1.37192 4
      vertex -20.825 -1.42894 4
    endloop
  endfacet
  facet normal 0.52805 0.849213 0
    outer loop
      vertex -20.9167 -1.37192 4
      vertex -20.825 -1.42894 0
      vertex -20.9167 -1.37192 0
    endloop
  endfacet
  facet normal 0.849273 -0.527953 0
    outer loop
      vertex -21.4289 0.825 4
      vertex -21.3719 0.916691 0
      vertex -21.3719 0.916691 4
    endloop
  endfacet
  facet normal 0.849273 -0.527953 0
    outer loop
      vertex -21.3719 0.916691 0
      vertex -21.4289 0.825 4
      vertex -21.4289 0.825 0
    endloop
  endfacet
  facet normal 0.582315 0.812963 -0
    outer loop
      vertex -20.9167 -1.37192 0
      vertex -21.0045 -1.30903 4
      vertex -20.9167 -1.37192 4
    endloop
  endfacet
  facet normal 0.582315 0.812963 0
    outer loop
      vertex -21.0045 -1.30903 4
      vertex -20.9167 -1.37192 0
      vertex -21.0045 -1.30903 0
    endloop
  endfacet
  facet normal -0.352382 -0.935856 0
    outer loop
      vertex -19.4696 1.56243 0
      vertex -19.3686 1.5244 4
      vertex -19.4696 1.56243 4
    endloop
  endfacet
  facet normal -0.352382 -0.935856 -0
    outer loop
      vertex -19.3686 1.5244 4
      vertex -19.4696 1.56243 0
      vertex -19.3686 1.5244 0
    endloop
  endfacet
  facet normal 0.52805 -0.849213 0
    outer loop
      vertex -20.9167 1.37192 0
      vertex -20.825 1.42894 4
      vertex -20.9167 1.37192 4
    endloop
  endfacet
  facet normal 0.52805 -0.849213 0
    outer loop
      vertex -20.825 1.42894 4
      vertex -20.9167 1.37192 0
      vertex -20.825 1.42894 0
    endloop
  endfacet
  facet normal 0.849273 0.527953 0
    outer loop
      vertex -21.3719 -0.916691 4
      vertex -21.4289 -0.825 0
      vertex -21.4289 -0.825 4
    endloop
  endfacet
  facet normal 0.849273 0.527953 0
    outer loop
      vertex -21.4289 -0.825 0
      vertex -21.3719 -0.916691 4
      vertex -21.3719 -0.916691 0
    endloop
  endfacet
  facet normal 0.881917 -0.471405 0
    outer loop
      vertex -21.4798 0.729775 4
      vertex -21.4289 0.825 0
      vertex -21.4289 0.825 4
    endloop
  endfacet
  facet normal 0.881917 -0.471405 0
    outer loop
      vertex -21.4289 0.825 0
      vertex -21.4798 0.729775 4
      vertex -21.4798 0.729775 0
    endloop
  endfacet
  facet normal -0.6347 -0.772759 0
    outer loop
      vertex -18.9955 1.30903 0
      vertex -18.9121 1.24053 4
      vertex -18.9955 1.30903 4
    endloop
  endfacet
  facet normal -0.6347 -0.772759 -0
    outer loop
      vertex -18.9121 1.24053 4
      vertex -18.9955 1.30903 0
      vertex -18.9121 1.24053 0
    endloop
  endfacet
  facet normal -0.290406 0.956904 0
    outer loop
      vertex -19.4696 -1.56243 0
      vertex -19.5729 -1.59378 4
      vertex -19.4696 -1.56243 4
    endloop
  endfacet
  facet normal -0.290406 0.956904 0
    outer loop
      vertex -19.5729 -1.59378 4
      vertex -19.4696 -1.56243 0
      vertex -19.5729 -1.59378 0
    endloop
  endfacet
  facet normal -0.52805 -0.849213 0
    outer loop
      vertex -19.175 1.42894 0
      vertex -19.0833 1.37192 4
      vertex -19.175 1.42894 4
    endloop
  endfacet
  facet normal -0.52805 -0.849213 -0
    outer loop
      vertex -19.0833 1.37192 4
      vertex -19.175 1.42894 0
      vertex -19.0833 1.37192 0
    endloop
  endfacet
  facet normal -0.226995 0.973896 0
    outer loop
      vertex -19.5729 -1.59378 0
      vertex -19.6781 -1.6183 4
      vertex -19.5729 -1.59378 4
    endloop
  endfacet
  facet normal -0.226995 0.973896 0
    outer loop
      vertex -19.6781 -1.6183 4
      vertex -19.5729 -1.59378 0
      vertex -19.6781 -1.6183 0
    endloop
  endfacet
  facet normal -0.683571 -0.729884 0
    outer loop
      vertex -18.9121 1.24053 0
      vertex -18.8333 1.16673 4
      vertex -18.9121 1.24053 4
    endloop
  endfacet
  facet normal -0.683571 -0.729884 -0
    outer loop
      vertex -18.8333 1.16673 4
      vertex -18.9121 1.24053 0
      vertex -18.8333 1.16673 0
    endloop
  endfacet
  facet normal 0.162866 -0.986648 0
    outer loop
      vertex -20.3219 1.6183 0
      vertex -20.2154 1.63588 4
      vertex -20.3219 1.6183 4
    endloop
  endfacet
  facet normal 0.162866 -0.986648 0
    outer loop
      vertex -20.2154 1.63588 4
      vertex -20.3219 1.6183 0
      vertex -20.2154 1.63588 0
    endloop
  endfacet
  facet normal -0.471501 -0.881865 0
    outer loop
      vertex -19.2702 1.47984 0
      vertex -19.175 1.42894 4
      vertex -19.2702 1.47984 4
    endloop
  endfacet
  facet normal -0.471501 -0.881865 -0
    outer loop
      vertex -19.175 1.42894 4
      vertex -19.2702 1.47984 0
      vertex -19.175 1.42894 0
    endloop
  endfacet
  facet normal -0.162866 -0.986648 0
    outer loop
      vertex -19.7846 1.63588 0
      vertex -19.6781 1.6183 4
      vertex -19.7846 1.63588 4
    endloop
  endfacet
  facet normal -0.162866 -0.986648 -0
    outer loop
      vertex -19.6781 1.6183 4
      vertex -19.7846 1.63588 0
      vertex -19.6781 1.6183 0
    endloop
  endfacet
  facet normal -0.683571 0.729884 0
    outer loop
      vertex -18.8333 -1.16673 0
      vertex -18.9121 -1.24053 4
      vertex -18.8333 -1.16673 4
    endloop
  endfacet
  facet normal -0.683571 0.729884 0
    outer loop
      vertex -18.9121 -1.24053 4
      vertex -18.8333 -1.16673 0
      vertex -18.9121 -1.24053 0
    endloop
  endfacet
  facet normal 0.412519 0.910949 -0
    outer loop
      vertex -20.6314 -1.5244 0
      vertex -20.7298 -1.47984 4
      vertex -20.6314 -1.5244 4
    endloop
  endfacet
  facet normal 0.412519 0.910949 0
    outer loop
      vertex -20.7298 -1.47984 4
      vertex -20.6314 -1.5244 0
      vertex -20.7298 -1.47984 0
    endloop
  endfacet
  facet normal -0.995169 0.0981722 0
    outer loop
      vertex -18.3641 -0.215367 0
      vertex -18.3535 -0.107915 4
      vertex -18.3535 -0.107915 0
    endloop
  endfacet
  facet normal -0.995169 0.0981722 0
    outer loop
      vertex -18.3535 -0.107915 4
      vertex -18.3641 -0.215367 0
      vertex -18.3641 -0.215367 4
    endloop
  endfacet
  facet normal 0.0980371 -0.995183 0
    outer loop
      vertex -20.2154 1.63588 0
      vertex -20.1079 1.64647 4
      vertex -20.2154 1.63588 4
    endloop
  endfacet
  facet normal 0.0980371 -0.995183 0
    outer loop
      vertex -20.1079 1.64647 4
      vertex -20.2154 1.63588 0
      vertex -20.1079 1.64647 0
    endloop
  endfacet
  facet normal 0.986626 0.163001 0
    outer loop
      vertex -21.6183 -0.321898 4
      vertex -21.6359 -0.215367 0
      vertex -21.6359 -0.215367 4
    endloop
  endfacet
  facet normal 0.986626 0.163001 0
    outer loop
      vertex -21.6359 -0.215367 0
      vertex -21.6183 -0.321898 4
      vertex -21.6183 -0.321898 0
    endloop
  endfacet
  facet normal 0.973914 -0.226916 0
    outer loop
      vertex -21.6183 0.321898 4
      vertex -21.5938 0.427051 0
      vertex -21.5938 0.427051 4
    endloop
  endfacet
  facet normal 0.973914 -0.226916 0
    outer loop
      vertex -21.5938 0.427051 0
      vertex -21.6183 0.321898 4
      vertex -21.6183 0.321898 0
    endloop
  endfacet
  facet normal -0.849273 0.527953 0
    outer loop
      vertex -18.6281 -0.916691 0
      vertex -18.5711 -0.825 4
      vertex -18.5711 -0.825 0
    endloop
  endfacet
  facet normal -0.849273 0.527953 0
    outer loop
      vertex -18.5711 -0.825 4
      vertex -18.6281 -0.916691 0
      vertex -18.6281 -0.916691 4
    endloop
  endfacet
  facet normal -0.412519 0.910949 0
    outer loop
      vertex -19.2702 -1.47984 0
      vertex -19.3686 -1.5244 4
      vertex -19.2702 -1.47984 4
    endloop
  endfacet
  facet normal -0.412519 0.910949 0
    outer loop
      vertex -19.3686 -1.5244 4
      vertex -19.2702 -1.47984 0
      vertex -19.3686 -1.5244 0
    endloop
  endfacet
  facet normal -0.471501 0.881865 0
    outer loop
      vertex -19.175 -1.42894 0
      vertex -19.2702 -1.47984 4
      vertex -19.175 -1.42894 4
    endloop
  endfacet
  facet normal -0.471501 0.881865 0
    outer loop
      vertex -19.2702 -1.47984 4
      vertex -19.175 -1.42894 0
      vertex -19.2702 -1.47984 0
    endloop
  endfacet
  facet normal -0.032698 0.999465 0
    outer loop
      vertex -19.8921 -1.64647 0
      vertex -20 -1.65 4
      vertex -19.8921 -1.64647 4
    endloop
  endfacet
  facet normal -0.032698 0.999465 0
    outer loop
      vertex -20 -1.65 4
      vertex -19.8921 -1.64647 0
      vertex -20 -1.65 0
    endloop
  endfacet
  facet normal 0.936008 0.35198 0
    outer loop
      vertex -21.5244 -0.631427 4
      vertex -21.5624 -0.530375 0
      vertex -21.5624 -0.530375 4
    endloop
  endfacet
  facet normal 0.936008 0.35198 0
    outer loop
      vertex -21.5624 -0.530375 0
      vertex -21.5244 -0.631427 4
      vertex -21.5244 -0.631427 0
    endloop
  endfacet
  facet normal 0.290406 -0.956904 0
    outer loop
      vertex -20.5304 1.56243 0
      vertex -20.4271 1.59378 4
      vertex -20.5304 1.56243 4
    endloop
  endfacet
  facet normal 0.290406 -0.956904 0
    outer loop
      vertex -20.4271 1.59378 4
      vertex -20.5304 1.56243 0
      vertex -20.4271 1.59378 0
    endloop
  endfacet
  facet normal 0.999474 0.0324159 0
    outer loop
      vertex -21.6465 -0.107915 4
      vertex -21.65 0 0
      vertex -21.65 0 4
    endloop
  endfacet
  facet normal 0.999474 0.0324159 0
    outer loop
      vertex -21.65 0 0
      vertex -21.6465 -0.107915 4
      vertex -21.6465 -0.107915 0
    endloop
  endfacet
  facet normal -0.973914 0.226916 0
    outer loop
      vertex -18.4062 -0.427051 0
      vertex -18.3817 -0.321898 4
      vertex -18.3817 -0.321898 0
    endloop
  endfacet
  facet normal -0.973914 0.226916 0
    outer loop
      vertex -18.3817 -0.321898 4
      vertex -18.4062 -0.427051 0
      vertex -18.4062 -0.427051 4
    endloop
  endfacet
  facet normal -0.812822 -0.582512 0
    outer loop
      vertex -18.6281 0.916691 0
      vertex -18.691 1.00446 4
      vertex -18.691 1.00446 0
    endloop
  endfacet
  facet normal -0.812822 -0.582512 0
    outer loop
      vertex -18.691 1.00446 4
      vertex -18.6281 0.916691 0
      vertex -18.6281 0.916691 4
    endloop
  endfacet
  facet normal 0.812822 -0.582512 0
    outer loop
      vertex -21.3719 0.916691 4
      vertex -21.309 1.00446 0
      vertex -21.309 1.00446 4
    endloop
  endfacet
  facet normal 0.812822 -0.582512 0
    outer loop
      vertex -21.309 1.00446 0
      vertex -21.3719 0.916691 4
      vertex -21.3719 0.916691 0
    endloop
  endfacet
  facet normal 0.6347 -0.772759 0
    outer loop
      vertex -21.0879 1.24053 0
      vertex -21.0045 1.30903 4
      vertex -21.0879 1.24053 4
    endloop
  endfacet
  facet normal 0.6347 -0.772759 0
    outer loop
      vertex -21.0045 1.30903 4
      vertex -21.0879 1.24053 0
      vertex -21.0045 1.30903 0
    endloop
  endfacet
  facet normal 0.6347 0.772759 -0
    outer loop
      vertex -21.0045 -1.30903 0
      vertex -21.0879 -1.24053 4
      vertex -21.0045 -1.30903 4
    endloop
  endfacet
  facet normal 0.6347 0.772759 0
    outer loop
      vertex -21.0879 -1.24053 4
      vertex -21.0045 -1.30903 0
      vertex -21.0879 -1.24053 0
    endloop
  endfacet
  facet normal -0.812822 0.582512 0
    outer loop
      vertex -18.691 -1.00446 0
      vertex -18.6281 -0.916691 4
      vertex -18.6281 -0.916691 0
    endloop
  endfacet
  facet normal -0.812822 0.582512 0
    outer loop
      vertex -18.6281 -0.916691 4
      vertex -18.691 -1.00446 0
      vertex -18.691 -1.00446 4
    endloop
  endfacet
  facet normal 0.729927 0.683525 0
    outer loop
      vertex -21.1667 -1.16673 4
      vertex -21.2405 -1.08792 0
      vertex -21.2405 -1.08792 4
    endloop
  endfacet
  facet normal 0.729927 0.683525 0
    outer loop
      vertex -21.2405 -1.08792 0
      vertex -21.1667 -1.16673 4
      vertex -21.1667 -1.16673 0
    endloop
  endfacet
  facet normal 0.226995 0.973896 -0
    outer loop
      vertex -20.3219 -1.6183 0
      vertex -20.4271 -1.59378 4
      vertex -20.3219 -1.6183 4
    endloop
  endfacet
  facet normal 0.226995 0.973896 0
    outer loop
      vertex -20.4271 -1.59378 4
      vertex -20.3219 -1.6183 0
      vertex -20.4271 -1.59378 0
    endloop
  endfacet
  facet normal 0.999474 -0.0324159 0
    outer loop
      vertex -21.65 0 4
      vertex -21.6465 0.107915 0
      vertex -21.6465 0.107915 4
    endloop
  endfacet
  facet normal 0.999474 -0.0324159 0
    outer loop
      vertex -21.6465 0.107915 0
      vertex -21.65 0 4
      vertex -21.65 0 0
    endloop
  endfacet
  facet normal -0.729927 0.683525 0
    outer loop
      vertex -18.8333 -1.16673 0
      vertex -18.7595 -1.08792 4
      vertex -18.7595 -1.08792 0
    endloop
  endfacet
  facet normal -0.729927 0.683525 0
    outer loop
      vertex -18.7595 -1.08792 4
      vertex -18.8333 -1.16673 0
      vertex -18.8333 -1.16673 4
    endloop
  endfacet
  facet normal -0.729927 -0.683525 0
    outer loop
      vertex -18.7595 1.08792 0
      vertex -18.8333 1.16673 4
      vertex -18.8333 1.16673 0
    endloop
  endfacet
  facet normal -0.729927 -0.683525 0
    outer loop
      vertex -18.8333 1.16673 4
      vertex -18.7595 1.08792 0
      vertex -18.7595 1.08792 4
    endloop
  endfacet
  facet normal 0.973914 0.226916 0
    outer loop
      vertex -21.5938 -0.427051 4
      vertex -21.6183 -0.321898 0
      vertex -21.6183 -0.321898 4
    endloop
  endfacet
  facet normal 0.973914 0.226916 0
    outer loop
      vertex -21.6183 -0.321898 0
      vertex -21.5938 -0.427051 4
      vertex -21.5938 -0.427051 0
    endloop
  endfacet
  facet normal -0.772983 0.634427 0
    outer loop
      vertex -18.7595 -1.08792 0
      vertex -18.691 -1.00446 4
      vertex -18.691 -1.00446 0
    endloop
  endfacet
  facet normal -0.772983 0.634427 0
    outer loop
      vertex -18.691 -1.00446 4
      vertex -18.7595 -1.08792 0
      vertex -18.7595 -1.08792 4
    endloop
  endfacet
  facet normal 0.772983 -0.634427 0
    outer loop
      vertex -21.309 1.00446 4
      vertex -21.2405 1.08792 0
      vertex -21.2405 1.08792 4
    endloop
  endfacet
  facet normal 0.772983 -0.634427 0
    outer loop
      vertex -21.2405 1.08792 0
      vertex -21.309 1.00446 4
      vertex -21.309 1.00446 0
    endloop
  endfacet
  facet normal 0.471501 0.881865 -0
    outer loop
      vertex -20.7298 -1.47984 0
      vertex -20.825 -1.42894 4
      vertex -20.7298 -1.47984 4
    endloop
  endfacet
  facet normal 0.471501 0.881865 0
    outer loop
      vertex -20.825 -1.42894 4
      vertex -20.7298 -1.47984 0
      vertex -20.825 -1.42894 0
    endloop
  endfacet
  facet normal 0.995169 0.0981722 0
    outer loop
      vertex -21.6359 -0.215367 4
      vertex -21.6465 -0.107915 0
      vertex -21.6465 -0.107915 4
    endloop
  endfacet
  facet normal 0.995169 0.0981722 0
    outer loop
      vertex -21.6465 -0.107915 0
      vertex -21.6359 -0.215367 4
      vertex -21.6359 -0.215367 0
    endloop
  endfacet
  facet normal -0.032698 -0.999465 0
    outer loop
      vertex -20 1.65 0
      vertex -19.8921 1.64647 4
      vertex -20 1.65 4
    endloop
  endfacet
  facet normal -0.032698 -0.999465 -0
    outer loop
      vertex -19.8921 1.64647 4
      vertex -20 1.65 0
      vertex -19.8921 1.64647 0
    endloop
  endfacet
  facet normal -0.910728 0.413007 0
    outer loop
      vertex -18.5202 -0.729775 0
      vertex -18.4756 -0.631427 4
      vertex -18.4756 -0.631427 0
    endloop
  endfacet
  facet normal -0.910728 0.413007 0
    outer loop
      vertex -18.4756 -0.631427 4
      vertex -18.5202 -0.729775 0
      vertex -18.5202 -0.729775 4
    endloop
  endfacet
  facet normal 0.032698 -0.999465 0
    outer loop
      vertex -20.1079 1.64647 0
      vertex -20 1.65 4
      vertex -20.1079 1.64647 4
    endloop
  endfacet
  facet normal 0.032698 -0.999465 0
    outer loop
      vertex -20 1.65 4
      vertex -20.1079 1.64647 0
      vertex -20 1.65 0
    endloop
  endfacet
  facet normal 0.226995 -0.973896 0
    outer loop
      vertex -20.4271 1.59378 0
      vertex -20.3219 1.6183 4
      vertex -20.4271 1.59378 4
    endloop
  endfacet
  facet normal 0.226995 -0.973896 0
    outer loop
      vertex -20.3219 1.6183 4
      vertex -20.4271 1.59378 0
      vertex -20.3219 1.6183 0
    endloop
  endfacet
  facet normal -0.52805 0.849213 0
    outer loop
      vertex -19.0833 -1.37192 0
      vertex -19.175 -1.42894 4
      vertex -19.0833 -1.37192 4
    endloop
  endfacet
  facet normal -0.52805 0.849213 0
    outer loop
      vertex -19.175 -1.42894 4
      vertex -19.0833 -1.37192 0
      vertex -19.175 -1.42894 0
    endloop
  endfacet
  facet normal 0.910728 0.413007 0
    outer loop
      vertex -21.4798 -0.729775 4
      vertex -21.5244 -0.631427 0
      vertex -21.5244 -0.631427 4
    endloop
  endfacet
  facet normal 0.910728 0.413007 0
    outer loop
      vertex -21.5244 -0.631427 0
      vertex -21.4798 -0.729775 4
      vertex -21.4798 -0.729775 0
    endloop
  endfacet
  facet normal 0.956794 0.290768 0
    outer loop
      vertex -21.5624 -0.530375 4
      vertex -21.5938 -0.427051 0
      vertex -21.5938 -0.427051 4
    endloop
  endfacet
  facet normal 0.956794 0.290768 0
    outer loop
      vertex -21.5938 -0.427051 0
      vertex -21.5624 -0.530375 4
      vertex -21.5624 -0.530375 0
    endloop
  endfacet
  facet normal -0.226995 -0.973896 0
    outer loop
      vertex -19.6781 1.6183 0
      vertex -19.5729 1.59378 4
      vertex -19.6781 1.6183 4
    endloop
  endfacet
  facet normal -0.226995 -0.973896 -0
    outer loop
      vertex -19.5729 1.59378 4
      vertex -19.6781 1.6183 0
      vertex -19.5729 1.59378 0
    endloop
  endfacet
  facet normal -0.290406 -0.956904 0
    outer loop
      vertex -19.5729 1.59378 0
      vertex -19.4696 1.56243 4
      vertex -19.5729 1.59378 4
    endloop
  endfacet
  facet normal -0.290406 -0.956904 -0
    outer loop
      vertex -19.4696 1.56243 4
      vertex -19.5729 1.59378 0
      vertex -19.4696 1.56243 0
    endloop
  endfacet
  facet normal 0.0980371 0.995183 -0
    outer loop
      vertex -20.1079 -1.64647 0
      vertex -20.2154 -1.63588 4
      vertex -20.1079 -1.64647 4
    endloop
  endfacet
  facet normal 0.0980371 0.995183 0
    outer loop
      vertex -20.2154 -1.63588 4
      vertex -20.1079 -1.64647 0
      vertex -20.2154 -1.63588 0
    endloop
  endfacet
  facet normal 0.683571 0.729884 -0
    outer loop
      vertex -21.0879 -1.24053 0
      vertex -21.1667 -1.16673 4
      vertex -21.0879 -1.24053 4
    endloop
  endfacet
  facet normal 0.683571 0.729884 0
    outer loop
      vertex -21.1667 -1.16673 4
      vertex -21.0879 -1.24053 0
      vertex -21.1667 -1.16673 0
    endloop
  endfacet
  facet normal 0.729927 -0.683525 0
    outer loop
      vertex -21.2405 1.08792 4
      vertex -21.1667 1.16673 0
      vertex -21.1667 1.16673 4
    endloop
  endfacet
  facet normal 0.729927 -0.683525 0
    outer loop
      vertex -21.1667 1.16673 0
      vertex -21.2405 1.08792 4
      vertex -21.2405 1.08792 0
    endloop
  endfacet
  facet normal 0.910728 -0.413007 0
    outer loop
      vertex -21.5244 0.631427 4
      vertex -21.4798 0.729775 0
      vertex -21.4798 0.729775 4
    endloop
  endfacet
  facet normal 0.910728 -0.413007 0
    outer loop
      vertex -21.4798 0.729775 0
      vertex -21.5244 0.631427 4
      vertex -21.5244 0.631427 0
    endloop
  endfacet
  facet normal 0.471501 -0.881865 0
    outer loop
      vertex -20.825 1.42894 0
      vertex -20.7298 1.47984 4
      vertex -20.825 1.42894 4
    endloop
  endfacet
  facet normal 0.471501 -0.881865 0
    outer loop
      vertex -20.7298 1.47984 4
      vertex -20.825 1.42894 0
      vertex -20.7298 1.47984 0
    endloop
  endfacet
  facet normal 0.290385 -0.95691 0
    outer loop
      vertex -20.9643 2.84079 4
      vertex -20.7765 2.89778 6
      vertex -20.9643 2.84079 6
    endloop
  endfacet
  facet normal 0.290385 -0.95691 0
    outer loop
      vertex -20.7765 2.89778 6
      vertex -20.9643 2.84079 4
      vertex -20.7765 2.89778 4
    endloop
  endfacet
  facet normal -0.995156 -0.0983089 0
    outer loop
      vertex -17.0064 0.196209 4
      vertex -17.0257 0.391578 6
      vertex -17.0257 0.391578 4
    endloop
  endfacet
  facet normal -0.995156 -0.0983089 0
    outer loop
      vertex -17.0257 0.391578 6
      vertex -17.0064 0.196209 4
      vertex -17.0064 0.196209 6
    endloop
  endfacet
  facet normal -0.999468 -0.0326009 0
    outer loop
      vertex -17 0 4
      vertex -17.0064 0.196209 6
      vertex -17.0064 0.196209 4
    endloop
  endfacet
  facet normal -0.999468 -0.0326009 0
    outer loop
      vertex -17.0064 0.196209 6
      vertex -17 0 4
      vertex -17 0 6
    endloop
  endfacet
  facet normal -0.986708 -0.162504 0
    outer loop
      vertex -17.0257 0.391578 4
      vertex -17.0576 0.585271 6
      vertex -17.0576 0.585271 4
    endloop
  endfacet
  facet normal -0.986708 -0.162504 0
    outer loop
      vertex -17.0576 0.585271 6
      vertex -17.0257 0.391578 4
      vertex -17.0257 0.391578 6
    endloop
  endfacet
  facet normal -0.528102 0.849181 0
    outer loop
      vertex -18.3333 -2.49441 4
      vertex -18.5 -2.59808 6
      vertex -18.3333 -2.49441 6
    endloop
  endfacet
  facet normal -0.528102 0.849181 0
    outer loop
      vertex -18.5 -2.59808 6
      vertex -18.3333 -2.49441 4
      vertex -18.5 -2.59808 4
    endloop
  endfacet
  facet normal -0.471461 0.881887 0
    outer loop
      vertex -18.5 -2.59808 4
      vertex -18.6731 -2.69062 6
      vertex -18.5 -2.59808 6
    endloop
  endfacet
  facet normal -0.471461 0.881887 0
    outer loop
      vertex -18.6731 -2.69062 6
      vertex -18.5 -2.59808 4
      vertex -18.6731 -2.69062 4
    endloop
  endfacet
  facet normal -0.582418 0.812889 0
    outer loop
      vertex -18.1737 -2.38006 4
      vertex -18.3333 -2.49441 6
      vertex -18.1737 -2.38006 6
    endloop
  endfacet
  facet normal -0.582418 0.812889 0
    outer loop
      vertex -18.3333 -2.49441 6
      vertex -18.1737 -2.38006 4
      vertex -18.3333 -2.49441 4
    endloop
  endfacet
  facet normal -0.849127 -0.528189 0
    outer loop
      vertex -17.4019 1.5 4
      vertex -17.5056 1.66671 6
      vertex -17.5056 1.66671 4
    endloop
  endfacet
  facet normal -0.849127 -0.528189 0
    outer loop
      vertex -17.5056 1.66671 6
      vertex -17.4019 1.5 4
      vertex -17.4019 1.5 6
    endloop
  endfacet
  facet normal 0.0327042 0.999465 -0
    outer loop
      vertex -20 -3 4
      vertex -20.1962 -2.99358 6
      vertex -20 -3 6
    endloop
  endfacet
  facet normal 0.0327042 0.999465 0
    outer loop
      vertex -20.1962 -2.99358 6
      vertex -20 -3 4
      vertex -20.1962 -2.99358 4
    endloop
  endfacet
  facet normal -0.956922 0.290345 0
    outer loop
      vertex -17.1592 -0.964318 4
      vertex -17.1022 -0.776457 6
      vertex -17.1022 -0.776457 4
    endloop
  endfacet
  facet normal -0.956922 0.290345 0
    outer loop
      vertex -17.1022 -0.776457 6
      vertex -17.1592 -0.964318 4
      vertex -17.1592 -0.964318 6
    endloop
  endfacet
  facet normal -0.935825 -0.352465 0
    outer loop
      vertex -17.1592 0.964318 4
      vertex -17.2284 1.14805 6
      vertex -17.2284 1.14805 4
    endloop
  endfacet
  facet normal -0.935825 -0.352465 0
    outer loop
      vertex -17.2284 1.14805 6
      vertex -17.1592 0.964318 4
      vertex -17.1592 0.964318 6
    endloop
  endfacet
  facet normal -0.973853 -0.227181 0
    outer loop
      vertex -17.0576 0.585271 4
      vertex -17.1022 0.776457 6
      vertex -17.1022 0.776457 4
    endloop
  endfacet
  facet normal -0.973853 -0.227181 0
    outer loop
      vertex -17.1022 0.776457 6
      vertex -17.0576 0.585271 4
      vertex -17.0576 0.585271 6
    endloop
  endfacet
  facet normal 0.471461 0.881887 -0
    outer loop
      vertex -21.3269 -2.69062 4
      vertex -21.5 -2.59808 6
      vertex -21.3269 -2.69062 6
    endloop
  endfacet
  facet normal 0.471461 0.881887 0
    outer loop
      vertex -21.5 -2.59808 6
      vertex -21.3269 -2.69062 4
      vertex -21.5 -2.59808 4
    endloop
  endfacet
  facet normal 0.995156 -0.0983089 0
    outer loop
      vertex -22.9936 0.196209 6
      vertex -22.9743 0.391578 4
      vertex -22.9743 0.391578 6
    endloop
  endfacet
  facet normal 0.995156 -0.0983089 0
    outer loop
      vertex -22.9743 0.391578 4
      vertex -22.9936 0.196209 6
      vertex -22.9936 0.196209 4
    endloop
  endfacet
  facet normal 0.973853 -0.227181 0
    outer loop
      vertex -22.9424 0.585271 6
      vertex -22.8978 0.776457 4
      vertex -22.8978 0.776457 6
    endloop
  endfacet
  facet normal 0.973853 -0.227181 0
    outer loop
      vertex -22.8978 0.776457 4
      vertex -22.9424 0.585271 6
      vertex -22.9424 0.585271 4
    endloop
  endfacet
  facet normal -0.0327042 0.999465 0
    outer loop
      vertex -19.8038 -2.99358 4
      vertex -20 -3 6
      vertex -19.8038 -2.99358 6
    endloop
  endfacet
  facet normal -0.0327042 0.999465 0
    outer loop
      vertex -20 -3 6
      vertex -19.8038 -2.99358 4
      vertex -20 -3 4
    endloop
  endfacet
  facet normal -0.729855 -0.683602 0
    outer loop
      vertex -17.7445 1.97804 4
      vertex -17.8787 2.12132 6
      vertex -17.8787 2.12132 4
    endloop
  endfacet
  facet normal -0.729855 -0.683602 0
    outer loop
      vertex -17.8787 2.12132 6
      vertex -17.7445 1.97804 4
      vertex -17.7445 1.97804 6
    endloop
  endfacet
  facet normal 0.882006 -0.471239 0
    outer loop
      vertex -22.6906 1.32687 6
      vertex -22.5981 1.5 4
      vertex -22.5981 1.5 6
    endloop
  endfacet
  facet normal 0.882006 -0.471239 0
    outer loop
      vertex -22.5981 1.5 4
      vertex -22.6906 1.32687 6
      vertex -22.6906 1.32687 4
    endloop
  endfacet
  facet normal -0.582418 -0.812889 0
    outer loop
      vertex -18.3333 2.49441 4
      vertex -18.1737 2.38006 6
      vertex -18.3333 2.49441 6
    endloop
  endfacet
  facet normal -0.582418 -0.812889 -0
    outer loop
      vertex -18.1737 2.38006 6
      vertex -18.3333 2.49441 4
      vertex -18.1737 2.38006 4
    endloop
  endfacet
  facet normal 0.935825 0.352465 0
    outer loop
      vertex -22.7716 -1.14805 6
      vertex -22.8408 -0.964318 4
      vertex -22.8408 -0.964318 6
    endloop
  endfacet
  facet normal 0.935825 0.352465 0
    outer loop
      vertex -22.8408 -0.964318 4
      vertex -22.7716 -1.14805 6
      vertex -22.7716 -1.14805 4
    endloop
  endfacet
  facet normal 0.683551 -0.729902 0
    outer loop
      vertex -22.1213 2.12132 4
      vertex -21.978 2.25552 6
      vertex -22.1213 2.12132 6
    endloop
  endfacet
  facet normal 0.683551 -0.729902 0
    outer loop
      vertex -21.978 2.25552 6
      vertex -22.1213 2.12132 4
      vertex -21.978 2.25552 4
    endloop
  endfacet
  facet normal 0.849127 -0.528189 0
    outer loop
      vertex -22.5981 1.5 6
      vertex -22.4944 1.66671 4
      vertex -22.4944 1.66671 6
    endloop
  endfacet
  facet normal 0.849127 -0.528189 0
    outer loop
      vertex -22.4944 1.66671 4
      vertex -22.5981 1.5 6
      vertex -22.5981 1.5 4
    endloop
  endfacet
  facet normal -0.729855 0.683602 0
    outer loop
      vertex -17.8787 -2.12132 4
      vertex -17.7445 -1.97804 6
      vertex -17.7445 -1.97804 4
    endloop
  endfacet
  facet normal -0.729855 0.683602 0
    outer loop
      vertex -17.7445 -1.97804 6
      vertex -17.8787 -2.12132 4
      vertex -17.8787 -2.12132 6
    endloop
  endfacet
  facet normal 0.162846 0.986652 -0
    outer loop
      vertex -20.3916 -2.97433 4
      vertex -20.5853 -2.94236 6
      vertex -20.3916 -2.97433 6
    endloop
  endfacet
  facet normal 0.162846 0.986652 0
    outer loop
      vertex -20.5853 -2.94236 6
      vertex -20.3916 -2.97433 4
      vertex -20.5853 -2.94236 4
    endloop
  endfacet
  facet normal 0.849127 0.528189 0
    outer loop
      vertex -22.4944 -1.66671 6
      vertex -22.5981 -1.5 4
      vertex -22.5981 -1.5 6
    endloop
  endfacet
  facet normal 0.849127 0.528189 0
    outer loop
      vertex -22.5981 -1.5 4
      vertex -22.4944 -1.66671 6
      vertex -22.4944 -1.66671 4
    endloop
  endfacet
  facet normal 0.956922 0.290345 0
    outer loop
      vertex -22.8408 -0.964318 6
      vertex -22.8978 -0.776457 4
      vertex -22.8978 -0.776457 6
    endloop
  endfacet
  facet normal 0.956922 0.290345 0
    outer loop
      vertex -22.8978 -0.776457 4
      vertex -22.8408 -0.964318 6
      vertex -22.8408 -0.964318 4
    endloop
  endfacet
  facet normal -0.162846 0.986652 0
    outer loop
      vertex -19.4147 -2.94236 4
      vertex -19.6084 -2.97433 6
      vertex -19.4147 -2.94236 6
    endloop
  endfacet
  facet normal -0.162846 0.986652 0
    outer loop
      vertex -19.6084 -2.97433 6
      vertex -19.4147 -2.94236 4
      vertex -19.6084 -2.97433 4
    endloop
  endfacet
  facet normal 0.812958 -0.582322 0
    outer loop
      vertex -22.4944 1.66671 6
      vertex -22.3801 1.82628 4
      vertex -22.3801 1.82628 6
    endloop
  endfacet
  facet normal 0.812958 -0.582322 0
    outer loop
      vertex -22.3801 1.82628 4
      vertex -22.4944 1.66671 6
      vertex -22.4944 1.66671 4
    endloop
  endfacet
  facet normal -0.772876 -0.634557 0
    outer loop
      vertex -17.6199 1.82628 4
      vertex -17.7445 1.97804 6
      vertex -17.7445 1.97804 4
    endloop
  endfacet
  facet normal -0.772876 -0.634557 0
    outer loop
      vertex -17.7445 1.97804 6
      vertex -17.6199 1.82628 4
      vertex -17.6199 1.82628 6
    endloop
  endfacet
  facet normal 0.683551 0.729902 -0
    outer loop
      vertex -21.978 -2.25552 4
      vertex -22.1213 -2.12132 6
      vertex -21.978 -2.25552 6
    endloop
  endfacet
  facet normal 0.683551 0.729902 0
    outer loop
      vertex -22.1213 -2.12132 6
      vertex -21.978 -2.25552 4
      vertex -22.1213 -2.12132 4
    endloop
  endfacet
  facet normal 0.352296 -0.935889 0
    outer loop
      vertex -21.148 2.77164 4
      vertex -20.9643 2.84079 6
      vertex -21.148 2.77164 6
    endloop
  endfacet
  facet normal 0.352296 -0.935889 0
    outer loop
      vertex -20.9643 2.84079 6
      vertex -21.148 2.77164 4
      vertex -20.9643 2.84079 4
    endloop
  endfacet
  facet normal -0.352296 -0.935889 0
    outer loop
      vertex -19.0357 2.84079 4
      vertex -18.852 2.77164 6
      vertex -19.0357 2.84079 6
    endloop
  endfacet
  facet normal -0.352296 -0.935889 -0
    outer loop
      vertex -18.852 2.77164 6
      vertex -19.0357 2.84079 4
      vertex -18.852 2.77164 4
    endloop
  endfacet
  facet normal -0.0980413 0.995182 0
    outer loop
      vertex -19.6084 -2.97433 4
      vertex -19.8038 -2.99358 6
      vertex -19.6084 -2.97433 6
    endloop
  endfacet
  facet normal -0.0980413 0.995182 0
    outer loop
      vertex -19.8038 -2.99358 6
      vertex -19.6084 -2.97433 4
      vertex -19.8038 -2.99358 4
    endloop
  endfacet
  facet normal -0.528102 -0.849181 0
    outer loop
      vertex -18.5 2.59808 4
      vertex -18.3333 2.49441 6
      vertex -18.5 2.59808 6
    endloop
  endfacet
  facet normal -0.528102 -0.849181 -0
    outer loop
      vertex -18.3333 2.49441 6
      vertex -18.5 2.59808 4
      vertex -18.3333 2.49441 4
    endloop
  endfacet
  facet normal 0.995156 0.0983089 0
    outer loop
      vertex -22.9743 -0.391578 6
      vertex -22.9936 -0.196209 4
      vertex -22.9936 -0.196209 6
    endloop
  endfacet
  facet normal 0.995156 0.0983089 0
    outer loop
      vertex -22.9936 -0.196209 4
      vertex -22.9743 -0.391578 6
      vertex -22.9743 -0.391578 4
    endloop
  endfacet
  facet normal -0.986708 0.162504 0
    outer loop
      vertex -17.0576 -0.585271 4
      vertex -17.0257 -0.391578 6
      vertex -17.0257 -0.391578 4
    endloop
  endfacet
  facet normal -0.986708 0.162504 0
    outer loop
      vertex -17.0257 -0.391578 6
      vertex -17.0576 -0.585271 4
      vertex -17.0576 -0.585271 6
    endloop
  endfacet
  facet normal -0.812958 -0.582322 0
    outer loop
      vertex -17.5056 1.66671 4
      vertex -17.6199 1.82628 6
      vertex -17.6199 1.82628 4
    endloop
  endfacet
  facet normal -0.812958 -0.582322 0
    outer loop
      vertex -17.6199 1.82628 6
      vertex -17.5056 1.66671 4
      vertex -17.5056 1.66671 6
    endloop
  endfacet
  facet normal -0.634524 -0.772903 0
    outer loop
      vertex -18.1737 2.38006 4
      vertex -18.022 2.25552 6
      vertex -18.1737 2.38006 6
    endloop
  endfacet
  facet normal -0.634524 -0.772903 -0
    outer loop
      vertex -18.022 2.25552 6
      vertex -18.1737 2.38006 4
      vertex -18.022 2.25552 4
    endloop
  endfacet
  facet normal -0.849127 0.528189 0
    outer loop
      vertex -17.5056 -1.66671 4
      vertex -17.4019 -1.5 6
      vertex -17.4019 -1.5 4
    endloop
  endfacet
  facet normal -0.849127 0.528189 0
    outer loop
      vertex -17.4019 -1.5 6
      vertex -17.5056 -1.66671 4
      vertex -17.5056 -1.66671 6
    endloop
  endfacet
  facet normal -0.882006 -0.471239 0
    outer loop
      vertex -17.3094 1.32687 4
      vertex -17.4019 1.5 6
      vertex -17.4019 1.5 4
    endloop
  endfacet
  facet normal -0.882006 -0.471239 0
    outer loop
      vertex -17.4019 1.5 6
      vertex -17.3094 1.32687 4
      vertex -17.3094 1.32687 6
    endloop
  endfacet
  facet normal -0.910906 -0.412613 0
    outer loop
      vertex -17.2284 1.14805 4
      vertex -17.3094 1.32687 6
      vertex -17.3094 1.32687 4
    endloop
  endfacet
  facet normal -0.910906 -0.412613 0
    outer loop
      vertex -17.3094 1.32687 6
      vertex -17.2284 1.14805 4
      vertex -17.2284 1.14805 6
    endloop
  endfacet
  facet normal 0.528102 -0.849181 0
    outer loop
      vertex -21.6667 2.49441 4
      vertex -21.5 2.59808 6
      vertex -21.6667 2.49441 6
    endloop
  endfacet
  facet normal 0.528102 -0.849181 0
    outer loop
      vertex -21.5 2.59808 6
      vertex -21.6667 2.49441 4
      vertex -21.5 2.59808 4
    endloop
  endfacet
  facet normal -0.956922 -0.290345 0
    outer loop
      vertex -17.1022 0.776457 4
      vertex -17.1592 0.964318 6
      vertex -17.1592 0.964318 4
    endloop
  endfacet
  facet normal -0.956922 -0.290345 0
    outer loop
      vertex -17.1592 0.964318 6
      vertex -17.1022 0.776457 4
      vertex -17.1022 0.776457 6
    endloop
  endfacet
  facet normal -0.290385 0.95691 0
    outer loop
      vertex -19.0357 -2.84079 4
      vertex -19.2235 -2.89778 6
      vertex -19.0357 -2.84079 6
    endloop
  endfacet
  facet normal -0.290385 0.95691 0
    outer loop
      vertex -19.2235 -2.89778 6
      vertex -19.0357 -2.84079 4
      vertex -19.2235 -2.89778 4
    endloop
  endfacet
  facet normal -0.772876 0.634557 0
    outer loop
      vertex -17.7445 -1.97804 4
      vertex -17.6199 -1.82628 6
      vertex -17.6199 -1.82628 4
    endloop
  endfacet
  facet normal -0.772876 0.634557 0
    outer loop
      vertex -17.6199 -1.82628 6
      vertex -17.7445 -1.97804 4
      vertex -17.7445 -1.97804 6
    endloop
  endfacet
  facet normal -0.882006 0.471239 0
    outer loop
      vertex -17.4019 -1.5 4
      vertex -17.3094 -1.32687 6
      vertex -17.3094 -1.32687 4
    endloop
  endfacet
  facet normal -0.882006 0.471239 0
    outer loop
      vertex -17.3094 -1.32687 6
      vertex -17.4019 -1.5 4
      vertex -17.4019 -1.5 6
    endloop
  endfacet
  facet normal 0.634524 0.772903 -0
    outer loop
      vertex -21.8263 -2.38006 4
      vertex -21.978 -2.25552 6
      vertex -21.8263 -2.38006 6
    endloop
  endfacet
  facet normal 0.634524 0.772903 0
    outer loop
      vertex -21.978 -2.25552 6
      vertex -21.8263 -2.38006 4
      vertex -21.978 -2.25552 4
    endloop
  endfacet
  facet normal 0.0327042 -0.999465 0
    outer loop
      vertex -20.1962 2.99358 4
      vertex -20 3 6
      vertex -20.1962 2.99358 6
    endloop
  endfacet
  facet normal 0.0327042 -0.999465 0
    outer loop
      vertex -20 3 6
      vertex -20.1962 2.99358 4
      vertex -20 3 4
    endloop
  endfacet
  facet normal 0.973853 0.227181 0
    outer loop
      vertex -22.8978 -0.776457 6
      vertex -22.9424 -0.585271 4
      vertex -22.9424 -0.585271 6
    endloop
  endfacet
  facet normal 0.973853 0.227181 0
    outer loop
      vertex -22.9424 -0.585271 4
      vertex -22.8978 -0.776457 6
      vertex -22.8978 -0.776457 4
    endloop
  endfacet
  facet normal 0.729855 0.683602 0
    outer loop
      vertex -22.1213 -2.12132 6
      vertex -22.2555 -1.97804 4
      vertex -22.2555 -1.97804 6
    endloop
  endfacet
  facet normal 0.729855 0.683602 0
    outer loop
      vertex -22.2555 -1.97804 4
      vertex -22.1213 -2.12132 6
      vertex -22.1213 -2.12132 4
    endloop
  endfacet
  facet normal -0.973853 0.227181 0
    outer loop
      vertex -17.1022 -0.776457 4
      vertex -17.0576 -0.585271 6
      vertex -17.0576 -0.585271 4
    endloop
  endfacet
  facet normal -0.973853 0.227181 0
    outer loop
      vertex -17.0576 -0.585271 6
      vertex -17.1022 -0.776457 4
      vertex -17.1022 -0.776457 6
    endloop
  endfacet
  facet normal 0.935825 -0.352465 0
    outer loop
      vertex -22.8408 0.964318 6
      vertex -22.7716 1.14805 4
      vertex -22.7716 1.14805 6
    endloop
  endfacet
  facet normal 0.935825 -0.352465 0
    outer loop
      vertex -22.7716 1.14805 4
      vertex -22.8408 0.964318 6
      vertex -22.8408 0.964318 4
    endloop
  endfacet
  facet normal 0.162846 -0.986652 0
    outer loop
      vertex -20.5853 2.94236 4
      vertex -20.3916 2.97433 6
      vertex -20.5853 2.94236 6
    endloop
  endfacet
  facet normal 0.162846 -0.986652 0
    outer loop
      vertex -20.3916 2.97433 6
      vertex -20.5853 2.94236 4
      vertex -20.3916 2.97433 4
    endloop
  endfacet
  facet normal -0.352296 0.935889 0
    outer loop
      vertex -18.852 -2.77164 4
      vertex -19.0357 -2.84079 6
      vertex -18.852 -2.77164 6
    endloop
  endfacet
  facet normal -0.352296 0.935889 0
    outer loop
      vertex -19.0357 -2.84079 6
      vertex -18.852 -2.77164 4
      vertex -19.0357 -2.84079 4
    endloop
  endfacet
  facet normal 0.986708 0.162504 0
    outer loop
      vertex -22.9424 -0.585271 6
      vertex -22.9743 -0.391578 4
      vertex -22.9743 -0.391578 6
    endloop
  endfacet
  facet normal 0.986708 0.162504 0
    outer loop
      vertex -22.9743 -0.391578 4
      vertex -22.9424 -0.585271 6
      vertex -22.9424 -0.585271 4
    endloop
  endfacet
  facet normal -0.995156 0.0983089 0
    outer loop
      vertex -17.0257 -0.391578 4
      vertex -17.0064 -0.196209 6
      vertex -17.0064 -0.196209 4
    endloop
  endfacet
  facet normal -0.995156 0.0983089 0
    outer loop
      vertex -17.0064 -0.196209 6
      vertex -17.0257 -0.391578 4
      vertex -17.0257 -0.391578 6
    endloop
  endfacet
  facet normal 0.528102 0.849181 -0
    outer loop
      vertex -21.5 -2.59808 4
      vertex -21.6667 -2.49441 6
      vertex -21.5 -2.59808 6
    endloop
  endfacet
  facet normal 0.528102 0.849181 0
    outer loop
      vertex -21.6667 -2.49441 6
      vertex -21.5 -2.59808 4
      vertex -21.6667 -2.49441 4
    endloop
  endfacet
  facet normal 0.0980413 -0.995182 0
    outer loop
      vertex -20.3916 2.97433 4
      vertex -20.1962 2.99358 6
      vertex -20.3916 2.97433 6
    endloop
  endfacet
  facet normal 0.0980413 -0.995182 0
    outer loop
      vertex -20.1962 2.99358 6
      vertex -20.3916 2.97433 4
      vertex -20.1962 2.99358 4
    endloop
  endfacet
  facet normal -0.227069 -0.973879 0
    outer loop
      vertex -19.4147 2.94236 4
      vertex -19.2235 2.89778 6
      vertex -19.4147 2.94236 6
    endloop
  endfacet
  facet normal -0.227069 -0.973879 -0
    outer loop
      vertex -19.2235 2.89778 6
      vertex -19.4147 2.94236 4
      vertex -19.2235 2.89778 4
    endloop
  endfacet
  facet normal 0.0980413 0.995182 -0
    outer loop
      vertex -20.1962 -2.99358 4
      vertex -20.3916 -2.97433 6
      vertex -20.1962 -2.99358 6
    endloop
  endfacet
  facet normal 0.0980413 0.995182 0
    outer loop
      vertex -20.3916 -2.97433 6
      vertex -20.1962 -2.99358 4
      vertex -20.3916 -2.97433 4
    endloop
  endfacet
  facet normal -0.910906 0.412613 0
    outer loop
      vertex -17.3094 -1.32687 4
      vertex -17.2284 -1.14805 6
      vertex -17.2284 -1.14805 4
    endloop
  endfacet
  facet normal -0.910906 0.412613 0
    outer loop
      vertex -17.2284 -1.14805 6
      vertex -17.3094 -1.32687 4
      vertex -17.3094 -1.32687 6
    endloop
  endfacet
  facet normal -0.0980413 -0.995182 0
    outer loop
      vertex -19.8038 2.99358 4
      vertex -19.6084 2.97433 6
      vertex -19.8038 2.99358 6
    endloop
  endfacet
  facet normal -0.0980413 -0.995182 -0
    outer loop
      vertex -19.6084 2.97433 6
      vertex -19.8038 2.99358 4
      vertex -19.6084 2.97433 4
    endloop
  endfacet
  facet normal -0.812958 0.582322 0
    outer loop
      vertex -17.6199 -1.82628 4
      vertex -17.5056 -1.66671 6
      vertex -17.5056 -1.66671 4
    endloop
  endfacet
  facet normal -0.812958 0.582322 0
    outer loop
      vertex -17.5056 -1.66671 6
      vertex -17.6199 -1.82628 4
      vertex -17.6199 -1.82628 6
    endloop
  endfacet
  facet normal 0.634524 -0.772903 0
    outer loop
      vertex -21.978 2.25552 4
      vertex -21.8263 2.38006 6
      vertex -21.978 2.25552 6
    endloop
  endfacet
  facet normal 0.634524 -0.772903 0
    outer loop
      vertex -21.8263 2.38006 6
      vertex -21.978 2.25552 4
      vertex -21.8263 2.38006 4
    endloop
  endfacet
  facet normal -0.935825 0.352465 0
    outer loop
      vertex -17.2284 -1.14805 4
      vertex -17.1592 -0.964318 6
      vertex -17.1592 -0.964318 4
    endloop
  endfacet
  facet normal -0.935825 0.352465 0
    outer loop
      vertex -17.1592 -0.964318 6
      vertex -17.2284 -1.14805 4
      vertex -17.2284 -1.14805 6
    endloop
  endfacet
  facet normal 0.772876 0.634557 0
    outer loop
      vertex -22.2555 -1.97804 6
      vertex -22.3801 -1.82628 4
      vertex -22.3801 -1.82628 6
    endloop
  endfacet
  facet normal 0.772876 0.634557 0
    outer loop
      vertex -22.3801 -1.82628 4
      vertex -22.2555 -1.97804 6
      vertex -22.2555 -1.97804 4
    endloop
  endfacet
  facet normal -0.162846 -0.986652 0
    outer loop
      vertex -19.6084 2.97433 4
      vertex -19.4147 2.94236 6
      vertex -19.6084 2.97433 6
    endloop
  endfacet
  facet normal -0.162846 -0.986652 -0
    outer loop
      vertex -19.4147 2.94236 6
      vertex -19.6084 2.97433 4
      vertex -19.4147 2.94236 4
    endloop
  endfacet
  facet normal 0.812958 0.582322 0
    outer loop
      vertex -22.3801 -1.82628 6
      vertex -22.4944 -1.66671 4
      vertex -22.4944 -1.66671 6
    endloop
  endfacet
  facet normal 0.812958 0.582322 0
    outer loop
      vertex -22.4944 -1.66671 4
      vertex -22.3801 -1.82628 6
      vertex -22.3801 -1.82628 4
    endloop
  endfacet
  facet normal -0.471461 -0.881887 0
    outer loop
      vertex -18.6731 2.69062 4
      vertex -18.5 2.59808 6
      vertex -18.6731 2.69062 6
    endloop
  endfacet
  facet normal -0.471461 -0.881887 -0
    outer loop
      vertex -18.5 2.59808 6
      vertex -18.6731 2.69062 4
      vertex -18.5 2.59808 4
    endloop
  endfacet
  facet normal 0.412544 -0.910938 0
    outer loop
      vertex -21.3269 2.69062 4
      vertex -21.148 2.77164 6
      vertex -21.3269 2.69062 6
    endloop
  endfacet
  facet normal 0.412544 -0.910938 0
    outer loop
      vertex -21.148 2.77164 6
      vertex -21.3269 2.69062 4
      vertex -21.148 2.77164 4
    endloop
  endfacet
  facet normal 0.986708 -0.162504 0
    outer loop
      vertex -22.9743 0.391578 6
      vertex -22.9424 0.585271 4
      vertex -22.9424 0.585271 6
    endloop
  endfacet
  facet normal 0.986708 -0.162504 0
    outer loop
      vertex -22.9424 0.585271 4
      vertex -22.9743 0.391578 6
      vertex -22.9743 0.391578 4
    endloop
  endfacet
  facet normal 0.882006 0.471239 0
    outer loop
      vertex -22.5981 -1.5 6
      vertex -22.6906 -1.32687 4
      vertex -22.6906 -1.32687 6
    endloop
  endfacet
  facet normal 0.882006 0.471239 0
    outer loop
      vertex -22.6906 -1.32687 4
      vertex -22.5981 -1.5 6
      vertex -22.5981 -1.5 4
    endloop
  endfacet
  facet normal 0.910906 -0.412613 0
    outer loop
      vertex -22.7716 1.14805 6
      vertex -22.6906 1.32687 4
      vertex -22.6906 1.32687 6
    endloop
  endfacet
  facet normal 0.910906 -0.412613 0
    outer loop
      vertex -22.6906 1.32687 4
      vertex -22.7716 1.14805 6
      vertex -22.7716 1.14805 4
    endloop
  endfacet
  facet normal -0.0327042 -0.999465 0
    outer loop
      vertex -20 3 4
      vertex -19.8038 2.99358 6
      vertex -20 3 6
    endloop
  endfacet
  facet normal -0.0327042 -0.999465 -0
    outer loop
      vertex -19.8038 2.99358 6
      vertex -20 3 4
      vertex -19.8038 2.99358 4
    endloop
  endfacet
  facet normal -0.412544 0.910938 0
    outer loop
      vertex -18.6731 -2.69062 4
      vertex -18.852 -2.77164 6
      vertex -18.6731 -2.69062 6
    endloop
  endfacet
  facet normal -0.412544 0.910938 0
    outer loop
      vertex -18.852 -2.77164 6
      vertex -18.6731 -2.69062 4
      vertex -18.852 -2.77164 4
    endloop
  endfacet
  facet normal 0.910906 0.412613 0
    outer loop
      vertex -22.6906 -1.32687 6
      vertex -22.7716 -1.14805 4
      vertex -22.7716 -1.14805 6
    endloop
  endfacet
  facet normal 0.910906 0.412613 0
    outer loop
      vertex -22.7716 -1.14805 4
      vertex -22.6906 -1.32687 6
      vertex -22.6906 -1.32687 4
    endloop
  endfacet
  facet normal 0 0 1
    outer loop
      vertex -18.35 0 4
      vertex -17 0 4
      vertex -17.0064 0.196209 4
    endloop
  endfacet
  facet normal 0 0 1
    outer loop
      vertex -18.3535 0.107915 4
      vertex -17.0064 0.196209 4
      vertex -17.0257 0.391578 4
    endloop
  endfacet
  facet normal 0 0 1
    outer loop
      vertex -17 0 4
      vertex -18.35 0 4
      vertex -17.0064 -0.196209 4
    endloop
  endfacet
  facet normal 0 0 1
    outer loop
      vertex -18.3641 0.215367 4
      vertex -17.0257 0.391578 4
      vertex -17.0576 0.585271 4
    endloop
  endfacet
  facet normal -0 0 1
    outer loop
      vertex -18.3535 -0.107915 4
      vertex -17.0064 -0.196209 4
      vertex -18.35 0 4
    endloop
  endfacet
  facet normal 0 0 1
    outer loop
      vertex -18.3817 0.321898 4
      vertex -17.0576 0.585271 4
      vertex -17.1022 0.776457 4
    endloop
  endfacet
  facet normal 0 0 1
    outer loop
      vertex -17.0064 -0.196209 4
      vertex -18.3535 -0.107915 4
      vertex -17.0257 -0.391578 4
    endloop
  endfacet
  facet normal 0 0 1
    outer loop
      vertex -18.4062 0.427051 4
      vertex -17.1022 0.776457 4
      vertex -17.1592 0.964318 4
    endloop
  endfacet
  facet normal -0 0 1
    outer loop
      vertex -18.3641 -0.215367 4
      vertex -17.0257 -0.391578 4
      vertex -18.3535 -0.107915 4
    endloop
  endfacet
  facet normal 0 0 1
    outer loop
      vertex -18.4376 0.530375 4
      vertex -17.1592 0.964318 4
      vertex -17.2284 1.14805 4
    endloop
  endfacet
  facet normal 0 0 1
    outer loop
      vertex -17.0257 -0.391578 4
      vertex -18.3641 -0.215367 4
      vertex -17.0576 -0.585271 4
    endloop
  endfacet
  facet normal 0 0 1
    outer loop
      vertex -18.4756 0.631427 4
      vertex -17.2284 1.14805 4
      vertex -17.3094 1.32687 4
    endloop
  endfacet
  facet normal -0 0 1
    outer loop
      vertex -18.3817 -0.321898 4
      vertex -17.0576 -0.585271 4
      vertex -18.3641 -0.215367 4
    endloop
  endfacet
  facet normal 0 0 1
    outer loop
      vertex -18.5202 0.729775 4
      vertex -17.3094 1.32687 4
      vertex -17.4019 1.5 4
    endloop
  endfacet
  facet normal 0 0 1
    outer loop
      vertex -17.0576 -0.585271 4
      vertex -18.3817 -0.321898 4
      vertex -17.1022 -0.776457 4
    endloop
  endfacet
  facet normal 0 0 1
    outer loop
      vertex -18.5711 0.825 4
      vertex -17.4019 1.5 4
      vertex -17.5056 1.66671 4
    endloop
  endfacet
  facet normal -0 0 1
    outer loop
      vertex -18.4062 -0.427051 4
      vertex -17.1022 -0.776457 4
      vertex -18.3817 -0.321898 4
    endloop
  endfacet
  facet normal 0 0 1
    outer loop
      vertex -18.6281 0.916691 4
      vertex -17.5056 1.66671 4
      vertex -17.6199 1.82628 4
    endloop
  endfacet
  facet normal 0 0 1
    outer loop
      vertex -17.1022 -0.776457 4
      vertex -18.4062 -0.427051 4
      vertex -17.1592 -0.964318 4
    endloop
  endfacet
  facet normal 0 0 1
    outer loop
      vertex -18.691 1.00446 4
      vertex -17.6199 1.82628 4
      vertex -17.7445 1.97804 4
    endloop
  endfacet
  facet normal -0 0 1
    outer loop
      vertex -18.4376 -0.530375 4
      vertex -17.1592 -0.964318 4
      vertex -18.4062 -0.427051 4
    endloop
  endfacet
  facet normal 0 0 1
    outer loop
      vertex -18.7595 1.08792 4
      vertex -17.7445 1.97804 4
      vertex -17.8787 2.12132 4
    endloop
  endfacet
  facet normal 0 0 1
    outer loop
      vertex -17.1592 -0.964318 4
      vertex -18.4376 -0.530375 4
      vertex -17.2284 -1.14805 4
    endloop
  endfacet
  facet normal 0 0 1
    outer loop
      vertex -18.8333 1.16673 4
      vertex -17.8787 2.12132 4
      vertex -18.022 2.25552 4
    endloop
  endfacet
  facet normal -0 0 1
    outer loop
      vertex -18.4756 -0.631427 4
      vertex -17.2284 -1.14805 4
      vertex -18.4376 -0.530375 4
    endloop
  endfacet
  facet normal 0 0 1
    outer loop
      vertex -18.9121 1.24053 4
      vertex -18.022 2.25552 4
      vertex -18.1737 2.38006 4
    endloop
  endfacet
  facet normal 0 0 1
    outer loop
      vertex -17.2284 -1.14805 4
      vertex -18.4756 -0.631427 4
      vertex -17.3094 -1.32687 4
    endloop
  endfacet
  facet normal 0 0 1
    outer loop
      vertex -18.9955 1.30903 4
      vertex -18.1737 2.38006 4
      vertex -18.3333 2.49441 4
    endloop
  endfacet
  facet normal -0 0 1
    outer loop
      vertex -18.5202 -0.729775 4
      vertex -17.3094 -1.32687 4
      vertex -18.4756 -0.631427 4
    endloop
  endfacet
  facet normal 0 0 1
    outer loop
      vertex -17.3094 -1.32687 4
      vertex -18.5202 -0.729775 4
      vertex -17.4019 -1.5 4
    endloop
  endfacet
  facet normal 0 0 1
    outer loop
      vertex -17.0064 0.196209 4
      vertex -18.3535 0.107915 4
      vertex -18.35 0 4
    endloop
  endfacet
  facet normal 0 0 1
    outer loop
      vertex -17.0257 0.391578 4
      vertex -18.3641 0.215367 4
      vertex -18.3535 0.107915 4
    endloop
  endfacet
  facet normal 0 0 1
    outer loop
      vertex -17.0576 0.585271 4
      vertex -18.3817 0.321898 4
      vertex -18.3641 0.215367 4
    endloop
  endfacet
  facet normal 0 0 1
    outer loop
      vertex -17.1022 0.776457 4
      vertex -18.4062 0.427051 4
      vertex -18.3817 0.321898 4
    endloop
  endfacet
  facet normal 0 0 1
    outer loop
      vertex -17.1592 0.964318 4
      vertex -18.4376 0.530375 4
      vertex -18.4062 0.427051 4
    endloop
  endfacet
  facet normal 0 0 1
    outer loop
      vertex -17.2284 1.14805 4
      vertex -18.4756 0.631427 4
      vertex -18.4376 0.530375 4
    endloop
  endfacet
  facet normal 0 0 1
    outer loop
      vertex -19.0833 1.37192 4
      vertex -18.3333 2.49441 4
      vertex -18.5 2.59808 4
    endloop
  endfacet
  facet normal 0 0 1
    outer loop
      vertex -17.3094 1.32687 4
      vertex -18.5202 0.729775 4
      vertex -18.4756 0.631427 4
    endloop
  endfacet
  facet normal 0 0 1
    outer loop
      vertex -17.4019 1.5 4
      vertex -18.5711 0.825 4
      vertex -18.5202 0.729775 4
    endloop
  endfacet
  facet normal 0 0 1
    outer loop
      vertex -17.5056 1.66671 4
      vertex -18.6281 0.916691 4
      vertex -18.5711 0.825 4
    endloop
  endfacet
  facet normal 0 0 1
    outer loop
      vertex -19.175 1.42894 4
      vertex -18.5 2.59808 4
      vertex -18.6731 2.69062 4
    endloop
  endfacet
  facet normal 0 0 1
    outer loop
      vertex -17.6199 1.82628 4
      vertex -18.691 1.00446 4
      vertex -18.6281 0.916691 4
    endloop
  endfacet
  facet normal 0 0 1
    outer loop
      vertex -17.7445 1.97804 4
      vertex -18.7595 1.08792 4
      vertex -18.691 1.00446 4
    endloop
  endfacet
  facet normal 0 0 1
    outer loop
      vertex -17.8787 2.12132 4
      vertex -18.8333 1.16673 4
      vertex -18.7595 1.08792 4
    endloop
  endfacet
  facet normal 0 0 1
    outer loop
      vertex -19.2702 1.47984 4
      vertex -18.6731 2.69062 4
      vertex -18.852 2.77164 4
    endloop
  endfacet
  facet normal 0 0 1
    outer loop
      vertex -18.022 2.25552 4
      vertex -18.9121 1.24053 4
      vertex -18.8333 1.16673 4
    endloop
  endfacet
  facet normal 0 0 1
    outer loop
      vertex -18.1737 2.38006 4
      vertex -18.9955 1.30903 4
      vertex -18.9121 1.24053 4
    endloop
  endfacet
  facet normal 0 0 1
    outer loop
      vertex -19.3686 1.5244 4
      vertex -18.852 2.77164 4
      vertex -19.0357 2.84079 4
    endloop
  endfacet
  facet normal 0 0 1
    outer loop
      vertex -18.3333 2.49441 4
      vertex -19.0833 1.37192 4
      vertex -18.9955 1.30903 4
    endloop
  endfacet
  facet normal 0 0 1
    outer loop
      vertex -18.5 2.59808 4
      vertex -19.175 1.42894 4
      vertex -19.0833 1.37192 4
    endloop
  endfacet
  facet normal 0 0 1
    outer loop
      vertex -19.4696 1.56243 4
      vertex -19.0357 2.84079 4
      vertex -19.2235 2.89778 4
    endloop
  endfacet
  facet normal 0 0 1
    outer loop
      vertex -18.6731 2.69062 4
      vertex -19.2702 1.47984 4
      vertex -19.175 1.42894 4
    endloop
  endfacet
  facet normal 0 0 1
    outer loop
      vertex -18.852 2.77164 4
      vertex -19.3686 1.5244 4
      vertex -19.2702 1.47984 4
    endloop
  endfacet
  facet normal 0 0 1
    outer loop
      vertex -19.5729 1.59378 4
      vertex -19.2235 2.89778 4
      vertex -19.4147 2.94236 4
    endloop
  endfacet
  facet normal 0 0 1
    outer loop
      vertex -19.0357 2.84079 4
      vertex -19.4696 1.56243 4
      vertex -19.3686 1.5244 4
    endloop
  endfacet
  facet normal 0 0 1
    outer loop
      vertex -19.2235 2.89778 4
      vertex -19.5729 1.59378 4
      vertex -19.4696 1.56243 4
    endloop
  endfacet
  facet normal 0 0 1
    outer loop
      vertex -19.6781 1.6183 4
      vertex -19.4147 2.94236 4
      vertex -19.6084 2.97433 4
    endloop
  endfacet
  facet normal 0 0 1
    outer loop
      vertex -19.4147 2.94236 4
      vertex -19.6781 1.6183 4
      vertex -19.5729 1.59378 4
    endloop
  endfacet
  facet normal 0 0 1
    outer loop
      vertex -19.6084 2.97433 4
      vertex -19.7846 1.63588 4
      vertex -19.6781 1.6183 4
    endloop
  endfacet
  facet normal 0 0 1
    outer loop
      vertex -19.8038 2.99358 4
      vertex -19.7846 1.63588 4
      vertex -19.6084 2.97433 4
    endloop
  endfacet
  facet normal 0 0 1
    outer loop
      vertex -19.8038 2.99358 4
      vertex -19.8921 1.64647 4
      vertex -19.7846 1.63588 4
    endloop
  endfacet
  facet normal 0 0 1
    outer loop
      vertex -20 3 4
      vertex -19.8921 1.64647 4
      vertex -19.8038 2.99358 4
    endloop
  endfacet
  facet normal 0 0 1
    outer loop
      vertex -20 3 4
      vertex -20 1.65 4
      vertex -19.8921 1.64647 4
    endloop
  endfacet
  facet normal 0 0 1
    outer loop
      vertex -20 3 4
      vertex -20.1079 1.64647 4
      vertex -20 1.65 4
    endloop
  endfacet
  facet normal -0 0 1
    outer loop
      vertex -20.1962 2.99358 4
      vertex -20.1079 1.64647 4
      vertex -20 3 4
    endloop
  endfacet
  facet normal 0 0 1
    outer loop
      vertex -20.1962 2.99358 4
      vertex -20.2154 1.63588 4
      vertex -20.1079 1.64647 4
    endloop
  endfacet
  facet normal -0 0 1
    outer loop
      vertex -20.3916 2.97433 4
      vertex -20.2154 1.63588 4
      vertex -20.1962 2.99358 4
    endloop
  endfacet
  facet normal 0 0 1
    outer loop
      vertex -20.2154 1.63588 4
      vertex -20.3916 2.97433 4
      vertex -20.3219 1.6183 4
    endloop
  endfacet
  facet normal -0 0 1
    outer loop
      vertex -20.5853 2.94236 4
      vertex -20.3219 1.6183 4
      vertex -20.3916 2.97433 4
    endloop
  endfacet
  facet normal 0 0 1
    outer loop
      vertex -20.3219 1.6183 4
      vertex -20.5853 2.94236 4
      vertex -20.4271 1.59378 4
    endloop
  endfacet
  facet normal -0 0 1
    outer loop
      vertex -20.7765 2.89778 4
      vertex -20.4271 1.59378 4
      vertex -20.5853 2.94236 4
    endloop
  endfacet
  facet normal 0 0 1
    outer loop
      vertex -20.4271 1.59378 4
      vertex -20.7765 2.89778 4
      vertex -20.5304 1.56243 4
    endloop
  endfacet
  facet normal -0 0 1
    outer loop
      vertex -20.9643 2.84079 4
      vertex -20.5304 1.56243 4
      vertex -20.7765 2.89778 4
    endloop
  endfacet
  facet normal 0 0 1
    outer loop
      vertex -20.5304 1.56243 4
      vertex -20.9643 2.84079 4
      vertex -20.6314 1.5244 4
    endloop
  endfacet
  facet normal -0 0 1
    outer loop
      vertex -21.148 2.77164 4
      vertex -20.6314 1.5244 4
      vertex -20.9643 2.84079 4
    endloop
  endfacet
  facet normal 0 0 1
    outer loop
      vertex -20.6314 1.5244 4
      vertex -21.148 2.77164 4
      vertex -20.7298 1.47984 4
    endloop
  endfacet
  facet normal -0 0 1
    outer loop
      vertex -21.3269 2.69062 4
      vertex -20.7298 1.47984 4
      vertex -21.148 2.77164 4
    endloop
  endfacet
  facet normal 0 0 1
    outer loop
      vertex -20.7298 1.47984 4
      vertex -21.3269 2.69062 4
      vertex -20.825 1.42894 4
    endloop
  endfacet
  facet normal -0 0 1
    outer loop
      vertex -21.5 2.59808 4
      vertex -20.825 1.42894 4
      vertex -21.3269 2.69062 4
    endloop
  endfacet
  facet normal 0 0 1
    outer loop
      vertex -20.825 1.42894 4
      vertex -21.5 2.59808 4
      vertex -20.9167 1.37192 4
    endloop
  endfacet
  facet normal -0 0 1
    outer loop
      vertex -21.6667 2.49441 4
      vertex -20.9167 1.37192 4
      vertex -21.5 2.59808 4
    endloop
  endfacet
  facet normal 0 0 1
    outer loop
      vertex -20.9167 1.37192 4
      vertex -21.6667 2.49441 4
      vertex -21.0045 1.30903 4
    endloop
  endfacet
  facet normal -0 0 1
    outer loop
      vertex -21.8263 2.38006 4
      vertex -21.0045 1.30903 4
      vertex -21.6667 2.49441 4
    endloop
  endfacet
  facet normal 0 0 1
    outer loop
      vertex -21.0045 1.30903 4
      vertex -21.8263 2.38006 4
      vertex -21.0879 1.24053 4
    endloop
  endfacet
  facet normal -0 0 1
    outer loop
      vertex -21.978 2.25552 4
      vertex -21.0879 1.24053 4
      vertex -21.8263 2.38006 4
    endloop
  endfacet
  facet normal 0 0 1
    outer loop
      vertex -21.0879 1.24053 4
      vertex -21.978 2.25552 4
      vertex -21.1667 1.16673 4
    endloop
  endfacet
  facet normal -0 0 1
    outer loop
      vertex -22.1213 2.12132 4
      vertex -21.1667 1.16673 4
      vertex -21.978 2.25552 4
    endloop
  endfacet
  facet normal 0 0 1
    outer loop
      vertex -21.1667 1.16673 4
      vertex -22.1213 2.12132 4
      vertex -21.2405 1.08792 4
    endloop
  endfacet
  facet normal -0 0 1
    outer loop
      vertex -22.2555 1.97804 4
      vertex -21.2405 1.08792 4
      vertex -22.1213 2.12132 4
    endloop
  endfacet
  facet normal 0 0 1
    outer loop
      vertex -21.2405 1.08792 4
      vertex -22.2555 1.97804 4
      vertex -21.309 1.00446 4
    endloop
  endfacet
  facet normal -0 0 1
    outer loop
      vertex -22.3801 1.82628 4
      vertex -21.309 1.00446 4
      vertex -22.2555 1.97804 4
    endloop
  endfacet
  facet normal 0 0 1
    outer loop
      vertex -21.309 1.00446 4
      vertex -22.3801 1.82628 4
      vertex -21.3719 0.916691 4
    endloop
  endfacet
  facet normal -0 0 1
    outer loop
      vertex -22.4944 1.66671 4
      vertex -21.3719 0.916691 4
      vertex -22.3801 1.82628 4
    endloop
  endfacet
  facet normal 0 0 1
    outer loop
      vertex -21.3719 0.916691 4
      vertex -22.4944 1.66671 4
      vertex -21.4289 0.825 4
    endloop
  endfacet
  facet normal 0 0 1
    outer loop
      vertex -21.4289 0.825 4
      vertex -22.5981 1.5 4
      vertex -21.4798 0.729775 4
    endloop
  endfacet
  facet normal -0 0 1
    outer loop
      vertex -22.5981 1.5 4
      vertex -21.4289 0.825 4
      vertex -22.4944 1.66671 4
    endloop
  endfacet
  facet normal -0 0 1
    outer loop
      vertex -18.5711 -0.825 4
      vertex -17.4019 -1.5 4
      vertex -18.5202 -0.729775 4
    endloop
  endfacet
  facet normal 0 0 1
    outer loop
      vertex -17.4019 -1.5 4
      vertex -18.5711 -0.825 4
      vertex -17.5056 -1.66671 4
    endloop
  endfacet
  facet normal -0 0 1
    outer loop
      vertex -18.6281 -0.916691 4
      vertex -17.5056 -1.66671 4
      vertex -18.5711 -0.825 4
    endloop
  endfacet
  facet normal 0 0 1
    outer loop
      vertex -17.5056 -1.66671 4
      vertex -18.6281 -0.916691 4
      vertex -17.6199 -1.82628 4
    endloop
  endfacet
  facet normal -0 0 1
    outer loop
      vertex -18.691 -1.00446 4
      vertex -17.6199 -1.82628 4
      vertex -18.6281 -0.916691 4
    endloop
  endfacet
  facet normal 0 0 1
    outer loop
      vertex -17.6199 -1.82628 4
      vertex -18.691 -1.00446 4
      vertex -17.7445 -1.97804 4
    endloop
  endfacet
  facet normal -0 0 1
    outer loop
      vertex -18.7595 -1.08792 4
      vertex -17.7445 -1.97804 4
      vertex -18.691 -1.00446 4
    endloop
  endfacet
  facet normal 0 0 1
    outer loop
      vertex -17.7445 -1.97804 4
      vertex -18.7595 -1.08792 4
      vertex -17.8787 -2.12132 4
    endloop
  endfacet
  facet normal -0 0 1
    outer loop
      vertex -18.8333 -1.16673 4
      vertex -17.8787 -2.12132 4
      vertex -18.7595 -1.08792 4
    endloop
  endfacet
  facet normal 0 0 1
    outer loop
      vertex -17.8787 -2.12132 4
      vertex -18.8333 -1.16673 4
      vertex -18.022 -2.25552 4
    endloop
  endfacet
  facet normal -0 0 1
    outer loop
      vertex -18.9121 -1.24053 4
      vertex -18.022 -2.25552 4
      vertex -18.8333 -1.16673 4
    endloop
  endfacet
  facet normal 0 0 1
    outer loop
      vertex -18.022 -2.25552 4
      vertex -18.9121 -1.24053 4
      vertex -18.1737 -2.38006 4
    endloop
  endfacet
  facet normal -0 0 1
    outer loop
      vertex -18.9955 -1.30903 4
      vertex -18.1737 -2.38006 4
      vertex -18.9121 -1.24053 4
    endloop
  endfacet
  facet normal 0 0 1
    outer loop
      vertex -18.1737 -2.38006 4
      vertex -18.9955 -1.30903 4
      vertex -18.3333 -2.49441 4
    endloop
  endfacet
  facet normal -0 0 1
    outer loop
      vertex -19.0833 -1.37192 4
      vertex -18.3333 -2.49441 4
      vertex -18.9955 -1.30903 4
    endloop
  endfacet
  facet normal 0 0 1
    outer loop
      vertex -18.3333 -2.49441 4
      vertex -19.0833 -1.37192 4
      vertex -18.5 -2.59808 4
    endloop
  endfacet
  facet normal -0 0 1
    outer loop
      vertex -19.175 -1.42894 4
      vertex -18.5 -2.59808 4
      vertex -19.0833 -1.37192 4
    endloop
  endfacet
  facet normal 0 0 1
    outer loop
      vertex -18.5 -2.59808 4
      vertex -19.175 -1.42894 4
      vertex -18.6731 -2.69062 4
    endloop
  endfacet
  facet normal -0 0 1
    outer loop
      vertex -19.2702 -1.47984 4
      vertex -18.6731 -2.69062 4
      vertex -19.175 -1.42894 4
    endloop
  endfacet
  facet normal 0 0 1
    outer loop
      vertex -18.6731 -2.69062 4
      vertex -19.2702 -1.47984 4
      vertex -18.852 -2.77164 4
    endloop
  endfacet
  facet normal -0 0 1
    outer loop
      vertex -19.3686 -1.5244 4
      vertex -18.852 -2.77164 4
      vertex -19.2702 -1.47984 4
    endloop
  endfacet
  facet normal 0 0 1
    outer loop
      vertex -18.852 -2.77164 4
      vertex -19.3686 -1.5244 4
      vertex -19.0357 -2.84079 4
    endloop
  endfacet
  facet normal -0 0 1
    outer loop
      vertex -19.4696 -1.56243 4
      vertex -19.0357 -2.84079 4
      vertex -19.3686 -1.5244 4
    endloop
  endfacet
  facet normal 0 0 1
    outer loop
      vertex -19.0357 -2.84079 4
      vertex -19.4696 -1.56243 4
      vertex -19.2235 -2.89778 4
    endloop
  endfacet
  facet normal -0 0 1
    outer loop
      vertex -19.5729 -1.59378 4
      vertex -19.2235 -2.89778 4
      vertex -19.4696 -1.56243 4
    endloop
  endfacet
  facet normal 0 0 1
    outer loop
      vertex -19.2235 -2.89778 4
      vertex -19.5729 -1.59378 4
      vertex -19.4147 -2.94236 4
    endloop
  endfacet
  facet normal -0 0 1
    outer loop
      vertex -19.6781 -1.6183 4
      vertex -19.4147 -2.94236 4
      vertex -19.5729 -1.59378 4
    endloop
  endfacet
  facet normal 0 0 1
    outer loop
      vertex -19.4147 -2.94236 4
      vertex -19.6781 -1.6183 4
      vertex -19.6084 -2.97433 4
    endloop
  endfacet
  facet normal -0 0 1
    outer loop
      vertex -19.7846 -1.63588 4
      vertex -19.6084 -2.97433 4
      vertex -19.6781 -1.6183 4
    endloop
  endfacet
  facet normal 0 0 1
    outer loop
      vertex -19.7846 -1.63588 4
      vertex -19.8038 -2.99358 4
      vertex -19.6084 -2.97433 4
    endloop
  endfacet
  facet normal -0 0 1
    outer loop
      vertex -19.8921 -1.64647 4
      vertex -19.8038 -2.99358 4
      vertex -19.7846 -1.63588 4
    endloop
  endfacet
  facet normal -0 0 1
    outer loop
      vertex -20 -1.65 4
      vertex -19.8038 -2.99358 4
      vertex -19.8921 -1.64647 4
    endloop
  endfacet
  facet normal 0 0 1
    outer loop
      vertex -20 -1.65 4
      vertex -20 -3 4
      vertex -19.8038 -2.99358 4
    endloop
  endfacet
  facet normal 0 0 1
    outer loop
      vertex -20.1079 -1.64647 4
      vertex -20 -3 4
      vertex -20 -1.65 4
    endloop
  endfacet
  facet normal 0 0 1
    outer loop
      vertex -20.1079 -1.64647 4
      vertex -20.1962 -2.99358 4
      vertex -20 -3 4
    endloop
  endfacet
  facet normal 0 0 1
    outer loop
      vertex -20.2154 -1.63588 4
      vertex -20.1962 -2.99358 4
      vertex -20.1079 -1.64647 4
    endloop
  endfacet
  facet normal 0 0 1
    outer loop
      vertex -20.3916 -2.97433 4
      vertex -20.2154 -1.63588 4
      vertex -20.3219 -1.6183 4
    endloop
  endfacet
  facet normal 0 0 1
    outer loop
      vertex -20.2154 -1.63588 4
      vertex -20.3916 -2.97433 4
      vertex -20.1962 -2.99358 4
    endloop
  endfacet
  facet normal 0 0 1
    outer loop
      vertex -20.5853 -2.94236 4
      vertex -20.3219 -1.6183 4
      vertex -20.4271 -1.59378 4
    endloop
  endfacet
  facet normal 0 0 1
    outer loop
      vertex -20.7765 -2.89778 4
      vertex -20.4271 -1.59378 4
      vertex -20.5304 -1.56243 4
    endloop
  endfacet
  facet normal 0 0 1
    outer loop
      vertex -20.3219 -1.6183 4
      vertex -20.5853 -2.94236 4
      vertex -20.3916 -2.97433 4
    endloop
  endfacet
  facet normal 0 0 1
    outer loop
      vertex -20.9643 -2.84079 4
      vertex -20.5304 -1.56243 4
      vertex -20.6314 -1.5244 4
    endloop
  endfacet
  facet normal 0 0 1
    outer loop
      vertex -21.148 -2.77164 4
      vertex -20.6314 -1.5244 4
      vertex -20.7298 -1.47984 4
    endloop
  endfacet
  facet normal 0 0 1
    outer loop
      vertex -20.4271 -1.59378 4
      vertex -20.7765 -2.89778 4
      vertex -20.5853 -2.94236 4
    endloop
  endfacet
  facet normal 0 0 1
    outer loop
      vertex -21.3269 -2.69062 4
      vertex -20.7298 -1.47984 4
      vertex -20.825 -1.42894 4
    endloop
  endfacet
  facet normal 0 0 1
    outer loop
      vertex -21.5 -2.59808 4
      vertex -20.825 -1.42894 4
      vertex -20.9167 -1.37192 4
    endloop
  endfacet
  facet normal 0 0 1
    outer loop
      vertex -20.5304 -1.56243 4
      vertex -20.9643 -2.84079 4
      vertex -20.7765 -2.89778 4
    endloop
  endfacet
  facet normal 0 0 1
    outer loop
      vertex -21.6667 -2.49441 4
      vertex -20.9167 -1.37192 4
      vertex -21.0045 -1.30903 4
    endloop
  endfacet
  facet normal 0 0 1
    outer loop
      vertex -21.8263 -2.38006 4
      vertex -21.0045 -1.30903 4
      vertex -21.0879 -1.24053 4
    endloop
  endfacet
  facet normal 0 0 1
    outer loop
      vertex -20.6314 -1.5244 4
      vertex -21.148 -2.77164 4
      vertex -20.9643 -2.84079 4
    endloop
  endfacet
  facet normal 0 0 1
    outer loop
      vertex -21.978 -2.25552 4
      vertex -21.0879 -1.24053 4
      vertex -21.1667 -1.16673 4
    endloop
  endfacet
  facet normal 0 0 1
    outer loop
      vertex -22.1213 -2.12132 4
      vertex -21.1667 -1.16673 4
      vertex -21.2405 -1.08792 4
    endloop
  endfacet
  facet normal 0 0 1
    outer loop
      vertex -22.2555 -1.97804 4
      vertex -21.2405 -1.08792 4
      vertex -21.309 -1.00446 4
    endloop
  endfacet
  facet normal 0 0 1
    outer loop
      vertex -20.7298 -1.47984 4
      vertex -21.3269 -2.69062 4
      vertex -21.148 -2.77164 4
    endloop
  endfacet
  facet normal 0 0 1
    outer loop
      vertex -22.3801 -1.82628 4
      vertex -21.309 -1.00446 4
      vertex -21.3719 -0.916691 4
    endloop
  endfacet
  facet normal 0 0 1
    outer loop
      vertex -22.4944 -1.66671 4
      vertex -21.3719 -0.916691 4
      vertex -21.4289 -0.825 4
    endloop
  endfacet
  facet normal 0 0 1
    outer loop
      vertex -22.5981 -1.5 4
      vertex -21.4289 -0.825 4
      vertex -21.4798 -0.729775 4
    endloop
  endfacet
  facet normal 0 0 1
    outer loop
      vertex -20.825 -1.42894 4
      vertex -21.5 -2.59808 4
      vertex -21.3269 -2.69062 4
    endloop
  endfacet
  facet normal 0 0 1
    outer loop
      vertex -22.6906 -1.32687 4
      vertex -21.4798 -0.729775 4
      vertex -21.5244 -0.631427 4
    endloop
  endfacet
  facet normal 0 0 1
    outer loop
      vertex -22.7716 -1.14805 4
      vertex -21.5244 -0.631427 4
      vertex -21.5624 -0.530375 4
    endloop
  endfacet
  facet normal 0 0 1
    outer loop
      vertex -22.8408 -0.964318 4
      vertex -21.5624 -0.530375 4
      vertex -21.5938 -0.427051 4
    endloop
  endfacet
  facet normal 0 0 1
    outer loop
      vertex -22.8978 -0.776457 4
      vertex -21.5938 -0.427051 4
      vertex -21.6183 -0.321898 4
    endloop
  endfacet
  facet normal 0 0 1
    outer loop
      vertex -22.9424 -0.585271 4
      vertex -21.6183 -0.321898 4
      vertex -21.6359 -0.215367 4
    endloop
  endfacet
  facet normal 0 0 1
    outer loop
      vertex -22.9743 -0.391578 4
      vertex -21.6359 -0.215367 4
      vertex -21.6465 -0.107915 4
    endloop
  endfacet
  facet normal 0 0 1
    outer loop
      vertex -20.9167 -1.37192 4
      vertex -21.6667 -2.49441 4
      vertex -21.5 -2.59808 4
    endloop
  endfacet
  facet normal 0 0 1
    outer loop
      vertex -22.9936 -0.196209 4
      vertex -21.6465 -0.107915 4
      vertex -21.65 0 4
    endloop
  endfacet
  facet normal -0 0 1
    outer loop
      vertex -22.6906 1.32687 4
      vertex -21.4798 0.729775 4
      vertex -22.5981 1.5 4
    endloop
  endfacet
  facet normal 0 0 1
    outer loop
      vertex -21.4798 0.729775 4
      vertex -22.6906 1.32687 4
      vertex -21.5244 0.631427 4
    endloop
  endfacet
  facet normal 0 0 1
    outer loop
      vertex -21.0045 -1.30903 4
      vertex -21.8263 -2.38006 4
      vertex -21.6667 -2.49441 4
    endloop
  endfacet
  facet normal -0 0 1
    outer loop
      vertex -22.7716 1.14805 4
      vertex -21.5244 0.631427 4
      vertex -22.6906 1.32687 4
    endloop
  endfacet
  facet normal 0 0 1
    outer loop
      vertex -21.0879 -1.24053 4
      vertex -21.978 -2.25552 4
      vertex -21.8263 -2.38006 4
    endloop
  endfacet
  facet normal 0 0 1
    outer loop
      vertex -21.5244 0.631427 4
      vertex -22.7716 1.14805 4
      vertex -21.5624 0.530375 4
    endloop
  endfacet
  facet normal 0 0 1
    outer loop
      vertex -21.1667 -1.16673 4
      vertex -22.1213 -2.12132 4
      vertex -21.978 -2.25552 4
    endloop
  endfacet
  facet normal -0 0 1
    outer loop
      vertex -22.8408 0.964318 4
      vertex -21.5624 0.530375 4
      vertex -22.7716 1.14805 4
    endloop
  endfacet
  facet normal 0 0 1
    outer loop
      vertex -21.2405 -1.08792 4
      vertex -22.2555 -1.97804 4
      vertex -22.1213 -2.12132 4
    endloop
  endfacet
  facet normal 0 0 1
    outer loop
      vertex -21.5624 0.530375 4
      vertex -22.8408 0.964318 4
      vertex -21.5938 0.427051 4
    endloop
  endfacet
  facet normal 0 0 1
    outer loop
      vertex -21.309 -1.00446 4
      vertex -22.3801 -1.82628 4
      vertex -22.2555 -1.97804 4
    endloop
  endfacet
  facet normal -0 0 1
    outer loop
      vertex -22.8978 0.776457 4
      vertex -21.5938 0.427051 4
      vertex -22.8408 0.964318 4
    endloop
  endfacet
  facet normal 0 0 1
    outer loop
      vertex -21.3719 -0.916691 4
      vertex -22.4944 -1.66671 4
      vertex -22.3801 -1.82628 4
    endloop
  endfacet
  facet normal 0 0 1
    outer loop
      vertex -21.5938 0.427051 4
      vertex -22.8978 0.776457 4
      vertex -21.6183 0.321898 4
    endloop
  endfacet
  facet normal 0 0 1
    outer loop
      vertex -21.4289 -0.825 4
      vertex -22.5981 -1.5 4
      vertex -22.4944 -1.66671 4
    endloop
  endfacet
  facet normal -0 0 1
    outer loop
      vertex -22.9424 0.585271 4
      vertex -21.6183 0.321898 4
      vertex -22.8978 0.776457 4
    endloop
  endfacet
  facet normal 0 0 1
    outer loop
      vertex -21.4798 -0.729775 4
      vertex -22.6906 -1.32687 4
      vertex -22.5981 -1.5 4
    endloop
  endfacet
  facet normal 0 0 1
    outer loop
      vertex -21.6183 0.321898 4
      vertex -22.9424 0.585271 4
      vertex -21.6359 0.215367 4
    endloop
  endfacet
  facet normal 0 0 1
    outer loop
      vertex -21.5244 -0.631427 4
      vertex -22.7716 -1.14805 4
      vertex -22.6906 -1.32687 4
    endloop
  endfacet
  facet normal -0 0 1
    outer loop
      vertex -22.9743 0.391578 4
      vertex -21.6359 0.215367 4
      vertex -22.9424 0.585271 4
    endloop
  endfacet
  facet normal 0 0 1
    outer loop
      vertex -21.5624 -0.530375 4
      vertex -22.8408 -0.964318 4
      vertex -22.7716 -1.14805 4
    endloop
  endfacet
  facet normal 0 0 1
    outer loop
      vertex -21.6359 0.215367 4
      vertex -22.9743 0.391578 4
      vertex -21.6465 0.107915 4
    endloop
  endfacet
  facet normal 0 0 1
    outer loop
      vertex -21.5938 -0.427051 4
      vertex -22.8978 -0.776457 4
      vertex -22.8408 -0.964318 4
    endloop
  endfacet
  facet normal -0 0 1
    outer loop
      vertex -22.9936 0.196209 4
      vertex -21.6465 0.107915 4
      vertex -22.9743 0.391578 4
    endloop
  endfacet
  facet normal 0 0 1
    outer loop
      vertex -21.6183 -0.321898 4
      vertex -22.9424 -0.585271 4
      vertex -22.8978 -0.776457 4
    endloop
  endfacet
  facet normal 0 0 1
    outer loop
      vertex -21.6465 0.107915 4
      vertex -22.9936 0.196209 4
      vertex -21.65 0 4
    endloop
  endfacet
  facet normal 0 0 1
    outer loop
      vertex -21.6359 -0.215367 4
      vertex -22.9743 -0.391578 4
      vertex -22.9424 -0.585271 4
    endloop
  endfacet
  facet normal 0 0 1
    outer loop
      vertex -23 0 4
      vertex -21.65 0 4
      vertex -22.9936 0.196209 4
    endloop
  endfacet
  facet normal 0 0 1
    outer loop
      vertex -21.6465 -0.107915 4
      vertex -22.9936 -0.196209 4
      vertex -22.9743 -0.391578 4
    endloop
  endfacet
  facet normal 0 0 1
    outer loop
      vertex -21.65 0 4
      vertex -23 0 4
      vertex -22.9936 -0.196209 4
    endloop
  endfacet
  facet normal 0.227069 0.973879 -0
    outer loop
      vertex -20.5853 -2.94236 4
      vertex -20.7765 -2.89778 6
      vertex -20.5853 -2.94236 6
    endloop
  endfacet
  facet normal 0.227069 0.973879 0
    outer loop
      vertex -20.7765 -2.89778 6
      vertex -20.5853 -2.94236 4
      vertex -20.7765 -2.89778 4
    endloop
  endfacet
  facet normal -0.227069 0.973879 0
    outer loop
      vertex -19.2235 -2.89778 4
      vertex -19.4147 -2.94236 6
      vertex -19.2235 -2.89778 6
    endloop
  endfacet
  facet normal -0.227069 0.973879 0
    outer loop
      vertex -19.4147 -2.94236 6
      vertex -19.2235 -2.89778 4
      vertex -19.4147 -2.94236 4
    endloop
  endfacet
  facet normal -0.412544 -0.910938 0
    outer loop
      vertex -18.852 2.77164 4
      vertex -18.6731 2.69062 6
      vertex -18.852 2.77164 6
    endloop
  endfacet
  facet normal -0.412544 -0.910938 -0
    outer loop
      vertex -18.6731 2.69062 6
      vertex -18.852 2.77164 4
      vertex -18.6731 2.69062 4
    endloop
  endfacet
  facet normal -0.683551 -0.729902 0
    outer loop
      vertex -18.022 2.25552 4
      vertex -17.8787 2.12132 6
      vertex -18.022 2.25552 6
    endloop
  endfacet
  facet normal -0.683551 -0.729902 -0
    outer loop
      vertex -17.8787 2.12132 6
      vertex -18.022 2.25552 4
      vertex -17.8787 2.12132 4
    endloop
  endfacet
  facet normal 0.729855 -0.683602 0
    outer loop
      vertex -22.2555 1.97804 6
      vertex -22.1213 2.12132 4
      vertex -22.1213 2.12132 6
    endloop
  endfacet
  facet normal 0.729855 -0.683602 0
    outer loop
      vertex -22.1213 2.12132 4
      vertex -22.2555 1.97804 6
      vertex -22.2555 1.97804 4
    endloop
  endfacet
  facet normal 0.352296 0.935889 -0
    outer loop
      vertex -20.9643 -2.84079 4
      vertex -21.148 -2.77164 6
      vertex -20.9643 -2.84079 6
    endloop
  endfacet
  facet normal 0.352296 0.935889 0
    outer loop
      vertex -21.148 -2.77164 6
      vertex -20.9643 -2.84079 4
      vertex -21.148 -2.77164 4
    endloop
  endfacet
  facet normal 0.999468 0.0326009 0
    outer loop
      vertex -22.9936 -0.196209 6
      vertex -23 0 4
      vertex -23 0 6
    endloop
  endfacet
  facet normal 0.999468 0.0326009 0
    outer loop
      vertex -23 0 4
      vertex -22.9936 -0.196209 6
      vertex -22.9936 -0.196209 4
    endloop
  endfacet
  facet normal -0.634524 0.772903 0
    outer loop
      vertex -18.022 -2.25552 4
      vertex -18.1737 -2.38006 6
      vertex -18.022 -2.25552 6
    endloop
  endfacet
  facet normal -0.634524 0.772903 0
    outer loop
      vertex -18.1737 -2.38006 6
      vertex -18.022 -2.25552 4
      vertex -18.1737 -2.38006 4
    endloop
  endfacet
  facet normal -0.999468 0.0326009 0
    outer loop
      vertex -17.0064 -0.196209 4
      vertex -17 0 6
      vertex -17 0 4
    endloop
  endfacet
  facet normal -0.999468 0.0326009 0
    outer loop
      vertex -17 0 6
      vertex -17.0064 -0.196209 4
      vertex -17.0064 -0.196209 6
    endloop
  endfacet
  facet normal -0.683551 0.729902 0
    outer loop
      vertex -17.8787 -2.12132 4
      vertex -18.022 -2.25552 6
      vertex -17.8787 -2.12132 6
    endloop
  endfacet
  facet normal -0.683551 0.729902 0
    outer loop
      vertex -18.022 -2.25552 6
      vertex -17.8787 -2.12132 4
      vertex -18.022 -2.25552 4
    endloop
  endfacet
  facet normal -0.290385 -0.95691 0
    outer loop
      vertex -19.2235 2.89778 4
      vertex -19.0357 2.84079 6
      vertex -19.2235 2.89778 6
    endloop
  endfacet
  facet normal -0.290385 -0.95691 -0
    outer loop
      vertex -19.0357 2.84079 6
      vertex -19.2235 2.89778 4
      vertex -19.0357 2.84079 4
    endloop
  endfacet
  facet normal 0.227069 -0.973879 0
    outer loop
      vertex -20.7765 2.89778 4
      vertex -20.5853 2.94236 6
      vertex -20.7765 2.89778 6
    endloop
  endfacet
  facet normal 0.227069 -0.973879 0
    outer loop
      vertex -20.5853 2.94236 6
      vertex -20.7765 2.89778 4
      vertex -20.5853 2.94236 4
    endloop
  endfacet
  facet normal 0.772876 -0.634557 0
    outer loop
      vertex -22.3801 1.82628 6
      vertex -22.2555 1.97804 4
      vertex -22.2555 1.97804 6
    endloop
  endfacet
  facet normal 0.772876 -0.634557 0
    outer loop
      vertex -22.2555 1.97804 4
      vertex -22.3801 1.82628 6
      vertex -22.3801 1.82628 4
    endloop
  endfacet
  facet normal 0.582418 -0.812889 0
    outer loop
      vertex -21.8263 2.38006 4
      vertex -21.6667 2.49441 6
      vertex -21.8263 2.38006 6
    endloop
  endfacet
  facet normal 0.582418 -0.812889 0
    outer loop
      vertex -21.6667 2.49441 6
      vertex -21.8263 2.38006 4
      vertex -21.6667 2.49441 4
    endloop
  endfacet
  facet normal 0.412544 0.910938 -0
    outer loop
      vertex -21.148 -2.77164 4
      vertex -21.3269 -2.69062 6
      vertex -21.148 -2.77164 6
    endloop
  endfacet
  facet normal 0.412544 0.910938 0
    outer loop
      vertex -21.3269 -2.69062 6
      vertex -21.148 -2.77164 4
      vertex -21.3269 -2.69062 4
    endloop
  endfacet
  facet normal 0.999468 -0.0326009 0
    outer loop
      vertex -23 0 6
      vertex -22.9936 0.196209 4
      vertex -22.9936 0.196209 6
    endloop
  endfacet
  facet normal 0.999468 -0.0326009 0
    outer loop
      vertex -22.9936 0.196209 4
      vertex -23 0 6
      vertex -23 0 4
    endloop
  endfacet
  facet normal 0.290385 0.95691 -0
    outer loop
      vertex -20.7765 -2.89778 4
      vertex -20.9643 -2.84079 6
      vertex -20.7765 -2.89778 6
    endloop
  endfacet
  facet normal 0.290385 0.95691 0
    outer loop
      vertex -20.9643 -2.84079 6
      vertex -20.7765 -2.89778 4
      vertex -20.9643 -2.84079 4
    endloop
  endfacet
  facet normal 0.956922 -0.290345 0
    outer loop
      vertex -22.8978 0.776457 6
      vertex -22.8408 0.964318 4
      vertex -22.8408 0.964318 6
    endloop
  endfacet
  facet normal 0.956922 -0.290345 0
    outer loop
      vertex -22.8408 0.964318 4
      vertex -22.8978 0.776457 6
      vertex -22.8978 0.776457 4
    endloop
  endfacet
  facet normal 0.471461 -0.881887 0
    outer loop
      vertex -21.5 2.59808 4
      vertex -21.3269 2.69062 6
      vertex -21.5 2.59808 6
    endloop
  endfacet
  facet normal 0.471461 -0.881887 0
    outer loop
      vertex -21.3269 2.69062 6
      vertex -21.5 2.59808 4
      vertex -21.3269 2.69062 4
    endloop
  endfacet
  facet normal 0.582418 0.812889 -0
    outer loop
      vertex -21.6667 -2.49441 4
      vertex -21.8263 -2.38006 6
      vertex -21.6667 -2.49441 6
    endloop
  endfacet
  facet normal 0.582418 0.812889 0
    outer loop
      vertex -21.8263 -2.38006 6
      vertex -21.6667 -2.49441 4
      vertex -21.8263 -2.38006 4
    endloop
  endfacet
  facet normal -0.995169 -0.0981722 0
    outer loop
      vertex 21.6465 0.107915 0
      vertex 21.6359 0.215367 4
      vertex 21.6359 0.215367 0
    endloop
  endfacet
  facet normal -0.995169 -0.0981722 0
    outer loop
      vertex 21.6359 0.215367 4
      vertex 21.6465 0.107915 0
      vertex 21.6465 0.107915 4
    endloop
  endfacet
  facet normal -0.999474 -0.0324159 0
    outer loop
      vertex 21.65 0 0
      vertex 21.6465 0.107915 4
      vertex 21.6465 0.107915 0
    endloop
  endfacet
  facet normal -0.999474 -0.0324159 0
    outer loop
      vertex 21.6465 0.107915 4
      vertex 21.65 0 0
      vertex 21.65 0 4
    endloop
  endfacet
  facet normal -0.986626 -0.163001 0
    outer loop
      vertex 21.6359 0.215367 0
      vertex 21.6183 0.321898 4
      vertex 21.6183 0.321898 0
    endloop
  endfacet
  facet normal -0.986626 -0.163001 0
    outer loop
      vertex 21.6183 0.321898 4
      vertex 21.6359 0.215367 0
      vertex 21.6359 0.215367 4
    endloop
  endfacet
  facet normal -0.973914 -0.226916 0
    outer loop
      vertex 21.6183 0.321898 0
      vertex 21.5938 0.427051 4
      vertex 21.5938 0.427051 0
    endloop
  endfacet
  facet normal -0.973914 -0.226916 0
    outer loop
      vertex 21.5938 0.427051 4
      vertex 21.6183 0.321898 0
      vertex 21.6183 0.321898 4
    endloop
  endfacet
  facet normal 0.936008 -0.35198 0
    outer loop
      vertex 18.4376 0.530375 4
      vertex 18.4756 0.631427 0
      vertex 18.4756 0.631427 4
    endloop
  endfacet
  facet normal 0.936008 -0.35198 0
    outer loop
      vertex 18.4756 0.631427 0
      vertex 18.4376 0.530375 4
      vertex 18.4376 0.530375 0
    endloop
  endfacet
  facet normal -0.582315 -0.812963 0
    outer loop
      vertex 20.9167 1.37192 0
      vertex 21.0045 1.30903 4
      vertex 20.9167 1.37192 4
    endloop
  endfacet
  facet normal -0.582315 -0.812963 -0
    outer loop
      vertex 21.0045 1.30903 4
      vertex 20.9167 1.37192 0
      vertex 21.0045 1.30903 0
    endloop
  endfacet
  facet normal 0.162866 0.986648 -0
    outer loop
      vertex 19.7846 -1.63588 0
      vertex 19.6781 -1.6183 4
      vertex 19.7846 -1.63588 4
    endloop
  endfacet
  facet normal 0.162866 0.986648 0
    outer loop
      vertex 19.6781 -1.6183 4
      vertex 19.7846 -1.63588 0
      vertex 19.6781 -1.6183 0
    endloop
  endfacet
  facet normal 0.352382 0.935856 -0
    outer loop
      vertex 19.4696 -1.56243 0
      vertex 19.3686 -1.5244 4
      vertex 19.4696 -1.56243 4
    endloop
  endfacet
  facet normal 0.352382 0.935856 0
    outer loop
      vertex 19.3686 -1.5244 4
      vertex 19.4696 -1.56243 0
      vertex 19.3686 -1.5244 0
    endloop
  endfacet
  facet normal -0.936008 -0.35198 0
    outer loop
      vertex 21.5624 0.530375 0
      vertex 21.5244 0.631427 4
      vertex 21.5244 0.631427 0
    endloop
  endfacet
  facet normal -0.936008 -0.35198 0
    outer loop
      vertex 21.5244 0.631427 4
      vertex 21.5624 0.530375 0
      vertex 21.5624 0.530375 4
    endloop
  endfacet
  facet normal -0.162866 0.986648 0
    outer loop
      vertex 20.3219 -1.6183 0
      vertex 20.2154 -1.63588 4
      vertex 20.3219 -1.6183 4
    endloop
  endfacet
  facet normal -0.162866 0.986648 0
    outer loop
      vertex 20.2154 -1.63588 4
      vertex 20.3219 -1.6183 0
      vertex 20.2154 -1.63588 0
    endloop
  endfacet
  facet normal 0.032698 0.999465 -0
    outer loop
      vertex 20 -1.65 0
      vertex 19.8921 -1.64647 4
      vertex 20 -1.65 4
    endloop
  endfacet
  facet normal 0.032698 0.999465 0
    outer loop
      vertex 19.8921 -1.64647 4
      vertex 20 -1.65 0
      vertex 19.8921 -1.64647 0
    endloop
  endfacet
  facet normal -0.412519 -0.910949 0
    outer loop
      vertex 20.6314 1.5244 0
      vertex 20.7298 1.47984 4
      vertex 20.6314 1.5244 4
    endloop
  endfacet
  facet normal -0.412519 -0.910949 -0
    outer loop
      vertex 20.7298 1.47984 4
      vertex 20.6314 1.5244 0
      vertex 20.7298 1.47984 0
    endloop
  endfacet
  facet normal -0.0980371 -0.995183 0
    outer loop
      vertex 20.1079 1.64647 0
      vertex 20.2154 1.63588 4
      vertex 20.1079 1.64647 4
    endloop
  endfacet
  facet normal -0.0980371 -0.995183 -0
    outer loop
      vertex 20.2154 1.63588 4
      vertex 20.1079 1.64647 0
      vertex 20.2154 1.63588 0
    endloop
  endfacet
  facet normal 0.986626 -0.163001 0
    outer loop
      vertex 18.3641 0.215367 4
      vertex 18.3817 0.321898 0
      vertex 18.3817 0.321898 4
    endloop
  endfacet
  facet normal 0.986626 -0.163001 0
    outer loop
      vertex 18.3817 0.321898 0
      vertex 18.3641 0.215367 4
      vertex 18.3641 0.215367 0
    endloop
  endfacet
  facet normal -0.999474 0.0324159 0
    outer loop
      vertex 21.6465 -0.107915 0
      vertex 21.65 0 4
      vertex 21.65 0 0
    endloop
  endfacet
  facet normal -0.999474 0.0324159 0
    outer loop
      vertex 21.65 0 4
      vertex 21.6465 -0.107915 0
      vertex 21.6465 -0.107915 4
    endloop
  endfacet
  facet normal 0.352382 -0.935856 0
    outer loop
      vertex 19.3686 1.5244 0
      vertex 19.4696 1.56243 4
      vertex 19.3686 1.5244 4
    endloop
  endfacet
  facet normal 0.352382 -0.935856 0
    outer loop
      vertex 19.4696 1.56243 4
      vertex 19.3686 1.5244 0
      vertex 19.4696 1.56243 0
    endloop
  endfacet
  facet normal -0.881917 -0.471405 0
    outer loop
      vertex 21.4798 0.729775 0
      vertex 21.4289 0.825 4
      vertex 21.4289 0.825 0
    endloop
  endfacet
  facet normal -0.881917 -0.471405 0
    outer loop
      vertex 21.4289 0.825 4
      vertex 21.4798 0.729775 0
      vertex 21.4798 0.729775 4
    endloop
  endfacet
  facet normal -0.910728 -0.413007 0
    outer loop
      vertex 21.5244 0.631427 0
      vertex 21.4798 0.729775 4
      vertex 21.4798 0.729775 0
    endloop
  endfacet
  facet normal -0.910728 -0.413007 0
    outer loop
      vertex 21.4798 0.729775 4
      vertex 21.5244 0.631427 0
      vertex 21.5244 0.631427 4
    endloop
  endfacet
  facet normal 0.956794 -0.290768 0
    outer loop
      vertex 18.4062 0.427051 4
      vertex 18.4376 0.530375 0
      vertex 18.4376 0.530375 4
    endloop
  endfacet
  facet normal 0.956794 -0.290768 0
    outer loop
      vertex 18.4376 0.530375 0
      vertex 18.4062 0.427051 4
      vertex 18.4062 0.427051 0
    endloop
  endfacet
  facet normal 0.290406 0.956904 -0
    outer loop
      vertex 19.5729 -1.59378 0
      vertex 19.4696 -1.56243 4
      vertex 19.5729 -1.59378 4
    endloop
  endfacet
  facet normal 0.290406 0.956904 0
    outer loop
      vertex 19.4696 -1.56243 4
      vertex 19.5729 -1.59378 0
      vertex 19.4696 -1.56243 0
    endloop
  endfacet
  facet normal -0.849273 -0.527953 0
    outer loop
      vertex 21.4289 0.825 0
      vertex 21.3719 0.916691 4
      vertex 21.3719 0.916691 0
    endloop
  endfacet
  facet normal -0.849273 -0.527953 0
    outer loop
      vertex 21.3719 0.916691 4
      vertex 21.4289 0.825 0
      vertex 21.4289 0.825 4
    endloop
  endfacet
  facet normal -0.352382 0.935856 0
    outer loop
      vertex 20.6314 -1.5244 0
      vertex 20.5304 -1.56243 4
      vertex 20.6314 -1.5244 4
    endloop
  endfacet
  facet normal -0.352382 0.935856 0
    outer loop
      vertex 20.5304 -1.56243 4
      vertex 20.6314 -1.5244 0
      vertex 20.5304 -1.56243 0
    endloop
  endfacet
  facet normal 0.412519 -0.910949 0
    outer loop
      vertex 19.2702 1.47984 0
      vertex 19.3686 1.5244 4
      vertex 19.2702 1.47984 4
    endloop
  endfacet
  facet normal 0.412519 -0.910949 0
    outer loop
      vertex 19.3686 1.5244 4
      vertex 19.2702 1.47984 0
      vertex 19.3686 1.5244 0
    endloop
  endfacet
  facet normal 0.290406 -0.956904 0
    outer loop
      vertex 19.4696 1.56243 0
      vertex 19.5729 1.59378 4
      vertex 19.4696 1.56243 4
    endloop
  endfacet
  facet normal 0.290406 -0.956904 0
    outer loop
      vertex 19.5729 1.59378 4
      vertex 19.4696 1.56243 0
      vertex 19.5729 1.59378 0
    endloop
  endfacet
  facet normal -0.582315 0.812963 0
    outer loop
      vertex 21.0045 -1.30903 0
      vertex 20.9167 -1.37192 4
      vertex 21.0045 -1.30903 4
    endloop
  endfacet
  facet normal -0.582315 0.812963 0
    outer loop
      vertex 20.9167 -1.37192 4
      vertex 21.0045 -1.30903 0
      vertex 20.9167 -1.37192 0
    endloop
  endfacet
  facet normal 0.582315 -0.812963 0
    outer loop
      vertex 18.9955 1.30903 0
      vertex 19.0833 1.37192 4
      vertex 18.9955 1.30903 4
    endloop
  endfacet
  facet normal 0.582315 -0.812963 0
    outer loop
      vertex 19.0833 1.37192 4
      vertex 18.9955 1.30903 0
      vertex 19.0833 1.37192 0
    endloop
  endfacet
  facet normal -0.6347 0.772759 0
    outer loop
      vertex 21.0879 -1.24053 0
      vertex 21.0045 -1.30903 4
      vertex 21.0879 -1.24053 4
    endloop
  endfacet
  facet normal -0.6347 0.772759 0
    outer loop
      vertex 21.0045 -1.30903 4
      vertex 21.0879 -1.24053 0
      vertex 21.0045 -1.30903 0
    endloop
  endfacet
  facet normal 0.772983 0.634427 0
    outer loop
      vertex 18.7595 -1.08792 4
      vertex 18.691 -1.00446 0
      vertex 18.691 -1.00446 4
    endloop
  endfacet
  facet normal 0.772983 0.634427 0
    outer loop
      vertex 18.691 -1.00446 0
      vertex 18.7595 -1.08792 4
      vertex 18.7595 -1.08792 0
    endloop
  endfacet
  facet normal -0.956794 -0.290768 0
    outer loop
      vertex 21.5938 0.427051 0
      vertex 21.5624 0.530375 4
      vertex 21.5624 0.530375 0
    endloop
  endfacet
  facet normal -0.956794 -0.290768 0
    outer loop
      vertex 21.5624 0.530375 4
      vertex 21.5938 0.427051 0
      vertex 21.5938 0.427051 4
    endloop
  endfacet
  facet normal -0.0980371 0.995183 0
    outer loop
      vertex 20.2154 -1.63588 0
      vertex 20.1079 -1.64647 4
      vertex 20.2154 -1.63588 4
    endloop
  endfacet
  facet normal -0.0980371 0.995183 0
    outer loop
      vertex 20.1079 -1.64647 4
      vertex 20.2154 -1.63588 0
      vertex 20.1079 -1.64647 0
    endloop
  endfacet
  facet normal 0.683571 -0.729884 0
    outer loop
      vertex 18.8333 1.16673 0
      vertex 18.9121 1.24053 4
      vertex 18.8333 1.16673 4
    endloop
  endfacet
  facet normal 0.683571 -0.729884 0
    outer loop
      vertex 18.9121 1.24053 4
      vertex 18.8333 1.16673 0
      vertex 18.9121 1.24053 0
    endloop
  endfacet
  facet normal 0.995169 -0.0981722 0
    outer loop
      vertex 18.3535 0.107915 4
      vertex 18.3641 0.215367 0
      vertex 18.3641 0.215367 4
    endloop
  endfacet
  facet normal 0.995169 -0.0981722 0
    outer loop
      vertex 18.3641 0.215367 0
      vertex 18.3535 0.107915 4
      vertex 18.3535 0.107915 0
    endloop
  endfacet
  facet normal -0.936008 0.35198 0
    outer loop
      vertex 21.5244 -0.631427 0
      vertex 21.5624 -0.530375 4
      vertex 21.5624 -0.530375 0
    endloop
  endfacet
  facet normal -0.936008 0.35198 0
    outer loop
      vertex 21.5624 -0.530375 4
      vertex 21.5244 -0.631427 0
      vertex 21.5244 -0.631427 4
    endloop
  endfacet
  facet normal -0.881917 0.471405 0
    outer loop
      vertex 21.4289 -0.825 0
      vertex 21.4798 -0.729775 4
      vertex 21.4798 -0.729775 0
    endloop
  endfacet
  facet normal -0.881917 0.471405 0
    outer loop
      vertex 21.4798 -0.729775 4
      vertex 21.4289 -0.825 0
      vertex 21.4289 -0.825 4
    endloop
  endfacet
  facet normal 0.812822 0.582512 0
    outer loop
      vertex 18.691 -1.00446 4
      vertex 18.6281 -0.916691 0
      vertex 18.6281 -0.916691 4
    endloop
  endfacet
  facet normal 0.812822 0.582512 0
    outer loop
      vertex 18.6281 -0.916691 0
      vertex 18.691 -1.00446 4
      vertex 18.691 -1.00446 0
    endloop
  endfacet
  facet normal -0.772983 -0.634427 0
    outer loop
      vertex 21.309 1.00446 0
      vertex 21.2405 1.08792 4
      vertex 21.2405 1.08792 0
    endloop
  endfacet
  facet normal -0.772983 -0.634427 0
    outer loop
      vertex 21.2405 1.08792 4
      vertex 21.309 1.00446 0
      vertex 21.309 1.00446 4
    endloop
  endfacet
  facet normal -0.986626 0.163001 0
    outer loop
      vertex 21.6183 -0.321898 0
      vertex 21.6359 -0.215367 4
      vertex 21.6359 -0.215367 0
    endloop
  endfacet
  facet normal -0.986626 0.163001 0
    outer loop
      vertex 21.6359 -0.215367 4
      vertex 21.6183 -0.321898 0
      vertex 21.6183 -0.321898 4
    endloop
  endfacet
  facet normal -0.956794 0.290768 0
    outer loop
      vertex 21.5624 -0.530375 0
      vertex 21.5938 -0.427051 4
      vertex 21.5938 -0.427051 0
    endloop
  endfacet
  facet normal -0.956794 0.290768 0
    outer loop
      vertex 21.5938 -0.427051 4
      vertex 21.5624 -0.530375 0
      vertex 21.5624 -0.530375 4
    endloop
  endfacet
  facet normal 0.52805 0.849213 -0
    outer loop
      vertex 19.175 -1.42894 0
      vertex 19.0833 -1.37192 4
      vertex 19.175 -1.42894 4
    endloop
  endfacet
  facet normal 0.52805 0.849213 0
    outer loop
      vertex 19.0833 -1.37192 4
      vertex 19.175 -1.42894 0
      vertex 19.0833 -1.37192 0
    endloop
  endfacet
  facet normal 0.849273 -0.527953 0
    outer loop
      vertex 18.5711 0.825 4
      vertex 18.6281 0.916691 0
      vertex 18.6281 0.916691 4
    endloop
  endfacet
  facet normal 0.849273 -0.527953 0
    outer loop
      vertex 18.6281 0.916691 0
      vertex 18.5711 0.825 4
      vertex 18.5711 0.825 0
    endloop
  endfacet
  facet normal 0.582315 0.812963 -0
    outer loop
      vertex 19.0833 -1.37192 0
      vertex 18.9955 -1.30903 4
      vertex 19.0833 -1.37192 4
    endloop
  endfacet
  facet normal 0.582315 0.812963 0
    outer loop
      vertex 18.9955 -1.30903 4
      vertex 19.0833 -1.37192 0
      vertex 18.9955 -1.30903 0
    endloop
  endfacet
  facet normal -0.352382 -0.935856 0
    outer loop
      vertex 20.5304 1.56243 0
      vertex 20.6314 1.5244 4
      vertex 20.5304 1.56243 4
    endloop
  endfacet
  facet normal -0.352382 -0.935856 -0
    outer loop
      vertex 20.6314 1.5244 4
      vertex 20.5304 1.56243 0
      vertex 20.6314 1.5244 0
    endloop
  endfacet
  facet normal 0.52805 -0.849213 0
    outer loop
      vertex 19.0833 1.37192 0
      vertex 19.175 1.42894 4
      vertex 19.0833 1.37192 4
    endloop
  endfacet
  facet normal 0.52805 -0.849213 0
    outer loop
      vertex 19.175 1.42894 4
      vertex 19.0833 1.37192 0
      vertex 19.175 1.42894 0
    endloop
  endfacet
  facet normal 0.849273 0.527953 0
    outer loop
      vertex 18.6281 -0.916691 4
      vertex 18.5711 -0.825 0
      vertex 18.5711 -0.825 4
    endloop
  endfacet
  facet normal 0.849273 0.527953 0
    outer loop
      vertex 18.5711 -0.825 0
      vertex 18.6281 -0.916691 4
      vertex 18.6281 -0.916691 0
    endloop
  endfacet
  facet normal 0.881917 -0.471405 0
    outer loop
      vertex 18.5202 0.729775 4
      vertex 18.5711 0.825 0
      vertex 18.5711 0.825 4
    endloop
  endfacet
  facet normal 0.881917 -0.471405 0
    outer loop
      vertex 18.5711 0.825 0
      vertex 18.5202 0.729775 4
      vertex 18.5202 0.729775 0
    endloop
  endfacet
  facet normal -0.910728 0.413007 0
    outer loop
      vertex 21.4798 -0.729775 0
      vertex 21.5244 -0.631427 4
      vertex 21.5244 -0.631427 0
    endloop
  endfacet
  facet normal -0.910728 0.413007 0
    outer loop
      vertex 21.5244 -0.631427 4
      vertex 21.4798 -0.729775 0
      vertex 21.4798 -0.729775 4
    endloop
  endfacet
  facet normal -0.6347 -0.772759 0
    outer loop
      vertex 21.0045 1.30903 0
      vertex 21.0879 1.24053 4
      vertex 21.0045 1.30903 4
    endloop
  endfacet
  facet normal -0.6347 -0.772759 -0
    outer loop
      vertex 21.0879 1.24053 4
      vertex 21.0045 1.30903 0
      vertex 21.0879 1.24053 0
    endloop
  endfacet
  facet normal -0.290406 0.956904 0
    outer loop
      vertex 20.5304 -1.56243 0
      vertex 20.4271 -1.59378 4
      vertex 20.5304 -1.56243 4
    endloop
  endfacet
  facet normal -0.290406 0.956904 0
    outer loop
      vertex 20.4271 -1.59378 4
      vertex 20.5304 -1.56243 0
      vertex 20.4271 -1.59378 0
    endloop
  endfacet
  facet normal -0.52805 -0.849213 0
    outer loop
      vertex 20.825 1.42894 0
      vertex 20.9167 1.37192 4
      vertex 20.825 1.42894 4
    endloop
  endfacet
  facet normal -0.52805 -0.849213 -0
    outer loop
      vertex 20.9167 1.37192 4
      vertex 20.825 1.42894 0
      vertex 20.9167 1.37192 0
    endloop
  endfacet
  facet normal -0.226995 0.973896 0
    outer loop
      vertex 20.4271 -1.59378 0
      vertex 20.3219 -1.6183 4
      vertex 20.4271 -1.59378 4
    endloop
  endfacet
  facet normal -0.226995 0.973896 0
    outer loop
      vertex 20.3219 -1.6183 4
      vertex 20.4271 -1.59378 0
      vertex 20.3219 -1.6183 0
    endloop
  endfacet
  facet normal -0.683571 -0.729884 0
    outer loop
      vertex 21.0879 1.24053 0
      vertex 21.1667 1.16673 4
      vertex 21.0879 1.24053 4
    endloop
  endfacet
  facet normal -0.683571 -0.729884 -0
    outer loop
      vertex 21.1667 1.16673 4
      vertex 21.0879 1.24053 0
      vertex 21.1667 1.16673 0
    endloop
  endfacet
  facet normal 0.162866 -0.986648 0
    outer loop
      vertex 19.6781 1.6183 0
      vertex 19.7846 1.63588 4
      vertex 19.6781 1.6183 4
    endloop
  endfacet
  facet normal 0.162866 -0.986648 0
    outer loop
      vertex 19.7846 1.63588 4
      vertex 19.6781 1.6183 0
      vertex 19.7846 1.63588 0
    endloop
  endfacet
  facet normal -0.471501 -0.881865 0
    outer loop
      vertex 20.7298 1.47984 0
      vertex 20.825 1.42894 4
      vertex 20.7298 1.47984 4
    endloop
  endfacet
  facet normal -0.471501 -0.881865 -0
    outer loop
      vertex 20.825 1.42894 4
      vertex 20.7298 1.47984 0
      vertex 20.825 1.42894 0
    endloop
  endfacet
  facet normal -0.162866 -0.986648 0
    outer loop
      vertex 20.2154 1.63588 0
      vertex 20.3219 1.6183 4
      vertex 20.2154 1.63588 4
    endloop
  endfacet
  facet normal -0.162866 -0.986648 -0
    outer loop
      vertex 20.3219 1.6183 4
      vertex 20.2154 1.63588 0
      vertex 20.3219 1.6183 0
    endloop
  endfacet
  facet normal -0.683571 0.729884 0
    outer loop
      vertex 21.1667 -1.16673 0
      vertex 21.0879 -1.24053 4
      vertex 21.1667 -1.16673 4
    endloop
  endfacet
  facet normal -0.683571 0.729884 0
    outer loop
      vertex 21.0879 -1.24053 4
      vertex 21.1667 -1.16673 0
      vertex 21.0879 -1.24053 0
    endloop
  endfacet
  facet normal 0.910728 -0.413007 0
    outer loop
      vertex 18.4756 0.631427 4
      vertex 18.5202 0.729775 0
      vertex 18.5202 0.729775 4
    endloop
  endfacet
  facet normal 0.910728 -0.413007 0
    outer loop
      vertex 18.5202 0.729775 0
      vertex 18.4756 0.631427 4
      vertex 18.4756 0.631427 0
    endloop
  endfacet
  facet normal 0.412519 0.910949 -0
    outer loop
      vertex 19.3686 -1.5244 0
      vertex 19.2702 -1.47984 4
      vertex 19.3686 -1.5244 4
    endloop
  endfacet
  facet normal 0.412519 0.910949 0
    outer loop
      vertex 19.2702 -1.47984 4
      vertex 19.3686 -1.5244 0
      vertex 19.2702 -1.47984 0
    endloop
  endfacet
  facet normal -0.995169 0.0981722 0
    outer loop
      vertex 21.6359 -0.215367 0
      vertex 21.6465 -0.107915 4
      vertex 21.6465 -0.107915 0
    endloop
  endfacet
  facet normal -0.995169 0.0981722 0
    outer loop
      vertex 21.6465 -0.107915 4
      vertex 21.6359 -0.215367 0
      vertex 21.6359 -0.215367 4
    endloop
  endfacet
  facet normal 0.0980371 -0.995183 0
    outer loop
      vertex 19.7846 1.63588 0
      vertex 19.8921 1.64647 4
      vertex 19.7846 1.63588 4
    endloop
  endfacet
  facet normal 0.0980371 -0.995183 0
    outer loop
      vertex 19.8921 1.64647 4
      vertex 19.7846 1.63588 0
      vertex 19.8921 1.64647 0
    endloop
  endfacet
  facet normal 0.986626 0.163001 0
    outer loop
      vertex 18.3817 -0.321898 4
      vertex 18.3641 -0.215367 0
      vertex 18.3641 -0.215367 4
    endloop
  endfacet
  facet normal 0.986626 0.163001 0
    outer loop
      vertex 18.3641 -0.215367 0
      vertex 18.3817 -0.321898 4
      vertex 18.3817 -0.321898 0
    endloop
  endfacet
  facet normal 0.973914 -0.226916 0
    outer loop
      vertex 18.3817 0.321898 4
      vertex 18.4062 0.427051 0
      vertex 18.4062 0.427051 4
    endloop
  endfacet
  facet normal 0.973914 -0.226916 0
    outer loop
      vertex 18.4062 0.427051 0
      vertex 18.3817 0.321898 4
      vertex 18.3817 0.321898 0
    endloop
  endfacet
  facet normal -0.849273 0.527953 0
    outer loop
      vertex 21.3719 -0.916691 0
      vertex 21.4289 -0.825 4
      vertex 21.4289 -0.825 0
    endloop
  endfacet
  facet normal -0.849273 0.527953 0
    outer loop
      vertex 21.4289 -0.825 4
      vertex 21.3719 -0.916691 0
      vertex 21.3719 -0.916691 4
    endloop
  endfacet
  facet normal -0.412519 0.910949 0
    outer loop
      vertex 20.7298 -1.47984 0
      vertex 20.6314 -1.5244 4
      vertex 20.7298 -1.47984 4
    endloop
  endfacet
  facet normal -0.412519 0.910949 0
    outer loop
      vertex 20.6314 -1.5244 4
      vertex 20.7298 -1.47984 0
      vertex 20.6314 -1.5244 0
    endloop
  endfacet
  facet normal -0.471501 0.881865 0
    outer loop
      vertex 20.825 -1.42894 0
      vertex 20.7298 -1.47984 4
      vertex 20.825 -1.42894 4
    endloop
  endfacet
  facet normal -0.471501 0.881865 0
    outer loop
      vertex 20.7298 -1.47984 4
      vertex 20.825 -1.42894 0
      vertex 20.7298 -1.47984 0
    endloop
  endfacet
  facet normal -0.032698 0.999465 0
    outer loop
      vertex 20.1079 -1.64647 0
      vertex 20 -1.65 4
      vertex 20.1079 -1.64647 4
    endloop
  endfacet
  facet normal -0.032698 0.999465 0
    outer loop
      vertex 20 -1.65 4
      vertex 20.1079 -1.64647 0
      vertex 20 -1.65 0
    endloop
  endfacet
  facet normal 0.936008 0.35198 0
    outer loop
      vertex 18.4756 -0.631427 4
      vertex 18.4376 -0.530375 0
      vertex 18.4376 -0.530375 4
    endloop
  endfacet
  facet normal 0.936008 0.35198 0
    outer loop
      vertex 18.4376 -0.530375 0
      vertex 18.4756 -0.631427 4
      vertex 18.4756 -0.631427 0
    endloop
  endfacet
  facet normal 0.999474 0.0324159 0
    outer loop
      vertex 18.3535 -0.107915 4
      vertex 18.35 0 0
      vertex 18.35 0 4
    endloop
  endfacet
  facet normal 0.999474 0.0324159 0
    outer loop
      vertex 18.35 0 0
      vertex 18.3535 -0.107915 4
      vertex 18.3535 -0.107915 0
    endloop
  endfacet
  facet normal 0.881917 0.471405 0
    outer loop
      vertex 18.5711 -0.825 4
      vertex 18.5202 -0.729775 0
      vertex 18.5202 -0.729775 4
    endloop
  endfacet
  facet normal 0.881917 0.471405 0
    outer loop
      vertex 18.5202 -0.729775 0
      vertex 18.5711 -0.825 4
      vertex 18.5711 -0.825 0
    endloop
  endfacet
  facet normal -0.973914 0.226916 0
    outer loop
      vertex 21.5938 -0.427051 0
      vertex 21.6183 -0.321898 4
      vertex 21.6183 -0.321898 0
    endloop
  endfacet
  facet normal -0.973914 0.226916 0
    outer loop
      vertex 21.6183 -0.321898 4
      vertex 21.5938 -0.427051 0
      vertex 21.5938 -0.427051 4
    endloop
  endfacet
  facet normal -0.812822 -0.582512 0
    outer loop
      vertex 21.3719 0.916691 0
      vertex 21.309 1.00446 4
      vertex 21.309 1.00446 0
    endloop
  endfacet
  facet normal -0.812822 -0.582512 0
    outer loop
      vertex 21.309 1.00446 4
      vertex 21.3719 0.916691 0
      vertex 21.3719 0.916691 4
    endloop
  endfacet
  facet normal 0.812822 -0.582512 0
    outer loop
      vertex 18.6281 0.916691 4
      vertex 18.691 1.00446 0
      vertex 18.691 1.00446 4
    endloop
  endfacet
  facet normal 0.812822 -0.582512 0
    outer loop
      vertex 18.691 1.00446 0
      vertex 18.6281 0.916691 4
      vertex 18.6281 0.916691 0
    endloop
  endfacet
  facet normal 0.6347 -0.772759 0
    outer loop
      vertex 18.9121 1.24053 0
      vertex 18.9955 1.30903 4
      vertex 18.9121 1.24053 4
    endloop
  endfacet
  facet normal 0.6347 -0.772759 0
    outer loop
      vertex 18.9955 1.30903 4
      vertex 18.9121 1.24053 0
      vertex 18.9955 1.30903 0
    endloop
  endfacet
  facet normal 0.6347 0.772759 -0
    outer loop
      vertex 18.9955 -1.30903 0
      vertex 18.9121 -1.24053 4
      vertex 18.9955 -1.30903 4
    endloop
  endfacet
  facet normal 0.6347 0.772759 0
    outer loop
      vertex 18.9121 -1.24053 4
      vertex 18.9955 -1.30903 0
      vertex 18.9121 -1.24053 0
    endloop
  endfacet
  facet normal -0.812822 0.582512 0
    outer loop
      vertex 21.309 -1.00446 0
      vertex 21.3719 -0.916691 4
      vertex 21.3719 -0.916691 0
    endloop
  endfacet
  facet normal -0.812822 0.582512 0
    outer loop
      vertex 21.3719 -0.916691 4
      vertex 21.309 -1.00446 0
      vertex 21.309 -1.00446 4
    endloop
  endfacet
  facet normal 0.729927 0.683525 0
    outer loop
      vertex 18.8333 -1.16673 4
      vertex 18.7595 -1.08792 0
      vertex 18.7595 -1.08792 4
    endloop
  endfacet
  facet normal 0.729927 0.683525 0
    outer loop
      vertex 18.7595 -1.08792 0
      vertex 18.8333 -1.16673 4
      vertex 18.8333 -1.16673 0
    endloop
  endfacet
  facet normal 0.226995 0.973896 -0
    outer loop
      vertex 19.6781 -1.6183 0
      vertex 19.5729 -1.59378 4
      vertex 19.6781 -1.6183 4
    endloop
  endfacet
  facet normal 0.226995 0.973896 0
    outer loop
      vertex 19.5729 -1.59378 4
      vertex 19.6781 -1.6183 0
      vertex 19.5729 -1.59378 0
    endloop
  endfacet
  facet normal 0.999474 -0.0324159 0
    outer loop
      vertex 18.35 0 4
      vertex 18.3535 0.107915 0
      vertex 18.3535 0.107915 4
    endloop
  endfacet
  facet normal 0.999474 -0.0324159 0
    outer loop
      vertex 18.3535 0.107915 0
      vertex 18.35 0 4
      vertex 18.35 0 0
    endloop
  endfacet
  facet normal -0.729927 0.683525 0
    outer loop
      vertex 21.1667 -1.16673 0
      vertex 21.2405 -1.08792 4
      vertex 21.2405 -1.08792 0
    endloop
  endfacet
  facet normal -0.729927 0.683525 0
    outer loop
      vertex 21.2405 -1.08792 4
      vertex 21.1667 -1.16673 0
      vertex 21.1667 -1.16673 4
    endloop
  endfacet
  facet normal -0.729927 -0.683525 0
    outer loop
      vertex 21.2405 1.08792 0
      vertex 21.1667 1.16673 4
      vertex 21.1667 1.16673 0
    endloop
  endfacet
  facet normal -0.729927 -0.683525 0
    outer loop
      vertex 21.1667 1.16673 4
      vertex 21.2405 1.08792 0
      vertex 21.2405 1.08792 4
    endloop
  endfacet
  facet normal 0.973914 0.226916 0
    outer loop
      vertex 18.4062 -0.427051 4
      vertex 18.3817 -0.321898 0
      vertex 18.3817 -0.321898 4
    endloop
  endfacet
  facet normal 0.973914 0.226916 0
    outer loop
      vertex 18.3817 -0.321898 0
      vertex 18.4062 -0.427051 4
      vertex 18.4062 -0.427051 0
    endloop
  endfacet
  facet normal -0.772983 0.634427 0
    outer loop
      vertex 21.2405 -1.08792 0
      vertex 21.309 -1.00446 4
      vertex 21.309 -1.00446 0
    endloop
  endfacet
  facet normal -0.772983 0.634427 0
    outer loop
      vertex 21.309 -1.00446 4
      vertex 21.2405 -1.08792 0
      vertex 21.2405 -1.08792 4
    endloop
  endfacet
  facet normal 0.772983 -0.634427 0
    outer loop
      vertex 18.691 1.00446 4
      vertex 18.7595 1.08792 0
      vertex 18.7595 1.08792 4
    endloop
  endfacet
  facet normal 0.772983 -0.634427 0
    outer loop
      vertex 18.7595 1.08792 0
      vertex 18.691 1.00446 4
      vertex 18.691 1.00446 0
    endloop
  endfacet
  facet normal 0.729927 -0.683525 0
    outer loop
      vertex 18.7595 1.08792 4
      vertex 18.8333 1.16673 0
      vertex 18.8333 1.16673 4
    endloop
  endfacet
  facet normal 0.729927 -0.683525 0
    outer loop
      vertex 18.8333 1.16673 0
      vertex 18.7595 1.08792 4
      vertex 18.7595 1.08792 0
    endloop
  endfacet
  facet normal 0.471501 0.881865 -0
    outer loop
      vertex 19.2702 -1.47984 0
      vertex 19.175 -1.42894 4
      vertex 19.2702 -1.47984 4
    endloop
  endfacet
  facet normal 0.471501 0.881865 0
    outer loop
      vertex 19.175 -1.42894 4
      vertex 19.2702 -1.47984 0
      vertex 19.175 -1.42894 0
    endloop
  endfacet
  facet normal 0.995169 0.0981722 0
    outer loop
      vertex 18.3641 -0.215367 4
      vertex 18.3535 -0.107915 0
      vertex 18.3535 -0.107915 4
    endloop
  endfacet
  facet normal 0.995169 0.0981722 0
    outer loop
      vertex 18.3535 -0.107915 0
      vertex 18.3641 -0.215367 4
      vertex 18.3641 -0.215367 0
    endloop
  endfacet
  facet normal -0.032698 -0.999465 0
    outer loop
      vertex 20 1.65 0
      vertex 20.1079 1.64647 4
      vertex 20 1.65 4
    endloop
  endfacet
  facet normal -0.032698 -0.999465 -0
    outer loop
      vertex 20.1079 1.64647 4
      vertex 20 1.65 0
      vertex 20.1079 1.64647 0
    endloop
  endfacet
  facet normal 0.032698 -0.999465 0
    outer loop
      vertex 19.8921 1.64647 0
      vertex 20 1.65 4
      vertex 19.8921 1.64647 4
    endloop
  endfacet
  facet normal 0.032698 -0.999465 0
    outer loop
      vertex 20 1.65 4
      vertex 19.8921 1.64647 0
      vertex 20 1.65 0
    endloop
  endfacet
  facet normal 0.226995 -0.973896 0
    outer loop
      vertex 19.5729 1.59378 0
      vertex 19.6781 1.6183 4
      vertex 19.5729 1.59378 4
    endloop
  endfacet
  facet normal 0.226995 -0.973896 0
    outer loop
      vertex 19.6781 1.6183 4
      vertex 19.5729 1.59378 0
      vertex 19.6781 1.6183 0
    endloop
  endfacet
  facet normal -0.52805 0.849213 0
    outer loop
      vertex 20.9167 -1.37192 0
      vertex 20.825 -1.42894 4
      vertex 20.9167 -1.37192 4
    endloop
  endfacet
  facet normal -0.52805 0.849213 0
    outer loop
      vertex 20.825 -1.42894 4
      vertex 20.9167 -1.37192 0
      vertex 20.825 -1.42894 0
    endloop
  endfacet
  facet normal 0.910728 0.413007 0
    outer loop
      vertex 18.5202 -0.729775 4
      vertex 18.4756 -0.631427 0
      vertex 18.4756 -0.631427 4
    endloop
  endfacet
  facet normal 0.910728 0.413007 0
    outer loop
      vertex 18.4756 -0.631427 0
      vertex 18.5202 -0.729775 4
      vertex 18.5202 -0.729775 0
    endloop
  endfacet
  facet normal 0.956794 0.290768 0
    outer loop
      vertex 18.4376 -0.530375 4
      vertex 18.4062 -0.427051 0
      vertex 18.4062 -0.427051 4
    endloop
  endfacet
  facet normal 0.956794 0.290768 0
    outer loop
      vertex 18.4062 -0.427051 0
      vertex 18.4376 -0.530375 4
      vertex 18.4376 -0.530375 0
    endloop
  endfacet
  facet normal -0.226995 -0.973896 0
    outer loop
      vertex 20.3219 1.6183 0
      vertex 20.4271 1.59378 4
      vertex 20.3219 1.6183 4
    endloop
  endfacet
  facet normal -0.226995 -0.973896 -0
    outer loop
      vertex 20.4271 1.59378 4
      vertex 20.3219 1.6183 0
      vertex 20.4271 1.59378 0
    endloop
  endfacet
  facet normal -0.290406 -0.956904 0
    outer loop
      vertex 20.4271 1.59378 0
      vertex 20.5304 1.56243 4
      vertex 20.4271 1.59378 4
    endloop
  endfacet
  facet normal -0.290406 -0.956904 -0
    outer loop
      vertex 20.5304 1.56243 4
      vertex 20.4271 1.59378 0
      vertex 20.5304 1.56243 0
    endloop
  endfacet
  facet normal 0.0980371 0.995183 -0
    outer loop
      vertex 19.8921 -1.64647 0
      vertex 19.7846 -1.63588 4
      vertex 19.8921 -1.64647 4
    endloop
  endfacet
  facet normal 0.0980371 0.995183 0
    outer loop
      vertex 19.7846 -1.63588 4
      vertex 19.8921 -1.64647 0
      vertex 19.7846 -1.63588 0
    endloop
  endfacet
  facet normal 0.683571 0.729884 -0
    outer loop
      vertex 18.9121 -1.24053 0
      vertex 18.8333 -1.16673 4
      vertex 18.9121 -1.24053 4
    endloop
  endfacet
  facet normal 0.683571 0.729884 0
    outer loop
      vertex 18.8333 -1.16673 4
      vertex 18.9121 -1.24053 0
      vertex 18.8333 -1.16673 0
    endloop
  endfacet
  facet normal 0.471501 -0.881865 0
    outer loop
      vertex 19.175 1.42894 0
      vertex 19.2702 1.47984 4
      vertex 19.175 1.42894 4
    endloop
  endfacet
  facet normal 0.471501 -0.881865 0
    outer loop
      vertex 19.2702 1.47984 4
      vertex 19.175 1.42894 0
      vertex 19.2702 1.47984 0
    endloop
  endfacet
  facet normal 0.290385 -0.95691 0
    outer loop
      vertex 19.0357 2.84079 4
      vertex 19.2235 2.89778 6
      vertex 19.0357 2.84079 6
    endloop
  endfacet
  facet normal 0.290385 -0.95691 0
    outer loop
      vertex 19.2235 2.89778 6
      vertex 19.0357 2.84079 4
      vertex 19.2235 2.89778 4
    endloop
  endfacet
  facet normal -0.995156 -0.0983089 0
    outer loop
      vertex 22.9936 0.196209 4
      vertex 22.9743 0.391578 6
      vertex 22.9743 0.391578 4
    endloop
  endfacet
  facet normal -0.995156 -0.0983089 0
    outer loop
      vertex 22.9743 0.391578 6
      vertex 22.9936 0.196209 4
      vertex 22.9936 0.196209 6
    endloop
  endfacet
  facet normal -0.999468 -0.0326009 0
    outer loop
      vertex 23 0 4
      vertex 22.9936 0.196209 6
      vertex 22.9936 0.196209 4
    endloop
  endfacet
  facet normal -0.999468 -0.0326009 0
    outer loop
      vertex 22.9936 0.196209 6
      vertex 23 0 4
      vertex 23 0 6
    endloop
  endfacet
  facet normal -0.986708 -0.162504 0
    outer loop
      vertex 22.9743 0.391578 4
      vertex 22.9424 0.585271 6
      vertex 22.9424 0.585271 4
    endloop
  endfacet
  facet normal -0.986708 -0.162504 0
    outer loop
      vertex 22.9424 0.585271 6
      vertex 22.9743 0.391578 4
      vertex 22.9743 0.391578 6
    endloop
  endfacet
  facet normal -0.528102 0.849181 0
    outer loop
      vertex 21.6667 -2.49441 4
      vertex 21.5 -2.59808 6
      vertex 21.6667 -2.49441 6
    endloop
  endfacet
  facet normal -0.528102 0.849181 0
    outer loop
      vertex 21.5 -2.59808 6
      vertex 21.6667 -2.49441 4
      vertex 21.5 -2.59808 4
    endloop
  endfacet
  facet normal -0.471461 0.881887 0
    outer loop
      vertex 21.5 -2.59808 4
      vertex 21.3269 -2.69062 6
      vertex 21.5 -2.59808 6
    endloop
  endfacet
  facet normal -0.471461 0.881887 0
    outer loop
      vertex 21.3269 -2.69062 6
      vertex 21.5 -2.59808 4
      vertex 21.3269 -2.69062 4
    endloop
  endfacet
  facet normal -0.582418 0.812889 0
    outer loop
      vertex 21.8263 -2.38006 4
      vertex 21.6667 -2.49441 6
      vertex 21.8263 -2.38006 6
    endloop
  endfacet
  facet normal -0.582418 0.812889 0
    outer loop
      vertex 21.6667 -2.49441 6
      vertex 21.8263 -2.38006 4
      vertex 21.6667 -2.49441 4
    endloop
  endfacet
  facet normal -0.849127 -0.528189 0
    outer loop
      vertex 22.5981 1.5 4
      vertex 22.4944 1.66671 6
      vertex 22.4944 1.66671 4
    endloop
  endfacet
  facet normal -0.849127 -0.528189 0
    outer loop
      vertex 22.4944 1.66671 6
      vertex 22.5981 1.5 4
      vertex 22.5981 1.5 6
    endloop
  endfacet
  facet normal 0.0327042 0.999465 -0
    outer loop
      vertex 20 -3 4
      vertex 19.8038 -2.99358 6
      vertex 20 -3 6
    endloop
  endfacet
  facet normal 0.0327042 0.999465 0
    outer loop
      vertex 19.8038 -2.99358 6
      vertex 20 -3 4
      vertex 19.8038 -2.99358 4
    endloop
  endfacet
  facet normal -0.956922 0.290345 0
    outer loop
      vertex 22.8408 -0.964318 4
      vertex 22.8978 -0.776457 6
      vertex 22.8978 -0.776457 4
    endloop
  endfacet
  facet normal -0.956922 0.290345 0
    outer loop
      vertex 22.8978 -0.776457 6
      vertex 22.8408 -0.964318 4
      vertex 22.8408 -0.964318 6
    endloop
  endfacet
  facet normal -0.935825 -0.352465 0
    outer loop
      vertex 22.8408 0.964318 4
      vertex 22.7716 1.14805 6
      vertex 22.7716 1.14805 4
    endloop
  endfacet
  facet normal -0.935825 -0.352465 0
    outer loop
      vertex 22.7716 1.14805 6
      vertex 22.8408 0.964318 4
      vertex 22.8408 0.964318 6
    endloop
  endfacet
  facet normal -0.973853 -0.227181 0
    outer loop
      vertex 22.9424 0.585271 4
      vertex 22.8978 0.776457 6
      vertex 22.8978 0.776457 4
    endloop
  endfacet
  facet normal -0.973853 -0.227181 0
    outer loop
      vertex 22.8978 0.776457 6
      vertex 22.9424 0.585271 4
      vertex 22.9424 0.585271 6
    endloop
  endfacet
  facet normal 0.471461 0.881887 -0
    outer loop
      vertex 18.6731 -2.69062 4
      vertex 18.5 -2.59808 6
      vertex 18.6731 -2.69062 6
    endloop
  endfacet
  facet normal 0.471461 0.881887 0
    outer loop
      vertex 18.5 -2.59808 6
      vertex 18.6731 -2.69062 4
      vertex 18.5 -2.59808 4
    endloop
  endfacet
  facet normal 0.995156 -0.0983089 0
    outer loop
      vertex 17.0064 0.196209 6
      vertex 17.0257 0.391578 4
      vertex 17.0257 0.391578 6
    endloop
  endfacet
  facet normal 0.995156 -0.0983089 0
    outer loop
      vertex 17.0257 0.391578 4
      vertex 17.0064 0.196209 6
      vertex 17.0064 0.196209 4
    endloop
  endfacet
  facet normal 0.973853 -0.227181 0
    outer loop
      vertex 17.0576 0.585271 6
      vertex 17.1022 0.776457 4
      vertex 17.1022 0.776457 6
    endloop
  endfacet
  facet normal 0.973853 -0.227181 0
    outer loop
      vertex 17.1022 0.776457 4
      vertex 17.0576 0.585271 6
      vertex 17.0576 0.585271 4
    endloop
  endfacet
  facet normal -0.0327042 0.999465 0
    outer loop
      vertex 20.1962 -2.99358 4
      vertex 20 -3 6
      vertex 20.1962 -2.99358 6
    endloop
  endfacet
  facet normal -0.0327042 0.999465 0
    outer loop
      vertex 20 -3 6
      vertex 20.1962 -2.99358 4
      vertex 20 -3 4
    endloop
  endfacet
  facet normal -0.729855 -0.683602 0
    outer loop
      vertex 22.2555 1.97804 4
      vertex 22.1213 2.12132 6
      vertex 22.1213 2.12132 4
    endloop
  endfacet
  facet normal -0.729855 -0.683602 0
    outer loop
      vertex 22.1213 2.12132 6
      vertex 22.2555 1.97804 4
      vertex 22.2555 1.97804 6
    endloop
  endfacet
  facet normal 0.882006 -0.471239 0
    outer loop
      vertex 17.3094 1.32687 6
      vertex 17.4019 1.5 4
      vertex 17.4019 1.5 6
    endloop
  endfacet
  facet normal 0.882006 -0.471239 0
    outer loop
      vertex 17.4019 1.5 4
      vertex 17.3094 1.32687 6
      vertex 17.3094 1.32687 4
    endloop
  endfacet
  facet normal -0.582418 -0.812889 0
    outer loop
      vertex 21.6667 2.49441 4
      vertex 21.8263 2.38006 6
      vertex 21.6667 2.49441 6
    endloop
  endfacet
  facet normal -0.582418 -0.812889 -0
    outer loop
      vertex 21.8263 2.38006 6
      vertex 21.6667 2.49441 4
      vertex 21.8263 2.38006 4
    endloop
  endfacet
  facet normal 0.935825 0.352465 0
    outer loop
      vertex 17.2284 -1.14805 6
      vertex 17.1592 -0.964318 4
      vertex 17.1592 -0.964318 6
    endloop
  endfacet
  facet normal 0.935825 0.352465 0
    outer loop
      vertex 17.1592 -0.964318 4
      vertex 17.2284 -1.14805 6
      vertex 17.2284 -1.14805 4
    endloop
  endfacet
  facet normal 0.683551 -0.729902 0
    outer loop
      vertex 17.8787 2.12132 4
      vertex 18.022 2.25552 6
      vertex 17.8787 2.12132 6
    endloop
  endfacet
  facet normal 0.683551 -0.729902 0
    outer loop
      vertex 18.022 2.25552 6
      vertex 17.8787 2.12132 4
      vertex 18.022 2.25552 4
    endloop
  endfacet
  facet normal 0.849127 -0.528189 0
    outer loop
      vertex 17.4019 1.5 6
      vertex 17.5056 1.66671 4
      vertex 17.5056 1.66671 6
    endloop
  endfacet
  facet normal 0.849127 -0.528189 0
    outer loop
      vertex 17.5056 1.66671 4
      vertex 17.4019 1.5 6
      vertex 17.4019 1.5 4
    endloop
  endfacet
  facet normal -0.729855 0.683602 0
    outer loop
      vertex 22.1213 -2.12132 4
      vertex 22.2555 -1.97804 6
      vertex 22.2555 -1.97804 4
    endloop
  endfacet
  facet normal -0.729855 0.683602 0
    outer loop
      vertex 22.2555 -1.97804 6
      vertex 22.1213 -2.12132 4
      vertex 22.1213 -2.12132 6
    endloop
  endfacet
  facet normal 0.162846 0.986652 -0
    outer loop
      vertex 19.6084 -2.97433 4
      vertex 19.4147 -2.94236 6
      vertex 19.6084 -2.97433 6
    endloop
  endfacet
  facet normal 0.162846 0.986652 0
    outer loop
      vertex 19.4147 -2.94236 6
      vertex 19.6084 -2.97433 4
      vertex 19.4147 -2.94236 4
    endloop
  endfacet
  facet normal 0.849127 0.528189 0
    outer loop
      vertex 17.5056 -1.66671 6
      vertex 17.4019 -1.5 4
      vertex 17.4019 -1.5 6
    endloop
  endfacet
  facet normal 0.849127 0.528189 0
    outer loop
      vertex 17.4019 -1.5 4
      vertex 17.5056 -1.66671 6
      vertex 17.5056 -1.66671 4
    endloop
  endfacet
  facet normal 0.956922 0.290345 0
    outer loop
      vertex 17.1592 -0.964318 6
      vertex 17.1022 -0.776457 4
      vertex 17.1022 -0.776457 6
    endloop
  endfacet
  facet normal 0.956922 0.290345 0
    outer loop
      vertex 17.1022 -0.776457 4
      vertex 17.1592 -0.964318 6
      vertex 17.1592 -0.964318 4
    endloop
  endfacet
  facet normal -0.162846 0.986652 0
    outer loop
      vertex 20.5853 -2.94236 4
      vertex 20.3916 -2.97433 6
      vertex 20.5853 -2.94236 6
    endloop
  endfacet
  facet normal -0.162846 0.986652 0
    outer loop
      vertex 20.3916 -2.97433 6
      vertex 20.5853 -2.94236 4
      vertex 20.3916 -2.97433 4
    endloop
  endfacet
  facet normal 0.812958 -0.582322 0
    outer loop
      vertex 17.5056 1.66671 6
      vertex 17.6199 1.82628 4
      vertex 17.6199 1.82628 6
    endloop
  endfacet
  facet normal 0.812958 -0.582322 0
    outer loop
      vertex 17.6199 1.82628 4
      vertex 17.5056 1.66671 6
      vertex 17.5056 1.66671 4
    endloop
  endfacet
  facet normal -0.772876 -0.634557 0
    outer loop
      vertex 22.3801 1.82628 4
      vertex 22.2555 1.97804 6
      vertex 22.2555 1.97804 4
    endloop
  endfacet
  facet normal -0.772876 -0.634557 0
    outer loop
      vertex 22.2555 1.97804 6
      vertex 22.3801 1.82628 4
      vertex 22.3801 1.82628 6
    endloop
  endfacet
  facet normal 0.683551 0.729902 -0
    outer loop
      vertex 18.022 -2.25552 4
      vertex 17.8787 -2.12132 6
      vertex 18.022 -2.25552 6
    endloop
  endfacet
  facet normal 0.683551 0.729902 0
    outer loop
      vertex 17.8787 -2.12132 6
      vertex 18.022 -2.25552 4
      vertex 17.8787 -2.12132 4
    endloop
  endfacet
  facet normal 0.352296 -0.935889 0
    outer loop
      vertex 18.852 2.77164 4
      vertex 19.0357 2.84079 6
      vertex 18.852 2.77164 6
    endloop
  endfacet
  facet normal 0.352296 -0.935889 0
    outer loop
      vertex 19.0357 2.84079 6
      vertex 18.852 2.77164 4
      vertex 19.0357 2.84079 4
    endloop
  endfacet
  facet normal -0.352296 -0.935889 0
    outer loop
      vertex 20.9643 2.84079 4
      vertex 21.148 2.77164 6
      vertex 20.9643 2.84079 6
    endloop
  endfacet
  facet normal -0.352296 -0.935889 -0
    outer loop
      vertex 21.148 2.77164 6
      vertex 20.9643 2.84079 4
      vertex 21.148 2.77164 4
    endloop
  endfacet
  facet normal -0.0980413 0.995182 0
    outer loop
      vertex 20.3916 -2.97433 4
      vertex 20.1962 -2.99358 6
      vertex 20.3916 -2.97433 6
    endloop
  endfacet
  facet normal -0.0980413 0.995182 0
    outer loop
      vertex 20.1962 -2.99358 6
      vertex 20.3916 -2.97433 4
      vertex 20.1962 -2.99358 4
    endloop
  endfacet
  facet normal -0.528102 -0.849181 0
    outer loop
      vertex 21.5 2.59808 4
      vertex 21.6667 2.49441 6
      vertex 21.5 2.59808 6
    endloop
  endfacet
  facet normal -0.528102 -0.849181 -0
    outer loop
      vertex 21.6667 2.49441 6
      vertex 21.5 2.59808 4
      vertex 21.6667 2.49441 4
    endloop
  endfacet
  facet normal 0.995156 0.0983089 0
    outer loop
      vertex 17.0257 -0.391578 6
      vertex 17.0064 -0.196209 4
      vertex 17.0064 -0.196209 6
    endloop
  endfacet
  facet normal 0.995156 0.0983089 0
    outer loop
      vertex 17.0064 -0.196209 4
      vertex 17.0257 -0.391578 6
      vertex 17.0257 -0.391578 4
    endloop
  endfacet
  facet normal -0.986708 0.162504 0
    outer loop
      vertex 22.9424 -0.585271 4
      vertex 22.9743 -0.391578 6
      vertex 22.9743 -0.391578 4
    endloop
  endfacet
  facet normal -0.986708 0.162504 0
    outer loop
      vertex 22.9743 -0.391578 6
      vertex 22.9424 -0.585271 4
      vertex 22.9424 -0.585271 6
    endloop
  endfacet
  facet normal -0.812958 -0.582322 0
    outer loop
      vertex 22.4944 1.66671 4
      vertex 22.3801 1.82628 6
      vertex 22.3801 1.82628 4
    endloop
  endfacet
  facet normal -0.812958 -0.582322 0
    outer loop
      vertex 22.3801 1.82628 6
      vertex 22.4944 1.66671 4
      vertex 22.4944 1.66671 6
    endloop
  endfacet
  facet normal -0.634524 -0.772903 0
    outer loop
      vertex 21.8263 2.38006 4
      vertex 21.978 2.25552 6
      vertex 21.8263 2.38006 6
    endloop
  endfacet
  facet normal -0.634524 -0.772903 -0
    outer loop
      vertex 21.978 2.25552 6
      vertex 21.8263 2.38006 4
      vertex 21.978 2.25552 4
    endloop
  endfacet
  facet normal -0.849127 0.528189 0
    outer loop
      vertex 22.4944 -1.66671 4
      vertex 22.5981 -1.5 6
      vertex 22.5981 -1.5 4
    endloop
  endfacet
  facet normal -0.849127 0.528189 0
    outer loop
      vertex 22.5981 -1.5 6
      vertex 22.4944 -1.66671 4
      vertex 22.4944 -1.66671 6
    endloop
  endfacet
  facet normal -0.882006 -0.471239 0
    outer loop
      vertex 22.6906 1.32687 4
      vertex 22.5981 1.5 6
      vertex 22.5981 1.5 4
    endloop
  endfacet
  facet normal -0.882006 -0.471239 0
    outer loop
      vertex 22.5981 1.5 6
      vertex 22.6906 1.32687 4
      vertex 22.6906 1.32687 6
    endloop
  endfacet
  facet normal -0.910906 -0.412613 0
    outer loop
      vertex 22.7716 1.14805 4
      vertex 22.6906 1.32687 6
      vertex 22.6906 1.32687 4
    endloop
  endfacet
  facet normal -0.910906 -0.412613 0
    outer loop
      vertex 22.6906 1.32687 6
      vertex 22.7716 1.14805 4
      vertex 22.7716 1.14805 6
    endloop
  endfacet
  facet normal 0.528102 -0.849181 0
    outer loop
      vertex 18.3333 2.49441 4
      vertex 18.5 2.59808 6
      vertex 18.3333 2.49441 6
    endloop
  endfacet
  facet normal 0.528102 -0.849181 0
    outer loop
      vertex 18.5 2.59808 6
      vertex 18.3333 2.49441 4
      vertex 18.5 2.59808 4
    endloop
  endfacet
  facet normal -0.956922 -0.290345 0
    outer loop
      vertex 22.8978 0.776457 4
      vertex 22.8408 0.964318 6
      vertex 22.8408 0.964318 4
    endloop
  endfacet
  facet normal -0.956922 -0.290345 0
    outer loop
      vertex 22.8408 0.964318 6
      vertex 22.8978 0.776457 4
      vertex 22.8978 0.776457 6
    endloop
  endfacet
  facet normal -0.290385 0.95691 0
    outer loop
      vertex 20.9643 -2.84079 4
      vertex 20.7765 -2.89778 6
      vertex 20.9643 -2.84079 6
    endloop
  endfacet
  facet normal -0.290385 0.95691 0
    outer loop
      vertex 20.7765 -2.89778 6
      vertex 20.9643 -2.84079 4
      vertex 20.7765 -2.89778 4
    endloop
  endfacet
  facet normal -0.772876 0.634557 0
    outer loop
      vertex 22.2555 -1.97804 4
      vertex 22.3801 -1.82628 6
      vertex 22.3801 -1.82628 4
    endloop
  endfacet
  facet normal -0.772876 0.634557 0
    outer loop
      vertex 22.3801 -1.82628 6
      vertex 22.2555 -1.97804 4
      vertex 22.2555 -1.97804 6
    endloop
  endfacet
  facet normal -0.882006 0.471239 0
    outer loop
      vertex 22.5981 -1.5 4
      vertex 22.6906 -1.32687 6
      vertex 22.6906 -1.32687 4
    endloop
  endfacet
  facet normal -0.882006 0.471239 0
    outer loop
      vertex 22.6906 -1.32687 6
      vertex 22.5981 -1.5 4
      vertex 22.5981 -1.5 6
    endloop
  endfacet
  facet normal 0.634524 0.772903 -0
    outer loop
      vertex 18.1737 -2.38006 4
      vertex 18.022 -2.25552 6
      vertex 18.1737 -2.38006 6
    endloop
  endfacet
  facet normal 0.634524 0.772903 0
    outer loop
      vertex 18.022 -2.25552 6
      vertex 18.1737 -2.38006 4
      vertex 18.022 -2.25552 4
    endloop
  endfacet
  facet normal 0.0327042 -0.999465 0
    outer loop
      vertex 19.8038 2.99358 4
      vertex 20 3 6
      vertex 19.8038 2.99358 6
    endloop
  endfacet
  facet normal 0.0327042 -0.999465 0
    outer loop
      vertex 20 3 6
      vertex 19.8038 2.99358 4
      vertex 20 3 4
    endloop
  endfacet
  facet normal 0.973853 0.227181 0
    outer loop
      vertex 17.1022 -0.776457 6
      vertex 17.0576 -0.585271 4
      vertex 17.0576 -0.585271 6
    endloop
  endfacet
  facet normal 0.973853 0.227181 0
    outer loop
      vertex 17.0576 -0.585271 4
      vertex 17.1022 -0.776457 6
      vertex 17.1022 -0.776457 4
    endloop
  endfacet
  facet normal 0.729855 0.683602 0
    outer loop
      vertex 17.8787 -2.12132 6
      vertex 17.7445 -1.97804 4
      vertex 17.7445 -1.97804 6
    endloop
  endfacet
  facet normal 0.729855 0.683602 0
    outer loop
      vertex 17.7445 -1.97804 4
      vertex 17.8787 -2.12132 6
      vertex 17.8787 -2.12132 4
    endloop
  endfacet
  facet normal -0.973853 0.227181 0
    outer loop
      vertex 22.8978 -0.776457 4
      vertex 22.9424 -0.585271 6
      vertex 22.9424 -0.585271 4
    endloop
  endfacet
  facet normal -0.973853 0.227181 0
    outer loop
      vertex 22.9424 -0.585271 6
      vertex 22.8978 -0.776457 4
      vertex 22.8978 -0.776457 6
    endloop
  endfacet
  facet normal 0.935825 -0.352465 0
    outer loop
      vertex 17.1592 0.964318 6
      vertex 17.2284 1.14805 4
      vertex 17.2284 1.14805 6
    endloop
  endfacet
  facet normal 0.935825 -0.352465 0
    outer loop
      vertex 17.2284 1.14805 4
      vertex 17.1592 0.964318 6
      vertex 17.1592 0.964318 4
    endloop
  endfacet
  facet normal 0.162846 -0.986652 0
    outer loop
      vertex 19.4147 2.94236 4
      vertex 19.6084 2.97433 6
      vertex 19.4147 2.94236 6
    endloop
  endfacet
  facet normal 0.162846 -0.986652 0
    outer loop
      vertex 19.6084 2.97433 6
      vertex 19.4147 2.94236 4
      vertex 19.6084 2.97433 4
    endloop
  endfacet
  facet normal -0.352296 0.935889 0
    outer loop
      vertex 21.148 -2.77164 4
      vertex 20.9643 -2.84079 6
      vertex 21.148 -2.77164 6
    endloop
  endfacet
  facet normal -0.352296 0.935889 0
    outer loop
      vertex 20.9643 -2.84079 6
      vertex 21.148 -2.77164 4
      vertex 20.9643 -2.84079 4
    endloop
  endfacet
  facet normal 0.986708 0.162504 0
    outer loop
      vertex 17.0576 -0.585271 6
      vertex 17.0257 -0.391578 4
      vertex 17.0257 -0.391578 6
    endloop
  endfacet
  facet normal 0.986708 0.162504 0
    outer loop
      vertex 17.0257 -0.391578 4
      vertex 17.0576 -0.585271 6
      vertex 17.0576 -0.585271 4
    endloop
  endfacet
  facet normal -0.995156 0.0983089 0
    outer loop
      vertex 22.9743 -0.391578 4
      vertex 22.9936 -0.196209 6
      vertex 22.9936 -0.196209 4
    endloop
  endfacet
  facet normal -0.995156 0.0983089 0
    outer loop
      vertex 22.9936 -0.196209 6
      vertex 22.9743 -0.391578 4
      vertex 22.9743 -0.391578 6
    endloop
  endfacet
  facet normal 0.528102 0.849181 -0
    outer loop
      vertex 18.5 -2.59808 4
      vertex 18.3333 -2.49441 6
      vertex 18.5 -2.59808 6
    endloop
  endfacet
  facet normal 0.528102 0.849181 0
    outer loop
      vertex 18.3333 -2.49441 6
      vertex 18.5 -2.59808 4
      vertex 18.3333 -2.49441 4
    endloop
  endfacet
  facet normal 0.0980413 -0.995182 0
    outer loop
      vertex 19.6084 2.97433 4
      vertex 19.8038 2.99358 6
      vertex 19.6084 2.97433 6
    endloop
  endfacet
  facet normal 0.0980413 -0.995182 0
    outer loop
      vertex 19.8038 2.99358 6
      vertex 19.6084 2.97433 4
      vertex 19.8038 2.99358 4
    endloop
  endfacet
  facet normal -0.227069 -0.973879 0
    outer loop
      vertex 20.5853 2.94236 4
      vertex 20.7765 2.89778 6
      vertex 20.5853 2.94236 6
    endloop
  endfacet
  facet normal -0.227069 -0.973879 -0
    outer loop
      vertex 20.7765 2.89778 6
      vertex 20.5853 2.94236 4
      vertex 20.7765 2.89778 4
    endloop
  endfacet
  facet normal 0.0980413 0.995182 -0
    outer loop
      vertex 19.8038 -2.99358 4
      vertex 19.6084 -2.97433 6
      vertex 19.8038 -2.99358 6
    endloop
  endfacet
  facet normal 0.0980413 0.995182 0
    outer loop
      vertex 19.6084 -2.97433 6
      vertex 19.8038 -2.99358 4
      vertex 19.6084 -2.97433 4
    endloop
  endfacet
  facet normal -0.910906 0.412613 0
    outer loop
      vertex 22.6906 -1.32687 4
      vertex 22.7716 -1.14805 6
      vertex 22.7716 -1.14805 4
    endloop
  endfacet
  facet normal -0.910906 0.412613 0
    outer loop
      vertex 22.7716 -1.14805 6
      vertex 22.6906 -1.32687 4
      vertex 22.6906 -1.32687 6
    endloop
  endfacet
  facet normal -0.0980413 -0.995182 0
    outer loop
      vertex 20.1962 2.99358 4
      vertex 20.3916 2.97433 6
      vertex 20.1962 2.99358 6
    endloop
  endfacet
  facet normal -0.0980413 -0.995182 -0
    outer loop
      vertex 20.3916 2.97433 6
      vertex 20.1962 2.99358 4
      vertex 20.3916 2.97433 4
    endloop
  endfacet
  facet normal -0.812958 0.582322 0
    outer loop
      vertex 22.3801 -1.82628 4
      vertex 22.4944 -1.66671 6
      vertex 22.4944 -1.66671 4
    endloop
  endfacet
  facet normal -0.812958 0.582322 0
    outer loop
      vertex 22.4944 -1.66671 6
      vertex 22.3801 -1.82628 4
      vertex 22.3801 -1.82628 6
    endloop
  endfacet
  facet normal 0.634524 -0.772903 0
    outer loop
      vertex 18.022 2.25552 4
      vertex 18.1737 2.38006 6
      vertex 18.022 2.25552 6
    endloop
  endfacet
  facet normal 0.634524 -0.772903 0
    outer loop
      vertex 18.1737 2.38006 6
      vertex 18.022 2.25552 4
      vertex 18.1737 2.38006 4
    endloop
  endfacet
  facet normal -0.935825 0.352465 0
    outer loop
      vertex 22.7716 -1.14805 4
      vertex 22.8408 -0.964318 6
      vertex 22.8408 -0.964318 4
    endloop
  endfacet
  facet normal -0.935825 0.352465 0
    outer loop
      vertex 22.8408 -0.964318 6
      vertex 22.7716 -1.14805 4
      vertex 22.7716 -1.14805 6
    endloop
  endfacet
  facet normal 0.772876 0.634557 0
    outer loop
      vertex 17.7445 -1.97804 6
      vertex 17.6199 -1.82628 4
      vertex 17.6199 -1.82628 6
    endloop
  endfacet
  facet normal 0.772876 0.634557 0
    outer loop
      vertex 17.6199 -1.82628 4
      vertex 17.7445 -1.97804 6
      vertex 17.7445 -1.97804 4
    endloop
  endfacet
  facet normal -0.162846 -0.986652 0
    outer loop
      vertex 20.3916 2.97433 4
      vertex 20.5853 2.94236 6
      vertex 20.3916 2.97433 6
    endloop
  endfacet
  facet normal -0.162846 -0.986652 -0
    outer loop
      vertex 20.5853 2.94236 6
      vertex 20.3916 2.97433 4
      vertex 20.5853 2.94236 4
    endloop
  endfacet
  facet normal 0.812958 0.582322 0
    outer loop
      vertex 17.6199 -1.82628 6
      vertex 17.5056 -1.66671 4
      vertex 17.5056 -1.66671 6
    endloop
  endfacet
  facet normal 0.812958 0.582322 0
    outer loop
      vertex 17.5056 -1.66671 4
      vertex 17.6199 -1.82628 6
      vertex 17.6199 -1.82628 4
    endloop
  endfacet
  facet normal -0.471461 -0.881887 0
    outer loop
      vertex 21.3269 2.69062 4
      vertex 21.5 2.59808 6
      vertex 21.3269 2.69062 6
    endloop
  endfacet
  facet normal -0.471461 -0.881887 -0
    outer loop
      vertex 21.5 2.59808 6
      vertex 21.3269 2.69062 4
      vertex 21.5 2.59808 4
    endloop
  endfacet
  facet normal 0.412544 -0.910938 0
    outer loop
      vertex 18.6731 2.69062 4
      vertex 18.852 2.77164 6
      vertex 18.6731 2.69062 6
    endloop
  endfacet
  facet normal 0.412544 -0.910938 0
    outer loop
      vertex 18.852 2.77164 6
      vertex 18.6731 2.69062 4
      vertex 18.852 2.77164 4
    endloop
  endfacet
  facet normal 0.986708 -0.162504 0
    outer loop
      vertex 17.0257 0.391578 6
      vertex 17.0576 0.585271 4
      vertex 17.0576 0.585271 6
    endloop
  endfacet
  facet normal 0.986708 -0.162504 0
    outer loop
      vertex 17.0576 0.585271 4
      vertex 17.0257 0.391578 6
      vertex 17.0257 0.391578 4
    endloop
  endfacet
  facet normal 0.882006 0.471239 0
    outer loop
      vertex 17.4019 -1.5 6
      vertex 17.3094 -1.32687 4
      vertex 17.3094 -1.32687 6
    endloop
  endfacet
  facet normal 0.882006 0.471239 0
    outer loop
      vertex 17.3094 -1.32687 4
      vertex 17.4019 -1.5 6
      vertex 17.4019 -1.5 4
    endloop
  endfacet
  facet normal 0.910906 -0.412613 0
    outer loop
      vertex 17.2284 1.14805 6
      vertex 17.3094 1.32687 4
      vertex 17.3094 1.32687 6
    endloop
  endfacet
  facet normal 0.910906 -0.412613 0
    outer loop
      vertex 17.3094 1.32687 4
      vertex 17.2284 1.14805 6
      vertex 17.2284 1.14805 4
    endloop
  endfacet
  facet normal -0.0327042 -0.999465 0
    outer loop
      vertex 20 3 4
      vertex 20.1962 2.99358 6
      vertex 20 3 6
    endloop
  endfacet
  facet normal -0.0327042 -0.999465 -0
    outer loop
      vertex 20.1962 2.99358 6
      vertex 20 3 4
      vertex 20.1962 2.99358 4
    endloop
  endfacet
  facet normal -0.412544 0.910938 0
    outer loop
      vertex 21.3269 -2.69062 4
      vertex 21.148 -2.77164 6
      vertex 21.3269 -2.69062 6
    endloop
  endfacet
  facet normal -0.412544 0.910938 0
    outer loop
      vertex 21.148 -2.77164 6
      vertex 21.3269 -2.69062 4
      vertex 21.148 -2.77164 4
    endloop
  endfacet
  facet normal 0.910906 0.412613 0
    outer loop
      vertex 17.3094 -1.32687 6
      vertex 17.2284 -1.14805 4
      vertex 17.2284 -1.14805 6
    endloop
  endfacet
  facet normal 0.910906 0.412613 0
    outer loop
      vertex 17.2284 -1.14805 4
      vertex 17.3094 -1.32687 6
      vertex 17.3094 -1.32687 4
    endloop
  endfacet
  facet normal 0 0 1
    outer loop
      vertex 21.65 0 4
      vertex 23 0 4
      vertex 22.9936 0.196209 4
    endloop
  endfacet
  facet normal 0 0 1
    outer loop
      vertex 21.6465 0.107915 4
      vertex 22.9936 0.196209 4
      vertex 22.9743 0.391578 4
    endloop
  endfacet
  facet normal 0 0 1
    outer loop
      vertex 23 0 4
      vertex 21.65 0 4
      vertex 22.9936 -0.196209 4
    endloop
  endfacet
  facet normal 0 0 1
    outer loop
      vertex 21.6359 0.215367 4
      vertex 22.9743 0.391578 4
      vertex 22.9424 0.585271 4
    endloop
  endfacet
  facet normal -0 0 1
    outer loop
      vertex 21.6465 -0.107915 4
      vertex 22.9936 -0.196209 4
      vertex 21.65 0 4
    endloop
  endfacet
  facet normal 0 0 1
    outer loop
      vertex 21.6183 0.321898 4
      vertex 22.9424 0.585271 4
      vertex 22.8978 0.776457 4
    endloop
  endfacet
  facet normal 0 0 1
    outer loop
      vertex 22.9936 -0.196209 4
      vertex 21.6465 -0.107915 4
      vertex 22.9743 -0.391578 4
    endloop
  endfacet
  facet normal 0 0 1
    outer loop
      vertex 21.5938 0.427051 4
      vertex 22.8978 0.776457 4
      vertex 22.8408 0.964318 4
    endloop
  endfacet
  facet normal -0 0 1
    outer loop
      vertex 21.6359 -0.215367 4
      vertex 22.9743 -0.391578 4
      vertex 21.6465 -0.107915 4
    endloop
  endfacet
  facet normal 0 0 1
    outer loop
      vertex 21.5624 0.530375 4
      vertex 22.8408 0.964318 4
      vertex 22.7716 1.14805 4
    endloop
  endfacet
  facet normal 0 0 1
    outer loop
      vertex 22.9743 -0.391578 4
      vertex 21.6359 -0.215367 4
      vertex 22.9424 -0.585271 4
    endloop
  endfacet
  facet normal 0 0 1
    outer loop
      vertex 21.5244 0.631427 4
      vertex 22.7716 1.14805 4
      vertex 22.6906 1.32687 4
    endloop
  endfacet
  facet normal -0 0 1
    outer loop
      vertex 21.6183 -0.321898 4
      vertex 22.9424 -0.585271 4
      vertex 21.6359 -0.215367 4
    endloop
  endfacet
  facet normal 0 0 1
    outer loop
      vertex 21.4798 0.729775 4
      vertex 22.6906 1.32687 4
      vertex 22.5981 1.5 4
    endloop
  endfacet
  facet normal 0 0 1
    outer loop
      vertex 22.9424 -0.585271 4
      vertex 21.6183 -0.321898 4
      vertex 22.8978 -0.776457 4
    endloop
  endfacet
  facet normal 0 0 1
    outer loop
      vertex 21.4289 0.825 4
      vertex 22.5981 1.5 4
      vertex 22.4944 1.66671 4
    endloop
  endfacet
  facet normal -0 0 1
    outer loop
      vertex 21.5938 -0.427051 4
      vertex 22.8978 -0.776457 4
      vertex 21.6183 -0.321898 4
    endloop
  endfacet
  facet normal 0 0 1
    outer loop
      vertex 21.3719 0.916691 4
      vertex 22.4944 1.66671 4
      vertex 22.3801 1.82628 4
    endloop
  endfacet
  facet normal 0 0 1
    outer loop
      vertex 22.8978 -0.776457 4
      vertex 21.5938 -0.427051 4
      vertex 22.8408 -0.964318 4
    endloop
  endfacet
  facet normal 0 0 1
    outer loop
      vertex 21.309 1.00446 4
      vertex 22.3801 1.82628 4
      vertex 22.2555 1.97804 4
    endloop
  endfacet
  facet normal -0 0 1
    outer loop
      vertex 21.5624 -0.530375 4
      vertex 22.8408 -0.964318 4
      vertex 21.5938 -0.427051 4
    endloop
  endfacet
  facet normal 0 0 1
    outer loop
      vertex 21.2405 1.08792 4
      vertex 22.2555 1.97804 4
      vertex 22.1213 2.12132 4
    endloop
  endfacet
  facet normal 0 0 1
    outer loop
      vertex 22.8408 -0.964318 4
      vertex 21.5624 -0.530375 4
      vertex 22.7716 -1.14805 4
    endloop
  endfacet
  facet normal 0 0 1
    outer loop
      vertex 21.1667 1.16673 4
      vertex 22.1213 2.12132 4
      vertex 21.978 2.25552 4
    endloop
  endfacet
  facet normal -0 0 1
    outer loop
      vertex 21.5244 -0.631427 4
      vertex 22.7716 -1.14805 4
      vertex 21.5624 -0.530375 4
    endloop
  endfacet
  facet normal 0 0 1
    outer loop
      vertex 21.0879 1.24053 4
      vertex 21.978 2.25552 4
      vertex 21.8263 2.38006 4
    endloop
  endfacet
  facet normal 0 0 1
    outer loop
      vertex 22.7716 -1.14805 4
      vertex 21.5244 -0.631427 4
      vertex 22.6906 -1.32687 4
    endloop
  endfacet
  facet normal 0 0 1
    outer loop
      vertex 21.0045 1.30903 4
      vertex 21.8263 2.38006 4
      vertex 21.6667 2.49441 4
    endloop
  endfacet
  facet normal -0 0 1
    outer loop
      vertex 21.4798 -0.729775 4
      vertex 22.6906 -1.32687 4
      vertex 21.5244 -0.631427 4
    endloop
  endfacet
  facet normal 0 0 1
    outer loop
      vertex 22.6906 -1.32687 4
      vertex 21.4798 -0.729775 4
      vertex 22.5981 -1.5 4
    endloop
  endfacet
  facet normal 0 0 1
    outer loop
      vertex 22.9936 0.196209 4
      vertex 21.6465 0.107915 4
      vertex 21.65 0 4
    endloop
  endfacet
  facet normal 0 0 1
    outer loop
      vertex 22.9743 0.391578 4
      vertex 21.6359 0.215367 4
      vertex 21.6465 0.107915 4
    endloop
  endfacet
  facet normal 0 0 1
    outer loop
      vertex 22.9424 0.585271 4
      vertex 21.6183 0.321898 4
      vertex 21.6359 0.215367 4
    endloop
  endfacet
  facet normal 0 0 1
    outer loop
      vertex 22.8978 0.776457 4
      vertex 21.5938 0.427051 4
      vertex 21.6183 0.321898 4
    endloop
  endfacet
  facet normal 0 0 1
    outer loop
      vertex 22.8408 0.964318 4
      vertex 21.5624 0.530375 4
      vertex 21.5938 0.427051 4
    endloop
  endfacet
  facet normal 0 0 1
    outer loop
      vertex 22.7716 1.14805 4
      vertex 21.5244 0.631427 4
      vertex 21.5624 0.530375 4
    endloop
  endfacet
  facet normal 0 0 1
    outer loop
      vertex 20.9167 1.37192 4
      vertex 21.6667 2.49441 4
      vertex 21.5 2.59808 4
    endloop
  endfacet
  facet normal 0 0 1
    outer loop
      vertex 22.6906 1.32687 4
      vertex 21.4798 0.729775 4
      vertex 21.5244 0.631427 4
    endloop
  endfacet
  facet normal 0 0 1
    outer loop
      vertex 22.5981 1.5 4
      vertex 21.4289 0.825 4
      vertex 21.4798 0.729775 4
    endloop
  endfacet
  facet normal 0 0 1
    outer loop
      vertex 22.4944 1.66671 4
      vertex 21.3719 0.916691 4
      vertex 21.4289 0.825 4
    endloop
  endfacet
  facet normal 0 0 1
    outer loop
      vertex 20.825 1.42894 4
      vertex 21.5 2.59808 4
      vertex 21.3269 2.69062 4
    endloop
  endfacet
  facet normal 0 0 1
    outer loop
      vertex 22.3801 1.82628 4
      vertex 21.309 1.00446 4
      vertex 21.3719 0.916691 4
    endloop
  endfacet
  facet normal 0 0 1
    outer loop
      vertex 22.2555 1.97804 4
      vertex 21.2405 1.08792 4
      vertex 21.309 1.00446 4
    endloop
  endfacet
  facet normal 0 0 1
    outer loop
      vertex 22.1213 2.12132 4
      vertex 21.1667 1.16673 4
      vertex 21.2405 1.08792 4
    endloop
  endfacet
  facet normal 0 0 1
    outer loop
      vertex 20.7298 1.47984 4
      vertex 21.3269 2.69062 4
      vertex 21.148 2.77164 4
    endloop
  endfacet
  facet normal 0 0 1
    outer loop
      vertex 21.978 2.25552 4
      vertex 21.0879 1.24053 4
      vertex 21.1667 1.16673 4
    endloop
  endfacet
  facet normal 0 0 1
    outer loop
      vertex 21.8263 2.38006 4
      vertex 21.0045 1.30903 4
      vertex 21.0879 1.24053 4
    endloop
  endfacet
  facet normal 0 0 1
    outer loop
      vertex 20.6314 1.5244 4
      vertex 21.148 2.77164 4
      vertex 20.9643 2.84079 4
    endloop
  endfacet
  facet normal 0 0 1
    outer loop
      vertex 21.6667 2.49441 4
      vertex 20.9167 1.37192 4
      vertex 21.0045 1.30903 4
    endloop
  endfacet
  facet normal 0 0 1
    outer loop
      vertex 21.5 2.59808 4
      vertex 20.825 1.42894 4
      vertex 20.9167 1.37192 4
    endloop
  endfacet
  facet normal 0 0 1
    outer loop
      vertex 20.5304 1.56243 4
      vertex 20.9643 2.84079 4
      vertex 20.7765 2.89778 4
    endloop
  endfacet
  facet normal 0 0 1
    outer loop
      vertex 21.3269 2.69062 4
      vertex 20.7298 1.47984 4
      vertex 20.825 1.42894 4
    endloop
  endfacet
  facet normal 0 0 1
    outer loop
      vertex 21.148 2.77164 4
      vertex 20.6314 1.5244 4
      vertex 20.7298 1.47984 4
    endloop
  endfacet
  facet normal 0 0 1
    outer loop
      vertex 20.4271 1.59378 4
      vertex 20.7765 2.89778 4
      vertex 20.5853 2.94236 4
    endloop
  endfacet
  facet normal 0 0 1
    outer loop
      vertex 20.9643 2.84079 4
      vertex 20.5304 1.56243 4
      vertex 20.6314 1.5244 4
    endloop
  endfacet
  facet normal 0 0 1
    outer loop
      vertex 20.7765 2.89778 4
      vertex 20.4271 1.59378 4
      vertex 20.5304 1.56243 4
    endloop
  endfacet
  facet normal 0 0 1
    outer loop
      vertex 20.3219 1.6183 4
      vertex 20.5853 2.94236 4
      vertex 20.3916 2.97433 4
    endloop
  endfacet
  facet normal 0 0 1
    outer loop
      vertex 20.5853 2.94236 4
      vertex 20.3219 1.6183 4
      vertex 20.4271 1.59378 4
    endloop
  endfacet
  facet normal 0 0 1
    outer loop
      vertex 20.3916 2.97433 4
      vertex 20.2154 1.63588 4
      vertex 20.3219 1.6183 4
    endloop
  endfacet
  facet normal 0 0 1
    outer loop
      vertex 20.1962 2.99358 4
      vertex 20.2154 1.63588 4
      vertex 20.3916 2.97433 4
    endloop
  endfacet
  facet normal 0 0 1
    outer loop
      vertex 20.1962 2.99358 4
      vertex 20.1079 1.64647 4
      vertex 20.2154 1.63588 4
    endloop
  endfacet
  facet normal 0 0 1
    outer loop
      vertex 20 3 4
      vertex 20.1079 1.64647 4
      vertex 20.1962 2.99358 4
    endloop
  endfacet
  facet normal 0 0 1
    outer loop
      vertex 20 3 4
      vertex 20 1.65 4
      vertex 20.1079 1.64647 4
    endloop
  endfacet
  facet normal 0 0 1
    outer loop
      vertex 20 3 4
      vertex 19.8921 1.64647 4
      vertex 20 1.65 4
    endloop
  endfacet
  facet normal -0 0 1
    outer loop
      vertex 19.8038 2.99358 4
      vertex 19.8921 1.64647 4
      vertex 20 3 4
    endloop
  endfacet
  facet normal 0 0 1
    outer loop
      vertex 19.8038 2.99358 4
      vertex 19.7846 1.63588 4
      vertex 19.8921 1.64647 4
    endloop
  endfacet
  facet normal -0 0 1
    outer loop
      vertex 19.6084 2.97433 4
      vertex 19.7846 1.63588 4
      vertex 19.8038 2.99358 4
    endloop
  endfacet
  facet normal 0 0 1
    outer loop
      vertex 19.7846 1.63588 4
      vertex 19.6084 2.97433 4
      vertex 19.6781 1.6183 4
    endloop
  endfacet
  facet normal -0 0 1
    outer loop
      vertex 19.4147 2.94236 4
      vertex 19.6781 1.6183 4
      vertex 19.6084 2.97433 4
    endloop
  endfacet
  facet normal 0 0 1
    outer loop
      vertex 19.6781 1.6183 4
      vertex 19.4147 2.94236 4
      vertex 19.5729 1.59378 4
    endloop
  endfacet
  facet normal -0 0 1
    outer loop
      vertex 19.2235 2.89778 4
      vertex 19.5729 1.59378 4
      vertex 19.4147 2.94236 4
    endloop
  endfacet
  facet normal 0 0 1
    outer loop
      vertex 19.5729 1.59378 4
      vertex 19.2235 2.89778 4
      vertex 19.4696 1.56243 4
    endloop
  endfacet
  facet normal -0 0 1
    outer loop
      vertex 19.0357 2.84079 4
      vertex 19.4696 1.56243 4
      vertex 19.2235 2.89778 4
    endloop
  endfacet
  facet normal 0 0 1
    outer loop
      vertex 19.4696 1.56243 4
      vertex 19.0357 2.84079 4
      vertex 19.3686 1.5244 4
    endloop
  endfacet
  facet normal -0 0 1
    outer loop
      vertex 18.852 2.77164 4
      vertex 19.3686 1.5244 4
      vertex 19.0357 2.84079 4
    endloop
  endfacet
  facet normal 0 0 1
    outer loop
      vertex 19.3686 1.5244 4
      vertex 18.852 2.77164 4
      vertex 19.2702 1.47984 4
    endloop
  endfacet
  facet normal -0 0 1
    outer loop
      vertex 18.6731 2.69062 4
      vertex 19.2702 1.47984 4
      vertex 18.852 2.77164 4
    endloop
  endfacet
  facet normal 0 0 1
    outer loop
      vertex 19.2702 1.47984 4
      vertex 18.6731 2.69062 4
      vertex 19.175 1.42894 4
    endloop
  endfacet
  facet normal -0 0 1
    outer loop
      vertex 18.5 2.59808 4
      vertex 19.175 1.42894 4
      vertex 18.6731 2.69062 4
    endloop
  endfacet
  facet normal 0 0 1
    outer loop
      vertex 19.175 1.42894 4
      vertex 18.5 2.59808 4
      vertex 19.0833 1.37192 4
    endloop
  endfacet
  facet normal -0 0 1
    outer loop
      vertex 18.3333 2.49441 4
      vertex 19.0833 1.37192 4
      vertex 18.5 2.59808 4
    endloop
  endfacet
  facet normal 0 0 1
    outer loop
      vertex 19.0833 1.37192 4
      vertex 18.3333 2.49441 4
      vertex 18.9955 1.30903 4
    endloop
  endfacet
  facet normal -0 0 1
    outer loop
      vertex 18.1737 2.38006 4
      vertex 18.9955 1.30903 4
      vertex 18.3333 2.49441 4
    endloop
  endfacet
  facet normal 0 0 1
    outer loop
      vertex 18.9955 1.30903 4
      vertex 18.1737 2.38006 4
      vertex 18.9121 1.24053 4
    endloop
  endfacet
  facet normal -0 0 1
    outer loop
      vertex 18.022 2.25552 4
      vertex 18.9121 1.24053 4
      vertex 18.1737 2.38006 4
    endloop
  endfacet
  facet normal 0 0 1
    outer loop
      vertex 18.9121 1.24053 4
      vertex 18.022 2.25552 4
      vertex 18.8333 1.16673 4
    endloop
  endfacet
  facet normal -0 0 1
    outer loop
      vertex 17.8787 2.12132 4
      vertex 18.8333 1.16673 4
      vertex 18.022 2.25552 4
    endloop
  endfacet
  facet normal 0 0 1
    outer loop
      vertex 18.8333 1.16673 4
      vertex 17.8787 2.12132 4
      vertex 18.7595 1.08792 4
    endloop
  endfacet
  facet normal -0 0 1
    outer loop
      vertex 17.7445 1.97804 4
      vertex 18.7595 1.08792 4
      vertex 17.8787 2.12132 4
    endloop
  endfacet
  facet normal 0 0 1
    outer loop
      vertex 18.7595 1.08792 4
      vertex 17.7445 1.97804 4
      vertex 18.691 1.00446 4
    endloop
  endfacet
  facet normal -0 0 1
    outer loop
      vertex 17.6199 1.82628 4
      vertex 18.691 1.00446 4
      vertex 17.7445 1.97804 4
    endloop
  endfacet
  facet normal 0 0 1
    outer loop
      vertex 18.691 1.00446 4
      vertex 17.6199 1.82628 4
      vertex 18.6281 0.916691 4
    endloop
  endfacet
  facet normal -0 0 1
    outer loop
      vertex 17.5056 1.66671 4
      vertex 18.6281 0.916691 4
      vertex 17.6199 1.82628 4
    endloop
  endfacet
  facet normal 0 0 1
    outer loop
      vertex 18.6281 0.916691 4
      vertex 17.5056 1.66671 4
      vertex 18.5711 0.825 4
    endloop
  endfacet
  facet normal 0 0 1
    outer loop
      vertex 18.5711 0.825 4
      vertex 17.4019 1.5 4
      vertex 18.5202 0.729775 4
    endloop
  endfacet
  facet normal -0 0 1
    outer loop
      vertex 17.4019 1.5 4
      vertex 18.5711 0.825 4
      vertex 17.5056 1.66671 4
    endloop
  endfacet
  facet normal -0 0 1
    outer loop
      vertex 21.4289 -0.825 4
      vertex 22.5981 -1.5 4
      vertex 21.4798 -0.729775 4
    endloop
  endfacet
  facet normal 0 0 1
    outer loop
      vertex 22.5981 -1.5 4
      vertex 21.4289 -0.825 4
      vertex 22.4944 -1.66671 4
    endloop
  endfacet
  facet normal -0 0 1
    outer loop
      vertex 21.3719 -0.916691 4
      vertex 22.4944 -1.66671 4
      vertex 21.4289 -0.825 4
    endloop
  endfacet
  facet normal 0 0 1
    outer loop
      vertex 22.4944 -1.66671 4
      vertex 21.3719 -0.916691 4
      vertex 22.3801 -1.82628 4
    endloop
  endfacet
  facet normal -0 0 1
    outer loop
      vertex 21.309 -1.00446 4
      vertex 22.3801 -1.82628 4
      vertex 21.3719 -0.916691 4
    endloop
  endfacet
  facet normal 0 0 1
    outer loop
      vertex 22.3801 -1.82628 4
      vertex 21.309 -1.00446 4
      vertex 22.2555 -1.97804 4
    endloop
  endfacet
  facet normal -0 0 1
    outer loop
      vertex 21.2405 -1.08792 4
      vertex 22.2555 -1.97804 4
      vertex 21.309 -1.00446 4
    endloop
  endfacet
  facet normal 0 0 1
    outer loop
      vertex 22.2555 -1.97804 4
      vertex 21.2405 -1.08792 4
      vertex 22.1213 -2.12132 4
    endloop
  endfacet
  facet normal -0 0 1
    outer loop
      vertex 21.1667 -1.16673 4
      vertex 22.1213 -2.12132 4
      vertex 21.2405 -1.08792 4
    endloop
  endfacet
  facet normal 0 0 1
    outer loop
      vertex 22.1213 -2.12132 4
      vertex 21.1667 -1.16673 4
      vertex 21.978 -2.25552 4
    endloop
  endfacet
  facet normal -0 0 1
    outer loop
      vertex 21.0879 -1.24053 4
      vertex 21.978 -2.25552 4
      vertex 21.1667 -1.16673 4
    endloop
  endfacet
  facet normal 0 0 1
    outer loop
      vertex 21.978 -2.25552 4
      vertex 21.0879 -1.24053 4
      vertex 21.8263 -2.38006 4
    endloop
  endfacet
  facet normal -0 0 1
    outer loop
      vertex 21.0045 -1.30903 4
      vertex 21.8263 -2.38006 4
      vertex 21.0879 -1.24053 4
    endloop
  endfacet
  facet normal 0 0 1
    outer loop
      vertex 21.8263 -2.38006 4
      vertex 21.0045 -1.30903 4
      vertex 21.6667 -2.49441 4
    endloop
  endfacet
  facet normal -0 0 1
    outer loop
      vertex 20.9167 -1.37192 4
      vertex 21.6667 -2.49441 4
      vertex 21.0045 -1.30903 4
    endloop
  endfacet
  facet normal 0 0 1
    outer loop
      vertex 21.6667 -2.49441 4
      vertex 20.9167 -1.37192 4
      vertex 21.5 -2.59808 4
    endloop
  endfacet
  facet normal -0 0 1
    outer loop
      vertex 20.825 -1.42894 4
      vertex 21.5 -2.59808 4
      vertex 20.9167 -1.37192 4
    endloop
  endfacet
  facet normal 0 0 1
    outer loop
      vertex 21.5 -2.59808 4
      vertex 20.825 -1.42894 4
      vertex 21.3269 -2.69062 4
    endloop
  endfacet
  facet normal -0 0 1
    outer loop
      vertex 20.7298 -1.47984 4
      vertex 21.3269 -2.69062 4
      vertex 20.825 -1.42894 4
    endloop
  endfacet
  facet normal 0 0 1
    outer loop
      vertex 21.3269 -2.69062 4
      vertex 20.7298 -1.47984 4
      vertex 21.148 -2.77164 4
    endloop
  endfacet
  facet normal -0 0 1
    outer loop
      vertex 20.6314 -1.5244 4
      vertex 21.148 -2.77164 4
      vertex 20.7298 -1.47984 4
    endloop
  endfacet
  facet normal 0 0 1
    outer loop
      vertex 21.148 -2.77164 4
      vertex 20.6314 -1.5244 4
      vertex 20.9643 -2.84079 4
    endloop
  endfacet
  facet normal -0 0 1
    outer loop
      vertex 20.5304 -1.56243 4
      vertex 20.9643 -2.84079 4
      vertex 20.6314 -1.5244 4
    endloop
  endfacet
  facet normal 0 0 1
    outer loop
      vertex 20.9643 -2.84079 4
      vertex 20.5304 -1.56243 4
      vertex 20.7765 -2.89778 4
    endloop
  endfacet
  facet normal -0 0 1
    outer loop
      vertex 20.4271 -1.59378 4
      vertex 20.7765 -2.89778 4
      vertex 20.5304 -1.56243 4
    endloop
  endfacet
  facet normal 0 0 1
    outer loop
      vertex 20.7765 -2.89778 4
      vertex 20.4271 -1.59378 4
      vertex 20.5853 -2.94236 4
    endloop
  endfacet
  facet normal -0 0 1
    outer loop
      vertex 20.3219 -1.6183 4
      vertex 20.5853 -2.94236 4
      vertex 20.4271 -1.59378 4
    endloop
  endfacet
  facet normal 0 0 1
    outer loop
      vertex 20.5853 -2.94236 4
      vertex 20.3219 -1.6183 4
      vertex 20.3916 -2.97433 4
    endloop
  endfacet
  facet normal -0 0 1
    outer loop
      vertex 20.2154 -1.63588 4
      vertex 20.3916 -2.97433 4
      vertex 20.3219 -1.6183 4
    endloop
  endfacet
  facet normal 0 0 1
    outer loop
      vertex 20.2154 -1.63588 4
      vertex 20.1962 -2.99358 4
      vertex 20.3916 -2.97433 4
    endloop
  endfacet
  facet normal -0 0 1
    outer loop
      vertex 20.1079 -1.64647 4
      vertex 20.1962 -2.99358 4
      vertex 20.2154 -1.63588 4
    endloop
  endfacet
  facet normal -0 0 1
    outer loop
      vertex 20 -1.65 4
      vertex 20.1962 -2.99358 4
      vertex 20.1079 -1.64647 4
    endloop
  endfacet
  facet normal 0 0 1
    outer loop
      vertex 20 -1.65 4
      vertex 20 -3 4
      vertex 20.1962 -2.99358 4
    endloop
  endfacet
  facet normal 0 0 1
    outer loop
      vertex 19.8921 -1.64647 4
      vertex 20 -3 4
      vertex 20 -1.65 4
    endloop
  endfacet
  facet normal 0 0 1
    outer loop
      vertex 19.8921 -1.64647 4
      vertex 19.8038 -2.99358 4
      vertex 20 -3 4
    endloop
  endfacet
  facet normal 0 0 1
    outer loop
      vertex 19.7846 -1.63588 4
      vertex 19.8038 -2.99358 4
      vertex 19.8921 -1.64647 4
    endloop
  endfacet
  facet normal 0 0 1
    outer loop
      vertex 19.6084 -2.97433 4
      vertex 19.7846 -1.63588 4
      vertex 19.6781 -1.6183 4
    endloop
  endfacet
  facet normal 0 0 1
    outer loop
      vertex 19.7846 -1.63588 4
      vertex 19.6084 -2.97433 4
      vertex 19.8038 -2.99358 4
    endloop
  endfacet
  facet normal 0 0 1
    outer loop
      vertex 19.4147 -2.94236 4
      vertex 19.6781 -1.6183 4
      vertex 19.5729 -1.59378 4
    endloop
  endfacet
  facet normal 0 0 1
    outer loop
      vertex 19.2235 -2.89778 4
      vertex 19.5729 -1.59378 4
      vertex 19.4696 -1.56243 4
    endloop
  endfacet
  facet normal 0 0 1
    outer loop
      vertex 19.6781 -1.6183 4
      vertex 19.4147 -2.94236 4
      vertex 19.6084 -2.97433 4
    endloop
  endfacet
  facet normal 0 0 1
    outer loop
      vertex 19.0357 -2.84079 4
      vertex 19.4696 -1.56243 4
      vertex 19.3686 -1.5244 4
    endloop
  endfacet
  facet normal 0 0 1
    outer loop
      vertex 18.852 -2.77164 4
      vertex 19.3686 -1.5244 4
      vertex 19.2702 -1.47984 4
    endloop
  endfacet
  facet normal 0 0 1
    outer loop
      vertex 19.5729 -1.59378 4
      vertex 19.2235 -2.89778 4
      vertex 19.4147 -2.94236 4
    endloop
  endfacet
  facet normal 0 0 1
    outer loop
      vertex 18.6731 -2.69062 4
      vertex 19.2702 -1.47984 4
      vertex 19.175 -1.42894 4
    endloop
  endfacet
  facet normal 0 0 1
    outer loop
      vertex 18.5 -2.59808 4
      vertex 19.175 -1.42894 4
      vertex 19.0833 -1.37192 4
    endloop
  endfacet
  facet normal 0 0 1
    outer loop
      vertex 19.4696 -1.56243 4
      vertex 19.0357 -2.84079 4
      vertex 19.2235 -2.89778 4
    endloop
  endfacet
  facet normal 0 0 1
    outer loop
      vertex 18.3333 -2.49441 4
      vertex 19.0833 -1.37192 4
      vertex 18.9955 -1.30903 4
    endloop
  endfacet
  facet normal 0 0 1
    outer loop
      vertex 18.1737 -2.38006 4
      vertex 18.9955 -1.30903 4
      vertex 18.9121 -1.24053 4
    endloop
  endfacet
  facet normal 0 0 1
    outer loop
      vertex 19.3686 -1.5244 4
      vertex 18.852 -2.77164 4
      vertex 19.0357 -2.84079 4
    endloop
  endfacet
  facet normal 0 0 1
    outer loop
      vertex 18.022 -2.25552 4
      vertex 18.9121 -1.24053 4
      vertex 18.8333 -1.16673 4
    endloop
  endfacet
  facet normal 0 0 1
    outer loop
      vertex 17.8787 -2.12132 4
      vertex 18.8333 -1.16673 4
      vertex 18.7595 -1.08792 4
    endloop
  endfacet
  facet normal 0 0 1
    outer loop
      vertex 17.7445 -1.97804 4
      vertex 18.7595 -1.08792 4
      vertex 18.691 -1.00446 4
    endloop
  endfacet
  facet normal 0 0 1
    outer loop
      vertex 19.2702 -1.47984 4
      vertex 18.6731 -2.69062 4
      vertex 18.852 -2.77164 4
    endloop
  endfacet
  facet normal 0 0 1
    outer loop
      vertex 17.6199 -1.82628 4
      vertex 18.691 -1.00446 4
      vertex 18.6281 -0.916691 4
    endloop
  endfacet
  facet normal 0 0 1
    outer loop
      vertex 17.5056 -1.66671 4
      vertex 18.6281 -0.916691 4
      vertex 18.5711 -0.825 4
    endloop
  endfacet
  facet normal 0 0 1
    outer loop
      vertex 17.4019 -1.5 4
      vertex 18.5711 -0.825 4
      vertex 18.5202 -0.729775 4
    endloop
  endfacet
  facet normal 0 0 1
    outer loop
      vertex 19.175 -1.42894 4
      vertex 18.5 -2.59808 4
      vertex 18.6731 -2.69062 4
    endloop
  endfacet
  facet normal 0 0 1
    outer loop
      vertex 17.3094 -1.32687 4
      vertex 18.5202 -0.729775 4
      vertex 18.4756 -0.631427 4
    endloop
  endfacet
  facet normal 0 0 1
    outer loop
      vertex 17.2284 -1.14805 4
      vertex 18.4756 -0.631427 4
      vertex 18.4376 -0.530375 4
    endloop
  endfacet
  facet normal 0 0 1
    outer loop
      vertex 17.1592 -0.964318 4
      vertex 18.4376 -0.530375 4
      vertex 18.4062 -0.427051 4
    endloop
  endfacet
  facet normal 0 0 1
    outer loop
      vertex 17.1022 -0.776457 4
      vertex 18.4062 -0.427051 4
      vertex 18.3817 -0.321898 4
    endloop
  endfacet
  facet normal 0 0 1
    outer loop
      vertex 17.0576 -0.585271 4
      vertex 18.3817 -0.321898 4
      vertex 18.3641 -0.215367 4
    endloop
  endfacet
  facet normal 0 0 1
    outer loop
      vertex 17.0257 -0.391578 4
      vertex 18.3641 -0.215367 4
      vertex 18.3535 -0.107915 4
    endloop
  endfacet
  facet normal 0 0 1
    outer loop
      vertex 19.0833 -1.37192 4
      vertex 18.3333 -2.49441 4
      vertex 18.5 -2.59808 4
    endloop
  endfacet
  facet normal 0 0 1
    outer loop
      vertex 17.0064 -0.196209 4
      vertex 18.3535 -0.107915 4
      vertex 18.35 0 4
    endloop
  endfacet
  facet normal -0 0 1
    outer loop
      vertex 17.3094 1.32687 4
      vertex 18.5202 0.729775 4
      vertex 17.4019 1.5 4
    endloop
  endfacet
  facet normal 0 0 1
    outer loop
      vertex 18.5202 0.729775 4
      vertex 17.3094 1.32687 4
      vertex 18.4756 0.631427 4
    endloop
  endfacet
  facet normal 0 0 1
    outer loop
      vertex 18.9955 -1.30903 4
      vertex 18.1737 -2.38006 4
      vertex 18.3333 -2.49441 4
    endloop
  endfacet
  facet normal -0 0 1
    outer loop
      vertex 17.2284 1.14805 4
      vertex 18.4756 0.631427 4
      vertex 17.3094 1.32687 4
    endloop
  endfacet
  facet normal 0 0 1
    outer loop
      vertex 18.9121 -1.24053 4
      vertex 18.022 -2.25552 4
      vertex 18.1737 -2.38006 4
    endloop
  endfacet
  facet normal 0 0 1
    outer loop
      vertex 18.4756 0.631427 4
      vertex 17.2284 1.14805 4
      vertex 18.4376 0.530375 4
    endloop
  endfacet
  facet normal 0 0 1
    outer loop
      vertex 18.8333 -1.16673 4
      vertex 17.8787 -2.12132 4
      vertex 18.022 -2.25552 4
    endloop
  endfacet
  facet normal -0 0 1
    outer loop
      vertex 17.1592 0.964318 4
      vertex 18.4376 0.530375 4
      vertex 17.2284 1.14805 4
    endloop
  endfacet
  facet normal 0 0 1
    outer loop
      vertex 18.7595 -1.08792 4
      vertex 17.7445 -1.97804 4
      vertex 17.8787 -2.12132 4
    endloop
  endfacet
  facet normal 0 0 1
    outer loop
      vertex 18.4376 0.530375 4
      vertex 17.1592 0.964318 4
      vertex 18.4062 0.427051 4
    endloop
  endfacet
  facet normal 0 0 1
    outer loop
      vertex 18.691 -1.00446 4
      vertex 17.6199 -1.82628 4
      vertex 17.7445 -1.97804 4
    endloop
  endfacet
  facet normal -0 0 1
    outer loop
      vertex 17.1022 0.776457 4
      vertex 18.4062 0.427051 4
      vertex 17.1592 0.964318 4
    endloop
  endfacet
  facet normal 0 0 1
    outer loop
      vertex 18.6281 -0.916691 4
      vertex 17.5056 -1.66671 4
      vertex 17.6199 -1.82628 4
    endloop
  endfacet
  facet normal 0 0 1
    outer loop
      vertex 18.4062 0.427051 4
      vertex 17.1022 0.776457 4
      vertex 18.3817 0.321898 4
    endloop
  endfacet
  facet normal 0 0 1
    outer loop
      vertex 18.5711 -0.825 4
      vertex 17.4019 -1.5 4
      vertex 17.5056 -1.66671 4
    endloop
  endfacet
  facet normal -0 0 1
    outer loop
      vertex 17.0576 0.585271 4
      vertex 18.3817 0.321898 4
      vertex 17.1022 0.776457 4
    endloop
  endfacet
  facet normal 0 0 1
    outer loop
      vertex 18.5202 -0.729775 4
      vertex 17.3094 -1.32687 4
      vertex 17.4019 -1.5 4
    endloop
  endfacet
  facet normal 0 0 1
    outer loop
      vertex 18.3817 0.321898 4
      vertex 17.0576 0.585271 4
      vertex 18.3641 0.215367 4
    endloop
  endfacet
  facet normal 0 0 1
    outer loop
      vertex 18.4756 -0.631427 4
      vertex 17.2284 -1.14805 4
      vertex 17.3094 -1.32687 4
    endloop
  endfacet
  facet normal -0 0 1
    outer loop
      vertex 17.0257 0.391578 4
      vertex 18.3641 0.215367 4
      vertex 17.0576 0.585271 4
    endloop
  endfacet
  facet normal 0 0 1
    outer loop
      vertex 18.4376 -0.530375 4
      vertex 17.1592 -0.964318 4
      vertex 17.2284 -1.14805 4
    endloop
  endfacet
  facet normal 0 0 1
    outer loop
      vertex 18.3641 0.215367 4
      vertex 17.0257 0.391578 4
      vertex 18.3535 0.107915 4
    endloop
  endfacet
  facet normal 0 0 1
    outer loop
      vertex 18.4062 -0.427051 4
      vertex 17.1022 -0.776457 4
      vertex 17.1592 -0.964318 4
    endloop
  endfacet
  facet normal -0 0 1
    outer loop
      vertex 17.0064 0.196209 4
      vertex 18.3535 0.107915 4
      vertex 17.0257 0.391578 4
    endloop
  endfacet
  facet normal 0 0 1
    outer loop
      vertex 18.3817 -0.321898 4
      vertex 17.0576 -0.585271 4
      vertex 17.1022 -0.776457 4
    endloop
  endfacet
  facet normal 0 0 1
    outer loop
      vertex 18.3535 0.107915 4
      vertex 17.0064 0.196209 4
      vertex 18.35 0 4
    endloop
  endfacet
  facet normal 0 0 1
    outer loop
      vertex 18.3641 -0.215367 4
      vertex 17.0257 -0.391578 4
      vertex 17.0576 -0.585271 4
    endloop
  endfacet
  facet normal 0 0 1
    outer loop
      vertex 17 0 4
      vertex 18.35 0 4
      vertex 17.0064 0.196209 4
    endloop
  endfacet
  facet normal 0 0 1
    outer loop
      vertex 18.3535 -0.107915 4
      vertex 17.0064 -0.196209 4
      vertex 17.0257 -0.391578 4
    endloop
  endfacet
  facet normal 0 0 1
    outer loop
      vertex 18.35 0 4
      vertex 17 0 4
      vertex 17.0064 -0.196209 4
    endloop
  endfacet
  facet normal -0.227069 0.973879 0
    outer loop
      vertex 20.7765 -2.89778 4
      vertex 20.5853 -2.94236 6
      vertex 20.7765 -2.89778 6
    endloop
  endfacet
  facet normal -0.227069 0.973879 0
    outer loop
      vertex 20.5853 -2.94236 6
      vertex 20.7765 -2.89778 4
      vertex 20.5853 -2.94236 4
    endloop
  endfacet
  facet normal -0.412544 -0.910938 0
    outer loop
      vertex 21.148 2.77164 4
      vertex 21.3269 2.69062 6
      vertex 21.148 2.77164 6
    endloop
  endfacet
  facet normal -0.412544 -0.910938 -0
    outer loop
      vertex 21.3269 2.69062 6
      vertex 21.148 2.77164 4
      vertex 21.3269 2.69062 4
    endloop
  endfacet
  facet normal -0.683551 -0.729902 0
    outer loop
      vertex 21.978 2.25552 4
      vertex 22.1213 2.12132 6
      vertex 21.978 2.25552 6
    endloop
  endfacet
  facet normal -0.683551 -0.729902 -0
    outer loop
      vertex 22.1213 2.12132 6
      vertex 21.978 2.25552 4
      vertex 22.1213 2.12132 4
    endloop
  endfacet
  facet normal 0.729855 -0.683602 0
    outer loop
      vertex 17.7445 1.97804 6
      vertex 17.8787 2.12132 4
      vertex 17.8787 2.12132 6
    endloop
  endfacet
  facet normal 0.729855 -0.683602 0
    outer loop
      vertex 17.8787 2.12132 4
      vertex 17.7445 1.97804 6
      vertex 17.7445 1.97804 4
    endloop
  endfacet
  facet normal 0.352296 0.935889 -0
    outer loop
      vertex 19.0357 -2.84079 4
      vertex 18.852 -2.77164 6
      vertex 19.0357 -2.84079 6
    endloop
  endfacet
  facet normal 0.352296 0.935889 0
    outer loop
      vertex 18.852 -2.77164 6
      vertex 19.0357 -2.84079 4
      vertex 18.852 -2.77164 4
    endloop
  endfacet
  facet normal 0.999468 0.0326009 0
    outer loop
      vertex 17.0064 -0.196209 6
      vertex 17 0 4
      vertex 17 0 6
    endloop
  endfacet
  facet normal 0.999468 0.0326009 0
    outer loop
      vertex 17 0 4
      vertex 17.0064 -0.196209 6
      vertex 17.0064 -0.196209 4
    endloop
  endfacet
  facet normal -0.634524 0.772903 0
    outer loop
      vertex 21.978 -2.25552 4
      vertex 21.8263 -2.38006 6
      vertex 21.978 -2.25552 6
    endloop
  endfacet
  facet normal -0.634524 0.772903 0
    outer loop
      vertex 21.8263 -2.38006 6
      vertex 21.978 -2.25552 4
      vertex 21.8263 -2.38006 4
    endloop
  endfacet
  facet normal -0.999468 0.0326009 0
    outer loop
      vertex 22.9936 -0.196209 4
      vertex 23 0 6
      vertex 23 0 4
    endloop
  endfacet
  facet normal -0.999468 0.0326009 0
    outer loop
      vertex 23 0 6
      vertex 22.9936 -0.196209 4
      vertex 22.9936 -0.196209 6
    endloop
  endfacet
  facet normal -0.683551 0.729902 0
    outer loop
      vertex 22.1213 -2.12132 4
      vertex 21.978 -2.25552 6
      vertex 22.1213 -2.12132 6
    endloop
  endfacet
  facet normal -0.683551 0.729902 0
    outer loop
      vertex 21.978 -2.25552 6
      vertex 22.1213 -2.12132 4
      vertex 21.978 -2.25552 4
    endloop
  endfacet
  facet normal -0.290385 -0.95691 0
    outer loop
      vertex 20.7765 2.89778 4
      vertex 20.9643 2.84079 6
      vertex 20.7765 2.89778 6
    endloop
  endfacet
  facet normal -0.290385 -0.95691 -0
    outer loop
      vertex 20.9643 2.84079 6
      vertex 20.7765 2.89778 4
      vertex 20.9643 2.84079 4
    endloop
  endfacet
  facet normal 0.227069 -0.973879 0
    outer loop
      vertex 19.2235 2.89778 4
      vertex 19.4147 2.94236 6
      vertex 19.2235 2.89778 6
    endloop
  endfacet
  facet normal 0.227069 -0.973879 0
    outer loop
      vertex 19.4147 2.94236 6
      vertex 19.2235 2.89778 4
      vertex 19.4147 2.94236 4
    endloop
  endfacet
  facet normal 0.772876 -0.634557 0
    outer loop
      vertex 17.6199 1.82628 6
      vertex 17.7445 1.97804 4
      vertex 17.7445 1.97804 6
    endloop
  endfacet
  facet normal 0.772876 -0.634557 0
    outer loop
      vertex 17.7445 1.97804 4
      vertex 17.6199 1.82628 6
      vertex 17.6199 1.82628 4
    endloop
  endfacet
  facet normal 0.582418 -0.812889 0
    outer loop
      vertex 18.1737 2.38006 4
      vertex 18.3333 2.49441 6
      vertex 18.1737 2.38006 6
    endloop
  endfacet
  facet normal 0.582418 -0.812889 0
    outer loop
      vertex 18.3333 2.49441 6
      vertex 18.1737 2.38006 4
      vertex 18.3333 2.49441 4
    endloop
  endfacet
  facet normal 0.227069 0.973879 -0
    outer loop
      vertex 19.4147 -2.94236 4
      vertex 19.2235 -2.89778 6
      vertex 19.4147 -2.94236 6
    endloop
  endfacet
  facet normal 0.227069 0.973879 0
    outer loop
      vertex 19.2235 -2.89778 6
      vertex 19.4147 -2.94236 4
      vertex 19.2235 -2.89778 4
    endloop
  endfacet
  facet normal 0.412544 0.910938 -0
    outer loop
      vertex 18.852 -2.77164 4
      vertex 18.6731 -2.69062 6
      vertex 18.852 -2.77164 6
    endloop
  endfacet
  facet normal 0.412544 0.910938 0
    outer loop
      vertex 18.6731 -2.69062 6
      vertex 18.852 -2.77164 4
      vertex 18.6731 -2.69062 4
    endloop
  endfacet
  facet normal 0.999468 -0.0326009 0
    outer loop
      vertex 17 0 6
      vertex 17.0064 0.196209 4
      vertex 17.0064 0.196209 6
    endloop
  endfacet
  facet normal 0.999468 -0.0326009 0
    outer loop
      vertex 17.0064 0.196209 4
      vertex 17 0 6
      vertex 17 0 4
    endloop
  endfacet
  facet normal 0.290385 0.95691 -0
    outer loop
      vertex 19.2235 -2.89778 4
      vertex 19.0357 -2.84079 6
      vertex 19.2235 -2.89778 6
    endloop
  endfacet
  facet normal 0.290385 0.95691 0
    outer loop
      vertex 19.0357 -2.84079 6
      vertex 19.2235 -2.89778 4
      vertex 19.0357 -2.84079 4
    endloop
  endfacet
  facet normal 0.956922 -0.290345 0
    outer loop
      vertex 17.1022 0.776457 6
      vertex 17.1592 0.964318 4
      vertex 17.1592 0.964318 6
    endloop
  endfacet
  facet normal 0.956922 -0.290345 0
    outer loop
      vertex 17.1592 0.964318 4
      vertex 17.1022 0.776457 6
      vertex 17.1022 0.776457 4
    endloop
  endfacet
  facet normal 0.471461 -0.881887 0
    outer loop
      vertex 18.5 2.59808 4
      vertex 18.6731 2.69062 6
      vertex 18.5 2.59808 6
    endloop
  endfacet
  facet normal 0.471461 -0.881887 0
    outer loop
      vertex 18.6731 2.69062 6
      vertex 18.5 2.59808 4
      vertex 18.6731 2.69062 4
    endloop
  endfacet
  facet normal 0.582418 0.812889 -0
    outer loop
      vertex 18.3333 -2.49441 4
      vertex 18.1737 -2.38006 6
      vertex 18.3333 -2.49441 6
    endloop
  endfacet
  facet normal 0.582418 0.812889 0
    outer loop
      vertex 18.1737 -2.38006 6
      vertex 18.3333 -2.49441 4
      vertex 18.1737 -2.38006 4
    endloop
  endfacet
  facet normal -0.999463 0.0327705 0
    outer loop
      vertex -25 0 0
      vertex -24.9807 0.588628 6
      vertex -24.9807 0.588628 0
    endloop
  endfacet
  facet normal -0.999463 0.0327705 0
    outer loop
      vertex -24.9807 0.588628 6
      vertex -25 0 0
      vertex -25 0 6
    endloop
  endfacet
  facet normal 0.956969 0.290191 0
    outer loop
      vertex 24.6933 2.32937 6
      vertex 24.5224 2.89295 0
      vertex 24.5224 2.89295 6
    endloop
  endfacet
  facet normal 0.956969 0.290191 0
    outer loop
      vertex 24.5224 2.89295 0
      vertex 24.6933 2.32937 6
      vertex 24.6933 2.32937 0
    endloop
  endfacet
  facet normal 0.582418 -0.812889 0
    outer loop
      vertex 21.0001 -7.48323 0
      vertex 21.4789 -7.14018 6
      vertex 21.0001 -7.48323 6
    endloop
  endfacet
  facet normal 0.582418 -0.812889 0
    outer loop
      vertex 21.4789 -7.14018 6
      vertex 21.0001 -7.48323 0
      vertex 21.4789 -7.14018 0
    endloop
  endfacet
  facet normal 0.812884 0.582426 0
    outer loop
      vertex 23.4832 5.00013 6
      vertex 23.1402 5.47885 0
      vertex 23.1402 5.47885 6
    endloop
  endfacet
  facet normal 0.812884 0.582426 0
    outer loop
      vertex 23.1402 5.47885 0
      vertex 23.4832 5.00013 6
      vertex 23.4832 5.00013 0
    endloop
  endfacet
  facet normal -0.290275 -0.956943 0
    outer loop
      vertex -18.893 -8.52237 0
      vertex -18.3294 -8.69333 6
      vertex -18.893 -8.52237 6
    endloop
  endfacet
  facet normal -0.290275 -0.956943 -0
    outer loop
      vertex -18.3294 -8.69333 6
      vertex -18.893 -8.52237 0
      vertex -18.3294 -8.69333 0
    endloop
  endfacet
  facet normal 0.47139 0.881925 -0
    outer loop
      vertex 20.5 7.79423 0
      vertex 19.9806 8.07185 6
      vertex 20.5 7.79423 6
    endloop
  endfacet
  facet normal 0.47139 0.881925 0
    outer loop
      vertex 19.9806 8.07185 6
      vertex 20.5 7.79423 0
      vertex 19.9806 8.07185 0
    endloop
  endfacet
  facet normal 0 -1 0
    outer loop
      vertex -16 -9 6
      vertex -3 -9 3
      vertex -3 -9 6
    endloop
  endfacet
  facet normal 0 -1 -0
    outer loop
      vertex -3 -9 3
      vertex -16 -9 0
      vertex 3 -9 3
    endloop
  endfacet
  facet normal 0 -1 0
    outer loop
      vertex -16 -9 0
      vertex -3 -9 3
      vertex -16 -9 6
    endloop
  endfacet
  facet normal 0 -1 0
    outer loop
      vertex 3 -9 3
      vertex 16 -9 6
      vertex 3 -9 6
    endloop
  endfacet
  facet normal 0 -1 0
    outer loop
      vertex 3 -9 3
      vertex 16 -9 0
      vertex 16 -9 6
    endloop
  endfacet
  facet normal 0 -1 0
    outer loop
      vertex 16 -9 0
      vertex 3 -9 3
      vertex -16 -9 0
    endloop
  endfacet
  facet normal -0.412686 -0.910873 0
    outer loop
      vertex -19.9806 -8.07185 0
      vertex -19.4441 -8.31492 6
      vertex -19.9806 -8.07185 6
    endloop
  endfacet
  facet normal -0.412686 -0.910873 -0
    outer loop
      vertex -19.4441 -8.31492 6
      vertex -19.9806 -8.07185 0
      vertex -19.4441 -8.31492 0
    endloop
  endfacet
  facet normal 0.0980242 -0.995184 0
    outer loop
      vertex 16.5886 -8.98073 0
      vertex 17.1747 -8.923 6
      vertex 16.5886 -8.98073 6
    endloop
  endfacet
  facet normal 0.0980242 -0.995184 0
    outer loop
      vertex 17.1747 -8.923 6
      vertex 16.5886 -8.98073 0
      vertex 17.1747 -8.923 0
    endloop
  endfacet
  facet normal 0 1 -0
    outer loop
      vertex 16 9 0
      vertex -16 9 6
      vertex 16 9 6
    endloop
  endfacet
  facet normal 0 1 0
    outer loop
      vertex -16 9 6
      vertex 16 9 0
      vertex -16 9 0
    endloop
  endfacet
  facet normal -0.986653 -0.162838 0
    outer loop
      vertex -24.8271 -1.75581 0
      vertex -24.923 -1.17474 6
      vertex -24.923 -1.17474 0
    endloop
  endfacet
  facet normal -0.986653 -0.162838 0
    outer loop
      vertex -24.923 -1.17474 6
      vertex -24.8271 -1.75581 0
      vertex -24.8271 -1.75581 6
    endloop
  endfacet
  facet normal 0.999463 0.0327705 0
    outer loop
      vertex 25 0 6
      vertex 24.9807 0.588628 0
      vertex 24.9807 0.588628 6
    endloop
  endfacet
  facet normal 0.999463 0.0327705 0
    outer loop
      vertex 24.9807 0.588628 0
      vertex 25 0 6
      vertex 25 0 0
    endloop
  endfacet
  facet normal 0.0327212 0.999465 -0
    outer loop
      vertex 16.5886 8.98073 0
      vertex 16 9 6
      vertex 16.5886 8.98073 6
    endloop
  endfacet
  facet normal 0.0327212 0.999465 0
    outer loop
      vertex 16 9 6
      vertex 16.5886 8.98073 0
      vertex 16 9 0
    endloop
  endfacet
  facet normal -0.52809 -0.849189 0
    outer loop
      vertex -21.0001 -7.48323 0
      vertex -20.5 -7.79423 6
      vertex -21.0001 -7.48323 6
    endloop
  endfacet
  facet normal -0.52809 -0.849189 -0
    outer loop
      vertex -20.5 -7.79423 6
      vertex -21.0001 -7.48323 0
      vertex -20.5 -7.79423 0
    endloop
  endfacet
  facet normal -0.812884 0.582426 0
    outer loop
      vertex -23.4832 5.00013 0
      vertex -23.1402 5.47885 6
      vertex -23.1402 5.47885 0
    endloop
  endfacet
  facet normal -0.812884 0.582426 0
    outer loop
      vertex -23.1402 5.47885 6
      vertex -23.4832 5.00013 0
      vertex -23.4832 5.00013 6
    endloop
  endfacet
  facet normal 0.0327212 -0.999465 0
    outer loop
      vertex 16 -9 0
      vertex 16.5886 -8.98073 6
      vertex 16 -9 6
    endloop
  endfacet
  facet normal 0.0327212 -0.999465 0
    outer loop
      vertex 16.5886 -8.98073 6
      vertex 16 -9 0
      vertex 16.5886 -8.98073 0
    endloop
  endfacet
  facet normal -0.352296 -0.935889 0
    outer loop
      vertex -19.4441 -8.31492 0
      vertex -18.893 -8.52237 6
      vertex -19.4441 -8.31492 6
    endloop
  endfacet
  facet normal -0.352296 -0.935889 -0
    outer loop
      vertex -18.893 -8.52237 6
      vertex -19.4441 -8.31492 0
      vertex -18.893 -8.52237 0
    endloop
  endfacet
  facet normal 0.162879 -0.986646 0
    outer loop
      vertex 17.1747 -8.923 0
      vertex 17.7558 -8.82707 6
      vertex 17.1747 -8.923 6
    endloop
  endfacet
  facet normal 0.162879 -0.986646 0
    outer loop
      vertex 17.7558 -8.82707 6
      vertex 17.1747 -8.923 0
      vertex 17.7558 -8.82707 0
    endloop
  endfacet
  facet normal 0.849203 0.528067 0
    outer loop
      vertex 23.7942 4.5 6
      vertex 23.4832 5.00013 0
      vertex 23.4832 5.00013 6
    endloop
  endfacet
  facet normal 0.849203 0.528067 0
    outer loop
      vertex 23.4832 5.00013 0
      vertex 23.7942 4.5 6
      vertex 23.7942 4.5 0
    endloop
  endfacet
  facet normal 0.52809 0.849189 -0
    outer loop
      vertex 21.0001 7.48323 0
      vertex 20.5 7.79423 6
      vertex 21.0001 7.48323 6
    endloop
  endfacet
  facet normal 0.52809 0.849189 0
    outer loop
      vertex 20.5 7.79423 6
      vertex 21.0001 7.48323 0
      vertex 20.5 7.79423 0
    endloop
  endfacet
  facet normal -0.0327212 -0.999465 0
    outer loop
      vertex -16.5886 -8.98073 0
      vertex -16 -9 6
      vertex -16.5886 -8.98073 6
    endloop
  endfacet
  facet normal -0.0327212 -0.999465 -0
    outer loop
      vertex -16 -9 6
      vertex -16.5886 -8.98073 0
      vertex -16 -9 0
    endloop
  endfacet
  facet normal 0.352296 -0.935889 0
    outer loop
      vertex 18.893 -8.52237 0
      vertex 19.4441 -8.31492 6
      vertex 18.893 -8.52237 6
    endloop
  endfacet
  facet normal 0.352296 -0.935889 0
    outer loop
      vertex 19.4441 -8.31492 6
      vertex 18.893 -8.52237 0
      vertex 19.4441 -8.31492 0
    endloop
  endfacet
  facet normal -0.935882 -0.352314 0
    outer loop
      vertex -24.3149 -3.44415 0
      vertex -24.5224 -2.89295 6
      vertex -24.5224 -2.89295 0
    endloop
  endfacet
  facet normal -0.935882 -0.352314 0
    outer loop
      vertex -24.5224 -2.89295 6
      vertex -24.3149 -3.44415 0
      vertex -24.3149 -3.44415 6
    endloop
  endfacet
  facet normal 0.935882 -0.352314 0
    outer loop
      vertex 24.3149 -3.44415 6
      vertex 24.5224 -2.89295 0
      vertex 24.5224 -2.89295 6
    endloop
  endfacet
  facet normal 0.935882 -0.352314 0
    outer loop
      vertex 24.5224 -2.89295 0
      vertex 24.3149 -3.44415 6
      vertex 24.3149 -3.44415 0
    endloop
  endfacet
  facet normal -0.910904 -0.412619 0
    outer loop
      vertex -24.0719 -3.9806 0
      vertex -24.3149 -3.44415 6
      vertex -24.3149 -3.44415 0
    endloop
  endfacet
  facet normal -0.910904 -0.412619 0
    outer loop
      vertex -24.3149 -3.44415 6
      vertex -24.0719 -3.9806 0
      vertex -24.0719 -3.9806 6
    endloop
  endfacet
  facet normal -0.162879 0.986646 0
    outer loop
      vertex -17.1747 8.923 0
      vertex -17.7558 8.82707 6
      vertex -17.1747 8.923 6
    endloop
  endfacet
  facet normal -0.162879 0.986646 0
    outer loop
      vertex -17.7558 8.82707 6
      vertex -17.1747 8.923 0
      vertex -17.7558 8.82707 0
    endloop
  endfacet
  facet normal -0.0980242 0.995184 0
    outer loop
      vertex -16.5886 8.98073 0
      vertex -17.1747 8.923 6
      vertex -16.5886 8.98073 6
    endloop
  endfacet
  facet normal -0.0980242 0.995184 0
    outer loop
      vertex -17.1747 8.923 6
      vertex -16.5886 8.98073 0
      vertex -17.1747 8.923 0
    endloop
  endfacet
  facet normal 0.683551 -0.729902 0
    outer loop
      vertex 21.9341 -6.76656 0
      vertex 22.364 -6.36396 6
      vertex 21.9341 -6.76656 6
    endloop
  endfacet
  facet normal 0.683551 -0.729902 0
    outer loop
      vertex 22.364 -6.36396 6
      vertex 21.9341 -6.76656 0
      vertex 22.364 -6.36396 0
    endloop
  endfacet
  facet normal -0.412686 0.910873 0
    outer loop
      vertex -19.4441 8.31492 0
      vertex -19.9806 8.07185 6
      vertex -19.4441 8.31492 6
    endloop
  endfacet
  facet normal -0.412686 0.910873 0
    outer loop
      vertex -19.9806 8.07185 6
      vertex -19.4441 8.31492 0
      vertex -19.9806 8.07185 0
    endloop
  endfacet
  facet normal 0.290275 -0.956943 0
    outer loop
      vertex 18.3294 -8.69333 0
      vertex 18.893 -8.52237 6
      vertex 18.3294 -8.69333 6
    endloop
  endfacet
  facet normal 0.290275 -0.956943 0
    outer loop
      vertex 18.893 -8.52237 6
      vertex 18.3294 -8.69333 0
      vertex 18.893 -8.52237 0
    endloop
  endfacet
  facet normal -0.849203 0.528067 0
    outer loop
      vertex -23.7942 4.5 0
      vertex -23.4832 5.00013 6
      vertex -23.4832 5.00013 0
    endloop
  endfacet
  facet normal -0.849203 0.528067 0
    outer loop
      vertex -23.4832 5.00013 6
      vertex -23.7942 4.5 0
      vertex -23.7942 4.5 6
    endloop
  endfacet
  facet normal 0.412686 -0.910873 0
    outer loop
      vertex 19.4441 -8.31492 0
      vertex 19.9806 -8.07185 6
      vertex 19.4441 -8.31492 6
    endloop
  endfacet
  facet normal 0.412686 -0.910873 0
    outer loop
      vertex 19.9806 -8.07185 6
      vertex 19.4441 -8.31492 0
      vertex 19.9806 -8.07185 0
    endloop
  endfacet
  facet normal -0.935882 0.352314 0
    outer loop
      vertex -24.5224 2.89295 0
      vertex -24.3149 3.44415 6
      vertex -24.3149 3.44415 0
    endloop
  endfacet
  facet normal -0.935882 0.352314 0
    outer loop
      vertex -24.3149 3.44415 6
      vertex -24.5224 2.89295 0
      vertex -24.5224 2.89295 6
    endloop
  endfacet
  facet normal -0.995189 -0.0979717 0
    outer loop
      vertex -24.923 -1.17474 0
      vertex -24.9807 -0.588628 6
      vertex -24.9807 -0.588628 0
    endloop
  endfacet
  facet normal -0.995189 -0.0979717 0
    outer loop
      vertex -24.9807 -0.588628 6
      vertex -24.923 -1.17474 0
      vertex -24.923 -1.17474 6
    endloop
  endfacet
  facet normal -0.0980242 -0.995184 0
    outer loop
      vertex -17.1747 -8.923 0
      vertex -16.5886 -8.98073 6
      vertex -17.1747 -8.923 6
    endloop
  endfacet
  facet normal -0.0980242 -0.995184 -0
    outer loop
      vertex -16.5886 -8.98073 6
      vertex -17.1747 -8.923 0
      vertex -16.5886 -8.98073 0
    endloop
  endfacet
  facet normal 0.634441 0.772971 -0
    outer loop
      vertex 21.9341 6.76656 0
      vertex 21.4789 7.14018 6
      vertex 21.9341 6.76656 6
    endloop
  endfacet
  facet normal 0.634441 0.772971 0
    outer loop
      vertex 21.4789 7.14018 6
      vertex 21.9341 6.76656 0
      vertex 21.4789 7.14018 0
    endloop
  endfacet
  facet normal 0.352296 0.935889 -0
    outer loop
      vertex 19.4441 8.31492 0
      vertex 18.893 8.52237 6
      vertex 19.4441 8.31492 6
    endloop
  endfacet
  facet normal 0.352296 0.935889 0
    outer loop
      vertex 18.893 8.52237 6
      vertex 19.4441 8.31492 0
      vertex 18.893 8.52237 0
    endloop
  endfacet
  facet normal -0.0327212 0.999465 0
    outer loop
      vertex -16 9 0
      vertex -16.5886 8.98073 6
      vertex -16 9 6
    endloop
  endfacet
  facet normal -0.0327212 0.999465 0
    outer loop
      vertex -16.5886 8.98073 6
      vertex -16 9 0
      vertex -16.5886 8.98073 0
    endloop
  endfacet
  facet normal 0.412686 0.910873 -0
    outer loop
      vertex 19.9806 8.07185 0
      vertex 19.4441 8.31492 6
      vertex 19.9806 8.07185 6
    endloop
  endfacet
  facet normal 0.412686 0.910873 0
    outer loop
      vertex 19.4441 8.31492 6
      vertex 19.9806 8.07185 0
      vertex 19.4441 8.31492 0
    endloop
  endfacet
  facet normal -0.729863 0.683594 0
    outer loop
      vertex -22.7666 5.93411 0
      vertex -22.364 6.36396 6
      vertex -22.364 6.36396 0
    endloop
  endfacet
  facet normal -0.729863 0.683594 0
    outer loop
      vertex -22.364 6.36396 6
      vertex -22.7666 5.93411 0
      vertex -22.7666 5.93411 6
    endloop
  endfacet
  facet normal 0.935882 0.352314 0
    outer loop
      vertex 24.5224 2.89295 6
      vertex 24.3149 3.44415 0
      vertex 24.3149 3.44415 6
    endloop
  endfacet
  facet normal 0.935882 0.352314 0
    outer loop
      vertex 24.3149 3.44415 0
      vertex 24.5224 2.89295 6
      vertex 24.5224 2.89295 0
    endloop
  endfacet
  facet normal 0.881868 0.471496 0
    outer loop
      vertex 24.0719 3.9806 6
      vertex 23.7942 4.5 0
      vertex 23.7942 4.5 6
    endloop
  endfacet
  facet normal 0.881868 0.471496 0
    outer loop
      vertex 23.7942 4.5 0
      vertex 24.0719 3.9806 6
      vertex 24.0719 3.9806 0
    endloop
  endfacet
  facet normal 0.0980242 0.995184 -0
    outer loop
      vertex 17.1747 8.923 0
      vertex 16.5886 8.98073 6
      vertex 17.1747 8.923 6
    endloop
  endfacet
  facet normal 0.0980242 0.995184 0
    outer loop
      vertex 16.5886 8.98073 6
      vertex 17.1747 8.923 0
      vertex 16.5886 8.98073 0
    endloop
  endfacet
  facet normal -0.881868 0.471496 0
    outer loop
      vertex -24.0719 3.9806 0
      vertex -23.7942 4.5 6
      vertex -23.7942 4.5 0
    endloop
  endfacet
  facet normal -0.881868 0.471496 0
    outer loop
      vertex -23.7942 4.5 6
      vertex -24.0719 3.9806 0
      vertex -24.0719 3.9806 6
    endloop
  endfacet
  facet normal 0.227069 -0.973879 0
    outer loop
      vertex 17.7558 -8.82707 0
      vertex 18.3294 -8.69333 6
      vertex 17.7558 -8.82707 6
    endloop
  endfacet
  facet normal 0.227069 -0.973879 0
    outer loop
      vertex 18.3294 -8.69333 6
      vertex 17.7558 -8.82707 0
      vertex 18.3294 -8.69333 0
    endloop
  endfacet
  facet normal -0.881868 -0.471496 0
    outer loop
      vertex -23.7942 -4.5 0
      vertex -24.0719 -3.9806 6
      vertex -24.0719 -3.9806 0
    endloop
  endfacet
  facet normal -0.881868 -0.471496 0
    outer loop
      vertex -24.0719 -3.9806 6
      vertex -23.7942 -4.5 0
      vertex -23.7942 -4.5 6
    endloop
  endfacet
  facet normal 0.582418 0.812889 -0
    outer loop
      vertex 21.4789 7.14018 0
      vertex 21.0001 7.48323 6
      vertex 21.4789 7.14018 6
    endloop
  endfacet
  facet normal 0.582418 0.812889 0
    outer loop
      vertex 21.0001 7.48323 6
      vertex 21.4789 7.14018 0
      vertex 21.0001 7.48323 0
    endloop
  endfacet
  facet normal 0.683551 0.729902 -0
    outer loop
      vertex 22.364 6.36396 0
      vertex 21.9341 6.76656 6
      vertex 22.364 6.36396 6
    endloop
  endfacet
  facet normal 0.683551 0.729902 0
    outer loop
      vertex 21.9341 6.76656 6
      vertex 22.364 6.36396 0
      vertex 21.9341 6.76656 0
    endloop
  endfacet
  facet normal -0.582418 0.812889 0
    outer loop
      vertex -21.0001 7.48323 0
      vertex -21.4789 7.14018 6
      vertex -21.0001 7.48323 6
    endloop
  endfacet
  facet normal -0.582418 0.812889 0
    outer loop
      vertex -21.4789 7.14018 6
      vertex -21.0001 7.48323 0
      vertex -21.4789 7.14018 0
    endloop
  endfacet
  facet normal 0.995189 0.0979717 0
    outer loop
      vertex 24.9807 0.588628 6
      vertex 24.923 1.17474 0
      vertex 24.923 1.17474 6
    endloop
  endfacet
  facet normal 0.995189 0.0979717 0
    outer loop
      vertex 24.923 1.17474 0
      vertex 24.9807 0.588628 6
      vertex 24.9807 0.588628 0
    endloop
  endfacet
  facet normal 0.634441 -0.772971 0
    outer loop
      vertex 21.4789 -7.14018 0
      vertex 21.9341 -6.76656 6
      vertex 21.4789 -7.14018 6
    endloop
  endfacet
  facet normal 0.634441 -0.772971 0
    outer loop
      vertex 21.9341 -6.76656 6
      vertex 21.4789 -7.14018 0
      vertex 21.9341 -6.76656 0
    endloop
  endfacet
  facet normal -0.773029 -0.634371 0
    outer loop
      vertex -22.7666 -5.93411 0
      vertex -23.1402 -5.47885 6
      vertex -23.1402 -5.47885 0
    endloop
  endfacet
  facet normal -0.773029 -0.634371 0
    outer loop
      vertex -23.1402 -5.47885 6
      vertex -22.7666 -5.93411 0
      vertex -22.7666 -5.93411 6
    endloop
  endfacet
  facet normal -0.162879 -0.986646 0
    outer loop
      vertex -17.7558 -8.82707 0
      vertex -17.1747 -8.923 6
      vertex -17.7558 -8.82707 6
    endloop
  endfacet
  facet normal -0.162879 -0.986646 -0
    outer loop
      vertex -17.1747 -8.923 6
      vertex -17.7558 -8.82707 0
      vertex -17.1747 -8.923 0
    endloop
  endfacet
  facet normal -0.683551 -0.729902 0
    outer loop
      vertex -22.364 -6.36396 0
      vertex -21.9341 -6.76656 6
      vertex -22.364 -6.36396 6
    endloop
  endfacet
  facet normal -0.683551 -0.729902 -0
    outer loop
      vertex -21.9341 -6.76656 6
      vertex -22.364 -6.36396 0
      vertex -21.9341 -6.76656 0
    endloop
  endfacet
  facet normal -0.47139 0.881925 0
    outer loop
      vertex -19.9806 8.07185 0
      vertex -20.5 7.79423 6
      vertex -19.9806 8.07185 6
    endloop
  endfacet
  facet normal -0.47139 0.881925 0
    outer loop
      vertex -20.5 7.79423 6
      vertex -19.9806 8.07185 0
      vertex -20.5 7.79423 0
    endloop
  endfacet
  facet normal 0.290275 0.956943 -0
    outer loop
      vertex 18.893 8.52237 0
      vertex 18.3294 8.69333 6
      vertex 18.893 8.52237 6
    endloop
  endfacet
  facet normal 0.290275 0.956943 0
    outer loop
      vertex 18.3294 8.69333 6
      vertex 18.893 8.52237 0
      vertex 18.3294 8.69333 0
    endloop
  endfacet
  facet normal -0.995189 0.0979717 0
    outer loop
      vertex -24.9807 0.588628 0
      vertex -24.923 1.17474 6
      vertex -24.923 1.17474 0
    endloop
  endfacet
  facet normal -0.995189 0.0979717 0
    outer loop
      vertex -24.923 1.17474 6
      vertex -24.9807 0.588628 0
      vertex -24.9807 0.588628 6
    endloop
  endfacet
  facet normal -0.773029 0.634371 0
    outer loop
      vertex -23.1402 5.47885 0
      vertex -22.7666 5.93411 6
      vertex -22.7666 5.93411 0
    endloop
  endfacet
  facet normal -0.773029 0.634371 0
    outer loop
      vertex -22.7666 5.93411 6
      vertex -23.1402 5.47885 0
      vertex -23.1402 5.47885 6
    endloop
  endfacet
  facet normal -0.634441 0.772971 0
    outer loop
      vertex -21.4789 7.14018 0
      vertex -21.9341 6.76656 6
      vertex -21.4789 7.14018 6
    endloop
  endfacet
  facet normal -0.634441 0.772971 0
    outer loop
      vertex -21.9341 6.76656 6
      vertex -21.4789 7.14018 0
      vertex -21.9341 6.76656 0
    endloop
  endfacet
  facet normal 0.973853 -0.22718 0
    outer loop
      vertex 24.6933 -2.32937 6
      vertex 24.8271 -1.75581 0
      vertex 24.8271 -1.75581 6
    endloop
  endfacet
  facet normal 0.973853 -0.22718 0
    outer loop
      vertex 24.8271 -1.75581 0
      vertex 24.6933 -2.32937 6
      vertex 24.6933 -2.32937 0
    endloop
  endfacet
  facet normal 0.995189 -0.0979717 0
    outer loop
      vertex 24.923 -1.17474 6
      vertex 24.9807 -0.588628 0
      vertex 24.9807 -0.588628 6
    endloop
  endfacet
  facet normal 0.995189 -0.0979717 0
    outer loop
      vertex 24.9807 -0.588628 0
      vertex 24.923 -1.17474 6
      vertex 24.923 -1.17474 0
    endloop
  endfacet
  facet normal 0.881868 -0.471496 0
    outer loop
      vertex 23.7942 -4.5 6
      vertex 24.0719 -3.9806 0
      vertex 24.0719 -3.9806 6
    endloop
  endfacet
  facet normal 0.881868 -0.471496 0
    outer loop
      vertex 24.0719 -3.9806 0
      vertex 23.7942 -4.5 6
      vertex 23.7942 -4.5 0
    endloop
  endfacet
  facet normal -0.227069 -0.973879 0
    outer loop
      vertex -18.3294 -8.69333 0
      vertex -17.7558 -8.82707 6
      vertex -18.3294 -8.69333 6
    endloop
  endfacet
  facet normal -0.227069 -0.973879 -0
    outer loop
      vertex -17.7558 -8.82707 6
      vertex -18.3294 -8.69333 0
      vertex -17.7558 -8.82707 0
    endloop
  endfacet
  facet normal -0.999463 -0.0327705 0
    outer loop
      vertex -24.9807 -0.588628 0
      vertex -25 0 6
      vertex -25 0 0
    endloop
  endfacet
  facet normal -0.999463 -0.0327705 0
    outer loop
      vertex -25 0 6
      vertex -24.9807 -0.588628 0
      vertex -24.9807 -0.588628 6
    endloop
  endfacet
  facet normal 0.910904 -0.412619 0
    outer loop
      vertex 24.0719 -3.9806 6
      vertex 24.3149 -3.44415 0
      vertex 24.3149 -3.44415 6
    endloop
  endfacet
  facet normal 0.910904 -0.412619 0
    outer loop
      vertex 24.3149 -3.44415 0
      vertex 24.0719 -3.9806 6
      vertex 24.0719 -3.9806 0
    endloop
  endfacet
  facet normal -0.973853 -0.22718 0
    outer loop
      vertex -24.6933 -2.32937 0
      vertex -24.8271 -1.75581 6
      vertex -24.8271 -1.75581 0
    endloop
  endfacet
  facet normal -0.973853 -0.22718 0
    outer loop
      vertex -24.8271 -1.75581 6
      vertex -24.6933 -2.32937 0
      vertex -24.6933 -2.32937 6
    endloop
  endfacet
  facet normal 0.849203 -0.528067 0
    outer loop
      vertex 23.4832 -5.00013 6
      vertex 23.7942 -4.5 0
      vertex 23.7942 -4.5 6
    endloop
  endfacet
  facet normal 0.849203 -0.528067 0
    outer loop
      vertex 23.7942 -4.5 0
      vertex 23.4832 -5.00013 6
      vertex 23.4832 -5.00013 0
    endloop
  endfacet
  facet normal 0.52809 -0.849189 0
    outer loop
      vertex 20.5 -7.79423 0
      vertex 21.0001 -7.48323 6
      vertex 20.5 -7.79423 6
    endloop
  endfacet
  facet normal 0.52809 -0.849189 0
    outer loop
      vertex 21.0001 -7.48323 6
      vertex 20.5 -7.79423 0
      vertex 21.0001 -7.48323 0
    endloop
  endfacet
  facet normal 0.729863 0.683594 0
    outer loop
      vertex 22.7666 5.93411 6
      vertex 22.364 6.36396 0
      vertex 22.364 6.36396 6
    endloop
  endfacet
  facet normal 0.729863 0.683594 0
    outer loop
      vertex 22.364 6.36396 0
      vertex 22.7666 5.93411 6
      vertex 22.7666 5.93411 0
    endloop
  endfacet
  facet normal -0.849203 -0.528067 0
    outer loop
      vertex -23.4832 -5.00013 0
      vertex -23.7942 -4.5 6
      vertex -23.7942 -4.5 0
    endloop
  endfacet
  facet normal -0.849203 -0.528067 0
    outer loop
      vertex -23.7942 -4.5 6
      vertex -23.4832 -5.00013 0
      vertex -23.4832 -5.00013 6
    endloop
  endfacet
  facet normal -0.812884 -0.582426 0
    outer loop
      vertex -23.1402 -5.47885 0
      vertex -23.4832 -5.00013 6
      vertex -23.4832 -5.00013 0
    endloop
  endfacet
  facet normal -0.812884 -0.582426 0
    outer loop
      vertex -23.4832 -5.00013 6
      vertex -23.1402 -5.47885 0
      vertex -23.1402 -5.47885 6
    endloop
  endfacet
  facet normal 0.910904 0.412619 0
    outer loop
      vertex 24.3149 3.44415 6
      vertex 24.0719 3.9806 0
      vertex 24.0719 3.9806 6
    endloop
  endfacet
  facet normal 0.910904 0.412619 0
    outer loop
      vertex 24.0719 3.9806 0
      vertex 24.3149 3.44415 6
      vertex 24.3149 3.44415 0
    endloop
  endfacet
  facet normal -0.52809 0.849189 0
    outer loop
      vertex -20.5 7.79423 0
      vertex -21.0001 7.48323 6
      vertex -20.5 7.79423 6
    endloop
  endfacet
  facet normal -0.52809 0.849189 0
    outer loop
      vertex -21.0001 7.48323 6
      vertex -20.5 7.79423 0
      vertex -21.0001 7.48323 0
    endloop
  endfacet
  facet normal 0.773029 0.634371 0
    outer loop
      vertex 23.1402 5.47885 6
      vertex 22.7666 5.93411 0
      vertex 22.7666 5.93411 6
    endloop
  endfacet
  facet normal 0.773029 0.634371 0
    outer loop
      vertex 22.7666 5.93411 0
      vertex 23.1402 5.47885 6
      vertex 23.1402 5.47885 0
    endloop
  endfacet
  facet normal -0.227069 0.973879 0
    outer loop
      vertex -17.7558 8.82707 0
      vertex -18.3294 8.69333 6
      vertex -17.7558 8.82707 6
    endloop
  endfacet
  facet normal -0.227069 0.973879 0
    outer loop
      vertex -18.3294 8.69333 6
      vertex -17.7558 8.82707 0
      vertex -18.3294 8.69333 0
    endloop
  endfacet
  facet normal -0.910904 0.412619 0
    outer loop
      vertex -24.3149 3.44415 0
      vertex -24.0719 3.9806 6
      vertex -24.0719 3.9806 0
    endloop
  endfacet
  facet normal -0.910904 0.412619 0
    outer loop
      vertex -24.0719 3.9806 6
      vertex -24.3149 3.44415 0
      vertex -24.3149 3.44415 6
    endloop
  endfacet
  facet normal 0.162879 0.986646 -0
    outer loop
      vertex 17.7558 8.82707 0
      vertex 17.1747 8.923 6
      vertex 17.7558 8.82707 6
    endloop
  endfacet
  facet normal 0.162879 0.986646 0
    outer loop
      vertex 17.1747 8.923 6
      vertex 17.7558 8.82707 0
      vertex 17.1747 8.923 0
    endloop
  endfacet
  facet normal 0.986653 0.162838 0
    outer loop
      vertex 24.923 1.17474 6
      vertex 24.8271 1.75581 0
      vertex 24.8271 1.75581 6
    endloop
  endfacet
  facet normal 0.986653 0.162838 0
    outer loop
      vertex 24.8271 1.75581 0
      vertex 24.923 1.17474 6
      vertex 24.923 1.17474 0
    endloop
  endfacet
  facet normal -0.986653 0.162838 0
    outer loop
      vertex -24.923 1.17474 0
      vertex -24.8271 1.75581 6
      vertex -24.8271 1.75581 0
    endloop
  endfacet
  facet normal -0.986653 0.162838 0
    outer loop
      vertex -24.8271 1.75581 6
      vertex -24.923 1.17474 0
      vertex -24.923 1.17474 6
    endloop
  endfacet
  facet normal 0.973853 0.22718 0
    outer loop
      vertex 24.8271 1.75581 6
      vertex 24.6933 2.32937 0
      vertex 24.6933 2.32937 6
    endloop
  endfacet
  facet normal 0.973853 0.22718 0
    outer loop
      vertex 24.6933 2.32937 0
      vertex 24.8271 1.75581 6
      vertex 24.8271 1.75581 0
    endloop
  endfacet
  facet normal -0.352296 0.935889 0
    outer loop
      vertex -18.893 8.52237 0
      vertex -19.4441 8.31492 6
      vertex -18.893 8.52237 6
    endloop
  endfacet
  facet normal -0.352296 0.935889 0
    outer loop
      vertex -19.4441 8.31492 6
      vertex -18.893 8.52237 0
      vertex -19.4441 8.31492 0
    endloop
  endfacet
  facet normal -0.634441 -0.772971 0
    outer loop
      vertex -21.9341 -6.76656 0
      vertex -21.4789 -7.14018 6
      vertex -21.9341 -6.76656 6
    endloop
  endfacet
  facet normal -0.634441 -0.772971 -0
    outer loop
      vertex -21.4789 -7.14018 6
      vertex -21.9341 -6.76656 0
      vertex -21.4789 -7.14018 0
    endloop
  endfacet
  facet normal 0.729863 -0.683594 0
    outer loop
      vertex 22.364 -6.36396 6
      vertex 22.7666 -5.93411 0
      vertex 22.7666 -5.93411 6
    endloop
  endfacet
  facet normal 0.729863 -0.683594 0
    outer loop
      vertex 22.7666 -5.93411 0
      vertex 22.364 -6.36396 6
      vertex 22.364 -6.36396 0
    endloop
  endfacet
  facet normal 0.227069 0.973879 -0
    outer loop
      vertex 18.3294 8.69333 0
      vertex 17.7558 8.82707 6
      vertex 18.3294 8.69333 6
    endloop
  endfacet
  facet normal 0.227069 0.973879 0
    outer loop
      vertex 17.7558 8.82707 6
      vertex 18.3294 8.69333 0
      vertex 17.7558 8.82707 0
    endloop
  endfacet
  facet normal -0.47139 -0.881925 0
    outer loop
      vertex -20.5 -7.79423 0
      vertex -19.9806 -8.07185 6
      vertex -20.5 -7.79423 6
    endloop
  endfacet
  facet normal -0.47139 -0.881925 -0
    outer loop
      vertex -19.9806 -8.07185 6
      vertex -20.5 -7.79423 0
      vertex -19.9806 -8.07185 0
    endloop
  endfacet
  facet normal -0.290275 0.956943 0
    outer loop
      vertex -18.3294 8.69333 0
      vertex -18.893 8.52237 6
      vertex -18.3294 8.69333 6
    endloop
  endfacet
  facet normal -0.290275 0.956943 0
    outer loop
      vertex -18.893 8.52237 6
      vertex -18.3294 8.69333 0
      vertex -18.893 8.52237 0
    endloop
  endfacet
  facet normal 0.812884 -0.582426 0
    outer loop
      vertex 23.1402 -5.47885 6
      vertex 23.4832 -5.00013 0
      vertex 23.4832 -5.00013 6
    endloop
  endfacet
  facet normal 0.812884 -0.582426 0
    outer loop
      vertex 23.4832 -5.00013 0
      vertex 23.1402 -5.47885 6
      vertex 23.1402 -5.47885 0
    endloop
  endfacet
  facet normal 0.986653 -0.162838 0
    outer loop
      vertex 24.8271 -1.75581 6
      vertex 24.923 -1.17474 0
      vertex 24.923 -1.17474 6
    endloop
  endfacet
  facet normal 0.986653 -0.162838 0
    outer loop
      vertex 24.923 -1.17474 0
      vertex 24.8271 -1.75581 6
      vertex 24.8271 -1.75581 0
    endloop
  endfacet
  facet normal -0.683551 0.729902 0
    outer loop
      vertex -21.9341 6.76656 0
      vertex -22.364 6.36396 6
      vertex -21.9341 6.76656 6
    endloop
  endfacet
  facet normal -0.683551 0.729902 0
    outer loop
      vertex -22.364 6.36396 6
      vertex -21.9341 6.76656 0
      vertex -22.364 6.36396 0
    endloop
  endfacet
  facet normal -0.956969 -0.290191 0
    outer loop
      vertex -24.5224 -2.89295 0
      vertex -24.6933 -2.32937 6
      vertex -24.6933 -2.32937 0
    endloop
  endfacet
  facet normal -0.956969 -0.290191 0
    outer loop
      vertex -24.6933 -2.32937 6
      vertex -24.5224 -2.89295 0
      vertex -24.5224 -2.89295 6
    endloop
  endfacet
  facet normal -0.729863 -0.683594 0
    outer loop
      vertex -22.364 -6.36396 0
      vertex -22.7666 -5.93411 6
      vertex -22.7666 -5.93411 0
    endloop
  endfacet
  facet normal -0.729863 -0.683594 0
    outer loop
      vertex -22.7666 -5.93411 6
      vertex -22.364 -6.36396 0
      vertex -22.364 -6.36396 6
    endloop
  endfacet
  facet normal 0.47139 -0.881925 0
    outer loop
      vertex 19.9806 -8.07185 0
      vertex 20.5 -7.79423 6
      vertex 19.9806 -8.07185 6
    endloop
  endfacet
  facet normal 0.47139 -0.881925 0
    outer loop
      vertex 20.5 -7.79423 6
      vertex 19.9806 -8.07185 0
      vertex 20.5 -7.79423 0
    endloop
  endfacet
  facet normal 0.999463 -0.0327705 0
    outer loop
      vertex 24.9807 -0.588628 6
      vertex 25 0 0
      vertex 25 0 6
    endloop
  endfacet
  facet normal 0.999463 -0.0327705 0
    outer loop
      vertex 25 0 0
      vertex 24.9807 -0.588628 6
      vertex 24.9807 -0.588628 0
    endloop
  endfacet
  facet normal -0.973853 0.22718 0
    outer loop
      vertex -24.8271 1.75581 0
      vertex -24.6933 2.32937 6
      vertex -24.6933 2.32937 0
    endloop
  endfacet
  facet normal -0.973853 0.22718 0
    outer loop
      vertex -24.6933 2.32937 6
      vertex -24.8271 1.75581 0
      vertex -24.8271 1.75581 6
    endloop
  endfacet
  facet normal 0 0 -1
    outer loop
      vertex -18.4756 0.631427 0
      vertex -6.65 3.83938 0
      vertex -18.4376 0.530375 0
    endloop
  endfacet
  facet normal 0 0 -1
    outer loop
      vertex -18.5202 0.729775 0
      vertex -6.65 3.83938 0
      vertex -18.4756 0.631427 0
    endloop
  endfacet
  facet normal -0 0 -1
    outer loop
      vertex -6.65 3.83938 0
      vertex -18.5202 0.729775 0
      vertex -16 9 0
    endloop
  endfacet
  facet normal 0 0 -1
    outer loop
      vertex -18.5711 0.825 0
      vertex -16 9 0
      vertex -18.5202 0.729775 0
    endloop
  endfacet
  facet normal 0 0 -1
    outer loop
      vertex -18.6281 0.916691 0
      vertex -16 9 0
      vertex -18.5711 0.825 0
    endloop
  endfacet
  facet normal 0 0 -1
    outer loop
      vertex -18.691 1.00446 0
      vertex -16 9 0
      vertex -18.6281 0.916691 0
    endloop
  endfacet
  facet normal 0 0 -1
    outer loop
      vertex -18.7595 1.08792 0
      vertex -16 9 0
      vertex -18.691 1.00446 0
    endloop
  endfacet
  facet normal 0 0 -1
    outer loop
      vertex -18.8333 1.16673 0
      vertex -16 9 0
      vertex -18.7595 1.08792 0
    endloop
  endfacet
  facet normal 0 0 -1
    outer loop
      vertex -18.9121 1.24053 0
      vertex -16 9 0
      vertex -18.8333 1.16673 0
    endloop
  endfacet
  facet normal 0 0 -1
    outer loop
      vertex -16 9 0
      vertex -18.9121 1.24053 0
      vertex -16.5886 8.98073 0
    endloop
  endfacet
  facet normal 0 0 -1
    outer loop
      vertex -18.9955 1.30903 0
      vertex -16.5886 8.98073 0
      vertex -18.9121 1.24053 0
    endloop
  endfacet
  facet normal 0 0 -1
    outer loop
      vertex -16.5886 8.98073 0
      vertex -18.9955 1.30903 0
      vertex -17.1747 8.923 0
    endloop
  endfacet
  facet normal 0 0 -1
    outer loop
      vertex -19.0833 1.37192 0
      vertex -17.1747 8.923 0
      vertex -18.9955 1.30903 0
    endloop
  endfacet
  facet normal 0 0 -1
    outer loop
      vertex -17.1747 8.923 0
      vertex -19.0833 1.37192 0
      vertex -17.7558 8.82707 0
    endloop
  endfacet
  facet normal 0 0 -1
    outer loop
      vertex -19.175 1.42894 0
      vertex -17.7558 8.82707 0
      vertex -19.0833 1.37192 0
    endloop
  endfacet
  facet normal 0 0 -1
    outer loop
      vertex -17.7558 8.82707 0
      vertex -19.175 1.42894 0
      vertex -18.3294 8.69333 0
    endloop
  endfacet
  facet normal 0 0 -1
    outer loop
      vertex -19.2702 1.47984 0
      vertex -18.3294 8.69333 0
      vertex -19.175 1.42894 0
    endloop
  endfacet
  facet normal 0 0 -1
    outer loop
      vertex -18.3294 8.69333 0
      vertex -19.2702 1.47984 0
      vertex -18.893 8.52237 0
    endloop
  endfacet
  facet normal 0 0 -1
    outer loop
      vertex -19.3686 1.5244 0
      vertex -18.893 8.52237 0
      vertex -19.2702 1.47984 0
    endloop
  endfacet
  facet normal 0 0 -1
    outer loop
      vertex -19.3686 1.5244 0
      vertex -19.4441 8.31492 0
      vertex -18.893 8.52237 0
    endloop
  endfacet
  facet normal 0 0 -1
    outer loop
      vertex -19.4696 1.56243 0
      vertex -19.4441 8.31492 0
      vertex -19.3686 1.5244 0
    endloop
  endfacet
  facet normal 0 0 -1
    outer loop
      vertex -19.9806 8.07185 0
      vertex -19.4696 1.56243 0
      vertex -19.5729 1.59378 0
    endloop
  endfacet
  facet normal 0 0 -1
    outer loop
      vertex -20.5 7.79423 0
      vertex -19.5729 1.59378 0
      vertex -19.6781 1.6183 0
    endloop
  endfacet
  facet normal 0 0 -1
    outer loop
      vertex -21.0001 7.48323 0
      vertex -19.6781 1.6183 0
      vertex -19.7846 1.63588 0
    endloop
  endfacet
  facet normal 0 0 -1
    outer loop
      vertex -21.4789 7.14018 0
      vertex -19.7846 1.63588 0
      vertex -19.8921 1.64647 0
    endloop
  endfacet
  facet normal 0 0 -1
    outer loop
      vertex -19.4696 1.56243 0
      vertex -19.9806 8.07185 0
      vertex -19.4441 8.31492 0
    endloop
  endfacet
  facet normal 0 0 -1
    outer loop
      vertex -21.9341 6.76656 0
      vertex -19.8921 1.64647 0
      vertex -20 1.65 0
    endloop
  endfacet
  facet normal 0 0 -1
    outer loop
      vertex -21.9341 6.76656 0
      vertex -20 1.65 0
      vertex -20.1079 1.64647 0
    endloop
  endfacet
  facet normal 0 0 -1
    outer loop
      vertex -22.364 6.36396 0
      vertex -20.1079 1.64647 0
      vertex -20.2154 1.63588 0
    endloop
  endfacet
  facet normal 0 0 -1
    outer loop
      vertex -22.7666 5.93411 0
      vertex -20.2154 1.63588 0
      vertex -20.3219 1.6183 0
    endloop
  endfacet
  facet normal 0 0 -1
    outer loop
      vertex -22.7666 5.93411 0
      vertex -20.3219 1.6183 0
      vertex -20.4271 1.59378 0
    endloop
  endfacet
  facet normal 0 0 -1
    outer loop
      vertex -19.5729 1.59378 0
      vertex -20.5 7.79423 0
      vertex -19.9806 8.07185 0
    endloop
  endfacet
  facet normal 0 0 -1
    outer loop
      vertex -23.1402 5.47885 0
      vertex -20.4271 1.59378 0
      vertex -20.5304 1.56243 0
    endloop
  endfacet
  facet normal 0 0 -1
    outer loop
      vertex -23.4832 5.00013 0
      vertex -20.5304 1.56243 0
      vertex -20.6314 1.5244 0
    endloop
  endfacet
  facet normal 0 0 -1
    outer loop
      vertex -23.4832 5.00013 0
      vertex -20.6314 1.5244 0
      vertex -20.7298 1.47984 0
    endloop
  endfacet
  facet normal 0 0 -1
    outer loop
      vertex -23.7942 4.5 0
      vertex -20.7298 1.47984 0
      vertex -20.825 1.42894 0
    endloop
  endfacet
  facet normal 0 0 -1
    outer loop
      vertex -23.7942 4.5 0
      vertex -20.825 1.42894 0
      vertex -20.9167 1.37192 0
    endloop
  endfacet
  facet normal 0 0 -1
    outer loop
      vertex -19.6781 1.6183 0
      vertex -21.0001 7.48323 0
      vertex -20.5 7.79423 0
    endloop
  endfacet
  facet normal 0 0 -1
    outer loop
      vertex -24.0719 3.9806 0
      vertex -20.9167 1.37192 0
      vertex -21.0045 1.30903 0
    endloop
  endfacet
  facet normal 0 0 -1
    outer loop
      vertex -24.0719 3.9806 0
      vertex -21.0045 1.30903 0
      vertex -21.0879 1.24053 0
    endloop
  endfacet
  facet normal 0 0 -1
    outer loop
      vertex -24.3149 3.44415 0
      vertex -21.0879 1.24053 0
      vertex -21.1667 1.16673 0
    endloop
  endfacet
  facet normal 0 0 -1
    outer loop
      vertex -24.5224 2.89295 0
      vertex -21.1667 1.16673 0
      vertex -21.2405 1.08792 0
    endloop
  endfacet
  facet normal 0 0 -1
    outer loop
      vertex -24.5224 2.89295 0
      vertex -21.2405 1.08792 0
      vertex -21.309 1.00446 0
    endloop
  endfacet
  facet normal 0 0 -1
    outer loop
      vertex -24.6933 2.32937 0
      vertex -21.309 1.00446 0
      vertex -21.3719 0.916691 0
    endloop
  endfacet
  facet normal 0 0 -1
    outer loop
      vertex -24.6933 2.32937 0
      vertex -21.3719 0.916691 0
      vertex -21.4289 0.825 0
    endloop
  endfacet
  facet normal 0 0 -1
    outer loop
      vertex -19.7846 1.63588 0
      vertex -21.4789 7.14018 0
      vertex -21.0001 7.48323 0
    endloop
  endfacet
  facet normal 0 0 -1
    outer loop
      vertex -24.6933 2.32937 0
      vertex -21.4289 0.825 0
      vertex -21.4798 0.729775 0
    endloop
  endfacet
  facet normal 0 0 -1
    outer loop
      vertex -24.8271 1.75581 0
      vertex -21.4798 0.729775 0
      vertex -21.5244 0.631427 0
    endloop
  endfacet
  facet normal 0 0 -1
    outer loop
      vertex -24.8271 1.75581 0
      vertex -21.5244 0.631427 0
      vertex -21.5624 0.530375 0
    endloop
  endfacet
  facet normal 0 0 -1
    outer loop
      vertex -24.923 1.17474 0
      vertex -21.5624 0.530375 0
      vertex -21.5938 0.427051 0
    endloop
  endfacet
  facet normal 0 0 -1
    outer loop
      vertex -24.923 1.17474 0
      vertex -21.5938 0.427051 0
      vertex -21.6183 0.321898 0
    endloop
  endfacet
  facet normal 0 0 -1
    outer loop
      vertex -24.9807 0.588628 0
      vertex -21.6183 0.321898 0
      vertex -21.6359 0.215367 0
    endloop
  endfacet
  facet normal 0 0 -1
    outer loop
      vertex -24.9807 0.588628 0
      vertex -21.6359 0.215367 0
      vertex -21.6465 0.107915 0
    endloop
  endfacet
  facet normal 0 0 -1
    outer loop
      vertex -25 0 0
      vertex -21.6465 0.107915 0
      vertex -21.65 0 0
    endloop
  endfacet
  facet normal -0 0 -1
    outer loop
      vertex -21.3719 -0.916691 0
      vertex -24.6933 -2.32937 0
      vertex -21.4289 -0.825 0
    endloop
  endfacet
  facet normal 0 0 -1
    outer loop
      vertex -19.8921 1.64647 0
      vertex -21.9341 6.76656 0
      vertex -21.4789 7.14018 0
    endloop
  endfacet
  facet normal -0 0 -1
    outer loop
      vertex -21.4289 -0.825 0
      vertex -24.6933 -2.32937 0
      vertex -21.4798 -0.729775 0
    endloop
  endfacet
  facet normal 0 0 -1
    outer loop
      vertex -20.1079 1.64647 0
      vertex -22.364 6.36396 0
      vertex -21.9341 6.76656 0
    endloop
  endfacet
  facet normal 0 0 -1
    outer loop
      vertex -24.8271 -1.75581 0
      vertex -21.4798 -0.729775 0
      vertex -24.6933 -2.32937 0
    endloop
  endfacet
  facet normal 0 0 -1
    outer loop
      vertex -20.2154 1.63588 0
      vertex -22.7666 5.93411 0
      vertex -22.364 6.36396 0
    endloop
  endfacet
  facet normal -0 0 -1
    outer loop
      vertex -21.4798 -0.729775 0
      vertex -24.8271 -1.75581 0
      vertex -21.5244 -0.631427 0
    endloop
  endfacet
  facet normal 0 0 -1
    outer loop
      vertex -20.4271 1.59378 0
      vertex -23.1402 5.47885 0
      vertex -22.7666 5.93411 0
    endloop
  endfacet
  facet normal -0 0 -1
    outer loop
      vertex -21.5244 -0.631427 0
      vertex -24.8271 -1.75581 0
      vertex -21.5624 -0.530375 0
    endloop
  endfacet
  facet normal 0 0 -1
    outer loop
      vertex -20.5304 1.56243 0
      vertex -23.4832 5.00013 0
      vertex -23.1402 5.47885 0
    endloop
  endfacet
  facet normal 0 0 -1
    outer loop
      vertex -24.923 -1.17474 0
      vertex -21.5624 -0.530375 0
      vertex -24.8271 -1.75581 0
    endloop
  endfacet
  facet normal 0 0 -1
    outer loop
      vertex -20.7298 1.47984 0
      vertex -23.7942 4.5 0
      vertex -23.4832 5.00013 0
    endloop
  endfacet
  facet normal -0 0 -1
    outer loop
      vertex -21.5624 -0.530375 0
      vertex -24.923 -1.17474 0
      vertex -21.5938 -0.427051 0
    endloop
  endfacet
  facet normal 0 0 -1
    outer loop
      vertex -20.9167 1.37192 0
      vertex -24.0719 3.9806 0
      vertex -23.7942 4.5 0
    endloop
  endfacet
  facet normal -0 0 -1
    outer loop
      vertex -21.5938 -0.427051 0
      vertex -24.923 -1.17474 0
      vertex -21.6183 -0.321898 0
    endloop
  endfacet
  facet normal 0 0 -1
    outer loop
      vertex -21.0879 1.24053 0
      vertex -24.3149 3.44415 0
      vertex -24.0719 3.9806 0
    endloop
  endfacet
  facet normal 0 0 -1
    outer loop
      vertex -24.9807 -0.588628 0
      vertex -21.6183 -0.321898 0
      vertex -24.923 -1.17474 0
    endloop
  endfacet
  facet normal 0 0 -1
    outer loop
      vertex -21.1667 1.16673 0
      vertex -24.5224 2.89295 0
      vertex -24.3149 3.44415 0
    endloop
  endfacet
  facet normal -0 0 -1
    outer loop
      vertex -21.6183 -0.321898 0
      vertex -24.9807 -0.588628 0
      vertex -21.6359 -0.215367 0
    endloop
  endfacet
  facet normal 0 0 -1
    outer loop
      vertex -21.309 1.00446 0
      vertex -24.6933 2.32937 0
      vertex -24.5224 2.89295 0
    endloop
  endfacet
  facet normal -0 0 -1
    outer loop
      vertex -21.6359 -0.215367 0
      vertex -24.9807 -0.588628 0
      vertex -21.6465 -0.107915 0
    endloop
  endfacet
  facet normal 0 0 -1
    outer loop
      vertex -21.4798 0.729775 0
      vertex -24.8271 1.75581 0
      vertex -24.6933 2.32937 0
    endloop
  endfacet
  facet normal 0 0 -1
    outer loop
      vertex -25 0 0
      vertex -21.6465 -0.107915 0
      vertex -24.9807 -0.588628 0
    endloop
  endfacet
  facet normal 0 0 -1
    outer loop
      vertex -21.5624 0.530375 0
      vertex -24.923 1.17474 0
      vertex -24.8271 1.75581 0
    endloop
  endfacet
  facet normal 0 0 -1
    outer loop
      vertex -21.6465 -0.107915 0
      vertex -25 0 0
      vertex -21.65 0 0
    endloop
  endfacet
  facet normal 0 0 -1
    outer loop
      vertex -21.6183 0.321898 0
      vertex -24.9807 0.588628 0
      vertex -24.923 1.17474 0
    endloop
  endfacet
  facet normal -0 0 -1
    outer loop
      vertex -21.6465 0.107915 0
      vertex -25 0 0
      vertex -24.9807 0.588628 0
    endloop
  endfacet
  facet normal 0 0 -1
    outer loop
      vertex 18.5202 0.729775 0
      vertex 6.65 3.83938 0
      vertex 16 9 0
    endloop
  endfacet
  facet normal 0 0 -1
    outer loop
      vertex 0 7.67876 0
      vertex 16 9 0
      vertex 6.65 3.83938 0
    endloop
  endfacet
  facet normal 0 0 -1
    outer loop
      vertex 0 7.67876 0
      vertex -16 9 0
      vertex 16 9 0
    endloop
  endfacet
  facet normal 0 0 -1
    outer loop
      vertex -6.65 3.83938 0
      vertex -16 9 0
      vertex 0 7.67876 0
    endloop
  endfacet
  facet normal 0 -0 -1
    outer loop
      vertex -18.4062 -0.427051 0
      vertex -6.65 -3.83938 0
      vertex -18.4376 -0.530375 0
    endloop
  endfacet
  facet normal 0 0 -1
    outer loop
      vertex -18.9121 -1.24053 0
      vertex -16 -9 0
      vertex -16.5886 -8.98073 0
    endloop
  endfacet
  facet normal 0 0 -1
    outer loop
      vertex -18.3535 0.107915 0
      vertex -6.65 3.83938 0
      vertex -18.35 0 0
    endloop
  endfacet
  facet normal 0 0 -1
    outer loop
      vertex -18.9955 -1.30903 0
      vertex -16.5886 -8.98073 0
      vertex -17.1747 -8.923 0
    endloop
  endfacet
  facet normal 0 0 -1
    outer loop
      vertex -18.3641 0.215367 0
      vertex -6.65 3.83938 0
      vertex -18.3535 0.107915 0
    endloop
  endfacet
  facet normal 0 0 -1
    outer loop
      vertex -19.0833 -1.37192 0
      vertex -17.1747 -8.923 0
      vertex -17.7558 -8.82707 0
    endloop
  endfacet
  facet normal 0 0 -1
    outer loop
      vertex -18.3817 0.321898 0
      vertex -6.65 3.83938 0
      vertex -18.3641 0.215367 0
    endloop
  endfacet
  facet normal 0 0 -1
    outer loop
      vertex -19.175 -1.42894 0
      vertex -17.7558 -8.82707 0
      vertex -18.3294 -8.69333 0
    endloop
  endfacet
  facet normal 0 0 -1
    outer loop
      vertex -18.4062 0.427051 0
      vertex -6.65 3.83938 0
      vertex -18.3817 0.321898 0
    endloop
  endfacet
  facet normal 0 0 -1
    outer loop
      vertex -18.4376 0.530375 0
      vertex -6.65 3.83938 0
      vertex -18.4062 0.427051 0
    endloop
  endfacet
  facet normal 0 0 -1
    outer loop
      vertex -6.65 -3.83938 0
      vertex -18.35 0 0
      vertex -6.65 3.83938 0
    endloop
  endfacet
  facet normal 0 -0 -1
    outer loop
      vertex -18.35 0 0
      vertex -6.65 -3.83938 0
      vertex -18.3535 -0.107915 0
    endloop
  endfacet
  facet normal 0 -0 -1
    outer loop
      vertex -18.3535 -0.107915 0
      vertex -6.65 -3.83938 0
      vertex -18.3641 -0.215367 0
    endloop
  endfacet
  facet normal 0 -0 -1
    outer loop
      vertex -18.3641 -0.215367 0
      vertex -6.65 -3.83938 0
      vertex -18.3817 -0.321898 0
    endloop
  endfacet
  facet normal 0 -0 -1
    outer loop
      vertex -18.3817 -0.321898 0
      vertex -6.65 -3.83938 0
      vertex -18.4062 -0.427051 0
    endloop
  endfacet
  facet normal 0 0 -1
    outer loop
      vertex -16 -9 0
      vertex -18.4756 -0.631427 0
      vertex -18.4376 -0.530375 0
    endloop
  endfacet
  facet normal 0 0 -1
    outer loop
      vertex -16 -9 0
      vertex -18.5202 -0.729775 0
      vertex -18.4756 -0.631427 0
    endloop
  endfacet
  facet normal 0 0 -1
    outer loop
      vertex -16 -9 0
      vertex -18.5711 -0.825 0
      vertex -18.5202 -0.729775 0
    endloop
  endfacet
  facet normal 0 0 -1
    outer loop
      vertex -16 -9 0
      vertex -18.6281 -0.916691 0
      vertex -18.5711 -0.825 0
    endloop
  endfacet
  facet normal 0 0 -1
    outer loop
      vertex -16 -9 0
      vertex -18.691 -1.00446 0
      vertex -18.6281 -0.916691 0
    endloop
  endfacet
  facet normal 0 0 -1
    outer loop
      vertex -16 -9 0
      vertex -18.7595 -1.08792 0
      vertex -18.691 -1.00446 0
    endloop
  endfacet
  facet normal 0 0 -1
    outer loop
      vertex -16 -9 0
      vertex -18.8333 -1.16673 0
      vertex -18.7595 -1.08792 0
    endloop
  endfacet
  facet normal 0 0 -1
    outer loop
      vertex -19.2702 -1.47984 0
      vertex -18.3294 -8.69333 0
      vertex -18.893 -8.52237 0
    endloop
  endfacet
  facet normal 0 0 -1
    outer loop
      vertex -16 -9 0
      vertex -18.9121 -1.24053 0
      vertex -18.8333 -1.16673 0
    endloop
  endfacet
  facet normal 0 0 -1
    outer loop
      vertex -16.5886 -8.98073 0
      vertex -18.9955 -1.30903 0
      vertex -18.9121 -1.24053 0
    endloop
  endfacet
  facet normal 0 0 -1
    outer loop
      vertex -17.1747 -8.923 0
      vertex -19.0833 -1.37192 0
      vertex -18.9955 -1.30903 0
    endloop
  endfacet
  facet normal 0 0 -1
    outer loop
      vertex -17.7558 -8.82707 0
      vertex -19.175 -1.42894 0
      vertex -19.0833 -1.37192 0
    endloop
  endfacet
  facet normal 0 0 -1
    outer loop
      vertex -18.3294 -8.69333 0
      vertex -19.2702 -1.47984 0
      vertex -19.175 -1.42894 0
    endloop
  endfacet
  facet normal 0 0 -1
    outer loop
      vertex -18.893 -8.52237 0
      vertex -19.3686 -1.5244 0
      vertex -19.2702 -1.47984 0
    endloop
  endfacet
  facet normal 0 0 -1
    outer loop
      vertex -19.4441 -8.31492 0
      vertex -19.3686 -1.5244 0
      vertex -18.893 -8.52237 0
    endloop
  endfacet
  facet normal 0 0 -1
    outer loop
      vertex -19.4441 -8.31492 0
      vertex -19.4696 -1.56243 0
      vertex -19.3686 -1.5244 0
    endloop
  endfacet
  facet normal 0 0 -1
    outer loop
      vertex -19.9806 -8.07185 0
      vertex -19.4696 -1.56243 0
      vertex -19.4441 -8.31492 0
    endloop
  endfacet
  facet normal 0 0 -1
    outer loop
      vertex -19.4696 -1.56243 0
      vertex -19.9806 -8.07185 0
      vertex -19.5729 -1.59378 0
    endloop
  endfacet
  facet normal 0 0 -1
    outer loop
      vertex -20.5 -7.79423 0
      vertex -19.5729 -1.59378 0
      vertex -19.9806 -8.07185 0
    endloop
  endfacet
  facet normal 0 0 -1
    outer loop
      vertex -19.5729 -1.59378 0
      vertex -20.5 -7.79423 0
      vertex -19.6781 -1.6183 0
    endloop
  endfacet
  facet normal 0 0 -1
    outer loop
      vertex -21.0001 -7.48323 0
      vertex -19.6781 -1.6183 0
      vertex -20.5 -7.79423 0
    endloop
  endfacet
  facet normal 0 0 -1
    outer loop
      vertex -19.6781 -1.6183 0
      vertex -21.0001 -7.48323 0
      vertex -19.7846 -1.63588 0
    endloop
  endfacet
  facet normal 0 0 -1
    outer loop
      vertex -21.4789 -7.14018 0
      vertex -19.7846 -1.63588 0
      vertex -21.0001 -7.48323 0
    endloop
  endfacet
  facet normal 0 0 -1
    outer loop
      vertex -19.7846 -1.63588 0
      vertex -21.4789 -7.14018 0
      vertex -19.8921 -1.64647 0
    endloop
  endfacet
  facet normal 0 0 -1
    outer loop
      vertex -21.9341 -6.76656 0
      vertex -19.8921 -1.64647 0
      vertex -21.4789 -7.14018 0
    endloop
  endfacet
  facet normal 0 0 -1
    outer loop
      vertex -19.8921 -1.64647 0
      vertex -21.9341 -6.76656 0
      vertex -20 -1.65 0
    endloop
  endfacet
  facet normal -0 0 -1
    outer loop
      vertex -20 -1.65 0
      vertex -21.9341 -6.76656 0
      vertex -20.1079 -1.64647 0
    endloop
  endfacet
  facet normal 0 0 -1
    outer loop
      vertex -22.364 -6.36396 0
      vertex -20.1079 -1.64647 0
      vertex -21.9341 -6.76656 0
    endloop
  endfacet
  facet normal -0 0 -1
    outer loop
      vertex -20.1079 -1.64647 0
      vertex -22.364 -6.36396 0
      vertex -20.2154 -1.63588 0
    endloop
  endfacet
  facet normal 0 0 -1
    outer loop
      vertex -22.7666 -5.93411 0
      vertex -20.2154 -1.63588 0
      vertex -22.364 -6.36396 0
    endloop
  endfacet
  facet normal -0 0 -1
    outer loop
      vertex -20.2154 -1.63588 0
      vertex -22.7666 -5.93411 0
      vertex -20.3219 -1.6183 0
    endloop
  endfacet
  facet normal -0 0 -1
    outer loop
      vertex -20.3219 -1.6183 0
      vertex -22.7666 -5.93411 0
      vertex -20.4271 -1.59378 0
    endloop
  endfacet
  facet normal 0 0 -1
    outer loop
      vertex -23.1402 -5.47885 0
      vertex -20.4271 -1.59378 0
      vertex -22.7666 -5.93411 0
    endloop
  endfacet
  facet normal -0 0 -1
    outer loop
      vertex -20.4271 -1.59378 0
      vertex -23.1402 -5.47885 0
      vertex -20.5304 -1.56243 0
    endloop
  endfacet
  facet normal 0 0 -1
    outer loop
      vertex -23.4832 -5.00013 0
      vertex -20.5304 -1.56243 0
      vertex -23.1402 -5.47885 0
    endloop
  endfacet
  facet normal -0 0 -1
    outer loop
      vertex -20.5304 -1.56243 0
      vertex -23.4832 -5.00013 0
      vertex -20.6314 -1.5244 0
    endloop
  endfacet
  facet normal -0 0 -1
    outer loop
      vertex -20.6314 -1.5244 0
      vertex -23.4832 -5.00013 0
      vertex -20.7298 -1.47984 0
    endloop
  endfacet
  facet normal 0 0 -1
    outer loop
      vertex -23.7942 -4.5 0
      vertex -20.7298 -1.47984 0
      vertex -23.4832 -5.00013 0
    endloop
  endfacet
  facet normal -0 0 -1
    outer loop
      vertex -20.7298 -1.47984 0
      vertex -23.7942 -4.5 0
      vertex -20.825 -1.42894 0
    endloop
  endfacet
  facet normal -0 0 -1
    outer loop
      vertex -20.825 -1.42894 0
      vertex -23.7942 -4.5 0
      vertex -20.9167 -1.37192 0
    endloop
  endfacet
  facet normal 0 0 -1
    outer loop
      vertex -24.0719 -3.9806 0
      vertex -20.9167 -1.37192 0
      vertex -23.7942 -4.5 0
    endloop
  endfacet
  facet normal -0 0 -1
    outer loop
      vertex -20.9167 -1.37192 0
      vertex -24.0719 -3.9806 0
      vertex -21.0045 -1.30903 0
    endloop
  endfacet
  facet normal -0 0 -1
    outer loop
      vertex -21.0045 -1.30903 0
      vertex -24.0719 -3.9806 0
      vertex -21.0879 -1.24053 0
    endloop
  endfacet
  facet normal 0 0 -1
    outer loop
      vertex -24.3149 -3.44415 0
      vertex -21.0879 -1.24053 0
      vertex -24.0719 -3.9806 0
    endloop
  endfacet
  facet normal -0 0 -1
    outer loop
      vertex -21.0879 -1.24053 0
      vertex -24.3149 -3.44415 0
      vertex -21.1667 -1.16673 0
    endloop
  endfacet
  facet normal 0 0 -1
    outer loop
      vertex -24.5224 -2.89295 0
      vertex -21.1667 -1.16673 0
      vertex -24.3149 -3.44415 0
    endloop
  endfacet
  facet normal -0 0 -1
    outer loop
      vertex -21.1667 -1.16673 0
      vertex -24.5224 -2.89295 0
      vertex -21.2405 -1.08792 0
    endloop
  endfacet
  facet normal -0 0 -1
    outer loop
      vertex -21.2405 -1.08792 0
      vertex -24.5224 -2.89295 0
      vertex -21.309 -1.00446 0
    endloop
  endfacet
  facet normal 0 0 -1
    outer loop
      vertex -24.6933 -2.32937 0
      vertex -21.309 -1.00446 0
      vertex -24.5224 -2.89295 0
    endloop
  endfacet
  facet normal -0 0 -1
    outer loop
      vertex -21.309 -1.00446 0
      vertex -24.6933 -2.32937 0
      vertex -21.3719 -0.916691 0
    endloop
  endfacet
  facet normal 0 0 -1
    outer loop
      vertex 21.6465 -0.107915 0
      vertex 25 0 0
      vertex 24.9807 -0.588628 0
    endloop
  endfacet
  facet normal 0 0 -1
    outer loop
      vertex 21.6183 -0.321898 0
      vertex 24.9807 -0.588628 0
      vertex 24.923 -1.17474 0
    endloop
  endfacet
  facet normal -0 0 -1
    outer loop
      vertex 25 0 0
      vertex 21.6465 -0.107915 0
      vertex 21.65 0 0
    endloop
  endfacet
  facet normal 0 0 -1
    outer loop
      vertex 21.5624 -0.530375 0
      vertex 24.923 -1.17474 0
      vertex 24.8271 -1.75581 0
    endloop
  endfacet
  facet normal 0 0 -1
    outer loop
      vertex 21.6465 0.107915 0
      vertex 25 0 0
      vertex 21.65 0 0
    endloop
  endfacet
  facet normal 0 0 -1
    outer loop
      vertex 21.4798 -0.729775 0
      vertex 24.8271 -1.75581 0
      vertex 24.6933 -2.32937 0
    endloop
  endfacet
  facet normal 0 0 -1
    outer loop
      vertex 25 0 0
      vertex 21.6465 0.107915 0
      vertex 24.9807 0.588628 0
    endloop
  endfacet
  facet normal 0 0 -1
    outer loop
      vertex 21.309 -1.00446 0
      vertex 24.6933 -2.32937 0
      vertex 24.5224 -2.89295 0
    endloop
  endfacet
  facet normal 0 0 -1
    outer loop
      vertex 21.6359 0.215367 0
      vertex 24.9807 0.588628 0
      vertex 21.6465 0.107915 0
    endloop
  endfacet
  facet normal 0 0 -1
    outer loop
      vertex 21.1667 -1.16673 0
      vertex 24.5224 -2.89295 0
      vertex 24.3149 -3.44415 0
    endloop
  endfacet
  facet normal 0 0 -1
    outer loop
      vertex 21.6183 0.321898 0
      vertex 24.9807 0.588628 0
      vertex 21.6359 0.215367 0
    endloop
  endfacet
  facet normal 0 0 -1
    outer loop
      vertex 21.0879 -1.24053 0
      vertex 24.3149 -3.44415 0
      vertex 24.0719 -3.9806 0
    endloop
  endfacet
  facet normal -0 0 -1
    outer loop
      vertex 24.9807 0.588628 0
      vertex 21.6183 0.321898 0
      vertex 24.923 1.17474 0
    endloop
  endfacet
  facet normal 0 0 -1
    outer loop
      vertex 20.9167 -1.37192 0
      vertex 24.0719 -3.9806 0
      vertex 23.7942 -4.5 0
    endloop
  endfacet
  facet normal 0 0 -1
    outer loop
      vertex 21.5938 0.427051 0
      vertex 24.923 1.17474 0
      vertex 21.6183 0.321898 0
    endloop
  endfacet
  facet normal 0 0 -1
    outer loop
      vertex 20.7298 -1.47984 0
      vertex 23.7942 -4.5 0
      vertex 23.4832 -5.00013 0
    endloop
  endfacet
  facet normal 0 0 -1
    outer loop
      vertex 21.5624 0.530375 0
      vertex 24.923 1.17474 0
      vertex 21.5938 0.427051 0
    endloop
  endfacet
  facet normal 0 0 -1
    outer loop
      vertex 20.5304 -1.56243 0
      vertex 23.4832 -5.00013 0
      vertex 23.1402 -5.47885 0
    endloop
  endfacet
  facet normal -0 0 -1
    outer loop
      vertex 24.923 1.17474 0
      vertex 21.5624 0.530375 0
      vertex 24.8271 1.75581 0
    endloop
  endfacet
  facet normal 0 0 -1
    outer loop
      vertex 20.4271 -1.59378 0
      vertex 23.1402 -5.47885 0
      vertex 22.7666 -5.93411 0
    endloop
  endfacet
  facet normal 0 0 -1
    outer loop
      vertex 21.5244 0.631427 0
      vertex 24.8271 1.75581 0
      vertex 21.5624 0.530375 0
    endloop
  endfacet
  facet normal 0 0 -1
    outer loop
      vertex 20.2154 -1.63588 0
      vertex 22.7666 -5.93411 0
      vertex 22.364 -6.36396 0
    endloop
  endfacet
  facet normal -0 0 -1
    outer loop
      vertex 24.8271 1.75581 0
      vertex 21.4798 0.729775 0
      vertex 24.6933 2.32937 0
    endloop
  endfacet
  facet normal 0 0 -1
    outer loop
      vertex 20.1079 -1.64647 0
      vertex 22.364 -6.36396 0
      vertex 21.9341 -6.76656 0
    endloop
  endfacet
  facet normal 0 0 -1
    outer loop
      vertex 21.4289 0.825 0
      vertex 24.6933 2.32937 0
      vertex 21.4798 0.729775 0
    endloop
  endfacet
  facet normal 0 0 -1
    outer loop
      vertex 21.3719 0.916691 0
      vertex 24.6933 2.32937 0
      vertex 21.4289 0.825 0
    endloop
  endfacet
  facet normal 0 0 -1
    outer loop
      vertex 21.4798 0.729775 0
      vertex 24.8271 1.75581 0
      vertex 21.5244 0.631427 0
    endloop
  endfacet
  facet normal 0 0 -1
    outer loop
      vertex 24.9807 -0.588628 0
      vertex 21.6359 -0.215367 0
      vertex 21.6465 -0.107915 0
    endloop
  endfacet
  facet normal 0 0 -1
    outer loop
      vertex 24.9807 -0.588628 0
      vertex 21.6183 -0.321898 0
      vertex 21.6359 -0.215367 0
    endloop
  endfacet
  facet normal 0 0 -1
    outer loop
      vertex 24.923 -1.17474 0
      vertex 21.5938 -0.427051 0
      vertex 21.6183 -0.321898 0
    endloop
  endfacet
  facet normal 0 0 -1
    outer loop
      vertex 24.923 -1.17474 0
      vertex 21.5624 -0.530375 0
      vertex 21.5938 -0.427051 0
    endloop
  endfacet
  facet normal 0 0 -1
    outer loop
      vertex 24.8271 -1.75581 0
      vertex 21.5244 -0.631427 0
      vertex 21.5624 -0.530375 0
    endloop
  endfacet
  facet normal 0 0 -1
    outer loop
      vertex 24.8271 -1.75581 0
      vertex 21.4798 -0.729775 0
      vertex 21.5244 -0.631427 0
    endloop
  endfacet
  facet normal 0 0 -1
    outer loop
      vertex 19.8921 -1.64647 0
      vertex 21.9341 -6.76656 0
      vertex 21.4789 -7.14018 0
    endloop
  endfacet
  facet normal 0 0 -1
    outer loop
      vertex 24.6933 -2.32937 0
      vertex 21.4289 -0.825 0
      vertex 21.4798 -0.729775 0
    endloop
  endfacet
  facet normal 0 0 -1
    outer loop
      vertex 24.6933 -2.32937 0
      vertex 21.3719 -0.916691 0
      vertex 21.4289 -0.825 0
    endloop
  endfacet
  facet normal 0 0 -1
    outer loop
      vertex 24.6933 -2.32937 0
      vertex 21.309 -1.00446 0
      vertex 21.3719 -0.916691 0
    endloop
  endfacet
  facet normal 0 0 -1
    outer loop
      vertex 24.5224 -2.89295 0
      vertex 21.2405 -1.08792 0
      vertex 21.309 -1.00446 0
    endloop
  endfacet
  facet normal 0 0 -1
    outer loop
      vertex 24.5224 -2.89295 0
      vertex 21.1667 -1.16673 0
      vertex 21.2405 -1.08792 0
    endloop
  endfacet
  facet normal 0 0 -1
    outer loop
      vertex 24.3149 -3.44415 0
      vertex 21.0879 -1.24053 0
      vertex 21.1667 -1.16673 0
    endloop
  endfacet
  facet normal 0 0 -1
    outer loop
      vertex 24.0719 -3.9806 0
      vertex 21.0045 -1.30903 0
      vertex 21.0879 -1.24053 0
    endloop
  endfacet
  facet normal 0 0 -1
    outer loop
      vertex 19.7846 -1.63588 0
      vertex 21.4789 -7.14018 0
      vertex 21.0001 -7.48323 0
    endloop
  endfacet
  facet normal 0 0 -1
    outer loop
      vertex 24.0719 -3.9806 0
      vertex 20.9167 -1.37192 0
      vertex 21.0045 -1.30903 0
    endloop
  endfacet
  facet normal 0 0 -1
    outer loop
      vertex 23.7942 -4.5 0
      vertex 20.825 -1.42894 0
      vertex 20.9167 -1.37192 0
    endloop
  endfacet
  facet normal 0 0 -1
    outer loop
      vertex 23.7942 -4.5 0
      vertex 20.7298 -1.47984 0
      vertex 20.825 -1.42894 0
    endloop
  endfacet
  facet normal 0 0 -1
    outer loop
      vertex 23.4832 -5.00013 0
      vertex 20.6314 -1.5244 0
      vertex 20.7298 -1.47984 0
    endloop
  endfacet
  facet normal 0 0 -1
    outer loop
      vertex 23.4832 -5.00013 0
      vertex 20.5304 -1.56243 0
      vertex 20.6314 -1.5244 0
    endloop
  endfacet
  facet normal 0 0 -1
    outer loop
      vertex 19.6781 -1.6183 0
      vertex 21.0001 -7.48323 0
      vertex 20.5 -7.79423 0
    endloop
  endfacet
  facet normal 0 0 -1
    outer loop
      vertex 23.1402 -5.47885 0
      vertex 20.4271 -1.59378 0
      vertex 20.5304 -1.56243 0
    endloop
  endfacet
  facet normal 0 0 -1
    outer loop
      vertex 22.7666 -5.93411 0
      vertex 20.3219 -1.6183 0
      vertex 20.4271 -1.59378 0
    endloop
  endfacet
  facet normal 0 0 -1
    outer loop
      vertex 22.7666 -5.93411 0
      vertex 20.2154 -1.63588 0
      vertex 20.3219 -1.6183 0
    endloop
  endfacet
  facet normal 0 0 -1
    outer loop
      vertex 22.364 -6.36396 0
      vertex 20.1079 -1.64647 0
      vertex 20.2154 -1.63588 0
    endloop
  endfacet
  facet normal 0 0 -1
    outer loop
      vertex 21.9341 -6.76656 0
      vertex 20 -1.65 0
      vertex 20.1079 -1.64647 0
    endloop
  endfacet
  facet normal 0 0 -1
    outer loop
      vertex 19.5729 -1.59378 0
      vertex 20.5 -7.79423 0
      vertex 19.9806 -8.07185 0
    endloop
  endfacet
  facet normal 0 0 -1
    outer loop
      vertex 21.9341 -6.76656 0
      vertex 19.8921 -1.64647 0
      vertex 20 -1.65 0
    endloop
  endfacet
  facet normal 0 0 -1
    outer loop
      vertex 21.4789 -7.14018 0
      vertex 19.7846 -1.63588 0
      vertex 19.8921 -1.64647 0
    endloop
  endfacet
  facet normal 0 0 -1
    outer loop
      vertex 21.0001 -7.48323 0
      vertex 19.6781 -1.6183 0
      vertex 19.7846 -1.63588 0
    endloop
  endfacet
  facet normal 0 0 -1
    outer loop
      vertex 20.5 -7.79423 0
      vertex 19.5729 -1.59378 0
      vertex 19.6781 -1.6183 0
    endloop
  endfacet
  facet normal 0 0 -1
    outer loop
      vertex 19.9806 -8.07185 0
      vertex 19.4696 -1.56243 0
      vertex 19.5729 -1.59378 0
    endloop
  endfacet
  facet normal 0 0 -1
    outer loop
      vertex 19.4441 -8.31492 0
      vertex 19.4696 -1.56243 0
      vertex 19.9806 -8.07185 0
    endloop
  endfacet
  facet normal 0 0 -1
    outer loop
      vertex 19.4441 -8.31492 0
      vertex 19.3686 -1.5244 0
      vertex 19.4696 -1.56243 0
    endloop
  endfacet
  facet normal 0 0 -1
    outer loop
      vertex 18.893 -8.52237 0
      vertex 19.3686 -1.5244 0
      vertex 19.4441 -8.31492 0
    endloop
  endfacet
  facet normal -0 0 -1
    outer loop
      vertex 19.3686 -1.5244 0
      vertex 18.893 -8.52237 0
      vertex 19.2702 -1.47984 0
    endloop
  endfacet
  facet normal 0 0 -1
    outer loop
      vertex 18.3294 -8.69333 0
      vertex 19.2702 -1.47984 0
      vertex 18.893 -8.52237 0
    endloop
  endfacet
  facet normal -0 0 -1
    outer loop
      vertex 19.2702 -1.47984 0
      vertex 18.3294 -8.69333 0
      vertex 19.175 -1.42894 0
    endloop
  endfacet
  facet normal 0 0 -1
    outer loop
      vertex 17.7558 -8.82707 0
      vertex 19.175 -1.42894 0
      vertex 18.3294 -8.69333 0
    endloop
  endfacet
  facet normal -0 0 -1
    outer loop
      vertex 19.175 -1.42894 0
      vertex 17.7558 -8.82707 0
      vertex 19.0833 -1.37192 0
    endloop
  endfacet
  facet normal 0 0 -1
    outer loop
      vertex 17.1747 -8.923 0
      vertex 19.0833 -1.37192 0
      vertex 17.7558 -8.82707 0
    endloop
  endfacet
  facet normal -0 0 -1
    outer loop
      vertex 19.0833 -1.37192 0
      vertex 17.1747 -8.923 0
      vertex 18.9955 -1.30903 0
    endloop
  endfacet
  facet normal 0 0 -1
    outer loop
      vertex 16.5886 -8.98073 0
      vertex 18.9955 -1.30903 0
      vertex 17.1747 -8.923 0
    endloop
  endfacet
  facet normal -0 0 -1
    outer loop
      vertex 18.9955 -1.30903 0
      vertex 16.5886 -8.98073 0
      vertex 18.9121 -1.24053 0
    endloop
  endfacet
  facet normal 0 0 -1
    outer loop
      vertex 16 -9 0
      vertex 18.9121 -1.24053 0
      vertex 16.5886 -8.98073 0
    endloop
  endfacet
  facet normal -0 0 -1
    outer loop
      vertex 18.9121 -1.24053 0
      vertex 16 -9 0
      vertex 18.8333 -1.16673 0
    endloop
  endfacet
  facet normal -0 0 -1
    outer loop
      vertex 18.8333 -1.16673 0
      vertex 16 -9 0
      vertex 18.7595 -1.08792 0
    endloop
  endfacet
  facet normal -0 0 -1
    outer loop
      vertex 18.7595 -1.08792 0
      vertex 16 -9 0
      vertex 18.691 -1.00446 0
    endloop
  endfacet
  facet normal -0 0 -1
    outer loop
      vertex 18.691 -1.00446 0
      vertex 16 -9 0
      vertex 18.6281 -0.916691 0
    endloop
  endfacet
  facet normal -0 0 -1
    outer loop
      vertex 18.6281 -0.916691 0
      vertex 16 -9 0
      vertex 18.5711 -0.825 0
    endloop
  endfacet
  facet normal -0 0 -1
    outer loop
      vertex 18.5711 -0.825 0
      vertex 16 -9 0
      vertex 18.5202 -0.729775 0
    endloop
  endfacet
  facet normal 0 0 -1
    outer loop
      vertex 6.65 -3.83938 0
      vertex 18.5202 -0.729775 0
      vertex 16 -9 0
    endloop
  endfacet
  facet normal -0 0 -1
    outer loop
      vertex 18.4756 -0.631427 0
      vertex 6.65 -3.83938 0
      vertex 18.4376 -0.530375 0
    endloop
  endfacet
  facet normal -0 0 -1
    outer loop
      vertex 18.5202 -0.729775 0
      vertex 6.65 -3.83938 0
      vertex 18.4756 -0.631427 0
    endloop
  endfacet
  facet normal 0 0 -1
    outer loop
      vertex 21.309 1.00446 0
      vertex 24.6933 2.32937 0
      vertex 21.3719 0.916691 0
    endloop
  endfacet
  facet normal -0 0 -1
    outer loop
      vertex 24.6933 2.32937 0
      vertex 21.309 1.00446 0
      vertex 24.5224 2.89295 0
    endloop
  endfacet
  facet normal 0 0 -1
    outer loop
      vertex 21.2405 1.08792 0
      vertex 24.5224 2.89295 0
      vertex 21.309 1.00446 0
    endloop
  endfacet
  facet normal 0 0 -1
    outer loop
      vertex 21.1667 1.16673 0
      vertex 24.5224 2.89295 0
      vertex 21.2405 1.08792 0
    endloop
  endfacet
  facet normal -0 0 -1
    outer loop
      vertex 24.5224 2.89295 0
      vertex 21.1667 1.16673 0
      vertex 24.3149 3.44415 0
    endloop
  endfacet
  facet normal 0 0 -1
    outer loop
      vertex 21.0879 1.24053 0
      vertex 24.3149 3.44415 0
      vertex 21.1667 1.16673 0
    endloop
  endfacet
  facet normal -0 0 -1
    outer loop
      vertex 24.3149 3.44415 0
      vertex 21.0879 1.24053 0
      vertex 24.0719 3.9806 0
    endloop
  endfacet
  facet normal 0 0 -1
    outer loop
      vertex 21.0045 1.30903 0
      vertex 24.0719 3.9806 0
      vertex 21.0879 1.24053 0
    endloop
  endfacet
  facet normal 0 0 -1
    outer loop
      vertex 20.9167 1.37192 0
      vertex 24.0719 3.9806 0
      vertex 21.0045 1.30903 0
    endloop
  endfacet
  facet normal -0 0 -1
    outer loop
      vertex 24.0719 3.9806 0
      vertex 20.9167 1.37192 0
      vertex 23.7942 4.5 0
    endloop
  endfacet
  facet normal 0 0 -1
    outer loop
      vertex 20.825 1.42894 0
      vertex 23.7942 4.5 0
      vertex 20.9167 1.37192 0
    endloop
  endfacet
  facet normal 0 0 -1
    outer loop
      vertex 20.7298 1.47984 0
      vertex 23.7942 4.5 0
      vertex 20.825 1.42894 0
    endloop
  endfacet
  facet normal -0 0 -1
    outer loop
      vertex 23.7942 4.5 0
      vertex 20.7298 1.47984 0
      vertex 23.4832 5.00013 0
    endloop
  endfacet
  facet normal 0 0 -1
    outer loop
      vertex 20.6314 1.5244 0
      vertex 23.4832 5.00013 0
      vertex 20.7298 1.47984 0
    endloop
  endfacet
  facet normal 0 0 -1
    outer loop
      vertex 20.5304 1.56243 0
      vertex 23.4832 5.00013 0
      vertex 20.6314 1.5244 0
    endloop
  endfacet
  facet normal -0 0 -1
    outer loop
      vertex 23.4832 5.00013 0
      vertex 20.5304 1.56243 0
      vertex 23.1402 5.47885 0
    endloop
  endfacet
  facet normal 0 0 -1
    outer loop
      vertex 20.4271 1.59378 0
      vertex 23.1402 5.47885 0
      vertex 20.5304 1.56243 0
    endloop
  endfacet
  facet normal -0 0 -1
    outer loop
      vertex 23.1402 5.47885 0
      vertex 20.4271 1.59378 0
      vertex 22.7666 5.93411 0
    endloop
  endfacet
  facet normal 0 0 -1
    outer loop
      vertex 20.3219 1.6183 0
      vertex 22.7666 5.93411 0
      vertex 20.4271 1.59378 0
    endloop
  endfacet
  facet normal 0 0 -1
    outer loop
      vertex 20.2154 1.63588 0
      vertex 22.7666 5.93411 0
      vertex 20.3219 1.6183 0
    endloop
  endfacet
  facet normal -0 0 -1
    outer loop
      vertex 22.7666 5.93411 0
      vertex 20.2154 1.63588 0
      vertex 22.364 6.36396 0
    endloop
  endfacet
  facet normal 0 0 -1
    outer loop
      vertex 20.1079 1.64647 0
      vertex 22.364 6.36396 0
      vertex 20.2154 1.63588 0
    endloop
  endfacet
  facet normal -0 0 -1
    outer loop
      vertex 22.364 6.36396 0
      vertex 20.1079 1.64647 0
      vertex 21.9341 6.76656 0
    endloop
  endfacet
  facet normal 0 0 -1
    outer loop
      vertex 20 1.65 0
      vertex 21.9341 6.76656 0
      vertex 20.1079 1.64647 0
    endloop
  endfacet
  facet normal 0 0 -1
    outer loop
      vertex 19.8921 1.64647 0
      vertex 21.9341 6.76656 0
      vertex 20 1.65 0
    endloop
  endfacet
  facet normal -0 0 -1
    outer loop
      vertex 21.9341 6.76656 0
      vertex 19.8921 1.64647 0
      vertex 21.4789 7.14018 0
    endloop
  endfacet
  facet normal 0 0 -1
    outer loop
      vertex 19.7846 1.63588 0
      vertex 21.4789 7.14018 0
      vertex 19.8921 1.64647 0
    endloop
  endfacet
  facet normal -0 0 -1
    outer loop
      vertex 21.4789 7.14018 0
      vertex 19.7846 1.63588 0
      vertex 21.0001 7.48323 0
    endloop
  endfacet
  facet normal 0 0 -1
    outer loop
      vertex 19.6781 1.6183 0
      vertex 21.0001 7.48323 0
      vertex 19.7846 1.63588 0
    endloop
  endfacet
  facet normal -0 0 -1
    outer loop
      vertex 21.0001 7.48323 0
      vertex 19.6781 1.6183 0
      vertex 20.5 7.79423 0
    endloop
  endfacet
  facet normal 0 0 -1
    outer loop
      vertex 19.5729 1.59378 0
      vertex 20.5 7.79423 0
      vertex 19.6781 1.6183 0
    endloop
  endfacet
  facet normal -0 0 -1
    outer loop
      vertex 20.5 7.79423 0
      vertex 19.5729 1.59378 0
      vertex 19.9806 8.07185 0
    endloop
  endfacet
  facet normal 0 0 -1
    outer loop
      vertex 19.4696 1.56243 0
      vertex 19.9806 8.07185 0
      vertex 19.5729 1.59378 0
    endloop
  endfacet
  facet normal 0 0 -1
    outer loop
      vertex 19.4696 1.56243 0
      vertex 19.4441 8.31492 0
      vertex 19.9806 8.07185 0
    endloop
  endfacet
  facet normal 0 0 -1
    outer loop
      vertex 19.3686 1.5244 0
      vertex 19.4441 8.31492 0
      vertex 19.4696 1.56243 0
    endloop
  endfacet
  facet normal 0 0 -1
    outer loop
      vertex 18.893 8.52237 0
      vertex 19.3686 1.5244 0
      vertex 19.2702 1.47984 0
    endloop
  endfacet
  facet normal 0 0 -1
    outer loop
      vertex 18.3294 8.69333 0
      vertex 19.2702 1.47984 0
      vertex 19.175 1.42894 0
    endloop
  endfacet
  facet normal 0 0 -1
    outer loop
      vertex 17.7558 8.82707 0
      vertex 19.175 1.42894 0
      vertex 19.0833 1.37192 0
    endloop
  endfacet
  facet normal 0 0 -1
    outer loop
      vertex 17.1747 8.923 0
      vertex 19.0833 1.37192 0
      vertex 18.9955 1.30903 0
    endloop
  endfacet
  facet normal 0 0 -1
    outer loop
      vertex 16.5886 8.98073 0
      vertex 18.9955 1.30903 0
      vertex 18.9121 1.24053 0
    endloop
  endfacet
  facet normal 0 0 -1
    outer loop
      vertex 19.3686 1.5244 0
      vertex 18.893 8.52237 0
      vertex 19.4441 8.31492 0
    endloop
  endfacet
  facet normal 0 0 -1
    outer loop
      vertex 16 9 0
      vertex 18.9121 1.24053 0
      vertex 18.8333 1.16673 0
    endloop
  endfacet
  facet normal 0 0 -1
    outer loop
      vertex 16 9 0
      vertex 18.8333 1.16673 0
      vertex 18.7595 1.08792 0
    endloop
  endfacet
  facet normal 0 0 -1
    outer loop
      vertex 16 9 0
      vertex 18.7595 1.08792 0
      vertex 18.691 1.00446 0
    endloop
  endfacet
  facet normal 0 0 -1
    outer loop
      vertex 16 9 0
      vertex 18.691 1.00446 0
      vertex 18.6281 0.916691 0
    endloop
  endfacet
  facet normal 0 0 -1
    outer loop
      vertex 16 9 0
      vertex 18.6281 0.916691 0
      vertex 18.5711 0.825 0
    endloop
  endfacet
  facet normal 0 0 -1
    outer loop
      vertex 16 9 0
      vertex 18.5711 0.825 0
      vertex 18.5202 0.729775 0
    endloop
  endfacet
  facet normal 0 0 -1
    outer loop
      vertex 6.65 3.83938 0
      vertex 18.5202 0.729775 0
      vertex 18.4756 0.631427 0
    endloop
  endfacet
  facet normal 0 0 -1
    outer loop
      vertex 6.65 3.83938 0
      vertex 18.4756 0.631427 0
      vertex 18.4376 0.530375 0
    endloop
  endfacet
  facet normal 0 0 -1
    outer loop
      vertex 18.3817 0.321898 0
      vertex 6.65 3.83938 0
      vertex 18.4062 0.427051 0
    endloop
  endfacet
  facet normal 0 0 -1
    outer loop
      vertex 18.3641 0.215367 0
      vertex 6.65 3.83938 0
      vertex 18.3817 0.321898 0
    endloop
  endfacet
  facet normal 0 0 -1
    outer loop
      vertex 18.3535 0.107915 0
      vertex 6.65 3.83938 0
      vertex 18.3641 0.215367 0
    endloop
  endfacet
  facet normal 0 0 -1
    outer loop
      vertex 18.35 0 0
      vertex 6.65 3.83938 0
      vertex 18.3535 0.107915 0
    endloop
  endfacet
  facet normal 0 0 -1
    outer loop
      vertex 19.2702 1.47984 0
      vertex 18.3294 8.69333 0
      vertex 18.893 8.52237 0
    endloop
  endfacet
  facet normal 0 0 -1
    outer loop
      vertex 6.65 3.83938 0
      vertex 18.35 0 0
      vertex 6.65 -3.83938 0
    endloop
  endfacet
  facet normal -0 0 -1
    outer loop
      vertex 18.4376 -0.530375 0
      vertex 6.65 -3.83938 0
      vertex 18.4062 -0.427051 0
    endloop
  endfacet
  facet normal -0 0 -1
    outer loop
      vertex 18.4062 -0.427051 0
      vertex 6.65 -3.83938 0
      vertex 18.3817 -0.321898 0
    endloop
  endfacet
  facet normal 0 0 -1
    outer loop
      vertex 19.175 1.42894 0
      vertex 17.7558 8.82707 0
      vertex 18.3294 8.69333 0
    endloop
  endfacet
  facet normal -0 0 -1
    outer loop
      vertex 18.3817 -0.321898 0
      vertex 6.65 -3.83938 0
      vertex 18.3641 -0.215367 0
    endloop
  endfacet
  facet normal 0 0 -1
    outer loop
      vertex 19.0833 1.37192 0
      vertex 17.1747 8.923 0
      vertex 17.7558 8.82707 0
    endloop
  endfacet
  facet normal -0 0 -1
    outer loop
      vertex 18.3641 -0.215367 0
      vertex 6.65 -3.83938 0
      vertex 18.3535 -0.107915 0
    endloop
  endfacet
  facet normal 0 0 -1
    outer loop
      vertex 18.9955 1.30903 0
      vertex 16.5886 8.98073 0
      vertex 17.1747 8.923 0
    endloop
  endfacet
  facet normal -0 0 -1
    outer loop
      vertex 18.3535 -0.107915 0
      vertex 6.65 -3.83938 0
      vertex 18.35 0 0
    endloop
  endfacet
  facet normal 0 0 -1
    outer loop
      vertex 18.9121 1.24053 0
      vertex 16 9 0
      vertex 16.5886 8.98073 0
    endloop
  endfacet
  facet normal 0 0 -1
    outer loop
      vertex 18.4062 0.427051 0
      vertex 6.65 3.83938 0
      vertex 18.4376 0.530375 0
    endloop
  endfacet
  facet normal 0 0 -1
    outer loop
      vertex 16 -9 0
      vertex 0 -7.67876 0
      vertex 6.65 -3.83938 0
    endloop
  endfacet
  facet normal 0 0 -1
    outer loop
      vertex -18.4376 -0.530375 0
      vertex -6.65 -3.83938 0
      vertex -16 -9 0
    endloop
  endfacet
  facet normal -0 0 -1
    outer loop
      vertex 0 -7.67876 0
      vertex -16 -9 0
      vertex -6.65 -3.83938 0
    endloop
  endfacet
  facet normal 0 0 -1
    outer loop
      vertex -16 -9 0
      vertex 0 -7.67876 0
      vertex 16 -9 0
    endloop
  endfacet
  facet normal -0.582418 -0.812889 0
    outer loop
      vertex -21.4789 -7.14018 0
      vertex -21.0001 -7.48323 6
      vertex -21.4789 -7.14018 6
    endloop
  endfacet
  facet normal -0.582418 -0.812889 -0
    outer loop
      vertex -21.0001 -7.48323 6
      vertex -21.4789 -7.14018 0
      vertex -21.0001 -7.48323 0
    endloop
  endfacet
  facet normal 0.773029 -0.634371 0
    outer loop
      vertex 22.7666 -5.93411 6
      vertex 23.1402 -5.47885 0
      vertex 23.1402 -5.47885 6
    endloop
  endfacet
  facet normal 0.773029 -0.634371 0
    outer loop
      vertex 23.1402 -5.47885 0
      vertex 22.7666 -5.93411 6
      vertex 22.7666 -5.93411 0
    endloop
  endfacet
  facet normal 0.956969 -0.290191 0
    outer loop
      vertex 24.5224 -2.89295 6
      vertex 24.6933 -2.32937 0
      vertex 24.6933 -2.32937 6
    endloop
  endfacet
  facet normal 0.956969 -0.290191 0
    outer loop
      vertex 24.6933 -2.32937 0
      vertex 24.5224 -2.89295 6
      vertex 24.5224 -2.89295 0
    endloop
  endfacet
  facet normal -0.956969 0.290191 0
    outer loop
      vertex -24.6933 2.32937 0
      vertex -24.5224 2.89295 6
      vertex -24.5224 2.89295 0
    endloop
  endfacet
  facet normal -0.956969 0.290191 0
    outer loop
      vertex -24.5224 2.89295 6
      vertex -24.6933 2.32937 0
      vertex -24.6933 2.32937 6
    endloop
  endfacet
  facet normal -0.995183 -0.0980371 0
    outer loop
      vertex 5.18887 0.340096 3
      vertex 5.15551 0.678736 6
      vertex 5.15551 0.678736 3
    endloop
  endfacet
  facet normal -0.995183 -0.0980371 0
    outer loop
      vertex 5.15551 0.678736 6
      vertex 5.18887 0.340096 3
      vertex 5.18887 0.340096 6
    endloop
  endfacet
  facet normal -0.999465 -0.0327085 0
    outer loop
      vertex 5.2 0 3
      vertex 5.18887 0.340096 6
      vertex 5.18887 0.340096 3
    endloop
  endfacet
  facet normal -0.999465 -0.0327085 0
    outer loop
      vertex 5.18887 0.340096 6
      vertex 5.2 0 3
      vertex 5.2 0 6
    endloop
  endfacet
  facet normal -0.986643 -0.162896 0
    outer loop
      vertex 5.15551 0.678736 3
      vertex 5.10008 1.01447 6
      vertex 5.10008 1.01447 3
    endloop
  endfacet
  facet normal -0.986643 -0.162896 0
    outer loop
      vertex 5.10008 1.01447 6
      vertex 5.15551 0.678736 3
      vertex 5.15551 0.678736 6
    endloop
  endfacet
  facet normal -0.227078 -0.973877 0
    outer loop
      vertex 1.01447 5.10008 3
      vertex 1.34586 5.02281 6
      vertex 1.01447 5.10008 6
    endloop
  endfacet
  facet normal -0.227078 -0.973877 -0
    outer loop
      vertex 1.34586 5.02281 6
      vertex 1.01447 5.10008 3
      vertex 1.34586 5.02281 3
    endloop
  endfacet
  facet normal 0.999465 -0.0327085 0
    outer loop
      vertex -5.2 0 6
      vertex -5.18887 0.340096 3
      vertex -5.18887 0.340096 6
    endloop
  endfacet
  facet normal 0.999465 -0.0327085 0
    outer loop
      vertex -5.18887 0.340096 3
      vertex -5.2 0 6
      vertex -5.2 0 3
    endloop
  endfacet
  facet normal -0.58245 0.812867 0
    outer loop
      vertex 3.16556 -4.12544 3
      vertex 3 -4.24407 6
      vertex 3.16556 -4.12544 6
    endloop
  endfacet
  facet normal -0.58245 0.812867 0
    outer loop
      vertex 3 -4.24407 6
      vertex 3.16556 -4.12544 3
      vertex 3 -4.24407 3
    endloop
  endfacet
  facet normal -0.849198 -0.528074 0
    outer loop
      vertex 4.50333 2.6 3
      vertex 4.32364 2.88896 6
      vertex 4.32364 2.88896 3
    endloop
  endfacet
  facet normal -0.849198 -0.528074 0
    outer loop
      vertex 4.32364 2.88896 6
      vertex 4.50333 2.6 3
      vertex 4.50333 2.6 6
    endloop
  endfacet
  facet normal 0.812859 -0.582461 0
    outer loop
      vertex -4.32364 2.88896 6
      vertex -4.12544 3.16556 3
      vertex -4.12544 3.16556 6
    endloop
  endfacet
  facet normal 0.812859 -0.582461 0
    outer loop
      vertex -4.12544 3.16556 3
      vertex -4.32364 2.88896 6
      vertex -4.32364 2.88896 3
    endloop
  endfacet
  facet normal -0.995183 0.0980371 0
    outer loop
      vertex 5.15551 -0.678736 3
      vertex 5.18887 -0.340096 6
      vertex 5.18887 -0.340096 3
    endloop
  endfacet
  facet normal -0.995183 0.0980371 0
    outer loop
      vertex 5.18887 -0.340096 6
      vertex 5.15551 -0.678736 3
      vertex 5.15551 -0.678736 6
    endloop
  endfacet
  facet normal 0.849198 -0.528074 0
    outer loop
      vertex -4.50333 2.6 6
      vertex -4.32364 2.88896 3
      vertex -4.32364 2.88896 6
    endloop
  endfacet
  facet normal 0.849198 -0.528074 0
    outer loop
      vertex -4.32364 2.88896 3
      vertex -4.50333 2.6 6
      vertex -4.50333 2.6 3
    endloop
  endfacet
  facet normal 0.881917 0.471404 0
    outer loop
      vertex -4.50333 -2.6 6
      vertex -4.66374 -2.2999 3
      vertex -4.66374 -2.2999 6
    endloop
  endfacet
  facet normal 0.881917 0.471404 0
    outer loop
      vertex -4.66374 -2.2999 3
      vertex -4.50333 -2.6 6
      vertex -4.50333 -2.6 3
    endloop
  endfacet
  facet normal -0.773012 0.634391 0
    outer loop
      vertex 3.90957 -3.4286 3
      vertex 4.12544 -3.16556 6
      vertex 4.12544 -3.16556 3
    endloop
  endfacet
  facet normal -0.773012 0.634391 0
    outer loop
      vertex 4.12544 -3.16556 6
      vertex 3.90957 -3.4286 3
      vertex 3.90957 -3.4286 6
    endloop
  endfacet
  facet normal -0.0327085 -0.999465 0
    outer loop
      vertex 0 5.2 3
      vertex 0.340096 5.18887 6
      vertex 0 5.2 6
    endloop
  endfacet
  facet normal -0.0327085 -0.999465 -0
    outer loop
      vertex 0.340096 5.18887 6
      vertex 0 5.2 3
      vertex 0.340096 5.18887 3
    endloop
  endfacet
  facet normal -0.729871 -0.683585 0
    outer loop
      vertex 3.90957 3.4286 3
      vertex 3.67696 3.67696 6
      vertex 3.67696 3.67696 3
    endloop
  endfacet
  facet normal -0.729871 -0.683585 0
    outer loop
      vertex 3.67696 3.67696 6
      vertex 3.90957 3.4286 3
      vertex 3.90957 3.4286 6
    endloop
  endfacet
  facet normal -0.412691 -0.910871 0
    outer loop
      vertex 1.98995 4.80417 3
      vertex 2.2999 4.66374 6
      vertex 1.98995 4.80417 6
    endloop
  endfacet
  facet normal -0.412691 -0.910871 -0
    outer loop
      vertex 2.2999 4.66374 6
      vertex 1.98995 4.80417 3
      vertex 2.2999 4.66374 3
    endloop
  endfacet
  facet normal -0.729871 0.683585 0
    outer loop
      vertex 3.67696 -3.67696 3
      vertex 3.90957 -3.4286 6
      vertex 3.90957 -3.4286 3
    endloop
  endfacet
  facet normal -0.729871 0.683585 0
    outer loop
      vertex 3.90957 -3.4286 6
      vertex 3.67696 -3.67696 3
      vertex 3.67696 -3.67696 6
    endloop
  endfacet
  facet normal 0.881917 -0.471404 0
    outer loop
      vertex -4.66374 2.2999 6
      vertex -4.50333 2.6 3
      vertex -4.50333 2.6 6
    endloop
  endfacet
  facet normal 0.881917 -0.471404 0
    outer loop
      vertex -4.50333 2.6 3
      vertex -4.66374 2.2999 6
      vertex -4.66374 2.2999 3
    endloop
  endfacet
  facet normal -0.973877 -0.227078 0
    outer loop
      vertex 5.10008 1.01447 3
      vertex 5.02281 1.34586 6
      vertex 5.02281 1.34586 3
    endloop
  endfacet
  facet normal -0.973877 -0.227078 0
    outer loop
      vertex 5.02281 1.34586 6
      vertex 5.10008 1.01447 3
      vertex 5.10008 1.01447 6
    endloop
  endfacet
  facet normal -0.0980371 -0.995183 0
    outer loop
      vertex 0.340096 5.18887 3
      vertex 0.678736 5.15551 6
      vertex 0.340096 5.18887 6
    endloop
  endfacet
  facet normal -0.0980371 -0.995183 -0
    outer loop
      vertex 0.678736 5.15551 6
      vertex 0.340096 5.18887 3
      vertex 0.678736 5.15551 3
    endloop
  endfacet
  facet normal 0.849198 0.528074 0
    outer loop
      vertex -4.32364 -2.88896 6
      vertex -4.50333 -2.6 3
      vertex -4.50333 -2.6 6
    endloop
  endfacet
  facet normal 0.849198 0.528074 0
    outer loop
      vertex -4.50333 -2.6 3
      vertex -4.32364 -2.88896 6
      vertex -4.32364 -2.88896 3
    endloop
  endfacet
  facet normal -0.634391 0.773012 0
    outer loop
      vertex 3.4286 -3.90957 3
      vertex 3.16556 -4.12544 6
      vertex 3.4286 -3.90957 6
    endloop
  endfacet
  facet normal -0.634391 0.773012 0
    outer loop
      vertex 3.16556 -4.12544 6
      vertex 3.4286 -3.90957 3
      vertex 3.16556 -4.12544 3
    endloop
  endfacet
  facet normal 0.683585 -0.729871 0
    outer loop
      vertex -3.67696 3.67696 3
      vertex -3.4286 3.90957 6
      vertex -3.67696 3.67696 6
    endloop
  endfacet
  facet normal 0.683585 -0.729871 0
    outer loop
      vertex -3.4286 3.90957 6
      vertex -3.67696 3.67696 3
      vertex -3.4286 3.90957 3
    endloop
  endfacet
  facet normal -0.162896 -0.986643 0
    outer loop
      vertex 0.678736 5.15551 3
      vertex 1.01447 5.10008 6
      vertex 0.678736 5.15551 6
    endloop
  endfacet
  facet normal -0.162896 -0.986643 -0
    outer loop
      vertex 1.01447 5.10008 6
      vertex 0.678736 5.15551 3
      vertex 1.01447 5.10008 3
    endloop
  endfacet
  facet normal -0.999465 0.0327085 0
    outer loop
      vertex 5.18887 -0.340096 3
      vertex 5.2 0 6
      vertex 5.2 0 3
    endloop
  endfacet
  facet normal -0.999465 0.0327085 0
    outer loop
      vertex 5.2 0 6
      vertex 5.18887 -0.340096 3
      vertex 5.18887 -0.340096 6
    endloop
  endfacet
  facet normal -0.683585 -0.729871 0
    outer loop
      vertex 3.4286 3.90957 3
      vertex 3.67696 3.67696 6
      vertex 3.4286 3.90957 6
    endloop
  endfacet
  facet normal -0.683585 -0.729871 -0
    outer loop
      vertex 3.67696 3.67696 6
      vertex 3.4286 3.90957 3
      vertex 3.67696 3.67696 3
    endloop
  endfacet
  facet normal 0.0980371 -0.995183 0
    outer loop
      vertex -0.678736 5.15551 3
      vertex -0.340096 5.18887 6
      vertex -0.678736 5.15551 6
    endloop
  endfacet
  facet normal 0.0980371 -0.995183 0
    outer loop
      vertex -0.340096 5.18887 6
      vertex -0.678736 5.15551 3
      vertex -0.340096 5.18887 3
    endloop
  endfacet
  facet normal 0.227078 -0.973877 0
    outer loop
      vertex -1.34586 5.02281 3
      vertex -1.01447 5.10008 6
      vertex -1.34586 5.02281 6
    endloop
  endfacet
  facet normal 0.227078 -0.973877 0
    outer loop
      vertex -1.01447 5.10008 6
      vertex -1.34586 5.02281 3
      vertex -1.01447 5.10008 3
    endloop
  endfacet
  facet normal 0.683585 0.729871 -0
    outer loop
      vertex -3.4286 -3.90957 3
      vertex -3.67696 -3.67696 6
      vertex -3.4286 -3.90957 6
    endloop
  endfacet
  facet normal 0.683585 0.729871 0
    outer loop
      vertex -3.67696 -3.67696 6
      vertex -3.4286 -3.90957 3
      vertex -3.67696 -3.67696 3
    endloop
  endfacet
  facet normal 0.582461 -0.812859 0
    outer loop
      vertex -3.16556 4.12544 3
      vertex -2.88896 4.32364 6
      vertex -3.16556 4.12544 6
    endloop
  endfacet
  facet normal 0.582461 -0.812859 0
    outer loop
      vertex -2.88896 4.32364 6
      vertex -3.16556 4.12544 3
      vertex -2.88896 4.32364 3
    endloop
  endfacet
  facet normal -0.956945 -0.290269 0
    outer loop
      vertex 5.02281 1.34586 3
      vertex 4.92404 1.67148 6
      vertex 4.92404 1.67148 3
    endloop
  endfacet
  facet normal -0.956945 -0.290269 0
    outer loop
      vertex 4.92404 1.67148 6
      vertex 5.02281 1.34586 3
      vertex 5.02281 1.34586 6
    endloop
  endfacet
  facet normal -0.582461 -0.812859 0
    outer loop
      vertex 2.88896 4.32364 3
      vertex 3.16556 4.12544 6
      vertex 2.88896 4.32364 6
    endloop
  endfacet
  facet normal -0.582461 -0.812859 -0
    outer loop
      vertex 3.16556 4.12544 6
      vertex 2.88896 4.32364 3
      vertex 3.16556 4.12544 3
    endloop
  endfacet
  facet normal 0.58245 0.812867 -0
    outer loop
      vertex -3 -4.24407 3
      vertex -3.16556 -4.12544 6
      vertex -3 -4.24407 6
    endloop
  endfacet
  facet normal 0.58245 0.812867 0
    outer loop
      vertex -3.16556 -4.12544 6
      vertex -3 -4.24407 3
      vertex -3.16556 -4.12544 3
    endloop
  endfacet
  facet normal 0.352266 -0.9359 0
    outer loop
      vertex -1.98995 4.80417 3
      vertex -1.67148 4.92404 6
      vertex -1.98995 4.80417 6
    endloop
  endfacet
  facet normal 0.352266 -0.9359 0
    outer loop
      vertex -1.67148 4.92404 6
      vertex -1.98995 4.80417 3
      vertex -1.67148 4.92404 3
    endloop
  endfacet
  facet normal 0.773012 -0.634391 0
    outer loop
      vertex -4.12544 3.16556 6
      vertex -3.90957 3.4286 3
      vertex -3.90957 3.4286 6
    endloop
  endfacet
  facet normal 0.773012 -0.634391 0
    outer loop
      vertex -3.90957 3.4286 3
      vertex -4.12544 3.16556 6
      vertex -4.12544 3.16556 3
    endloop
  endfacet
  facet normal -0.973877 0.227078 0
    outer loop
      vertex 5.02281 -1.34586 3
      vertex 5.10008 -1.01447 6
      vertex 5.10008 -1.01447 3
    endloop
  endfacet
  facet normal -0.973877 0.227078 0
    outer loop
      vertex 5.10008 -1.01447 6
      vertex 5.02281 -1.34586 3
      vertex 5.02281 -1.34586 6
    endloop
  endfacet
  facet normal -0.986643 0.162896 0
    outer loop
      vertex 5.10008 -1.01447 3
      vertex 5.15551 -0.678736 6
      vertex 5.15551 -0.678736 3
    endloop
  endfacet
  facet normal -0.986643 0.162896 0
    outer loop
      vertex 5.15551 -0.678736 6
      vertex 5.10008 -1.01447 3
      vertex 5.10008 -1.01447 6
    endloop
  endfacet
  facet normal 0.986643 -0.162896 0
    outer loop
      vertex -5.15551 0.678736 6
      vertex -5.10008 1.01447 3
      vertex -5.10008 1.01447 6
    endloop
  endfacet
  facet normal 0.986643 -0.162896 0
    outer loop
      vertex -5.10008 1.01447 3
      vertex -5.15551 0.678736 6
      vertex -5.15551 0.678736 3
    endloop
  endfacet
  facet normal -0.528074 -0.849198 0
    outer loop
      vertex 2.6 4.50333 3
      vertex 2.88896 4.32364 6
      vertex 2.6 4.50333 6
    endloop
  endfacet
  facet normal -0.528074 -0.849198 -0
    outer loop
      vertex 2.88896 4.32364 6
      vertex 2.6 4.50333 3
      vertex 2.88896 4.32364 3
    endloop
  endfacet
  facet normal 0.471404 -0.881917 0
    outer loop
      vertex -2.6 4.50333 3
      vertex -2.2999 4.66374 6
      vertex -2.6 4.50333 6
    endloop
  endfacet
  facet normal 0.471404 -0.881917 0
    outer loop
      vertex -2.2999 4.66374 6
      vertex -2.6 4.50333 3
      vertex -2.2999 4.66374 3
    endloop
  endfacet
  facet normal -0.881917 -0.471404 0
    outer loop
      vertex 4.66374 2.2999 3
      vertex 4.50333 2.6 6
      vertex 4.50333 2.6 3
    endloop
  endfacet
  facet normal -0.881917 -0.471404 0
    outer loop
      vertex 4.50333 2.6 6
      vertex 4.66374 2.2999 3
      vertex 4.66374 2.2999 6
    endloop
  endfacet
  facet normal 0.973877 -0.227078 0
    outer loop
      vertex -5.10008 1.01447 6
      vertex -5.02281 1.34586 3
      vertex -5.02281 1.34586 6
    endloop
  endfacet
  facet normal 0.973877 -0.227078 0
    outer loop
      vertex -5.02281 1.34586 3
      vertex -5.10008 1.01447 6
      vertex -5.10008 1.01447 3
    endloop
  endfacet
  facet normal -0.910871 -0.412691 0
    outer loop
      vertex 4.80417 1.98995 3
      vertex 4.66374 2.2999 6
      vertex 4.66374 2.2999 3
    endloop
  endfacet
  facet normal -0.910871 -0.412691 0
    outer loop
      vertex 4.66374 2.2999 6
      vertex 4.80417 1.98995 3
      vertex 4.80417 1.98995 6
    endloop
  endfacet
  facet normal 0.412691 -0.910871 0
    outer loop
      vertex -2.2999 4.66374 3
      vertex -1.98995 4.80417 6
      vertex -2.2999 4.66374 6
    endloop
  endfacet
  facet normal 0.412691 -0.910871 0
    outer loop
      vertex -1.98995 4.80417 6
      vertex -2.2999 4.66374 3
      vertex -1.98995 4.80417 3
    endloop
  endfacet
  facet normal -0.471404 -0.881917 0
    outer loop
      vertex 2.2999 4.66374 3
      vertex 2.6 4.50333 6
      vertex 2.2999 4.66374 6
    endloop
  endfacet
  facet normal -0.471404 -0.881917 -0
    outer loop
      vertex 2.6 4.50333 6
      vertex 2.2999 4.66374 3
      vertex 2.6 4.50333 3
    endloop
  endfacet
  facet normal 0.812859 0.582461 0
    outer loop
      vertex -4.12544 -3.16556 6
      vertex -4.32364 -2.88896 3
      vertex -4.32364 -2.88896 6
    endloop
  endfacet
  facet normal 0.812859 0.582461 0
    outer loop
      vertex -4.32364 -2.88896 3
      vertex -4.12544 -3.16556 6
      vertex -4.12544 -3.16556 3
    endloop
  endfacet
  facet normal -0.290269 -0.956945 0
    outer loop
      vertex 1.34586 5.02281 3
      vertex 1.67148 4.92404 6
      vertex 1.34586 5.02281 6
    endloop
  endfacet
  facet normal -0.290269 -0.956945 -0
    outer loop
      vertex 1.67148 4.92404 6
      vertex 1.34586 5.02281 3
      vertex 1.67148 4.92404 3
    endloop
  endfacet
  facet normal 0.729871 0.683585 0
    outer loop
      vertex -3.67696 -3.67696 6
      vertex -3.90957 -3.4286 3
      vertex -3.90957 -3.4286 6
    endloop
  endfacet
  facet normal 0.729871 0.683585 0
    outer loop
      vertex -3.90957 -3.4286 3
      vertex -3.67696 -3.67696 6
      vertex -3.67696 -3.67696 3
    endloop
  endfacet
  facet normal 0.0327085 -0.999465 0
    outer loop
      vertex -0.340096 5.18887 3
      vertex 0 5.2 6
      vertex -0.340096 5.18887 6
    endloop
  endfacet
  facet normal 0.0327085 -0.999465 0
    outer loop
      vertex 0 5.2 6
      vertex -0.340096 5.18887 3
      vertex 0 5.2 3
    endloop
  endfacet
  facet normal 0.162896 -0.986643 0
    outer loop
      vertex -1.01447 5.10008 3
      vertex -0.678736 5.15551 6
      vertex -1.01447 5.10008 6
    endloop
  endfacet
  facet normal 0.162896 -0.986643 0
    outer loop
      vertex -0.678736 5.15551 6
      vertex -1.01447 5.10008 3
      vertex -0.678736 5.15551 3
    endloop
  endfacet
  facet normal -0.956945 0.290269 0
    outer loop
      vertex 4.92404 -1.67148 3
      vertex 5.02281 -1.34586 6
      vertex 5.02281 -1.34586 3
    endloop
  endfacet
  facet normal -0.956945 0.290269 0
    outer loop
      vertex 5.02281 -1.34586 6
      vertex 4.92404 -1.67148 3
      vertex 4.92404 -1.67148 6
    endloop
  endfacet
  facet normal 0.729871 -0.683585 0
    outer loop
      vertex -3.90957 3.4286 6
      vertex -3.67696 3.67696 3
      vertex -3.67696 3.67696 6
    endloop
  endfacet
  facet normal 0.729871 -0.683585 0
    outer loop
      vertex -3.67696 3.67696 3
      vertex -3.90957 3.4286 6
      vertex -3.90957 3.4286 3
    endloop
  endfacet
  facet normal 0.986643 0.162896 0
    outer loop
      vertex -5.10008 -1.01447 6
      vertex -5.15551 -0.678736 3
      vertex -5.15551 -0.678736 6
    endloop
  endfacet
  facet normal 0.986643 0.162896 0
    outer loop
      vertex -5.15551 -0.678736 3
      vertex -5.10008 -1.01447 6
      vertex -5.10008 -1.01447 3
    endloop
  endfacet
  facet normal 0.999465 0.0327085 0
    outer loop
      vertex -5.18887 -0.340096 6
      vertex -5.2 0 3
      vertex -5.2 0 6
    endloop
  endfacet
  facet normal 0.999465 0.0327085 0
    outer loop
      vertex -5.2 0 3
      vertex -5.18887 -0.340096 6
      vertex -5.18887 -0.340096 3
    endloop
  endfacet
  facet normal -0.9359 0.352266 0
    outer loop
      vertex 4.80417 -1.98995 3
      vertex 4.92404 -1.67148 6
      vertex 4.92404 -1.67148 3
    endloop
  endfacet
  facet normal -0.9359 0.352266 0
    outer loop
      vertex 4.92404 -1.67148 6
      vertex 4.80417 -1.98995 3
      vertex 4.80417 -1.98995 6
    endloop
  endfacet
  facet normal 0.528074 -0.849198 0
    outer loop
      vertex -2.88896 4.32364 3
      vertex -2.6 4.50333 6
      vertex -2.88896 4.32364 6
    endloop
  endfacet
  facet normal 0.528074 -0.849198 0
    outer loop
      vertex -2.6 4.50333 6
      vertex -2.88896 4.32364 3
      vertex -2.6 4.50333 3
    endloop
  endfacet
  facet normal 0.973877 0.227078 0
    outer loop
      vertex -5.02281 -1.34586 6
      vertex -5.10008 -1.01447 3
      vertex -5.10008 -1.01447 6
    endloop
  endfacet
  facet normal 0.973877 0.227078 0
    outer loop
      vertex -5.10008 -1.01447 3
      vertex -5.02281 -1.34586 6
      vertex -5.02281 -1.34586 3
    endloop
  endfacet
  facet normal -0.634391 -0.773012 0
    outer loop
      vertex 3.16556 4.12544 3
      vertex 3.4286 3.90957 6
      vertex 3.16556 4.12544 6
    endloop
  endfacet
  facet normal -0.634391 -0.773012 -0
    outer loop
      vertex 3.4286 3.90957 6
      vertex 3.16556 4.12544 3
      vertex 3.4286 3.90957 3
    endloop
  endfacet
  facet normal 0.956945 0.290269 0
    outer loop
      vertex -4.92404 -1.67148 6
      vertex -5.02281 -1.34586 3
      vertex -5.02281 -1.34586 6
    endloop
  endfacet
  facet normal 0.956945 0.290269 0
    outer loop
      vertex -5.02281 -1.34586 3
      vertex -4.92404 -1.67148 6
      vertex -4.92404 -1.67148 3
    endloop
  endfacet
  facet normal -0.849198 0.528074 0
    outer loop
      vertex 4.32364 -2.88896 3
      vertex 4.50333 -2.6 6
      vertex 4.50333 -2.6 3
    endloop
  endfacet
  facet normal -0.849198 0.528074 0
    outer loop
      vertex 4.50333 -2.6 6
      vertex 4.32364 -2.88896 3
      vertex 4.32364 -2.88896 6
    endloop
  endfacet
  facet normal 0.910871 0.412691 0
    outer loop
      vertex -4.66374 -2.2999 6
      vertex -4.80417 -1.98995 3
      vertex -4.80417 -1.98995 6
    endloop
  endfacet
  facet normal 0.910871 0.412691 0
    outer loop
      vertex -4.80417 -1.98995 3
      vertex -4.66374 -2.2999 6
      vertex -4.66374 -2.2999 3
    endloop
  endfacet
  facet normal -0.910871 0.412691 0
    outer loop
      vertex 4.66374 -2.2999 3
      vertex 4.80417 -1.98995 6
      vertex 4.80417 -1.98995 3
    endloop
  endfacet
  facet normal -0.910871 0.412691 0
    outer loop
      vertex 4.80417 -1.98995 6
      vertex 4.66374 -2.2999 3
      vertex 4.66374 -2.2999 6
    endloop
  endfacet
  facet normal 0.9359 0.352266 0
    outer loop
      vertex -4.80417 -1.98995 6
      vertex -4.92404 -1.67148 3
      vertex -4.92404 -1.67148 6
    endloop
  endfacet
  facet normal 0.9359 0.352266 0
    outer loop
      vertex -4.92404 -1.67148 3
      vertex -4.80417 -1.98995 6
      vertex -4.80417 -1.98995 3
    endloop
  endfacet
  facet normal -0.9359 -0.352266 0
    outer loop
      vertex 4.92404 1.67148 3
      vertex 4.80417 1.98995 6
      vertex 4.80417 1.98995 3
    endloop
  endfacet
  facet normal -0.9359 -0.352266 0
    outer loop
      vertex 4.80417 1.98995 6
      vertex 4.92404 1.67148 3
      vertex 4.92404 1.67148 6
    endloop
  endfacet
  facet normal -0.812859 -0.582461 0
    outer loop
      vertex 4.32364 2.88896 3
      vertex 4.12544 3.16556 6
      vertex 4.12544 3.16556 3
    endloop
  endfacet
  facet normal -0.812859 -0.582461 0
    outer loop
      vertex 4.12544 3.16556 6
      vertex 4.32364 2.88896 3
      vertex 4.32364 2.88896 6
    endloop
  endfacet
  facet normal 0.634391 -0.773012 0
    outer loop
      vertex -3.4286 3.90957 3
      vertex -3.16556 4.12544 6
      vertex -3.4286 3.90957 6
    endloop
  endfacet
  facet normal 0.634391 -0.773012 0
    outer loop
      vertex -3.16556 4.12544 6
      vertex -3.4286 3.90957 3
      vertex -3.16556 4.12544 3
    endloop
  endfacet
  facet normal 0.290269 -0.956945 0
    outer loop
      vertex -1.67148 4.92404 3
      vertex -1.34586 5.02281 6
      vertex -1.67148 4.92404 6
    endloop
  endfacet
  facet normal 0.290269 -0.956945 0
    outer loop
      vertex -1.34586 5.02281 6
      vertex -1.67148 4.92404 3
      vertex -1.34586 5.02281 3
    endloop
  endfacet
  facet normal -0.812859 0.582461 0
    outer loop
      vertex 4.12544 -3.16556 3
      vertex 4.32364 -2.88896 6
      vertex 4.32364 -2.88896 3
    endloop
  endfacet
  facet normal -0.812859 0.582461 0
    outer loop
      vertex 4.32364 -2.88896 6
      vertex 4.12544 -3.16556 3
      vertex 4.12544 -3.16556 6
    endloop
  endfacet
  facet normal -0.352266 -0.9359 0
    outer loop
      vertex 1.67148 4.92404 3
      vertex 1.98995 4.80417 6
      vertex 1.67148 4.92404 6
    endloop
  endfacet
  facet normal -0.352266 -0.9359 -0
    outer loop
      vertex 1.98995 4.80417 6
      vertex 1.67148 4.92404 3
      vertex 1.98995 4.80417 3
    endloop
  endfacet
  facet normal 0.995183 0.0980371 0
    outer loop
      vertex -5.15551 -0.678736 6
      vertex -5.18887 -0.340096 3
      vertex -5.18887 -0.340096 6
    endloop
  endfacet
  facet normal 0.995183 0.0980371 0
    outer loop
      vertex -5.18887 -0.340096 3
      vertex -5.15551 -0.678736 6
      vertex -5.15551 -0.678736 3
    endloop
  endfacet
  facet normal -0.683585 0.729871 0
    outer loop
      vertex 3.67696 -3.67696 3
      vertex 3.4286 -3.90957 6
      vertex 3.67696 -3.67696 6
    endloop
  endfacet
  facet normal -0.683585 0.729871 0
    outer loop
      vertex 3.4286 -3.90957 6
      vertex 3.67696 -3.67696 3
      vertex 3.4286 -3.90957 3
    endloop
  endfacet
  facet normal -0.773012 -0.634391 0
    outer loop
      vertex 4.12544 3.16556 3
      vertex 3.90957 3.4286 6
      vertex 3.90957 3.4286 3
    endloop
  endfacet
  facet normal -0.773012 -0.634391 0
    outer loop
      vertex 3.90957 3.4286 6
      vertex 4.12544 3.16556 3
      vertex 4.12544 3.16556 6
    endloop
  endfacet
  facet normal 0.773012 0.634391 0
    outer loop
      vertex -3.90957 -3.4286 6
      vertex -4.12544 -3.16556 3
      vertex -4.12544 -3.16556 6
    endloop
  endfacet
  facet normal 0.773012 0.634391 0
    outer loop
      vertex -4.12544 -3.16556 3
      vertex -3.90957 -3.4286 6
      vertex -3.90957 -3.4286 3
    endloop
  endfacet
  facet normal -0.881917 0.471404 0
    outer loop
      vertex 4.50333 -2.6 3
      vertex 4.66374 -2.2999 6
      vertex 4.66374 -2.2999 3
    endloop
  endfacet
  facet normal -0.881917 0.471404 0
    outer loop
      vertex 4.66374 -2.2999 6
      vertex 4.50333 -2.6 3
      vertex 4.50333 -2.6 6
    endloop
  endfacet
  facet normal 0.956945 -0.290269 0
    outer loop
      vertex -5.02281 1.34586 6
      vertex -4.92404 1.67148 3
      vertex -4.92404 1.67148 6
    endloop
  endfacet
  facet normal 0.956945 -0.290269 0
    outer loop
      vertex -4.92404 1.67148 3
      vertex -5.02281 1.34586 6
      vertex -5.02281 1.34586 3
    endloop
  endfacet
  facet normal 0.9359 -0.352266 0
    outer loop
      vertex -4.92404 1.67148 6
      vertex -4.80417 1.98995 3
      vertex -4.80417 1.98995 6
    endloop
  endfacet
  facet normal 0.9359 -0.352266 0
    outer loop
      vertex -4.80417 1.98995 3
      vertex -4.92404 1.67148 6
      vertex -4.92404 1.67148 3
    endloop
  endfacet
  facet normal 0.634391 0.773012 -0
    outer loop
      vertex -3.16556 -4.12544 3
      vertex -3.4286 -3.90957 6
      vertex -3.16556 -4.12544 6
    endloop
  endfacet
  facet normal 0.634391 0.773012 0
    outer loop
      vertex -3.4286 -3.90957 6
      vertex -3.16556 -4.12544 3
      vertex -3.4286 -3.90957 3
    endloop
  endfacet
  facet normal 0.995183 -0.0980371 0
    outer loop
      vertex -5.18887 0.340096 6
      vertex -5.15551 0.678736 3
      vertex -5.15551 0.678736 6
    endloop
  endfacet
  facet normal 0.995183 -0.0980371 0
    outer loop
      vertex -5.15551 0.678736 3
      vertex -5.18887 0.340096 6
      vertex -5.18887 0.340096 3
    endloop
  endfacet
  facet normal 0.910871 -0.412691 0
    outer loop
      vertex -4.80417 1.98995 6
      vertex -4.66374 2.2999 3
      vertex -4.66374 2.2999 6
    endloop
  endfacet
  facet normal 0.910871 -0.412691 0
    outer loop
      vertex -4.66374 2.2999 3
      vertex -4.80417 1.98995 6
      vertex -4.80417 1.98995 3
    endloop
  endfacet
  facet normal -0.5 0.866025 0
    outer loop
      vertex 6.65 -3.83938 0
      vertex 3 -5.94671 3
      vertex 6.65 -3.83938 3
    endloop
  endfacet
  facet normal -0.5 0.866025 3.25573e-07
    outer loop
      vertex 0 -7.67876 0
      vertex 3 -5.94671 3
      vertex 6.65 -3.83938 0
    endloop
  endfacet
  facet normal -0.5 0.866026 0
    outer loop
      vertex 3 -5.94671 3
      vertex 0 -7.67876 0
      vertex 0 -7.67876 3
    endloop
  endfacet
  facet normal -1 0 0
    outer loop
      vertex 6.65 -3.83938 0
      vertex 6.65 3.83938 3
      vertex 6.65 3.83938 0
    endloop
  endfacet
  facet normal -1 -0 0
    outer loop
      vertex 6.65 3.83938 3
      vertex 6.65 -3.83938 0
      vertex 6.65 -3.83938 3
    endloop
  endfacet
  facet normal 0.5 -0.866025 0
    outer loop
      vertex -6.65 3.83938 0
      vertex 0 7.67876 3
      vertex -6.65 3.83938 3
    endloop
  endfacet
  facet normal 0.5 -0.866025 0
    outer loop
      vertex 0 7.67876 3
      vertex -6.65 3.83938 0
      vertex 0 7.67876 0
    endloop
  endfacet
  facet normal -0.5 -0.866025 0
    outer loop
      vertex 0 7.67876 0
      vertex 6.65 3.83938 3
      vertex 0 7.67876 3
    endloop
  endfacet
  facet normal -0.5 -0.866025 -0
    outer loop
      vertex 6.65 3.83938 3
      vertex 0 7.67876 0
      vertex 6.65 3.83938 0
    endloop
  endfacet
  facet normal 1 -0 0
    outer loop
      vertex -6.65 -3.83938 3
      vertex -6.65 3.83938 0
      vertex -6.65 3.83938 3
    endloop
  endfacet
  facet normal 1 0 0
    outer loop
      vertex -6.65 3.83938 0
      vertex -6.65 -3.83938 3
      vertex -6.65 -3.83938 0
    endloop
  endfacet
  facet normal 0.5 0.866026 -0
    outer loop
      vertex 0 -7.67876 0
      vertex -3 -5.94671 3
      vertex 0 -7.67876 3
    endloop
  endfacet
  facet normal 0.5 0.866025 3.25573e-07
    outer loop
      vertex -6.65 -3.83938 0
      vertex -3 -5.94671 3
      vertex 0 -7.67876 0
    endloop
  endfacet
  facet normal 0.5 0.866025 0
    outer loop
      vertex -3 -5.94671 3
      vertex -6.65 -3.83938 0
      vertex -6.65 -3.83938 3
    endloop
  endfacet
  facet normal -0 0 1
    outer loop
      vertex 0 -7.67876 3
      vertex 3 -9 3
      vertex 3 -5.94671 3
    endloop
  endfacet
  facet normal 0 0 1
    outer loop
      vertex 0 -7.67876 3
      vertex -3 -9 3
      vertex 3 -9 3
    endloop
  endfacet
  facet normal 0 0 1
    outer loop
      vertex -3 -9 3
      vertex 0 -7.67876 3
      vertex -3 -5.94671 3
    endloop
  endfacet
  facet normal 0 0 -1
    outer loop
      vertex -3 -5.94671 3
      vertex -3.16556 -4.12544 3
      vertex -3 -4.24407 3
    endloop
  endfacet
  facet normal 0 0 -1
    outer loop
      vertex -3 -5.94671 3
      vertex -3.4286 -3.90957 3
      vertex -3.16556 -4.12544 3
    endloop
  endfacet
  facet normal 0 0 -1
    outer loop
      vertex -3 -5.94671 3
      vertex -3.67696 -3.67696 3
      vertex -3.4286 -3.90957 3
    endloop
  endfacet
  facet normal 0 0 -1
    outer loop
      vertex -6.65 -3.83938 3
      vertex -3.67696 -3.67696 3
      vertex -3 -5.94671 3
    endloop
  endfacet
  facet normal -0 0 -1
    outer loop
      vertex -3.67696 -3.67696 3
      vertex -6.65 -3.83938 3
      vertex -3.90957 -3.4286 3
    endloop
  endfacet
  facet normal -0 0 -1
    outer loop
      vertex -3.90957 -3.4286 3
      vertex -6.65 -3.83938 3
      vertex -4.12544 -3.16556 3
    endloop
  endfacet
  facet normal -0 0 -1
    outer loop
      vertex -4.12544 -3.16556 3
      vertex -6.65 -3.83938 3
      vertex -4.32364 -2.88896 3
    endloop
  endfacet
  facet normal -0 0 -1
    outer loop
      vertex -4.32364 -2.88896 3
      vertex -6.65 -3.83938 3
      vertex -4.50333 -2.6 3
    endloop
  endfacet
  facet normal -0 0 -1
    outer loop
      vertex -5.18887 -0.340096 3
      vertex -6.65 -3.83938 3
      vertex -5.2 0 3
    endloop
  endfacet
  facet normal -0 0 -1
    outer loop
      vertex -5.15551 -0.678736 3
      vertex -6.65 -3.83938 3
      vertex -5.18887 -0.340096 3
    endloop
  endfacet
  facet normal -0 0 -1
    outer loop
      vertex -5.10008 -1.01447 3
      vertex -6.65 -3.83938 3
      vertex -5.15551 -0.678736 3
    endloop
  endfacet
  facet normal -0 0 -1
    outer loop
      vertex -5.02281 -1.34586 3
      vertex -6.65 -3.83938 3
      vertex -5.10008 -1.01447 3
    endloop
  endfacet
  facet normal -0 0 -1
    outer loop
      vertex -4.92404 -1.67148 3
      vertex -6.65 -3.83938 3
      vertex -5.02281 -1.34586 3
    endloop
  endfacet
  facet normal -0 0 -1
    outer loop
      vertex -4.80417 -1.98995 3
      vertex -6.65 -3.83938 3
      vertex -4.92404 -1.67148 3
    endloop
  endfacet
  facet normal -0 0 -1
    outer loop
      vertex -4.66374 -2.2999 3
      vertex -6.65 -3.83938 3
      vertex -4.80417 -1.98995 3
    endloop
  endfacet
  facet normal -0 0 -1
    outer loop
      vertex -4.50333 -2.6 3
      vertex -6.65 -3.83938 3
      vertex -4.66374 -2.2999 3
    endloop
  endfacet
  facet normal 0 0 -1
    outer loop
      vertex 6.65 -3.83938 3
      vertex 5.2 0 3
      vertex 6.65 3.83938 3
    endloop
  endfacet
  facet normal 0 0 -1
    outer loop
      vertex 6.65 -3.83938 3
      vertex 5.18887 -0.340096 3
      vertex 5.2 0 3
    endloop
  endfacet
  facet normal 0 0 -1
    outer loop
      vertex 6.65 -3.83938 3
      vertex 5.15551 -0.678736 3
      vertex 5.18887 -0.340096 3
    endloop
  endfacet
  facet normal 0 0 -1
    outer loop
      vertex 6.65 -3.83938 3
      vertex 5.10008 -1.01447 3
      vertex 5.15551 -0.678736 3
    endloop
  endfacet
  facet normal 0 0 -1
    outer loop
      vertex 6.65 -3.83938 3
      vertex 5.02281 -1.34586 3
      vertex 5.10008 -1.01447 3
    endloop
  endfacet
  facet normal 0 0 -1
    outer loop
      vertex 6.65 -3.83938 3
      vertex 4.92404 -1.67148 3
      vertex 5.02281 -1.34586 3
    endloop
  endfacet
  facet normal 0 0 -1
    outer loop
      vertex 6.65 -3.83938 3
      vertex 4.80417 -1.98995 3
      vertex 4.92404 -1.67148 3
    endloop
  endfacet
  facet normal 0 0 -1
    outer loop
      vertex 6.65 -3.83938 3
      vertex 4.66374 -2.2999 3
      vertex 4.80417 -1.98995 3
    endloop
  endfacet
  facet normal 0 0 -1
    outer loop
      vertex 6.65 -3.83938 3
      vertex 4.50333 -2.6 3
      vertex 4.66374 -2.2999 3
    endloop
  endfacet
  facet normal 0 0 -1
    outer loop
      vertex 6.65 -3.83938 3
      vertex 4.32364 -2.88896 3
      vertex 4.50333 -2.6 3
    endloop
  endfacet
  facet normal 0 0 -1
    outer loop
      vertex 6.65 -3.83938 3
      vertex 4.12544 -3.16556 3
      vertex 4.32364 -2.88896 3
    endloop
  endfacet
  facet normal 0 0 -1
    outer loop
      vertex 6.65 -3.83938 3
      vertex 3.90957 -3.4286 3
      vertex 4.12544 -3.16556 3
    endloop
  endfacet
  facet normal 0 0 -1
    outer loop
      vertex 6.65 -3.83938 3
      vertex 3.67696 -3.67696 3
      vertex 3.90957 -3.4286 3
    endloop
  endfacet
  facet normal 0 0 -1
    outer loop
      vertex 3 -5.94671 3
      vertex 3.67696 -3.67696 3
      vertex 6.65 -3.83938 3
    endloop
  endfacet
  facet normal 0 0 -1
    outer loop
      vertex 3.67696 -3.67696 3
      vertex 3 -5.94671 3
      vertex 3.4286 -3.90957 3
    endloop
  endfacet
  facet normal 0 0 -1
    outer loop
      vertex 3.4286 -3.90957 3
      vertex 3 -5.94671 3
      vertex 3.16556 -4.12544 3
    endloop
  endfacet
  facet normal 0 0 -1
    outer loop
      vertex 3.16556 -4.12544 3
      vertex 3 -5.94671 3
      vertex 3 -4.24407 3
    endloop
  endfacet
  facet normal 0 0 -1
    outer loop
      vertex 5.18887 0.340096 3
      vertex 6.65 3.83938 3
      vertex 5.2 0 3
    endloop
  endfacet
  facet normal 0 0 -1
    outer loop
      vertex 5.15551 0.678736 3
      vertex 6.65 3.83938 3
      vertex 5.18887 0.340096 3
    endloop
  endfacet
  facet normal 0 0 -1
    outer loop
      vertex 5.10008 1.01447 3
      vertex 6.65 3.83938 3
      vertex 5.15551 0.678736 3
    endloop
  endfacet
  facet normal 0 0 -1
    outer loop
      vertex 5.02281 1.34586 3
      vertex 6.65 3.83938 3
      vertex 5.10008 1.01447 3
    endloop
  endfacet
  facet normal 0 0 -1
    outer loop
      vertex 4.92404 1.67148 3
      vertex 6.65 3.83938 3
      vertex 5.02281 1.34586 3
    endloop
  endfacet
  facet normal 0 0 -1
    outer loop
      vertex 4.80417 1.98995 3
      vertex 6.65 3.83938 3
      vertex 4.92404 1.67148 3
    endloop
  endfacet
  facet normal 0 0 -1
    outer loop
      vertex 4.66374 2.2999 3
      vertex 6.65 3.83938 3
      vertex 4.80417 1.98995 3
    endloop
  endfacet
  facet normal 0 0 -1
    outer loop
      vertex 4.50333 2.6 3
      vertex 6.65 3.83938 3
      vertex 4.66374 2.2999 3
    endloop
  endfacet
  facet normal 0 0 -1
    outer loop
      vertex 4.32364 2.88896 3
      vertex 6.65 3.83938 3
      vertex 4.50333 2.6 3
    endloop
  endfacet
  facet normal 0 0 -1
    outer loop
      vertex 4.12544 3.16556 3
      vertex 6.65 3.83938 3
      vertex 4.32364 2.88896 3
    endloop
  endfacet
  facet normal 0 0 -1
    outer loop
      vertex 3.90957 3.4286 3
      vertex 6.65 3.83938 3
      vertex 4.12544 3.16556 3
    endloop
  endfacet
  facet normal 0 0 -1
    outer loop
      vertex 3.67696 3.67696 3
      vertex 6.65 3.83938 3
      vertex 3.90957 3.4286 3
    endloop
  endfacet
  facet normal 0 0 -1
    outer loop
      vertex 3.4286 3.90957 3
      vertex 6.65 3.83938 3
      vertex 3.67696 3.67696 3
    endloop
  endfacet
  facet normal 0 0 -1
    outer loop
      vertex 3.16556 4.12544 3
      vertex 6.65 3.83938 3
      vertex 3.4286 3.90957 3
    endloop
  endfacet
  facet normal 0 0 -1
    outer loop
      vertex 2.88896 4.32364 3
      vertex 6.65 3.83938 3
      vertex 3.16556 4.12544 3
    endloop
  endfacet
  facet normal 0 0 -1
    outer loop
      vertex 2.6 4.50333 3
      vertex 6.65 3.83938 3
      vertex 2.88896 4.32364 3
    endloop
  endfacet
  facet normal 0 0 -1
    outer loop
      vertex 0 7.67876 3
      vertex 2.6 4.50333 3
      vertex 2.2999 4.66374 3
    endloop
  endfacet
  facet normal 0 0 -1
    outer loop
      vertex 0 7.67876 3
      vertex 2.2999 4.66374 3
      vertex 1.98995 4.80417 3
    endloop
  endfacet
  facet normal 0 0 -1
    outer loop
      vertex 0 7.67876 3
      vertex 1.98995 4.80417 3
      vertex 1.67148 4.92404 3
    endloop
  endfacet
  facet normal 0 0 -1
    outer loop
      vertex 0 7.67876 3
      vertex 1.67148 4.92404 3
      vertex 1.34586 5.02281 3
    endloop
  endfacet
  facet normal 0 0 -1
    outer loop
      vertex 0 7.67876 3
      vertex 1.34586 5.02281 3
      vertex 1.01447 5.10008 3
    endloop
  endfacet
  facet normal 0 0 -1
    outer loop
      vertex 2.6 4.50333 3
      vertex 0 7.67876 3
      vertex 6.65 3.83938 3
    endloop
  endfacet
  facet normal 0 0 -1
    outer loop
      vertex 0.678736 5.15551 3
      vertex 0 7.67876 3
      vertex 1.01447 5.10008 3
    endloop
  endfacet
  facet normal 0 0 -1
    outer loop
      vertex 0.340096 5.18887 3
      vertex 0 7.67876 3
      vertex 0.678736 5.15551 3
    endloop
  endfacet
  facet normal 0 0 -1
    outer loop
      vertex 0 5.2 3
      vertex 0 7.67876 3
      vertex 0.340096 5.18887 3
    endloop
  endfacet
  facet normal 0 0 -1
    outer loop
      vertex -0.340096 5.18887 3
      vertex 0 7.67876 3
      vertex 0 5.2 3
    endloop
  endfacet
  facet normal 0 0 -1
    outer loop
      vertex -0.678736 5.15551 3
      vertex 0 7.67876 3
      vertex -0.340096 5.18887 3
    endloop
  endfacet
  facet normal 0 0 -1
    outer loop
      vertex -1.01447 5.10008 3
      vertex 0 7.67876 3
      vertex -0.678736 5.15551 3
    endloop
  endfacet
  facet normal 0 0 -1
    outer loop
      vertex -1.34586 5.02281 3
      vertex 0 7.67876 3
      vertex -1.01447 5.10008 3
    endloop
  endfacet
  facet normal 0 0 -1
    outer loop
      vertex -1.67148 4.92404 3
      vertex 0 7.67876 3
      vertex -1.34586 5.02281 3
    endloop
  endfacet
  facet normal 0 0 -1
    outer loop
      vertex -1.98995 4.80417 3
      vertex 0 7.67876 3
      vertex -1.67148 4.92404 3
    endloop
  endfacet
  facet normal 0 0 -1
    outer loop
      vertex -2.2999 4.66374 3
      vertex 0 7.67876 3
      vertex -1.98995 4.80417 3
    endloop
  endfacet
  facet normal 0 0 -1
    outer loop
      vertex -2.6 4.50333 3
      vertex 0 7.67876 3
      vertex -2.2999 4.66374 3
    endloop
  endfacet
  facet normal 0 0 -1
    outer loop
      vertex -6.65 3.83938 3
      vertex -2.6 4.50333 3
      vertex -2.88896 4.32364 3
    endloop
  endfacet
  facet normal 0 0 -1
    outer loop
      vertex -6.65 3.83938 3
      vertex -2.88896 4.32364 3
      vertex -3.16556 4.12544 3
    endloop
  endfacet
  facet normal 0 0 -1
    outer loop
      vertex -6.65 3.83938 3
      vertex -3.16556 4.12544 3
      vertex -3.4286 3.90957 3
    endloop
  endfacet
  facet normal 0 0 -1
    outer loop
      vertex -6.65 3.83938 3
      vertex -3.4286 3.90957 3
      vertex -3.67696 3.67696 3
    endloop
  endfacet
  facet normal 0 0 -1
    outer loop
      vertex -6.65 3.83938 3
      vertex -3.67696 3.67696 3
      vertex -3.90957 3.4286 3
    endloop
  endfacet
  facet normal 0 0 -1
    outer loop
      vertex -6.65 3.83938 3
      vertex -5.2 0 3
      vertex -6.65 -3.83938 3
    endloop
  endfacet
  facet normal 0 0 -1
    outer loop
      vertex -5.2 0 3
      vertex -6.65 3.83938 3
      vertex -5.18887 0.340096 3
    endloop
  endfacet
  facet normal 0 0 -1
    outer loop
      vertex -5.18887 0.340096 3
      vertex -6.65 3.83938 3
      vertex -5.15551 0.678736 3
    endloop
  endfacet
  facet normal 0 0 -1
    outer loop
      vertex -5.15551 0.678736 3
      vertex -6.65 3.83938 3
      vertex -5.10008 1.01447 3
    endloop
  endfacet
  facet normal 0 0 -1
    outer loop
      vertex -5.10008 1.01447 3
      vertex -6.65 3.83938 3
      vertex -5.02281 1.34586 3
    endloop
  endfacet
  facet normal -0 0 -1
    outer loop
      vertex -2.6 4.50333 3
      vertex -6.65 3.83938 3
      vertex 0 7.67876 3
    endloop
  endfacet
  facet normal 0 0 -1
    outer loop
      vertex -4.12544 3.16556 3
      vertex -6.65 3.83938 3
      vertex -3.90957 3.4286 3
    endloop
  endfacet
  facet normal 0 0 -1
    outer loop
      vertex -4.32364 2.88896 3
      vertex -6.65 3.83938 3
      vertex -4.12544 3.16556 3
    endloop
  endfacet
  facet normal 0 0 -1
    outer loop
      vertex -4.50333 2.6 3
      vertex -6.65 3.83938 3
      vertex -4.32364 2.88896 3
    endloop
  endfacet
  facet normal 0 0 -1
    outer loop
      vertex -4.66374 2.2999 3
      vertex -6.65 3.83938 3
      vertex -4.50333 2.6 3
    endloop
  endfacet
  facet normal 0 0 -1
    outer loop
      vertex -4.80417 1.98995 3
      vertex -6.65 3.83938 3
      vertex -4.66374 2.2999 3
    endloop
  endfacet
  facet normal 0 0 -1
    outer loop
      vertex -4.92404 1.67148 3
      vertex -6.65 3.83938 3
      vertex -4.80417 1.98995 3
    endloop
  endfacet
  facet normal 0 0 -1
    outer loop
      vertex -5.02281 1.34586 3
      vertex -6.65 3.83938 3
      vertex -4.92404 1.67148 3
    endloop
  endfacet
  facet normal -1 0 0
    outer loop
      vertex 3 -5.94671 3
      vertex 3 -4.24407 6
      vertex 3 -4.24407 3
    endloop
  endfacet
  facet normal -1 0 0
    outer loop
      vertex 3 -9 6
      vertex 3 -5.94671 3
      vertex 3 -9 3
    endloop
  endfacet
  facet normal -1 0 0
    outer loop
      vertex 3 -5.94671 3
      vertex 3 -9 6
      vertex 3 -4.24407 6
    endloop
  endfacet
  facet normal 1 0 0
    outer loop
      vertex -3 -4.24407 6
      vertex -3 -5.94671 3
      vertex -3 -4.24407 3
    endloop
  endfacet
  facet normal 1 -0 0
    outer loop
      vertex -3 -9 6
      vertex -3 -5.94671 3
      vertex -3 -4.24407 6
    endloop
  endfacet
  facet normal 1 0 0
    outer loop
      vertex -3 -5.94671 3
      vertex -3 -9 6
      vertex -3 -9 3
    endloop
  endfacet
  facet normal 0 0 1
    outer loop
      vertex 17.1022 -0.776457 6
      vertex 5.02281 -1.34586 6
      vertex 17.1592 -0.964318 6
    endloop
  endfacet
  facet normal 0 0 1
    outer loop
      vertex 17.1592 -0.964318 6
      vertex 5.02281 -1.34586 6
      vertex 17.2284 -1.14805 6
    endloop
  endfacet
  facet normal 0 0 1
    outer loop
      vertex 4.92404 -1.67148 6
      vertex 17.2284 -1.14805 6
      vertex 5.02281 -1.34586 6
    endloop
  endfacet
  facet normal 0 0 1
    outer loop
      vertex 17.2284 -1.14805 6
      vertex 4.92404 -1.67148 6
      vertex 17.3094 -1.32687 6
    endloop
  endfacet
  facet normal 0 0 1
    outer loop
      vertex 17.3094 -1.32687 6
      vertex 4.92404 -1.67148 6
      vertex 16 -9 6
    endloop
  endfacet
  facet normal -0 0 1
    outer loop
      vertex 4.80417 -1.98995 6
      vertex 16 -9 6
      vertex 4.92404 -1.67148 6
    endloop
  endfacet
  facet normal -0 0 1
    outer loop
      vertex 4.66374 -2.2999 6
      vertex 16 -9 6
      vertex 4.80417 -1.98995 6
    endloop
  endfacet
  facet normal -0 0 1
    outer loop
      vertex 4.50333 -2.6 6
      vertex 16 -9 6
      vertex 4.66374 -2.2999 6
    endloop
  endfacet
  facet normal -0 0 1
    outer loop
      vertex 4.32364 -2.88896 6
      vertex 16 -9 6
      vertex 4.50333 -2.6 6
    endloop
  endfacet
  facet normal -0 0 1
    outer loop
      vertex 4.12544 -3.16556 6
      vertex 16 -9 6
      vertex 4.32364 -2.88896 6
    endloop
  endfacet
  facet normal 0 0 1
    outer loop
      vertex 3 -9 6
      vertex 4.12544 -3.16556 6
      vertex 3.90957 -3.4286 6
    endloop
  endfacet
  facet normal 0 0 1
    outer loop
      vertex 3 -9 6
      vertex 3.90957 -3.4286 6
      vertex 3.67696 -3.67696 6
    endloop
  endfacet
  facet normal 0 0 1
    outer loop
      vertex 3 -9 6
      vertex 3.67696 -3.67696 6
      vertex 3.4286 -3.90957 6
    endloop
  endfacet
  facet normal 0 0 1
    outer loop
      vertex 3 -9 6
      vertex 3.4286 -3.90957 6
      vertex 3.16556 -4.12544 6
    endloop
  endfacet
  facet normal 0 0 1
    outer loop
      vertex 3 -9 6
      vertex 3.16556 -4.12544 6
      vertex 3 -4.24407 6
    endloop
  endfacet
  facet normal 0 0 1
    outer loop
      vertex 4.12544 -3.16556 6
      vertex 3 -9 6
      vertex 16 -9 6
    endloop
  endfacet
  facet normal 0 0 1
    outer loop
      vertex -3.16556 -4.12544 6
      vertex -3 -9 6
      vertex -3 -4.24407 6
    endloop
  endfacet
  facet normal 0 0 1
    outer loop
      vertex -3.4286 -3.90957 6
      vertex -3 -9 6
      vertex -3.16556 -4.12544 6
    endloop
  endfacet
  facet normal 0 0 1
    outer loop
      vertex -3.67696 -3.67696 6
      vertex -3 -9 6
      vertex -3.4286 -3.90957 6
    endloop
  endfacet
  facet normal 0 0 1
    outer loop
      vertex -3.90957 -3.4286 6
      vertex -3 -9 6
      vertex -3.67696 -3.67696 6
    endloop
  endfacet
  facet normal 0 0 1
    outer loop
      vertex -4.12544 -3.16556 6
      vertex -3 -9 6
      vertex -3.90957 -3.4286 6
    endloop
  endfacet
  facet normal 0 0 1
    outer loop
      vertex -16 -9 6
      vertex -4.12544 -3.16556 6
      vertex -4.32364 -2.88896 6
    endloop
  endfacet
  facet normal 0 0 1
    outer loop
      vertex -16 -9 6
      vertex -4.32364 -2.88896 6
      vertex -4.50333 -2.6 6
    endloop
  endfacet
  facet normal 0 0 1
    outer loop
      vertex -16 -9 6
      vertex -4.50333 -2.6 6
      vertex -4.66374 -2.2999 6
    endloop
  endfacet
  facet normal 0 0 1
    outer loop
      vertex -16 -9 6
      vertex -4.66374 -2.2999 6
      vertex -4.80417 -1.98995 6
    endloop
  endfacet
  facet normal 0 0 1
    outer loop
      vertex -16 -9 6
      vertex -4.80417 -1.98995 6
      vertex -4.92404 -1.67148 6
    endloop
  endfacet
  facet normal 0 0 1
    outer loop
      vertex -17.2284 -1.14805 6
      vertex -4.92404 -1.67148 6
      vertex -5.02281 -1.34586 6
    endloop
  endfacet
  facet normal 0 -0 1
    outer loop
      vertex -17.0576 0.585271 6
      vertex -5.10008 1.01447 6
      vertex -17.1022 0.776457 6
    endloop
  endfacet
  facet normal 0 0 1
    outer loop
      vertex -5.10008 1.01447 6
      vertex -17.0576 0.585271 6
      vertex -5.15551 0.678736 6
    endloop
  endfacet
  facet normal 0 -0 1
    outer loop
      vertex -17.0257 0.391578 6
      vertex -5.15551 0.678736 6
      vertex -17.0576 0.585271 6
    endloop
  endfacet
  facet normal 0 0 1
    outer loop
      vertex -5.15551 0.678736 6
      vertex -17.0257 0.391578 6
      vertex -5.18887 0.340096 6
    endloop
  endfacet
  facet normal 0 -0 1
    outer loop
      vertex -17.0064 0.196209 6
      vertex -5.18887 0.340096 6
      vertex -17.0257 0.391578 6
    endloop
  endfacet
  facet normal 0 0 1
    outer loop
      vertex -5.2 0 6
      vertex -17.0064 -0.196209 6
      vertex -5.18887 -0.340096 6
    endloop
  endfacet
  facet normal 0 0 1
    outer loop
      vertex -18.1737 2.38006 6
      vertex -16 9 6
      vertex -16.5886 8.98073 6
    endloop
  endfacet
  facet normal 0 0 1
    outer loop
      vertex -5.15551 -0.678736 6
      vertex -17.0576 -0.585271 6
      vertex -5.10008 -1.01447 6
    endloop
  endfacet
  facet normal -0 0 1
    outer loop
      vertex -17.1022 -0.776457 6
      vertex -5.10008 -1.01447 6
      vertex -17.0576 -0.585271 6
    endloop
  endfacet
  facet normal -0 0 1
    outer loop
      vertex -17.0576 -0.585271 6
      vertex -5.15551 -0.678736 6
      vertex -17.0257 -0.391578 6
    endloop
  endfacet
  facet normal 0 0 1
    outer loop
      vertex -5.18887 -0.340096 6
      vertex -17.0257 -0.391578 6
      vertex -5.15551 -0.678736 6
    endloop
  endfacet
  facet normal 0 0 1
    outer loop
      vertex -17.0257 -0.391578 6
      vertex -5.18887 -0.340096 6
      vertex -17.0064 -0.196209 6
    endloop
  endfacet
  facet normal 0 0 1
    outer loop
      vertex -17.0064 -0.196209 6
      vertex -5.2 0 6
      vertex -17 0 6
    endloop
  endfacet
  facet normal 0 -0 1
    outer loop
      vertex -17 0 6
      vertex -5.2 0 6
      vertex -17.0064 0.196209 6
    endloop
  endfacet
  facet normal 0 0 1
    outer loop
      vertex -18.3333 2.49441 6
      vertex -16.5886 8.98073 6
      vertex -17.1747 8.923 6
    endloop
  endfacet
  facet normal 0 0 1
    outer loop
      vertex -5.18887 0.340096 6
      vertex -17.0064 0.196209 6
      vertex -5.2 0 6
    endloop
  endfacet
  facet normal 0 0 1
    outer loop
      vertex -16 9 6
      vertex -17.3094 1.32687 6
      vertex -17.2284 1.14805 6
    endloop
  endfacet
  facet normal 0 0 1
    outer loop
      vertex -16 9 6
      vertex -17.4019 1.5 6
      vertex -17.3094 1.32687 6
    endloop
  endfacet
  facet normal 0 0 1
    outer loop
      vertex -16 9 6
      vertex -17.5056 1.66671 6
      vertex -17.4019 1.5 6
    endloop
  endfacet
  facet normal 0 0 1
    outer loop
      vertex -16 9 6
      vertex -17.6199 1.82628 6
      vertex -17.5056 1.66671 6
    endloop
  endfacet
  facet normal 0 0 1
    outer loop
      vertex -16 9 6
      vertex -17.7445 1.97804 6
      vertex -17.6199 1.82628 6
    endloop
  endfacet
  facet normal 0 0 1
    outer loop
      vertex -18.5 2.59808 6
      vertex -17.1747 8.923 6
      vertex -17.7558 8.82707 6
    endloop
  endfacet
  facet normal 0 0 1
    outer loop
      vertex -16 9 6
      vertex -17.8787 2.12132 6
      vertex -17.7445 1.97804 6
    endloop
  endfacet
  facet normal 0 0 1
    outer loop
      vertex -16 9 6
      vertex -18.022 2.25552 6
      vertex -17.8787 2.12132 6
    endloop
  endfacet
  facet normal 0 0 1
    outer loop
      vertex -16 9 6
      vertex -18.1737 2.38006 6
      vertex -18.022 2.25552 6
    endloop
  endfacet
  facet normal 0 0 1
    outer loop
      vertex -18.6731 2.69062 6
      vertex -17.7558 8.82707 6
      vertex -18.3294 8.69333 6
    endloop
  endfacet
  facet normal 0 0 1
    outer loop
      vertex -16.5886 8.98073 6
      vertex -18.3333 2.49441 6
      vertex -18.1737 2.38006 6
    endloop
  endfacet
  facet normal 0 0 1
    outer loop
      vertex -17.1747 8.923 6
      vertex -18.5 2.59808 6
      vertex -18.3333 2.49441 6
    endloop
  endfacet
  facet normal 0 0 1
    outer loop
      vertex -17.7558 8.82707 6
      vertex -18.6731 2.69062 6
      vertex -18.5 2.59808 6
    endloop
  endfacet
  facet normal 0 0 1
    outer loop
      vertex -18.3294 8.69333 6
      vertex -18.852 2.77164 6
      vertex -18.6731 2.69062 6
    endloop
  endfacet
  facet normal -0 0 1
    outer loop
      vertex -18.893 8.52237 6
      vertex -18.852 2.77164 6
      vertex -18.3294 8.69333 6
    endloop
  endfacet
  facet normal 0 0 1
    outer loop
      vertex -18.893 8.52237 6
      vertex -19.0357 2.84079 6
      vertex -18.852 2.77164 6
    endloop
  endfacet
  facet normal -0 0 1
    outer loop
      vertex -19.4441 8.31492 6
      vertex -19.0357 2.84079 6
      vertex -18.893 8.52237 6
    endloop
  endfacet
  facet normal 0 0 1
    outer loop
      vertex -19.0357 2.84079 6
      vertex -19.4441 8.31492 6
      vertex -19.2235 2.89778 6
    endloop
  endfacet
  facet normal -0 0 1
    outer loop
      vertex -19.9806 8.07185 6
      vertex -19.2235 2.89778 6
      vertex -19.4441 8.31492 6
    endloop
  endfacet
  facet normal 0 0 1
    outer loop
      vertex -19.2235 2.89778 6
      vertex -19.9806 8.07185 6
      vertex -19.4147 2.94236 6
    endloop
  endfacet
  facet normal -0 0 1
    outer loop
      vertex -20.5 7.79423 6
      vertex -19.4147 2.94236 6
      vertex -19.9806 8.07185 6
    endloop
  endfacet
  facet normal 0 0 1
    outer loop
      vertex -19.4147 2.94236 6
      vertex -20.5 7.79423 6
      vertex -19.6084 2.97433 6
    endloop
  endfacet
  facet normal -0 0 1
    outer loop
      vertex -21.0001 7.48323 6
      vertex -19.6084 2.97433 6
      vertex -20.5 7.79423 6
    endloop
  endfacet
  facet normal 0 0 1
    outer loop
      vertex -19.6084 2.97433 6
      vertex -21.0001 7.48323 6
      vertex -19.8038 2.99358 6
    endloop
  endfacet
  facet normal 0 0 1
    outer loop
      vertex -19.8038 2.99358 6
      vertex -21.0001 7.48323 6
      vertex -20 3 6
    endloop
  endfacet
  facet normal -0 0 1
    outer loop
      vertex -21.4789 7.14018 6
      vertex -20 3 6
      vertex -21.0001 7.48323 6
    endloop
  endfacet
  facet normal 0 0 1
    outer loop
      vertex -20 3 6
      vertex -21.4789 7.14018 6
      vertex -20.1962 2.99358 6
    endloop
  endfacet
  facet normal -0 0 1
    outer loop
      vertex -21.9341 6.76656 6
      vertex -20.1962 2.99358 6
      vertex -21.4789 7.14018 6
    endloop
  endfacet
  facet normal 0 0 1
    outer loop
      vertex -20.1962 2.99358 6
      vertex -21.9341 6.76656 6
      vertex -20.3916 2.97433 6
    endloop
  endfacet
  facet normal -0 0 1
    outer loop
      vertex -22.364 6.36396 6
      vertex -20.3916 2.97433 6
      vertex -21.9341 6.76656 6
    endloop
  endfacet
  facet normal 0 0 1
    outer loop
      vertex -20.3916 2.97433 6
      vertex -22.364 6.36396 6
      vertex -20.5853 2.94236 6
    endloop
  endfacet
  facet normal 0 0 1
    outer loop
      vertex -20.5853 2.94236 6
      vertex -22.364 6.36396 6
      vertex -20.7765 2.89778 6
    endloop
  endfacet
  facet normal -0 0 1
    outer loop
      vertex -22.7666 5.93411 6
      vertex -20.7765 2.89778 6
      vertex -22.364 6.36396 6
    endloop
  endfacet
  facet normal 0 0 1
    outer loop
      vertex -20.7765 2.89778 6
      vertex -22.7666 5.93411 6
      vertex -20.9643 2.84079 6
    endloop
  endfacet
  facet normal -0 0 1
    outer loop
      vertex -23.1402 5.47885 6
      vertex -20.9643 2.84079 6
      vertex -22.7666 5.93411 6
    endloop
  endfacet
  facet normal 0 0 1
    outer loop
      vertex -20.9643 2.84079 6
      vertex -23.1402 5.47885 6
      vertex -21.148 2.77164 6
    endloop
  endfacet
  facet normal 0 0 1
    outer loop
      vertex -21.148 2.77164 6
      vertex -23.1402 5.47885 6
      vertex -21.3269 2.69062 6
    endloop
  endfacet
  facet normal -0 0 1
    outer loop
      vertex -23.4832 5.00013 6
      vertex -21.3269 2.69062 6
      vertex -23.1402 5.47885 6
    endloop
  endfacet
  facet normal 0 0 1
    outer loop
      vertex -21.3269 2.69062 6
      vertex -23.4832 5.00013 6
      vertex -21.5 2.59808 6
    endloop
  endfacet
  facet normal -0 0 1
    outer loop
      vertex -23.7942 4.5 6
      vertex -21.5 2.59808 6
      vertex -23.4832 5.00013 6
    endloop
  endfacet
  facet normal 0 0 1
    outer loop
      vertex -21.5 2.59808 6
      vertex -23.7942 4.5 6
      vertex -21.6667 2.49441 6
    endloop
  endfacet
  facet normal 0 0 1
    outer loop
      vertex -21.6667 2.49441 6
      vertex -23.7942 4.5 6
      vertex -21.8263 2.38006 6
    endloop
  endfacet
  facet normal -0 0 1
    outer loop
      vertex -24.0719 3.9806 6
      vertex -21.8263 2.38006 6
      vertex -23.7942 4.5 6
    endloop
  endfacet
  facet normal 0 0 1
    outer loop
      vertex -21.8263 2.38006 6
      vertex -24.0719 3.9806 6
      vertex -21.978 2.25552 6
    endloop
  endfacet
  facet normal 0 0 1
    outer loop
      vertex -21.978 2.25552 6
      vertex -24.0719 3.9806 6
      vertex -22.1213 2.12132 6
    endloop
  endfacet
  facet normal -0 0 1
    outer loop
      vertex -24.3149 3.44415 6
      vertex -22.1213 2.12132 6
      vertex -24.0719 3.9806 6
    endloop
  endfacet
  facet normal 0 0 1
    outer loop
      vertex -22.1213 2.12132 6
      vertex -24.3149 3.44415 6
      vertex -22.2555 1.97804 6
    endloop
  endfacet
  facet normal -0 0 1
    outer loop
      vertex -24.5224 2.89295 6
      vertex -22.2555 1.97804 6
      vertex -24.3149 3.44415 6
    endloop
  endfacet
  facet normal 0 0 1
    outer loop
      vertex -22.2555 1.97804 6
      vertex -24.5224 2.89295 6
      vertex -22.3801 1.82628 6
    endloop
  endfacet
  facet normal 0 0 1
    outer loop
      vertex -22.3801 1.82628 6
      vertex -24.5224 2.89295 6
      vertex -22.4944 1.66671 6
    endloop
  endfacet
  facet normal -0 0 1
    outer loop
      vertex -24.6933 2.32937 6
      vertex -22.4944 1.66671 6
      vertex -24.5224 2.89295 6
    endloop
  endfacet
  facet normal 0 0 1
    outer loop
      vertex -22.4944 1.66671 6
      vertex -24.6933 2.32937 6
      vertex -22.5981 1.5 6
    endloop
  endfacet
  facet normal -0 0 1
    outer loop
      vertex -24.8271 1.75581 6
      vertex -22.6906 1.32687 6
      vertex -24.6933 2.32937 6
    endloop
  endfacet
  facet normal 0 0 1
    outer loop
      vertex -22.5981 1.5 6
      vertex -24.6933 2.32937 6
      vertex -22.6906 1.32687 6
    endloop
  endfacet
  facet normal 0 0 1
    outer loop
      vertex -5.10008 -1.01447 6
      vertex -17.1022 -0.776457 6
      vertex -5.02281 -1.34586 6
    endloop
  endfacet
  facet normal -0 0 1
    outer loop
      vertex -17.1592 -0.964318 6
      vertex -5.02281 -1.34586 6
      vertex -17.1022 -0.776457 6
    endloop
  endfacet
  facet normal -0 0 1
    outer loop
      vertex -17.2284 -1.14805 6
      vertex -5.02281 -1.34586 6
      vertex -17.1592 -0.964318 6
    endloop
  endfacet
  facet normal 0 0 1
    outer loop
      vertex -4.12544 -3.16556 6
      vertex -16 -9 6
      vertex -3 -9 6
    endloop
  endfacet
  facet normal 0 0 1
    outer loop
      vertex -4.92404 -1.67148 6
      vertex -17.2284 -1.14805 6
      vertex -17.3094 -1.32687 6
    endloop
  endfacet
  facet normal 0 0 1
    outer loop
      vertex -4.92404 -1.67148 6
      vertex -17.3094 -1.32687 6
      vertex -16 -9 6
    endloop
  endfacet
  facet normal -0 0 1
    outer loop
      vertex -17.4019 -1.5 6
      vertex -16 -9 6
      vertex -17.3094 -1.32687 6
    endloop
  endfacet
  facet normal -0 0 1
    outer loop
      vertex -17.5056 -1.66671 6
      vertex -16 -9 6
      vertex -17.4019 -1.5 6
    endloop
  endfacet
  facet normal -0 0 1
    outer loop
      vertex -17.6199 -1.82628 6
      vertex -16 -9 6
      vertex -17.5056 -1.66671 6
    endloop
  endfacet
  facet normal -0 0 1
    outer loop
      vertex -17.7445 -1.97804 6
      vertex -16 -9 6
      vertex -17.6199 -1.82628 6
    endloop
  endfacet
  facet normal -0 0 1
    outer loop
      vertex -17.8787 -2.12132 6
      vertex -16 -9 6
      vertex -17.7445 -1.97804 6
    endloop
  endfacet
  facet normal -0 0 1
    outer loop
      vertex -18.022 -2.25552 6
      vertex -16 -9 6
      vertex -17.8787 -2.12132 6
    endloop
  endfacet
  facet normal -0 0 1
    outer loop
      vertex -18.1737 -2.38006 6
      vertex -16 -9 6
      vertex -18.022 -2.25552 6
    endloop
  endfacet
  facet normal 0 0 1
    outer loop
      vertex -16 -9 6
      vertex -18.1737 -2.38006 6
      vertex -16.5886 -8.98073 6
    endloop
  endfacet
  facet normal -0 0 1
    outer loop
      vertex -18.3333 -2.49441 6
      vertex -16.5886 -8.98073 6
      vertex -18.1737 -2.38006 6
    endloop
  endfacet
  facet normal 0 0 1
    outer loop
      vertex -16.5886 -8.98073 6
      vertex -18.3333 -2.49441 6
      vertex -17.1747 -8.923 6
    endloop
  endfacet
  facet normal -0 0 1
    outer loop
      vertex -18.5 -2.59808 6
      vertex -17.1747 -8.923 6
      vertex -18.3333 -2.49441 6
    endloop
  endfacet
  facet normal 0 0 1
    outer loop
      vertex -17.1747 -8.923 6
      vertex -18.5 -2.59808 6
      vertex -17.7558 -8.82707 6
    endloop
  endfacet
  facet normal -0 0 1
    outer loop
      vertex -18.6731 -2.69062 6
      vertex -17.7558 -8.82707 6
      vertex -18.5 -2.59808 6
    endloop
  endfacet
  facet normal 0 0 1
    outer loop
      vertex -17.7558 -8.82707 6
      vertex -18.6731 -2.69062 6
      vertex -18.3294 -8.69333 6
    endloop
  endfacet
  facet normal -0 0 1
    outer loop
      vertex -18.852 -2.77164 6
      vertex -18.3294 -8.69333 6
      vertex -18.6731 -2.69062 6
    endloop
  endfacet
  facet normal 0 0 1
    outer loop
      vertex -18.852 -2.77164 6
      vertex -18.893 -8.52237 6
      vertex -18.3294 -8.69333 6
    endloop
  endfacet
  facet normal -0 0 1
    outer loop
      vertex -19.0357 -2.84079 6
      vertex -18.893 -8.52237 6
      vertex -18.852 -2.77164 6
    endloop
  endfacet
  facet normal 0 0 1
    outer loop
      vertex -19.4441 -8.31492 6
      vertex -19.0357 -2.84079 6
      vertex -19.2235 -2.89778 6
    endloop
  endfacet
  facet normal 0 0 1
    outer loop
      vertex -19.9806 -8.07185 6
      vertex -19.2235 -2.89778 6
      vertex -19.4147 -2.94236 6
    endloop
  endfacet
  facet normal 0 0 1
    outer loop
      vertex -19.0357 -2.84079 6
      vertex -19.4441 -8.31492 6
      vertex -18.893 -8.52237 6
    endloop
  endfacet
  facet normal 0 0 1
    outer loop
      vertex -20.5 -7.79423 6
      vertex -19.4147 -2.94236 6
      vertex -19.6084 -2.97433 6
    endloop
  endfacet
  facet normal 0 0 1
    outer loop
      vertex -21.0001 -7.48323 6
      vertex -19.6084 -2.97433 6
      vertex -19.8038 -2.99358 6
    endloop
  endfacet
  facet normal 0 0 1
    outer loop
      vertex -19.2235 -2.89778 6
      vertex -19.9806 -8.07185 6
      vertex -19.4441 -8.31492 6
    endloop
  endfacet
  facet normal 0 0 1
    outer loop
      vertex -21.0001 -7.48323 6
      vertex -19.8038 -2.99358 6
      vertex -20 -3 6
    endloop
  endfacet
  facet normal 0 0 1
    outer loop
      vertex -21.4789 -7.14018 6
      vertex -20 -3 6
      vertex -20.1962 -2.99358 6
    endloop
  endfacet
  facet normal 0 0 1
    outer loop
      vertex -21.9341 -6.76656 6
      vertex -20.1962 -2.99358 6
      vertex -20.3916 -2.97433 6
    endloop
  endfacet
  facet normal 0 0 1
    outer loop
      vertex -19.4147 -2.94236 6
      vertex -20.5 -7.79423 6
      vertex -19.9806 -8.07185 6
    endloop
  endfacet
  facet normal 0 0 1
    outer loop
      vertex -22.364 -6.36396 6
      vertex -20.3916 -2.97433 6
      vertex -20.5853 -2.94236 6
    endloop
  endfacet
  facet normal 0 0 1
    outer loop
      vertex -22.364 -6.36396 6
      vertex -20.5853 -2.94236 6
      vertex -20.7765 -2.89778 6
    endloop
  endfacet
  facet normal 0 0 1
    outer loop
      vertex -22.7666 -5.93411 6
      vertex -20.7765 -2.89778 6
      vertex -20.9643 -2.84079 6
    endloop
  endfacet
  facet normal 0 0 1
    outer loop
      vertex -19.6084 -2.97433 6
      vertex -21.0001 -7.48323 6
      vertex -20.5 -7.79423 6
    endloop
  endfacet
  facet normal 0 0 1
    outer loop
      vertex -23.1402 -5.47885 6
      vertex -20.9643 -2.84079 6
      vertex -21.148 -2.77164 6
    endloop
  endfacet
  facet normal 0 0 1
    outer loop
      vertex -23.1402 -5.47885 6
      vertex -21.148 -2.77164 6
      vertex -21.3269 -2.69062 6
    endloop
  endfacet
  facet normal 0 0 1
    outer loop
      vertex -20 -3 6
      vertex -21.4789 -7.14018 6
      vertex -21.0001 -7.48323 6
    endloop
  endfacet
  facet normal 0 0 1
    outer loop
      vertex -23.4832 -5.00013 6
      vertex -21.3269 -2.69062 6
      vertex -21.5 -2.59808 6
    endloop
  endfacet
  facet normal 0 0 1
    outer loop
      vertex -23.7942 -4.5 6
      vertex -21.5 -2.59808 6
      vertex -21.6667 -2.49441 6
    endloop
  endfacet
  facet normal 0 0 1
    outer loop
      vertex -23.7942 -4.5 6
      vertex -21.6667 -2.49441 6
      vertex -21.8263 -2.38006 6
    endloop
  endfacet
  facet normal 0 0 1
    outer loop
      vertex -20.1962 -2.99358 6
      vertex -21.9341 -6.76656 6
      vertex -21.4789 -7.14018 6
    endloop
  endfacet
  facet normal 0 0 1
    outer loop
      vertex -24.0719 -3.9806 6
      vertex -21.8263 -2.38006 6
      vertex -21.978 -2.25552 6
    endloop
  endfacet
  facet normal 0 0 1
    outer loop
      vertex -24.0719 -3.9806 6
      vertex -21.978 -2.25552 6
      vertex -22.1213 -2.12132 6
    endloop
  endfacet
  facet normal 0 0 1
    outer loop
      vertex -24.3149 -3.44415 6
      vertex -22.1213 -2.12132 6
      vertex -22.2555 -1.97804 6
    endloop
  endfacet
  facet normal 0 0 1
    outer loop
      vertex -20.3916 -2.97433 6
      vertex -22.364 -6.36396 6
      vertex -21.9341 -6.76656 6
    endloop
  endfacet
  facet normal 0 0 1
    outer loop
      vertex -24.5224 -2.89295 6
      vertex -22.2555 -1.97804 6
      vertex -22.3801 -1.82628 6
    endloop
  endfacet
  facet normal 0 0 1
    outer loop
      vertex -24.5224 -2.89295 6
      vertex -22.3801 -1.82628 6
      vertex -22.4944 -1.66671 6
    endloop
  endfacet
  facet normal 0 0 1
    outer loop
      vertex -24.6933 -2.32937 6
      vertex -22.4944 -1.66671 6
      vertex -22.5981 -1.5 6
    endloop
  endfacet
  facet normal 0 0 1
    outer loop
      vertex -24.6933 -2.32937 6
      vertex -22.5981 -1.5 6
      vertex -22.6906 -1.32687 6
    endloop
  endfacet
  facet normal 0 0 1
    outer loop
      vertex -20.7765 -2.89778 6
      vertex -22.7666 -5.93411 6
      vertex -22.364 -6.36396 6
    endloop
  endfacet
  facet normal 0 0 1
    outer loop
      vertex -24.8271 -1.75581 6
      vertex -22.6906 -1.32687 6
      vertex -22.7716 -1.14805 6
    endloop
  endfacet
  facet normal 0 0 1
    outer loop
      vertex -24.8271 -1.75581 6
      vertex -22.7716 -1.14805 6
      vertex -22.8408 -0.964318 6
    endloop
  endfacet
  facet normal 0 0 1
    outer loop
      vertex -24.923 -1.17474 6
      vertex -22.8408 -0.964318 6
      vertex -22.8978 -0.776457 6
    endloop
  endfacet
  facet normal 0 0 1
    outer loop
      vertex -24.923 -1.17474 6
      vertex -22.8978 -0.776457 6
      vertex -22.9424 -0.585271 6
    endloop
  endfacet
  facet normal 0 0 1
    outer loop
      vertex -24.9807 -0.588628 6
      vertex -22.9424 -0.585271 6
      vertex -22.9743 -0.391578 6
    endloop
  endfacet
  facet normal 0 0 1
    outer loop
      vertex -24.9807 -0.588628 6
      vertex -22.9743 -0.391578 6
      vertex -22.9936 -0.196209 6
    endloop
  endfacet
  facet normal 0 0 1
    outer loop
      vertex -20.9643 -2.84079 6
      vertex -23.1402 -5.47885 6
      vertex -22.7666 -5.93411 6
    endloop
  endfacet
  facet normal -0 0 1
    outer loop
      vertex -25 0 6
      vertex -22.9936 -0.196209 6
      vertex -23 0 6
    endloop
  endfacet
  facet normal 0 0 1
    outer loop
      vertex -22.6906 1.32687 6
      vertex -24.8271 1.75581 6
      vertex -22.7716 1.14805 6
    endloop
  endfacet
  facet normal 0 0 1
    outer loop
      vertex -22.7716 1.14805 6
      vertex -24.8271 1.75581 6
      vertex -22.8408 0.964318 6
    endloop
  endfacet
  facet normal 0 0 1
    outer loop
      vertex -21.3269 -2.69062 6
      vertex -23.4832 -5.00013 6
      vertex -23.1402 -5.47885 6
    endloop
  endfacet
  facet normal -0 0 1
    outer loop
      vertex -24.923 1.17474 6
      vertex -22.8408 0.964318 6
      vertex -24.8271 1.75581 6
    endloop
  endfacet
  facet normal 0 0 1
    outer loop
      vertex -21.5 -2.59808 6
      vertex -23.7942 -4.5 6
      vertex -23.4832 -5.00013 6
    endloop
  endfacet
  facet normal 0 0 1
    outer loop
      vertex -22.8408 0.964318 6
      vertex -24.923 1.17474 6
      vertex -22.8978 0.776457 6
    endloop
  endfacet
  facet normal 0 0 1
    outer loop
      vertex -21.8263 -2.38006 6
      vertex -24.0719 -3.9806 6
      vertex -23.7942 -4.5 6
    endloop
  endfacet
  facet normal 0 0 1
    outer loop
      vertex -22.8978 0.776457 6
      vertex -24.923 1.17474 6
      vertex -22.9424 0.585271 6
    endloop
  endfacet
  facet normal 0 0 1
    outer loop
      vertex -22.1213 -2.12132 6
      vertex -24.3149 -3.44415 6
      vertex -24.0719 -3.9806 6
    endloop
  endfacet
  facet normal -0 0 1
    outer loop
      vertex -24.9807 0.588628 6
      vertex -22.9424 0.585271 6
      vertex -24.923 1.17474 6
    endloop
  endfacet
  facet normal 0 0 1
    outer loop
      vertex -22.2555 -1.97804 6
      vertex -24.5224 -2.89295 6
      vertex -24.3149 -3.44415 6
    endloop
  endfacet
  facet normal 0 0 1
    outer loop
      vertex -22.9424 0.585271 6
      vertex -24.9807 0.588628 6
      vertex -22.9743 0.391578 6
    endloop
  endfacet
  facet normal 0 0 1
    outer loop
      vertex -22.4944 -1.66671 6
      vertex -24.6933 -2.32937 6
      vertex -24.5224 -2.89295 6
    endloop
  endfacet
  facet normal 0 0 1
    outer loop
      vertex -22.9743 0.391578 6
      vertex -24.9807 0.588628 6
      vertex -22.9936 0.196209 6
    endloop
  endfacet
  facet normal 0 0 1
    outer loop
      vertex -22.6906 -1.32687 6
      vertex -24.8271 -1.75581 6
      vertex -24.6933 -2.32937 6
    endloop
  endfacet
  facet normal 0 0 1
    outer loop
      vertex -25 0 6
      vertex -22.9936 0.196209 6
      vertex -24.9807 0.588628 6
    endloop
  endfacet
  facet normal 0 0 1
    outer loop
      vertex -22.8408 -0.964318 6
      vertex -24.923 -1.17474 6
      vertex -24.8271 -1.75581 6
    endloop
  endfacet
  facet normal 0 0 1
    outer loop
      vertex -22.9936 0.196209 6
      vertex -25 0 6
      vertex -23 0 6
    endloop
  endfacet
  facet normal 0 0 1
    outer loop
      vertex -22.9424 -0.585271 6
      vertex -24.9807 -0.588628 6
      vertex -24.923 -1.17474 6
    endloop
  endfacet
  facet normal 0 0 1
    outer loop
      vertex -22.9936 -0.196209 6
      vertex -25 0 6
      vertex -24.9807 -0.588628 6
    endloop
  endfacet
  facet normal -0 0 1
    outer loop
      vertex 22.9936 0.196209 6
      vertex 25 0 6
      vertex 24.9807 0.588628 6
    endloop
  endfacet
  facet normal 0 0 1
    outer loop
      vertex 22.9424 0.585271 6
      vertex 24.9807 0.588628 6
      vertex 24.923 1.17474 6
    endloop
  endfacet
  facet normal 0 0 1
    outer loop
      vertex 25 0 6
      vertex 22.9936 0.196209 6
      vertex 23 0 6
    endloop
  endfacet
  facet normal 0 0 1
    outer loop
      vertex 22.8408 0.964318 6
      vertex 24.923 1.17474 6
      vertex 24.8271 1.75581 6
    endloop
  endfacet
  facet normal 0 0 1
    outer loop
      vertex 22.9936 -0.196209 6
      vertex 25 0 6
      vertex 23 0 6
    endloop
  endfacet
  facet normal 0 0 1
    outer loop
      vertex 22.6906 1.32687 6
      vertex 24.8271 1.75581 6
      vertex 24.6933 2.32937 6
    endloop
  endfacet
  facet normal 0 0 1
    outer loop
      vertex 25 0 6
      vertex 22.9936 -0.196209 6
      vertex 24.9807 -0.588628 6
    endloop
  endfacet
  facet normal 0 0 1
    outer loop
      vertex 22.4944 1.66671 6
      vertex 24.6933 2.32937 6
      vertex 24.5224 2.89295 6
    endloop
  endfacet
  facet normal -0 0 1
    outer loop
      vertex 22.9743 -0.391578 6
      vertex 24.9807 -0.588628 6
      vertex 22.9936 -0.196209 6
    endloop
  endfacet
  facet normal 0 0 1
    outer loop
      vertex 22.2555 1.97804 6
      vertex 24.5224 2.89295 6
      vertex 24.3149 3.44415 6
    endloop
  endfacet
  facet normal -0 0 1
    outer loop
      vertex 22.9424 -0.585271 6
      vertex 24.9807 -0.588628 6
      vertex 22.9743 -0.391578 6
    endloop
  endfacet
  facet normal 0 0 1
    outer loop
      vertex 22.1213 2.12132 6
      vertex 24.3149 3.44415 6
      vertex 24.0719 3.9806 6
    endloop
  endfacet
  facet normal 0 0 1
    outer loop
      vertex 24.9807 -0.588628 6
      vertex 22.9424 -0.585271 6
      vertex 24.923 -1.17474 6
    endloop
  endfacet
  facet normal 0 0 1
    outer loop
      vertex 21.8263 2.38006 6
      vertex 24.0719 3.9806 6
      vertex 23.7942 4.5 6
    endloop
  endfacet
  facet normal -0 0 1
    outer loop
      vertex 22.8978 -0.776457 6
      vertex 24.923 -1.17474 6
      vertex 22.9424 -0.585271 6
    endloop
  endfacet
  facet normal 0 0 1
    outer loop
      vertex 21.5 2.59808 6
      vertex 23.7942 4.5 6
      vertex 23.4832 5.00013 6
    endloop
  endfacet
  facet normal 0 0 1
    outer loop
      vertex 24.923 -1.17474 6
      vertex 22.8408 -0.964318 6
      vertex 24.8271 -1.75581 6
    endloop
  endfacet
  facet normal 0 0 1
    outer loop
      vertex 21.3269 2.69062 6
      vertex 23.4832 5.00013 6
      vertex 23.1402 5.47885 6
    endloop
  endfacet
  facet normal -0 0 1
    outer loop
      vertex 22.7716 -1.14805 6
      vertex 24.8271 -1.75581 6
      vertex 22.8408 -0.964318 6
    endloop
  endfacet
  facet normal -0 0 1
    outer loop
      vertex 22.6906 -1.32687 6
      vertex 24.8271 -1.75581 6
      vertex 22.7716 -1.14805 6
    endloop
  endfacet
  facet normal -0 0 1
    outer loop
      vertex 22.8408 -0.964318 6
      vertex 24.923 -1.17474 6
      vertex 22.8978 -0.776457 6
    endloop
  endfacet
  facet normal 0 0 1
    outer loop
      vertex 24.9807 0.588628 6
      vertex 22.9743 0.391578 6
      vertex 22.9936 0.196209 6
    endloop
  endfacet
  facet normal 0 0 1
    outer loop
      vertex 24.9807 0.588628 6
      vertex 22.9424 0.585271 6
      vertex 22.9743 0.391578 6
    endloop
  endfacet
  facet normal 0 0 1
    outer loop
      vertex 24.923 1.17474 6
      vertex 22.8978 0.776457 6
      vertex 22.9424 0.585271 6
    endloop
  endfacet
  facet normal 0 0 1
    outer loop
      vertex 24.923 1.17474 6
      vertex 22.8408 0.964318 6
      vertex 22.8978 0.776457 6
    endloop
  endfacet
  facet normal 0 0 1
    outer loop
      vertex 24.8271 1.75581 6
      vertex 22.7716 1.14805 6
      vertex 22.8408 0.964318 6
    endloop
  endfacet
  facet normal 0 0 1
    outer loop
      vertex 20.9643 2.84079 6
      vertex 23.1402 5.47885 6
      vertex 22.7666 5.93411 6
    endloop
  endfacet
  facet normal 0 0 1
    outer loop
      vertex 24.8271 1.75581 6
      vertex 22.6906 1.32687 6
      vertex 22.7716 1.14805 6
    endloop
  endfacet
  facet normal 0 0 1
    outer loop
      vertex 24.6933 2.32937 6
      vertex 22.5981 1.5 6
      vertex 22.6906 1.32687 6
    endloop
  endfacet
  facet normal 0 0 1
    outer loop
      vertex 24.6933 2.32937 6
      vertex 22.4944 1.66671 6
      vertex 22.5981 1.5 6
    endloop
  endfacet
  facet normal 0 0 1
    outer loop
      vertex 24.5224 2.89295 6
      vertex 22.3801 1.82628 6
      vertex 22.4944 1.66671 6
    endloop
  endfacet
  facet normal 0 0 1
    outer loop
      vertex 20.7765 2.89778 6
      vertex 22.7666 5.93411 6
      vertex 22.364 6.36396 6
    endloop
  endfacet
  facet normal 0 0 1
    outer loop
      vertex 24.5224 2.89295 6
      vertex 22.2555 1.97804 6
      vertex 22.3801 1.82628 6
    endloop
  endfacet
  facet normal 0 0 1
    outer loop
      vertex 24.3149 3.44415 6
      vertex 22.1213 2.12132 6
      vertex 22.2555 1.97804 6
    endloop
  endfacet
  facet normal 0 0 1
    outer loop
      vertex 24.0719 3.9806 6
      vertex 21.978 2.25552 6
      vertex 22.1213 2.12132 6
    endloop
  endfacet
  facet normal 0 0 1
    outer loop
      vertex 20.3916 2.97433 6
      vertex 22.364 6.36396 6
      vertex 21.9341 6.76656 6
    endloop
  endfacet
  facet normal 0 0 1
    outer loop
      vertex 24.0719 3.9806 6
      vertex 21.8263 2.38006 6
      vertex 21.978 2.25552 6
    endloop
  endfacet
  facet normal 0 0 1
    outer loop
      vertex 23.7942 4.5 6
      vertex 21.6667 2.49441 6
      vertex 21.8263 2.38006 6
    endloop
  endfacet
  facet normal 0 0 1
    outer loop
      vertex 23.7942 4.5 6
      vertex 21.5 2.59808 6
      vertex 21.6667 2.49441 6
    endloop
  endfacet
  facet normal 0 0 1
    outer loop
      vertex 20.1962 2.99358 6
      vertex 21.9341 6.76656 6
      vertex 21.4789 7.14018 6
    endloop
  endfacet
  facet normal 0 0 1
    outer loop
      vertex 23.4832 5.00013 6
      vertex 21.3269 2.69062 6
      vertex 21.5 2.59808 6
    endloop
  endfacet
  facet normal 0 0 1
    outer loop
      vertex 23.1402 5.47885 6
      vertex 21.148 2.77164 6
      vertex 21.3269 2.69062 6
    endloop
  endfacet
  facet normal 0 0 1
    outer loop
      vertex 20 3 6
      vertex 21.4789 7.14018 6
      vertex 21.0001 7.48323 6
    endloop
  endfacet
  facet normal 0 0 1
    outer loop
      vertex 23.1402 5.47885 6
      vertex 20.9643 2.84079 6
      vertex 21.148 2.77164 6
    endloop
  endfacet
  facet normal 0 0 1
    outer loop
      vertex 22.7666 5.93411 6
      vertex 20.7765 2.89778 6
      vertex 20.9643 2.84079 6
    endloop
  endfacet
  facet normal 0 0 1
    outer loop
      vertex 22.364 6.36396 6
      vertex 20.5853 2.94236 6
      vertex 20.7765 2.89778 6
    endloop
  endfacet
  facet normal 0 0 1
    outer loop
      vertex 19.6084 2.97433 6
      vertex 21.0001 7.48323 6
      vertex 20.5 7.79423 6
    endloop
  endfacet
  facet normal 0 0 1
    outer loop
      vertex 22.364 6.36396 6
      vertex 20.3916 2.97433 6
      vertex 20.5853 2.94236 6
    endloop
  endfacet
  facet normal 0 0 1
    outer loop
      vertex 21.9341 6.76656 6
      vertex 20.1962 2.99358 6
      vertex 20.3916 2.97433 6
    endloop
  endfacet
  facet normal 0 0 1
    outer loop
      vertex 21.4789 7.14018 6
      vertex 20 3 6
      vertex 20.1962 2.99358 6
    endloop
  endfacet
  facet normal 0 0 1
    outer loop
      vertex 19.4147 2.94236 6
      vertex 20.5 7.79423 6
      vertex 19.9806 8.07185 6
    endloop
  endfacet
  facet normal 0 0 1
    outer loop
      vertex 21.0001 7.48323 6
      vertex 19.8038 2.99358 6
      vertex 20 3 6
    endloop
  endfacet
  facet normal 0 0 1
    outer loop
      vertex 21.0001 7.48323 6
      vertex 19.6084 2.97433 6
      vertex 19.8038 2.99358 6
    endloop
  endfacet
  facet normal 0 0 1
    outer loop
      vertex 19.2235 2.89778 6
      vertex 19.9806 8.07185 6
      vertex 19.4441 8.31492 6
    endloop
  endfacet
  facet normal 0 0 1
    outer loop
      vertex 20.5 7.79423 6
      vertex 19.4147 2.94236 6
      vertex 19.6084 2.97433 6
    endloop
  endfacet
  facet normal 0 0 1
    outer loop
      vertex 19.9806 8.07185 6
      vertex 19.2235 2.89778 6
      vertex 19.4147 2.94236 6
    endloop
  endfacet
  facet normal 0 0 1
    outer loop
      vertex 19.4441 8.31492 6
      vertex 19.0357 2.84079 6
      vertex 19.2235 2.89778 6
    endloop
  endfacet
  facet normal 0 0 1
    outer loop
      vertex 18.893 8.52237 6
      vertex 19.0357 2.84079 6
      vertex 19.4441 8.31492 6
    endloop
  endfacet
  facet normal 0 0 1
    outer loop
      vertex 18.893 8.52237 6
      vertex 18.852 2.77164 6
      vertex 19.0357 2.84079 6
    endloop
  endfacet
  facet normal 0 0 1
    outer loop
      vertex 18.3294 8.69333 6
      vertex 18.852 2.77164 6
      vertex 18.893 8.52237 6
    endloop
  endfacet
  facet normal 0 0 1
    outer loop
      vertex 18.852 2.77164 6
      vertex 18.3294 8.69333 6
      vertex 18.6731 2.69062 6
    endloop
  endfacet
  facet normal 0 0 1
    outer loop
      vertex 17.7558 8.82707 6
      vertex 18.6731 2.69062 6
      vertex 18.3294 8.69333 6
    endloop
  endfacet
  facet normal 0 0 1
    outer loop
      vertex 18.6731 2.69062 6
      vertex 17.7558 8.82707 6
      vertex 18.5 2.59808 6
    endloop
  endfacet
  facet normal 0 0 1
    outer loop
      vertex 17.1747 8.923 6
      vertex 18.5 2.59808 6
      vertex 17.7558 8.82707 6
    endloop
  endfacet
  facet normal 0 0 1
    outer loop
      vertex 18.5 2.59808 6
      vertex 17.1747 8.923 6
      vertex 18.3333 2.49441 6
    endloop
  endfacet
  facet normal 0 0 1
    outer loop
      vertex 16.5886 8.98073 6
      vertex 18.3333 2.49441 6
      vertex 17.1747 8.923 6
    endloop
  endfacet
  facet normal 0 0 1
    outer loop
      vertex 18.3333 2.49441 6
      vertex 16.5886 8.98073 6
      vertex 18.1737 2.38006 6
    endloop
  endfacet
  facet normal 0 0 1
    outer loop
      vertex 16 9 6
      vertex 18.1737 2.38006 6
      vertex 16.5886 8.98073 6
    endloop
  endfacet
  facet normal 0 0 1
    outer loop
      vertex 18.1737 2.38006 6
      vertex 16 9 6
      vertex 18.022 2.25552 6
    endloop
  endfacet
  facet normal 0 0 1
    outer loop
      vertex 18.022 2.25552 6
      vertex 16 9 6
      vertex 17.8787 2.12132 6
    endloop
  endfacet
  facet normal 0 0 1
    outer loop
      vertex 17.8787 2.12132 6
      vertex 16 9 6
      vertex 17.7445 1.97804 6
    endloop
  endfacet
  facet normal 0 0 1
    outer loop
      vertex 17.7445 1.97804 6
      vertex 16 9 6
      vertex 17.6199 1.82628 6
    endloop
  endfacet
  facet normal 0 0 1
    outer loop
      vertex 17.6199 1.82628 6
      vertex 16 9 6
      vertex 17.5056 1.66671 6
    endloop
  endfacet
  facet normal 0 0 1
    outer loop
      vertex 17.5056 1.66671 6
      vertex 16 9 6
      vertex 17.4019 1.5 6
    endloop
  endfacet
  facet normal 0 0 1
    outer loop
      vertex 17.4019 1.5 6
      vertex 16 9 6
      vertex 17.3094 1.32687 6
    endloop
  endfacet
  facet normal -0 0 1
    outer loop
      vertex 4.92404 1.67148 6
      vertex 17.3094 1.32687 6
      vertex 16 9 6
    endloop
  endfacet
  facet normal 0 0 1
    outer loop
      vertex 17.3094 1.32687 6
      vertex 4.92404 1.67148 6
      vertex 17.2284 1.14805 6
    endloop
  endfacet
  facet normal 0 0 1
    outer loop
      vertex 17.2284 1.14805 6
      vertex 4.92404 1.67148 6
      vertex 17.1592 0.964318 6
    endloop
  endfacet
  facet normal -0 -0 1
    outer loop
      vertex 5.02281 1.34586 6
      vertex 17.1592 0.964318 6
      vertex 4.92404 1.67148 6
    endloop
  endfacet
  facet normal 0 0 1
    outer loop
      vertex 17.1592 0.964318 6
      vertex 5.02281 1.34586 6
      vertex 17.1022 0.776457 6
    endloop
  endfacet
  facet normal -0 -0 1
    outer loop
      vertex 5.10008 1.01447 6
      vertex 17.1022 0.776457 6
      vertex 5.02281 1.34586 6
    endloop
  endfacet
  facet normal 0 0 1
    outer loop
      vertex 24.8271 -1.75581 6
      vertex 22.6906 -1.32687 6
      vertex 24.6933 -2.32937 6
    endloop
  endfacet
  facet normal -0 0 1
    outer loop
      vertex 22.5981 -1.5 6
      vertex 24.6933 -2.32937 6
      vertex 22.6906 -1.32687 6
    endloop
  endfacet
  facet normal -0 0 1
    outer loop
      vertex 22.4944 -1.66671 6
      vertex 24.6933 -2.32937 6
      vertex 22.5981 -1.5 6
    endloop
  endfacet
  facet normal 0 0 1
    outer loop
      vertex 24.6933 -2.32937 6
      vertex 22.4944 -1.66671 6
      vertex 24.5224 -2.89295 6
    endloop
  endfacet
  facet normal -0 0 1
    outer loop
      vertex 22.3801 -1.82628 6
      vertex 24.5224 -2.89295 6
      vertex 22.4944 -1.66671 6
    endloop
  endfacet
  facet normal -0 0 1
    outer loop
      vertex 22.2555 -1.97804 6
      vertex 24.5224 -2.89295 6
      vertex 22.3801 -1.82628 6
    endloop
  endfacet
  facet normal 0 0 1
    outer loop
      vertex 24.5224 -2.89295 6
      vertex 22.2555 -1.97804 6
      vertex 24.3149 -3.44415 6
    endloop
  endfacet
  facet normal -0 0 1
    outer loop
      vertex 22.1213 -2.12132 6
      vertex 24.3149 -3.44415 6
      vertex 22.2555 -1.97804 6
    endloop
  endfacet
  facet normal 0 0 1
    outer loop
      vertex 24.3149 -3.44415 6
      vertex 22.1213 -2.12132 6
      vertex 24.0719 -3.9806 6
    endloop
  endfacet
  facet normal -0 0 1
    outer loop
      vertex 21.978 -2.25552 6
      vertex 24.0719 -3.9806 6
      vertex 22.1213 -2.12132 6
    endloop
  endfacet
  facet normal -0 0 1
    outer loop
      vertex 21.8263 -2.38006 6
      vertex 24.0719 -3.9806 6
      vertex 21.978 -2.25552 6
    endloop
  endfacet
  facet normal 0 0 1
    outer loop
      vertex 24.0719 -3.9806 6
      vertex 21.8263 -2.38006 6
      vertex 23.7942 -4.5 6
    endloop
  endfacet
  facet normal -0 0 1
    outer loop
      vertex 21.6667 -2.49441 6
      vertex 23.7942 -4.5 6
      vertex 21.8263 -2.38006 6
    endloop
  endfacet
  facet normal -0 0 1
    outer loop
      vertex 21.5 -2.59808 6
      vertex 23.7942 -4.5 6
      vertex 21.6667 -2.49441 6
    endloop
  endfacet
  facet normal 0 0 1
    outer loop
      vertex 23.7942 -4.5 6
      vertex 21.5 -2.59808 6
      vertex 23.4832 -5.00013 6
    endloop
  endfacet
  facet normal -0 0 1
    outer loop
      vertex 21.3269 -2.69062 6
      vertex 23.4832 -5.00013 6
      vertex 21.5 -2.59808 6
    endloop
  endfacet
  facet normal 0 0 1
    outer loop
      vertex 23.4832 -5.00013 6
      vertex 21.3269 -2.69062 6
      vertex 23.1402 -5.47885 6
    endloop
  endfacet
  facet normal -0 0 1
    outer loop
      vertex 21.148 -2.77164 6
      vertex 23.1402 -5.47885 6
      vertex 21.3269 -2.69062 6
    endloop
  endfacet
  facet normal -0 0 1
    outer loop
      vertex 20.9643 -2.84079 6
      vertex 23.1402 -5.47885 6
      vertex 21.148 -2.77164 6
    endloop
  endfacet
  facet normal 0 0 1
    outer loop
      vertex 23.1402 -5.47885 6
      vertex 20.9643 -2.84079 6
      vertex 22.7666 -5.93411 6
    endloop
  endfacet
  facet normal -0 0 1
    outer loop
      vertex 20.7765 -2.89778 6
      vertex 22.7666 -5.93411 6
      vertex 20.9643 -2.84079 6
    endloop
  endfacet
  facet normal 0 0 1
    outer loop
      vertex 22.7666 -5.93411 6
      vertex 20.7765 -2.89778 6
      vertex 22.364 -6.36396 6
    endloop
  endfacet
  facet normal -0 0 1
    outer loop
      vertex 20.5853 -2.94236 6
      vertex 22.364 -6.36396 6
      vertex 20.7765 -2.89778 6
    endloop
  endfacet
  facet normal -0 0 1
    outer loop
      vertex 20.3916 -2.97433 6
      vertex 22.364 -6.36396 6
      vertex 20.5853 -2.94236 6
    endloop
  endfacet
  facet normal 0 0 1
    outer loop
      vertex 22.364 -6.36396 6
      vertex 20.3916 -2.97433 6
      vertex 21.9341 -6.76656 6
    endloop
  endfacet
  facet normal -0 0 1
    outer loop
      vertex 20.1962 -2.99358 6
      vertex 21.9341 -6.76656 6
      vertex 20.3916 -2.97433 6
    endloop
  endfacet
  facet normal 0 0 1
    outer loop
      vertex 21.9341 -6.76656 6
      vertex 20.1962 -2.99358 6
      vertex 21.4789 -7.14018 6
    endloop
  endfacet
  facet normal -0 0 1
    outer loop
      vertex 20 -3 6
      vertex 21.4789 -7.14018 6
      vertex 20.1962 -2.99358 6
    endloop
  endfacet
  facet normal 0 0 1
    outer loop
      vertex 21.4789 -7.14018 6
      vertex 20 -3 6
      vertex 21.0001 -7.48323 6
    endloop
  endfacet
  facet normal 0 0 1
    outer loop
      vertex 19.8038 -2.99358 6
      vertex 21.0001 -7.48323 6
      vertex 20 -3 6
    endloop
  endfacet
  facet normal 0 0 1
    outer loop
      vertex 19.6084 -2.97433 6
      vertex 21.0001 -7.48323 6
      vertex 19.8038 -2.99358 6
    endloop
  endfacet
  facet normal 0 0 1
    outer loop
      vertex 21.0001 -7.48323 6
      vertex 19.6084 -2.97433 6
      vertex 20.5 -7.79423 6
    endloop
  endfacet
  facet normal 0 0 1
    outer loop
      vertex 19.4147 -2.94236 6
      vertex 20.5 -7.79423 6
      vertex 19.6084 -2.97433 6
    endloop
  endfacet
  facet normal 0 0 1
    outer loop
      vertex 20.5 -7.79423 6
      vertex 19.4147 -2.94236 6
      vertex 19.9806 -8.07185 6
    endloop
  endfacet
  facet normal 0 0 1
    outer loop
      vertex 19.2235 -2.89778 6
      vertex 19.9806 -8.07185 6
      vertex 19.4147 -2.94236 6
    endloop
  endfacet
  facet normal 0 0 1
    outer loop
      vertex 19.9806 -8.07185 6
      vertex 19.2235 -2.89778 6
      vertex 19.4441 -8.31492 6
    endloop
  endfacet
  facet normal 0 0 1
    outer loop
      vertex 19.0357 -2.84079 6
      vertex 19.4441 -8.31492 6
      vertex 19.2235 -2.89778 6
    endloop
  endfacet
  facet normal 0 0 1
    outer loop
      vertex 19.0357 -2.84079 6
      vertex 18.893 -8.52237 6
      vertex 19.4441 -8.31492 6
    endloop
  endfacet
  facet normal 0 0 1
    outer loop
      vertex 18.852 -2.77164 6
      vertex 18.893 -8.52237 6
      vertex 19.0357 -2.84079 6
    endloop
  endfacet
  facet normal 0 0 1
    outer loop
      vertex 18.3294 -8.69333 6
      vertex 18.852 -2.77164 6
      vertex 18.6731 -2.69062 6
    endloop
  endfacet
  facet normal 0 0 1
    outer loop
      vertex 17.7558 -8.82707 6
      vertex 18.6731 -2.69062 6
      vertex 18.5 -2.59808 6
    endloop
  endfacet
  facet normal 0 0 1
    outer loop
      vertex 17.1747 -8.923 6
      vertex 18.5 -2.59808 6
      vertex 18.3333 -2.49441 6
    endloop
  endfacet
  facet normal 0 0 1
    outer loop
      vertex 18.852 -2.77164 6
      vertex 18.3294 -8.69333 6
      vertex 18.893 -8.52237 6
    endloop
  endfacet
  facet normal 0 0 1
    outer loop
      vertex 16.5886 -8.98073 6
      vertex 18.3333 -2.49441 6
      vertex 18.1737 -2.38006 6
    endloop
  endfacet
  facet normal 0 0 1
    outer loop
      vertex 16 -9 6
      vertex 18.1737 -2.38006 6
      vertex 18.022 -2.25552 6
    endloop
  endfacet
  facet normal 0 0 1
    outer loop
      vertex 16 -9 6
      vertex 18.022 -2.25552 6
      vertex 17.8787 -2.12132 6
    endloop
  endfacet
  facet normal 0 0 1
    outer loop
      vertex 18.6731 -2.69062 6
      vertex 17.7558 -8.82707 6
      vertex 18.3294 -8.69333 6
    endloop
  endfacet
  facet normal 0 0 1
    outer loop
      vertex 16 -9 6
      vertex 17.8787 -2.12132 6
      vertex 17.7445 -1.97804 6
    endloop
  endfacet
  facet normal 0 0 1
    outer loop
      vertex 16 -9 6
      vertex 17.7445 -1.97804 6
      vertex 17.6199 -1.82628 6
    endloop
  endfacet
  facet normal 0 0 1
    outer loop
      vertex 16 -9 6
      vertex 17.6199 -1.82628 6
      vertex 17.5056 -1.66671 6
    endloop
  endfacet
  facet normal 0 0 1
    outer loop
      vertex 16 -9 6
      vertex 17.5056 -1.66671 6
      vertex 17.4019 -1.5 6
    endloop
  endfacet
  facet normal 0 0 1
    outer loop
      vertex 16 -9 6
      vertex 17.4019 -1.5 6
      vertex 17.3094 -1.32687 6
    endloop
  endfacet
  facet normal 0 0 1
    outer loop
      vertex 5.02281 -1.34586 6
      vertex 17.1022 -0.776457 6
      vertex 5.10008 -1.01447 6
    endloop
  endfacet
  facet normal 0 0 1
    outer loop
      vertex 18.5 -2.59808 6
      vertex 17.1747 -8.923 6
      vertex 17.7558 -8.82707 6
    endloop
  endfacet
  facet normal 0 0 1
    outer loop
      vertex 5.10008 -1.01447 6
      vertex 17.0576 -0.585271 6
      vertex 5.15551 -0.678736 6
    endloop
  endfacet
  facet normal 0 0 1
    outer loop
      vertex 17.0257 -0.391578 6
      vertex 5.15551 -0.678736 6
      vertex 17.0576 -0.585271 6
    endloop
  endfacet
  facet normal 0 0 1
    outer loop
      vertex 5.15551 -0.678736 6
      vertex 17.0257 -0.391578 6
      vertex 5.18887 -0.340096 6
    endloop
  endfacet
  facet normal 0 0 1
    outer loop
      vertex 17.0064 -0.196209 6
      vertex 5.18887 -0.340096 6
      vertex 17.0257 -0.391578 6
    endloop
  endfacet
  facet normal 0 0 1
    outer loop
      vertex 5.18887 -0.340096 6
      vertex 17.0064 -0.196209 6
      vertex 5.2 0 6
    endloop
  endfacet
  facet normal -0 0 1
    outer loop
      vertex 5.2 0 6
      vertex 17.0064 -0.196209 6
      vertex 17 0 6
    endloop
  endfacet
  facet normal 0 0 1
    outer loop
      vertex 17.1022 0.776457 6
      vertex 5.10008 1.01447 6
      vertex 17.0576 0.585271 6
    endloop
  endfacet
  facet normal 0 0 1
    outer loop
      vertex 18.3333 -2.49441 6
      vertex 16.5886 -8.98073 6
      vertex 17.1747 -8.923 6
    endloop
  endfacet
  facet normal -0 -0 1
    outer loop
      vertex 5.15551 0.678736 6
      vertex 17.0576 0.585271 6
      vertex 5.10008 1.01447 6
    endloop
  endfacet
  facet normal 0 0 1
    outer loop
      vertex 18.1737 -2.38006 6
      vertex 16 -9 6
      vertex 16.5886 -8.98073 6
    endloop
  endfacet
  facet normal 0 0 1
    outer loop
      vertex 17.0576 -0.585271 6
      vertex 5.10008 -1.01447 6
      vertex 17.1022 -0.776457 6
    endloop
  endfacet
  facet normal 0 0 1
    outer loop
      vertex 17.0064 0.196209 6
      vertex 5.2 0 6
      vertex 17 0 6
    endloop
  endfacet
  facet normal 0 -0 1
    outer loop
      vertex 5.2 0 6
      vertex 17.0064 0.196209 6
      vertex 5.18887 0.340096 6
    endloop
  endfacet
  facet normal 0 0 1
    outer loop
      vertex 17.0257 0.391578 6
      vertex 5.18887 0.340096 6
      vertex 17.0064 0.196209 6
    endloop
  endfacet
  facet normal 0 -0 1
    outer loop
      vertex 5.18887 0.340096 6
      vertex 17.0257 0.391578 6
      vertex 5.15551 0.678736 6
    endloop
  endfacet
  facet normal 0 0 1
    outer loop
      vertex 17.0576 0.585271 6
      vertex 5.15551 0.678736 6
      vertex 17.0257 0.391578 6
    endloop
  endfacet
  facet normal 0 0 1
    outer loop
      vertex 16 9 6
      vertex 4.80417 1.98995 6
      vertex 4.92404 1.67148 6
    endloop
  endfacet
  facet normal 0 0 1
    outer loop
      vertex 16 9 6
      vertex 4.66374 2.2999 6
      vertex 4.80417 1.98995 6
    endloop
  endfacet
  facet normal 0 0 1
    outer loop
      vertex 16 9 6
      vertex 4.50333 2.6 6
      vertex 4.66374 2.2999 6
    endloop
  endfacet
  facet normal 0 0 1
    outer loop
      vertex 16 9 6
      vertex 4.32364 2.88896 6
      vertex 4.50333 2.6 6
    endloop
  endfacet
  facet normal 0 0 1
    outer loop
      vertex 16 9 6
      vertex 4.12544 3.16556 6
      vertex 4.32364 2.88896 6
    endloop
  endfacet
  facet normal 0 0 1
    outer loop
      vertex 16 9 6
      vertex 3.90957 3.4286 6
      vertex 4.12544 3.16556 6
    endloop
  endfacet
  facet normal 0 0 1
    outer loop
      vertex 16 9 6
      vertex 3.67696 3.67696 6
      vertex 3.90957 3.4286 6
    endloop
  endfacet
  facet normal 0 0 1
    outer loop
      vertex 16 9 6
      vertex 3.4286 3.90957 6
      vertex 3.67696 3.67696 6
    endloop
  endfacet
  facet normal 0 0 1
    outer loop
      vertex 16 9 6
      vertex 3.16556 4.12544 6
      vertex 3.4286 3.90957 6
    endloop
  endfacet
  facet normal 0 0 1
    outer loop
      vertex 16 9 6
      vertex 2.88896 4.32364 6
      vertex 3.16556 4.12544 6
    endloop
  endfacet
  facet normal 0 0 1
    outer loop
      vertex 16 9 6
      vertex 2.6 4.50333 6
      vertex 2.88896 4.32364 6
    endloop
  endfacet
  facet normal 0 0 1
    outer loop
      vertex 16 9 6
      vertex 2.2999 4.66374 6
      vertex 2.6 4.50333 6
    endloop
  endfacet
  facet normal 0 0 1
    outer loop
      vertex 16 9 6
      vertex 1.98995 4.80417 6
      vertex 2.2999 4.66374 6
    endloop
  endfacet
  facet normal 0 0 1
    outer loop
      vertex 16 9 6
      vertex 1.67148 4.92404 6
      vertex 1.98995 4.80417 6
    endloop
  endfacet
  facet normal 0 0 1
    outer loop
      vertex 16 9 6
      vertex 1.34586 5.02281 6
      vertex 1.67148 4.92404 6
    endloop
  endfacet
  facet normal 0 0 1
    outer loop
      vertex 16 9 6
      vertex 1.01447 5.10008 6
      vertex 1.34586 5.02281 6
    endloop
  endfacet
  facet normal 0 0 1
    outer loop
      vertex 16 9 6
      vertex 0.678736 5.15551 6
      vertex 1.01447 5.10008 6
    endloop
  endfacet
  facet normal 0 0 1
    outer loop
      vertex 16 9 6
      vertex 0.340096 5.18887 6
      vertex 0.678736 5.15551 6
    endloop
  endfacet
  facet normal 0 0 1
    outer loop
      vertex 16 9 6
      vertex 0 5.2 6
      vertex 0.340096 5.18887 6
    endloop
  endfacet
  facet normal -0 0 1
    outer loop
      vertex -16 9 6
      vertex 0 5.2 6
      vertex 16 9 6
    endloop
  endfacet
  facet normal 0 0 1
    outer loop
      vertex 0 5.2 6
      vertex -16 9 6
      vertex -0.340096 5.18887 6
    endloop
  endfacet
  facet normal 0 0 1
    outer loop
      vertex -0.340096 5.18887 6
      vertex -16 9 6
      vertex -0.678736 5.15551 6
    endloop
  endfacet
  facet normal 0 0 1
    outer loop
      vertex -5.02281 1.34586 6
      vertex -17.1022 0.776457 6
      vertex -5.10008 1.01447 6
    endloop
  endfacet
  facet normal 0 -0 1
    outer loop
      vertex -17.1022 0.776457 6
      vertex -5.02281 1.34586 6
      vertex -17.1592 0.964318 6
    endloop
  endfacet
  facet normal 0 -0 1
    outer loop
      vertex -17.1592 0.964318 6
      vertex -5.02281 1.34586 6
      vertex -17.2284 1.14805 6
    endloop
  endfacet
  facet normal 0 0 1
    outer loop
      vertex -4.92404 1.67148 6
      vertex -17.2284 1.14805 6
      vertex -5.02281 1.34586 6
    endloop
  endfacet
  facet normal 0 0 1
    outer loop
      vertex -17.2284 1.14805 6
      vertex -4.92404 1.67148 6
      vertex -16 9 6
    endloop
  endfacet
  facet normal 0 0 1
    outer loop
      vertex -4.80417 1.98995 6
      vertex -16 9 6
      vertex -4.92404 1.67148 6
    endloop
  endfacet
  facet normal 0 0 1
    outer loop
      vertex -4.66374 2.2999 6
      vertex -16 9 6
      vertex -4.80417 1.98995 6
    endloop
  endfacet
  facet normal 0 0 1
    outer loop
      vertex -4.50333 2.6 6
      vertex -16 9 6
      vertex -4.66374 2.2999 6
    endloop
  endfacet
  facet normal 0 0 1
    outer loop
      vertex -4.32364 2.88896 6
      vertex -16 9 6
      vertex -4.50333 2.6 6
    endloop
  endfacet
  facet normal 0 0 1
    outer loop
      vertex -4.12544 3.16556 6
      vertex -16 9 6
      vertex -4.32364 2.88896 6
    endloop
  endfacet
  facet normal 0 0 1
    outer loop
      vertex -3.90957 3.4286 6
      vertex -16 9 6
      vertex -4.12544 3.16556 6
    endloop
  endfacet
  facet normal 0 0 1
    outer loop
      vertex -3.67696 3.67696 6
      vertex -16 9 6
      vertex -3.90957 3.4286 6
    endloop
  endfacet
  facet normal 0 0 1
    outer loop
      vertex -3.4286 3.90957 6
      vertex -16 9 6
      vertex -3.67696 3.67696 6
    endloop
  endfacet
  facet normal 0 0 1
    outer loop
      vertex -3.16556 4.12544 6
      vertex -16 9 6
      vertex -3.4286 3.90957 6
    endloop
  endfacet
  facet normal 0 0 1
    outer loop
      vertex -2.88896 4.32364 6
      vertex -16 9 6
      vertex -3.16556 4.12544 6
    endloop
  endfacet
  facet normal 0 0 1
    outer loop
      vertex -2.6 4.50333 6
      vertex -16 9 6
      vertex -2.88896 4.32364 6
    endloop
  endfacet
  facet normal 0 0 1
    outer loop
      vertex -2.2999 4.66374 6
      vertex -16 9 6
      vertex -2.6 4.50333 6
    endloop
  endfacet
  facet normal 0 0 1
    outer loop
      vertex -1.98995 4.80417 6
      vertex -16 9 6
      vertex -2.2999 4.66374 6
    endloop
  endfacet
  facet normal 0 0 1
    outer loop
      vertex -1.67148 4.92404 6
      vertex -16 9 6
      vertex -1.98995 4.80417 6
    endloop
  endfacet
  facet normal 0 0 1
    outer loop
      vertex -1.34586 5.02281 6
      vertex -16 9 6
      vertex -1.67148 4.92404 6
    endloop
  endfacet
  facet normal 0 0 1
    outer loop
      vertex -1.01447 5.10008 6
      vertex -16 9 6
      vertex -1.34586 5.02281 6
    endloop
  endfacet
  facet normal 0 0 1
    outer loop
      vertex -0.678736 5.15551 6
      vertex -16 9 6
      vertex -1.01447 5.10008 6
    endloop
  endfacet
endsolid OpenSCAD_Model
