solid OpenSCAD_Model
  facet normal 0.290385 -0.95691 0
    outer loop
      vertex -20.9643 2.84079 0
      vertex -20.7765 2.89778 4
      vertex -20.9643 2.84079 4
    endloop
  endfacet
  facet normal 0.290385 -0.95691 0
    outer loop
      vertex -20.7765 2.89778 4
      vertex -20.9643 2.84079 0
      vertex -20.7765 2.89778 0
    endloop
  endfacet
  facet normal -0.995156 -0.0983089 0
    outer loop
      vertex -17.0064 0.196209 0
      vertex -17.0257 0.391578 4
      vertex -17.0257 0.391578 0
    endloop
  endfacet
  facet normal -0.995156 -0.0983089 0
    outer loop
      vertex -17.0257 0.391578 4
      vertex -17.0064 0.196209 0
      vertex -17.0064 0.196209 4
    endloop
  endfacet
  facet normal -0.999468 -0.0326009 0
    outer loop
      vertex -17 0 0
      vertex -17.0064 0.196209 4
      vertex -17.0064 0.196209 0
    endloop
  endfacet
  facet normal -0.999468 -0.0326009 0
    outer loop
      vertex -17.0064 0.196209 4
      vertex -17 0 0
      vertex -17 0 4
    endloop
  endfacet
  facet normal -0.986708 -0.162504 0
    outer loop
      vertex -17.0257 0.391578 0
      vertex -17.0576 0.585271 4
      vertex -17.0576 0.585271 0
    endloop
  endfacet
  facet normal -0.986708 -0.162504 0
    outer loop
      vertex -17.0576 0.585271 4
      vertex -17.0257 0.391578 0
      vertex -17.0257 0.391578 4
    endloop
  endfacet
  facet normal -0.528102 0.849181 0
    outer loop
      vertex -18.3333 -2.49441 0
      vertex -18.5 -2.59808 4
      vertex -18.3333 -2.49441 4
    endloop
  endfacet
  facet normal -0.528102 0.849181 0
    outer loop
      vertex -18.5 -2.59808 4
      vertex -18.3333 -2.49441 0
      vertex -18.5 -2.59808 0
    endloop
  endfacet
  facet normal -0.471461 0.881887 0
    outer loop
      vertex -18.5 -2.59808 0
      vertex -18.6731 -2.69062 4
      vertex -18.5 -2.59808 4
    endloop
  endfacet
  facet normal -0.471461 0.881887 0
    outer loop
      vertex -18.6731 -2.69062 4
      vertex -18.5 -2.59808 0
      vertex -18.6731 -2.69062 0
    endloop
  endfacet
  facet normal -0.582418 0.812889 0
    outer loop
      vertex -18.1737 -2.38006 0
      vertex -18.3333 -2.49441 4
      vertex -18.1737 -2.38006 4
    endloop
  endfacet
  facet normal -0.582418 0.812889 0
    outer loop
      vertex -18.3333 -2.49441 4
      vertex -18.1737 -2.38006 0
      vertex -18.3333 -2.49441 0
    endloop
  endfacet
  facet normal -0.849127 -0.528189 0
    outer loop
      vertex -17.4019 1.5 0
      vertex -17.5056 1.66671 4
      vertex -17.5056 1.66671 0
    endloop
  endfacet
  facet normal -0.849127 -0.528189 0
    outer loop
      vertex -17.5056 1.66671 4
      vertex -17.4019 1.5 0
      vertex -17.4019 1.5 4
    endloop
  endfacet
  facet normal 0.0327042 0.999465 -0
    outer loop
      vertex -20 -3 0
      vertex -20.1962 -2.99358 4
      vertex -20 -3 4
    endloop
  endfacet
  facet normal 0.0327042 0.999465 0
    outer loop
      vertex -20.1962 -2.99358 4
      vertex -20 -3 0
      vertex -20.1962 -2.99358 0
    endloop
  endfacet
  facet normal -0.956922 0.290345 0
    outer loop
      vertex -17.1592 -0.964318 0
      vertex -17.1022 -0.776457 4
      vertex -17.1022 -0.776457 0
    endloop
  endfacet
  facet normal -0.956922 0.290345 0
    outer loop
      vertex -17.1022 -0.776457 4
      vertex -17.1592 -0.964318 0
      vertex -17.1592 -0.964318 4
    endloop
  endfacet
  facet normal -0.935825 -0.352465 0
    outer loop
      vertex -17.1592 0.964318 0
      vertex -17.2284 1.14805 4
      vertex -17.2284 1.14805 0
    endloop
  endfacet
  facet normal -0.935825 -0.352465 0
    outer loop
      vertex -17.2284 1.14805 4
      vertex -17.1592 0.964318 0
      vertex -17.1592 0.964318 4
    endloop
  endfacet
  facet normal -0.973853 -0.227181 0
    outer loop
      vertex -17.0576 0.585271 0
      vertex -17.1022 0.776457 4
      vertex -17.1022 0.776457 0
    endloop
  endfacet
  facet normal -0.973853 -0.227181 0
    outer loop
      vertex -17.1022 0.776457 4
      vertex -17.0576 0.585271 0
      vertex -17.0576 0.585271 4
    endloop
  endfacet
  facet normal 0.471461 0.881887 -0
    outer loop
      vertex -21.3269 -2.69062 0
      vertex -21.5 -2.59808 4
      vertex -21.3269 -2.69062 4
    endloop
  endfacet
  facet normal 0.471461 0.881887 0
    outer loop
      vertex -21.5 -2.59808 4
      vertex -21.3269 -2.69062 0
      vertex -21.5 -2.59808 0
    endloop
  endfacet
  facet normal 0.995156 -0.0983089 0
    outer loop
      vertex -22.9936 0.196209 4
      vertex -22.9743 0.391578 0
      vertex -22.9743 0.391578 4
    endloop
  endfacet
  facet normal 0.995156 -0.0983089 0
    outer loop
      vertex -22.9743 0.391578 0
      vertex -22.9936 0.196209 4
      vertex -22.9936 0.196209 0
    endloop
  endfacet
  facet normal 0.973853 -0.227181 0
    outer loop
      vertex -22.9424 0.585271 4
      vertex -22.8978 0.776457 0
      vertex -22.8978 0.776457 4
    endloop
  endfacet
  facet normal 0.973853 -0.227181 0
    outer loop
      vertex -22.8978 0.776457 0
      vertex -22.9424 0.585271 4
      vertex -22.9424 0.585271 0
    endloop
  endfacet
  facet normal -0.0327042 0.999465 0
    outer loop
      vertex -19.8038 -2.99358 0
      vertex -20 -3 4
      vertex -19.8038 -2.99358 4
    endloop
  endfacet
  facet normal -0.0327042 0.999465 0
    outer loop
      vertex -20 -3 4
      vertex -19.8038 -2.99358 0
      vertex -20 -3 0
    endloop
  endfacet
  facet normal -0.729855 -0.683602 0
    outer loop
      vertex -17.7445 1.97804 0
      vertex -17.8787 2.12132 4
      vertex -17.8787 2.12132 0
    endloop
  endfacet
  facet normal -0.729855 -0.683602 0
    outer loop
      vertex -17.8787 2.12132 4
      vertex -17.7445 1.97804 0
      vertex -17.7445 1.97804 4
    endloop
  endfacet
  facet normal 0.882006 -0.471239 0
    outer loop
      vertex -22.6906 1.32687 4
      vertex -22.5981 1.5 0
      vertex -22.5981 1.5 4
    endloop
  endfacet
  facet normal 0.882006 -0.471239 0
    outer loop
      vertex -22.5981 1.5 0
      vertex -22.6906 1.32687 4
      vertex -22.6906 1.32687 0
    endloop
  endfacet
  facet normal -0.582418 -0.812889 0
    outer loop
      vertex -18.3333 2.49441 0
      vertex -18.1737 2.38006 4
      vertex -18.3333 2.49441 4
    endloop
  endfacet
  facet normal -0.582418 -0.812889 -0
    outer loop
      vertex -18.1737 2.38006 4
      vertex -18.3333 2.49441 0
      vertex -18.1737 2.38006 0
    endloop
  endfacet
  facet normal 0.935825 0.352465 0
    outer loop
      vertex -22.7716 -1.14805 4
      vertex -22.8408 -0.964318 0
      vertex -22.8408 -0.964318 4
    endloop
  endfacet
  facet normal 0.935825 0.352465 0
    outer loop
      vertex -22.8408 -0.964318 0
      vertex -22.7716 -1.14805 4
      vertex -22.7716 -1.14805 0
    endloop
  endfacet
  facet normal 0.683551 -0.729902 0
    outer loop
      vertex -22.1213 2.12132 0
      vertex -21.978 2.25552 4
      vertex -22.1213 2.12132 4
    endloop
  endfacet
  facet normal 0.683551 -0.729902 0
    outer loop
      vertex -21.978 2.25552 4
      vertex -22.1213 2.12132 0
      vertex -21.978 2.25552 0
    endloop
  endfacet
  facet normal 0.849127 -0.528189 0
    outer loop
      vertex -22.5981 1.5 4
      vertex -22.4944 1.66671 0
      vertex -22.4944 1.66671 4
    endloop
  endfacet
  facet normal 0.849127 -0.528189 0
    outer loop
      vertex -22.4944 1.66671 0
      vertex -22.5981 1.5 4
      vertex -22.5981 1.5 0
    endloop
  endfacet
  facet normal -0.729855 0.683602 0
    outer loop
      vertex -17.8787 -2.12132 0
      vertex -17.7445 -1.97804 4
      vertex -17.7445 -1.97804 0
    endloop
  endfacet
  facet normal -0.729855 0.683602 0
    outer loop
      vertex -17.7445 -1.97804 4
      vertex -17.8787 -2.12132 0
      vertex -17.8787 -2.12132 4
    endloop
  endfacet
  facet normal 0.162846 0.986652 -0
    outer loop
      vertex -20.3916 -2.97433 0
      vertex -20.5853 -2.94236 4
      vertex -20.3916 -2.97433 4
    endloop
  endfacet
  facet normal 0.162846 0.986652 0
    outer loop
      vertex -20.5853 -2.94236 4
      vertex -20.3916 -2.97433 0
      vertex -20.5853 -2.94236 0
    endloop
  endfacet
  facet normal 0.849127 0.528189 0
    outer loop
      vertex -22.4944 -1.66671 4
      vertex -22.5981 -1.5 0
      vertex -22.5981 -1.5 4
    endloop
  endfacet
  facet normal 0.849127 0.528189 0
    outer loop
      vertex -22.5981 -1.5 0
      vertex -22.4944 -1.66671 4
      vertex -22.4944 -1.66671 0
    endloop
  endfacet
  facet normal 0.956922 0.290345 0
    outer loop
      vertex -22.8408 -0.964318 4
      vertex -22.8978 -0.776457 0
      vertex -22.8978 -0.776457 4
    endloop
  endfacet
  facet normal 0.956922 0.290345 0
    outer loop
      vertex -22.8978 -0.776457 0
      vertex -22.8408 -0.964318 4
      vertex -22.8408 -0.964318 0
    endloop
  endfacet
  facet normal -0.162846 0.986652 0
    outer loop
      vertex -19.4147 -2.94236 0
      vertex -19.6084 -2.97433 4
      vertex -19.4147 -2.94236 4
    endloop
  endfacet
  facet normal -0.162846 0.986652 0
    outer loop
      vertex -19.6084 -2.97433 4
      vertex -19.4147 -2.94236 0
      vertex -19.6084 -2.97433 0
    endloop
  endfacet
  facet normal 0.812958 -0.582322 0
    outer loop
      vertex -22.4944 1.66671 4
      vertex -22.3801 1.82628 0
      vertex -22.3801 1.82628 4
    endloop
  endfacet
  facet normal 0.812958 -0.582322 0
    outer loop
      vertex -22.3801 1.82628 0
      vertex -22.4944 1.66671 4
      vertex -22.4944 1.66671 0
    endloop
  endfacet
  facet normal -0.772876 -0.634557 0
    outer loop
      vertex -17.6199 1.82628 0
      vertex -17.7445 1.97804 4
      vertex -17.7445 1.97804 0
    endloop
  endfacet
  facet normal -0.772876 -0.634557 0
    outer loop
      vertex -17.7445 1.97804 4
      vertex -17.6199 1.82628 0
      vertex -17.6199 1.82628 4
    endloop
  endfacet
  facet normal 0.683551 0.729902 -0
    outer loop
      vertex -21.978 -2.25552 0
      vertex -22.1213 -2.12132 4
      vertex -21.978 -2.25552 4
    endloop
  endfacet
  facet normal 0.683551 0.729902 0
    outer loop
      vertex -22.1213 -2.12132 4
      vertex -21.978 -2.25552 0
      vertex -22.1213 -2.12132 0
    endloop
  endfacet
  facet normal 0.352296 -0.935889 0
    outer loop
      vertex -21.148 2.77164 0
      vertex -20.9643 2.84079 4
      vertex -21.148 2.77164 4
    endloop
  endfacet
  facet normal 0.352296 -0.935889 0
    outer loop
      vertex -20.9643 2.84079 4
      vertex -21.148 2.77164 0
      vertex -20.9643 2.84079 0
    endloop
  endfacet
  facet normal -0.352296 -0.935889 0
    outer loop
      vertex -19.0357 2.84079 0
      vertex -18.852 2.77164 4
      vertex -19.0357 2.84079 4
    endloop
  endfacet
  facet normal -0.352296 -0.935889 -0
    outer loop
      vertex -18.852 2.77164 4
      vertex -19.0357 2.84079 0
      vertex -18.852 2.77164 0
    endloop
  endfacet
  facet normal -0.0980413 0.995182 0
    outer loop
      vertex -19.6084 -2.97433 0
      vertex -19.8038 -2.99358 4
      vertex -19.6084 -2.97433 4
    endloop
  endfacet
  facet normal -0.0980413 0.995182 0
    outer loop
      vertex -19.8038 -2.99358 4
      vertex -19.6084 -2.97433 0
      vertex -19.8038 -2.99358 0
    endloop
  endfacet
  facet normal -0.528102 -0.849181 0
    outer loop
      vertex -18.5 2.59808 0
      vertex -18.3333 2.49441 4
      vertex -18.5 2.59808 4
    endloop
  endfacet
  facet normal -0.528102 -0.849181 -0
    outer loop
      vertex -18.3333 2.49441 4
      vertex -18.5 2.59808 0
      vertex -18.3333 2.49441 0
    endloop
  endfacet
  facet normal 0.995156 0.0983089 0
    outer loop
      vertex -22.9743 -0.391578 4
      vertex -22.9936 -0.196209 0
      vertex -22.9936 -0.196209 4
    endloop
  endfacet
  facet normal 0.995156 0.0983089 0
    outer loop
      vertex -22.9936 -0.196209 0
      vertex -22.9743 -0.391578 4
      vertex -22.9743 -0.391578 0
    endloop
  endfacet
  facet normal -0.986708 0.162504 0
    outer loop
      vertex -17.0576 -0.585271 0
      vertex -17.0257 -0.391578 4
      vertex -17.0257 -0.391578 0
    endloop
  endfacet
  facet normal -0.986708 0.162504 0
    outer loop
      vertex -17.0257 -0.391578 4
      vertex -17.0576 -0.585271 0
      vertex -17.0576 -0.585271 4
    endloop
  endfacet
  facet normal -0.812958 -0.582322 0
    outer loop
      vertex -17.5056 1.66671 0
      vertex -17.6199 1.82628 4
      vertex -17.6199 1.82628 0
    endloop
  endfacet
  facet normal -0.812958 -0.582322 0
    outer loop
      vertex -17.6199 1.82628 4
      vertex -17.5056 1.66671 0
      vertex -17.5056 1.66671 4
    endloop
  endfacet
  facet normal -0.634524 -0.772903 0
    outer loop
      vertex -18.1737 2.38006 0
      vertex -18.022 2.25552 4
      vertex -18.1737 2.38006 4
    endloop
  endfacet
  facet normal -0.634524 -0.772903 -0
    outer loop
      vertex -18.022 2.25552 4
      vertex -18.1737 2.38006 0
      vertex -18.022 2.25552 0
    endloop
  endfacet
  facet normal -0.849127 0.528189 0
    outer loop
      vertex -17.5056 -1.66671 0
      vertex -17.4019 -1.5 4
      vertex -17.4019 -1.5 0
    endloop
  endfacet
  facet normal -0.849127 0.528189 0
    outer loop
      vertex -17.4019 -1.5 4
      vertex -17.5056 -1.66671 0
      vertex -17.5056 -1.66671 4
    endloop
  endfacet
  facet normal -0.882006 -0.471239 0
    outer loop
      vertex -17.3094 1.32687 0
      vertex -17.4019 1.5 4
      vertex -17.4019 1.5 0
    endloop
  endfacet
  facet normal -0.882006 -0.471239 0
    outer loop
      vertex -17.4019 1.5 4
      vertex -17.3094 1.32687 0
      vertex -17.3094 1.32687 4
    endloop
  endfacet
  facet normal -0.910906 -0.412613 0
    outer loop
      vertex -17.2284 1.14805 0
      vertex -17.3094 1.32687 4
      vertex -17.3094 1.32687 0
    endloop
  endfacet
  facet normal -0.910906 -0.412613 0
    outer loop
      vertex -17.3094 1.32687 4
      vertex -17.2284 1.14805 0
      vertex -17.2284 1.14805 4
    endloop
  endfacet
  facet normal 0.528102 -0.849181 0
    outer loop
      vertex -21.6667 2.49441 0
      vertex -21.5 2.59808 4
      vertex -21.6667 2.49441 4
    endloop
  endfacet
  facet normal 0.528102 -0.849181 0
    outer loop
      vertex -21.5 2.59808 4
      vertex -21.6667 2.49441 0
      vertex -21.5 2.59808 0
    endloop
  endfacet
  facet normal -0.956922 -0.290345 0
    outer loop
      vertex -17.1022 0.776457 0
      vertex -17.1592 0.964318 4
      vertex -17.1592 0.964318 0
    endloop
  endfacet
  facet normal -0.956922 -0.290345 0
    outer loop
      vertex -17.1592 0.964318 4
      vertex -17.1022 0.776457 0
      vertex -17.1022 0.776457 4
    endloop
  endfacet
  facet normal -0.290385 0.95691 0
    outer loop
      vertex -19.0357 -2.84079 0
      vertex -19.2235 -2.89778 4
      vertex -19.0357 -2.84079 4
    endloop
  endfacet
  facet normal -0.290385 0.95691 0
    outer loop
      vertex -19.2235 -2.89778 4
      vertex -19.0357 -2.84079 0
      vertex -19.2235 -2.89778 0
    endloop
  endfacet
  facet normal -0.772876 0.634557 0
    outer loop
      vertex -17.7445 -1.97804 0
      vertex -17.6199 -1.82628 4
      vertex -17.6199 -1.82628 0
    endloop
  endfacet
  facet normal -0.772876 0.634557 0
    outer loop
      vertex -17.6199 -1.82628 4
      vertex -17.7445 -1.97804 0
      vertex -17.7445 -1.97804 4
    endloop
  endfacet
  facet normal -0.882006 0.471239 0
    outer loop
      vertex -17.4019 -1.5 0
      vertex -17.3094 -1.32687 4
      vertex -17.3094 -1.32687 0
    endloop
  endfacet
  facet normal -0.882006 0.471239 0
    outer loop
      vertex -17.3094 -1.32687 4
      vertex -17.4019 -1.5 0
      vertex -17.4019 -1.5 4
    endloop
  endfacet
  facet normal 0.634524 0.772903 -0
    outer loop
      vertex -21.8263 -2.38006 0
      vertex -21.978 -2.25552 4
      vertex -21.8263 -2.38006 4
    endloop
  endfacet
  facet normal 0.634524 0.772903 0
    outer loop
      vertex -21.978 -2.25552 4
      vertex -21.8263 -2.38006 0
      vertex -21.978 -2.25552 0
    endloop
  endfacet
  facet normal 0.0327042 -0.999465 0
    outer loop
      vertex -20.1962 2.99358 0
      vertex -20 3 4
      vertex -20.1962 2.99358 4
    endloop
  endfacet
  facet normal 0.0327042 -0.999465 0
    outer loop
      vertex -20 3 4
      vertex -20.1962 2.99358 0
      vertex -20 3 0
    endloop
  endfacet
  facet normal 0.973853 0.227181 0
    outer loop
      vertex -22.8978 -0.776457 4
      vertex -22.9424 -0.585271 0
      vertex -22.9424 -0.585271 4
    endloop
  endfacet
  facet normal 0.973853 0.227181 0
    outer loop
      vertex -22.9424 -0.585271 0
      vertex -22.8978 -0.776457 4
      vertex -22.8978 -0.776457 0
    endloop
  endfacet
  facet normal 0.729855 0.683602 0
    outer loop
      vertex -22.1213 -2.12132 4
      vertex -22.2555 -1.97804 0
      vertex -22.2555 -1.97804 4
    endloop
  endfacet
  facet normal 0.729855 0.683602 0
    outer loop
      vertex -22.2555 -1.97804 0
      vertex -22.1213 -2.12132 4
      vertex -22.1213 -2.12132 0
    endloop
  endfacet
  facet normal -0.973853 0.227181 0
    outer loop
      vertex -17.1022 -0.776457 0
      vertex -17.0576 -0.585271 4
      vertex -17.0576 -0.585271 0
    endloop
  endfacet
  facet normal -0.973853 0.227181 0
    outer loop
      vertex -17.0576 -0.585271 4
      vertex -17.1022 -0.776457 0
      vertex -17.1022 -0.776457 4
    endloop
  endfacet
  facet normal 0.935825 -0.352465 0
    outer loop
      vertex -22.8408 0.964318 4
      vertex -22.7716 1.14805 0
      vertex -22.7716 1.14805 4
    endloop
  endfacet
  facet normal 0.935825 -0.352465 0
    outer loop
      vertex -22.7716 1.14805 0
      vertex -22.8408 0.964318 4
      vertex -22.8408 0.964318 0
    endloop
  endfacet
  facet normal 0.162846 -0.986652 0
    outer loop
      vertex -20.5853 2.94236 0
      vertex -20.3916 2.97433 4
      vertex -20.5853 2.94236 4
    endloop
  endfacet
  facet normal 0.162846 -0.986652 0
    outer loop
      vertex -20.3916 2.97433 4
      vertex -20.5853 2.94236 0
      vertex -20.3916 2.97433 0
    endloop
  endfacet
  facet normal -0.352296 0.935889 0
    outer loop
      vertex -18.852 -2.77164 0
      vertex -19.0357 -2.84079 4
      vertex -18.852 -2.77164 4
    endloop
  endfacet
  facet normal -0.352296 0.935889 0
    outer loop
      vertex -19.0357 -2.84079 4
      vertex -18.852 -2.77164 0
      vertex -19.0357 -2.84079 0
    endloop
  endfacet
  facet normal 0.986708 0.162504 0
    outer loop
      vertex -22.9424 -0.585271 4
      vertex -22.9743 -0.391578 0
      vertex -22.9743 -0.391578 4
    endloop
  endfacet
  facet normal 0.986708 0.162504 0
    outer loop
      vertex -22.9743 -0.391578 0
      vertex -22.9424 -0.585271 4
      vertex -22.9424 -0.585271 0
    endloop
  endfacet
  facet normal -0.995156 0.0983089 0
    outer loop
      vertex -17.0257 -0.391578 0
      vertex -17.0064 -0.196209 4
      vertex -17.0064 -0.196209 0
    endloop
  endfacet
  facet normal -0.995156 0.0983089 0
    outer loop
      vertex -17.0064 -0.196209 4
      vertex -17.0257 -0.391578 0
      vertex -17.0257 -0.391578 4
    endloop
  endfacet
  facet normal 0.528102 0.849181 -0
    outer loop
      vertex -21.5 -2.59808 0
      vertex -21.6667 -2.49441 4
      vertex -21.5 -2.59808 4
    endloop
  endfacet
  facet normal 0.528102 0.849181 0
    outer loop
      vertex -21.6667 -2.49441 4
      vertex -21.5 -2.59808 0
      vertex -21.6667 -2.49441 0
    endloop
  endfacet
  facet normal 0.0980413 -0.995182 0
    outer loop
      vertex -20.3916 2.97433 0
      vertex -20.1962 2.99358 4
      vertex -20.3916 2.97433 4
    endloop
  endfacet
  facet normal 0.0980413 -0.995182 0
    outer loop
      vertex -20.1962 2.99358 4
      vertex -20.3916 2.97433 0
      vertex -20.1962 2.99358 0
    endloop
  endfacet
  facet normal -0.227069 -0.973879 0
    outer loop
      vertex -19.4147 2.94236 0
      vertex -19.2235 2.89778 4
      vertex -19.4147 2.94236 4
    endloop
  endfacet
  facet normal -0.227069 -0.973879 -0
    outer loop
      vertex -19.2235 2.89778 4
      vertex -19.4147 2.94236 0
      vertex -19.2235 2.89778 0
    endloop
  endfacet
  facet normal -0.910906 0.412613 0
    outer loop
      vertex -17.3094 -1.32687 0
      vertex -17.2284 -1.14805 4
      vertex -17.2284 -1.14805 0
    endloop
  endfacet
  facet normal -0.910906 0.412613 0
    outer loop
      vertex -17.2284 -1.14805 4
      vertex -17.3094 -1.32687 0
      vertex -17.3094 -1.32687 4
    endloop
  endfacet
  facet normal -0.0980413 -0.995182 0
    outer loop
      vertex -19.8038 2.99358 0
      vertex -19.6084 2.97433 4
      vertex -19.8038 2.99358 4
    endloop
  endfacet
  facet normal -0.0980413 -0.995182 -0
    outer loop
      vertex -19.6084 2.97433 4
      vertex -19.8038 2.99358 0
      vertex -19.6084 2.97433 0
    endloop
  endfacet
  facet normal -0.812958 0.582322 0
    outer loop
      vertex -17.6199 -1.82628 0
      vertex -17.5056 -1.66671 4
      vertex -17.5056 -1.66671 0
    endloop
  endfacet
  facet normal -0.812958 0.582322 0
    outer loop
      vertex -17.5056 -1.66671 4
      vertex -17.6199 -1.82628 0
      vertex -17.6199 -1.82628 4
    endloop
  endfacet
  facet normal -0.935825 0.352465 0
    outer loop
      vertex -17.2284 -1.14805 0
      vertex -17.1592 -0.964318 4
      vertex -17.1592 -0.964318 0
    endloop
  endfacet
  facet normal -0.935825 0.352465 0
    outer loop
      vertex -17.1592 -0.964318 4
      vertex -17.2284 -1.14805 0
      vertex -17.2284 -1.14805 4
    endloop
  endfacet
  facet normal 0.772876 0.634557 0
    outer loop
      vertex -22.2555 -1.97804 4
      vertex -22.3801 -1.82628 0
      vertex -22.3801 -1.82628 4
    endloop
  endfacet
  facet normal 0.772876 0.634557 0
    outer loop
      vertex -22.3801 -1.82628 0
      vertex -22.2555 -1.97804 4
      vertex -22.2555 -1.97804 0
    endloop
  endfacet
  facet normal -0.162846 -0.986652 0
    outer loop
      vertex -19.6084 2.97433 0
      vertex -19.4147 2.94236 4
      vertex -19.6084 2.97433 4
    endloop
  endfacet
  facet normal -0.162846 -0.986652 -0
    outer loop
      vertex -19.4147 2.94236 4
      vertex -19.6084 2.97433 0
      vertex -19.4147 2.94236 0
    endloop
  endfacet
  facet normal 0.812958 0.582322 0
    outer loop
      vertex -22.3801 -1.82628 4
      vertex -22.4944 -1.66671 0
      vertex -22.4944 -1.66671 4
    endloop
  endfacet
  facet normal 0.812958 0.582322 0
    outer loop
      vertex -22.4944 -1.66671 0
      vertex -22.3801 -1.82628 4
      vertex -22.3801 -1.82628 0
    endloop
  endfacet
  facet normal -0.471461 -0.881887 0
    outer loop
      vertex -18.6731 2.69062 0
      vertex -18.5 2.59808 4
      vertex -18.6731 2.69062 4
    endloop
  endfacet
  facet normal -0.471461 -0.881887 -0
    outer loop
      vertex -18.5 2.59808 4
      vertex -18.6731 2.69062 0
      vertex -18.5 2.59808 0
    endloop
  endfacet
  facet normal 0.412544 -0.910938 0
    outer loop
      vertex -21.3269 2.69062 0
      vertex -21.148 2.77164 4
      vertex -21.3269 2.69062 4
    endloop
  endfacet
  facet normal 0.412544 -0.910938 0
    outer loop
      vertex -21.148 2.77164 4
      vertex -21.3269 2.69062 0
      vertex -21.148 2.77164 0
    endloop
  endfacet
  facet normal 0.986708 -0.162504 0
    outer loop
      vertex -22.9743 0.391578 4
      vertex -22.9424 0.585271 0
      vertex -22.9424 0.585271 4
    endloop
  endfacet
  facet normal 0.986708 -0.162504 0
    outer loop
      vertex -22.9424 0.585271 0
      vertex -22.9743 0.391578 4
      vertex -22.9743 0.391578 0
    endloop
  endfacet
  facet normal 0.882006 0.471239 0
    outer loop
      vertex -22.5981 -1.5 4
      vertex -22.6906 -1.32687 0
      vertex -22.6906 -1.32687 4
    endloop
  endfacet
  facet normal 0.882006 0.471239 0
    outer loop
      vertex -22.6906 -1.32687 0
      vertex -22.5981 -1.5 4
      vertex -22.5981 -1.5 0
    endloop
  endfacet
  facet normal 0.910906 -0.412613 0
    outer loop
      vertex -22.7716 1.14805 4
      vertex -22.6906 1.32687 0
      vertex -22.6906 1.32687 4
    endloop
  endfacet
  facet normal 0.910906 -0.412613 0
    outer loop
      vertex -22.6906 1.32687 0
      vertex -22.7716 1.14805 4
      vertex -22.7716 1.14805 0
    endloop
  endfacet
  facet normal -0.0327042 -0.999465 0
    outer loop
      vertex -20 3 0
      vertex -19.8038 2.99358 4
      vertex -20 3 4
    endloop
  endfacet
  facet normal -0.0327042 -0.999465 -0
    outer loop
      vertex -19.8038 2.99358 4
      vertex -20 3 0
      vertex -19.8038 2.99358 0
    endloop
  endfacet
  facet normal -0.412544 0.910938 0
    outer loop
      vertex -18.6731 -2.69062 0
      vertex -18.852 -2.77164 4
      vertex -18.6731 -2.69062 4
    endloop
  endfacet
  facet normal -0.412544 0.910938 0
    outer loop
      vertex -18.852 -2.77164 4
      vertex -18.6731 -2.69062 0
      vertex -18.852 -2.77164 0
    endloop
  endfacet
  facet normal 0.910906 0.412613 0
    outer loop
      vertex -22.6906 -1.32687 4
      vertex -22.7716 -1.14805 0
      vertex -22.7716 -1.14805 4
    endloop
  endfacet
  facet normal 0.910906 0.412613 0
    outer loop
      vertex -22.7716 -1.14805 0
      vertex -22.6906 -1.32687 4
      vertex -22.6906 -1.32687 0
    endloop
  endfacet
  facet normal -0.227069 0.973879 0
    outer loop
      vertex -19.2235 -2.89778 0
      vertex -19.4147 -2.94236 4
      vertex -19.2235 -2.89778 4
    endloop
  endfacet
  facet normal -0.227069 0.973879 0
    outer loop
      vertex -19.4147 -2.94236 4
      vertex -19.2235 -2.89778 0
      vertex -19.4147 -2.94236 0
    endloop
  endfacet
  facet normal -0.412544 -0.910938 0
    outer loop
      vertex -18.852 2.77164 0
      vertex -18.6731 2.69062 4
      vertex -18.852 2.77164 4
    endloop
  endfacet
  facet normal -0.412544 -0.910938 -0
    outer loop
      vertex -18.6731 2.69062 4
      vertex -18.852 2.77164 0
      vertex -18.6731 2.69062 0
    endloop
  endfacet
  facet normal -0.683551 -0.729902 0
    outer loop
      vertex -18.022 2.25552 0
      vertex -17.8787 2.12132 4
      vertex -18.022 2.25552 4
    endloop
  endfacet
  facet normal -0.683551 -0.729902 -0
    outer loop
      vertex -17.8787 2.12132 4
      vertex -18.022 2.25552 0
      vertex -17.8787 2.12132 0
    endloop
  endfacet
  facet normal 0.729855 -0.683602 0
    outer loop
      vertex -22.2555 1.97804 4
      vertex -22.1213 2.12132 0
      vertex -22.1213 2.12132 4
    endloop
  endfacet
  facet normal 0.729855 -0.683602 0
    outer loop
      vertex -22.1213 2.12132 0
      vertex -22.2555 1.97804 4
      vertex -22.2555 1.97804 0
    endloop
  endfacet
  facet normal 0.352296 0.935889 -0
    outer loop
      vertex -20.9643 -2.84079 0
      vertex -21.148 -2.77164 4
      vertex -20.9643 -2.84079 4
    endloop
  endfacet
  facet normal 0.352296 0.935889 0
    outer loop
      vertex -21.148 -2.77164 4
      vertex -20.9643 -2.84079 0
      vertex -21.148 -2.77164 0
    endloop
  endfacet
  facet normal 0.999468 0.0326009 0
    outer loop
      vertex -22.9936 -0.196209 4
      vertex -23 0 0
      vertex -23 0 4
    endloop
  endfacet
  facet normal 0.999468 0.0326009 0
    outer loop
      vertex -23 0 0
      vertex -22.9936 -0.196209 4
      vertex -22.9936 -0.196209 0
    endloop
  endfacet
  facet normal -0.634524 0.772903 0
    outer loop
      vertex -18.022 -2.25552 0
      vertex -18.1737 -2.38006 4
      vertex -18.022 -2.25552 4
    endloop
  endfacet
  facet normal -0.634524 0.772903 0
    outer loop
      vertex -18.1737 -2.38006 4
      vertex -18.022 -2.25552 0
      vertex -18.1737 -2.38006 0
    endloop
  endfacet
  facet normal -0.999468 0.0326009 0
    outer loop
      vertex -17.0064 -0.196209 0
      vertex -17 0 4
      vertex -17 0 0
    endloop
  endfacet
  facet normal -0.999468 0.0326009 0
    outer loop
      vertex -17 0 4
      vertex -17.0064 -0.196209 0
      vertex -17.0064 -0.196209 4
    endloop
  endfacet
  facet normal 0.0980413 0.995182 -0
    outer loop
      vertex -20.1962 -2.99358 0
      vertex -20.3916 -2.97433 4
      vertex -20.1962 -2.99358 4
    endloop
  endfacet
  facet normal 0.0980413 0.995182 0
    outer loop
      vertex -20.3916 -2.97433 4
      vertex -20.1962 -2.99358 0
      vertex -20.3916 -2.97433 0
    endloop
  endfacet
  facet normal -0.683551 0.729902 0
    outer loop
      vertex -17.8787 -2.12132 0
      vertex -18.022 -2.25552 4
      vertex -17.8787 -2.12132 4
    endloop
  endfacet
  facet normal -0.683551 0.729902 0
    outer loop
      vertex -18.022 -2.25552 4
      vertex -17.8787 -2.12132 0
      vertex -18.022 -2.25552 0
    endloop
  endfacet
  facet normal -0.290385 -0.95691 0
    outer loop
      vertex -19.2235 2.89778 0
      vertex -19.0357 2.84079 4
      vertex -19.2235 2.89778 4
    endloop
  endfacet
  facet normal -0.290385 -0.95691 -0
    outer loop
      vertex -19.0357 2.84079 4
      vertex -19.2235 2.89778 0
      vertex -19.0357 2.84079 0
    endloop
  endfacet
  facet normal 0.227069 -0.973879 0
    outer loop
      vertex -20.7765 2.89778 0
      vertex -20.5853 2.94236 4
      vertex -20.7765 2.89778 4
    endloop
  endfacet
  facet normal 0.227069 -0.973879 0
    outer loop
      vertex -20.5853 2.94236 4
      vertex -20.7765 2.89778 0
      vertex -20.5853 2.94236 0
    endloop
  endfacet
  facet normal 0.772876 -0.634557 0
    outer loop
      vertex -22.3801 1.82628 4
      vertex -22.2555 1.97804 0
      vertex -22.2555 1.97804 4
    endloop
  endfacet
  facet normal 0.772876 -0.634557 0
    outer loop
      vertex -22.2555 1.97804 0
      vertex -22.3801 1.82628 4
      vertex -22.3801 1.82628 0
    endloop
  endfacet
  facet normal 0.582418 -0.812889 0
    outer loop
      vertex -21.8263 2.38006 0
      vertex -21.6667 2.49441 4
      vertex -21.8263 2.38006 4
    endloop
  endfacet
  facet normal 0.582418 -0.812889 0
    outer loop
      vertex -21.6667 2.49441 4
      vertex -21.8263 2.38006 0
      vertex -21.6667 2.49441 0
    endloop
  endfacet
  facet normal 0.634524 -0.772903 0
    outer loop
      vertex -21.978 2.25552 0
      vertex -21.8263 2.38006 4
      vertex -21.978 2.25552 4
    endloop
  endfacet
  facet normal 0.634524 -0.772903 0
    outer loop
      vertex -21.8263 2.38006 4
      vertex -21.978 2.25552 0
      vertex -21.8263 2.38006 0
    endloop
  endfacet
  facet normal 0.227069 0.973879 -0
    outer loop
      vertex -20.5853 -2.94236 0
      vertex -20.7765 -2.89778 4
      vertex -20.5853 -2.94236 4
    endloop
  endfacet
  facet normal 0.227069 0.973879 0
    outer loop
      vertex -20.7765 -2.89778 4
      vertex -20.5853 -2.94236 0
      vertex -20.7765 -2.89778 0
    endloop
  endfacet
  facet normal 0.412544 0.910938 -0
    outer loop
      vertex -21.148 -2.77164 0
      vertex -21.3269 -2.69062 4
      vertex -21.148 -2.77164 4
    endloop
  endfacet
  facet normal 0.412544 0.910938 0
    outer loop
      vertex -21.3269 -2.69062 4
      vertex -21.148 -2.77164 0
      vertex -21.3269 -2.69062 0
    endloop
  endfacet
  facet normal 0.999468 -0.0326009 0
    outer loop
      vertex -23 0 4
      vertex -22.9936 0.196209 0
      vertex -22.9936 0.196209 4
    endloop
  endfacet
  facet normal 0.999468 -0.0326009 0
    outer loop
      vertex -22.9936 0.196209 0
      vertex -23 0 4
      vertex -23 0 0
    endloop
  endfacet
  facet normal 0.290385 0.95691 -0
    outer loop
      vertex -20.7765 -2.89778 0
      vertex -20.9643 -2.84079 4
      vertex -20.7765 -2.89778 4
    endloop
  endfacet
  facet normal 0.290385 0.95691 0
    outer loop
      vertex -20.9643 -2.84079 4
      vertex -20.7765 -2.89778 0
      vertex -20.9643 -2.84079 0
    endloop
  endfacet
  facet normal 0.956922 -0.290345 0
    outer loop
      vertex -22.8978 0.776457 4
      vertex -22.8408 0.964318 0
      vertex -22.8408 0.964318 4
    endloop
  endfacet
  facet normal 0.956922 -0.290345 0
    outer loop
      vertex -22.8408 0.964318 0
      vertex -22.8978 0.776457 4
      vertex -22.8978 0.776457 0
    endloop
  endfacet
  facet normal 0.471461 -0.881887 0
    outer loop
      vertex -21.5 2.59808 0
      vertex -21.3269 2.69062 4
      vertex -21.5 2.59808 4
    endloop
  endfacet
  facet normal 0.471461 -0.881887 0
    outer loop
      vertex -21.3269 2.69062 4
      vertex -21.5 2.59808 0
      vertex -21.3269 2.69062 0
    endloop
  endfacet
  facet normal 0.582418 0.812889 -0
    outer loop
      vertex -21.6667 -2.49441 0
      vertex -21.8263 -2.38006 4
      vertex -21.6667 -2.49441 4
    endloop
  endfacet
  facet normal 0.582418 0.812889 0
    outer loop
      vertex -21.8263 -2.38006 4
      vertex -21.6667 -2.49441 0
      vertex -21.8263 -2.38006 0
    endloop
  endfacet
  facet normal 0.290385 -0.95691 0
    outer loop
      vertex 19.0357 2.84079 0
      vertex 19.2235 2.89778 4
      vertex 19.0357 2.84079 4
    endloop
  endfacet
  facet normal 0.290385 -0.95691 0
    outer loop
      vertex 19.2235 2.89778 4
      vertex 19.0357 2.84079 0
      vertex 19.2235 2.89778 0
    endloop
  endfacet
  facet normal -0.995156 -0.0983089 0
    outer loop
      vertex 22.9936 0.196209 0
      vertex 22.9743 0.391578 4
      vertex 22.9743 0.391578 0
    endloop
  endfacet
  facet normal -0.995156 -0.0983089 0
    outer loop
      vertex 22.9743 0.391578 4
      vertex 22.9936 0.196209 0
      vertex 22.9936 0.196209 4
    endloop
  endfacet
  facet normal -0.999468 -0.0326009 0
    outer loop
      vertex 23 0 0
      vertex 22.9936 0.196209 4
      vertex 22.9936 0.196209 0
    endloop
  endfacet
  facet normal -0.999468 -0.0326009 0
    outer loop
      vertex 22.9936 0.196209 4
      vertex 23 0 0
      vertex 23 0 4
    endloop
  endfacet
  facet normal -0.986708 -0.162504 0
    outer loop
      vertex 22.9743 0.391578 0
      vertex 22.9424 0.585271 4
      vertex 22.9424 0.585271 0
    endloop
  endfacet
  facet normal -0.986708 -0.162504 0
    outer loop
      vertex 22.9424 0.585271 4
      vertex 22.9743 0.391578 0
      vertex 22.9743 0.391578 4
    endloop
  endfacet
  facet normal -0.528102 0.849181 0
    outer loop
      vertex 21.6667 -2.49441 0
      vertex 21.5 -2.59808 4
      vertex 21.6667 -2.49441 4
    endloop
  endfacet
  facet normal -0.528102 0.849181 0
    outer loop
      vertex 21.5 -2.59808 4
      vertex 21.6667 -2.49441 0
      vertex 21.5 -2.59808 0
    endloop
  endfacet
  facet normal -0.471461 0.881887 0
    outer loop
      vertex 21.5 -2.59808 0
      vertex 21.3269 -2.69062 4
      vertex 21.5 -2.59808 4
    endloop
  endfacet
  facet normal -0.471461 0.881887 0
    outer loop
      vertex 21.3269 -2.69062 4
      vertex 21.5 -2.59808 0
      vertex 21.3269 -2.69062 0
    endloop
  endfacet
  facet normal -0.582418 0.812889 0
    outer loop
      vertex 21.8263 -2.38006 0
      vertex 21.6667 -2.49441 4
      vertex 21.8263 -2.38006 4
    endloop
  endfacet
  facet normal -0.582418 0.812889 0
    outer loop
      vertex 21.6667 -2.49441 4
      vertex 21.8263 -2.38006 0
      vertex 21.6667 -2.49441 0
    endloop
  endfacet
  facet normal -0.849127 -0.528189 0
    outer loop
      vertex 22.5981 1.5 0
      vertex 22.4944 1.66671 4
      vertex 22.4944 1.66671 0
    endloop
  endfacet
  facet normal -0.849127 -0.528189 0
    outer loop
      vertex 22.4944 1.66671 4
      vertex 22.5981 1.5 0
      vertex 22.5981 1.5 4
    endloop
  endfacet
  facet normal 0.0327042 0.999465 -0
    outer loop
      vertex 20 -3 0
      vertex 19.8038 -2.99358 4
      vertex 20 -3 4
    endloop
  endfacet
  facet normal 0.0327042 0.999465 0
    outer loop
      vertex 19.8038 -2.99358 4
      vertex 20 -3 0
      vertex 19.8038 -2.99358 0
    endloop
  endfacet
  facet normal -0.956922 0.290345 0
    outer loop
      vertex 22.8408 -0.964318 0
      vertex 22.8978 -0.776457 4
      vertex 22.8978 -0.776457 0
    endloop
  endfacet
  facet normal -0.956922 0.290345 0
    outer loop
      vertex 22.8978 -0.776457 4
      vertex 22.8408 -0.964318 0
      vertex 22.8408 -0.964318 4
    endloop
  endfacet
  facet normal -0.935825 -0.352465 0
    outer loop
      vertex 22.8408 0.964318 0
      vertex 22.7716 1.14805 4
      vertex 22.7716 1.14805 0
    endloop
  endfacet
  facet normal -0.935825 -0.352465 0
    outer loop
      vertex 22.7716 1.14805 4
      vertex 22.8408 0.964318 0
      vertex 22.8408 0.964318 4
    endloop
  endfacet
  facet normal -0.973853 -0.227181 0
    outer loop
      vertex 22.9424 0.585271 0
      vertex 22.8978 0.776457 4
      vertex 22.8978 0.776457 0
    endloop
  endfacet
  facet normal -0.973853 -0.227181 0
    outer loop
      vertex 22.8978 0.776457 4
      vertex 22.9424 0.585271 0
      vertex 22.9424 0.585271 4
    endloop
  endfacet
  facet normal 0.471461 0.881887 -0
    outer loop
      vertex 18.6731 -2.69062 0
      vertex 18.5 -2.59808 4
      vertex 18.6731 -2.69062 4
    endloop
  endfacet
  facet normal 0.471461 0.881887 0
    outer loop
      vertex 18.5 -2.59808 4
      vertex 18.6731 -2.69062 0
      vertex 18.5 -2.59808 0
    endloop
  endfacet
  facet normal 0.995156 -0.0983089 0
    outer loop
      vertex 17.0064 0.196209 4
      vertex 17.0257 0.391578 0
      vertex 17.0257 0.391578 4
    endloop
  endfacet
  facet normal 0.995156 -0.0983089 0
    outer loop
      vertex 17.0257 0.391578 0
      vertex 17.0064 0.196209 4
      vertex 17.0064 0.196209 0
    endloop
  endfacet
  facet normal 0.973853 -0.227181 0
    outer loop
      vertex 17.0576 0.585271 4
      vertex 17.1022 0.776457 0
      vertex 17.1022 0.776457 4
    endloop
  endfacet
  facet normal 0.973853 -0.227181 0
    outer loop
      vertex 17.1022 0.776457 0
      vertex 17.0576 0.585271 4
      vertex 17.0576 0.585271 0
    endloop
  endfacet
  facet normal -0.0327042 0.999465 0
    outer loop
      vertex 20.1962 -2.99358 0
      vertex 20 -3 4
      vertex 20.1962 -2.99358 4
    endloop
  endfacet
  facet normal -0.0327042 0.999465 0
    outer loop
      vertex 20 -3 4
      vertex 20.1962 -2.99358 0
      vertex 20 -3 0
    endloop
  endfacet
  facet normal -0.729855 -0.683602 0
    outer loop
      vertex 22.2555 1.97804 0
      vertex 22.1213 2.12132 4
      vertex 22.1213 2.12132 0
    endloop
  endfacet
  facet normal -0.729855 -0.683602 0
    outer loop
      vertex 22.1213 2.12132 4
      vertex 22.2555 1.97804 0
      vertex 22.2555 1.97804 4
    endloop
  endfacet
  facet normal 0.882006 -0.471239 0
    outer loop
      vertex 17.3094 1.32687 4
      vertex 17.4019 1.5 0
      vertex 17.4019 1.5 4
    endloop
  endfacet
  facet normal 0.882006 -0.471239 0
    outer loop
      vertex 17.4019 1.5 0
      vertex 17.3094 1.32687 4
      vertex 17.3094 1.32687 0
    endloop
  endfacet
  facet normal -0.582418 -0.812889 0
    outer loop
      vertex 21.6667 2.49441 0
      vertex 21.8263 2.38006 4
      vertex 21.6667 2.49441 4
    endloop
  endfacet
  facet normal -0.582418 -0.812889 -0
    outer loop
      vertex 21.8263 2.38006 4
      vertex 21.6667 2.49441 0
      vertex 21.8263 2.38006 0
    endloop
  endfacet
  facet normal 0.935825 0.352465 0
    outer loop
      vertex 17.2284 -1.14805 4
      vertex 17.1592 -0.964318 0
      vertex 17.1592 -0.964318 4
    endloop
  endfacet
  facet normal 0.935825 0.352465 0
    outer loop
      vertex 17.1592 -0.964318 0
      vertex 17.2284 -1.14805 4
      vertex 17.2284 -1.14805 0
    endloop
  endfacet
  facet normal 0.683551 -0.729902 0
    outer loop
      vertex 17.8787 2.12132 0
      vertex 18.022 2.25552 4
      vertex 17.8787 2.12132 4
    endloop
  endfacet
  facet normal 0.683551 -0.729902 0
    outer loop
      vertex 18.022 2.25552 4
      vertex 17.8787 2.12132 0
      vertex 18.022 2.25552 0
    endloop
  endfacet
  facet normal 0.849127 -0.528189 0
    outer loop
      vertex 17.4019 1.5 4
      vertex 17.5056 1.66671 0
      vertex 17.5056 1.66671 4
    endloop
  endfacet
  facet normal 0.849127 -0.528189 0
    outer loop
      vertex 17.5056 1.66671 0
      vertex 17.4019 1.5 4
      vertex 17.4019 1.5 0
    endloop
  endfacet
  facet normal -0.729855 0.683602 0
    outer loop
      vertex 22.1213 -2.12132 0
      vertex 22.2555 -1.97804 4
      vertex 22.2555 -1.97804 0
    endloop
  endfacet
  facet normal -0.729855 0.683602 0
    outer loop
      vertex 22.2555 -1.97804 4
      vertex 22.1213 -2.12132 0
      vertex 22.1213 -2.12132 4
    endloop
  endfacet
  facet normal 0.162846 0.986652 -0
    outer loop
      vertex 19.6084 -2.97433 0
      vertex 19.4147 -2.94236 4
      vertex 19.6084 -2.97433 4
    endloop
  endfacet
  facet normal 0.162846 0.986652 0
    outer loop
      vertex 19.4147 -2.94236 4
      vertex 19.6084 -2.97433 0
      vertex 19.4147 -2.94236 0
    endloop
  endfacet
  facet normal 0.849127 0.528189 0
    outer loop
      vertex 17.5056 -1.66671 4
      vertex 17.4019 -1.5 0
      vertex 17.4019 -1.5 4
    endloop
  endfacet
  facet normal 0.849127 0.528189 0
    outer loop
      vertex 17.4019 -1.5 0
      vertex 17.5056 -1.66671 4
      vertex 17.5056 -1.66671 0
    endloop
  endfacet
  facet normal 0.956922 0.290345 0
    outer loop
      vertex 17.1592 -0.964318 4
      vertex 17.1022 -0.776457 0
      vertex 17.1022 -0.776457 4
    endloop
  endfacet
  facet normal 0.956922 0.290345 0
    outer loop
      vertex 17.1022 -0.776457 0
      vertex 17.1592 -0.964318 4
      vertex 17.1592 -0.964318 0
    endloop
  endfacet
  facet normal -0.162846 0.986652 0
    outer loop
      vertex 20.5853 -2.94236 0
      vertex 20.3916 -2.97433 4
      vertex 20.5853 -2.94236 4
    endloop
  endfacet
  facet normal -0.162846 0.986652 0
    outer loop
      vertex 20.3916 -2.97433 4
      vertex 20.5853 -2.94236 0
      vertex 20.3916 -2.97433 0
    endloop
  endfacet
  facet normal 0.812958 -0.582322 0
    outer loop
      vertex 17.5056 1.66671 4
      vertex 17.6199 1.82628 0
      vertex 17.6199 1.82628 4
    endloop
  endfacet
  facet normal 0.812958 -0.582322 0
    outer loop
      vertex 17.6199 1.82628 0
      vertex 17.5056 1.66671 4
      vertex 17.5056 1.66671 0
    endloop
  endfacet
  facet normal -0.772876 -0.634557 0
    outer loop
      vertex 22.3801 1.82628 0
      vertex 22.2555 1.97804 4
      vertex 22.2555 1.97804 0
    endloop
  endfacet
  facet normal -0.772876 -0.634557 0
    outer loop
      vertex 22.2555 1.97804 4
      vertex 22.3801 1.82628 0
      vertex 22.3801 1.82628 4
    endloop
  endfacet
  facet normal 0.683551 0.729902 -0
    outer loop
      vertex 18.022 -2.25552 0
      vertex 17.8787 -2.12132 4
      vertex 18.022 -2.25552 4
    endloop
  endfacet
  facet normal 0.683551 0.729902 0
    outer loop
      vertex 17.8787 -2.12132 4
      vertex 18.022 -2.25552 0
      vertex 17.8787 -2.12132 0
    endloop
  endfacet
  facet normal 0.352296 -0.935889 0
    outer loop
      vertex 18.852 2.77164 0
      vertex 19.0357 2.84079 4
      vertex 18.852 2.77164 4
    endloop
  endfacet
  facet normal 0.352296 -0.935889 0
    outer loop
      vertex 19.0357 2.84079 4
      vertex 18.852 2.77164 0
      vertex 19.0357 2.84079 0
    endloop
  endfacet
  facet normal -0.352296 -0.935889 0
    outer loop
      vertex 20.9643 2.84079 0
      vertex 21.148 2.77164 4
      vertex 20.9643 2.84079 4
    endloop
  endfacet
  facet normal -0.352296 -0.935889 -0
    outer loop
      vertex 21.148 2.77164 4
      vertex 20.9643 2.84079 0
      vertex 21.148 2.77164 0
    endloop
  endfacet
  facet normal -0.0980413 0.995182 0
    outer loop
      vertex 20.3916 -2.97433 0
      vertex 20.1962 -2.99358 4
      vertex 20.3916 -2.97433 4
    endloop
  endfacet
  facet normal -0.0980413 0.995182 0
    outer loop
      vertex 20.1962 -2.99358 4
      vertex 20.3916 -2.97433 0
      vertex 20.1962 -2.99358 0
    endloop
  endfacet
  facet normal -0.528102 -0.849181 0
    outer loop
      vertex 21.5 2.59808 0
      vertex 21.6667 2.49441 4
      vertex 21.5 2.59808 4
    endloop
  endfacet
  facet normal -0.528102 -0.849181 -0
    outer loop
      vertex 21.6667 2.49441 4
      vertex 21.5 2.59808 0
      vertex 21.6667 2.49441 0
    endloop
  endfacet
  facet normal 0.995156 0.0983089 0
    outer loop
      vertex 17.0257 -0.391578 4
      vertex 17.0064 -0.196209 0
      vertex 17.0064 -0.196209 4
    endloop
  endfacet
  facet normal 0.995156 0.0983089 0
    outer loop
      vertex 17.0064 -0.196209 0
      vertex 17.0257 -0.391578 4
      vertex 17.0257 -0.391578 0
    endloop
  endfacet
  facet normal -0.986708 0.162504 0
    outer loop
      vertex 22.9424 -0.585271 0
      vertex 22.9743 -0.391578 4
      vertex 22.9743 -0.391578 0
    endloop
  endfacet
  facet normal -0.986708 0.162504 0
    outer loop
      vertex 22.9743 -0.391578 4
      vertex 22.9424 -0.585271 0
      vertex 22.9424 -0.585271 4
    endloop
  endfacet
  facet normal -0.812958 -0.582322 0
    outer loop
      vertex 22.4944 1.66671 0
      vertex 22.3801 1.82628 4
      vertex 22.3801 1.82628 0
    endloop
  endfacet
  facet normal -0.812958 -0.582322 0
    outer loop
      vertex 22.3801 1.82628 4
      vertex 22.4944 1.66671 0
      vertex 22.4944 1.66671 4
    endloop
  endfacet
  facet normal -0.634524 -0.772903 0
    outer loop
      vertex 21.8263 2.38006 0
      vertex 21.978 2.25552 4
      vertex 21.8263 2.38006 4
    endloop
  endfacet
  facet normal -0.634524 -0.772903 -0
    outer loop
      vertex 21.978 2.25552 4
      vertex 21.8263 2.38006 0
      vertex 21.978 2.25552 0
    endloop
  endfacet
  facet normal -0.849127 0.528189 0
    outer loop
      vertex 22.4944 -1.66671 0
      vertex 22.5981 -1.5 4
      vertex 22.5981 -1.5 0
    endloop
  endfacet
  facet normal -0.849127 0.528189 0
    outer loop
      vertex 22.5981 -1.5 4
      vertex 22.4944 -1.66671 0
      vertex 22.4944 -1.66671 4
    endloop
  endfacet
  facet normal -0.882006 -0.471239 0
    outer loop
      vertex 22.6906 1.32687 0
      vertex 22.5981 1.5 4
      vertex 22.5981 1.5 0
    endloop
  endfacet
  facet normal -0.882006 -0.471239 0
    outer loop
      vertex 22.5981 1.5 4
      vertex 22.6906 1.32687 0
      vertex 22.6906 1.32687 4
    endloop
  endfacet
  facet normal -0.910906 -0.412613 0
    outer loop
      vertex 22.7716 1.14805 0
      vertex 22.6906 1.32687 4
      vertex 22.6906 1.32687 0
    endloop
  endfacet
  facet normal -0.910906 -0.412613 0
    outer loop
      vertex 22.6906 1.32687 4
      vertex 22.7716 1.14805 0
      vertex 22.7716 1.14805 4
    endloop
  endfacet
  facet normal 0.528102 -0.849181 0
    outer loop
      vertex 18.3333 2.49441 0
      vertex 18.5 2.59808 4
      vertex 18.3333 2.49441 4
    endloop
  endfacet
  facet normal 0.528102 -0.849181 0
    outer loop
      vertex 18.5 2.59808 4
      vertex 18.3333 2.49441 0
      vertex 18.5 2.59808 0
    endloop
  endfacet
  facet normal -0.956922 -0.290345 0
    outer loop
      vertex 22.8978 0.776457 0
      vertex 22.8408 0.964318 4
      vertex 22.8408 0.964318 0
    endloop
  endfacet
  facet normal -0.956922 -0.290345 0
    outer loop
      vertex 22.8408 0.964318 4
      vertex 22.8978 0.776457 0
      vertex 22.8978 0.776457 4
    endloop
  endfacet
  facet normal -0.290385 0.95691 0
    outer loop
      vertex 20.9643 -2.84079 0
      vertex 20.7765 -2.89778 4
      vertex 20.9643 -2.84079 4
    endloop
  endfacet
  facet normal -0.290385 0.95691 0
    outer loop
      vertex 20.7765 -2.89778 4
      vertex 20.9643 -2.84079 0
      vertex 20.7765 -2.89778 0
    endloop
  endfacet
  facet normal -0.772876 0.634557 0
    outer loop
      vertex 22.2555 -1.97804 0
      vertex 22.3801 -1.82628 4
      vertex 22.3801 -1.82628 0
    endloop
  endfacet
  facet normal -0.772876 0.634557 0
    outer loop
      vertex 22.3801 -1.82628 4
      vertex 22.2555 -1.97804 0
      vertex 22.2555 -1.97804 4
    endloop
  endfacet
  facet normal -0.882006 0.471239 0
    outer loop
      vertex 22.5981 -1.5 0
      vertex 22.6906 -1.32687 4
      vertex 22.6906 -1.32687 0
    endloop
  endfacet
  facet normal -0.882006 0.471239 0
    outer loop
      vertex 22.6906 -1.32687 4
      vertex 22.5981 -1.5 0
      vertex 22.5981 -1.5 4
    endloop
  endfacet
  facet normal 0.634524 0.772903 -0
    outer loop
      vertex 18.1737 -2.38006 0
      vertex 18.022 -2.25552 4
      vertex 18.1737 -2.38006 4
    endloop
  endfacet
  facet normal 0.634524 0.772903 0
    outer loop
      vertex 18.022 -2.25552 4
      vertex 18.1737 -2.38006 0
      vertex 18.022 -2.25552 0
    endloop
  endfacet
  facet normal 0.0327042 -0.999465 0
    outer loop
      vertex 19.8038 2.99358 0
      vertex 20 3 4
      vertex 19.8038 2.99358 4
    endloop
  endfacet
  facet normal 0.0327042 -0.999465 0
    outer loop
      vertex 20 3 4
      vertex 19.8038 2.99358 0
      vertex 20 3 0
    endloop
  endfacet
  facet normal 0.973853 0.227181 0
    outer loop
      vertex 17.1022 -0.776457 4
      vertex 17.0576 -0.585271 0
      vertex 17.0576 -0.585271 4
    endloop
  endfacet
  facet normal 0.973853 0.227181 0
    outer loop
      vertex 17.0576 -0.585271 0
      vertex 17.1022 -0.776457 4
      vertex 17.1022 -0.776457 0
    endloop
  endfacet
  facet normal 0.729855 0.683602 0
    outer loop
      vertex 17.8787 -2.12132 4
      vertex 17.7445 -1.97804 0
      vertex 17.7445 -1.97804 4
    endloop
  endfacet
  facet normal 0.729855 0.683602 0
    outer loop
      vertex 17.7445 -1.97804 0
      vertex 17.8787 -2.12132 4
      vertex 17.8787 -2.12132 0
    endloop
  endfacet
  facet normal -0.973853 0.227181 0
    outer loop
      vertex 22.8978 -0.776457 0
      vertex 22.9424 -0.585271 4
      vertex 22.9424 -0.585271 0
    endloop
  endfacet
  facet normal -0.973853 0.227181 0
    outer loop
      vertex 22.9424 -0.585271 4
      vertex 22.8978 -0.776457 0
      vertex 22.8978 -0.776457 4
    endloop
  endfacet
  facet normal 0.935825 -0.352465 0
    outer loop
      vertex 17.1592 0.964318 4
      vertex 17.2284 1.14805 0
      vertex 17.2284 1.14805 4
    endloop
  endfacet
  facet normal 0.935825 -0.352465 0
    outer loop
      vertex 17.2284 1.14805 0
      vertex 17.1592 0.964318 4
      vertex 17.1592 0.964318 0
    endloop
  endfacet
  facet normal 0.162846 -0.986652 0
    outer loop
      vertex 19.4147 2.94236 0
      vertex 19.6084 2.97433 4
      vertex 19.4147 2.94236 4
    endloop
  endfacet
  facet normal 0.162846 -0.986652 0
    outer loop
      vertex 19.6084 2.97433 4
      vertex 19.4147 2.94236 0
      vertex 19.6084 2.97433 0
    endloop
  endfacet
  facet normal -0.352296 0.935889 0
    outer loop
      vertex 21.148 -2.77164 0
      vertex 20.9643 -2.84079 4
      vertex 21.148 -2.77164 4
    endloop
  endfacet
  facet normal -0.352296 0.935889 0
    outer loop
      vertex 20.9643 -2.84079 4
      vertex 21.148 -2.77164 0
      vertex 20.9643 -2.84079 0
    endloop
  endfacet
  facet normal 0.986708 0.162504 0
    outer loop
      vertex 17.0576 -0.585271 4
      vertex 17.0257 -0.391578 0
      vertex 17.0257 -0.391578 4
    endloop
  endfacet
  facet normal 0.986708 0.162504 0
    outer loop
      vertex 17.0257 -0.391578 0
      vertex 17.0576 -0.585271 4
      vertex 17.0576 -0.585271 0
    endloop
  endfacet
  facet normal -0.995156 0.0983089 0
    outer loop
      vertex 22.9743 -0.391578 0
      vertex 22.9936 -0.196209 4
      vertex 22.9936 -0.196209 0
    endloop
  endfacet
  facet normal -0.995156 0.0983089 0
    outer loop
      vertex 22.9936 -0.196209 4
      vertex 22.9743 -0.391578 0
      vertex 22.9743 -0.391578 4
    endloop
  endfacet
  facet normal 0.528102 0.849181 -0
    outer loop
      vertex 18.5 -2.59808 0
      vertex 18.3333 -2.49441 4
      vertex 18.5 -2.59808 4
    endloop
  endfacet
  facet normal 0.528102 0.849181 0
    outer loop
      vertex 18.3333 -2.49441 4
      vertex 18.5 -2.59808 0
      vertex 18.3333 -2.49441 0
    endloop
  endfacet
  facet normal 0.0980413 -0.995182 0
    outer loop
      vertex 19.6084 2.97433 0
      vertex 19.8038 2.99358 4
      vertex 19.6084 2.97433 4
    endloop
  endfacet
  facet normal 0.0980413 -0.995182 0
    outer loop
      vertex 19.8038 2.99358 4
      vertex 19.6084 2.97433 0
      vertex 19.8038 2.99358 0
    endloop
  endfacet
  facet normal -0.227069 -0.973879 0
    outer loop
      vertex 20.5853 2.94236 0
      vertex 20.7765 2.89778 4
      vertex 20.5853 2.94236 4
    endloop
  endfacet
  facet normal -0.227069 -0.973879 -0
    outer loop
      vertex 20.7765 2.89778 4
      vertex 20.5853 2.94236 0
      vertex 20.7765 2.89778 0
    endloop
  endfacet
  facet normal 0.0980413 0.995182 -0
    outer loop
      vertex 19.8038 -2.99358 0
      vertex 19.6084 -2.97433 4
      vertex 19.8038 -2.99358 4
    endloop
  endfacet
  facet normal 0.0980413 0.995182 0
    outer loop
      vertex 19.6084 -2.97433 4
      vertex 19.8038 -2.99358 0
      vertex 19.6084 -2.97433 0
    endloop
  endfacet
  facet normal -0.910906 0.412613 0
    outer loop
      vertex 22.6906 -1.32687 0
      vertex 22.7716 -1.14805 4
      vertex 22.7716 -1.14805 0
    endloop
  endfacet
  facet normal -0.910906 0.412613 0
    outer loop
      vertex 22.7716 -1.14805 4
      vertex 22.6906 -1.32687 0
      vertex 22.6906 -1.32687 4
    endloop
  endfacet
  facet normal -0.0980413 -0.995182 0
    outer loop
      vertex 20.1962 2.99358 0
      vertex 20.3916 2.97433 4
      vertex 20.1962 2.99358 4
    endloop
  endfacet
  facet normal -0.0980413 -0.995182 -0
    outer loop
      vertex 20.3916 2.97433 4
      vertex 20.1962 2.99358 0
      vertex 20.3916 2.97433 0
    endloop
  endfacet
  facet normal -0.812958 0.582322 0
    outer loop
      vertex 22.3801 -1.82628 0
      vertex 22.4944 -1.66671 4
      vertex 22.4944 -1.66671 0
    endloop
  endfacet
  facet normal -0.812958 0.582322 0
    outer loop
      vertex 22.4944 -1.66671 4
      vertex 22.3801 -1.82628 0
      vertex 22.3801 -1.82628 4
    endloop
  endfacet
  facet normal 0.634524 -0.772903 0
    outer loop
      vertex 18.022 2.25552 0
      vertex 18.1737 2.38006 4
      vertex 18.022 2.25552 4
    endloop
  endfacet
  facet normal 0.634524 -0.772903 0
    outer loop
      vertex 18.1737 2.38006 4
      vertex 18.022 2.25552 0
      vertex 18.1737 2.38006 0
    endloop
  endfacet
  facet normal -0.935825 0.352465 0
    outer loop
      vertex 22.7716 -1.14805 0
      vertex 22.8408 -0.964318 4
      vertex 22.8408 -0.964318 0
    endloop
  endfacet
  facet normal -0.935825 0.352465 0
    outer loop
      vertex 22.8408 -0.964318 4
      vertex 22.7716 -1.14805 0
      vertex 22.7716 -1.14805 4
    endloop
  endfacet
  facet normal 0.772876 0.634557 0
    outer loop
      vertex 17.7445 -1.97804 4
      vertex 17.6199 -1.82628 0
      vertex 17.6199 -1.82628 4
    endloop
  endfacet
  facet normal 0.772876 0.634557 0
    outer loop
      vertex 17.6199 -1.82628 0
      vertex 17.7445 -1.97804 4
      vertex 17.7445 -1.97804 0
    endloop
  endfacet
  facet normal -0.162846 -0.986652 0
    outer loop
      vertex 20.3916 2.97433 0
      vertex 20.5853 2.94236 4
      vertex 20.3916 2.97433 4
    endloop
  endfacet
  facet normal -0.162846 -0.986652 -0
    outer loop
      vertex 20.5853 2.94236 4
      vertex 20.3916 2.97433 0
      vertex 20.5853 2.94236 0
    endloop
  endfacet
  facet normal 0.812958 0.582322 0
    outer loop
      vertex 17.6199 -1.82628 4
      vertex 17.5056 -1.66671 0
      vertex 17.5056 -1.66671 4
    endloop
  endfacet
  facet normal 0.812958 0.582322 0
    outer loop
      vertex 17.5056 -1.66671 0
      vertex 17.6199 -1.82628 4
      vertex 17.6199 -1.82628 0
    endloop
  endfacet
  facet normal -0.471461 -0.881887 0
    outer loop
      vertex 21.3269 2.69062 0
      vertex 21.5 2.59808 4
      vertex 21.3269 2.69062 4
    endloop
  endfacet
  facet normal -0.471461 -0.881887 -0
    outer loop
      vertex 21.5 2.59808 4
      vertex 21.3269 2.69062 0
      vertex 21.5 2.59808 0
    endloop
  endfacet
  facet normal 0.412544 -0.910938 0
    outer loop
      vertex 18.6731 2.69062 0
      vertex 18.852 2.77164 4
      vertex 18.6731 2.69062 4
    endloop
  endfacet
  facet normal 0.412544 -0.910938 0
    outer loop
      vertex 18.852 2.77164 4
      vertex 18.6731 2.69062 0
      vertex 18.852 2.77164 0
    endloop
  endfacet
  facet normal 0.986708 -0.162504 0
    outer loop
      vertex 17.0257 0.391578 4
      vertex 17.0576 0.585271 0
      vertex 17.0576 0.585271 4
    endloop
  endfacet
  facet normal 0.986708 -0.162504 0
    outer loop
      vertex 17.0576 0.585271 0
      vertex 17.0257 0.391578 4
      vertex 17.0257 0.391578 0
    endloop
  endfacet
  facet normal 0.882006 0.471239 0
    outer loop
      vertex 17.4019 -1.5 4
      vertex 17.3094 -1.32687 0
      vertex 17.3094 -1.32687 4
    endloop
  endfacet
  facet normal 0.882006 0.471239 0
    outer loop
      vertex 17.3094 -1.32687 0
      vertex 17.4019 -1.5 4
      vertex 17.4019 -1.5 0
    endloop
  endfacet
  facet normal 0.910906 -0.412613 0
    outer loop
      vertex 17.2284 1.14805 4
      vertex 17.3094 1.32687 0
      vertex 17.3094 1.32687 4
    endloop
  endfacet
  facet normal 0.910906 -0.412613 0
    outer loop
      vertex 17.3094 1.32687 0
      vertex 17.2284 1.14805 4
      vertex 17.2284 1.14805 0
    endloop
  endfacet
  facet normal -0.0327042 -0.999465 0
    outer loop
      vertex 20 3 0
      vertex 20.1962 2.99358 4
      vertex 20 3 4
    endloop
  endfacet
  facet normal -0.0327042 -0.999465 -0
    outer loop
      vertex 20.1962 2.99358 4
      vertex 20 3 0
      vertex 20.1962 2.99358 0
    endloop
  endfacet
  facet normal -0.412544 0.910938 0
    outer loop
      vertex 21.3269 -2.69062 0
      vertex 21.148 -2.77164 4
      vertex 21.3269 -2.69062 4
    endloop
  endfacet
  facet normal -0.412544 0.910938 0
    outer loop
      vertex 21.148 -2.77164 4
      vertex 21.3269 -2.69062 0
      vertex 21.148 -2.77164 0
    endloop
  endfacet
  facet normal 0.910906 0.412613 0
    outer loop
      vertex 17.3094 -1.32687 4
      vertex 17.2284 -1.14805 0
      vertex 17.2284 -1.14805 4
    endloop
  endfacet
  facet normal 0.910906 0.412613 0
    outer loop
      vertex 17.2284 -1.14805 0
      vertex 17.3094 -1.32687 4
      vertex 17.3094 -1.32687 0
    endloop
  endfacet
  facet normal 0.227069 0.973879 -0
    outer loop
      vertex 19.4147 -2.94236 0
      vertex 19.2235 -2.89778 4
      vertex 19.4147 -2.94236 4
    endloop
  endfacet
  facet normal 0.227069 0.973879 0
    outer loop
      vertex 19.2235 -2.89778 4
      vertex 19.4147 -2.94236 0
      vertex 19.2235 -2.89778 0
    endloop
  endfacet
  facet normal -0.227069 0.973879 0
    outer loop
      vertex 20.7765 -2.89778 0
      vertex 20.5853 -2.94236 4
      vertex 20.7765 -2.89778 4
    endloop
  endfacet
  facet normal -0.227069 0.973879 0
    outer loop
      vertex 20.5853 -2.94236 4
      vertex 20.7765 -2.89778 0
      vertex 20.5853 -2.94236 0
    endloop
  endfacet
  facet normal -0.412544 -0.910938 0
    outer loop
      vertex 21.148 2.77164 0
      vertex 21.3269 2.69062 4
      vertex 21.148 2.77164 4
    endloop
  endfacet
  facet normal -0.412544 -0.910938 -0
    outer loop
      vertex 21.3269 2.69062 4
      vertex 21.148 2.77164 0
      vertex 21.3269 2.69062 0
    endloop
  endfacet
  facet normal -0.683551 -0.729902 0
    outer loop
      vertex 21.978 2.25552 0
      vertex 22.1213 2.12132 4
      vertex 21.978 2.25552 4
    endloop
  endfacet
  facet normal -0.683551 -0.729902 -0
    outer loop
      vertex 22.1213 2.12132 4
      vertex 21.978 2.25552 0
      vertex 22.1213 2.12132 0
    endloop
  endfacet
  facet normal 0.729855 -0.683602 0
    outer loop
      vertex 17.7445 1.97804 4
      vertex 17.8787 2.12132 0
      vertex 17.8787 2.12132 4
    endloop
  endfacet
  facet normal 0.729855 -0.683602 0
    outer loop
      vertex 17.8787 2.12132 0
      vertex 17.7445 1.97804 4
      vertex 17.7445 1.97804 0
    endloop
  endfacet
  facet normal 0.352296 0.935889 -0
    outer loop
      vertex 19.0357 -2.84079 0
      vertex 18.852 -2.77164 4
      vertex 19.0357 -2.84079 4
    endloop
  endfacet
  facet normal 0.352296 0.935889 0
    outer loop
      vertex 18.852 -2.77164 4
      vertex 19.0357 -2.84079 0
      vertex 18.852 -2.77164 0
    endloop
  endfacet
  facet normal 0.999468 0.0326009 0
    outer loop
      vertex 17.0064 -0.196209 4
      vertex 17 0 0
      vertex 17 0 4
    endloop
  endfacet
  facet normal 0.999468 0.0326009 0
    outer loop
      vertex 17 0 0
      vertex 17.0064 -0.196209 4
      vertex 17.0064 -0.196209 0
    endloop
  endfacet
  facet normal -0.634524 0.772903 0
    outer loop
      vertex 21.978 -2.25552 0
      vertex 21.8263 -2.38006 4
      vertex 21.978 -2.25552 4
    endloop
  endfacet
  facet normal -0.634524 0.772903 0
    outer loop
      vertex 21.8263 -2.38006 4
      vertex 21.978 -2.25552 0
      vertex 21.8263 -2.38006 0
    endloop
  endfacet
  facet normal -0.999468 0.0326009 0
    outer loop
      vertex 22.9936 -0.196209 0
      vertex 23 0 4
      vertex 23 0 0
    endloop
  endfacet
  facet normal -0.999468 0.0326009 0
    outer loop
      vertex 23 0 4
      vertex 22.9936 -0.196209 0
      vertex 22.9936 -0.196209 4
    endloop
  endfacet
  facet normal -0.683551 0.729902 0
    outer loop
      vertex 22.1213 -2.12132 0
      vertex 21.978 -2.25552 4
      vertex 22.1213 -2.12132 4
    endloop
  endfacet
  facet normal -0.683551 0.729902 0
    outer loop
      vertex 21.978 -2.25552 4
      vertex 22.1213 -2.12132 0
      vertex 21.978 -2.25552 0
    endloop
  endfacet
  facet normal -0.290385 -0.95691 0
    outer loop
      vertex 20.7765 2.89778 0
      vertex 20.9643 2.84079 4
      vertex 20.7765 2.89778 4
    endloop
  endfacet
  facet normal -0.290385 -0.95691 -0
    outer loop
      vertex 20.9643 2.84079 4
      vertex 20.7765 2.89778 0
      vertex 20.9643 2.84079 0
    endloop
  endfacet
  facet normal 0.227069 -0.973879 0
    outer loop
      vertex 19.2235 2.89778 0
      vertex 19.4147 2.94236 4
      vertex 19.2235 2.89778 4
    endloop
  endfacet
  facet normal 0.227069 -0.973879 0
    outer loop
      vertex 19.4147 2.94236 4
      vertex 19.2235 2.89778 0
      vertex 19.4147 2.94236 0
    endloop
  endfacet
  facet normal 0.772876 -0.634557 0
    outer loop
      vertex 17.6199 1.82628 4
      vertex 17.7445 1.97804 0
      vertex 17.7445 1.97804 4
    endloop
  endfacet
  facet normal 0.772876 -0.634557 0
    outer loop
      vertex 17.7445 1.97804 0
      vertex 17.6199 1.82628 4
      vertex 17.6199 1.82628 0
    endloop
  endfacet
  facet normal 0.582418 -0.812889 0
    outer loop
      vertex 18.1737 2.38006 0
      vertex 18.3333 2.49441 4
      vertex 18.1737 2.38006 4
    endloop
  endfacet
  facet normal 0.582418 -0.812889 0
    outer loop
      vertex 18.3333 2.49441 4
      vertex 18.1737 2.38006 0
      vertex 18.3333 2.49441 0
    endloop
  endfacet
  facet normal 0.412544 0.910938 -0
    outer loop
      vertex 18.852 -2.77164 0
      vertex 18.6731 -2.69062 4
      vertex 18.852 -2.77164 4
    endloop
  endfacet
  facet normal 0.412544 0.910938 0
    outer loop
      vertex 18.6731 -2.69062 4
      vertex 18.852 -2.77164 0
      vertex 18.6731 -2.69062 0
    endloop
  endfacet
  facet normal 0.999468 -0.0326009 0
    outer loop
      vertex 17 0 4
      vertex 17.0064 0.196209 0
      vertex 17.0064 0.196209 4
    endloop
  endfacet
  facet normal 0.999468 -0.0326009 0
    outer loop
      vertex 17.0064 0.196209 0
      vertex 17 0 4
      vertex 17 0 0
    endloop
  endfacet
  facet normal 0.290385 0.95691 -0
    outer loop
      vertex 19.2235 -2.89778 0
      vertex 19.0357 -2.84079 4
      vertex 19.2235 -2.89778 4
    endloop
  endfacet
  facet normal 0.290385 0.95691 0
    outer loop
      vertex 19.0357 -2.84079 4
      vertex 19.2235 -2.89778 0
      vertex 19.0357 -2.84079 0
    endloop
  endfacet
  facet normal 0.956922 -0.290345 0
    outer loop
      vertex 17.1022 0.776457 4
      vertex 17.1592 0.964318 0
      vertex 17.1592 0.964318 4
    endloop
  endfacet
  facet normal 0.956922 -0.290345 0
    outer loop
      vertex 17.1592 0.964318 0
      vertex 17.1022 0.776457 4
      vertex 17.1022 0.776457 0
    endloop
  endfacet
  facet normal 0.471461 -0.881887 0
    outer loop
      vertex 18.5 2.59808 0
      vertex 18.6731 2.69062 4
      vertex 18.5 2.59808 4
    endloop
  endfacet
  facet normal 0.471461 -0.881887 0
    outer loop
      vertex 18.6731 2.69062 4
      vertex 18.5 2.59808 0
      vertex 18.6731 2.69062 0
    endloop
  endfacet
  facet normal 0.582418 0.812889 -0
    outer loop
      vertex 18.3333 -2.49441 0
      vertex 18.1737 -2.38006 4
      vertex 18.3333 -2.49441 4
    endloop
  endfacet
  facet normal 0.582418 0.812889 0
    outer loop
      vertex 18.1737 -2.38006 4
      vertex 18.3333 -2.49441 0
      vertex 18.1737 -2.38006 0
    endloop
  endfacet
  facet normal -0.999463 0.0327705 0
    outer loop
      vertex -25 0 0
      vertex -24.9807 0.588628 4
      vertex -24.9807 0.588628 0
    endloop
  endfacet
  facet normal -0.999463 0.0327705 0
    outer loop
      vertex -24.9807 0.588628 4
      vertex -25 0 0
      vertex -25 0 4
    endloop
  endfacet
  facet normal 0.956969 0.290191 0
    outer loop
      vertex 24.6933 2.32937 4
      vertex 24.5224 2.89295 0
      vertex 24.5224 2.89295 4
    endloop
  endfacet
  facet normal 0.956969 0.290191 0
    outer loop
      vertex 24.5224 2.89295 0
      vertex 24.6933 2.32937 4
      vertex 24.6933 2.32937 0
    endloop
  endfacet
  facet normal 0.582418 -0.812889 0
    outer loop
      vertex 21.0001 -7.48323 0
      vertex 21.4789 -7.14018 4
      vertex 21.0001 -7.48323 4
    endloop
  endfacet
  facet normal 0.582418 -0.812889 0
    outer loop
      vertex 21.4789 -7.14018 4
      vertex 21.0001 -7.48323 0
      vertex 21.4789 -7.14018 0
    endloop
  endfacet
  facet normal 0.812884 0.582426 0
    outer loop
      vertex 23.4832 5.00013 4
      vertex 23.1402 5.47885 0
      vertex 23.1402 5.47885 4
    endloop
  endfacet
  facet normal 0.812884 0.582426 0
    outer loop
      vertex 23.1402 5.47885 0
      vertex 23.4832 5.00013 4
      vertex 23.4832 5.00013 0
    endloop
  endfacet
  facet normal -0.290275 -0.956943 0
    outer loop
      vertex -18.893 -8.52237 0
      vertex -18.3294 -8.69333 4
      vertex -18.893 -8.52237 4
    endloop
  endfacet
  facet normal -0.290275 -0.956943 -0
    outer loop
      vertex -18.3294 -8.69333 4
      vertex -18.893 -8.52237 0
      vertex -18.3294 -8.69333 0
    endloop
  endfacet
  facet normal 0.47139 0.881925 -0
    outer loop
      vertex 20.5 7.79423 0
      vertex 19.9806 8.07185 4
      vertex 20.5 7.79423 4
    endloop
  endfacet
  facet normal 0.47139 0.881925 0
    outer loop
      vertex 19.9806 8.07185 4
      vertex 20.5 7.79423 0
      vertex 19.9806 8.07185 0
    endloop
  endfacet
  facet normal 0 -1 0
    outer loop
      vertex -16 -9 0
      vertex 16 -9 4
      vertex -16 -9 4
    endloop
  endfacet
  facet normal 0 -1 -0
    outer loop
      vertex 16 -9 4
      vertex -16 -9 0
      vertex 16 -9 0
    endloop
  endfacet
  facet normal -0.412686 -0.910873 0
    outer loop
      vertex -19.9806 -8.07185 0
      vertex -19.4441 -8.31492 4
      vertex -19.9806 -8.07185 4
    endloop
  endfacet
  facet normal -0.412686 -0.910873 -0
    outer loop
      vertex -19.4441 -8.31492 4
      vertex -19.9806 -8.07185 0
      vertex -19.4441 -8.31492 0
    endloop
  endfacet
  facet normal 0.0980242 -0.995184 0
    outer loop
      vertex 16.5886 -8.98073 0
      vertex 17.1747 -8.923 4
      vertex 16.5886 -8.98073 4
    endloop
  endfacet
  facet normal 0.0980242 -0.995184 0
    outer loop
      vertex 17.1747 -8.923 4
      vertex 16.5886 -8.98073 0
      vertex 17.1747 -8.923 0
    endloop
  endfacet
  facet normal 0 1 -0
    outer loop
      vertex 16 9 0
      vertex -16 9 4
      vertex 16 9 4
    endloop
  endfacet
  facet normal 0 1 0
    outer loop
      vertex -16 9 4
      vertex 16 9 0
      vertex -16 9 0
    endloop
  endfacet
  facet normal -0.986653 -0.162838 0
    outer loop
      vertex -24.8271 -1.75581 0
      vertex -24.923 -1.17474 4
      vertex -24.923 -1.17474 0
    endloop
  endfacet
  facet normal -0.986653 -0.162838 0
    outer loop
      vertex -24.923 -1.17474 4
      vertex -24.8271 -1.75581 0
      vertex -24.8271 -1.75581 4
    endloop
  endfacet
  facet normal 0.999463 0.0327705 0
    outer loop
      vertex 25 0 4
      vertex 24.9807 0.588628 0
      vertex 24.9807 0.588628 4
    endloop
  endfacet
  facet normal 0.999463 0.0327705 0
    outer loop
      vertex 24.9807 0.588628 0
      vertex 25 0 4
      vertex 25 0 0
    endloop
  endfacet
  facet normal 0.0327212 0.999465 -0
    outer loop
      vertex 16.5886 8.98073 0
      vertex 16 9 4
      vertex 16.5886 8.98073 4
    endloop
  endfacet
  facet normal 0.0327212 0.999465 0
    outer loop
      vertex 16 9 4
      vertex 16.5886 8.98073 0
      vertex 16 9 0
    endloop
  endfacet
  facet normal -0.52809 -0.849189 0
    outer loop
      vertex -21.0001 -7.48323 0
      vertex -20.5 -7.79423 4
      vertex -21.0001 -7.48323 4
    endloop
  endfacet
  facet normal -0.52809 -0.849189 -0
    outer loop
      vertex -20.5 -7.79423 4
      vertex -21.0001 -7.48323 0
      vertex -20.5 -7.79423 0
    endloop
  endfacet
  facet normal -0.812884 0.582426 0
    outer loop
      vertex -23.4832 5.00013 0
      vertex -23.1402 5.47885 4
      vertex -23.1402 5.47885 0
    endloop
  endfacet
  facet normal -0.812884 0.582426 0
    outer loop
      vertex -23.1402 5.47885 4
      vertex -23.4832 5.00013 0
      vertex -23.4832 5.00013 4
    endloop
  endfacet
  facet normal 0.0327212 -0.999465 0
    outer loop
      vertex 16 -9 0
      vertex 16.5886 -8.98073 4
      vertex 16 -9 4
    endloop
  endfacet
  facet normal 0.0327212 -0.999465 0
    outer loop
      vertex 16.5886 -8.98073 4
      vertex 16 -9 0
      vertex 16.5886 -8.98073 0
    endloop
  endfacet
  facet normal -0.352296 -0.935889 0
    outer loop
      vertex -19.4441 -8.31492 0
      vertex -18.893 -8.52237 4
      vertex -19.4441 -8.31492 4
    endloop
  endfacet
  facet normal -0.352296 -0.935889 -0
    outer loop
      vertex -18.893 -8.52237 4
      vertex -19.4441 -8.31492 0
      vertex -18.893 -8.52237 0
    endloop
  endfacet
  facet normal 0.162879 -0.986646 0
    outer loop
      vertex 17.1747 -8.923 0
      vertex 17.7558 -8.82707 4
      vertex 17.1747 -8.923 4
    endloop
  endfacet
  facet normal 0.162879 -0.986646 0
    outer loop
      vertex 17.7558 -8.82707 4
      vertex 17.1747 -8.923 0
      vertex 17.7558 -8.82707 0
    endloop
  endfacet
  facet normal 0.849203 0.528067 0
    outer loop
      vertex 23.7942 4.5 4
      vertex 23.4832 5.00013 0
      vertex 23.4832 5.00013 4
    endloop
  endfacet
  facet normal 0.849203 0.528067 0
    outer loop
      vertex 23.4832 5.00013 0
      vertex 23.7942 4.5 4
      vertex 23.7942 4.5 0
    endloop
  endfacet
  facet normal 0.52809 0.849189 -0
    outer loop
      vertex 21.0001 7.48323 0
      vertex 20.5 7.79423 4
      vertex 21.0001 7.48323 4
    endloop
  endfacet
  facet normal 0.52809 0.849189 0
    outer loop
      vertex 20.5 7.79423 4
      vertex 21.0001 7.48323 0
      vertex 20.5 7.79423 0
    endloop
  endfacet
  facet normal -0.0327212 -0.999465 0
    outer loop
      vertex -16.5886 -8.98073 0
      vertex -16 -9 4
      vertex -16.5886 -8.98073 4
    endloop
  endfacet
  facet normal -0.0327212 -0.999465 -0
    outer loop
      vertex -16 -9 4
      vertex -16.5886 -8.98073 0
      vertex -16 -9 0
    endloop
  endfacet
  facet normal 0.352296 -0.935889 0
    outer loop
      vertex 18.893 -8.52237 0
      vertex 19.4441 -8.31492 4
      vertex 18.893 -8.52237 4
    endloop
  endfacet
  facet normal 0.352296 -0.935889 0
    outer loop
      vertex 19.4441 -8.31492 4
      vertex 18.893 -8.52237 0
      vertex 19.4441 -8.31492 0
    endloop
  endfacet
  facet normal -0.935882 -0.352314 0
    outer loop
      vertex -24.3149 -3.44415 0
      vertex -24.5224 -2.89295 4
      vertex -24.5224 -2.89295 0
    endloop
  endfacet
  facet normal -0.935882 -0.352314 0
    outer loop
      vertex -24.5224 -2.89295 4
      vertex -24.3149 -3.44415 0
      vertex -24.3149 -3.44415 4
    endloop
  endfacet
  facet normal 0.935882 -0.352314 0
    outer loop
      vertex 24.3149 -3.44415 4
      vertex 24.5224 -2.89295 0
      vertex 24.5224 -2.89295 4
    endloop
  endfacet
  facet normal 0.935882 -0.352314 0
    outer loop
      vertex 24.5224 -2.89295 0
      vertex 24.3149 -3.44415 4
      vertex 24.3149 -3.44415 0
    endloop
  endfacet
  facet normal -0.910904 -0.412619 0
    outer loop
      vertex -24.0719 -3.9806 0
      vertex -24.3149 -3.44415 4
      vertex -24.3149 -3.44415 0
    endloop
  endfacet
  facet normal -0.910904 -0.412619 0
    outer loop
      vertex -24.3149 -3.44415 4
      vertex -24.0719 -3.9806 0
      vertex -24.0719 -3.9806 4
    endloop
  endfacet
  facet normal -0.162879 0.986646 0
    outer loop
      vertex -17.1747 8.923 0
      vertex -17.7558 8.82707 4
      vertex -17.1747 8.923 4
    endloop
  endfacet
  facet normal -0.162879 0.986646 0
    outer loop
      vertex -17.7558 8.82707 4
      vertex -17.1747 8.923 0
      vertex -17.7558 8.82707 0
    endloop
  endfacet
  facet normal -0.0980242 0.995184 0
    outer loop
      vertex -16.5886 8.98073 0
      vertex -17.1747 8.923 4
      vertex -16.5886 8.98073 4
    endloop
  endfacet
  facet normal -0.0980242 0.995184 0
    outer loop
      vertex -17.1747 8.923 4
      vertex -16.5886 8.98073 0
      vertex -17.1747 8.923 0
    endloop
  endfacet
  facet normal 0.683551 -0.729902 0
    outer loop
      vertex 21.9341 -6.76656 0
      vertex 22.364 -6.36396 4
      vertex 21.9341 -6.76656 4
    endloop
  endfacet
  facet normal 0.683551 -0.729902 0
    outer loop
      vertex 22.364 -6.36396 4
      vertex 21.9341 -6.76656 0
      vertex 22.364 -6.36396 0
    endloop
  endfacet
  facet normal -0.412686 0.910873 0
    outer loop
      vertex -19.4441 8.31492 0
      vertex -19.9806 8.07185 4
      vertex -19.4441 8.31492 4
    endloop
  endfacet
  facet normal -0.412686 0.910873 0
    outer loop
      vertex -19.9806 8.07185 4
      vertex -19.4441 8.31492 0
      vertex -19.9806 8.07185 0
    endloop
  endfacet
  facet normal 0.290275 -0.956943 0
    outer loop
      vertex 18.3294 -8.69333 0
      vertex 18.893 -8.52237 4
      vertex 18.3294 -8.69333 4
    endloop
  endfacet
  facet normal 0.290275 -0.956943 0
    outer loop
      vertex 18.893 -8.52237 4
      vertex 18.3294 -8.69333 0
      vertex 18.893 -8.52237 0
    endloop
  endfacet
  facet normal -0.849203 0.528067 0
    outer loop
      vertex -23.7942 4.5 0
      vertex -23.4832 5.00013 4
      vertex -23.4832 5.00013 0
    endloop
  endfacet
  facet normal -0.849203 0.528067 0
    outer loop
      vertex -23.4832 5.00013 4
      vertex -23.7942 4.5 0
      vertex -23.7942 4.5 4
    endloop
  endfacet
  facet normal 0.412686 -0.910873 0
    outer loop
      vertex 19.4441 -8.31492 0
      vertex 19.9806 -8.07185 4
      vertex 19.4441 -8.31492 4
    endloop
  endfacet
  facet normal 0.412686 -0.910873 0
    outer loop
      vertex 19.9806 -8.07185 4
      vertex 19.4441 -8.31492 0
      vertex 19.9806 -8.07185 0
    endloop
  endfacet
  facet normal -0.935882 0.352314 0
    outer loop
      vertex -24.5224 2.89295 0
      vertex -24.3149 3.44415 4
      vertex -24.3149 3.44415 0
    endloop
  endfacet
  facet normal -0.935882 0.352314 0
    outer loop
      vertex -24.3149 3.44415 4
      vertex -24.5224 2.89295 0
      vertex -24.5224 2.89295 4
    endloop
  endfacet
  facet normal -0.995189 -0.0979717 0
    outer loop
      vertex -24.923 -1.17474 0
      vertex -24.9807 -0.588628 4
      vertex -24.9807 -0.588628 0
    endloop
  endfacet
  facet normal -0.995189 -0.0979717 0
    outer loop
      vertex -24.9807 -0.588628 4
      vertex -24.923 -1.17474 0
      vertex -24.923 -1.17474 4
    endloop
  endfacet
  facet normal -0.0980242 -0.995184 0
    outer loop
      vertex -17.1747 -8.923 0
      vertex -16.5886 -8.98073 4
      vertex -17.1747 -8.923 4
    endloop
  endfacet
  facet normal -0.0980242 -0.995184 -0
    outer loop
      vertex -16.5886 -8.98073 4
      vertex -17.1747 -8.923 0
      vertex -16.5886 -8.98073 0
    endloop
  endfacet
  facet normal 0.634441 0.772971 -0
    outer loop
      vertex 21.9341 6.76656 0
      vertex 21.4789 7.14018 4
      vertex 21.9341 6.76656 4
    endloop
  endfacet
  facet normal 0.634441 0.772971 0
    outer loop
      vertex 21.4789 7.14018 4
      vertex 21.9341 6.76656 0
      vertex 21.4789 7.14018 0
    endloop
  endfacet
  facet normal 0.352296 0.935889 -0
    outer loop
      vertex 19.4441 8.31492 0
      vertex 18.893 8.52237 4
      vertex 19.4441 8.31492 4
    endloop
  endfacet
  facet normal 0.352296 0.935889 0
    outer loop
      vertex 18.893 8.52237 4
      vertex 19.4441 8.31492 0
      vertex 18.893 8.52237 0
    endloop
  endfacet
  facet normal -0.0327212 0.999465 0
    outer loop
      vertex -16 9 0
      vertex -16.5886 8.98073 4
      vertex -16 9 4
    endloop
  endfacet
  facet normal -0.0327212 0.999465 0
    outer loop
      vertex -16.5886 8.98073 4
      vertex -16 9 0
      vertex -16.5886 8.98073 0
    endloop
  endfacet
  facet normal 0.412686 0.910873 -0
    outer loop
      vertex 19.9806 8.07185 0
      vertex 19.4441 8.31492 4
      vertex 19.9806 8.07185 4
    endloop
  endfacet
  facet normal 0.412686 0.910873 0
    outer loop
      vertex 19.4441 8.31492 4
      vertex 19.9806 8.07185 0
      vertex 19.4441 8.31492 0
    endloop
  endfacet
  facet normal -0.729863 0.683594 0
    outer loop
      vertex -22.7666 5.93411 0
      vertex -22.364 6.36396 4
      vertex -22.364 6.36396 0
    endloop
  endfacet
  facet normal -0.729863 0.683594 0
    outer loop
      vertex -22.364 6.36396 4
      vertex -22.7666 5.93411 0
      vertex -22.7666 5.93411 4
    endloop
  endfacet
  facet normal 0 0 1
    outer loop
      vertex -5.10008 -1.01447 4
      vertex -17.1022 -0.776457 4
      vertex -5.02281 -1.34586 4
    endloop
  endfacet
  facet normal -0 0 1
    outer loop
      vertex -17.1592 -0.964318 4
      vertex -5.02281 -1.34586 4
      vertex -17.1022 -0.776457 4
    endloop
  endfacet
  facet normal 0 0 1
    outer loop
      vertex -5.02281 -1.34586 4
      vertex -17.1592 -0.964318 4
      vertex -4.92404 -1.67148 4
    endloop
  endfacet
  facet normal -0 0 1
    outer loop
      vertex -17.2284 -1.14805 4
      vertex -4.92404 -1.67148 4
      vertex -17.1592 -0.964318 4
    endloop
  endfacet
  facet normal -0 0 1
    outer loop
      vertex -17.3094 -1.32687 4
      vertex -4.92404 -1.67148 4
      vertex -17.2284 -1.14805 4
    endloop
  endfacet
  facet normal 0 0 1
    outer loop
      vertex -4.92404 -1.67148 4
      vertex -17.3094 -1.32687 4
      vertex -16 -9 4
    endloop
  endfacet
  facet normal -0 0 1
    outer loop
      vertex -17.4019 -1.5 4
      vertex -16 -9 4
      vertex -17.3094 -1.32687 4
    endloop
  endfacet
  facet normal -0 0 1
    outer loop
      vertex -17.5056 -1.66671 4
      vertex -16 -9 4
      vertex -17.4019 -1.5 4
    endloop
  endfacet
  facet normal -0 0 1
    outer loop
      vertex -17.6199 -1.82628 4
      vertex -16 -9 4
      vertex -17.5056 -1.66671 4
    endloop
  endfacet
  facet normal -0 0 1
    outer loop
      vertex -17.7445 -1.97804 4
      vertex -16 -9 4
      vertex -17.6199 -1.82628 4
    endloop
  endfacet
  facet normal -0 0 1
    outer loop
      vertex -17.8787 -2.12132 4
      vertex -16 -9 4
      vertex -17.7445 -1.97804 4
    endloop
  endfacet
  facet normal -0 0 1
    outer loop
      vertex -18.022 -2.25552 4
      vertex -16 -9 4
      vertex -17.8787 -2.12132 4
    endloop
  endfacet
  facet normal -0 0 1
    outer loop
      vertex -18.1737 -2.38006 4
      vertex -16 -9 4
      vertex -18.022 -2.25552 4
    endloop
  endfacet
  facet normal 0 0 1
    outer loop
      vertex -16 -9 4
      vertex -18.1737 -2.38006 4
      vertex -16.5886 -8.98073 4
    endloop
  endfacet
  facet normal -0 0 1
    outer loop
      vertex -18.3333 -2.49441 4
      vertex -16.5886 -8.98073 4
      vertex -18.1737 -2.38006 4
    endloop
  endfacet
  facet normal 0 0 1
    outer loop
      vertex -16.5886 -8.98073 4
      vertex -18.3333 -2.49441 4
      vertex -17.1747 -8.923 4
    endloop
  endfacet
  facet normal -0 0 1
    outer loop
      vertex -18.5 -2.59808 4
      vertex -17.1747 -8.923 4
      vertex -18.3333 -2.49441 4
    endloop
  endfacet
  facet normal 0 0 1
    outer loop
      vertex -17.1747 -8.923 4
      vertex -18.5 -2.59808 4
      vertex -17.7558 -8.82707 4
    endloop
  endfacet
  facet normal -0 0 1
    outer loop
      vertex -18.6731 -2.69062 4
      vertex -17.7558 -8.82707 4
      vertex -18.5 -2.59808 4
    endloop
  endfacet
  facet normal 0 0 1
    outer loop
      vertex -17.7558 -8.82707 4
      vertex -18.6731 -2.69062 4
      vertex -18.3294 -8.69333 4
    endloop
  endfacet
  facet normal -0 0 1
    outer loop
      vertex -18.852 -2.77164 4
      vertex -18.3294 -8.69333 4
      vertex -18.6731 -2.69062 4
    endloop
  endfacet
  facet normal 0 0 1
    outer loop
      vertex -18.852 -2.77164 4
      vertex -18.893 -8.52237 4
      vertex -18.3294 -8.69333 4
    endloop
  endfacet
  facet normal -0 0 1
    outer loop
      vertex -19.0357 -2.84079 4
      vertex -18.893 -8.52237 4
      vertex -18.852 -2.77164 4
    endloop
  endfacet
  facet normal 0 0 1
    outer loop
      vertex -19.4441 -8.31492 4
      vertex -19.0357 -2.84079 4
      vertex -19.2235 -2.89778 4
    endloop
  endfacet
  facet normal 0 0 1
    outer loop
      vertex -19.9806 -8.07185 4
      vertex -19.2235 -2.89778 4
      vertex -19.4147 -2.94236 4
    endloop
  endfacet
  facet normal 0 0 1
    outer loop
      vertex -19.0357 -2.84079 4
      vertex -19.4441 -8.31492 4
      vertex -18.893 -8.52237 4
    endloop
  endfacet
  facet normal 0 0 1
    outer loop
      vertex -20.5 -7.79423 4
      vertex -19.4147 -2.94236 4
      vertex -19.6084 -2.97433 4
    endloop
  endfacet
  facet normal 0 0 1
    outer loop
      vertex -21.0001 -7.48323 4
      vertex -19.6084 -2.97433 4
      vertex -19.8038 -2.99358 4
    endloop
  endfacet
  facet normal 0 0 1
    outer loop
      vertex -19.2235 -2.89778 4
      vertex -19.9806 -8.07185 4
      vertex -19.4441 -8.31492 4
    endloop
  endfacet
  facet normal 0 0 1
    outer loop
      vertex -21.0001 -7.48323 4
      vertex -19.8038 -2.99358 4
      vertex -20 -3 4
    endloop
  endfacet
  facet normal 0 0 1
    outer loop
      vertex -21.4789 -7.14018 4
      vertex -20 -3 4
      vertex -20.1962 -2.99358 4
    endloop
  endfacet
  facet normal 0 0 1
    outer loop
      vertex -21.9341 -6.76656 4
      vertex -20.1962 -2.99358 4
      vertex -20.3916 -2.97433 4
    endloop
  endfacet
  facet normal 0 0 1
    outer loop
      vertex -19.4147 -2.94236 4
      vertex -20.5 -7.79423 4
      vertex -19.9806 -8.07185 4
    endloop
  endfacet
  facet normal 0 0 1
    outer loop
      vertex -22.364 -6.36396 4
      vertex -20.3916 -2.97433 4
      vertex -20.5853 -2.94236 4
    endloop
  endfacet
  facet normal 0 0 1
    outer loop
      vertex -22.364 -6.36396 4
      vertex -20.5853 -2.94236 4
      vertex -20.7765 -2.89778 4
    endloop
  endfacet
  facet normal 0 0 1
    outer loop
      vertex -22.7666 -5.93411 4
      vertex -20.7765 -2.89778 4
      vertex -20.9643 -2.84079 4
    endloop
  endfacet
  facet normal 0 0 1
    outer loop
      vertex -19.6084 -2.97433 4
      vertex -21.0001 -7.48323 4
      vertex -20.5 -7.79423 4
    endloop
  endfacet
  facet normal 0 0 1
    outer loop
      vertex -23.1402 -5.47885 4
      vertex -20.9643 -2.84079 4
      vertex -21.148 -2.77164 4
    endloop
  endfacet
  facet normal 0 0 1
    outer loop
      vertex -23.1402 -5.47885 4
      vertex -21.148 -2.77164 4
      vertex -21.3269 -2.69062 4
    endloop
  endfacet
  facet normal 0 0 1
    outer loop
      vertex -20 -3 4
      vertex -21.4789 -7.14018 4
      vertex -21.0001 -7.48323 4
    endloop
  endfacet
  facet normal 0 0 1
    outer loop
      vertex -23.4832 -5.00013 4
      vertex -21.3269 -2.69062 4
      vertex -21.5 -2.59808 4
    endloop
  endfacet
  facet normal 0 0 1
    outer loop
      vertex -23.7942 -4.5 4
      vertex -21.5 -2.59808 4
      vertex -21.6667 -2.49441 4
    endloop
  endfacet
  facet normal 0 0 1
    outer loop
      vertex -23.7942 -4.5 4
      vertex -21.6667 -2.49441 4
      vertex -21.8263 -2.38006 4
    endloop
  endfacet
  facet normal 0 0 1
    outer loop
      vertex -20.1962 -2.99358 4
      vertex -21.9341 -6.76656 4
      vertex -21.4789 -7.14018 4
    endloop
  endfacet
  facet normal 0 0 1
    outer loop
      vertex -24.0719 -3.9806 4
      vertex -21.8263 -2.38006 4
      vertex -21.978 -2.25552 4
    endloop
  endfacet
  facet normal 0 0 1
    outer loop
      vertex -24.0719 -3.9806 4
      vertex -21.978 -2.25552 4
      vertex -22.1213 -2.12132 4
    endloop
  endfacet
  facet normal 0 0 1
    outer loop
      vertex -24.3149 -3.44415 4
      vertex -22.1213 -2.12132 4
      vertex -22.2555 -1.97804 4
    endloop
  endfacet
  facet normal 0 0 1
    outer loop
      vertex -20.3916 -2.97433 4
      vertex -22.364 -6.36396 4
      vertex -21.9341 -6.76656 4
    endloop
  endfacet
  facet normal 0 0 1
    outer loop
      vertex -24.5224 -2.89295 4
      vertex -22.2555 -1.97804 4
      vertex -22.3801 -1.82628 4
    endloop
  endfacet
  facet normal 0 0 1
    outer loop
      vertex -24.5224 -2.89295 4
      vertex -22.3801 -1.82628 4
      vertex -22.4944 -1.66671 4
    endloop
  endfacet
  facet normal 0 0 1
    outer loop
      vertex -24.6933 -2.32937 4
      vertex -22.4944 -1.66671 4
      vertex -22.5981 -1.5 4
    endloop
  endfacet
  facet normal 0 0 1
    outer loop
      vertex -24.6933 -2.32937 4
      vertex -22.5981 -1.5 4
      vertex -22.6906 -1.32687 4
    endloop
  endfacet
  facet normal 0 0 1
    outer loop
      vertex -20.7765 -2.89778 4
      vertex -22.7666 -5.93411 4
      vertex -22.364 -6.36396 4
    endloop
  endfacet
  facet normal 0 0 1
    outer loop
      vertex -24.8271 -1.75581 4
      vertex -22.6906 -1.32687 4
      vertex -22.7716 -1.14805 4
    endloop
  endfacet
  facet normal 0 0 1
    outer loop
      vertex -24.8271 -1.75581 4
      vertex -22.7716 -1.14805 4
      vertex -22.8408 -0.964318 4
    endloop
  endfacet
  facet normal 0 0 1
    outer loop
      vertex -24.923 -1.17474 4
      vertex -22.8408 -0.964318 4
      vertex -22.8978 -0.776457 4
    endloop
  endfacet
  facet normal 0 0 1
    outer loop
      vertex -24.923 -1.17474 4
      vertex -22.8978 -0.776457 4
      vertex -22.9424 -0.585271 4
    endloop
  endfacet
  facet normal 0 0 1
    outer loop
      vertex -24.9807 -0.588628 4
      vertex -22.9424 -0.585271 4
      vertex -22.9743 -0.391578 4
    endloop
  endfacet
  facet normal 0 0 1
    outer loop
      vertex -24.9807 -0.588628 4
      vertex -22.9743 -0.391578 4
      vertex -22.9936 -0.196209 4
    endloop
  endfacet
  facet normal 0 0 1
    outer loop
      vertex -20.9643 -2.84079 4
      vertex -23.1402 -5.47885 4
      vertex -22.7666 -5.93411 4
    endloop
  endfacet
  facet normal -0 0 1
    outer loop
      vertex -25 0 4
      vertex -22.9936 -0.196209 4
      vertex -23 0 4
    endloop
  endfacet
  facet normal 0 0 1
    outer loop
      vertex -22.6906 1.32687 4
      vertex -24.8271 1.75581 4
      vertex -22.7716 1.14805 4
    endloop
  endfacet
  facet normal 0 0 1
    outer loop
      vertex -22.7716 1.14805 4
      vertex -24.8271 1.75581 4
      vertex -22.8408 0.964318 4
    endloop
  endfacet
  facet normal 0 0 1
    outer loop
      vertex -21.3269 -2.69062 4
      vertex -23.4832 -5.00013 4
      vertex -23.1402 -5.47885 4
    endloop
  endfacet
  facet normal -0 0 1
    outer loop
      vertex -24.923 1.17474 4
      vertex -22.8408 0.964318 4
      vertex -24.8271 1.75581 4
    endloop
  endfacet
  facet normal 0 0 1
    outer loop
      vertex -21.5 -2.59808 4
      vertex -23.7942 -4.5 4
      vertex -23.4832 -5.00013 4
    endloop
  endfacet
  facet normal 0 0 1
    outer loop
      vertex -22.8408 0.964318 4
      vertex -24.923 1.17474 4
      vertex -22.8978 0.776457 4
    endloop
  endfacet
  facet normal 0 0 1
    outer loop
      vertex -21.8263 -2.38006 4
      vertex -24.0719 -3.9806 4
      vertex -23.7942 -4.5 4
    endloop
  endfacet
  facet normal 0 0 1
    outer loop
      vertex -22.8978 0.776457 4
      vertex -24.923 1.17474 4
      vertex -22.9424 0.585271 4
    endloop
  endfacet
  facet normal 0 0 1
    outer loop
      vertex -22.1213 -2.12132 4
      vertex -24.3149 -3.44415 4
      vertex -24.0719 -3.9806 4
    endloop
  endfacet
  facet normal -0 0 1
    outer loop
      vertex -24.9807 0.588628 4
      vertex -22.9424 0.585271 4
      vertex -24.923 1.17474 4
    endloop
  endfacet
  facet normal 0 0 1
    outer loop
      vertex -22.2555 -1.97804 4
      vertex -24.5224 -2.89295 4
      vertex -24.3149 -3.44415 4
    endloop
  endfacet
  facet normal 0 0 1
    outer loop
      vertex -22.9424 0.585271 4
      vertex -24.9807 0.588628 4
      vertex -22.9743 0.391578 4
    endloop
  endfacet
  facet normal 0 0 1
    outer loop
      vertex -22.4944 -1.66671 4
      vertex -24.6933 -2.32937 4
      vertex -24.5224 -2.89295 4
    endloop
  endfacet
  facet normal 0 0 1
    outer loop
      vertex -22.9743 0.391578 4
      vertex -24.9807 0.588628 4
      vertex -22.9936 0.196209 4
    endloop
  endfacet
  facet normal 0 0 1
    outer loop
      vertex -22.6906 -1.32687 4
      vertex -24.8271 -1.75581 4
      vertex -24.6933 -2.32937 4
    endloop
  endfacet
  facet normal 0 0 1
    outer loop
      vertex -25 0 4
      vertex -22.9936 0.196209 4
      vertex -24.9807 0.588628 4
    endloop
  endfacet
  facet normal 0 0 1
    outer loop
      vertex -22.8408 -0.964318 4
      vertex -24.923 -1.17474 4
      vertex -24.8271 -1.75581 4
    endloop
  endfacet
  facet normal 0 0 1
    outer loop
      vertex -22.9936 0.196209 4
      vertex -25 0 4
      vertex -23 0 4
    endloop
  endfacet
  facet normal 0 0 1
    outer loop
      vertex -22.9424 -0.585271 4
      vertex -24.9807 -0.588628 4
      vertex -24.923 -1.17474 4
    endloop
  endfacet
  facet normal 0 0 1
    outer loop
      vertex -22.9936 -0.196209 4
      vertex -25 0 4
      vertex -24.9807 -0.588628 4
    endloop
  endfacet
  facet normal 0 0 1
    outer loop
      vertex 17.1022 -0.776457 4
      vertex 5.02281 -1.34586 4
      vertex 17.1592 -0.964318 4
    endloop
  endfacet
  facet normal 0 0 1
    outer loop
      vertex 17.1592 -0.964318 4
      vertex 5.02281 -1.34586 4
      vertex 17.2284 -1.14805 4
    endloop
  endfacet
  facet normal 0 0 1
    outer loop
      vertex 4.92404 -1.67148 4
      vertex 17.2284 -1.14805 4
      vertex 5.02281 -1.34586 4
    endloop
  endfacet
  facet normal 0 0 1
    outer loop
      vertex 17.2284 -1.14805 4
      vertex 4.92404 -1.67148 4
      vertex 17.3094 -1.32687 4
    endloop
  endfacet
  facet normal 0 0 1
    outer loop
      vertex 17.3094 -1.32687 4
      vertex 4.92404 -1.67148 4
      vertex 16 -9 4
    endloop
  endfacet
  facet normal -0 0 1
    outer loop
      vertex 4.80417 -1.98995 4
      vertex 16 -9 4
      vertex 4.92404 -1.67148 4
    endloop
  endfacet
  facet normal -0 0 1
    outer loop
      vertex 4.66374 -2.2999 4
      vertex 16 -9 4
      vertex 4.80417 -1.98995 4
    endloop
  endfacet
  facet normal -0 0 1
    outer loop
      vertex 4.50333 -2.6 4
      vertex 16 -9 4
      vertex 4.66374 -2.2999 4
    endloop
  endfacet
  facet normal -0 0 1
    outer loop
      vertex 4.32364 -2.88896 4
      vertex 16 -9 4
      vertex 4.50333 -2.6 4
    endloop
  endfacet
  facet normal -0 0 1
    outer loop
      vertex 4.12544 -3.16556 4
      vertex 16 -9 4
      vertex 4.32364 -2.88896 4
    endloop
  endfacet
  facet normal -0 0 1
    outer loop
      vertex 3.90957 -3.4286 4
      vertex 16 -9 4
      vertex 4.12544 -3.16556 4
    endloop
  endfacet
  facet normal -0 0 1
    outer loop
      vertex 3.67696 -3.67696 4
      vertex 16 -9 4
      vertex 3.90957 -3.4286 4
    endloop
  endfacet
  facet normal -0 0 1
    outer loop
      vertex 3.4286 -3.90957 4
      vertex 16 -9 4
      vertex 3.67696 -3.67696 4
    endloop
  endfacet
  facet normal -0 0 1
    outer loop
      vertex 3.16556 -4.12544 4
      vertex 16 -9 4
      vertex 3.4286 -3.90957 4
    endloop
  endfacet
  facet normal -0 0 1
    outer loop
      vertex 2.88896 -4.32364 4
      vertex 16 -9 4
      vertex 3.16556 -4.12544 4
    endloop
  endfacet
  facet normal -0 0 1
    outer loop
      vertex 2.6 -4.50333 4
      vertex 16 -9 4
      vertex 2.88896 -4.32364 4
    endloop
  endfacet
  facet normal -0 0 1
    outer loop
      vertex 2.2999 -4.66374 4
      vertex 16 -9 4
      vertex 2.6 -4.50333 4
    endloop
  endfacet
  facet normal -0 0 1
    outer loop
      vertex 1.98995 -4.80417 4
      vertex 16 -9 4
      vertex 2.2999 -4.66374 4
    endloop
  endfacet
  facet normal -0 0 1
    outer loop
      vertex 1.67148 -4.92404 4
      vertex 16 -9 4
      vertex 1.98995 -4.80417 4
    endloop
  endfacet
  facet normal -0 0 1
    outer loop
      vertex 1.34586 -5.02281 4
      vertex 16 -9 4
      vertex 1.67148 -4.92404 4
    endloop
  endfacet
  facet normal -0 0 1
    outer loop
      vertex 1.01447 -5.10008 4
      vertex 16 -9 4
      vertex 1.34586 -5.02281 4
    endloop
  endfacet
  facet normal -0 0 1
    outer loop
      vertex 0.678736 -5.15551 4
      vertex 16 -9 4
      vertex 1.01447 -5.10008 4
    endloop
  endfacet
  facet normal -0 0 1
    outer loop
      vertex 0.340096 -5.18887 4
      vertex 16 -9 4
      vertex 0.678736 -5.15551 4
    endloop
  endfacet
  facet normal -0 0 1
    outer loop
      vertex 0 -5.2 4
      vertex 16 -9 4
      vertex 0.340096 -5.18887 4
    endloop
  endfacet
  facet normal 0 0 1
    outer loop
      vertex -16 -9 4
      vertex 0 -5.2 4
      vertex -0.340096 -5.18887 4
    endloop
  endfacet
  facet normal 0 0 1
    outer loop
      vertex -16 -9 4
      vertex -0.340096 -5.18887 4
      vertex -0.678736 -5.15551 4
    endloop
  endfacet
  facet normal 0 0 1
    outer loop
      vertex -16 -9 4
      vertex -0.678736 -5.15551 4
      vertex -1.01447 -5.10008 4
    endloop
  endfacet
  facet normal 0 -0 1
    outer loop
      vertex -17.0576 0.585271 4
      vertex -5.10008 1.01447 4
      vertex -17.1022 0.776457 4
    endloop
  endfacet
  facet normal 0 0 1
    outer loop
      vertex -5.10008 1.01447 4
      vertex -17.0576 0.585271 4
      vertex -5.15551 0.678736 4
    endloop
  endfacet
  facet normal 0 -0 1
    outer loop
      vertex -17.0257 0.391578 4
      vertex -5.15551 0.678736 4
      vertex -17.0576 0.585271 4
    endloop
  endfacet
  facet normal 0 0 1
    outer loop
      vertex -5.15551 0.678736 4
      vertex -17.0257 0.391578 4
      vertex -5.18887 0.340096 4
    endloop
  endfacet
  facet normal 0 -0 1
    outer loop
      vertex -17.0064 0.196209 4
      vertex -5.18887 0.340096 4
      vertex -17.0257 0.391578 4
    endloop
  endfacet
  facet normal 0 0 1
    outer loop
      vertex -5.18887 0.340096 4
      vertex -17.0064 0.196209 4
      vertex -5.2 0 4
    endloop
  endfacet
  facet normal 0 -0 1
    outer loop
      vertex -17 0 4
      vertex -5.2 0 4
      vertex -17.0064 0.196209 4
    endloop
  endfacet
  facet normal 0 0 1
    outer loop
      vertex -17.0064 -0.196209 4
      vertex -5.2 0 4
      vertex -17 0 4
    endloop
  endfacet
  facet normal 0 0 1
    outer loop
      vertex -17.0257 -0.391578 4
      vertex -5.18887 -0.340096 4
      vertex -17.0064 -0.196209 4
    endloop
  endfacet
  facet normal 0 0 1
    outer loop
      vertex -5.18887 -0.340096 4
      vertex -17.0257 -0.391578 4
      vertex -5.15551 -0.678736 4
    endloop
  endfacet
  facet normal -0 0 1
    outer loop
      vertex -17.0576 -0.585271 4
      vertex -5.15551 -0.678736 4
      vertex -17.0257 -0.391578 4
    endloop
  endfacet
  facet normal 0 0 1
    outer loop
      vertex -5.15551 -0.678736 4
      vertex -17.0576 -0.585271 4
      vertex -5.10008 -1.01447 4
    endloop
  endfacet
  facet normal 0 0 1
    outer loop
      vertex 0 -5.2 4
      vertex -16 -9 4
      vertex 16 -9 4
    endloop
  endfacet
  facet normal 0 0 1
    outer loop
      vertex -1.34586 -5.02281 4
      vertex -16 -9 4
      vertex -1.01447 -5.10008 4
    endloop
  endfacet
  facet normal 0 0 1
    outer loop
      vertex -1.67148 -4.92404 4
      vertex -16 -9 4
      vertex -1.34586 -5.02281 4
    endloop
  endfacet
  facet normal 0 0 1
    outer loop
      vertex -1.98995 -4.80417 4
      vertex -16 -9 4
      vertex -1.67148 -4.92404 4
    endloop
  endfacet
  facet normal 0 0 1
    outer loop
      vertex -2.2999 -4.66374 4
      vertex -16 -9 4
      vertex -1.98995 -4.80417 4
    endloop
  endfacet
  facet normal 0 0 1
    outer loop
      vertex -2.6 -4.50333 4
      vertex -16 -9 4
      vertex -2.2999 -4.66374 4
    endloop
  endfacet
  facet normal 0 0 1
    outer loop
      vertex -2.88896 -4.32364 4
      vertex -16 -9 4
      vertex -2.6 -4.50333 4
    endloop
  endfacet
  facet normal 0 0 1
    outer loop
      vertex -3.16556 -4.12544 4
      vertex -16 -9 4
      vertex -2.88896 -4.32364 4
    endloop
  endfacet
  facet normal 0 0 1
    outer loop
      vertex -3.4286 -3.90957 4
      vertex -16 -9 4
      vertex -3.16556 -4.12544 4
    endloop
  endfacet
  facet normal 0 0 1
    outer loop
      vertex -3.67696 -3.67696 4
      vertex -16 -9 4
      vertex -3.4286 -3.90957 4
    endloop
  endfacet
  facet normal 0 0 1
    outer loop
      vertex -4.92404 -1.67148 4
      vertex -16 -9 4
      vertex -4.80417 -1.98995 4
    endloop
  endfacet
  facet normal 0 0 1
    outer loop
      vertex -18.1737 2.38006 4
      vertex -16 9 4
      vertex -16.5886 8.98073 4
    endloop
  endfacet
  facet normal 0 0 1
    outer loop
      vertex -3.90957 -3.4286 4
      vertex -16 -9 4
      vertex -3.67696 -3.67696 4
    endloop
  endfacet
  facet normal -0 0 1
    outer loop
      vertex -17.1022 -0.776457 4
      vertex -5.10008 -1.01447 4
      vertex -17.0576 -0.585271 4
    endloop
  endfacet
  facet normal 0 0 1
    outer loop
      vertex -4.12544 -3.16556 4
      vertex -16 -9 4
      vertex -3.90957 -3.4286 4
    endloop
  endfacet
  facet normal 0 0 1
    outer loop
      vertex -4.32364 -2.88896 4
      vertex -16 -9 4
      vertex -4.12544 -3.16556 4
    endloop
  endfacet
  facet normal 0 0 1
    outer loop
      vertex -4.50333 -2.6 4
      vertex -16 -9 4
      vertex -4.32364 -2.88896 4
    endloop
  endfacet
  facet normal 0 0 1
    outer loop
      vertex -4.66374 -2.2999 4
      vertex -16 -9 4
      vertex -4.50333 -2.6 4
    endloop
  endfacet
  facet normal 0 0 1
    outer loop
      vertex -4.80417 -1.98995 4
      vertex -16 -9 4
      vertex -4.66374 -2.2999 4
    endloop
  endfacet
  facet normal 0 0 1
    outer loop
      vertex -18.3333 2.49441 4
      vertex -16.5886 8.98073 4
      vertex -17.1747 8.923 4
    endloop
  endfacet
  facet normal 0 0 1
    outer loop
      vertex -5.2 0 4
      vertex -17.0064 -0.196209 4
      vertex -5.18887 -0.340096 4
    endloop
  endfacet
  facet normal 0 0 1
    outer loop
      vertex -16 9 4
      vertex -17.3094 1.32687 4
      vertex -17.2284 1.14805 4
    endloop
  endfacet
  facet normal 0 0 1
    outer loop
      vertex -16 9 4
      vertex -17.4019 1.5 4
      vertex -17.3094 1.32687 4
    endloop
  endfacet
  facet normal 0 0 1
    outer loop
      vertex -16 9 4
      vertex -17.5056 1.66671 4
      vertex -17.4019 1.5 4
    endloop
  endfacet
  facet normal 0 0 1
    outer loop
      vertex -16 9 4
      vertex -17.6199 1.82628 4
      vertex -17.5056 1.66671 4
    endloop
  endfacet
  facet normal 0 0 1
    outer loop
      vertex -16 9 4
      vertex -17.7445 1.97804 4
      vertex -17.6199 1.82628 4
    endloop
  endfacet
  facet normal 0 0 1
    outer loop
      vertex -18.5 2.59808 4
      vertex -17.1747 8.923 4
      vertex -17.7558 8.82707 4
    endloop
  endfacet
  facet normal 0 0 1
    outer loop
      vertex -16 9 4
      vertex -17.8787 2.12132 4
      vertex -17.7445 1.97804 4
    endloop
  endfacet
  facet normal 0 0 1
    outer loop
      vertex -16 9 4
      vertex -18.022 2.25552 4
      vertex -17.8787 2.12132 4
    endloop
  endfacet
  facet normal 0 0 1
    outer loop
      vertex -16 9 4
      vertex -18.1737 2.38006 4
      vertex -18.022 2.25552 4
    endloop
  endfacet
  facet normal 0 0 1
    outer loop
      vertex -18.6731 2.69062 4
      vertex -17.7558 8.82707 4
      vertex -18.3294 8.69333 4
    endloop
  endfacet
  facet normal 0 0 1
    outer loop
      vertex -16.5886 8.98073 4
      vertex -18.3333 2.49441 4
      vertex -18.1737 2.38006 4
    endloop
  endfacet
  facet normal 0 0 1
    outer loop
      vertex -17.1747 8.923 4
      vertex -18.5 2.59808 4
      vertex -18.3333 2.49441 4
    endloop
  endfacet
  facet normal 0 0 1
    outer loop
      vertex -17.7558 8.82707 4
      vertex -18.6731 2.69062 4
      vertex -18.5 2.59808 4
    endloop
  endfacet
  facet normal 0 0 1
    outer loop
      vertex -18.3294 8.69333 4
      vertex -18.852 2.77164 4
      vertex -18.6731 2.69062 4
    endloop
  endfacet
  facet normal -0 0 1
    outer loop
      vertex -18.893 8.52237 4
      vertex -18.852 2.77164 4
      vertex -18.3294 8.69333 4
    endloop
  endfacet
  facet normal 0 0 1
    outer loop
      vertex -18.893 8.52237 4
      vertex -19.0357 2.84079 4
      vertex -18.852 2.77164 4
    endloop
  endfacet
  facet normal -0 0 1
    outer loop
      vertex -19.4441 8.31492 4
      vertex -19.0357 2.84079 4
      vertex -18.893 8.52237 4
    endloop
  endfacet
  facet normal 0 0 1
    outer loop
      vertex -19.0357 2.84079 4
      vertex -19.4441 8.31492 4
      vertex -19.2235 2.89778 4
    endloop
  endfacet
  facet normal -0 0 1
    outer loop
      vertex -19.9806 8.07185 4
      vertex -19.2235 2.89778 4
      vertex -19.4441 8.31492 4
    endloop
  endfacet
  facet normal 0 0 1
    outer loop
      vertex -19.2235 2.89778 4
      vertex -19.9806 8.07185 4
      vertex -19.4147 2.94236 4
    endloop
  endfacet
  facet normal -0 0 1
    outer loop
      vertex -20.5 7.79423 4
      vertex -19.4147 2.94236 4
      vertex -19.9806 8.07185 4
    endloop
  endfacet
  facet normal 0 0 1
    outer loop
      vertex -19.4147 2.94236 4
      vertex -20.5 7.79423 4
      vertex -19.6084 2.97433 4
    endloop
  endfacet
  facet normal -0 0 1
    outer loop
      vertex -21.0001 7.48323 4
      vertex -19.6084 2.97433 4
      vertex -20.5 7.79423 4
    endloop
  endfacet
  facet normal 0 0 1
    outer loop
      vertex -19.6084 2.97433 4
      vertex -21.0001 7.48323 4
      vertex -19.8038 2.99358 4
    endloop
  endfacet
  facet normal 0 0 1
    outer loop
      vertex -19.8038 2.99358 4
      vertex -21.0001 7.48323 4
      vertex -20 3 4
    endloop
  endfacet
  facet normal -0 0 1
    outer loop
      vertex -21.4789 7.14018 4
      vertex -20 3 4
      vertex -21.0001 7.48323 4
    endloop
  endfacet
  facet normal 0 0 1
    outer loop
      vertex -20 3 4
      vertex -21.4789 7.14018 4
      vertex -20.1962 2.99358 4
    endloop
  endfacet
  facet normal -0 0 1
    outer loop
      vertex -21.9341 6.76656 4
      vertex -20.1962 2.99358 4
      vertex -21.4789 7.14018 4
    endloop
  endfacet
  facet normal 0 0 1
    outer loop
      vertex -20.1962 2.99358 4
      vertex -21.9341 6.76656 4
      vertex -20.3916 2.97433 4
    endloop
  endfacet
  facet normal -0 0 1
    outer loop
      vertex -22.364 6.36396 4
      vertex -20.3916 2.97433 4
      vertex -21.9341 6.76656 4
    endloop
  endfacet
  facet normal 0 0 1
    outer loop
      vertex -20.3916 2.97433 4
      vertex -22.364 6.36396 4
      vertex -20.5853 2.94236 4
    endloop
  endfacet
  facet normal 0 0 1
    outer loop
      vertex -20.5853 2.94236 4
      vertex -22.364 6.36396 4
      vertex -20.7765 2.89778 4
    endloop
  endfacet
  facet normal -0 0 1
    outer loop
      vertex -22.7666 5.93411 4
      vertex -20.7765 2.89778 4
      vertex -22.364 6.36396 4
    endloop
  endfacet
  facet normal 0 0 1
    outer loop
      vertex -20.7765 2.89778 4
      vertex -22.7666 5.93411 4
      vertex -20.9643 2.84079 4
    endloop
  endfacet
  facet normal -0 0 1
    outer loop
      vertex -23.1402 5.47885 4
      vertex -20.9643 2.84079 4
      vertex -22.7666 5.93411 4
    endloop
  endfacet
  facet normal 0 0 1
    outer loop
      vertex -20.9643 2.84079 4
      vertex -23.1402 5.47885 4
      vertex -21.148 2.77164 4
    endloop
  endfacet
  facet normal 0 0 1
    outer loop
      vertex -21.148 2.77164 4
      vertex -23.1402 5.47885 4
      vertex -21.3269 2.69062 4
    endloop
  endfacet
  facet normal -0 0 1
    outer loop
      vertex -23.4832 5.00013 4
      vertex -21.3269 2.69062 4
      vertex -23.1402 5.47885 4
    endloop
  endfacet
  facet normal 0 0 1
    outer loop
      vertex -21.3269 2.69062 4
      vertex -23.4832 5.00013 4
      vertex -21.5 2.59808 4
    endloop
  endfacet
  facet normal -0 0 1
    outer loop
      vertex -23.7942 4.5 4
      vertex -21.5 2.59808 4
      vertex -23.4832 5.00013 4
    endloop
  endfacet
  facet normal 0 0 1
    outer loop
      vertex -21.5 2.59808 4
      vertex -23.7942 4.5 4
      vertex -21.6667 2.49441 4
    endloop
  endfacet
  facet normal 0 0 1
    outer loop
      vertex -21.6667 2.49441 4
      vertex -23.7942 4.5 4
      vertex -21.8263 2.38006 4
    endloop
  endfacet
  facet normal -0 0 1
    outer loop
      vertex -24.0719 3.9806 4
      vertex -21.8263 2.38006 4
      vertex -23.7942 4.5 4
    endloop
  endfacet
  facet normal 0 0 1
    outer loop
      vertex -21.8263 2.38006 4
      vertex -24.0719 3.9806 4
      vertex -21.978 2.25552 4
    endloop
  endfacet
  facet normal 0 0 1
    outer loop
      vertex -21.978 2.25552 4
      vertex -24.0719 3.9806 4
      vertex -22.1213 2.12132 4
    endloop
  endfacet
  facet normal -0 0 1
    outer loop
      vertex -24.3149 3.44415 4
      vertex -22.1213 2.12132 4
      vertex -24.0719 3.9806 4
    endloop
  endfacet
  facet normal 0 0 1
    outer loop
      vertex -22.1213 2.12132 4
      vertex -24.3149 3.44415 4
      vertex -22.2555 1.97804 4
    endloop
  endfacet
  facet normal -0 0 1
    outer loop
      vertex -24.5224 2.89295 4
      vertex -22.2555 1.97804 4
      vertex -24.3149 3.44415 4
    endloop
  endfacet
  facet normal 0 0 1
    outer loop
      vertex -22.2555 1.97804 4
      vertex -24.5224 2.89295 4
      vertex -22.3801 1.82628 4
    endloop
  endfacet
  facet normal 0 0 1
    outer loop
      vertex -22.3801 1.82628 4
      vertex -24.5224 2.89295 4
      vertex -22.4944 1.66671 4
    endloop
  endfacet
  facet normal -0 0 1
    outer loop
      vertex -24.6933 2.32937 4
      vertex -22.4944 1.66671 4
      vertex -24.5224 2.89295 4
    endloop
  endfacet
  facet normal 0 0 1
    outer loop
      vertex -22.4944 1.66671 4
      vertex -24.6933 2.32937 4
      vertex -22.5981 1.5 4
    endloop
  endfacet
  facet normal -0 0 1
    outer loop
      vertex -24.8271 1.75581 4
      vertex -22.6906 1.32687 4
      vertex -24.6933 2.32937 4
    endloop
  endfacet
  facet normal 0 0 1
    outer loop
      vertex -22.5981 1.5 4
      vertex -24.6933 2.32937 4
      vertex -22.6906 1.32687 4
    endloop
  endfacet
  facet normal -0 0 1
    outer loop
      vertex 22.9936 0.196209 4
      vertex 25 0 4
      vertex 24.9807 0.588628 4
    endloop
  endfacet
  facet normal 0 0 1
    outer loop
      vertex 22.9424 0.585271 4
      vertex 24.9807 0.588628 4
      vertex 24.923 1.17474 4
    endloop
  endfacet
  facet normal 0 0 1
    outer loop
      vertex 25 0 4
      vertex 22.9936 0.196209 4
      vertex 23 0 4
    endloop
  endfacet
  facet normal 0 0 1
    outer loop
      vertex 22.8408 0.964318 4
      vertex 24.923 1.17474 4
      vertex 24.8271 1.75581 4
    endloop
  endfacet
  facet normal 0 0 1
    outer loop
      vertex 22.9936 -0.196209 4
      vertex 25 0 4
      vertex 23 0 4
    endloop
  endfacet
  facet normal 0 0 1
    outer loop
      vertex 22.6906 1.32687 4
      vertex 24.8271 1.75581 4
      vertex 24.6933 2.32937 4
    endloop
  endfacet
  facet normal 0 0 1
    outer loop
      vertex 25 0 4
      vertex 22.9936 -0.196209 4
      vertex 24.9807 -0.588628 4
    endloop
  endfacet
  facet normal 0 0 1
    outer loop
      vertex 22.4944 1.66671 4
      vertex 24.6933 2.32937 4
      vertex 24.5224 2.89295 4
    endloop
  endfacet
  facet normal -0 0 1
    outer loop
      vertex 22.9743 -0.391578 4
      vertex 24.9807 -0.588628 4
      vertex 22.9936 -0.196209 4
    endloop
  endfacet
  facet normal 0 0 1
    outer loop
      vertex 22.2555 1.97804 4
      vertex 24.5224 2.89295 4
      vertex 24.3149 3.44415 4
    endloop
  endfacet
  facet normal -0 0 1
    outer loop
      vertex 22.9424 -0.585271 4
      vertex 24.9807 -0.588628 4
      vertex 22.9743 -0.391578 4
    endloop
  endfacet
  facet normal 0 0 1
    outer loop
      vertex 22.1213 2.12132 4
      vertex 24.3149 3.44415 4
      vertex 24.0719 3.9806 4
    endloop
  endfacet
  facet normal 0 0 1
    outer loop
      vertex 24.9807 -0.588628 4
      vertex 22.9424 -0.585271 4
      vertex 24.923 -1.17474 4
    endloop
  endfacet
  facet normal 0 0 1
    outer loop
      vertex 21.8263 2.38006 4
      vertex 24.0719 3.9806 4
      vertex 23.7942 4.5 4
    endloop
  endfacet
  facet normal -0 0 1
    outer loop
      vertex 22.8978 -0.776457 4
      vertex 24.923 -1.17474 4
      vertex 22.9424 -0.585271 4
    endloop
  endfacet
  facet normal 0 0 1
    outer loop
      vertex 21.5 2.59808 4
      vertex 23.7942 4.5 4
      vertex 23.4832 5.00013 4
    endloop
  endfacet
  facet normal 0 0 1
    outer loop
      vertex 24.923 -1.17474 4
      vertex 22.8408 -0.964318 4
      vertex 24.8271 -1.75581 4
    endloop
  endfacet
  facet normal 0 0 1
    outer loop
      vertex 21.3269 2.69062 4
      vertex 23.4832 5.00013 4
      vertex 23.1402 5.47885 4
    endloop
  endfacet
  facet normal -0 0 1
    outer loop
      vertex 22.7716 -1.14805 4
      vertex 24.8271 -1.75581 4
      vertex 22.8408 -0.964318 4
    endloop
  endfacet
  facet normal -0 0 1
    outer loop
      vertex 22.6906 -1.32687 4
      vertex 24.8271 -1.75581 4
      vertex 22.7716 -1.14805 4
    endloop
  endfacet
  facet normal -0 0 1
    outer loop
      vertex 22.8408 -0.964318 4
      vertex 24.923 -1.17474 4
      vertex 22.8978 -0.776457 4
    endloop
  endfacet
  facet normal 0 0 1
    outer loop
      vertex 24.9807 0.588628 4
      vertex 22.9743 0.391578 4
      vertex 22.9936 0.196209 4
    endloop
  endfacet
  facet normal 0 0 1
    outer loop
      vertex 24.9807 0.588628 4
      vertex 22.9424 0.585271 4
      vertex 22.9743 0.391578 4
    endloop
  endfacet
  facet normal 0 0 1
    outer loop
      vertex 24.923 1.17474 4
      vertex 22.8978 0.776457 4
      vertex 22.9424 0.585271 4
    endloop
  endfacet
  facet normal 0 0 1
    outer loop
      vertex 24.923 1.17474 4
      vertex 22.8408 0.964318 4
      vertex 22.8978 0.776457 4
    endloop
  endfacet
  facet normal 0 0 1
    outer loop
      vertex 24.8271 1.75581 4
      vertex 22.7716 1.14805 4
      vertex 22.8408 0.964318 4
    endloop
  endfacet
  facet normal 0 0 1
    outer loop
      vertex 20.9643 2.84079 4
      vertex 23.1402 5.47885 4
      vertex 22.7666 5.93411 4
    endloop
  endfacet
  facet normal 0 0 1
    outer loop
      vertex 24.8271 1.75581 4
      vertex 22.6906 1.32687 4
      vertex 22.7716 1.14805 4
    endloop
  endfacet
  facet normal 0 0 1
    outer loop
      vertex 24.6933 2.32937 4
      vertex 22.5981 1.5 4
      vertex 22.6906 1.32687 4
    endloop
  endfacet
  facet normal 0 0 1
    outer loop
      vertex 24.6933 2.32937 4
      vertex 22.4944 1.66671 4
      vertex 22.5981 1.5 4
    endloop
  endfacet
  facet normal 0 0 1
    outer loop
      vertex 24.5224 2.89295 4
      vertex 22.3801 1.82628 4
      vertex 22.4944 1.66671 4
    endloop
  endfacet
  facet normal 0 0 1
    outer loop
      vertex 20.7765 2.89778 4
      vertex 22.7666 5.93411 4
      vertex 22.364 6.36396 4
    endloop
  endfacet
  facet normal 0 0 1
    outer loop
      vertex 24.5224 2.89295 4
      vertex 22.2555 1.97804 4
      vertex 22.3801 1.82628 4
    endloop
  endfacet
  facet normal 0 0 1
    outer loop
      vertex 24.3149 3.44415 4
      vertex 22.1213 2.12132 4
      vertex 22.2555 1.97804 4
    endloop
  endfacet
  facet normal 0 0 1
    outer loop
      vertex 24.0719 3.9806 4
      vertex 21.978 2.25552 4
      vertex 22.1213 2.12132 4
    endloop
  endfacet
  facet normal 0 0 1
    outer loop
      vertex 20.3916 2.97433 4
      vertex 22.364 6.36396 4
      vertex 21.9341 6.76656 4
    endloop
  endfacet
  facet normal 0 0 1
    outer loop
      vertex 24.0719 3.9806 4
      vertex 21.8263 2.38006 4
      vertex 21.978 2.25552 4
    endloop
  endfacet
  facet normal 0 0 1
    outer loop
      vertex 23.7942 4.5 4
      vertex 21.6667 2.49441 4
      vertex 21.8263 2.38006 4
    endloop
  endfacet
  facet normal 0 0 1
    outer loop
      vertex 23.7942 4.5 4
      vertex 21.5 2.59808 4
      vertex 21.6667 2.49441 4
    endloop
  endfacet
  facet normal 0 0 1
    outer loop
      vertex 20.1962 2.99358 4
      vertex 21.9341 6.76656 4
      vertex 21.4789 7.14018 4
    endloop
  endfacet
  facet normal 0 0 1
    outer loop
      vertex 23.4832 5.00013 4
      vertex 21.3269 2.69062 4
      vertex 21.5 2.59808 4
    endloop
  endfacet
  facet normal 0 0 1
    outer loop
      vertex 23.1402 5.47885 4
      vertex 21.148 2.77164 4
      vertex 21.3269 2.69062 4
    endloop
  endfacet
  facet normal 0 0 1
    outer loop
      vertex 20 3 4
      vertex 21.4789 7.14018 4
      vertex 21.0001 7.48323 4
    endloop
  endfacet
  facet normal 0 0 1
    outer loop
      vertex 23.1402 5.47885 4
      vertex 20.9643 2.84079 4
      vertex 21.148 2.77164 4
    endloop
  endfacet
  facet normal 0 0 1
    outer loop
      vertex 22.7666 5.93411 4
      vertex 20.7765 2.89778 4
      vertex 20.9643 2.84079 4
    endloop
  endfacet
  facet normal 0 0 1
    outer loop
      vertex 22.364 6.36396 4
      vertex 20.5853 2.94236 4
      vertex 20.7765 2.89778 4
    endloop
  endfacet
  facet normal 0 0 1
    outer loop
      vertex 19.6084 2.97433 4
      vertex 21.0001 7.48323 4
      vertex 20.5 7.79423 4
    endloop
  endfacet
  facet normal 0 0 1
    outer loop
      vertex 22.364 6.36396 4
      vertex 20.3916 2.97433 4
      vertex 20.5853 2.94236 4
    endloop
  endfacet
  facet normal 0 0 1
    outer loop
      vertex 21.9341 6.76656 4
      vertex 20.1962 2.99358 4
      vertex 20.3916 2.97433 4
    endloop
  endfacet
  facet normal 0 0 1
    outer loop
      vertex 21.4789 7.14018 4
      vertex 20 3 4
      vertex 20.1962 2.99358 4
    endloop
  endfacet
  facet normal 0 0 1
    outer loop
      vertex 19.4147 2.94236 4
      vertex 20.5 7.79423 4
      vertex 19.9806 8.07185 4
    endloop
  endfacet
  facet normal 0 0 1
    outer loop
      vertex 21.0001 7.48323 4
      vertex 19.8038 2.99358 4
      vertex 20 3 4
    endloop
  endfacet
  facet normal 0 0 1
    outer loop
      vertex 21.0001 7.48323 4
      vertex 19.6084 2.97433 4
      vertex 19.8038 2.99358 4
    endloop
  endfacet
  facet normal 0 0 1
    outer loop
      vertex 19.2235 2.89778 4
      vertex 19.9806 8.07185 4
      vertex 19.4441 8.31492 4
    endloop
  endfacet
  facet normal 0 0 1
    outer loop
      vertex 20.5 7.79423 4
      vertex 19.4147 2.94236 4
      vertex 19.6084 2.97433 4
    endloop
  endfacet
  facet normal 0 0 1
    outer loop
      vertex 19.9806 8.07185 4
      vertex 19.2235 2.89778 4
      vertex 19.4147 2.94236 4
    endloop
  endfacet
  facet normal 0 0 1
    outer loop
      vertex 19.4441 8.31492 4
      vertex 19.0357 2.84079 4
      vertex 19.2235 2.89778 4
    endloop
  endfacet
  facet normal 0 0 1
    outer loop
      vertex 18.893 8.52237 4
      vertex 19.0357 2.84079 4
      vertex 19.4441 8.31492 4
    endloop
  endfacet
  facet normal 0 0 1
    outer loop
      vertex 18.893 8.52237 4
      vertex 18.852 2.77164 4
      vertex 19.0357 2.84079 4
    endloop
  endfacet
  facet normal 0 0 1
    outer loop
      vertex 18.3294 8.69333 4
      vertex 18.852 2.77164 4
      vertex 18.893 8.52237 4
    endloop
  endfacet
  facet normal 0 0 1
    outer loop
      vertex 18.852 2.77164 4
      vertex 18.3294 8.69333 4
      vertex 18.6731 2.69062 4
    endloop
  endfacet
  facet normal 0 0 1
    outer loop
      vertex 17.7558 8.82707 4
      vertex 18.6731 2.69062 4
      vertex 18.3294 8.69333 4
    endloop
  endfacet
  facet normal 0 0 1
    outer loop
      vertex 18.6731 2.69062 4
      vertex 17.7558 8.82707 4
      vertex 18.5 2.59808 4
    endloop
  endfacet
  facet normal 0 0 1
    outer loop
      vertex 17.1747 8.923 4
      vertex 18.5 2.59808 4
      vertex 17.7558 8.82707 4
    endloop
  endfacet
  facet normal 0 0 1
    outer loop
      vertex 18.5 2.59808 4
      vertex 17.1747 8.923 4
      vertex 18.3333 2.49441 4
    endloop
  endfacet
  facet normal 0 0 1
    outer loop
      vertex 16.5886 8.98073 4
      vertex 18.3333 2.49441 4
      vertex 17.1747 8.923 4
    endloop
  endfacet
  facet normal 0 0 1
    outer loop
      vertex 18.3333 2.49441 4
      vertex 16.5886 8.98073 4
      vertex 18.1737 2.38006 4
    endloop
  endfacet
  facet normal 0 0 1
    outer loop
      vertex 16 9 4
      vertex 18.1737 2.38006 4
      vertex 16.5886 8.98073 4
    endloop
  endfacet
  facet normal 0 0 1
    outer loop
      vertex 18.1737 2.38006 4
      vertex 16 9 4
      vertex 18.022 2.25552 4
    endloop
  endfacet
  facet normal 0 0 1
    outer loop
      vertex 18.022 2.25552 4
      vertex 16 9 4
      vertex 17.8787 2.12132 4
    endloop
  endfacet
  facet normal 0 0 1
    outer loop
      vertex 17.8787 2.12132 4
      vertex 16 9 4
      vertex 17.7445 1.97804 4
    endloop
  endfacet
  facet normal 0 0 1
    outer loop
      vertex 17.7445 1.97804 4
      vertex 16 9 4
      vertex 17.6199 1.82628 4
    endloop
  endfacet
  facet normal 0 0 1
    outer loop
      vertex 17.6199 1.82628 4
      vertex 16 9 4
      vertex 17.5056 1.66671 4
    endloop
  endfacet
  facet normal 0 0 1
    outer loop
      vertex 17.5056 1.66671 4
      vertex 16 9 4
      vertex 17.4019 1.5 4
    endloop
  endfacet
  facet normal 0 0 1
    outer loop
      vertex 17.4019 1.5 4
      vertex 16 9 4
      vertex 17.3094 1.32687 4
    endloop
  endfacet
  facet normal -0 0 1
    outer loop
      vertex 4.92404 1.67148 4
      vertex 17.3094 1.32687 4
      vertex 16 9 4
    endloop
  endfacet
  facet normal 0 0 1
    outer loop
      vertex 17.3094 1.32687 4
      vertex 4.92404 1.67148 4
      vertex 17.2284 1.14805 4
    endloop
  endfacet
  facet normal 0 0 1
    outer loop
      vertex 17.2284 1.14805 4
      vertex 4.92404 1.67148 4
      vertex 17.1592 0.964318 4
    endloop
  endfacet
  facet normal -0 -0 1
    outer loop
      vertex 5.02281 1.34586 4
      vertex 17.1592 0.964318 4
      vertex 4.92404 1.67148 4
    endloop
  endfacet
  facet normal 0 0 1
    outer loop
      vertex 17.1592 0.964318 4
      vertex 5.02281 1.34586 4
      vertex 17.1022 0.776457 4
    endloop
  endfacet
  facet normal -0 -0 1
    outer loop
      vertex 5.10008 1.01447 4
      vertex 17.1022 0.776457 4
      vertex 5.02281 1.34586 4
    endloop
  endfacet
  facet normal 0 0 1
    outer loop
      vertex 24.8271 -1.75581 4
      vertex 22.6906 -1.32687 4
      vertex 24.6933 -2.32937 4
    endloop
  endfacet
  facet normal -0 0 1
    outer loop
      vertex 22.5981 -1.5 4
      vertex 24.6933 -2.32937 4
      vertex 22.6906 -1.32687 4
    endloop
  endfacet
  facet normal -0 0 1
    outer loop
      vertex 22.4944 -1.66671 4
      vertex 24.6933 -2.32937 4
      vertex 22.5981 -1.5 4
    endloop
  endfacet
  facet normal 0 0 1
    outer loop
      vertex 24.6933 -2.32937 4
      vertex 22.4944 -1.66671 4
      vertex 24.5224 -2.89295 4
    endloop
  endfacet
  facet normal -0 0 1
    outer loop
      vertex 22.3801 -1.82628 4
      vertex 24.5224 -2.89295 4
      vertex 22.4944 -1.66671 4
    endloop
  endfacet
  facet normal -0 0 1
    outer loop
      vertex 22.2555 -1.97804 4
      vertex 24.5224 -2.89295 4
      vertex 22.3801 -1.82628 4
    endloop
  endfacet
  facet normal 0 0 1
    outer loop
      vertex 24.5224 -2.89295 4
      vertex 22.2555 -1.97804 4
      vertex 24.3149 -3.44415 4
    endloop
  endfacet
  facet normal -0 0 1
    outer loop
      vertex 22.1213 -2.12132 4
      vertex 24.3149 -3.44415 4
      vertex 22.2555 -1.97804 4
    endloop
  endfacet
  facet normal 0 0 1
    outer loop
      vertex 24.3149 -3.44415 4
      vertex 22.1213 -2.12132 4
      vertex 24.0719 -3.9806 4
    endloop
  endfacet
  facet normal -0 0 1
    outer loop
      vertex 21.978 -2.25552 4
      vertex 24.0719 -3.9806 4
      vertex 22.1213 -2.12132 4
    endloop
  endfacet
  facet normal -0 0 1
    outer loop
      vertex 21.8263 -2.38006 4
      vertex 24.0719 -3.9806 4
      vertex 21.978 -2.25552 4
    endloop
  endfacet
  facet normal 0 0 1
    outer loop
      vertex 24.0719 -3.9806 4
      vertex 21.8263 -2.38006 4
      vertex 23.7942 -4.5 4
    endloop
  endfacet
  facet normal -0 0 1
    outer loop
      vertex 21.6667 -2.49441 4
      vertex 23.7942 -4.5 4
      vertex 21.8263 -2.38006 4
    endloop
  endfacet
  facet normal -0 0 1
    outer loop
      vertex 21.5 -2.59808 4
      vertex 23.7942 -4.5 4
      vertex 21.6667 -2.49441 4
    endloop
  endfacet
  facet normal 0 0 1
    outer loop
      vertex 23.7942 -4.5 4
      vertex 21.5 -2.59808 4
      vertex 23.4832 -5.00013 4
    endloop
  endfacet
  facet normal -0 0 1
    outer loop
      vertex 21.3269 -2.69062 4
      vertex 23.4832 -5.00013 4
      vertex 21.5 -2.59808 4
    endloop
  endfacet
  facet normal 0 0 1
    outer loop
      vertex 23.4832 -5.00013 4
      vertex 21.3269 -2.69062 4
      vertex 23.1402 -5.47885 4
    endloop
  endfacet
  facet normal -0 0 1
    outer loop
      vertex 21.148 -2.77164 4
      vertex 23.1402 -5.47885 4
      vertex 21.3269 -2.69062 4
    endloop
  endfacet
  facet normal -0 0 1
    outer loop
      vertex 20.9643 -2.84079 4
      vertex 23.1402 -5.47885 4
      vertex 21.148 -2.77164 4
    endloop
  endfacet
  facet normal 0 0 1
    outer loop
      vertex 23.1402 -5.47885 4
      vertex 20.9643 -2.84079 4
      vertex 22.7666 -5.93411 4
    endloop
  endfacet
  facet normal -0 0 1
    outer loop
      vertex 20.7765 -2.89778 4
      vertex 22.7666 -5.93411 4
      vertex 20.9643 -2.84079 4
    endloop
  endfacet
  facet normal 0 0 1
    outer loop
      vertex 22.7666 -5.93411 4
      vertex 20.7765 -2.89778 4
      vertex 22.364 -6.36396 4
    endloop
  endfacet
  facet normal -0 0 1
    outer loop
      vertex 20.5853 -2.94236 4
      vertex 22.364 -6.36396 4
      vertex 20.7765 -2.89778 4
    endloop
  endfacet
  facet normal -0 0 1
    outer loop
      vertex 20.3916 -2.97433 4
      vertex 22.364 -6.36396 4
      vertex 20.5853 -2.94236 4
    endloop
  endfacet
  facet normal 0 0 1
    outer loop
      vertex 22.364 -6.36396 4
      vertex 20.3916 -2.97433 4
      vertex 21.9341 -6.76656 4
    endloop
  endfacet
  facet normal -0 0 1
    outer loop
      vertex 20.1962 -2.99358 4
      vertex 21.9341 -6.76656 4
      vertex 20.3916 -2.97433 4
    endloop
  endfacet
  facet normal 0 0 1
    outer loop
      vertex 21.9341 -6.76656 4
      vertex 20.1962 -2.99358 4
      vertex 21.4789 -7.14018 4
    endloop
  endfacet
  facet normal -0 0 1
    outer loop
      vertex 20 -3 4
      vertex 21.4789 -7.14018 4
      vertex 20.1962 -2.99358 4
    endloop
  endfacet
  facet normal 0 0 1
    outer loop
      vertex 21.4789 -7.14018 4
      vertex 20 -3 4
      vertex 21.0001 -7.48323 4
    endloop
  endfacet
  facet normal 0 0 1
    outer loop
      vertex 19.8038 -2.99358 4
      vertex 21.0001 -7.48323 4
      vertex 20 -3 4
    endloop
  endfacet
  facet normal 0 0 1
    outer loop
      vertex 19.6084 -2.97433 4
      vertex 21.0001 -7.48323 4
      vertex 19.8038 -2.99358 4
    endloop
  endfacet
  facet normal 0 0 1
    outer loop
      vertex 21.0001 -7.48323 4
      vertex 19.6084 -2.97433 4
      vertex 20.5 -7.79423 4
    endloop
  endfacet
  facet normal 0 0 1
    outer loop
      vertex 19.4147 -2.94236 4
      vertex 20.5 -7.79423 4
      vertex 19.6084 -2.97433 4
    endloop
  endfacet
  facet normal 0 0 1
    outer loop
      vertex 20.5 -7.79423 4
      vertex 19.4147 -2.94236 4
      vertex 19.9806 -8.07185 4
    endloop
  endfacet
  facet normal 0 0 1
    outer loop
      vertex 19.2235 -2.89778 4
      vertex 19.9806 -8.07185 4
      vertex 19.4147 -2.94236 4
    endloop
  endfacet
  facet normal 0 0 1
    outer loop
      vertex 19.9806 -8.07185 4
      vertex 19.2235 -2.89778 4
      vertex 19.4441 -8.31492 4
    endloop
  endfacet
  facet normal 0 0 1
    outer loop
      vertex 19.0357 -2.84079 4
      vertex 19.4441 -8.31492 4
      vertex 19.2235 -2.89778 4
    endloop
  endfacet
  facet normal 0 0 1
    outer loop
      vertex 19.0357 -2.84079 4
      vertex 18.893 -8.52237 4
      vertex 19.4441 -8.31492 4
    endloop
  endfacet
  facet normal 0 0 1
    outer loop
      vertex 18.852 -2.77164 4
      vertex 18.893 -8.52237 4
      vertex 19.0357 -2.84079 4
    endloop
  endfacet
  facet normal 0 0 1
    outer loop
      vertex 18.3294 -8.69333 4
      vertex 18.852 -2.77164 4
      vertex 18.6731 -2.69062 4
    endloop
  endfacet
  facet normal 0 0 1
    outer loop
      vertex 17.7558 -8.82707 4
      vertex 18.6731 -2.69062 4
      vertex 18.5 -2.59808 4
    endloop
  endfacet
  facet normal 0 0 1
    outer loop
      vertex 17.1747 -8.923 4
      vertex 18.5 -2.59808 4
      vertex 18.3333 -2.49441 4
    endloop
  endfacet
  facet normal 0 0 1
    outer loop
      vertex 18.852 -2.77164 4
      vertex 18.3294 -8.69333 4
      vertex 18.893 -8.52237 4
    endloop
  endfacet
  facet normal 0 0 1
    outer loop
      vertex 16.5886 -8.98073 4
      vertex 18.3333 -2.49441 4
      vertex 18.1737 -2.38006 4
    endloop
  endfacet
  facet normal 0 0 1
    outer loop
      vertex 16 -9 4
      vertex 18.1737 -2.38006 4
      vertex 18.022 -2.25552 4
    endloop
  endfacet
  facet normal 0 0 1
    outer loop
      vertex 16 -9 4
      vertex 18.022 -2.25552 4
      vertex 17.8787 -2.12132 4
    endloop
  endfacet
  facet normal 0 0 1
    outer loop
      vertex 18.6731 -2.69062 4
      vertex 17.7558 -8.82707 4
      vertex 18.3294 -8.69333 4
    endloop
  endfacet
  facet normal 0 0 1
    outer loop
      vertex 16 -9 4
      vertex 17.8787 -2.12132 4
      vertex 17.7445 -1.97804 4
    endloop
  endfacet
  facet normal 0 0 1
    outer loop
      vertex 16 -9 4
      vertex 17.7445 -1.97804 4
      vertex 17.6199 -1.82628 4
    endloop
  endfacet
  facet normal 0 0 1
    outer loop
      vertex 16 -9 4
      vertex 17.6199 -1.82628 4
      vertex 17.5056 -1.66671 4
    endloop
  endfacet
  facet normal 0 0 1
    outer loop
      vertex 16 -9 4
      vertex 17.5056 -1.66671 4
      vertex 17.4019 -1.5 4
    endloop
  endfacet
  facet normal 0 0 1
    outer loop
      vertex 16 -9 4
      vertex 17.4019 -1.5 4
      vertex 17.3094 -1.32687 4
    endloop
  endfacet
  facet normal 0 0 1
    outer loop
      vertex 5.02281 -1.34586 4
      vertex 17.1022 -0.776457 4
      vertex 5.10008 -1.01447 4
    endloop
  endfacet
  facet normal 0 0 1
    outer loop
      vertex 18.5 -2.59808 4
      vertex 17.1747 -8.923 4
      vertex 17.7558 -8.82707 4
    endloop
  endfacet
  facet normal 0 0 1
    outer loop
      vertex 5.10008 -1.01447 4
      vertex 17.0576 -0.585271 4
      vertex 5.15551 -0.678736 4
    endloop
  endfacet
  facet normal 0 0 1
    outer loop
      vertex 17.0257 -0.391578 4
      vertex 5.15551 -0.678736 4
      vertex 17.0576 -0.585271 4
    endloop
  endfacet
  facet normal 0 0 1
    outer loop
      vertex 5.15551 -0.678736 4
      vertex 17.0257 -0.391578 4
      vertex 5.18887 -0.340096 4
    endloop
  endfacet
  facet normal 0 0 1
    outer loop
      vertex 17.0064 -0.196209 4
      vertex 5.18887 -0.340096 4
      vertex 17.0257 -0.391578 4
    endloop
  endfacet
  facet normal 0 0 1
    outer loop
      vertex 5.18887 -0.340096 4
      vertex 17.0064 -0.196209 4
      vertex 5.2 0 4
    endloop
  endfacet
  facet normal -0 0 1
    outer loop
      vertex 5.2 0 4
      vertex 17.0064 -0.196209 4
      vertex 17 0 4
    endloop
  endfacet
  facet normal 0 0 1
    outer loop
      vertex 17.1022 0.776457 4
      vertex 5.10008 1.01447 4
      vertex 17.0576 0.585271 4
    endloop
  endfacet
  facet normal 0 0 1
    outer loop
      vertex 18.3333 -2.49441 4
      vertex 16.5886 -8.98073 4
      vertex 17.1747 -8.923 4
    endloop
  endfacet
  facet normal -0 -0 1
    outer loop
      vertex 5.15551 0.678736 4
      vertex 17.0576 0.585271 4
      vertex 5.10008 1.01447 4
    endloop
  endfacet
  facet normal 0 0 1
    outer loop
      vertex 18.1737 -2.38006 4
      vertex 16 -9 4
      vertex 16.5886 -8.98073 4
    endloop
  endfacet
  facet normal 0 0 1
    outer loop
      vertex 17.0576 -0.585271 4
      vertex 5.10008 -1.01447 4
      vertex 17.1022 -0.776457 4
    endloop
  endfacet
  facet normal 0 0 1
    outer loop
      vertex 17.0064 0.196209 4
      vertex 5.2 0 4
      vertex 17 0 4
    endloop
  endfacet
  facet normal 0 -0 1
    outer loop
      vertex 5.2 0 4
      vertex 17.0064 0.196209 4
      vertex 5.18887 0.340096 4
    endloop
  endfacet
  facet normal 0 0 1
    outer loop
      vertex 17.0257 0.391578 4
      vertex 5.18887 0.340096 4
      vertex 17.0064 0.196209 4
    endloop
  endfacet
  facet normal 0 -0 1
    outer loop
      vertex 5.18887 0.340096 4
      vertex 17.0257 0.391578 4
      vertex 5.15551 0.678736 4
    endloop
  endfacet
  facet normal 0 0 1
    outer loop
      vertex 17.0576 0.585271 4
      vertex 5.15551 0.678736 4
      vertex 17.0257 0.391578 4
    endloop
  endfacet
  facet normal 0 0 1
    outer loop
      vertex 16 9 4
      vertex 4.80417 1.98995 4
      vertex 4.92404 1.67148 4
    endloop
  endfacet
  facet normal 0 0 1
    outer loop
      vertex 16 9 4
      vertex 4.66374 2.2999 4
      vertex 4.80417 1.98995 4
    endloop
  endfacet
  facet normal 0 0 1
    outer loop
      vertex 16 9 4
      vertex 4.50333 2.6 4
      vertex 4.66374 2.2999 4
    endloop
  endfacet
  facet normal 0 0 1
    outer loop
      vertex 16 9 4
      vertex 4.32364 2.88896 4
      vertex 4.50333 2.6 4
    endloop
  endfacet
  facet normal 0 0 1
    outer loop
      vertex 16 9 4
      vertex 4.12544 3.16556 4
      vertex 4.32364 2.88896 4
    endloop
  endfacet
  facet normal 0 0 1
    outer loop
      vertex 16 9 4
      vertex 3.90957 3.4286 4
      vertex 4.12544 3.16556 4
    endloop
  endfacet
  facet normal 0 0 1
    outer loop
      vertex 16 9 4
      vertex 3.67696 3.67696 4
      vertex 3.90957 3.4286 4
    endloop
  endfacet
  facet normal 0 0 1
    outer loop
      vertex 16 9 4
      vertex 3.4286 3.90957 4
      vertex 3.67696 3.67696 4
    endloop
  endfacet
  facet normal 0 0 1
    outer loop
      vertex 16 9 4
      vertex 3.16556 4.12544 4
      vertex 3.4286 3.90957 4
    endloop
  endfacet
  facet normal 0 0 1
    outer loop
      vertex 16 9 4
      vertex 2.88896 4.32364 4
      vertex 3.16556 4.12544 4
    endloop
  endfacet
  facet normal 0 0 1
    outer loop
      vertex 16 9 4
      vertex 2.6 4.50333 4
      vertex 2.88896 4.32364 4
    endloop
  endfacet
  facet normal 0 0 1
    outer loop
      vertex 16 9 4
      vertex 2.2999 4.66374 4
      vertex 2.6 4.50333 4
    endloop
  endfacet
  facet normal 0 0 1
    outer loop
      vertex 16 9 4
      vertex 1.98995 4.80417 4
      vertex 2.2999 4.66374 4
    endloop
  endfacet
  facet normal 0 0 1
    outer loop
      vertex 16 9 4
      vertex 1.67148 4.92404 4
      vertex 1.98995 4.80417 4
    endloop
  endfacet
  facet normal 0 0 1
    outer loop
      vertex 16 9 4
      vertex 1.34586 5.02281 4
      vertex 1.67148 4.92404 4
    endloop
  endfacet
  facet normal 0 0 1
    outer loop
      vertex 16 9 4
      vertex 1.01447 5.10008 4
      vertex 1.34586 5.02281 4
    endloop
  endfacet
  facet normal 0 0 1
    outer loop
      vertex 16 9 4
      vertex 0.678736 5.15551 4
      vertex 1.01447 5.10008 4
    endloop
  endfacet
  facet normal 0 0 1
    outer loop
      vertex 16 9 4
      vertex 0.340096 5.18887 4
      vertex 0.678736 5.15551 4
    endloop
  endfacet
  facet normal 0 0 1
    outer loop
      vertex 16 9 4
      vertex 0 5.2 4
      vertex 0.340096 5.18887 4
    endloop
  endfacet
  facet normal -0 0 1
    outer loop
      vertex -16 9 4
      vertex 0 5.2 4
      vertex 16 9 4
    endloop
  endfacet
  facet normal 0 0 1
    outer loop
      vertex 0 5.2 4
      vertex -16 9 4
      vertex -0.340096 5.18887 4
    endloop
  endfacet
  facet normal 0 0 1
    outer loop
      vertex -0.340096 5.18887 4
      vertex -16 9 4
      vertex -0.678736 5.15551 4
    endloop
  endfacet
  facet normal 0 0 1
    outer loop
      vertex -5.02281 1.34586 4
      vertex -17.1022 0.776457 4
      vertex -5.10008 1.01447 4
    endloop
  endfacet
  facet normal 0 -0 1
    outer loop
      vertex -17.1022 0.776457 4
      vertex -5.02281 1.34586 4
      vertex -17.1592 0.964318 4
    endloop
  endfacet
  facet normal 0 -0 1
    outer loop
      vertex -17.1592 0.964318 4
      vertex -5.02281 1.34586 4
      vertex -17.2284 1.14805 4
    endloop
  endfacet
  facet normal 0 0 1
    outer loop
      vertex -4.92404 1.67148 4
      vertex -17.2284 1.14805 4
      vertex -5.02281 1.34586 4
    endloop
  endfacet
  facet normal 0 0 1
    outer loop
      vertex -17.2284 1.14805 4
      vertex -4.92404 1.67148 4
      vertex -16 9 4
    endloop
  endfacet
  facet normal 0 0 1
    outer loop
      vertex -4.80417 1.98995 4
      vertex -16 9 4
      vertex -4.92404 1.67148 4
    endloop
  endfacet
  facet normal 0 0 1
    outer loop
      vertex -4.66374 2.2999 4
      vertex -16 9 4
      vertex -4.80417 1.98995 4
    endloop
  endfacet
  facet normal 0 0 1
    outer loop
      vertex -4.50333 2.6 4
      vertex -16 9 4
      vertex -4.66374 2.2999 4
    endloop
  endfacet
  facet normal 0 0 1
    outer loop
      vertex -4.32364 2.88896 4
      vertex -16 9 4
      vertex -4.50333 2.6 4
    endloop
  endfacet
  facet normal 0 0 1
    outer loop
      vertex -4.12544 3.16556 4
      vertex -16 9 4
      vertex -4.32364 2.88896 4
    endloop
  endfacet
  facet normal 0 0 1
    outer loop
      vertex -3.90957 3.4286 4
      vertex -16 9 4
      vertex -4.12544 3.16556 4
    endloop
  endfacet
  facet normal 0 0 1
    outer loop
      vertex -3.67696 3.67696 4
      vertex -16 9 4
      vertex -3.90957 3.4286 4
    endloop
  endfacet
  facet normal 0 0 1
    outer loop
      vertex -3.4286 3.90957 4
      vertex -16 9 4
      vertex -3.67696 3.67696 4
    endloop
  endfacet
  facet normal 0 0 1
    outer loop
      vertex -3.16556 4.12544 4
      vertex -16 9 4
      vertex -3.4286 3.90957 4
    endloop
  endfacet
  facet normal 0 0 1
    outer loop
      vertex -2.88896 4.32364 4
      vertex -16 9 4
      vertex -3.16556 4.12544 4
    endloop
  endfacet
  facet normal 0 0 1
    outer loop
      vertex -2.6 4.50333 4
      vertex -16 9 4
      vertex -2.88896 4.32364 4
    endloop
  endfacet
  facet normal 0 0 1
    outer loop
      vertex -2.2999 4.66374 4
      vertex -16 9 4
      vertex -2.6 4.50333 4
    endloop
  endfacet
  facet normal 0 0 1
    outer loop
      vertex -1.98995 4.80417 4
      vertex -16 9 4
      vertex -2.2999 4.66374 4
    endloop
  endfacet
  facet normal 0 0 1
    outer loop
      vertex -1.67148 4.92404 4
      vertex -16 9 4
      vertex -1.98995 4.80417 4
    endloop
  endfacet
  facet normal 0 0 1
    outer loop
      vertex -1.34586 5.02281 4
      vertex -16 9 4
      vertex -1.67148 4.92404 4
    endloop
  endfacet
  facet normal 0 0 1
    outer loop
      vertex -1.01447 5.10008 4
      vertex -16 9 4
      vertex -1.34586 5.02281 4
    endloop
  endfacet
  facet normal 0 0 1
    outer loop
      vertex -0.678736 5.15551 4
      vertex -16 9 4
      vertex -1.01447 5.10008 4
    endloop
  endfacet
  facet normal 0.935882 0.352314 0
    outer loop
      vertex 24.5224 2.89295 4
      vertex 24.3149 3.44415 0
      vertex 24.3149 3.44415 4
    endloop
  endfacet
  facet normal 0.935882 0.352314 0
    outer loop
      vertex 24.3149 3.44415 0
      vertex 24.5224 2.89295 4
      vertex 24.5224 2.89295 0
    endloop
  endfacet
  facet normal 0.881868 0.471496 0
    outer loop
      vertex 24.0719 3.9806 4
      vertex 23.7942 4.5 0
      vertex 23.7942 4.5 4
    endloop
  endfacet
  facet normal 0.881868 0.471496 0
    outer loop
      vertex 23.7942 4.5 0
      vertex 24.0719 3.9806 4
      vertex 24.0719 3.9806 0
    endloop
  endfacet
  facet normal 0.0980242 0.995184 -0
    outer loop
      vertex 17.1747 8.923 0
      vertex 16.5886 8.98073 4
      vertex 17.1747 8.923 4
    endloop
  endfacet
  facet normal 0.0980242 0.995184 0
    outer loop
      vertex 16.5886 8.98073 4
      vertex 17.1747 8.923 0
      vertex 16.5886 8.98073 0
    endloop
  endfacet
  facet normal -0.881868 0.471496 0
    outer loop
      vertex -24.0719 3.9806 0
      vertex -23.7942 4.5 4
      vertex -23.7942 4.5 0
    endloop
  endfacet
  facet normal -0.881868 0.471496 0
    outer loop
      vertex -23.7942 4.5 4
      vertex -24.0719 3.9806 0
      vertex -24.0719 3.9806 4
    endloop
  endfacet
  facet normal 0.227069 -0.973879 0
    outer loop
      vertex 17.7558 -8.82707 0
      vertex 18.3294 -8.69333 4
      vertex 17.7558 -8.82707 4
    endloop
  endfacet
  facet normal 0.227069 -0.973879 0
    outer loop
      vertex 18.3294 -8.69333 4
      vertex 17.7558 -8.82707 0
      vertex 18.3294 -8.69333 0
    endloop
  endfacet
  facet normal -0.881868 -0.471496 0
    outer loop
      vertex -23.7942 -4.5 0
      vertex -24.0719 -3.9806 4
      vertex -24.0719 -3.9806 0
    endloop
  endfacet
  facet normal -0.881868 -0.471496 0
    outer loop
      vertex -24.0719 -3.9806 4
      vertex -23.7942 -4.5 0
      vertex -23.7942 -4.5 4
    endloop
  endfacet
  facet normal 0.582418 0.812889 -0
    outer loop
      vertex 21.4789 7.14018 0
      vertex 21.0001 7.48323 4
      vertex 21.4789 7.14018 4
    endloop
  endfacet
  facet normal 0.582418 0.812889 0
    outer loop
      vertex 21.0001 7.48323 4
      vertex 21.4789 7.14018 0
      vertex 21.0001 7.48323 0
    endloop
  endfacet
  facet normal 0.683551 0.729902 -0
    outer loop
      vertex 22.364 6.36396 0
      vertex 21.9341 6.76656 4
      vertex 22.364 6.36396 4
    endloop
  endfacet
  facet normal 0.683551 0.729902 0
    outer loop
      vertex 21.9341 6.76656 4
      vertex 22.364 6.36396 0
      vertex 21.9341 6.76656 0
    endloop
  endfacet
  facet normal -0.582418 0.812889 0
    outer loop
      vertex -21.0001 7.48323 0
      vertex -21.4789 7.14018 4
      vertex -21.0001 7.48323 4
    endloop
  endfacet
  facet normal -0.582418 0.812889 0
    outer loop
      vertex -21.4789 7.14018 4
      vertex -21.0001 7.48323 0
      vertex -21.4789 7.14018 0
    endloop
  endfacet
  facet normal 0.995189 0.0979717 0
    outer loop
      vertex 24.9807 0.588628 4
      vertex 24.923 1.17474 0
      vertex 24.923 1.17474 4
    endloop
  endfacet
  facet normal 0.995189 0.0979717 0
    outer loop
      vertex 24.923 1.17474 0
      vertex 24.9807 0.588628 4
      vertex 24.9807 0.588628 0
    endloop
  endfacet
  facet normal 0.634441 -0.772971 0
    outer loop
      vertex 21.4789 -7.14018 0
      vertex 21.9341 -6.76656 4
      vertex 21.4789 -7.14018 4
    endloop
  endfacet
  facet normal 0.634441 -0.772971 0
    outer loop
      vertex 21.9341 -6.76656 4
      vertex 21.4789 -7.14018 0
      vertex 21.9341 -6.76656 0
    endloop
  endfacet
  facet normal -0.773029 -0.634371 0
    outer loop
      vertex -22.7666 -5.93411 0
      vertex -23.1402 -5.47885 4
      vertex -23.1402 -5.47885 0
    endloop
  endfacet
  facet normal -0.773029 -0.634371 0
    outer loop
      vertex -23.1402 -5.47885 4
      vertex -22.7666 -5.93411 0
      vertex -22.7666 -5.93411 4
    endloop
  endfacet
  facet normal -0.162879 -0.986646 0
    outer loop
      vertex -17.7558 -8.82707 0
      vertex -17.1747 -8.923 4
      vertex -17.7558 -8.82707 4
    endloop
  endfacet
  facet normal -0.162879 -0.986646 -0
    outer loop
      vertex -17.1747 -8.923 4
      vertex -17.7558 -8.82707 0
      vertex -17.1747 -8.923 0
    endloop
  endfacet
  facet normal -0.683551 -0.729902 0
    outer loop
      vertex -22.364 -6.36396 0
      vertex -21.9341 -6.76656 4
      vertex -22.364 -6.36396 4
    endloop
  endfacet
  facet normal -0.683551 -0.729902 -0
    outer loop
      vertex -21.9341 -6.76656 4
      vertex -22.364 -6.36396 0
      vertex -21.9341 -6.76656 0
    endloop
  endfacet
  facet normal -0.47139 0.881925 0
    outer loop
      vertex -19.9806 8.07185 0
      vertex -20.5 7.79423 4
      vertex -19.9806 8.07185 4
    endloop
  endfacet
  facet normal -0.47139 0.881925 0
    outer loop
      vertex -20.5 7.79423 4
      vertex -19.9806 8.07185 0
      vertex -20.5 7.79423 0
    endloop
  endfacet
  facet normal 0.290275 0.956943 -0
    outer loop
      vertex 18.893 8.52237 0
      vertex 18.3294 8.69333 4
      vertex 18.893 8.52237 4
    endloop
  endfacet
  facet normal 0.290275 0.956943 0
    outer loop
      vertex 18.3294 8.69333 4
      vertex 18.893 8.52237 0
      vertex 18.3294 8.69333 0
    endloop
  endfacet
  facet normal -0.995189 0.0979717 0
    outer loop
      vertex -24.9807 0.588628 0
      vertex -24.923 1.17474 4
      vertex -24.923 1.17474 0
    endloop
  endfacet
  facet normal -0.995189 0.0979717 0
    outer loop
      vertex -24.923 1.17474 4
      vertex -24.9807 0.588628 0
      vertex -24.9807 0.588628 4
    endloop
  endfacet
  facet normal -0.773029 0.634371 0
    outer loop
      vertex -23.1402 5.47885 0
      vertex -22.7666 5.93411 4
      vertex -22.7666 5.93411 0
    endloop
  endfacet
  facet normal -0.773029 0.634371 0
    outer loop
      vertex -22.7666 5.93411 4
      vertex -23.1402 5.47885 0
      vertex -23.1402 5.47885 4
    endloop
  endfacet
  facet normal -0.634441 0.772971 0
    outer loop
      vertex -21.4789 7.14018 0
      vertex -21.9341 6.76656 4
      vertex -21.4789 7.14018 4
    endloop
  endfacet
  facet normal -0.634441 0.772971 0
    outer loop
      vertex -21.9341 6.76656 4
      vertex -21.4789 7.14018 0
      vertex -21.9341 6.76656 0
    endloop
  endfacet
  facet normal 0.973853 -0.22718 0
    outer loop
      vertex 24.6933 -2.32937 4
      vertex 24.8271 -1.75581 0
      vertex 24.8271 -1.75581 4
    endloop
  endfacet
  facet normal 0.973853 -0.22718 0
    outer loop
      vertex 24.8271 -1.75581 0
      vertex 24.6933 -2.32937 4
      vertex 24.6933 -2.32937 0
    endloop
  endfacet
  facet normal 0.995189 -0.0979717 0
    outer loop
      vertex 24.923 -1.17474 4
      vertex 24.9807 -0.588628 0
      vertex 24.9807 -0.588628 4
    endloop
  endfacet
  facet normal 0.995189 -0.0979717 0
    outer loop
      vertex 24.9807 -0.588628 0
      vertex 24.923 -1.17474 4
      vertex 24.923 -1.17474 0
    endloop
  endfacet
  facet normal 0.881868 -0.471496 0
    outer loop
      vertex 23.7942 -4.5 4
      vertex 24.0719 -3.9806 0
      vertex 24.0719 -3.9806 4
    endloop
  endfacet
  facet normal 0.881868 -0.471496 0
    outer loop
      vertex 24.0719 -3.9806 0
      vertex 23.7942 -4.5 4
      vertex 23.7942 -4.5 0
    endloop
  endfacet
  facet normal -0.227069 -0.973879 0
    outer loop
      vertex -18.3294 -8.69333 0
      vertex -17.7558 -8.82707 4
      vertex -18.3294 -8.69333 4
    endloop
  endfacet
  facet normal -0.227069 -0.973879 -0
    outer loop
      vertex -17.7558 -8.82707 4
      vertex -18.3294 -8.69333 0
      vertex -17.7558 -8.82707 0
    endloop
  endfacet
  facet normal -0.999463 -0.0327705 0
    outer loop
      vertex -24.9807 -0.588628 0
      vertex -25 0 4
      vertex -25 0 0
    endloop
  endfacet
  facet normal -0.999463 -0.0327705 0
    outer loop
      vertex -25 0 4
      vertex -24.9807 -0.588628 0
      vertex -24.9807 -0.588628 4
    endloop
  endfacet
  facet normal 0.910904 -0.412619 0
    outer loop
      vertex 24.0719 -3.9806 4
      vertex 24.3149 -3.44415 0
      vertex 24.3149 -3.44415 4
    endloop
  endfacet
  facet normal 0.910904 -0.412619 0
    outer loop
      vertex 24.3149 -3.44415 0
      vertex 24.0719 -3.9806 4
      vertex 24.0719 -3.9806 0
    endloop
  endfacet
  facet normal -0.973853 -0.22718 0
    outer loop
      vertex -24.6933 -2.32937 0
      vertex -24.8271 -1.75581 4
      vertex -24.8271 -1.75581 0
    endloop
  endfacet
  facet normal -0.973853 -0.22718 0
    outer loop
      vertex -24.8271 -1.75581 4
      vertex -24.6933 -2.32937 0
      vertex -24.6933 -2.32937 4
    endloop
  endfacet
  facet normal 0.849203 -0.528067 0
    outer loop
      vertex 23.4832 -5.00013 4
      vertex 23.7942 -4.5 0
      vertex 23.7942 -4.5 4
    endloop
  endfacet
  facet normal 0.849203 -0.528067 0
    outer loop
      vertex 23.7942 -4.5 0
      vertex 23.4832 -5.00013 4
      vertex 23.4832 -5.00013 0
    endloop
  endfacet
  facet normal 0.52809 -0.849189 0
    outer loop
      vertex 20.5 -7.79423 0
      vertex 21.0001 -7.48323 4
      vertex 20.5 -7.79423 4
    endloop
  endfacet
  facet normal 0.52809 -0.849189 0
    outer loop
      vertex 21.0001 -7.48323 4
      vertex 20.5 -7.79423 0
      vertex 21.0001 -7.48323 0
    endloop
  endfacet
  facet normal 0.729863 0.683594 0
    outer loop
      vertex 22.7666 5.93411 4
      vertex 22.364 6.36396 0
      vertex 22.364 6.36396 4
    endloop
  endfacet
  facet normal 0.729863 0.683594 0
    outer loop
      vertex 22.364 6.36396 0
      vertex 22.7666 5.93411 4
      vertex 22.7666 5.93411 0
    endloop
  endfacet
  facet normal -0.849203 -0.528067 0
    outer loop
      vertex -23.4832 -5.00013 0
      vertex -23.7942 -4.5 4
      vertex -23.7942 -4.5 0
    endloop
  endfacet
  facet normal -0.849203 -0.528067 0
    outer loop
      vertex -23.7942 -4.5 4
      vertex -23.4832 -5.00013 0
      vertex -23.4832 -5.00013 4
    endloop
  endfacet
  facet normal -0.812884 -0.582426 0
    outer loop
      vertex -23.1402 -5.47885 0
      vertex -23.4832 -5.00013 4
      vertex -23.4832 -5.00013 0
    endloop
  endfacet
  facet normal -0.812884 -0.582426 0
    outer loop
      vertex -23.4832 -5.00013 4
      vertex -23.1402 -5.47885 0
      vertex -23.1402 -5.47885 4
    endloop
  endfacet
  facet normal 0.910904 0.412619 0
    outer loop
      vertex 24.3149 3.44415 4
      vertex 24.0719 3.9806 0
      vertex 24.0719 3.9806 4
    endloop
  endfacet
  facet normal 0.910904 0.412619 0
    outer loop
      vertex 24.0719 3.9806 0
      vertex 24.3149 3.44415 4
      vertex 24.3149 3.44415 0
    endloop
  endfacet
  facet normal -0.52809 0.849189 0
    outer loop
      vertex -20.5 7.79423 0
      vertex -21.0001 7.48323 4
      vertex -20.5 7.79423 4
    endloop
  endfacet
  facet normal -0.52809 0.849189 0
    outer loop
      vertex -21.0001 7.48323 4
      vertex -20.5 7.79423 0
      vertex -21.0001 7.48323 0
    endloop
  endfacet
  facet normal 0.773029 0.634371 0
    outer loop
      vertex 23.1402 5.47885 4
      vertex 22.7666 5.93411 0
      vertex 22.7666 5.93411 4
    endloop
  endfacet
  facet normal 0.773029 0.634371 0
    outer loop
      vertex 22.7666 5.93411 0
      vertex 23.1402 5.47885 4
      vertex 23.1402 5.47885 0
    endloop
  endfacet
  facet normal -0.227069 0.973879 0
    outer loop
      vertex -17.7558 8.82707 0
      vertex -18.3294 8.69333 4
      vertex -17.7558 8.82707 4
    endloop
  endfacet
  facet normal -0.227069 0.973879 0
    outer loop
      vertex -18.3294 8.69333 4
      vertex -17.7558 8.82707 0
      vertex -18.3294 8.69333 0
    endloop
  endfacet
  facet normal -0.910904 0.412619 0
    outer loop
      vertex -24.3149 3.44415 0
      vertex -24.0719 3.9806 4
      vertex -24.0719 3.9806 0
    endloop
  endfacet
  facet normal -0.910904 0.412619 0
    outer loop
      vertex -24.0719 3.9806 4
      vertex -24.3149 3.44415 0
      vertex -24.3149 3.44415 4
    endloop
  endfacet
  facet normal 0.162879 0.986646 -0
    outer loop
      vertex 17.7558 8.82707 0
      vertex 17.1747 8.923 4
      vertex 17.7558 8.82707 4
    endloop
  endfacet
  facet normal 0.162879 0.986646 0
    outer loop
      vertex 17.1747 8.923 4
      vertex 17.7558 8.82707 0
      vertex 17.1747 8.923 0
    endloop
  endfacet
  facet normal 0.986653 0.162838 0
    outer loop
      vertex 24.923 1.17474 4
      vertex 24.8271 1.75581 0
      vertex 24.8271 1.75581 4
    endloop
  endfacet
  facet normal 0.986653 0.162838 0
    outer loop
      vertex 24.8271 1.75581 0
      vertex 24.923 1.17474 4
      vertex 24.923 1.17474 0
    endloop
  endfacet
  facet normal -0.986653 0.162838 0
    outer loop
      vertex -24.923 1.17474 0
      vertex -24.8271 1.75581 4
      vertex -24.8271 1.75581 0
    endloop
  endfacet
  facet normal -0.986653 0.162838 0
    outer loop
      vertex -24.8271 1.75581 4
      vertex -24.923 1.17474 0
      vertex -24.923 1.17474 4
    endloop
  endfacet
  facet normal 0.973853 0.22718 0
    outer loop
      vertex 24.8271 1.75581 4
      vertex 24.6933 2.32937 0
      vertex 24.6933 2.32937 4
    endloop
  endfacet
  facet normal 0.973853 0.22718 0
    outer loop
      vertex 24.6933 2.32937 0
      vertex 24.8271 1.75581 4
      vertex 24.8271 1.75581 0
    endloop
  endfacet
  facet normal -0.352296 0.935889 0
    outer loop
      vertex -18.893 8.52237 0
      vertex -19.4441 8.31492 4
      vertex -18.893 8.52237 4
    endloop
  endfacet
  facet normal -0.352296 0.935889 0
    outer loop
      vertex -19.4441 8.31492 4
      vertex -18.893 8.52237 0
      vertex -19.4441 8.31492 0
    endloop
  endfacet
  facet normal 0.729863 -0.683594 0
    outer loop
      vertex 22.364 -6.36396 4
      vertex 22.7666 -5.93411 0
      vertex 22.7666 -5.93411 4
    endloop
  endfacet
  facet normal 0.729863 -0.683594 0
    outer loop
      vertex 22.7666 -5.93411 0
      vertex 22.364 -6.36396 4
      vertex 22.364 -6.36396 0
    endloop
  endfacet
  facet normal 0.227069 0.973879 -0
    outer loop
      vertex 18.3294 8.69333 0
      vertex 17.7558 8.82707 4
      vertex 18.3294 8.69333 4
    endloop
  endfacet
  facet normal 0.227069 0.973879 0
    outer loop
      vertex 17.7558 8.82707 4
      vertex 18.3294 8.69333 0
      vertex 17.7558 8.82707 0
    endloop
  endfacet
  facet normal -0.47139 -0.881925 0
    outer loop
      vertex -20.5 -7.79423 0
      vertex -19.9806 -8.07185 4
      vertex -20.5 -7.79423 4
    endloop
  endfacet
  facet normal -0.47139 -0.881925 -0
    outer loop
      vertex -19.9806 -8.07185 4
      vertex -20.5 -7.79423 0
      vertex -19.9806 -8.07185 0
    endloop
  endfacet
  facet normal -0.290275 0.956943 0
    outer loop
      vertex -18.3294 8.69333 0
      vertex -18.893 8.52237 4
      vertex -18.3294 8.69333 4
    endloop
  endfacet
  facet normal -0.290275 0.956943 0
    outer loop
      vertex -18.893 8.52237 4
      vertex -18.3294 8.69333 0
      vertex -18.893 8.52237 0
    endloop
  endfacet
  facet normal 0.812884 -0.582426 0
    outer loop
      vertex 23.1402 -5.47885 4
      vertex 23.4832 -5.00013 0
      vertex 23.4832 -5.00013 4
    endloop
  endfacet
  facet normal 0.812884 -0.582426 0
    outer loop
      vertex 23.4832 -5.00013 0
      vertex 23.1402 -5.47885 4
      vertex 23.1402 -5.47885 0
    endloop
  endfacet
  facet normal 0.986653 -0.162838 0
    outer loop
      vertex 24.8271 -1.75581 4
      vertex 24.923 -1.17474 0
      vertex 24.923 -1.17474 4
    endloop
  endfacet
  facet normal 0.986653 -0.162838 0
    outer loop
      vertex 24.923 -1.17474 0
      vertex 24.8271 -1.75581 4
      vertex 24.8271 -1.75581 0
    endloop
  endfacet
  facet normal -0.683551 0.729902 0
    outer loop
      vertex -21.9341 6.76656 0
      vertex -22.364 6.36396 4
      vertex -21.9341 6.76656 4
    endloop
  endfacet
  facet normal -0.683551 0.729902 0
    outer loop
      vertex -22.364 6.36396 4
      vertex -21.9341 6.76656 0
      vertex -22.364 6.36396 0
    endloop
  endfacet
  facet normal -0.956969 -0.290191 0
    outer loop
      vertex -24.5224 -2.89295 0
      vertex -24.6933 -2.32937 4
      vertex -24.6933 -2.32937 0
    endloop
  endfacet
  facet normal -0.956969 -0.290191 0
    outer loop
      vertex -24.6933 -2.32937 4
      vertex -24.5224 -2.89295 0
      vertex -24.5224 -2.89295 4
    endloop
  endfacet
  facet normal -0.634441 -0.772971 0
    outer loop
      vertex -21.9341 -6.76656 0
      vertex -21.4789 -7.14018 4
      vertex -21.9341 -6.76656 4
    endloop
  endfacet
  facet normal -0.634441 -0.772971 -0
    outer loop
      vertex -21.4789 -7.14018 4
      vertex -21.9341 -6.76656 0
      vertex -21.4789 -7.14018 0
    endloop
  endfacet
  facet normal -0.729863 -0.683594 0
    outer loop
      vertex -22.364 -6.36396 0
      vertex -22.7666 -5.93411 4
      vertex -22.7666 -5.93411 0
    endloop
  endfacet
  facet normal -0.729863 -0.683594 0
    outer loop
      vertex -22.7666 -5.93411 4
      vertex -22.364 -6.36396 0
      vertex -22.364 -6.36396 4
    endloop
  endfacet
  facet normal 0.47139 -0.881925 0
    outer loop
      vertex 19.9806 -8.07185 0
      vertex 20.5 -7.79423 4
      vertex 19.9806 -8.07185 4
    endloop
  endfacet
  facet normal 0.47139 -0.881925 0
    outer loop
      vertex 20.5 -7.79423 4
      vertex 19.9806 -8.07185 0
      vertex 20.5 -7.79423 0
    endloop
  endfacet
  facet normal 0.999463 -0.0327705 0
    outer loop
      vertex 24.9807 -0.588628 4
      vertex 25 0 0
      vertex 25 0 4
    endloop
  endfacet
  facet normal 0.999463 -0.0327705 0
    outer loop
      vertex 25 0 0
      vertex 24.9807 -0.588628 4
      vertex 24.9807 -0.588628 0
    endloop
  endfacet
  facet normal -0.973853 0.22718 0
    outer loop
      vertex -24.8271 1.75581 0
      vertex -24.6933 2.32937 4
      vertex -24.6933 2.32937 0
    endloop
  endfacet
  facet normal -0.973853 0.22718 0
    outer loop
      vertex -24.6933 2.32937 4
      vertex -24.8271 1.75581 0
      vertex -24.8271 1.75581 4
    endloop
  endfacet
  facet normal -0.582418 -0.812889 0
    outer loop
      vertex -21.4789 -7.14018 0
      vertex -21.0001 -7.48323 4
      vertex -21.4789 -7.14018 4
    endloop
  endfacet
  facet normal -0.582418 -0.812889 -0
    outer loop
      vertex -21.0001 -7.48323 4
      vertex -21.4789 -7.14018 0
      vertex -21.0001 -7.48323 0
    endloop
  endfacet
  facet normal 0.773029 -0.634371 0
    outer loop
      vertex 22.7666 -5.93411 4
      vertex 23.1402 -5.47885 0
      vertex 23.1402 -5.47885 4
    endloop
  endfacet
  facet normal 0.773029 -0.634371 0
    outer loop
      vertex 23.1402 -5.47885 0
      vertex 22.7666 -5.93411 4
      vertex 22.7666 -5.93411 0
    endloop
  endfacet
  facet normal 0.956969 -0.290191 0
    outer loop
      vertex 24.5224 -2.89295 4
      vertex 24.6933 -2.32937 0
      vertex 24.6933 -2.32937 4
    endloop
  endfacet
  facet normal 0.956969 -0.290191 0
    outer loop
      vertex 24.6933 -2.32937 0
      vertex 24.5224 -2.89295 4
      vertex 24.5224 -2.89295 0
    endloop
  endfacet
  facet normal -0.956969 0.290191 0
    outer loop
      vertex -24.6933 2.32937 0
      vertex -24.5224 2.89295 4
      vertex -24.5224 2.89295 0
    endloop
  endfacet
  facet normal -0.956969 0.290191 0
    outer loop
      vertex -24.5224 2.89295 4
      vertex -24.6933 2.32937 0
      vertex -24.6933 2.32937 4
    endloop
  endfacet
  facet normal -0.995183 -0.0980371 0
    outer loop
      vertex 5.18887 0.340096 0
      vertex 5.15551 0.678736 4
      vertex 5.15551 0.678736 0
    endloop
  endfacet
  facet normal -0.995183 -0.0980371 0
    outer loop
      vertex 5.15551 0.678736 4
      vertex 5.18887 0.340096 0
      vertex 5.18887 0.340096 4
    endloop
  endfacet
  facet normal -0.999465 -0.0327085 0
    outer loop
      vertex 5.2 0 0
      vertex 5.18887 0.340096 4
      vertex 5.18887 0.340096 0
    endloop
  endfacet
  facet normal -0.999465 -0.0327085 0
    outer loop
      vertex 5.18887 0.340096 4
      vertex 5.2 0 0
      vertex 5.2 0 4
    endloop
  endfacet
  facet normal -0.986643 -0.162896 0
    outer loop
      vertex 5.15551 0.678736 0
      vertex 5.10008 1.01447 4
      vertex 5.10008 1.01447 0
    endloop
  endfacet
  facet normal -0.986643 -0.162896 0
    outer loop
      vertex 5.10008 1.01447 4
      vertex 5.15551 0.678736 0
      vertex 5.15551 0.678736 4
    endloop
  endfacet
  facet normal -0.412691 0.910871 0
    outer loop
      vertex 2.2999 -4.66374 0
      vertex 1.98995 -4.80417 4
      vertex 2.2999 -4.66374 4
    endloop
  endfacet
  facet normal -0.412691 0.910871 0
    outer loop
      vertex 1.98995 -4.80417 4
      vertex 2.2999 -4.66374 0
      vertex 1.98995 -4.80417 0
    endloop
  endfacet
  facet normal -0.227078 -0.973877 0
    outer loop
      vertex 1.01447 5.10008 0
      vertex 1.34586 5.02281 4
      vertex 1.01447 5.10008 4
    endloop
  endfacet
  facet normal -0.227078 -0.973877 -0
    outer loop
      vertex 1.34586 5.02281 4
      vertex 1.01447 5.10008 0
      vertex 1.34586 5.02281 0
    endloop
  endfacet
  facet normal 0.999465 -0.0327085 0
    outer loop
      vertex -5.2 0 4
      vertex -5.18887 0.340096 0
      vertex -5.18887 0.340096 4
    endloop
  endfacet
  facet normal 0.999465 -0.0327085 0
    outer loop
      vertex -5.18887 0.340096 0
      vertex -5.2 0 4
      vertex -5.2 0 0
    endloop
  endfacet
  facet normal -0.352266 0.9359 0
    outer loop
      vertex 1.98995 -4.80417 0
      vertex 1.67148 -4.92404 4
      vertex 1.98995 -4.80417 4
    endloop
  endfacet
  facet normal -0.352266 0.9359 0
    outer loop
      vertex 1.67148 -4.92404 4
      vertex 1.98995 -4.80417 0
      vertex 1.67148 -4.92404 0
    endloop
  endfacet
  facet normal -0.582461 0.812859 0
    outer loop
      vertex 3.16556 -4.12544 0
      vertex 2.88896 -4.32364 4
      vertex 3.16556 -4.12544 4
    endloop
  endfacet
  facet normal -0.582461 0.812859 0
    outer loop
      vertex 2.88896 -4.32364 4
      vertex 3.16556 -4.12544 0
      vertex 2.88896 -4.32364 0
    endloop
  endfacet
  facet normal -0.849198 -0.528074 0
    outer loop
      vertex 4.50333 2.6 0
      vertex 4.32364 2.88896 4
      vertex 4.32364 2.88896 0
    endloop
  endfacet
  facet normal -0.849198 -0.528074 0
    outer loop
      vertex 4.32364 2.88896 4
      vertex 4.50333 2.6 0
      vertex 4.50333 2.6 4
    endloop
  endfacet
  facet normal 0.812859 -0.582461 0
    outer loop
      vertex -4.32364 2.88896 4
      vertex -4.12544 3.16556 0
      vertex -4.12544 3.16556 4
    endloop
  endfacet
  facet normal 0.812859 -0.582461 0
    outer loop
      vertex -4.12544 3.16556 0
      vertex -4.32364 2.88896 4
      vertex -4.32364 2.88896 0
    endloop
  endfacet
  facet normal -0.995183 0.0980371 0
    outer loop
      vertex 5.15551 -0.678736 0
      vertex 5.18887 -0.340096 4
      vertex 5.18887 -0.340096 0
    endloop
  endfacet
  facet normal -0.995183 0.0980371 0
    outer loop
      vertex 5.18887 -0.340096 4
      vertex 5.15551 -0.678736 0
      vertex 5.15551 -0.678736 4
    endloop
  endfacet
  facet normal 0.849198 -0.528074 0
    outer loop
      vertex -4.50333 2.6 4
      vertex -4.32364 2.88896 0
      vertex -4.32364 2.88896 4
    endloop
  endfacet
  facet normal 0.849198 -0.528074 0
    outer loop
      vertex -4.32364 2.88896 0
      vertex -4.50333 2.6 4
      vertex -4.50333 2.6 0
    endloop
  endfacet
  facet normal 0.881917 0.471404 0
    outer loop
      vertex -4.50333 -2.6 4
      vertex -4.66374 -2.2999 0
      vertex -4.66374 -2.2999 4
    endloop
  endfacet
  facet normal 0.881917 0.471404 0
    outer loop
      vertex -4.66374 -2.2999 0
      vertex -4.50333 -2.6 4
      vertex -4.50333 -2.6 0
    endloop
  endfacet
  facet normal -0.773012 0.634391 0
    outer loop
      vertex 3.90957 -3.4286 0
      vertex 4.12544 -3.16556 4
      vertex 4.12544 -3.16556 0
    endloop
  endfacet
  facet normal -0.773012 0.634391 0
    outer loop
      vertex 4.12544 -3.16556 4
      vertex 3.90957 -3.4286 0
      vertex 3.90957 -3.4286 4
    endloop
  endfacet
  facet normal -0.0327085 -0.999465 0
    outer loop
      vertex 0 5.2 0
      vertex 0.340096 5.18887 4
      vertex 0 5.2 4
    endloop
  endfacet
  facet normal -0.0327085 -0.999465 -0
    outer loop
      vertex 0.340096 5.18887 4
      vertex 0 5.2 0
      vertex 0.340096 5.18887 0
    endloop
  endfacet
  facet normal -0.162896 0.986643 0
    outer loop
      vertex 1.01447 -5.10008 0
      vertex 0.678736 -5.15551 4
      vertex 1.01447 -5.10008 4
    endloop
  endfacet
  facet normal -0.162896 0.986643 0
    outer loop
      vertex 0.678736 -5.15551 4
      vertex 1.01447 -5.10008 0
      vertex 0.678736 -5.15551 0
    endloop
  endfacet
  facet normal 0.0327085 0.999465 -0
    outer loop
      vertex 0 -5.2 0
      vertex -0.340096 -5.18887 4
      vertex 0 -5.2 4
    endloop
  endfacet
  facet normal 0.0327085 0.999465 0
    outer loop
      vertex -0.340096 -5.18887 4
      vertex 0 -5.2 0
      vertex -0.340096 -5.18887 0
    endloop
  endfacet
  facet normal -0.412691 -0.910871 0
    outer loop
      vertex 1.98995 4.80417 0
      vertex 2.2999 4.66374 4
      vertex 1.98995 4.80417 4
    endloop
  endfacet
  facet normal -0.412691 -0.910871 -0
    outer loop
      vertex 2.2999 4.66374 4
      vertex 1.98995 4.80417 0
      vertex 2.2999 4.66374 0
    endloop
  endfacet
  facet normal -0.729871 0.683585 0
    outer loop
      vertex 3.67696 -3.67696 0
      vertex 3.90957 -3.4286 4
      vertex 3.90957 -3.4286 0
    endloop
  endfacet
  facet normal -0.729871 0.683585 0
    outer loop
      vertex 3.90957 -3.4286 4
      vertex 3.67696 -3.67696 0
      vertex 3.67696 -3.67696 4
    endloop
  endfacet
  facet normal 0.881917 -0.471404 0
    outer loop
      vertex -4.66374 2.2999 4
      vertex -4.50333 2.6 0
      vertex -4.50333 2.6 4
    endloop
  endfacet
  facet normal 0.881917 -0.471404 0
    outer loop
      vertex -4.50333 2.6 0
      vertex -4.66374 2.2999 4
      vertex -4.66374 2.2999 0
    endloop
  endfacet
  facet normal -0.973877 -0.227078 0
    outer loop
      vertex 5.10008 1.01447 0
      vertex 5.02281 1.34586 4
      vertex 5.02281 1.34586 0
    endloop
  endfacet
  facet normal -0.973877 -0.227078 0
    outer loop
      vertex 5.02281 1.34586 4
      vertex 5.10008 1.01447 0
      vertex 5.10008 1.01447 4
    endloop
  endfacet
  facet normal -0.227078 0.973877 0
    outer loop
      vertex 1.34586 -5.02281 0
      vertex 1.01447 -5.10008 4
      vertex 1.34586 -5.02281 4
    endloop
  endfacet
  facet normal -0.227078 0.973877 0
    outer loop
      vertex 1.01447 -5.10008 4
      vertex 1.34586 -5.02281 0
      vertex 1.01447 -5.10008 0
    endloop
  endfacet
  facet normal -0.0980371 -0.995183 0
    outer loop
      vertex 0.340096 5.18887 0
      vertex 0.678736 5.15551 4
      vertex 0.340096 5.18887 4
    endloop
  endfacet
  facet normal -0.0980371 -0.995183 -0
    outer loop
      vertex 0.678736 5.15551 4
      vertex 0.340096 5.18887 0
      vertex 0.678736 5.15551 0
    endloop
  endfacet
  facet normal 0.290269 0.956945 -0
    outer loop
      vertex -1.34586 -5.02281 0
      vertex -1.67148 -4.92404 4
      vertex -1.34586 -5.02281 4
    endloop
  endfacet
  facet normal 0.290269 0.956945 0
    outer loop
      vertex -1.67148 -4.92404 4
      vertex -1.34586 -5.02281 0
      vertex -1.67148 -4.92404 0
    endloop
  endfacet
  facet normal 0.849198 0.528074 0
    outer loop
      vertex -4.32364 -2.88896 4
      vertex -4.50333 -2.6 0
      vertex -4.50333 -2.6 4
    endloop
  endfacet
  facet normal 0.849198 0.528074 0
    outer loop
      vertex -4.50333 -2.6 0
      vertex -4.32364 -2.88896 4
      vertex -4.32364 -2.88896 0
    endloop
  endfacet
  facet normal -0.0980371 0.995183 0
    outer loop
      vertex 0.678736 -5.15551 0
      vertex 0.340096 -5.18887 4
      vertex 0.678736 -5.15551 4
    endloop
  endfacet
  facet normal -0.0980371 0.995183 0
    outer loop
      vertex 0.340096 -5.18887 4
      vertex 0.678736 -5.15551 0
      vertex 0.340096 -5.18887 0
    endloop
  endfacet
  facet normal 0.683585 -0.729871 0
    outer loop
      vertex -3.67696 3.67696 0
      vertex -3.4286 3.90957 4
      vertex -3.67696 3.67696 4
    endloop
  endfacet
  facet normal 0.683585 -0.729871 0
    outer loop
      vertex -3.4286 3.90957 4
      vertex -3.67696 3.67696 0
      vertex -3.4286 3.90957 0
    endloop
  endfacet
  facet normal -0.162896 -0.986643 0
    outer loop
      vertex 0.678736 5.15551 0
      vertex 1.01447 5.10008 4
      vertex 0.678736 5.15551 4
    endloop
  endfacet
  facet normal -0.162896 -0.986643 -0
    outer loop
      vertex 1.01447 5.10008 4
      vertex 0.678736 5.15551 0
      vertex 1.01447 5.10008 0
    endloop
  endfacet
  facet normal -0.999465 0.0327085 0
    outer loop
      vertex 5.18887 -0.340096 0
      vertex 5.2 0 4
      vertex 5.2 0 0
    endloop
  endfacet
  facet normal -0.999465 0.0327085 0
    outer loop
      vertex 5.2 0 4
      vertex 5.18887 -0.340096 0
      vertex 5.18887 -0.340096 4
    endloop
  endfacet
  facet normal -0.0327085 0.999465 0
    outer loop
      vertex 0.340096 -5.18887 0
      vertex 0 -5.2 4
      vertex 0.340096 -5.18887 4
    endloop
  endfacet
  facet normal -0.0327085 0.999465 0
    outer loop
      vertex 0 -5.2 4
      vertex 0.340096 -5.18887 0
      vertex 0 -5.2 0
    endloop
  endfacet
  facet normal -0.471404 0.881917 0
    outer loop
      vertex 2.6 -4.50333 0
      vertex 2.2999 -4.66374 4
      vertex 2.6 -4.50333 4
    endloop
  endfacet
  facet normal -0.471404 0.881917 0
    outer loop
      vertex 2.2999 -4.66374 4
      vertex 2.6 -4.50333 0
      vertex 2.2999 -4.66374 0
    endloop
  endfacet
  facet normal -0.683585 -0.729871 0
    outer loop
      vertex 3.4286 3.90957 0
      vertex 3.67696 3.67696 4
      vertex 3.4286 3.90957 4
    endloop
  endfacet
  facet normal -0.683585 -0.729871 -0
    outer loop
      vertex 3.67696 3.67696 4
      vertex 3.4286 3.90957 0
      vertex 3.67696 3.67696 0
    endloop
  endfacet
  facet normal 0.0980371 -0.995183 0
    outer loop
      vertex -0.678736 5.15551 0
      vertex -0.340096 5.18887 4
      vertex -0.678736 5.15551 4
    endloop
  endfacet
  facet normal 0.0980371 -0.995183 0
    outer loop
      vertex -0.340096 5.18887 4
      vertex -0.678736 5.15551 0
      vertex -0.340096 5.18887 0
    endloop
  endfacet
  facet normal 0.227078 -0.973877 0
    outer loop
      vertex -1.34586 5.02281 0
      vertex -1.01447 5.10008 4
      vertex -1.34586 5.02281 4
    endloop
  endfacet
  facet normal 0.227078 -0.973877 0
    outer loop
      vertex -1.01447 5.10008 4
      vertex -1.34586 5.02281 0
      vertex -1.01447 5.10008 0
    endloop
  endfacet
  facet normal 0.683585 0.729871 -0
    outer loop
      vertex -3.4286 -3.90957 0
      vertex -3.67696 -3.67696 4
      vertex -3.4286 -3.90957 4
    endloop
  endfacet
  facet normal 0.683585 0.729871 0
    outer loop
      vertex -3.67696 -3.67696 4
      vertex -3.4286 -3.90957 0
      vertex -3.67696 -3.67696 0
    endloop
  endfacet
  facet normal 0.582461 -0.812859 0
    outer loop
      vertex -3.16556 4.12544 0
      vertex -2.88896 4.32364 4
      vertex -3.16556 4.12544 4
    endloop
  endfacet
  facet normal 0.582461 -0.812859 0
    outer loop
      vertex -2.88896 4.32364 4
      vertex -3.16556 4.12544 0
      vertex -2.88896 4.32364 0
    endloop
  endfacet
  facet normal -0.956945 -0.290269 0
    outer loop
      vertex 5.02281 1.34586 0
      vertex 4.92404 1.67148 4
      vertex 4.92404 1.67148 0
    endloop
  endfacet
  facet normal -0.956945 -0.290269 0
    outer loop
      vertex 4.92404 1.67148 4
      vertex 5.02281 1.34586 0
      vertex 5.02281 1.34586 4
    endloop
  endfacet
  facet normal -0.582461 -0.812859 0
    outer loop
      vertex 2.88896 4.32364 0
      vertex 3.16556 4.12544 4
      vertex 2.88896 4.32364 4
    endloop
  endfacet
  facet normal -0.582461 -0.812859 -0
    outer loop
      vertex 3.16556 4.12544 4
      vertex 2.88896 4.32364 0
      vertex 3.16556 4.12544 0
    endloop
  endfacet
  facet normal 0.582461 0.812859 -0
    outer loop
      vertex -2.88896 -4.32364 0
      vertex -3.16556 -4.12544 4
      vertex -2.88896 -4.32364 4
    endloop
  endfacet
  facet normal 0.582461 0.812859 0
    outer loop
      vertex -3.16556 -4.12544 4
      vertex -2.88896 -4.32364 0
      vertex -3.16556 -4.12544 0
    endloop
  endfacet
  facet normal 0.352266 -0.9359 0
    outer loop
      vertex -1.98995 4.80417 0
      vertex -1.67148 4.92404 4
      vertex -1.98995 4.80417 4
    endloop
  endfacet
  facet normal 0.352266 -0.9359 0
    outer loop
      vertex -1.67148 4.92404 4
      vertex -1.98995 4.80417 0
      vertex -1.67148 4.92404 0
    endloop
  endfacet
  facet normal 0.773012 -0.634391 0
    outer loop
      vertex -4.12544 3.16556 4
      vertex -3.90957 3.4286 0
      vertex -3.90957 3.4286 4
    endloop
  endfacet
  facet normal 0.773012 -0.634391 0
    outer loop
      vertex -3.90957 3.4286 0
      vertex -4.12544 3.16556 4
      vertex -4.12544 3.16556 0
    endloop
  endfacet
  facet normal -0.528074 0.849198 0
    outer loop
      vertex 2.88896 -4.32364 0
      vertex 2.6 -4.50333 4
      vertex 2.88896 -4.32364 4
    endloop
  endfacet
  facet normal -0.528074 0.849198 0
    outer loop
      vertex 2.6 -4.50333 4
      vertex 2.88896 -4.32364 0
      vertex 2.6 -4.50333 0
    endloop
  endfacet
  facet normal -0.973877 0.227078 0
    outer loop
      vertex 5.02281 -1.34586 0
      vertex 5.10008 -1.01447 4
      vertex 5.10008 -1.01447 0
    endloop
  endfacet
  facet normal -0.973877 0.227078 0
    outer loop
      vertex 5.10008 -1.01447 4
      vertex 5.02281 -1.34586 0
      vertex 5.02281 -1.34586 4
    endloop
  endfacet
  facet normal -0.986643 0.162896 0
    outer loop
      vertex 5.10008 -1.01447 0
      vertex 5.15551 -0.678736 4
      vertex 5.15551 -0.678736 0
    endloop
  endfacet
  facet normal -0.986643 0.162896 0
    outer loop
      vertex 5.15551 -0.678736 4
      vertex 5.10008 -1.01447 0
      vertex 5.10008 -1.01447 4
    endloop
  endfacet
  facet normal 0.986643 -0.162896 0
    outer loop
      vertex -5.15551 0.678736 4
      vertex -5.10008 1.01447 0
      vertex -5.10008 1.01447 4
    endloop
  endfacet
  facet normal 0.986643 -0.162896 0
    outer loop
      vertex -5.10008 1.01447 0
      vertex -5.15551 0.678736 4
      vertex -5.15551 0.678736 0
    endloop
  endfacet
  facet normal -0.528074 -0.849198 0
    outer loop
      vertex 2.6 4.50333 0
      vertex 2.88896 4.32364 4
      vertex 2.6 4.50333 4
    endloop
  endfacet
  facet normal -0.528074 -0.849198 -0
    outer loop
      vertex 2.88896 4.32364 4
      vertex 2.6 4.50333 0
      vertex 2.88896 4.32364 0
    endloop
  endfacet
  facet normal 0.471404 -0.881917 0
    outer loop
      vertex -2.6 4.50333 0
      vertex -2.2999 4.66374 4
      vertex -2.6 4.50333 4
    endloop
  endfacet
  facet normal 0.471404 -0.881917 0
    outer loop
      vertex -2.2999 4.66374 4
      vertex -2.6 4.50333 0
      vertex -2.2999 4.66374 0
    endloop
  endfacet
  facet normal 0.290269 -0.956945 0
    outer loop
      vertex -1.67148 4.92404 0
      vertex -1.34586 5.02281 4
      vertex -1.67148 4.92404 4
    endloop
  endfacet
  facet normal 0.290269 -0.956945 0
    outer loop
      vertex -1.34586 5.02281 4
      vertex -1.67148 4.92404 0
      vertex -1.34586 5.02281 0
    endloop
  endfacet
  facet normal -0.881917 -0.471404 0
    outer loop
      vertex 4.66374 2.2999 0
      vertex 4.50333 2.6 4
      vertex 4.50333 2.6 0
    endloop
  endfacet
  facet normal -0.881917 -0.471404 0
    outer loop
      vertex 4.50333 2.6 4
      vertex 4.66374 2.2999 0
      vertex 4.66374 2.2999 4
    endloop
  endfacet
  facet normal 0.973877 -0.227078 0
    outer loop
      vertex -5.10008 1.01447 4
      vertex -5.02281 1.34586 0
      vertex -5.02281 1.34586 4
    endloop
  endfacet
  facet normal 0.973877 -0.227078 0
    outer loop
      vertex -5.02281 1.34586 0
      vertex -5.10008 1.01447 4
      vertex -5.10008 1.01447 0
    endloop
  endfacet
  facet normal -0.910871 -0.412691 0
    outer loop
      vertex 4.80417 1.98995 0
      vertex 4.66374 2.2999 4
      vertex 4.66374 2.2999 0
    endloop
  endfacet
  facet normal -0.910871 -0.412691 0
    outer loop
      vertex 4.66374 2.2999 4
      vertex 4.80417 1.98995 0
      vertex 4.80417 1.98995 4
    endloop
  endfacet
  facet normal 0.412691 -0.910871 0
    outer loop
      vertex -2.2999 4.66374 0
      vertex -1.98995 4.80417 4
      vertex -2.2999 4.66374 4
    endloop
  endfacet
  facet normal 0.412691 -0.910871 0
    outer loop
      vertex -1.98995 4.80417 4
      vertex -2.2999 4.66374 0
      vertex -1.98995 4.80417 0
    endloop
  endfacet
  facet normal -0.471404 -0.881917 0
    outer loop
      vertex 2.2999 4.66374 0
      vertex 2.6 4.50333 4
      vertex 2.2999 4.66374 4
    endloop
  endfacet
  facet normal -0.471404 -0.881917 -0
    outer loop
      vertex 2.6 4.50333 4
      vertex 2.2999 4.66374 0
      vertex 2.6 4.50333 0
    endloop
  endfacet
  facet normal 0.227078 0.973877 -0
    outer loop
      vertex -1.01447 -5.10008 0
      vertex -1.34586 -5.02281 4
      vertex -1.01447 -5.10008 4
    endloop
  endfacet
  facet normal 0.227078 0.973877 0
    outer loop
      vertex -1.34586 -5.02281 4
      vertex -1.01447 -5.10008 0
      vertex -1.34586 -5.02281 0
    endloop
  endfacet
  facet normal 0.812859 0.582461 0
    outer loop
      vertex -4.12544 -3.16556 4
      vertex -4.32364 -2.88896 0
      vertex -4.32364 -2.88896 4
    endloop
  endfacet
  facet normal 0.812859 0.582461 0
    outer loop
      vertex -4.32364 -2.88896 0
      vertex -4.12544 -3.16556 4
      vertex -4.12544 -3.16556 0
    endloop
  endfacet
  facet normal -0.290269 -0.956945 0
    outer loop
      vertex 1.34586 5.02281 0
      vertex 1.67148 4.92404 4
      vertex 1.34586 5.02281 4
    endloop
  endfacet
  facet normal -0.290269 -0.956945 -0
    outer loop
      vertex 1.67148 4.92404 4
      vertex 1.34586 5.02281 0
      vertex 1.67148 4.92404 0
    endloop
  endfacet
  facet normal 0.729871 0.683585 0
    outer loop
      vertex -3.67696 -3.67696 4
      vertex -3.90957 -3.4286 0
      vertex -3.90957 -3.4286 4
    endloop
  endfacet
  facet normal 0.729871 0.683585 0
    outer loop
      vertex -3.90957 -3.4286 0
      vertex -3.67696 -3.67696 4
      vertex -3.67696 -3.67696 0
    endloop
  endfacet
  facet normal 0.0327085 -0.999465 0
    outer loop
      vertex -0.340096 5.18887 0
      vertex 0 5.2 4
      vertex -0.340096 5.18887 4
    endloop
  endfacet
  facet normal 0.0327085 -0.999465 0
    outer loop
      vertex 0 5.2 4
      vertex -0.340096 5.18887 0
      vertex 0 5.2 0
    endloop
  endfacet
  facet normal 0.162896 -0.986643 0
    outer loop
      vertex -1.01447 5.10008 0
      vertex -0.678736 5.15551 4
      vertex -1.01447 5.10008 4
    endloop
  endfacet
  facet normal 0.162896 -0.986643 0
    outer loop
      vertex -0.678736 5.15551 4
      vertex -1.01447 5.10008 0
      vertex -0.678736 5.15551 0
    endloop
  endfacet
  facet normal -0.956945 0.290269 0
    outer loop
      vertex 4.92404 -1.67148 0
      vertex 5.02281 -1.34586 4
      vertex 5.02281 -1.34586 0
    endloop
  endfacet
  facet normal -0.956945 0.290269 0
    outer loop
      vertex 5.02281 -1.34586 4
      vertex 4.92404 -1.67148 0
      vertex 4.92404 -1.67148 4
    endloop
  endfacet
  facet normal 0.729871 -0.683585 0
    outer loop
      vertex -3.90957 3.4286 4
      vertex -3.67696 3.67696 0
      vertex -3.67696 3.67696 4
    endloop
  endfacet
  facet normal 0.729871 -0.683585 0
    outer loop
      vertex -3.67696 3.67696 0
      vertex -3.90957 3.4286 4
      vertex -3.90957 3.4286 0
    endloop
  endfacet
  facet normal 0.986643 0.162896 0
    outer loop
      vertex -5.10008 -1.01447 4
      vertex -5.15551 -0.678736 0
      vertex -5.15551 -0.678736 4
    endloop
  endfacet
  facet normal 0.986643 0.162896 0
    outer loop
      vertex -5.15551 -0.678736 0
      vertex -5.10008 -1.01447 4
      vertex -5.10008 -1.01447 0
    endloop
  endfacet
  facet normal 0.999465 0.0327085 0
    outer loop
      vertex -5.18887 -0.340096 4
      vertex -5.2 0 0
      vertex -5.2 0 4
    endloop
  endfacet
  facet normal 0.999465 0.0327085 0
    outer loop
      vertex -5.2 0 0
      vertex -5.18887 -0.340096 4
      vertex -5.18887 -0.340096 0
    endloop
  endfacet
  facet normal -0.9359 0.352266 0
    outer loop
      vertex 4.80417 -1.98995 0
      vertex 4.92404 -1.67148 4
      vertex 4.92404 -1.67148 0
    endloop
  endfacet
  facet normal -0.9359 0.352266 0
    outer loop
      vertex 4.92404 -1.67148 4
      vertex 4.80417 -1.98995 0
      vertex 4.80417 -1.98995 4
    endloop
  endfacet
  facet normal 0.528074 -0.849198 0
    outer loop
      vertex -2.88896 4.32364 0
      vertex -2.6 4.50333 4
      vertex -2.88896 4.32364 4
    endloop
  endfacet
  facet normal 0.528074 -0.849198 0
    outer loop
      vertex -2.6 4.50333 4
      vertex -2.88896 4.32364 0
      vertex -2.6 4.50333 0
    endloop
  endfacet
  facet normal 0.973877 0.227078 0
    outer loop
      vertex -5.02281 -1.34586 4
      vertex -5.10008 -1.01447 0
      vertex -5.10008 -1.01447 4
    endloop
  endfacet
  facet normal 0.973877 0.227078 0
    outer loop
      vertex -5.10008 -1.01447 0
      vertex -5.02281 -1.34586 4
      vertex -5.02281 -1.34586 0
    endloop
  endfacet
  facet normal 0.528074 0.849198 -0
    outer loop
      vertex -2.6 -4.50333 0
      vertex -2.88896 -4.32364 4
      vertex -2.6 -4.50333 4
    endloop
  endfacet
  facet normal 0.528074 0.849198 0
    outer loop
      vertex -2.88896 -4.32364 4
      vertex -2.6 -4.50333 0
      vertex -2.88896 -4.32364 0
    endloop
  endfacet
  facet normal -0.634391 -0.773012 0
    outer loop
      vertex 3.16556 4.12544 0
      vertex 3.4286 3.90957 4
      vertex 3.16556 4.12544 4
    endloop
  endfacet
  facet normal -0.634391 -0.773012 -0
    outer loop
      vertex 3.4286 3.90957 4
      vertex 3.16556 4.12544 0
      vertex 3.4286 3.90957 0
    endloop
  endfacet
  facet normal 0.956945 0.290269 0
    outer loop
      vertex -4.92404 -1.67148 4
      vertex -5.02281 -1.34586 0
      vertex -5.02281 -1.34586 4
    endloop
  endfacet
  facet normal 0.956945 0.290269 0
    outer loop
      vertex -5.02281 -1.34586 0
      vertex -4.92404 -1.67148 4
      vertex -4.92404 -1.67148 0
    endloop
  endfacet
  facet normal -0.849198 0.528074 0
    outer loop
      vertex 4.32364 -2.88896 0
      vertex 4.50333 -2.6 4
      vertex 4.50333 -2.6 0
    endloop
  endfacet
  facet normal -0.849198 0.528074 0
    outer loop
      vertex 4.50333 -2.6 4
      vertex 4.32364 -2.88896 0
      vertex 4.32364 -2.88896 4
    endloop
  endfacet
  facet normal 0.910871 0.412691 0
    outer loop
      vertex -4.66374 -2.2999 4
      vertex -4.80417 -1.98995 0
      vertex -4.80417 -1.98995 4
    endloop
  endfacet
  facet normal 0.910871 0.412691 0
    outer loop
      vertex -4.80417 -1.98995 0
      vertex -4.66374 -2.2999 4
      vertex -4.66374 -2.2999 0
    endloop
  endfacet
  facet normal 0.162896 0.986643 -0
    outer loop
      vertex -0.678736 -5.15551 0
      vertex -1.01447 -5.10008 4
      vertex -0.678736 -5.15551 4
    endloop
  endfacet
  facet normal 0.162896 0.986643 0
    outer loop
      vertex -1.01447 -5.10008 4
      vertex -0.678736 -5.15551 0
      vertex -1.01447 -5.10008 0
    endloop
  endfacet
  facet normal -0.910871 0.412691 0
    outer loop
      vertex 4.66374 -2.2999 0
      vertex 4.80417 -1.98995 4
      vertex 4.80417 -1.98995 0
    endloop
  endfacet
  facet normal -0.910871 0.412691 0
    outer loop
      vertex 4.80417 -1.98995 4
      vertex 4.66374 -2.2999 0
      vertex 4.66374 -2.2999 4
    endloop
  endfacet
  facet normal 0.471404 0.881917 -0
    outer loop
      vertex -2.2999 -4.66374 0
      vertex -2.6 -4.50333 4
      vertex -2.2999 -4.66374 4
    endloop
  endfacet
  facet normal 0.471404 0.881917 0
    outer loop
      vertex -2.6 -4.50333 4
      vertex -2.2999 -4.66374 0
      vertex -2.6 -4.50333 0
    endloop
  endfacet
  facet normal 0.9359 0.352266 0
    outer loop
      vertex -4.80417 -1.98995 4
      vertex -4.92404 -1.67148 0
      vertex -4.92404 -1.67148 4
    endloop
  endfacet
  facet normal 0.9359 0.352266 0
    outer loop
      vertex -4.92404 -1.67148 0
      vertex -4.80417 -1.98995 4
      vertex -4.80417 -1.98995 0
    endloop
  endfacet
  facet normal -0.352266 -0.9359 0
    outer loop
      vertex 1.67148 4.92404 0
      vertex 1.98995 4.80417 4
      vertex 1.67148 4.92404 4
    endloop
  endfacet
  facet normal -0.352266 -0.9359 -0
    outer loop
      vertex 1.98995 4.80417 4
      vertex 1.67148 4.92404 0
      vertex 1.98995 4.80417 0
    endloop
  endfacet
  facet normal 0.352266 0.9359 -0
    outer loop
      vertex -1.67148 -4.92404 0
      vertex -1.98995 -4.80417 4
      vertex -1.67148 -4.92404 4
    endloop
  endfacet
  facet normal 0.352266 0.9359 0
    outer loop
      vertex -1.98995 -4.80417 4
      vertex -1.67148 -4.92404 0
      vertex -1.98995 -4.80417 0
    endloop
  endfacet
  facet normal -0.9359 -0.352266 0
    outer loop
      vertex 4.92404 1.67148 0
      vertex 4.80417 1.98995 4
      vertex 4.80417 1.98995 0
    endloop
  endfacet
  facet normal -0.9359 -0.352266 0
    outer loop
      vertex 4.80417 1.98995 4
      vertex 4.92404 1.67148 0
      vertex 4.92404 1.67148 4
    endloop
  endfacet
  facet normal -0.729871 -0.683585 0
    outer loop
      vertex 3.90957 3.4286 0
      vertex 3.67696 3.67696 4
      vertex 3.67696 3.67696 0
    endloop
  endfacet
  facet normal -0.729871 -0.683585 0
    outer loop
      vertex 3.67696 3.67696 4
      vertex 3.90957 3.4286 0
      vertex 3.90957 3.4286 4
    endloop
  endfacet
  facet normal 0.0980371 0.995183 -0
    outer loop
      vertex -0.340096 -5.18887 0
      vertex -0.678736 -5.15551 4
      vertex -0.340096 -5.18887 4
    endloop
  endfacet
  facet normal 0.0980371 0.995183 0
    outer loop
      vertex -0.678736 -5.15551 4
      vertex -0.340096 -5.18887 0
      vertex -0.678736 -5.15551 0
    endloop
  endfacet
  facet normal 0.634391 -0.773012 0
    outer loop
      vertex -3.4286 3.90957 0
      vertex -3.16556 4.12544 4
      vertex -3.4286 3.90957 4
    endloop
  endfacet
  facet normal 0.634391 -0.773012 0
    outer loop
      vertex -3.16556 4.12544 4
      vertex -3.4286 3.90957 0
      vertex -3.16556 4.12544 0
    endloop
  endfacet
  facet normal -0.812859 0.582461 0
    outer loop
      vertex 4.12544 -3.16556 0
      vertex 4.32364 -2.88896 4
      vertex 4.32364 -2.88896 0
    endloop
  endfacet
  facet normal -0.812859 0.582461 0
    outer loop
      vertex 4.32364 -2.88896 4
      vertex 4.12544 -3.16556 0
      vertex 4.12544 -3.16556 4
    endloop
  endfacet
  facet normal 0.995183 0.0980371 0
    outer loop
      vertex -5.15551 -0.678736 4
      vertex -5.18887 -0.340096 0
      vertex -5.18887 -0.340096 4
    endloop
  endfacet
  facet normal 0.995183 0.0980371 0
    outer loop
      vertex -5.18887 -0.340096 0
      vertex -5.15551 -0.678736 4
      vertex -5.15551 -0.678736 0
    endloop
  endfacet
  facet normal -0.683585 0.729871 0
    outer loop
      vertex 3.67696 -3.67696 0
      vertex 3.4286 -3.90957 4
      vertex 3.67696 -3.67696 4
    endloop
  endfacet
  facet normal -0.683585 0.729871 0
    outer loop
      vertex 3.4286 -3.90957 4
      vertex 3.67696 -3.67696 0
      vertex 3.4286 -3.90957 0
    endloop
  endfacet
  facet normal -0.634391 0.773012 0
    outer loop
      vertex 3.4286 -3.90957 0
      vertex 3.16556 -4.12544 4
      vertex 3.4286 -3.90957 4
    endloop
  endfacet
  facet normal -0.634391 0.773012 0
    outer loop
      vertex 3.16556 -4.12544 4
      vertex 3.4286 -3.90957 0
      vertex 3.16556 -4.12544 0
    endloop
  endfacet
  facet normal -0.773012 -0.634391 0
    outer loop
      vertex 4.12544 3.16556 0
      vertex 3.90957 3.4286 4
      vertex 3.90957 3.4286 0
    endloop
  endfacet
  facet normal -0.773012 -0.634391 0
    outer loop
      vertex 3.90957 3.4286 4
      vertex 4.12544 3.16556 0
      vertex 4.12544 3.16556 4
    endloop
  endfacet
  facet normal 0.773012 0.634391 0
    outer loop
      vertex -3.90957 -3.4286 4
      vertex -4.12544 -3.16556 0
      vertex -4.12544 -3.16556 4
    endloop
  endfacet
  facet normal 0.773012 0.634391 0
    outer loop
      vertex -4.12544 -3.16556 0
      vertex -3.90957 -3.4286 4
      vertex -3.90957 -3.4286 0
    endloop
  endfacet
  facet normal -0.881917 0.471404 0
    outer loop
      vertex 4.50333 -2.6 0
      vertex 4.66374 -2.2999 4
      vertex 4.66374 -2.2999 0
    endloop
  endfacet
  facet normal -0.881917 0.471404 0
    outer loop
      vertex 4.66374 -2.2999 4
      vertex 4.50333 -2.6 0
      vertex 4.50333 -2.6 4
    endloop
  endfacet
  facet normal 0.956945 -0.290269 0
    outer loop
      vertex -5.02281 1.34586 4
      vertex -4.92404 1.67148 0
      vertex -4.92404 1.67148 4
    endloop
  endfacet
  facet normal 0.956945 -0.290269 0
    outer loop
      vertex -4.92404 1.67148 0
      vertex -5.02281 1.34586 4
      vertex -5.02281 1.34586 0
    endloop
  endfacet
  facet normal 0.9359 -0.352266 0
    outer loop
      vertex -4.92404 1.67148 4
      vertex -4.80417 1.98995 0
      vertex -4.80417 1.98995 4
    endloop
  endfacet
  facet normal 0.9359 -0.352266 0
    outer loop
      vertex -4.80417 1.98995 0
      vertex -4.92404 1.67148 4
      vertex -4.92404 1.67148 0
    endloop
  endfacet
  facet normal 0.634391 0.773012 -0
    outer loop
      vertex -3.16556 -4.12544 0
      vertex -3.4286 -3.90957 4
      vertex -3.16556 -4.12544 4
    endloop
  endfacet
  facet normal 0.634391 0.773012 0
    outer loop
      vertex -3.4286 -3.90957 4
      vertex -3.16556 -4.12544 0
      vertex -3.4286 -3.90957 0
    endloop
  endfacet
  facet normal -0.290269 0.956945 0
    outer loop
      vertex 1.67148 -4.92404 0
      vertex 1.34586 -5.02281 4
      vertex 1.67148 -4.92404 4
    endloop
  endfacet
  facet normal -0.290269 0.956945 0
    outer loop
      vertex 1.34586 -5.02281 4
      vertex 1.67148 -4.92404 0
      vertex 1.34586 -5.02281 0
    endloop
  endfacet
  facet normal -0.812859 -0.582461 0
    outer loop
      vertex 4.32364 2.88896 0
      vertex 4.12544 3.16556 4
      vertex 4.12544 3.16556 0
    endloop
  endfacet
  facet normal -0.812859 -0.582461 0
    outer loop
      vertex 4.12544 3.16556 4
      vertex 4.32364 2.88896 0
      vertex 4.32364 2.88896 4
    endloop
  endfacet
  facet normal 0.995183 -0.0980371 0
    outer loop
      vertex -5.18887 0.340096 4
      vertex -5.15551 0.678736 0
      vertex -5.15551 0.678736 4
    endloop
  endfacet
  facet normal 0.995183 -0.0980371 0
    outer loop
      vertex -5.15551 0.678736 0
      vertex -5.18887 0.340096 4
      vertex -5.18887 0.340096 0
    endloop
  endfacet
  facet normal 0.412691 0.910871 -0
    outer loop
      vertex -1.98995 -4.80417 0
      vertex -2.2999 -4.66374 4
      vertex -1.98995 -4.80417 4
    endloop
  endfacet
  facet normal 0.412691 0.910871 0
    outer loop
      vertex -2.2999 -4.66374 4
      vertex -1.98995 -4.80417 0
      vertex -2.2999 -4.66374 0
    endloop
  endfacet
  facet normal 0.910871 -0.412691 0
    outer loop
      vertex -4.80417 1.98995 4
      vertex -4.66374 2.2999 0
      vertex -4.66374 2.2999 4
    endloop
  endfacet
  facet normal 0.910871 -0.412691 0
    outer loop
      vertex -4.66374 2.2999 0
      vertex -4.80417 1.98995 4
      vertex -4.80417 1.98995 0
    endloop
  endfacet
  facet normal -0 0 -1
    outer loop
      vertex -5.10008 1.01447 0
      vertex -17.1022 0.776457 0
      vertex -5.02281 1.34586 0
    endloop
  endfacet
  facet normal 0 0 -1
    outer loop
      vertex -17.1592 0.964318 0
      vertex -5.02281 1.34586 0
      vertex -17.1022 0.776457 0
    endloop
  endfacet
  facet normal -0 0 -1
    outer loop
      vertex -5.02281 1.34586 0
      vertex -17.1592 0.964318 0
      vertex -4.92404 1.67148 0
    endloop
  endfacet
  facet normal 0 0 -1
    outer loop
      vertex -17.2284 1.14805 0
      vertex -4.92404 1.67148 0
      vertex -17.1592 0.964318 0
    endloop
  endfacet
  facet normal 0 0 -1
    outer loop
      vertex -17.3094 1.32687 0
      vertex -4.92404 1.67148 0
      vertex -17.2284 1.14805 0
    endloop
  endfacet
  facet normal -0 0 -1
    outer loop
      vertex -4.92404 1.67148 0
      vertex -17.3094 1.32687 0
      vertex -16 9 0
    endloop
  endfacet
  facet normal 0 0 -1
    outer loop
      vertex -17.4019 1.5 0
      vertex -16 9 0
      vertex -17.3094 1.32687 0
    endloop
  endfacet
  facet normal 0 0 -1
    outer loop
      vertex -17.5056 1.66671 0
      vertex -16 9 0
      vertex -17.4019 1.5 0
    endloop
  endfacet
  facet normal 0 0 -1
    outer loop
      vertex -17.6199 1.82628 0
      vertex -16 9 0
      vertex -17.5056 1.66671 0
    endloop
  endfacet
  facet normal 0 0 -1
    outer loop
      vertex -17.7445 1.97804 0
      vertex -16 9 0
      vertex -17.6199 1.82628 0
    endloop
  endfacet
  facet normal 0 0 -1
    outer loop
      vertex -17.8787 2.12132 0
      vertex -16 9 0
      vertex -17.7445 1.97804 0
    endloop
  endfacet
  facet normal 0 0 -1
    outer loop
      vertex -18.022 2.25552 0
      vertex -16 9 0
      vertex -17.8787 2.12132 0
    endloop
  endfacet
  facet normal 0 0 -1
    outer loop
      vertex -18.1737 2.38006 0
      vertex -16 9 0
      vertex -18.022 2.25552 0
    endloop
  endfacet
  facet normal 0 0 -1
    outer loop
      vertex -16 9 0
      vertex -18.1737 2.38006 0
      vertex -16.5886 8.98073 0
    endloop
  endfacet
  facet normal 0 0 -1
    outer loop
      vertex -18.3333 2.49441 0
      vertex -16.5886 8.98073 0
      vertex -18.1737 2.38006 0
    endloop
  endfacet
  facet normal 0 0 -1
    outer loop
      vertex -16.5886 8.98073 0
      vertex -18.3333 2.49441 0
      vertex -17.1747 8.923 0
    endloop
  endfacet
  facet normal 0 0 -1
    outer loop
      vertex -18.5 2.59808 0
      vertex -17.1747 8.923 0
      vertex -18.3333 2.49441 0
    endloop
  endfacet
  facet normal 0 0 -1
    outer loop
      vertex -17.1747 8.923 0
      vertex -18.5 2.59808 0
      vertex -17.7558 8.82707 0
    endloop
  endfacet
  facet normal 0 0 -1
    outer loop
      vertex -18.6731 2.69062 0
      vertex -17.7558 8.82707 0
      vertex -18.5 2.59808 0
    endloop
  endfacet
  facet normal 0 0 -1
    outer loop
      vertex -17.7558 8.82707 0
      vertex -18.6731 2.69062 0
      vertex -18.3294 8.69333 0
    endloop
  endfacet
  facet normal 0 0 -1
    outer loop
      vertex -18.852 2.77164 0
      vertex -18.3294 8.69333 0
      vertex -18.6731 2.69062 0
    endloop
  endfacet
  facet normal 0 0 -1
    outer loop
      vertex -18.852 2.77164 0
      vertex -18.893 8.52237 0
      vertex -18.3294 8.69333 0
    endloop
  endfacet
  facet normal 0 0 -1
    outer loop
      vertex -19.0357 2.84079 0
      vertex -18.893 8.52237 0
      vertex -18.852 2.77164 0
    endloop
  endfacet
  facet normal 0 0 -1
    outer loop
      vertex -19.4441 8.31492 0
      vertex -19.0357 2.84079 0
      vertex -19.2235 2.89778 0
    endloop
  endfacet
  facet normal 0 0 -1
    outer loop
      vertex -19.9806 8.07185 0
      vertex -19.2235 2.89778 0
      vertex -19.4147 2.94236 0
    endloop
  endfacet
  facet normal 0 0 -1
    outer loop
      vertex -19.0357 2.84079 0
      vertex -19.4441 8.31492 0
      vertex -18.893 8.52237 0
    endloop
  endfacet
  facet normal 0 0 -1
    outer loop
      vertex -20.5 7.79423 0
      vertex -19.4147 2.94236 0
      vertex -19.6084 2.97433 0
    endloop
  endfacet
  facet normal 0 0 -1
    outer loop
      vertex -21.0001 7.48323 0
      vertex -19.6084 2.97433 0
      vertex -19.8038 2.99358 0
    endloop
  endfacet
  facet normal 0 0 -1
    outer loop
      vertex -19.2235 2.89778 0
      vertex -19.9806 8.07185 0
      vertex -19.4441 8.31492 0
    endloop
  endfacet
  facet normal 0 0 -1
    outer loop
      vertex -21.0001 7.48323 0
      vertex -19.8038 2.99358 0
      vertex -20 3 0
    endloop
  endfacet
  facet normal 0 0 -1
    outer loop
      vertex -21.4789 7.14018 0
      vertex -20 3 0
      vertex -20.1962 2.99358 0
    endloop
  endfacet
  facet normal 0 0 -1
    outer loop
      vertex -21.9341 6.76656 0
      vertex -20.1962 2.99358 0
      vertex -20.3916 2.97433 0
    endloop
  endfacet
  facet normal 0 0 -1
    outer loop
      vertex -19.4147 2.94236 0
      vertex -20.5 7.79423 0
      vertex -19.9806 8.07185 0
    endloop
  endfacet
  facet normal 0 0 -1
    outer loop
      vertex -22.364 6.36396 0
      vertex -20.3916 2.97433 0
      vertex -20.5853 2.94236 0
    endloop
  endfacet
  facet normal 0 0 -1
    outer loop
      vertex -22.364 6.36396 0
      vertex -20.5853 2.94236 0
      vertex -20.7765 2.89778 0
    endloop
  endfacet
  facet normal 0 0 -1
    outer loop
      vertex -22.7666 5.93411 0
      vertex -20.7765 2.89778 0
      vertex -20.9643 2.84079 0
    endloop
  endfacet
  facet normal 0 0 -1
    outer loop
      vertex -19.6084 2.97433 0
      vertex -21.0001 7.48323 0
      vertex -20.5 7.79423 0
    endloop
  endfacet
  facet normal 0 0 -1
    outer loop
      vertex -23.1402 5.47885 0
      vertex -20.9643 2.84079 0
      vertex -21.148 2.77164 0
    endloop
  endfacet
  facet normal 0 0 -1
    outer loop
      vertex -23.1402 5.47885 0
      vertex -21.148 2.77164 0
      vertex -21.3269 2.69062 0
    endloop
  endfacet
  facet normal 0 0 -1
    outer loop
      vertex -20 3 0
      vertex -21.4789 7.14018 0
      vertex -21.0001 7.48323 0
    endloop
  endfacet
  facet normal 0 0 -1
    outer loop
      vertex -23.4832 5.00013 0
      vertex -21.3269 2.69062 0
      vertex -21.5 2.59808 0
    endloop
  endfacet
  facet normal 0 0 -1
    outer loop
      vertex -23.7942 4.5 0
      vertex -21.5 2.59808 0
      vertex -21.6667 2.49441 0
    endloop
  endfacet
  facet normal 0 0 -1
    outer loop
      vertex -23.7942 4.5 0
      vertex -21.6667 2.49441 0
      vertex -21.8263 2.38006 0
    endloop
  endfacet
  facet normal 0 0 -1
    outer loop
      vertex -20.1962 2.99358 0
      vertex -21.9341 6.76656 0
      vertex -21.4789 7.14018 0
    endloop
  endfacet
  facet normal 0 0 -1
    outer loop
      vertex -24.0719 3.9806 0
      vertex -21.8263 2.38006 0
      vertex -21.978 2.25552 0
    endloop
  endfacet
  facet normal 0 0 -1
    outer loop
      vertex -24.0719 3.9806 0
      vertex -21.978 2.25552 0
      vertex -22.1213 2.12132 0
    endloop
  endfacet
  facet normal 0 0 -1
    outer loop
      vertex -24.3149 3.44415 0
      vertex -22.1213 2.12132 0
      vertex -22.2555 1.97804 0
    endloop
  endfacet
  facet normal 0 0 -1
    outer loop
      vertex -20.3916 2.97433 0
      vertex -22.364 6.36396 0
      vertex -21.9341 6.76656 0
    endloop
  endfacet
  facet normal 0 0 -1
    outer loop
      vertex -24.5224 2.89295 0
      vertex -22.2555 1.97804 0
      vertex -22.3801 1.82628 0
    endloop
  endfacet
  facet normal 0 0 -1
    outer loop
      vertex -24.5224 2.89295 0
      vertex -22.3801 1.82628 0
      vertex -22.4944 1.66671 0
    endloop
  endfacet
  facet normal 0 0 -1
    outer loop
      vertex -24.6933 2.32937 0
      vertex -22.4944 1.66671 0
      vertex -22.5981 1.5 0
    endloop
  endfacet
  facet normal 0 0 -1
    outer loop
      vertex -24.6933 2.32937 0
      vertex -22.5981 1.5 0
      vertex -22.6906 1.32687 0
    endloop
  endfacet
  facet normal 0 0 -1
    outer loop
      vertex -20.7765 2.89778 0
      vertex -22.7666 5.93411 0
      vertex -22.364 6.36396 0
    endloop
  endfacet
  facet normal 0 0 -1
    outer loop
      vertex -24.8271 1.75581 0
      vertex -22.6906 1.32687 0
      vertex -22.7716 1.14805 0
    endloop
  endfacet
  facet normal 0 0 -1
    outer loop
      vertex -24.8271 1.75581 0
      vertex -22.7716 1.14805 0
      vertex -22.8408 0.964318 0
    endloop
  endfacet
  facet normal 0 0 -1
    outer loop
      vertex -24.923 1.17474 0
      vertex -22.8408 0.964318 0
      vertex -22.8978 0.776457 0
    endloop
  endfacet
  facet normal 0 0 -1
    outer loop
      vertex -24.923 1.17474 0
      vertex -22.8978 0.776457 0
      vertex -22.9424 0.585271 0
    endloop
  endfacet
  facet normal 0 0 -1
    outer loop
      vertex -24.9807 0.588628 0
      vertex -22.9424 0.585271 0
      vertex -22.9743 0.391578 0
    endloop
  endfacet
  facet normal 0 0 -1
    outer loop
      vertex -24.9807 0.588628 0
      vertex -22.9743 0.391578 0
      vertex -22.9936 0.196209 0
    endloop
  endfacet
  facet normal 0 0 -1
    outer loop
      vertex -20.9643 2.84079 0
      vertex -23.1402 5.47885 0
      vertex -22.7666 5.93411 0
    endloop
  endfacet
  facet normal 0 0 -1
    outer loop
      vertex -25 0 0
      vertex -22.9936 0.196209 0
      vertex -23 0 0
    endloop
  endfacet
  facet normal -0 0 -1
    outer loop
      vertex -22.6906 -1.32687 0
      vertex -24.8271 -1.75581 0
      vertex -22.7716 -1.14805 0
    endloop
  endfacet
  facet normal -0 0 -1
    outer loop
      vertex -22.7716 -1.14805 0
      vertex -24.8271 -1.75581 0
      vertex -22.8408 -0.964318 0
    endloop
  endfacet
  facet normal 0 0 -1
    outer loop
      vertex -21.3269 2.69062 0
      vertex -23.4832 5.00013 0
      vertex -23.1402 5.47885 0
    endloop
  endfacet
  facet normal 0 0 -1
    outer loop
      vertex -24.923 -1.17474 0
      vertex -22.8408 -0.964318 0
      vertex -24.8271 -1.75581 0
    endloop
  endfacet
  facet normal 0 0 -1
    outer loop
      vertex -21.5 2.59808 0
      vertex -23.7942 4.5 0
      vertex -23.4832 5.00013 0
    endloop
  endfacet
  facet normal -0 0 -1
    outer loop
      vertex -22.8408 -0.964318 0
      vertex -24.923 -1.17474 0
      vertex -22.8978 -0.776457 0
    endloop
  endfacet
  facet normal 0 0 -1
    outer loop
      vertex -21.8263 2.38006 0
      vertex -24.0719 3.9806 0
      vertex -23.7942 4.5 0
    endloop
  endfacet
  facet normal -0 0 -1
    outer loop
      vertex -22.8978 -0.776457 0
      vertex -24.923 -1.17474 0
      vertex -22.9424 -0.585271 0
    endloop
  endfacet
  facet normal 0 0 -1
    outer loop
      vertex -22.1213 2.12132 0
      vertex -24.3149 3.44415 0
      vertex -24.0719 3.9806 0
    endloop
  endfacet
  facet normal 0 0 -1
    outer loop
      vertex -24.9807 -0.588628 0
      vertex -22.9424 -0.585271 0
      vertex -24.923 -1.17474 0
    endloop
  endfacet
  facet normal 0 0 -1
    outer loop
      vertex -22.2555 1.97804 0
      vertex -24.5224 2.89295 0
      vertex -24.3149 3.44415 0
    endloop
  endfacet
  facet normal -0 0 -1
    outer loop
      vertex -22.9424 -0.585271 0
      vertex -24.9807 -0.588628 0
      vertex -22.9743 -0.391578 0
    endloop
  endfacet
  facet normal 0 0 -1
    outer loop
      vertex -22.4944 1.66671 0
      vertex -24.6933 2.32937 0
      vertex -24.5224 2.89295 0
    endloop
  endfacet
  facet normal -0 0 -1
    outer loop
      vertex -22.9743 -0.391578 0
      vertex -24.9807 -0.588628 0
      vertex -22.9936 -0.196209 0
    endloop
  endfacet
  facet normal 0 0 -1
    outer loop
      vertex -22.6906 1.32687 0
      vertex -24.8271 1.75581 0
      vertex -24.6933 2.32937 0
    endloop
  endfacet
  facet normal 0 0 -1
    outer loop
      vertex -25 0 0
      vertex -22.9936 -0.196209 0
      vertex -24.9807 -0.588628 0
    endloop
  endfacet
  facet normal 0 0 -1
    outer loop
      vertex -22.8408 0.964318 0
      vertex -24.923 1.17474 0
      vertex -24.8271 1.75581 0
    endloop
  endfacet
  facet normal 0 0 -1
    outer loop
      vertex -22.9936 -0.196209 0
      vertex -25 0 0
      vertex -23 0 0
    endloop
  endfacet
  facet normal 0 0 -1
    outer loop
      vertex -22.9424 0.585271 0
      vertex -24.9807 0.588628 0
      vertex -24.923 1.17474 0
    endloop
  endfacet
  facet normal -0 0 -1
    outer loop
      vertex -22.9936 0.196209 0
      vertex -25 0 0
      vertex -24.9807 0.588628 0
    endloop
  endfacet
  facet normal 0 0 -1
    outer loop
      vertex 17.1022 0.776457 0
      vertex 5.02281 1.34586 0
      vertex 17.1592 0.964318 0
    endloop
  endfacet
  facet normal 0 0 -1
    outer loop
      vertex 17.1592 0.964318 0
      vertex 5.02281 1.34586 0
      vertex 17.2284 1.14805 0
    endloop
  endfacet
  facet normal 0 0 -1
    outer loop
      vertex 4.92404 1.67148 0
      vertex 17.2284 1.14805 0
      vertex 5.02281 1.34586 0
    endloop
  endfacet
  facet normal 0 0 -1
    outer loop
      vertex 17.2284 1.14805 0
      vertex 4.92404 1.67148 0
      vertex 17.3094 1.32687 0
    endloop
  endfacet
  facet normal 0 0 -1
    outer loop
      vertex 17.3094 1.32687 0
      vertex 4.92404 1.67148 0
      vertex 16 9 0
    endloop
  endfacet
  facet normal 0 0 -1
    outer loop
      vertex 4.80417 1.98995 0
      vertex 16 9 0
      vertex 4.92404 1.67148 0
    endloop
  endfacet
  facet normal 0 0 -1
    outer loop
      vertex 4.66374 2.2999 0
      vertex 16 9 0
      vertex 4.80417 1.98995 0
    endloop
  endfacet
  facet normal 0 0 -1
    outer loop
      vertex 4.50333 2.6 0
      vertex 16 9 0
      vertex 4.66374 2.2999 0
    endloop
  endfacet
  facet normal 0 0 -1
    outer loop
      vertex 4.32364 2.88896 0
      vertex 16 9 0
      vertex 4.50333 2.6 0
    endloop
  endfacet
  facet normal 0 0 -1
    outer loop
      vertex 4.12544 3.16556 0
      vertex 16 9 0
      vertex 4.32364 2.88896 0
    endloop
  endfacet
  facet normal 0 0 -1
    outer loop
      vertex 3.90957 3.4286 0
      vertex 16 9 0
      vertex 4.12544 3.16556 0
    endloop
  endfacet
  facet normal 0 0 -1
    outer loop
      vertex 3.67696 3.67696 0
      vertex 16 9 0
      vertex 3.90957 3.4286 0
    endloop
  endfacet
  facet normal 0 0 -1
    outer loop
      vertex 3.4286 3.90957 0
      vertex 16 9 0
      vertex 3.67696 3.67696 0
    endloop
  endfacet
  facet normal 0 0 -1
    outer loop
      vertex 3.16556 4.12544 0
      vertex 16 9 0
      vertex 3.4286 3.90957 0
    endloop
  endfacet
  facet normal 0 0 -1
    outer loop
      vertex 2.88896 4.32364 0
      vertex 16 9 0
      vertex 3.16556 4.12544 0
    endloop
  endfacet
  facet normal 0 0 -1
    outer loop
      vertex 2.6 4.50333 0
      vertex 16 9 0
      vertex 2.88896 4.32364 0
    endloop
  endfacet
  facet normal 0 0 -1
    outer loop
      vertex 2.2999 4.66374 0
      vertex 16 9 0
      vertex 2.6 4.50333 0
    endloop
  endfacet
  facet normal 0 0 -1
    outer loop
      vertex 1.98995 4.80417 0
      vertex 16 9 0
      vertex 2.2999 4.66374 0
    endloop
  endfacet
  facet normal 0 0 -1
    outer loop
      vertex 1.67148 4.92404 0
      vertex 16 9 0
      vertex 1.98995 4.80417 0
    endloop
  endfacet
  facet normal 0 0 -1
    outer loop
      vertex 1.34586 5.02281 0
      vertex 16 9 0
      vertex 1.67148 4.92404 0
    endloop
  endfacet
  facet normal 0 0 -1
    outer loop
      vertex 1.01447 5.10008 0
      vertex 16 9 0
      vertex 1.34586 5.02281 0
    endloop
  endfacet
  facet normal 0 0 -1
    outer loop
      vertex 0.678736 5.15551 0
      vertex 16 9 0
      vertex 1.01447 5.10008 0
    endloop
  endfacet
  facet normal 0 0 -1
    outer loop
      vertex 0.340096 5.18887 0
      vertex 16 9 0
      vertex 0.678736 5.15551 0
    endloop
  endfacet
  facet normal 0 0 -1
    outer loop
      vertex 0 5.2 0
      vertex 16 9 0
      vertex 0.340096 5.18887 0
    endloop
  endfacet
  facet normal 0 0 -1
    outer loop
      vertex -16 9 0
      vertex 0 5.2 0
      vertex -0.340096 5.18887 0
    endloop
  endfacet
  facet normal 0 0 -1
    outer loop
      vertex -16 9 0
      vertex -0.340096 5.18887 0
      vertex -0.678736 5.15551 0
    endloop
  endfacet
  facet normal 0 0 -1
    outer loop
      vertex -16 9 0
      vertex -0.678736 5.15551 0
      vertex -1.01447 5.10008 0
    endloop
  endfacet
  facet normal 0 -0 -1
    outer loop
      vertex -17.0576 -0.585271 0
      vertex -5.10008 -1.01447 0
      vertex -17.1022 -0.776457 0
    endloop
  endfacet
  facet normal 0 0 -1
    outer loop
      vertex -5.10008 -1.01447 0
      vertex -17.0576 -0.585271 0
      vertex -5.15551 -0.678736 0
    endloop
  endfacet
  facet normal 0 -0 -1
    outer loop
      vertex -17.0257 -0.391578 0
      vertex -5.15551 -0.678736 0
      vertex -17.0576 -0.585271 0
    endloop
  endfacet
  facet normal 0 0 -1
    outer loop
      vertex -5.15551 -0.678736 0
      vertex -17.0257 -0.391578 0
      vertex -5.18887 -0.340096 0
    endloop
  endfacet
  facet normal 0 -0 -1
    outer loop
      vertex -17.0064 -0.196209 0
      vertex -5.18887 -0.340096 0
      vertex -17.0257 -0.391578 0
    endloop
  endfacet
  facet normal 0 0 -1
    outer loop
      vertex -5.18887 -0.340096 0
      vertex -17.0064 -0.196209 0
      vertex -5.2 0 0
    endloop
  endfacet
  facet normal 0 -0 -1
    outer loop
      vertex -17 0 0
      vertex -5.2 0 0
      vertex -17.0064 -0.196209 0
    endloop
  endfacet
  facet normal 0 0 -1
    outer loop
      vertex -17.0064 0.196209 0
      vertex -5.2 0 0
      vertex -17 0 0
    endloop
  endfacet
  facet normal 0 0 -1
    outer loop
      vertex -17.0257 0.391578 0
      vertex -5.18887 0.340096 0
      vertex -17.0064 0.196209 0
    endloop
  endfacet
  facet normal 0 0 -1
    outer loop
      vertex -5.18887 0.340096 0
      vertex -17.0257 0.391578 0
      vertex -5.15551 0.678736 0
    endloop
  endfacet
  facet normal 0 0 -1
    outer loop
      vertex -17.0576 0.585271 0
      vertex -5.15551 0.678736 0
      vertex -17.0257 0.391578 0
    endloop
  endfacet
  facet normal -0 0 -1
    outer loop
      vertex -5.15551 0.678736 0
      vertex -17.0576 0.585271 0
      vertex -5.10008 1.01447 0
    endloop
  endfacet
  facet normal 0 0 -1
    outer loop
      vertex 0 5.2 0
      vertex -16 9 0
      vertex 16 9 0
    endloop
  endfacet
  facet normal 0 0 -1
    outer loop
      vertex -1.34586 5.02281 0
      vertex -16 9 0
      vertex -1.01447 5.10008 0
    endloop
  endfacet
  facet normal 0 0 -1
    outer loop
      vertex -1.67148 4.92404 0
      vertex -16 9 0
      vertex -1.34586 5.02281 0
    endloop
  endfacet
  facet normal 0 0 -1
    outer loop
      vertex -1.98995 4.80417 0
      vertex -16 9 0
      vertex -1.67148 4.92404 0
    endloop
  endfacet
  facet normal 0 0 -1
    outer loop
      vertex -2.2999 4.66374 0
      vertex -16 9 0
      vertex -1.98995 4.80417 0
    endloop
  endfacet
  facet normal 0 0 -1
    outer loop
      vertex -2.6 4.50333 0
      vertex -16 9 0
      vertex -2.2999 4.66374 0
    endloop
  endfacet
  facet normal 0 0 -1
    outer loop
      vertex -2.88896 4.32364 0
      vertex -16 9 0
      vertex -2.6 4.50333 0
    endloop
  endfacet
  facet normal 0 0 -1
    outer loop
      vertex -3.16556 4.12544 0
      vertex -16 9 0
      vertex -2.88896 4.32364 0
    endloop
  endfacet
  facet normal 0 0 -1
    outer loop
      vertex -3.4286 3.90957 0
      vertex -16 9 0
      vertex -3.16556 4.12544 0
    endloop
  endfacet
  facet normal 0 0 -1
    outer loop
      vertex -3.67696 3.67696 0
      vertex -16 9 0
      vertex -3.4286 3.90957 0
    endloop
  endfacet
  facet normal 0 0 -1
    outer loop
      vertex -4.92404 1.67148 0
      vertex -16 9 0
      vertex -4.80417 1.98995 0
    endloop
  endfacet
  facet normal 0 0 -1
    outer loop
      vertex -18.1737 -2.38006 0
      vertex -16 -9 0
      vertex -16.5886 -8.98073 0
    endloop
  endfacet
  facet normal 0 0 -1
    outer loop
      vertex -3.90957 3.4286 0
      vertex -16 9 0
      vertex -3.67696 3.67696 0
    endloop
  endfacet
  facet normal 0 0 -1
    outer loop
      vertex -17.1022 0.776457 0
      vertex -5.10008 1.01447 0
      vertex -17.0576 0.585271 0
    endloop
  endfacet
  facet normal 0 0 -1
    outer loop
      vertex -4.12544 3.16556 0
      vertex -16 9 0
      vertex -3.90957 3.4286 0
    endloop
  endfacet
  facet normal 0 0 -1
    outer loop
      vertex -4.32364 2.88896 0
      vertex -16 9 0
      vertex -4.12544 3.16556 0
    endloop
  endfacet
  facet normal 0 0 -1
    outer loop
      vertex -4.50333 2.6 0
      vertex -16 9 0
      vertex -4.32364 2.88896 0
    endloop
  endfacet
  facet normal 0 0 -1
    outer loop
      vertex -4.66374 2.2999 0
      vertex -16 9 0
      vertex -4.50333 2.6 0
    endloop
  endfacet
  facet normal 0 0 -1
    outer loop
      vertex -4.80417 1.98995 0
      vertex -16 9 0
      vertex -4.66374 2.2999 0
    endloop
  endfacet
  facet normal 0 0 -1
    outer loop
      vertex -18.3333 -2.49441 0
      vertex -16.5886 -8.98073 0
      vertex -17.1747 -8.923 0
    endloop
  endfacet
  facet normal 0 0 -1
    outer loop
      vertex -5.2 0 0
      vertex -17.0064 0.196209 0
      vertex -5.18887 0.340096 0
    endloop
  endfacet
  facet normal 0 0 -1
    outer loop
      vertex -16 -9 0
      vertex -17.3094 -1.32687 0
      vertex -17.2284 -1.14805 0
    endloop
  endfacet
  facet normal 0 0 -1
    outer loop
      vertex -16 -9 0
      vertex -17.4019 -1.5 0
      vertex -17.3094 -1.32687 0
    endloop
  endfacet
  facet normal 0 0 -1
    outer loop
      vertex -16 -9 0
      vertex -17.5056 -1.66671 0
      vertex -17.4019 -1.5 0
    endloop
  endfacet
  facet normal 0 0 -1
    outer loop
      vertex -16 -9 0
      vertex -17.6199 -1.82628 0
      vertex -17.5056 -1.66671 0
    endloop
  endfacet
  facet normal 0 0 -1
    outer loop
      vertex -16 -9 0
      vertex -17.7445 -1.97804 0
      vertex -17.6199 -1.82628 0
    endloop
  endfacet
  facet normal 0 0 -1
    outer loop
      vertex -18.5 -2.59808 0
      vertex -17.1747 -8.923 0
      vertex -17.7558 -8.82707 0
    endloop
  endfacet
  facet normal 0 0 -1
    outer loop
      vertex -16 -9 0
      vertex -17.8787 -2.12132 0
      vertex -17.7445 -1.97804 0
    endloop
  endfacet
  facet normal 0 0 -1
    outer loop
      vertex -16 -9 0
      vertex -18.022 -2.25552 0
      vertex -17.8787 -2.12132 0
    endloop
  endfacet
  facet normal 0 0 -1
    outer loop
      vertex -16 -9 0
      vertex -18.1737 -2.38006 0
      vertex -18.022 -2.25552 0
    endloop
  endfacet
  facet normal 0 0 -1
    outer loop
      vertex -18.6731 -2.69062 0
      vertex -17.7558 -8.82707 0
      vertex -18.3294 -8.69333 0
    endloop
  endfacet
  facet normal 0 0 -1
    outer loop
      vertex -16.5886 -8.98073 0
      vertex -18.3333 -2.49441 0
      vertex -18.1737 -2.38006 0
    endloop
  endfacet
  facet normal 0 0 -1
    outer loop
      vertex -17.1747 -8.923 0
      vertex -18.5 -2.59808 0
      vertex -18.3333 -2.49441 0
    endloop
  endfacet
  facet normal 0 0 -1
    outer loop
      vertex -17.7558 -8.82707 0
      vertex -18.6731 -2.69062 0
      vertex -18.5 -2.59808 0
    endloop
  endfacet
  facet normal 0 0 -1
    outer loop
      vertex -18.3294 -8.69333 0
      vertex -18.852 -2.77164 0
      vertex -18.6731 -2.69062 0
    endloop
  endfacet
  facet normal 0 0 -1
    outer loop
      vertex -18.893 -8.52237 0
      vertex -18.852 -2.77164 0
      vertex -18.3294 -8.69333 0
    endloop
  endfacet
  facet normal 0 0 -1
    outer loop
      vertex -18.893 -8.52237 0
      vertex -19.0357 -2.84079 0
      vertex -18.852 -2.77164 0
    endloop
  endfacet
  facet normal 0 0 -1
    outer loop
      vertex -19.4441 -8.31492 0
      vertex -19.0357 -2.84079 0
      vertex -18.893 -8.52237 0
    endloop
  endfacet
  facet normal 0 0 -1
    outer loop
      vertex -19.0357 -2.84079 0
      vertex -19.4441 -8.31492 0
      vertex -19.2235 -2.89778 0
    endloop
  endfacet
  facet normal 0 0 -1
    outer loop
      vertex -19.9806 -8.07185 0
      vertex -19.2235 -2.89778 0
      vertex -19.4441 -8.31492 0
    endloop
  endfacet
  facet normal 0 0 -1
    outer loop
      vertex -19.2235 -2.89778 0
      vertex -19.9806 -8.07185 0
      vertex -19.4147 -2.94236 0
    endloop
  endfacet
  facet normal 0 0 -1
    outer loop
      vertex -20.5 -7.79423 0
      vertex -19.4147 -2.94236 0
      vertex -19.9806 -8.07185 0
    endloop
  endfacet
  facet normal 0 0 -1
    outer loop
      vertex -19.4147 -2.94236 0
      vertex -20.5 -7.79423 0
      vertex -19.6084 -2.97433 0
    endloop
  endfacet
  facet normal 0 0 -1
    outer loop
      vertex -21.0001 -7.48323 0
      vertex -19.6084 -2.97433 0
      vertex -20.5 -7.79423 0
    endloop
  endfacet
  facet normal 0 0 -1
    outer loop
      vertex -19.6084 -2.97433 0
      vertex -21.0001 -7.48323 0
      vertex -19.8038 -2.99358 0
    endloop
  endfacet
  facet normal 0 0 -1
    outer loop
      vertex -19.8038 -2.99358 0
      vertex -21.0001 -7.48323 0
      vertex -20 -3 0
    endloop
  endfacet
  facet normal 0 0 -1
    outer loop
      vertex -21.4789 -7.14018 0
      vertex -20 -3 0
      vertex -21.0001 -7.48323 0
    endloop
  endfacet
  facet normal -0 0 -1
    outer loop
      vertex -20 -3 0
      vertex -21.4789 -7.14018 0
      vertex -20.1962 -2.99358 0
    endloop
  endfacet
  facet normal 0 0 -1
    outer loop
      vertex -21.9341 -6.76656 0
      vertex -20.1962 -2.99358 0
      vertex -21.4789 -7.14018 0
    endloop
  endfacet
  facet normal -0 0 -1
    outer loop
      vertex -20.1962 -2.99358 0
      vertex -21.9341 -6.76656 0
      vertex -20.3916 -2.97433 0
    endloop
  endfacet
  facet normal 0 0 -1
    outer loop
      vertex -22.364 -6.36396 0
      vertex -20.3916 -2.97433 0
      vertex -21.9341 -6.76656 0
    endloop
  endfacet
  facet normal -0 0 -1
    outer loop
      vertex -20.3916 -2.97433 0
      vertex -22.364 -6.36396 0
      vertex -20.5853 -2.94236 0
    endloop
  endfacet
  facet normal -0 0 -1
    outer loop
      vertex -20.5853 -2.94236 0
      vertex -22.364 -6.36396 0
      vertex -20.7765 -2.89778 0
    endloop
  endfacet
  facet normal 0 0 -1
    outer loop
      vertex -22.7666 -5.93411 0
      vertex -20.7765 -2.89778 0
      vertex -22.364 -6.36396 0
    endloop
  endfacet
  facet normal -0 0 -1
    outer loop
      vertex -20.7765 -2.89778 0
      vertex -22.7666 -5.93411 0
      vertex -20.9643 -2.84079 0
    endloop
  endfacet
  facet normal 0 0 -1
    outer loop
      vertex -23.1402 -5.47885 0
      vertex -20.9643 -2.84079 0
      vertex -22.7666 -5.93411 0
    endloop
  endfacet
  facet normal -0 0 -1
    outer loop
      vertex -20.9643 -2.84079 0
      vertex -23.1402 -5.47885 0
      vertex -21.148 -2.77164 0
    endloop
  endfacet
  facet normal -0 0 -1
    outer loop
      vertex -21.148 -2.77164 0
      vertex -23.1402 -5.47885 0
      vertex -21.3269 -2.69062 0
    endloop
  endfacet
  facet normal 0 0 -1
    outer loop
      vertex -23.4832 -5.00013 0
      vertex -21.3269 -2.69062 0
      vertex -23.1402 -5.47885 0
    endloop
  endfacet
  facet normal -0 0 -1
    outer loop
      vertex -21.3269 -2.69062 0
      vertex -23.4832 -5.00013 0
      vertex -21.5 -2.59808 0
    endloop
  endfacet
  facet normal 0 0 -1
    outer loop
      vertex -23.7942 -4.5 0
      vertex -21.5 -2.59808 0
      vertex -23.4832 -5.00013 0
    endloop
  endfacet
  facet normal -0 0 -1
    outer loop
      vertex -21.5 -2.59808 0
      vertex -23.7942 -4.5 0
      vertex -21.6667 -2.49441 0
    endloop
  endfacet
  facet normal -0 0 -1
    outer loop
      vertex -21.6667 -2.49441 0
      vertex -23.7942 -4.5 0
      vertex -21.8263 -2.38006 0
    endloop
  endfacet
  facet normal 0 0 -1
    outer loop
      vertex -24.0719 -3.9806 0
      vertex -21.8263 -2.38006 0
      vertex -23.7942 -4.5 0
    endloop
  endfacet
  facet normal -0 0 -1
    outer loop
      vertex -21.8263 -2.38006 0
      vertex -24.0719 -3.9806 0
      vertex -21.978 -2.25552 0
    endloop
  endfacet
  facet normal -0 0 -1
    outer loop
      vertex -21.978 -2.25552 0
      vertex -24.0719 -3.9806 0
      vertex -22.1213 -2.12132 0
    endloop
  endfacet
  facet normal 0 0 -1
    outer loop
      vertex -24.3149 -3.44415 0
      vertex -22.1213 -2.12132 0
      vertex -24.0719 -3.9806 0
    endloop
  endfacet
  facet normal -0 0 -1
    outer loop
      vertex -22.1213 -2.12132 0
      vertex -24.3149 -3.44415 0
      vertex -22.2555 -1.97804 0
    endloop
  endfacet
  facet normal 0 0 -1
    outer loop
      vertex -24.5224 -2.89295 0
      vertex -22.2555 -1.97804 0
      vertex -24.3149 -3.44415 0
    endloop
  endfacet
  facet normal -0 0 -1
    outer loop
      vertex -22.2555 -1.97804 0
      vertex -24.5224 -2.89295 0
      vertex -22.3801 -1.82628 0
    endloop
  endfacet
  facet normal -0 0 -1
    outer loop
      vertex -22.3801 -1.82628 0
      vertex -24.5224 -2.89295 0
      vertex -22.4944 -1.66671 0
    endloop
  endfacet
  facet normal 0 0 -1
    outer loop
      vertex -24.6933 -2.32937 0
      vertex -22.4944 -1.66671 0
      vertex -24.5224 -2.89295 0
    endloop
  endfacet
  facet normal -0 0 -1
    outer loop
      vertex -22.4944 -1.66671 0
      vertex -24.6933 -2.32937 0
      vertex -22.5981 -1.5 0
    endloop
  endfacet
  facet normal 0 0 -1
    outer loop
      vertex -24.8271 -1.75581 0
      vertex -22.6906 -1.32687 0
      vertex -24.6933 -2.32937 0
    endloop
  endfacet
  facet normal -0 0 -1
    outer loop
      vertex -22.5981 -1.5 0
      vertex -24.6933 -2.32937 0
      vertex -22.6906 -1.32687 0
    endloop
  endfacet
  facet normal 0 0 -1
    outer loop
      vertex 22.9936 -0.196209 0
      vertex 25 0 0
      vertex 24.9807 -0.588628 0
    endloop
  endfacet
  facet normal 0 0 -1
    outer loop
      vertex 22.9424 -0.585271 0
      vertex 24.9807 -0.588628 0
      vertex 24.923 -1.17474 0
    endloop
  endfacet
  facet normal -0 0 -1
    outer loop
      vertex 25 0 0
      vertex 22.9936 -0.196209 0
      vertex 23 0 0
    endloop
  endfacet
  facet normal 0 0 -1
    outer loop
      vertex 22.8408 -0.964318 0
      vertex 24.923 -1.17474 0
      vertex 24.8271 -1.75581 0
    endloop
  endfacet
  facet normal 0 0 -1
    outer loop
      vertex 22.9936 0.196209 0
      vertex 25 0 0
      vertex 23 0 0
    endloop
  endfacet
  facet normal 0 0 -1
    outer loop
      vertex 22.6906 -1.32687 0
      vertex 24.8271 -1.75581 0
      vertex 24.6933 -2.32937 0
    endloop
  endfacet
  facet normal 0 0 -1
    outer loop
      vertex 25 0 0
      vertex 22.9936 0.196209 0
      vertex 24.9807 0.588628 0
    endloop
  endfacet
  facet normal 0 0 -1
    outer loop
      vertex 22.4944 -1.66671 0
      vertex 24.6933 -2.32937 0
      vertex 24.5224 -2.89295 0
    endloop
  endfacet
  facet normal 0 0 -1
    outer loop
      vertex 22.9743 0.391578 0
      vertex 24.9807 0.588628 0
      vertex 22.9936 0.196209 0
    endloop
  endfacet
  facet normal 0 0 -1
    outer loop
      vertex 22.2555 -1.97804 0
      vertex 24.5224 -2.89295 0
      vertex 24.3149 -3.44415 0
    endloop
  endfacet
  facet normal 0 0 -1
    outer loop
      vertex 22.9424 0.585271 0
      vertex 24.9807 0.588628 0
      vertex 22.9743 0.391578 0
    endloop
  endfacet
  facet normal 0 0 -1
    outer loop
      vertex 22.1213 -2.12132 0
      vertex 24.3149 -3.44415 0
      vertex 24.0719 -3.9806 0
    endloop
  endfacet
  facet normal -0 0 -1
    outer loop
      vertex 24.9807 0.588628 0
      vertex 22.9424 0.585271 0
      vertex 24.923 1.17474 0
    endloop
  endfacet
  facet normal 0 0 -1
    outer loop
      vertex 21.8263 -2.38006 0
      vertex 24.0719 -3.9806 0
      vertex 23.7942 -4.5 0
    endloop
  endfacet
  facet normal 0 0 -1
    outer loop
      vertex 22.8978 0.776457 0
      vertex 24.923 1.17474 0
      vertex 22.9424 0.585271 0
    endloop
  endfacet
  facet normal 0 0 -1
    outer loop
      vertex 21.5 -2.59808 0
      vertex 23.7942 -4.5 0
      vertex 23.4832 -5.00013 0
    endloop
  endfacet
  facet normal -0 0 -1
    outer loop
      vertex 24.923 1.17474 0
      vertex 22.8408 0.964318 0
      vertex 24.8271 1.75581 0
    endloop
  endfacet
  facet normal 0 0 -1
    outer loop
      vertex 21.3269 -2.69062 0
      vertex 23.4832 -5.00013 0
      vertex 23.1402 -5.47885 0
    endloop
  endfacet
  facet normal 0 0 -1
    outer loop
      vertex 22.7716 1.14805 0
      vertex 24.8271 1.75581 0
      vertex 22.8408 0.964318 0
    endloop
  endfacet
  facet normal 0 0 -1
    outer loop
      vertex 22.6906 1.32687 0
      vertex 24.8271 1.75581 0
      vertex 22.7716 1.14805 0
    endloop
  endfacet
  facet normal 0 0 -1
    outer loop
      vertex 22.8408 0.964318 0
      vertex 24.923 1.17474 0
      vertex 22.8978 0.776457 0
    endloop
  endfacet
  facet normal 0 0 -1
    outer loop
      vertex 24.9807 -0.588628 0
      vertex 22.9743 -0.391578 0
      vertex 22.9936 -0.196209 0
    endloop
  endfacet
  facet normal 0 0 -1
    outer loop
      vertex 24.9807 -0.588628 0
      vertex 22.9424 -0.585271 0
      vertex 22.9743 -0.391578 0
    endloop
  endfacet
  facet normal 0 0 -1
    outer loop
      vertex 24.923 -1.17474 0
      vertex 22.8978 -0.776457 0
      vertex 22.9424 -0.585271 0
    endloop
  endfacet
  facet normal 0 0 -1
    outer loop
      vertex 24.923 -1.17474 0
      vertex 22.8408 -0.964318 0
      vertex 22.8978 -0.776457 0
    endloop
  endfacet
  facet normal 0 0 -1
    outer loop
      vertex 24.8271 -1.75581 0
      vertex 22.7716 -1.14805 0
      vertex 22.8408 -0.964318 0
    endloop
  endfacet
  facet normal 0 0 -1
    outer loop
      vertex 20.9643 -2.84079 0
      vertex 23.1402 -5.47885 0
      vertex 22.7666 -5.93411 0
    endloop
  endfacet
  facet normal 0 0 -1
    outer loop
      vertex 24.8271 -1.75581 0
      vertex 22.6906 -1.32687 0
      vertex 22.7716 -1.14805 0
    endloop
  endfacet
  facet normal 0 0 -1
    outer loop
      vertex 24.6933 -2.32937 0
      vertex 22.5981 -1.5 0
      vertex 22.6906 -1.32687 0
    endloop
  endfacet
  facet normal 0 0 -1
    outer loop
      vertex 24.6933 -2.32937 0
      vertex 22.4944 -1.66671 0
      vertex 22.5981 -1.5 0
    endloop
  endfacet
  facet normal 0 0 -1
    outer loop
      vertex 24.5224 -2.89295 0
      vertex 22.3801 -1.82628 0
      vertex 22.4944 -1.66671 0
    endloop
  endfacet
  facet normal 0 0 -1
    outer loop
      vertex 20.7765 -2.89778 0
      vertex 22.7666 -5.93411 0
      vertex 22.364 -6.36396 0
    endloop
  endfacet
  facet normal 0 0 -1
    outer loop
      vertex 24.5224 -2.89295 0
      vertex 22.2555 -1.97804 0
      vertex 22.3801 -1.82628 0
    endloop
  endfacet
  facet normal 0 0 -1
    outer loop
      vertex 24.3149 -3.44415 0
      vertex 22.1213 -2.12132 0
      vertex 22.2555 -1.97804 0
    endloop
  endfacet
  facet normal 0 0 -1
    outer loop
      vertex 24.0719 -3.9806 0
      vertex 21.978 -2.25552 0
      vertex 22.1213 -2.12132 0
    endloop
  endfacet
  facet normal 0 0 -1
    outer loop
      vertex 20.3916 -2.97433 0
      vertex 22.364 -6.36396 0
      vertex 21.9341 -6.76656 0
    endloop
  endfacet
  facet normal 0 0 -1
    outer loop
      vertex 24.0719 -3.9806 0
      vertex 21.8263 -2.38006 0
      vertex 21.978 -2.25552 0
    endloop
  endfacet
  facet normal 0 0 -1
    outer loop
      vertex 23.7942 -4.5 0
      vertex 21.6667 -2.49441 0
      vertex 21.8263 -2.38006 0
    endloop
  endfacet
  facet normal 0 0 -1
    outer loop
      vertex 23.7942 -4.5 0
      vertex 21.5 -2.59808 0
      vertex 21.6667 -2.49441 0
    endloop
  endfacet
  facet normal 0 0 -1
    outer loop
      vertex 20.1962 -2.99358 0
      vertex 21.9341 -6.76656 0
      vertex 21.4789 -7.14018 0
    endloop
  endfacet
  facet normal 0 0 -1
    outer loop
      vertex 23.4832 -5.00013 0
      vertex 21.3269 -2.69062 0
      vertex 21.5 -2.59808 0
    endloop
  endfacet
  facet normal 0 0 -1
    outer loop
      vertex 23.1402 -5.47885 0
      vertex 21.148 -2.77164 0
      vertex 21.3269 -2.69062 0
    endloop
  endfacet
  facet normal 0 0 -1
    outer loop
      vertex 20 -3 0
      vertex 21.4789 -7.14018 0
      vertex 21.0001 -7.48323 0
    endloop
  endfacet
  facet normal 0 0 -1
    outer loop
      vertex 23.1402 -5.47885 0
      vertex 20.9643 -2.84079 0
      vertex 21.148 -2.77164 0
    endloop
  endfacet
  facet normal 0 0 -1
    outer loop
      vertex 22.7666 -5.93411 0
      vertex 20.7765 -2.89778 0
      vertex 20.9643 -2.84079 0
    endloop
  endfacet
  facet normal 0 0 -1
    outer loop
      vertex 22.364 -6.36396 0
      vertex 20.5853 -2.94236 0
      vertex 20.7765 -2.89778 0
    endloop
  endfacet
  facet normal 0 0 -1
    outer loop
      vertex 19.6084 -2.97433 0
      vertex 21.0001 -7.48323 0
      vertex 20.5 -7.79423 0
    endloop
  endfacet
  facet normal 0 0 -1
    outer loop
      vertex 22.364 -6.36396 0
      vertex 20.3916 -2.97433 0
      vertex 20.5853 -2.94236 0
    endloop
  endfacet
  facet normal 0 0 -1
    outer loop
      vertex 21.9341 -6.76656 0
      vertex 20.1962 -2.99358 0
      vertex 20.3916 -2.97433 0
    endloop
  endfacet
  facet normal 0 0 -1
    outer loop
      vertex 21.4789 -7.14018 0
      vertex 20 -3 0
      vertex 20.1962 -2.99358 0
    endloop
  endfacet
  facet normal 0 0 -1
    outer loop
      vertex 19.4147 -2.94236 0
      vertex 20.5 -7.79423 0
      vertex 19.9806 -8.07185 0
    endloop
  endfacet
  facet normal 0 0 -1
    outer loop
      vertex 21.0001 -7.48323 0
      vertex 19.8038 -2.99358 0
      vertex 20 -3 0
    endloop
  endfacet
  facet normal 0 0 -1
    outer loop
      vertex 21.0001 -7.48323 0
      vertex 19.6084 -2.97433 0
      vertex 19.8038 -2.99358 0
    endloop
  endfacet
  facet normal 0 0 -1
    outer loop
      vertex 19.2235 -2.89778 0
      vertex 19.9806 -8.07185 0
      vertex 19.4441 -8.31492 0
    endloop
  endfacet
  facet normal 0 0 -1
    outer loop
      vertex 20.5 -7.79423 0
      vertex 19.4147 -2.94236 0
      vertex 19.6084 -2.97433 0
    endloop
  endfacet
  facet normal 0 0 -1
    outer loop
      vertex 19.9806 -8.07185 0
      vertex 19.2235 -2.89778 0
      vertex 19.4147 -2.94236 0
    endloop
  endfacet
  facet normal 0 0 -1
    outer loop
      vertex 19.4441 -8.31492 0
      vertex 19.0357 -2.84079 0
      vertex 19.2235 -2.89778 0
    endloop
  endfacet
  facet normal 0 0 -1
    outer loop
      vertex 18.893 -8.52237 0
      vertex 19.0357 -2.84079 0
      vertex 19.4441 -8.31492 0
    endloop
  endfacet
  facet normal 0 0 -1
    outer loop
      vertex 18.893 -8.52237 0
      vertex 18.852 -2.77164 0
      vertex 19.0357 -2.84079 0
    endloop
  endfacet
  facet normal 0 0 -1
    outer loop
      vertex 18.3294 -8.69333 0
      vertex 18.852 -2.77164 0
      vertex 18.893 -8.52237 0
    endloop
  endfacet
  facet normal -0 0 -1
    outer loop
      vertex 18.852 -2.77164 0
      vertex 18.3294 -8.69333 0
      vertex 18.6731 -2.69062 0
    endloop
  endfacet
  facet normal 0 0 -1
    outer loop
      vertex 17.7558 -8.82707 0
      vertex 18.6731 -2.69062 0
      vertex 18.3294 -8.69333 0
    endloop
  endfacet
  facet normal -0 0 -1
    outer loop
      vertex 18.6731 -2.69062 0
      vertex 17.7558 -8.82707 0
      vertex 18.5 -2.59808 0
    endloop
  endfacet
  facet normal 0 0 -1
    outer loop
      vertex 17.1747 -8.923 0
      vertex 18.5 -2.59808 0
      vertex 17.7558 -8.82707 0
    endloop
  endfacet
  facet normal -0 0 -1
    outer loop
      vertex 18.5 -2.59808 0
      vertex 17.1747 -8.923 0
      vertex 18.3333 -2.49441 0
    endloop
  endfacet
  facet normal 0 0 -1
    outer loop
      vertex 16.5886 -8.98073 0
      vertex 18.3333 -2.49441 0
      vertex 17.1747 -8.923 0
    endloop
  endfacet
  facet normal -0 0 -1
    outer loop
      vertex 18.3333 -2.49441 0
      vertex 16.5886 -8.98073 0
      vertex 18.1737 -2.38006 0
    endloop
  endfacet
  facet normal 0 0 -1
    outer loop
      vertex 16 -9 0
      vertex 18.1737 -2.38006 0
      vertex 16.5886 -8.98073 0
    endloop
  endfacet
  facet normal -0 0 -1
    outer loop
      vertex 18.1737 -2.38006 0
      vertex 16 -9 0
      vertex 18.022 -2.25552 0
    endloop
  endfacet
  facet normal -0 0 -1
    outer loop
      vertex 18.022 -2.25552 0
      vertex 16 -9 0
      vertex 17.8787 -2.12132 0
    endloop
  endfacet
  facet normal -0 0 -1
    outer loop
      vertex 17.8787 -2.12132 0
      vertex 16 -9 0
      vertex 17.7445 -1.97804 0
    endloop
  endfacet
  facet normal -0 0 -1
    outer loop
      vertex 17.7445 -1.97804 0
      vertex 16 -9 0
      vertex 17.6199 -1.82628 0
    endloop
  endfacet
  facet normal -0 0 -1
    outer loop
      vertex 17.6199 -1.82628 0
      vertex 16 -9 0
      vertex 17.5056 -1.66671 0
    endloop
  endfacet
  facet normal -0 0 -1
    outer loop
      vertex 17.5056 -1.66671 0
      vertex 16 -9 0
      vertex 17.4019 -1.5 0
    endloop
  endfacet
  facet normal -0 0 -1
    outer loop
      vertex 17.4019 -1.5 0
      vertex 16 -9 0
      vertex 17.3094 -1.32687 0
    endloop
  endfacet
  facet normal 0 0 -1
    outer loop
      vertex 4.92404 -1.67148 0
      vertex 17.3094 -1.32687 0
      vertex 16 -9 0
    endloop
  endfacet
  facet normal -0 0 -1
    outer loop
      vertex 17.3094 -1.32687 0
      vertex 4.92404 -1.67148 0
      vertex 17.2284 -1.14805 0
    endloop
  endfacet
  facet normal -0 0 -1
    outer loop
      vertex 17.2284 -1.14805 0
      vertex 4.92404 -1.67148 0
      vertex 17.1592 -0.964318 0
    endloop
  endfacet
  facet normal 0 -0 -1
    outer loop
      vertex 5.02281 -1.34586 0
      vertex 17.1592 -0.964318 0
      vertex 4.92404 -1.67148 0
    endloop
  endfacet
  facet normal -0 0 -1
    outer loop
      vertex 17.1592 -0.964318 0
      vertex 5.02281 -1.34586 0
      vertex 17.1022 -0.776457 0
    endloop
  endfacet
  facet normal 0 -0 -1
    outer loop
      vertex 5.10008 -1.01447 0
      vertex 17.1022 -0.776457 0
      vertex 5.02281 -1.34586 0
    endloop
  endfacet
  facet normal -0 0 -1
    outer loop
      vertex 24.8271 1.75581 0
      vertex 22.6906 1.32687 0
      vertex 24.6933 2.32937 0
    endloop
  endfacet
  facet normal 0 0 -1
    outer loop
      vertex 22.5981 1.5 0
      vertex 24.6933 2.32937 0
      vertex 22.6906 1.32687 0
    endloop
  endfacet
  facet normal 0 0 -1
    outer loop
      vertex 22.4944 1.66671 0
      vertex 24.6933 2.32937 0
      vertex 22.5981 1.5 0
    endloop
  endfacet
  facet normal -0 0 -1
    outer loop
      vertex 24.6933 2.32937 0
      vertex 22.4944 1.66671 0
      vertex 24.5224 2.89295 0
    endloop
  endfacet
  facet normal 0 0 -1
    outer loop
      vertex 22.3801 1.82628 0
      vertex 24.5224 2.89295 0
      vertex 22.4944 1.66671 0
    endloop
  endfacet
  facet normal 0 0 -1
    outer loop
      vertex 22.2555 1.97804 0
      vertex 24.5224 2.89295 0
      vertex 22.3801 1.82628 0
    endloop
  endfacet
  facet normal -0 0 -1
    outer loop
      vertex 24.5224 2.89295 0
      vertex 22.2555 1.97804 0
      vertex 24.3149 3.44415 0
    endloop
  endfacet
  facet normal 0 0 -1
    outer loop
      vertex 22.1213 2.12132 0
      vertex 24.3149 3.44415 0
      vertex 22.2555 1.97804 0
    endloop
  endfacet
  facet normal -0 0 -1
    outer loop
      vertex 24.3149 3.44415 0
      vertex 22.1213 2.12132 0
      vertex 24.0719 3.9806 0
    endloop
  endfacet
  facet normal 0 0 -1
    outer loop
      vertex 21.978 2.25552 0
      vertex 24.0719 3.9806 0
      vertex 22.1213 2.12132 0
    endloop
  endfacet
  facet normal 0 0 -1
    outer loop
      vertex 21.8263 2.38006 0
      vertex 24.0719 3.9806 0
      vertex 21.978 2.25552 0
    endloop
  endfacet
  facet normal -0 0 -1
    outer loop
      vertex 24.0719 3.9806 0
      vertex 21.8263 2.38006 0
      vertex 23.7942 4.5 0
    endloop
  endfacet
  facet normal 0 0 -1
    outer loop
      vertex 21.6667 2.49441 0
      vertex 23.7942 4.5 0
      vertex 21.8263 2.38006 0
    endloop
  endfacet
  facet normal 0 0 -1
    outer loop
      vertex 21.5 2.59808 0
      vertex 23.7942 4.5 0
      vertex 21.6667 2.49441 0
    endloop
  endfacet
  facet normal -0 0 -1
    outer loop
      vertex 23.7942 4.5 0
      vertex 21.5 2.59808 0
      vertex 23.4832 5.00013 0
    endloop
  endfacet
  facet normal 0 0 -1
    outer loop
      vertex 21.3269 2.69062 0
      vertex 23.4832 5.00013 0
      vertex 21.5 2.59808 0
    endloop
  endfacet
  facet normal -0 0 -1
    outer loop
      vertex 23.4832 5.00013 0
      vertex 21.3269 2.69062 0
      vertex 23.1402 5.47885 0
    endloop
  endfacet
  facet normal 0 0 -1
    outer loop
      vertex 21.148 2.77164 0
      vertex 23.1402 5.47885 0
      vertex 21.3269 2.69062 0
    endloop
  endfacet
  facet normal 0 0 -1
    outer loop
      vertex 20.9643 2.84079 0
      vertex 23.1402 5.47885 0
      vertex 21.148 2.77164 0
    endloop
  endfacet
  facet normal -0 0 -1
    outer loop
      vertex 23.1402 5.47885 0
      vertex 20.9643 2.84079 0
      vertex 22.7666 5.93411 0
    endloop
  endfacet
  facet normal 0 0 -1
    outer loop
      vertex 20.7765 2.89778 0
      vertex 22.7666 5.93411 0
      vertex 20.9643 2.84079 0
    endloop
  endfacet
  facet normal -0 0 -1
    outer loop
      vertex 22.7666 5.93411 0
      vertex 20.7765 2.89778 0
      vertex 22.364 6.36396 0
    endloop
  endfacet
  facet normal 0 0 -1
    outer loop
      vertex 20.5853 2.94236 0
      vertex 22.364 6.36396 0
      vertex 20.7765 2.89778 0
    endloop
  endfacet
  facet normal 0 0 -1
    outer loop
      vertex 20.3916 2.97433 0
      vertex 22.364 6.36396 0
      vertex 20.5853 2.94236 0
    endloop
  endfacet
  facet normal -0 0 -1
    outer loop
      vertex 22.364 6.36396 0
      vertex 20.3916 2.97433 0
      vertex 21.9341 6.76656 0
    endloop
  endfacet
  facet normal 0 0 -1
    outer loop
      vertex 20.1962 2.99358 0
      vertex 21.9341 6.76656 0
      vertex 20.3916 2.97433 0
    endloop
  endfacet
  facet normal -0 0 -1
    outer loop
      vertex 21.9341 6.76656 0
      vertex 20.1962 2.99358 0
      vertex 21.4789 7.14018 0
    endloop
  endfacet
  facet normal 0 0 -1
    outer loop
      vertex 20 3 0
      vertex 21.4789 7.14018 0
      vertex 20.1962 2.99358 0
    endloop
  endfacet
  facet normal -0 0 -1
    outer loop
      vertex 21.4789 7.14018 0
      vertex 20 3 0
      vertex 21.0001 7.48323 0
    endloop
  endfacet
  facet normal 0 0 -1
    outer loop
      vertex 19.8038 2.99358 0
      vertex 21.0001 7.48323 0
      vertex 20 3 0
    endloop
  endfacet
  facet normal 0 0 -1
    outer loop
      vertex 19.6084 2.97433 0
      vertex 21.0001 7.48323 0
      vertex 19.8038 2.99358 0
    endloop
  endfacet
  facet normal -0 0 -1
    outer loop
      vertex 21.0001 7.48323 0
      vertex 19.6084 2.97433 0
      vertex 20.5 7.79423 0
    endloop
  endfacet
  facet normal 0 0 -1
    outer loop
      vertex 19.4147 2.94236 0
      vertex 20.5 7.79423 0
      vertex 19.6084 2.97433 0
    endloop
  endfacet
  facet normal -0 0 -1
    outer loop
      vertex 20.5 7.79423 0
      vertex 19.4147 2.94236 0
      vertex 19.9806 8.07185 0
    endloop
  endfacet
  facet normal 0 0 -1
    outer loop
      vertex 19.2235 2.89778 0
      vertex 19.9806 8.07185 0
      vertex 19.4147 2.94236 0
    endloop
  endfacet
  facet normal -0 0 -1
    outer loop
      vertex 19.9806 8.07185 0
      vertex 19.2235 2.89778 0
      vertex 19.4441 8.31492 0
    endloop
  endfacet
  facet normal 0 0 -1
    outer loop
      vertex 19.0357 2.84079 0
      vertex 19.4441 8.31492 0
      vertex 19.2235 2.89778 0
    endloop
  endfacet
  facet normal 0 0 -1
    outer loop
      vertex 19.0357 2.84079 0
      vertex 18.893 8.52237 0
      vertex 19.4441 8.31492 0
    endloop
  endfacet
  facet normal 0 0 -1
    outer loop
      vertex 18.852 2.77164 0
      vertex 18.893 8.52237 0
      vertex 19.0357 2.84079 0
    endloop
  endfacet
  facet normal 0 0 -1
    outer loop
      vertex 18.3294 8.69333 0
      vertex 18.852 2.77164 0
      vertex 18.6731 2.69062 0
    endloop
  endfacet
  facet normal 0 0 -1
    outer loop
      vertex 17.7558 8.82707 0
      vertex 18.6731 2.69062 0
      vertex 18.5 2.59808 0
    endloop
  endfacet
  facet normal 0 0 -1
    outer loop
      vertex 17.1747 8.923 0
      vertex 18.5 2.59808 0
      vertex 18.3333 2.49441 0
    endloop
  endfacet
  facet normal 0 0 -1
    outer loop
      vertex 18.852 2.77164 0
      vertex 18.3294 8.69333 0
      vertex 18.893 8.52237 0
    endloop
  endfacet
  facet normal 0 0 -1
    outer loop
      vertex 16.5886 8.98073 0
      vertex 18.3333 2.49441 0
      vertex 18.1737 2.38006 0
    endloop
  endfacet
  facet normal 0 0 -1
    outer loop
      vertex 16 9 0
      vertex 18.1737 2.38006 0
      vertex 18.022 2.25552 0
    endloop
  endfacet
  facet normal 0 0 -1
    outer loop
      vertex 16 9 0
      vertex 18.022 2.25552 0
      vertex 17.8787 2.12132 0
    endloop
  endfacet
  facet normal 0 0 -1
    outer loop
      vertex 18.6731 2.69062 0
      vertex 17.7558 8.82707 0
      vertex 18.3294 8.69333 0
    endloop
  endfacet
  facet normal 0 0 -1
    outer loop
      vertex 16 9 0
      vertex 17.8787 2.12132 0
      vertex 17.7445 1.97804 0
    endloop
  endfacet
  facet normal 0 0 -1
    outer loop
      vertex 16 9 0
      vertex 17.7445 1.97804 0
      vertex 17.6199 1.82628 0
    endloop
  endfacet
  facet normal 0 0 -1
    outer loop
      vertex 16 9 0
      vertex 17.6199 1.82628 0
      vertex 17.5056 1.66671 0
    endloop
  endfacet
  facet normal 0 0 -1
    outer loop
      vertex 16 9 0
      vertex 17.5056 1.66671 0
      vertex 17.4019 1.5 0
    endloop
  endfacet
  facet normal 0 0 -1
    outer loop
      vertex 16 9 0
      vertex 17.4019 1.5 0
      vertex 17.3094 1.32687 0
    endloop
  endfacet
  facet normal 0 0 -1
    outer loop
      vertex 5.02281 1.34586 0
      vertex 17.1022 0.776457 0
      vertex 5.10008 1.01447 0
    endloop
  endfacet
  facet normal 0 0 -1
    outer loop
      vertex 18.5 2.59808 0
      vertex 17.1747 8.923 0
      vertex 17.7558 8.82707 0
    endloop
  endfacet
  facet normal 0 0 -1
    outer loop
      vertex 5.10008 1.01447 0
      vertex 17.0576 0.585271 0
      vertex 5.15551 0.678736 0
    endloop
  endfacet
  facet normal 0 0 -1
    outer loop
      vertex 17.0257 0.391578 0
      vertex 5.15551 0.678736 0
      vertex 17.0576 0.585271 0
    endloop
  endfacet
  facet normal 0 0 -1
    outer loop
      vertex 5.15551 0.678736 0
      vertex 17.0257 0.391578 0
      vertex 5.18887 0.340096 0
    endloop
  endfacet
  facet normal 0 0 -1
    outer loop
      vertex 17.0064 0.196209 0
      vertex 5.18887 0.340096 0
      vertex 17.0257 0.391578 0
    endloop
  endfacet
  facet normal 0 0 -1
    outer loop
      vertex 5.18887 0.340096 0
      vertex 17.0064 0.196209 0
      vertex 5.2 0 0
    endloop
  endfacet
  facet normal 0 0 -1
    outer loop
      vertex 5.2 0 0
      vertex 17.0064 0.196209 0
      vertex 17 0 0
    endloop
  endfacet
  facet normal -0 0 -1
    outer loop
      vertex 17.1022 -0.776457 0
      vertex 5.10008 -1.01447 0
      vertex 17.0576 -0.585271 0
    endloop
  endfacet
  facet normal 0 0 -1
    outer loop
      vertex 18.3333 2.49441 0
      vertex 16.5886 8.98073 0
      vertex 17.1747 8.923 0
    endloop
  endfacet
  facet normal 0 -0 -1
    outer loop
      vertex 5.15551 -0.678736 0
      vertex 17.0576 -0.585271 0
      vertex 5.10008 -1.01447 0
    endloop
  endfacet
  facet normal 0 0 -1
    outer loop
      vertex 18.1737 2.38006 0
      vertex 16 9 0
      vertex 16.5886 8.98073 0
    endloop
  endfacet
  facet normal 0 0 -1
    outer loop
      vertex 17.0576 0.585271 0
      vertex 5.10008 1.01447 0
      vertex 17.1022 0.776457 0
    endloop
  endfacet
  facet normal 0 0 -1
    outer loop
      vertex 17.0064 -0.196209 0
      vertex 5.2 0 0
      vertex 17 0 0
    endloop
  endfacet
  facet normal 0 -0 -1
    outer loop
      vertex 5.2 0 0
      vertex 17.0064 -0.196209 0
      vertex 5.18887 -0.340096 0
    endloop
  endfacet
  facet normal 0 0 -1
    outer loop
      vertex 17.0257 -0.391578 0
      vertex 5.18887 -0.340096 0
      vertex 17.0064 -0.196209 0
    endloop
  endfacet
  facet normal 0 -0 -1
    outer loop
      vertex 5.18887 -0.340096 0
      vertex 17.0257 -0.391578 0
      vertex 5.15551 -0.678736 0
    endloop
  endfacet
  facet normal -0 0 -1
    outer loop
      vertex 17.0576 -0.585271 0
      vertex 5.15551 -0.678736 0
      vertex 17.0257 -0.391578 0
    endloop
  endfacet
  facet normal 0 0 -1
    outer loop
      vertex 16 -9 0
      vertex 4.80417 -1.98995 0
      vertex 4.92404 -1.67148 0
    endloop
  endfacet
  facet normal 0 0 -1
    outer loop
      vertex 16 -9 0
      vertex 4.66374 -2.2999 0
      vertex 4.80417 -1.98995 0
    endloop
  endfacet
  facet normal 0 0 -1
    outer loop
      vertex 16 -9 0
      vertex 4.50333 -2.6 0
      vertex 4.66374 -2.2999 0
    endloop
  endfacet
  facet normal 0 0 -1
    outer loop
      vertex 16 -9 0
      vertex 4.32364 -2.88896 0
      vertex 4.50333 -2.6 0
    endloop
  endfacet
  facet normal 0 0 -1
    outer loop
      vertex 16 -9 0
      vertex 4.12544 -3.16556 0
      vertex 4.32364 -2.88896 0
    endloop
  endfacet
  facet normal 0 0 -1
    outer loop
      vertex 16 -9 0
      vertex 3.90957 -3.4286 0
      vertex 4.12544 -3.16556 0
    endloop
  endfacet
  facet normal 0 0 -1
    outer loop
      vertex 16 -9 0
      vertex 3.67696 -3.67696 0
      vertex 3.90957 -3.4286 0
    endloop
  endfacet
  facet normal 0 0 -1
    outer loop
      vertex 16 -9 0
      vertex 3.4286 -3.90957 0
      vertex 3.67696 -3.67696 0
    endloop
  endfacet
  facet normal 0 0 -1
    outer loop
      vertex 16 -9 0
      vertex 3.16556 -4.12544 0
      vertex 3.4286 -3.90957 0
    endloop
  endfacet
  facet normal 0 0 -1
    outer loop
      vertex 16 -9 0
      vertex 2.88896 -4.32364 0
      vertex 3.16556 -4.12544 0
    endloop
  endfacet
  facet normal 0 0 -1
    outer loop
      vertex 16 -9 0
      vertex 2.6 -4.50333 0
      vertex 2.88896 -4.32364 0
    endloop
  endfacet
  facet normal 0 0 -1
    outer loop
      vertex 16 -9 0
      vertex 2.2999 -4.66374 0
      vertex 2.6 -4.50333 0
    endloop
  endfacet
  facet normal 0 0 -1
    outer loop
      vertex 16 -9 0
      vertex 1.98995 -4.80417 0
      vertex 2.2999 -4.66374 0
    endloop
  endfacet
  facet normal 0 0 -1
    outer loop
      vertex 16 -9 0
      vertex 1.67148 -4.92404 0
      vertex 1.98995 -4.80417 0
    endloop
  endfacet
  facet normal 0 0 -1
    outer loop
      vertex 16 -9 0
      vertex 1.34586 -5.02281 0
      vertex 1.67148 -4.92404 0
    endloop
  endfacet
  facet normal 0 0 -1
    outer loop
      vertex 16 -9 0
      vertex 1.01447 -5.10008 0
      vertex 1.34586 -5.02281 0
    endloop
  endfacet
  facet normal 0 0 -1
    outer loop
      vertex 16 -9 0
      vertex 0.678736 -5.15551 0
      vertex 1.01447 -5.10008 0
    endloop
  endfacet
  facet normal 0 0 -1
    outer loop
      vertex 16 -9 0
      vertex 0.340096 -5.18887 0
      vertex 0.678736 -5.15551 0
    endloop
  endfacet
  facet normal 0 0 -1
    outer loop
      vertex 16 -9 0
      vertex 0 -5.2 0
      vertex 0.340096 -5.18887 0
    endloop
  endfacet
  facet normal 0 0 -1
    outer loop
      vertex -16 -9 0
      vertex 0 -5.2 0
      vertex 16 -9 0
    endloop
  endfacet
  facet normal -0 0 -1
    outer loop
      vertex 0 -5.2 0
      vertex -16 -9 0
      vertex -0.340096 -5.18887 0
    endloop
  endfacet
  facet normal -0 0 -1
    outer loop
      vertex -0.340096 -5.18887 0
      vertex -16 -9 0
      vertex -0.678736 -5.15551 0
    endloop
  endfacet
  facet normal 0 0 -1
    outer loop
      vertex -5.02281 -1.34586 0
      vertex -17.1022 -0.776457 0
      vertex -5.10008 -1.01447 0
    endloop
  endfacet
  facet normal 0 -0 -1
    outer loop
      vertex -17.1022 -0.776457 0
      vertex -5.02281 -1.34586 0
      vertex -17.1592 -0.964318 0
    endloop
  endfacet
  facet normal 0 -0 -1
    outer loop
      vertex -17.1592 -0.964318 0
      vertex -5.02281 -1.34586 0
      vertex -17.2284 -1.14805 0
    endloop
  endfacet
  facet normal 0 0 -1
    outer loop
      vertex -4.92404 -1.67148 0
      vertex -17.2284 -1.14805 0
      vertex -5.02281 -1.34586 0
    endloop
  endfacet
  facet normal 0 0 -1
    outer loop
      vertex -17.2284 -1.14805 0
      vertex -4.92404 -1.67148 0
      vertex -16 -9 0
    endloop
  endfacet
  facet normal -0 0 -1
    outer loop
      vertex -4.80417 -1.98995 0
      vertex -16 -9 0
      vertex -4.92404 -1.67148 0
    endloop
  endfacet
  facet normal -0 0 -1
    outer loop
      vertex -4.66374 -2.2999 0
      vertex -16 -9 0
      vertex -4.80417 -1.98995 0
    endloop
  endfacet
  facet normal -0 0 -1
    outer loop
      vertex -4.50333 -2.6 0
      vertex -16 -9 0
      vertex -4.66374 -2.2999 0
    endloop
  endfacet
  facet normal -0 0 -1
    outer loop
      vertex -4.32364 -2.88896 0
      vertex -16 -9 0
      vertex -4.50333 -2.6 0
    endloop
  endfacet
  facet normal -0 0 -1
    outer loop
      vertex -4.12544 -3.16556 0
      vertex -16 -9 0
      vertex -4.32364 -2.88896 0
    endloop
  endfacet
  facet normal -0 0 -1
    outer loop
      vertex -3.90957 -3.4286 0
      vertex -16 -9 0
      vertex -4.12544 -3.16556 0
    endloop
  endfacet
  facet normal -0 0 -1
    outer loop
      vertex -3.67696 -3.67696 0
      vertex -16 -9 0
      vertex -3.90957 -3.4286 0
    endloop
  endfacet
  facet normal -0 0 -1
    outer loop
      vertex -3.4286 -3.90957 0
      vertex -16 -9 0
      vertex -3.67696 -3.67696 0
    endloop
  endfacet
  facet normal -0 0 -1
    outer loop
      vertex -3.16556 -4.12544 0
      vertex -16 -9 0
      vertex -3.4286 -3.90957 0
    endloop
  endfacet
  facet normal -0 0 -1
    outer loop
      vertex -2.88896 -4.32364 0
      vertex -16 -9 0
      vertex -3.16556 -4.12544 0
    endloop
  endfacet
  facet normal -0 0 -1
    outer loop
      vertex -2.6 -4.50333 0
      vertex -16 -9 0
      vertex -2.88896 -4.32364 0
    endloop
  endfacet
  facet normal -0 0 -1
    outer loop
      vertex -2.2999 -4.66374 0
      vertex -16 -9 0
      vertex -2.6 -4.50333 0
    endloop
  endfacet
  facet normal -0 0 -1
    outer loop
      vertex -1.98995 -4.80417 0
      vertex -16 -9 0
      vertex -2.2999 -4.66374 0
    endloop
  endfacet
  facet normal -0 0 -1
    outer loop
      vertex -1.67148 -4.92404 0
      vertex -16 -9 0
      vertex -1.98995 -4.80417 0
    endloop
  endfacet
  facet normal -0 0 -1
    outer loop
      vertex -1.34586 -5.02281 0
      vertex -16 -9 0
      vertex -1.67148 -4.92404 0
    endloop
  endfacet
  facet normal -0 0 -1
    outer loop
      vertex -1.01447 -5.10008 0
      vertex -16 -9 0
      vertex -1.34586 -5.02281 0
    endloop
  endfacet
  facet normal -0 0 -1
    outer loop
      vertex -0.678736 -5.15551 0
      vertex -16 -9 0
      vertex -1.01447 -5.10008 0
    endloop
  endfacet
endsolid OpenSCAD_Model
