solid OpenSCAD_Model
  facet normal -0.704014 -0.0927605 -0.704102
    outer loop
      vertex -34.955 4.36129 0.516617
      vertex -35.4008 4.24185 0.978097
      vertex -35.0069 4.75519 0.516617
    endloop
  endfacet
  facet normal -0.244469 0.0874541 -0.965705
    outer loop
      vertex -33.7047 78.8092 0.0213881
      vertex -34.231 79.2032 0.190302
      vertex -33.6221 79.0401 0.0213881
    endloop
  endfacet
  facet normal -0.244447 0.0874842 -0.965708
    outer loop
      vertex -34.231 79.2032 0.190302
      vertex -33.7047 78.8092 0.0213881
      vertex -34.3136 78.9724 0.190302
    endloop
  endfacet
  facet normal -0.258689 -0.0339978 -0.965362
    outer loop
      vertex -33.8002 4.67073 0.0213881
      vertex -34.4091 4.50757 0.190302
      vertex -33.8113 4.75519 0.0213881
    endloop
  endfacet
  facet normal 0.688544 -0.528347 -0.496747
    outer loop
      vertex 34.5634 1.78274 1.54329
      vertex 34.3327 2.01348 0.978097
      vertex 34.6479 2.42425 0.978097
    endloop
  endfacet
  facet normal 0 -1 0
    outer loop
      vertex -30.9385 0.0213881 2.17369
      vertex -21.2 0.0213881 7
      vertex -30.9385 0.0213881 7
    endloop
  endfacet
  facet normal 0 -1 0
    outer loop
      vertex -9.01574 0.0213881 2.17369
      vertex -21.2 0.0213881 7
      vertex -30.9385 0.0213881 2.17369
    endloop
  endfacet
  facet normal 0 -1 0
    outer loop
      vertex -21.2 0.0213881 7
      vertex -9.01574 0.0213881 2.17369
      vertex -10.4083 0.0213881 7
    endloop
  endfacet
  facet normal 0 -1 0
    outer loop
      vertex 9.01574 0.0213881 2.17369
      vertex 21.2 0.0213881 7
      vertex 10.4083 0.0213881 7
    endloop
  endfacet
  facet normal 0 -1 -0
    outer loop
      vertex 21.2 0.0213881 7
      vertex 9.01574 0.0213881 2.17369
      vertex 30.9385 0.0213881 2.17369
    endloop
  endfacet
  facet normal 0 -1 0
    outer loop
      vertex 21.2 0.0213881 7
      vertex 30.9385 0.0213881 2.17369
      vertex 30.9385 0.0213881 7
    endloop
  endfacet
  facet normal 0.241039 -0.0998673 -0.965363
    outer loop
      vertex 34.1354 3.56603 0.190302
      vertex 33.6221 3.95993 0.0213881
      vertex 34.231 3.79677 0.190302
    endloop
  endfacet
  facet normal -0.206943 -0.158928 -0.965358
    outer loop
      vertex -33.1609 3.1852 0.0213881
      vertex -33.7587 2.93759 0.190302
      vertex -33.2128 3.25278 0.0213881
    endloop
  endfacet
  facet normal -0 -0.866025 -0.500001
    outer loop
      vertex 30.9385 0.516617 0.978097
      vertex 8.83384 0.190302 1.54329
      vertex 8.67076 0.516617 0.978097
    endloop
  endfacet
  facet normal 0 -0.866025 -0.500001
    outer loop
      vertex 8.83384 0.190302 1.54329
      vertex 30.9385 0.516617 0.978097
      vertex 30.9385 0.190302 1.54329
    endloop
  endfacet
  facet normal 0 -0.866025 -0.500001
    outer loop
      vertex -30.9385 0.516617 0.978097
      vertex -8.83384 0.190302 1.54329
      vertex -30.9385 0.190302 1.54329
    endloop
  endfacet
  facet normal 0 -0.866025 -0.500001
    outer loop
      vertex -8.83384 0.190302 1.54329
      vertex -30.9385 0.516617 0.978097
      vertex -8.67076 0.516617 0.978097
    endloop
  endfacet
  facet normal -0.427469 -0.90403 0
    outer loop
      vertex -33.4164 0.651311 2.17369
      vertex -33.1949 0.546575 7
      vertex -33.4164 0.651311 7
    endloop
  endfacet
  facet normal -0.427469 -0.90403 -0
    outer loop
      vertex -33.1949 0.546575 7
      vertex -33.4164 0.651311 2.17369
      vertex -33.1949 0.546575 2.17369
    endloop
  endfacet
  facet normal -0.192022 0.173941 -0.965853
    outer loop
      vertex -33.6067 80.2606 0.190302
      vertex -32.9964 79.9964 0.0213881
      vertex -33.1609 79.8148 0.0213881
    endloop
  endfacet
  facet normal -0.191957 0.174083 -0.96584
    outer loop
      vertex -32.9964 79.9964 0.0213881
      vertex -33.6067 80.2606 0.190302
      vertex -33.4421 80.4421 0.190302
    endloop
  endfacet
  facet normal -0.251104 -0.062879 -0.965916
    outer loop
      vertex -34.3731 4.26523 0.190302
      vertex -33.7047 4.19078 0.0213881
      vertex -34.3136 4.02762 0.190302
    endloop
  endfacet
  facet normal -0.251104 -0.062879 -0.965916
    outer loop
      vertex -33.7047 4.19078 0.0213881
      vertex -34.3731 4.26523 0.190302
      vertex -33.7642 4.42839 0.0213881
    endloop
  endfacet
  facet normal -0.241052 0.0998511 -0.965362
    outer loop
      vertex -33.6221 79.0401 0.0213881
      vertex -34.1354 79.434 0.190302
      vertex -33.5895 79.1188 0.0213881
    endloop
  endfacet
  facet normal -0.0926981 -0.704062 -0.704062
    outer loop
      vertex -31.2448 0.531662 0.978097
      vertex -31.7581 0.599244 0.978097
      vertex -31.2448 0.993142 0.516617
    endloop
  endfacet
  facet normal -1 0 0
    outer loop
      vertex -35.9786 5.06149 2.17369
      vertex -35.9786 77.9385 7
      vertex -35.9786 77.9385 2.17369
    endloop
  endfacet
  facet normal -1 -0 0
    outer loop
      vertex -35.9786 77.9385 7
      vertex -35.9786 5.06149 2.17369
      vertex -35.9786 5.06149 7
    endloop
  endfacet
  facet normal -0.70176 -0.104248 -0.704745
    outer loop
      vertex -35.4008 4.24185 0.978097
      vertex -34.9191 4.11895 0.516617
      vertex -35.3648 3.99951 0.978097
    endloop
  endfacet
  facet normal -0.701743 -0.103955 -0.704805
    outer loop
      vertex -34.9191 4.11895 0.516617
      vertex -35.4008 4.24185 0.978097
      vertex -34.955 4.36129 0.516617
    endloop
  endfacet
  facet normal 0.497023 0.0738458 -0.864589
    outer loop
      vertex 34.3731 79.5937 0.190302
      vertex 34.955 79.4977 0.516617
      vertex 34.4091 79.3514 0.190302
    endloop
  endfacet
  facet normal 0.497005 0.0736379 -0.864618
    outer loop
      vertex 34.955 79.4977 0.516617
      vertex 34.3731 79.5937 0.190302
      vertex 34.9191 79.74 0.516617
    endloop
  endfacet
  facet normal -0.20696 0.158894 -0.96536
    outer loop
      vertex -33.2128 79.7472 0.0213881
      vertex -33.7587 80.0624 0.190302
      vertex -33.1609 79.8148 0.0213881
    endloop
  endfacet
  facet normal 0.171849 -0.685965 -0.70705
    outer loop
      vertex 32.0005 0.635194 0.978097
      vertex 32.1187 1.14047 0.516617
      vertex 32.2381 0.694718 0.978097
    endloop
  endfacet
  facet normal 0.171838 -0.685965 -0.707053
    outer loop
      vertex 32.1187 1.14047 0.516617
      vertex 32.0005 0.635194 0.978097
      vertex 31.8811 1.08095 0.516617
    endloop
  endfacet
  facet normal -0.563313 0.432326 -0.704111
    outer loop
      vertex -34.0063 80.6602 0.516617
      vertex -34.6479 80.5758 0.978097
      vertex -34.3327 80.9865 0.978097
    endloop
  endfacet
  facet normal -0.121509 -0.485057 -0.866
    outer loop
      vertex -31.8811 1.08095 0.516617
      vertex -31.9724 1.68641 0.190302
      vertex -31.7348 1.62689 0.190302
    endloop
  endfacet
  facet normal -0.121509 -0.485057 -0.866
    outer loop
      vertex -31.9724 1.68641 0.190302
      vertex -31.8811 1.08095 0.516617
      vertex -32.1187 1.14047 0.516617
    endloop
  endfacet
  facet normal 0 -0.965926 -0.258817
    outer loop
      vertex -30.9385 0.190302 1.54329
      vertex -9.01574 0.0213881 2.17369
      vertex -30.9385 0.0213881 2.17369
    endloop
  endfacet
  facet normal 0 -0.965926 -0.258817
    outer loop
      vertex -9.01574 0.0213881 2.17369
      vertex -30.9385 0.190302 1.54329
      vertex -8.83384 0.190302 1.54329
    endloop
  endfacet
  facet normal -0 -0.965926 -0.258817
    outer loop
      vertex 30.9385 0.190302 1.54329
      vertex 9.01574 0.0213881 2.17369
      vertex 8.83384 0.190302 1.54329
    endloop
  endfacet
  facet normal 0 -0.965926 -0.258817
    outer loop
      vertex 9.01574 0.0213881 2.17369
      vertex 30.9385 0.190302 1.54329
      vertex 30.9385 0.0213881 2.17369
    endloop
  endfacet
  facet normal 0 0.866035 -0.499984
    outer loop
      vertex -22.9386 82.4834 0.978097
      vertex -30.9385 82.8097 1.54329
      vertex -22.9386 82.8097 1.54329
    endloop
  endfacet
  facet normal 0 0.866035 -0.499984
    outer loop
      vertex -30.9385 82.8097 1.54329
      vertex -22.9386 82.4834 0.978097
      vertex -30.9385 82.4834 0.978097
    endloop
  endfacet
  facet normal 0.860395 0.113271 -0.49688
    outer loop
      vertex 35.7947 79.1038 1.54329
      vertex 35.4683 79.1038 0.978097
      vertex 35.716 79.7016 1.54329
    endloop
  endfacet
  facet normal 0.707091 0 -0.707122
    outer loop
      vertex 35.4834 7.79731 0.978097
      vertex 35.0219 78.7975 0.516617
      vertex 35.4834 78.7975 0.978097
    endloop
  endfacet
  facet normal 0.706811 -3.64869e-06 -0.707403
    outer loop
      vertex 35.4277 7.72227 0.922444
      vertex 35.0219 78.7975 0.516617
      vertex 35.4834 7.79731 0.978097
    endloop
  endfacet
  facet normal 0.707105 -2.91651e-07 -0.707109
    outer loop
      vertex 35.2713 7.46133 0.766045
      vertex 35.0219 78.7975 0.516617
      vertex 35.4277 7.72227 0.922444
    endloop
  endfacet
  facet normal 0.707299 1.06446e-06 -0.706915
    outer loop
      vertex 35.1413 7.18632 0.635974
      vertex 35.0219 78.7975 0.516617
      vertex 35.2713 7.46133 0.766045
    endloop
  endfacet
  facet normal 0.707068 2.96701e-07 -0.707145
    outer loop
      vertex 35.0388 6.89988 0.533485
      vertex 35.0219 78.7975 0.516617
      vertex 35.1413 7.18632 0.635974
    endloop
  endfacet
  facet normal 0.706436 0 -0.707777
    outer loop
      vertex 35.0219 78.7975 0.516617
      vertex 35.0388 6.89988 0.533485
      vertex 35.0219 6.83254 0.516617
    endloop
  endfacet
  facet normal 0.70698 -0.000474991 -0.707233
    outer loop
      vertex 35.0219 5.06149 0.516617
      vertex 35.0388 5.10012 0.533485
      vertex 35.0526 5.06149 0.547306
    endloop
  endfacet
  facet normal 0.706436 0 -0.707777
    outer loop
      vertex 35.0388 5.10012 0.533485
      vertex 35.0219 5.06149 0.516617
      vertex 35.0219 5.16746 0.516617
    endloop
  endfacet
  facet normal 0.866035 0 -0.499984
    outer loop
      vertex 35.8097 8.40368 1.54329
      vertex 35.4834 78.7975 0.978097
      vertex 35.8097 78.7975 1.54329
    endloop
  endfacet
  facet normal 0.866835 1.48635e-05 -0.498594
    outer loop
      vertex 35.804 8.39633 1.53338
      vertex 35.4834 78.7975 0.978097
      vertex 35.8097 8.40368 1.54329
    endloop
  endfacet
  facet normal 0.865927 -1.70127e-06 -0.50017
    outer loop
      vertex 35.6738 8.19203 1.30797
      vertex 35.4834 78.7975 0.978097
      vertex 35.804 8.39633 1.53338
    endloop
  endfacet
  facet normal 0.866122 3.99834e-07 -0.499833
    outer loop
      vertex 35.5559 7.96662 1.10367
      vertex 35.4834 78.7975 0.978097
      vertex 35.6738 8.19203 1.30797
    endloop
  endfacet
  facet normal 0.866024 0 -0.500002
    outer loop
      vertex 35.4834 78.7975 0.978097
      vertex 35.5559 7.96662 1.10367
      vertex 35.4834 7.79731 0.978097
    endloop
  endfacet
  facet normal -0.485046 -0.121665 -0.865984
    outer loop
      vertex -34.9191 4.11895 0.516617
      vertex -34.3136 4.02762 0.190302
      vertex -34.8595 3.88134 0.516617
    endloop
  endfacet
  facet normal -0.485034 -0.121457 -0.86602
    outer loop
      vertex -34.3136 4.02762 0.190302
      vertex -34.9191 4.11895 0.516617
      vertex -34.3731 4.26523 0.190302
    endloop
  endfacet
  facet normal -0.0998511 0.241052 -0.965362
    outer loop
      vertex -32.1188 80.5895 0.0213881
      vertex -32.434 81.1354 0.190302
      vertex -32.0401 80.6221 0.0213881
    endloop
  endfacet
  facet normal 0.192526 -0.464947 -0.864151
    outer loop
      vertex 32.7166 1.37511 0.516617
      vertex 32.2032 1.76901 0.190302
      vertex 32.434 1.86458 0.190302
    endloop
  endfacet
  facet normal -0.238658 -0.666887 -0.705907
    outer loop
      vertex -32.4689 0.777314 0.978097
      vertex -32.1187 1.14047 0.516617
      vertex -32.2381 0.694718 0.978097
    endloop
  endfacet
  facet normal -0.238667 -0.666881 -0.705909
    outer loop
      vertex -32.1187 1.14047 0.516617
      vertex -32.4689 0.777314 0.978097
      vertex -32.3495 1.22307 0.516617
    endloop
  endfacet
  facet normal 0.191982 -0.174039 -0.965843
    outer loop
      vertex 32.9964 3.00362 0.0213881
      vertex 33.6067 2.73944 0.190302
      vertex 33.4421 2.55787 0.190302
    endloop
  endfacet
  facet normal 0.192019 -0.173958 -0.965851
    outer loop
      vertex 33.6067 2.73944 0.190302
      vertex 32.9964 3.00362 0.0213881
      vertex 33.1609 3.1852 0.0213881
    endloop
  endfacet
  facet normal -0.688497 -0.528373 -0.496784
    outer loop
      vertex -34.5634 1.78274 1.54329
      vertex -34.9305 2.26109 1.54329
      vertex -34.6479 2.42425 0.978097
    endloop
  endfacet
  facet normal 0.243016 -0.970022 0
    outer loop
      vertex 32.1287 0.15684 2.17369
      vertex 32.3663 0.216365 7
      vertex 32.1287 0.15684 7
    endloop
  endfacet
  facet normal 0.243016 -0.970022 0
    outer loop
      vertex 32.3663 0.216365 7
      vertex 32.1287 0.15684 2.17369
      vertex 32.3663 0.216365 2.17369
    endloop
  endfacet
  facet normal 0.306267 -0.399277 -0.864163
    outer loop
      vertex 33.345 1.7518 0.516617
      vertex 33.0624 2.24128 0.190302
      vertex 33.2606 2.39331 0.190302
    endloop
  endfacet
  facet normal 0.0628995 -0.251091 -0.965918
    outer loop
      vertex 31.7348 1.62689 0.190302
      vertex 31.8092 2.29532 0.0213881
      vertex 31.9724 1.68641 0.190302
    endloop
  endfacet
  facet normal 0.0628995 -0.251091 -0.965918
    outer loop
      vertex 31.8092 2.29532 0.0213881
      vertex 31.7348 1.62689 0.190302
      vertex 31.5716 2.2358 0.0213881
    endloop
  endfacet
  facet normal 0.881874 0.394898 -0.257594
    outer loop
      vertex 35.4446 81.0787 2.17369
      vertex 35.2374 81.1302 1.54329
      vertex 35.3837 81.2147 2.17369
    endloop
  endfacet
  facet normal 0.881874 0.394898 -0.257594
    outer loop
      vertex 35.2374 81.1302 1.54329
      vertex 35.4446 81.0787 2.17369
      vertex 35.2983 80.9942 1.54329
    endloop
  endfacet
  facet normal -0.49893 0.0657387 -0.864145
    outer loop
      vertex -34.4091 78.4924 0.190302
      vertex -35.0069 78.2448 0.516617
      vertex -34.955 78.6387 0.516617
    endloop
  endfacet
  facet normal -0.258796 0.0126737 -0.965849
    outer loop
      vertex -33.8263 77.9385 0.0213881
      vertex -34.4417 78.2448 0.190302
      vertex -33.8113 78.2448 0.0213881
    endloop
  endfacet
  facet normal -0.258796 0.0126737 -0.965849
    outer loop
      vertex -34.4417 78.2448 0.190302
      vertex -33.8263 77.9385 0.0213881
      vertex -34.4567 77.9385 0.190302
    endloop
  endfacet
  facet normal -0.0926922 -0.704066 -0.704059
    outer loop
      vertex -31.2448 0.993142 0.516617
      vertex -31.7581 0.599244 0.978097
      vertex -31.6387 1.045 0.516617
    endloop
  endfacet
  facet normal -0.688544 -0.528347 -0.496747
    outer loop
      vertex -34.5634 1.78274 1.54329
      vertex -34.6479 2.42425 0.978097
      vertex -34.3327 2.01348 0.978097
    endloop
  endfacet
  facet normal 0.0473919 -0.964841 -0.258526
    outer loop
      vertex 30.9385 0.190302 1.54329
      vertex 31.2448 0.0364332 2.17369
      vertex 30.9385 0.0213881 2.17369
    endloop
  endfacet
  facet normal 0.0473916 -0.964841 -0.258526
    outer loop
      vertex 31.2448 0.0364332 2.17369
      vertex 30.9385 0.190302 1.54329
      vertex 31.2448 0.205347 1.54329
    endloop
  endfacet
  facet normal -0.258817 0 -0.965926
    outer loop
      vertex -34.4567 5.06149 0.190302
      vertex -33.8263 77.9385 0.0213881
      vertex -33.8263 5.06149 0.0213881
    endloop
  endfacet
  facet normal -0.258817 0 -0.965926
    outer loop
      vertex -33.8263 77.9385 0.0213881
      vertex -34.4567 5.06149 0.190302
      vertex -34.4567 77.9385 0.190302
    endloop
  endfacet
  facet normal -0.210383 0.840119 -0.499939
    outer loop
      vertex -32.2381 82.3053 0.978097
      vertex -32.0849 82.68 1.54329
      vertex -32.0005 82.3648 0.978097
    endloop
  endfacet
  facet normal -0.210296 0.840125 -0.499966
    outer loop
      vertex -32.0849 82.68 1.54329
      vertex -32.2381 82.3053 0.978097
      vertex -32.3226 82.6205 1.54329
    endloop
  endfacet
  facet normal 0.221991 -0.133093 -0.965923
    outer loop
      vertex 33.9047 3.13442 0.190302
      vertex 33.4847 3.65978 0.0213881
      vertex 34.0307 3.34458 0.190302
    endloop
  endfacet
  facet normal 0.222064 -0.133031 -0.965914
    outer loop
      vertex 33.4847 3.65978 0.0213881
      vertex 33.9047 3.13442 0.190302
      vertex 33.3588 3.44962 0.0213881
    endloop
  endfacet
  facet normal 0 0.499996 -0.866028
    outer loop
      vertex -30.9385 81.4567 0.190302
      vertex -22.9386 82.0219 0.516617
      vertex -22.9386 81.4567 0.190302
    endloop
  endfacet
  facet normal 0 0.499996 -0.866028
    outer loop
      vertex -22.9386 82.0219 0.516617
      vertex -30.9385 81.4567 0.190302
      vertex -30.9385 82.0219 0.516617
    endloop
  endfacet
  facet normal 0 -0.258817 -0.965926
    outer loop
      vertex 8.44344 1.54329 0.190302
      vertex 30.9385 2.17369 0.0213881
      vertex 30.9385 1.54329 0.190302
    endloop
  endfacet
  facet normal -0 -0.258817 -0.965926
    outer loop
      vertex 30.9385 2.17369 0.0213881
      vertex 8.44344 1.54329 0.190302
      vertex 8.39471 2.17369 0.0213881
    endloop
  endfacet
  facet normal 0 -0.258817 -0.965926
    outer loop
      vertex -30.9385 2.17369 0.0213881
      vertex -8.44344 1.54329 0.190302
      vertex -30.9385 1.54329 0.190302
    endloop
  endfacet
  facet normal 0 -0.258817 -0.965926
    outer loop
      vertex -8.44344 1.54329 0.190302
      vertex -30.9385 2.17369 0.0213881
      vertex -8.39471 2.17369 0.0213881
    endloop
  endfacet
  facet normal 0.370501 -0.783559 -0.498763
    outer loop
      vertex 33.1688 1.08019 0.978097
      vertex 33.1105 0.692858 1.54329
      vertex 32.9473 0.975455 0.978097
    endloop
  endfacet
  facet normal 0.370652 -0.783516 -0.498718
    outer loop
      vertex 33.1105 0.692858 1.54329
      vertex 33.1688 1.08019 0.978097
      vertex 33.3319 0.797594 1.54329
    endloop
  endfacet
  facet normal -0.111018 -0.234694 -0.965709
    outer loop
      vertex -32.434 1.86458 0.190302
      vertex -32.3402 2.51525 0.0213881
      vertex -32.1188 2.41052 0.0213881
    endloop
  endfacet
  facet normal -0.111028 -0.234692 -0.965708
    outer loop
      vertex -32.3402 2.51525 0.0213881
      vertex -32.434 1.86458 0.190302
      vertex -32.6554 1.96932 0.190302
    endloop
  endfacet
  facet normal -0.0473919 -0.964841 -0.258526
    outer loop
      vertex -31.2448 0.205347 1.54329
      vertex -30.9385 0.0213881 2.17369
      vertex -31.2448 0.0364332 2.17369
    endloop
  endfacet
  facet normal -0.0473916 -0.964841 -0.258526
    outer loop
      vertex -30.9385 0.0213881 2.17369
      vertex -31.2448 0.205347 1.54329
      vertex -30.9385 0.190302 1.54329
    endloop
  endfacet
  facet normal -0.207017 0.158762 -0.96537
    outer loop
      vertex -33.1609 79.8148 0.0213881
      vertex -33.7587 80.0624 0.190302
      vertex -33.6067 80.2606 0.190302
    endloop
  endfacet
  facet normal -0.30622 0.399294 -0.864172
    outer loop
      vertex -33.2606 80.6067 0.190302
      vertex -33.345 81.2482 0.516617
      vertex -33.0624 80.7587 0.190302
    endloop
  endfacet
  facet normal 0.23744 0.10615 -0.965585
    outer loop
      vertex 33.5198 80.1385 0.0213881
      vertex 34.1266 80.3177 0.190302
      vertex 33.5806 80.0025 0.0213881
    endloop
  endfacet
  facet normal 0.237393 0.106303 -0.96558
    outer loop
      vertex 34.1266 80.3177 0.190302
      vertex 33.5198 80.1385 0.0213881
      vertex 34.0657 80.4537 0.190302
    endloop
  endfacet
  facet normal 0.701904 -0.103983 -0.70464
    outer loop
      vertex 35.3648 3.99951 0.978097
      vertex 35.366 4.25115 0.942158
      vertex 35.3949 4.20269 0.978097
    endloop
  endfacet
  facet normal 0.701812 -0.103996 -0.70473
    outer loop
      vertex 34.9191 4.11895 0.516617
      vertex 35.366 4.25115 0.942158
      vertex 35.3648 3.99951 0.978097
    endloop
  endfacet
  facet normal 0.70181 -0.103965 -0.704737
    outer loop
      vertex 35.366 4.25115 0.942158
      vertex 34.9191 4.11895 0.516617
      vertex 34.955 4.36129 0.516617
    endloop
  endfacet
  facet normal 0.399232 -0.30639 -0.86414
    outer loop
      vertex 34.0063 2.33979 0.516617
      vertex 33.6067 2.73944 0.190302
      vertex 34.2482 2.65499 0.516617
    endloop
  endfacet
  facet normal 0.873436 -0.412954 -0.258029
    outer loop
      vertex 35.4534 2.80508 2.17369
      vertex 35.2024 2.66809 1.54329
      vertex 35.3071 2.88954 1.54329
    endloop
  endfacet
  facet normal 0.873436 -0.412954 -0.258029
    outer loop
      vertex 35.2024 2.66809 1.54329
      vertex 35.4534 2.80508 2.17369
      vertex 35.3487 2.58363 2.17369
    endloop
  endfacet
  facet normal 0.70413 0.0925945 -0.704008
    outer loop
      vertex 35.4683 79.1038 0.978097
      vertex 35.0069 79.1038 0.516617
      vertex 35.4008 79.6171 0.978097
    endloop
  endfacet
  facet normal -0.71572 -0.648791 -0.258485
    outer loop
      vertex -34.3988 1.60116 1.54329
      vertex -34.6828 1.6633 2.17369
      vertex -34.5634 1.78274 1.54329
    endloop
  endfacet
  facet normal -0.715896 -0.648557 -0.258587
    outer loop
      vertex -34.6828 1.6633 2.17369
      vertex -34.3988 1.60116 1.54329
      vertex -34.5183 1.48172 2.17369
    endloop
  endfacet
  facet normal -0.656083 -0.271842 -0.704029
    outer loop
      vertex -35.0245 3.0527 0.978097
      vertex -35.2227 3.53105 0.978097
      vertex -34.6249 3.28344 0.516617
    endloop
  endfacet
  facet normal -0.209154 0.155165 -0.965494
    outer loop
      vertex -33.3588 79.5504 0.0213881
      vertex -33.7587 80.0624 0.190302
      vertex -33.2128 79.7472 0.0213881
    endloop
  endfacet
  facet normal -0.209154 0.155165 -0.965494
    outer loop
      vertex -33.7587 80.0624 0.190302
      vertex -33.3588 79.5504 0.0213881
      vertex -33.9047 79.8656 0.190302
    endloop
  endfacet
  facet normal -0.79333 0.608792 0
    outer loop
      vertex -35.0767 80.8234 2.17369
      vertex -34.6828 81.3367 7
      vertex -34.6828 81.3367 2.17369
    endloop
  endfacet
  facet normal -0.79333 0.608792 0
    outer loop
      vertex -34.6828 81.3367 7
      vertex -35.0767 80.8234 2.17369
      vertex -35.0767 80.8234 7
    endloop
  endfacet
  facet normal -0.403535 0.299371 -0.864602
    outer loop
      vertex -33.9047 79.8656 0.190302
      vertex -34.2482 80.345 0.516617
      vertex -33.7587 80.0624 0.190302
    endloop
  endfacet
  facet normal -0.403535 0.299371 -0.864602
    outer loop
      vertex -34.2482 80.345 0.516617
      vertex -33.9047 79.8656 0.190302
      vertex -34.3942 80.1482 0.516617
    endloop
  endfacet
  facet normal -0.93699 -0.234632 -0.25884
    outer loop
      vertex -35.6205 3.67744 1.54329
      vertex -35.8432 3.87134 2.17369
      vertex -35.68 3.91505 1.54329
    endloop
  endfacet
  facet normal -0.936932 -0.235012 -0.258702
    outer loop
      vertex -35.8432 3.87134 2.17369
      vertex -35.6205 3.67744 1.54329
      vertex -35.7836 3.63373 2.17369
    endloop
  endfacet
  facet normal -0.271734 -0.656102 -0.704053
    outer loop
      vertex -32.4689 0.777314 0.978097
      vertex -32.7166 1.37511 0.516617
      vertex -32.3495 1.22307 0.516617
    endloop
  endfacet
  facet normal -0.608794 -0.793329 0
    outer loop
      vertex -34.3367 1.31717 2.17369
      vertex -33.8234 0.923268 7
      vertex -34.3367 1.31717 7
    endloop
  endfacet
  facet normal -0.608794 -0.793329 -0
    outer loop
      vertex -33.8234 0.923268 7
      vertex -34.3367 1.31717 2.17369
      vertex -33.8234 0.923268 2.17369
    endloop
  endfacet
  facet normal -0.306357 -0.399255 -0.864142
    outer loop
      vertex -33.345 1.7518 0.516617
      vertex -33.6602 1.99366 0.516617
      vertex -33.2606 2.39331 0.190302
    endloop
  endfacet
  facet normal 0 1 -0
    outer loop
      vertex -22.9386 82.9786 2.17369
      vertex -30.9385 82.9786 7
      vertex -22.9386 82.9786 7
    endloop
  endfacet
  facet normal 0 1 0
    outer loop
      vertex -30.9385 82.9786 7
      vertex -22.9386 82.9786 2.17369
      vertex -30.9385 82.9786 2.17369
    endloop
  endfacet
  facet normal -0.27166 0.656094 -0.704089
    outer loop
      vertex -32.3495 81.7769 0.516617
      vertex -32.7166 81.6249 0.516617
      vertex -32.4689 82.2227 0.978097
    endloop
  endfacet
  facet normal -0.998803 0.048913 0
    outer loop
      vertex -35.9786 77.9385 2.17369
      vertex -35.9636 78.2448 7
      vertex -35.9636 78.2448 2.17369
    endloop
  endfacet
  facet normal -0.998803 0.048913 0
    outer loop
      vertex -35.9636 78.2448 7
      vertex -35.9786 77.9385 2.17369
      vertex -35.9786 77.9385 7
    endloop
  endfacet
  facet normal -0.413034 0.873408 -0.257994
    outer loop
      vertex -33.3319 82.2024 1.54329
      vertex -33.1949 82.4534 2.17369
      vertex -33.1105 82.3071 1.54329
    endloop
  endfacet
  facet normal -0.412875 0.873466 -0.258052
    outer loop
      vertex -33.1949 82.4534 2.17369
      vertex -33.3319 82.2024 1.54329
      vertex -33.4164 82.3487 2.17369
    endloop
  endfacet
  facet normal -0.0874541 0.244469 -0.965705
    outer loop
      vertex -32.2032 81.231 0.190302
      vertex -31.8092 80.7047 0.0213881
      vertex -32.0401 80.6221 0.0213881
    endloop
  endfacet
  facet normal -0.0874842 0.244447 -0.965708
    outer loop
      vertex -31.8092 80.7047 0.0213881
      vertex -32.2032 81.231 0.190302
      vertex -31.9724 81.3136 0.190302
    endloop
  endfacet
  facet normal -0.241039 -0.0998673 -0.965363
    outer loop
      vertex -34.1354 3.56603 0.190302
      vertex -34.231 3.79677 0.190302
      vertex -33.6221 3.95993 0.0213881
    endloop
  endfacet
  facet normal -0.241052 -0.0998511 -0.965362
    outer loop
      vertex -33.5895 3.88123 0.0213881
      vertex -34.1354 3.56603 0.190302
      vertex -33.6221 3.95993 0.0213881
    endloop
  endfacet
  facet normal -0.464953 -0.192543 -0.864144
    outer loop
      vertex -34.6249 3.28344 0.516617
      vertex -34.7769 3.65049 0.516617
      vertex -34.231 3.79677 0.190302
    endloop
  endfacet
  facet normal -0.299371 0.403535 -0.864602
    outer loop
      vertex -33.345 81.2482 0.516617
      vertex -32.8656 80.9047 0.190302
      vertex -33.0624 80.7587 0.190302
    endloop
  endfacet
  facet normal -0.299371 0.403535 -0.864602
    outer loop
      vertex -32.8656 80.9047 0.190302
      vertex -33.345 81.2482 0.516617
      vertex -33.1482 81.3942 0.516617
    endloop
  endfacet
  facet normal 0.207002 -0.158791 -0.965368
    outer loop
      vertex 33.6067 2.73944 0.190302
      vertex 33.1609 3.1852 0.0213881
      vertex 33.7587 2.93759 0.190302
    endloop
  endfacet
  facet normal 0 0.258817 -0.965926
    outer loop
      vertex -30.9385 80.8263 0.0213881
      vertex -22.9386 81.4567 0.190302
      vertex -22.9386 80.8263 0.0213881
    endloop
  endfacet
  facet normal 0 0.258817 -0.965926
    outer loop
      vertex -22.9386 81.4567 0.190302
      vertex -30.9385 80.8263 0.0213881
      vertex -30.9385 81.4567 0.190302
    endloop
  endfacet
  facet normal 0.158787 -0.207009 -0.965367
    outer loop
      vertex 33.0624 2.24128 0.190302
      vertex 32.8148 2.83907 0.0213881
      vertex 33.2606 2.39331 0.190302
    endloop
  endfacet
  facet normal 0.206943 -0.158928 -0.965358
    outer loop
      vertex 33.7587 2.93759 0.190302
      vertex 33.1609 3.1852 0.0213881
      vertex 33.2128 3.25278 0.0213881
    endloop
  endfacet
  facet normal -0.214284 0.453128 -0.865308
    outer loop
      vertex -32.6554 81.0307 0.190302
      vertex -32.7166 81.6249 0.516617
      vertex -32.434 81.1354 0.190302
    endloop
  endfacet
  facet normal -0.214284 0.453128 -0.865308
    outer loop
      vertex -32.7166 81.6249 0.516617
      vertex -32.6554 81.0307 0.190302
      vertex -32.938 81.5202 0.516617
    endloop
  endfacet
  facet normal -0.0424994 -0.865242 -0.499549
    outer loop
      vertex -31.2448 0.531662 0.978097
      vertex -30.9385 0.190302 1.54329
      vertex -31.2448 0.205347 1.54329
    endloop
  endfacet
  facet normal -0.0424994 -0.865242 -0.499549
    outer loop
      vertex -30.9385 0.190302 1.54329
      vertex -31.2448 0.531662 0.978097
      vertex -30.9385 0.516617 0.978097
    endloop
  endfacet
  facet normal 0.0382033 -0.257593 -0.965498
    outer loop
      vertex 31.4924 1.59094 0.190302
      vertex 31.5716 2.2358 0.0213881
      vertex 31.7348 1.62689 0.190302
    endloop
  endfacet
  facet normal 0.0382193 -0.257595 -0.965497
    outer loop
      vertex 31.5716 2.2358 0.0213881
      vertex 31.4924 1.59094 0.190302
      vertex 31.3293 2.19985 0.0213881
    endloop
  endfacet
  facet normal 0.569954 -0.422456 -0.704757
    outer loop
      vertex 34.6479 2.42425 0.978097
      vertex 34.3942 2.85183 0.516617
      vertex 34.7938 2.62109 0.978097
    endloop
  endfacet
  facet normal 0.569777 -0.422614 -0.704806
    outer loop
      vertex 34.3942 2.85183 0.516617
      vertex 34.6479 2.42425 0.978097
      vertex 34.2482 2.65499 0.516617
    endloop
  endfacet
  facet normal 0.453152 -0.214247 -0.865304
    outer loop
      vertex 34.0307 3.34458 0.190302
      vertex 34.6249 3.28344 0.516617
      vertex 34.5202 3.06199 0.516617
    endloop
  endfacet
  facet normal 0.453152 -0.214247 -0.865304
    outer loop
      vertex 34.6249 3.28344 0.516617
      vertex 34.0307 3.34458 0.190302
      vertex 34.1354 3.56603 0.190302
    endloop
  endfacet
  facet normal -0.234673 0.111083 -0.965707
    outer loop
      vertex -34.1354 79.434 0.190302
      vertex -33.4847 79.3402 0.0213881
      vertex -33.5895 79.1188 0.0213881
    endloop
  endfacet
  facet normal -0.234689 0.110984 -0.965714
    outer loop
      vertex -33.4847 79.3402 0.0213881
      vertex -34.1354 79.434 0.190302
      vertex -34.0307 79.6554 0.190302
    endloop
  endfacet
  facet normal -0.2347 -0.110965 -0.965714
    outer loop
      vertex -34.1354 3.56603 0.190302
      vertex -33.4847 3.65978 0.0213881
      vertex -34.0307 3.34458 0.190302
    endloop
  endfacet
  facet normal -0.234684 -0.111063 -0.965706
    outer loop
      vertex -33.4847 3.65978 0.0213881
      vertex -34.1354 3.56603 0.190302
      vertex -33.5895 3.88123 0.0213881
    endloop
  endfacet
  facet normal 0.192553 -0.464919 -0.86416
    outer loop
      vertex 32.3495 1.22307 0.516617
      vertex 32.2032 1.76901 0.190302
      vertex 32.7166 1.37511 0.516617
    endloop
  endfacet
  facet normal 0.638005 0.307206 -0.706098
    outer loop
      vertex 34.3026 81.2609 0.516617
      vertex 34.9548 80.9671 0.978097
      vertex 34.5552 80.7363 0.516617
    endloop
  endfacet
  facet normal 0.638005 0.307206 -0.706098
    outer loop
      vertex 34.9548 80.9671 0.978097
      vertex 34.3026 81.2609 0.516617
      vertex 34.7022 81.4917 0.978097
    endloop
  endfacet
  facet normal -0.0126737 0.258796 -0.965849
    outer loop
      vertex -31.2448 81.4417 0.190302
      vertex -30.9385 80.8263 0.0213881
      vertex -31.2448 80.8113 0.0213881
    endloop
  endfacet
  facet normal -0.0126737 0.258796 -0.965849
    outer loop
      vertex -30.9385 80.8263 0.0213881
      vertex -31.2448 81.4417 0.190302
      vertex -30.9385 81.4567 0.190302
    endloop
  endfacet
  facet normal -0.158762 0.207017 -0.96537
    outer loop
      vertex -32.8148 80.1609 0.0213881
      vertex -33.2606 80.6067 0.190302
      vertex -33.0624 80.7587 0.190302
    endloop
  endfacet
  facet normal 0.209164 -0.155149 -0.965494
    outer loop
      vertex 33.7587 2.93759 0.190302
      vertex 33.3588 3.44962 0.0213881
      vertex 33.9047 3.13442 0.190302
    endloop
  endfacet
  facet normal 0.209169 -0.155145 -0.965494
    outer loop
      vertex 33.3588 3.44962 0.0213881
      vertex 33.7587 2.93759 0.190302
      vertex 33.2128 3.25278 0.0213881
    endloop
  endfacet
  facet normal -0.168909 0.471963 -0.865287
    outer loop
      vertex -32.3495 81.7769 0.516617
      vertex -31.9724 81.3136 0.190302
      vertex -32.2032 81.231 0.190302
    endloop
  endfacet
  facet normal -0.168909 0.471963 -0.865287
    outer loop
      vertex -31.9724 81.3136 0.190302
      vertex -32.3495 81.7769 0.516617
      vertex -32.1187 81.8595 0.516617
    endloop
  endfacet
  facet normal -0.528352 0.688542 -0.496744
    outer loop
      vertex -33.5758 81.6479 0.978097
      vertex -34.2173 81.5634 1.54329
      vertex -33.7389 81.9305 1.54329
    endloop
  endfacet
  facet normal -0.498932 -0.0657389 -0.864144
    outer loop
      vertex -34.955 4.36129 0.516617
      vertex -35.0069 4.75519 0.516617
      vertex -34.4091 4.50757 0.190302
    endloop
  endfacet
  facet normal -0.257584 -0.0382645 -0.965498
    outer loop
      vertex -34.4091 4.50757 0.190302
      vertex -33.7642 4.42839 0.0213881
      vertex -34.3731 4.26523 0.190302
    endloop
  endfacet
  facet normal -0.257584 -0.0382645 -0.965498
    outer loop
      vertex -33.7642 4.42839 0.0213881
      vertex -34.4091 4.50757 0.190302
      vertex -33.8002 4.67073 0.0213881
    endloop
  endfacet
  facet normal -0.909686 -0.325493 -0.257927
    outer loop
      vertex -35.5379 3.44659 1.54329
      vertex -35.7836 3.63373 2.17369
      vertex -35.6205 3.67744 1.54329
    endloop
  endfacet
  facet normal -0.909686 -0.325493 -0.257927
    outer loop
      vertex -35.7836 3.63373 2.17369
      vertex -35.5379 3.44659 1.54329
      vertex -35.701 3.40288 2.17369
    endloop
  endfacet
  facet normal -0.816079 -0.292 -0.49875
    outer loop
      vertex -35.2227 3.53105 0.978097
      vertex -35.6205 3.67744 1.54329
      vertex -35.3053 3.7619 0.978097
    endloop
  endfacet
  facet normal -0.816079 -0.292 -0.49875
    outer loop
      vertex -35.6205 3.67744 1.54329
      vertex -35.2227 3.53105 0.978097
      vertex -35.5379 3.44659 1.54329
    endloop
  endfacet
  facet normal -0.892907 0.369921 -0.25666
    outer loop
      vertex -35.5379 79.5534 1.54329
      vertex -35.701 79.5971 2.17369
      vertex -35.3071 80.1105 1.54329
    endloop
  endfacet
  facet normal -0.336942 -0.941525 0
    outer loop
      vertex -32.5971 0.298961 2.17369
      vertex -32.3663 0.216365 7
      vertex -32.5971 0.298961 7
    endloop
  endfacet
  facet normal -0.336942 -0.941525 -0
    outer loop
      vertex -32.3663 0.216365 7
      vertex -32.5971 0.298961 2.17369
      vertex -32.3663 0.216365 2.17369
    endloop
  endfacet
  facet normal -0.369831 -0.892922 -0.256739
    outer loop
      vertex -32.5971 0.298961 2.17369
      vertex -33.1105 0.692858 1.54329
      vertex -32.5534 0.462118 1.54329
    endloop
  endfacet
  facet normal -0.793347 -0.608769 0
    outer loop
      vertex -34.6828 1.6633 2.17369
      vertex -35.0767 2.17663 7
      vertex -35.0767 2.17663 2.17369
    endloop
  endfacet
  facet normal -0.793347 -0.608769 0
    outer loop
      vertex -35.0767 2.17663 7
      vertex -34.6828 1.6633 2.17369
      vertex -34.6828 1.6633 7
    endloop
  endfacet
  facet normal 0.13053 -0.991444 0
    outer loop
      vertex 31.2448 0.0364332 2.17369
      vertex 31.8863 0.120891 7
      vertex 31.2448 0.0364332 7
    endloop
  endfacet
  facet normal 0.13053 -0.991444 0
    outer loop
      vertex 31.8863 0.120891 7
      vertex 31.2448 0.0364332 2.17369
      vertex 31.8863 0.120891 2.17369
    endloop
  endfacet
  facet normal 0.71572 -0.648791 -0.258485
    outer loop
      vertex 34.6828 1.6633 2.17369
      vertex 34.3988 1.60116 1.54329
      vertex 34.5634 1.78274 1.54329
    endloop
  endfacet
  facet normal 0.715896 -0.648557 -0.258587
    outer loop
      vertex 34.3988 1.60116 1.54329
      vertex 34.6828 1.6633 2.17369
      vertex 34.5183 1.48172 2.17369
    endloop
  endfacet
  facet normal -0.828392 0.496799 -0.258762
    outer loop
      vertex -35.0764 80.5421 1.54329
      vertex -35.3487 80.4164 2.17369
      vertex -35.2227 80.6265 2.17369
    endloop
  endfacet
  facet normal -0.828479 0.496615 -0.258836
    outer loop
      vertex -35.3487 80.4164 2.17369
      vertex -35.0764 80.5421 1.54329
      vertex -35.2024 80.3319 1.54329
    endloop
  endfacet
  facet normal -0.432326 0.563313 -0.704111
    outer loop
      vertex -33.6602 81.0063 0.516617
      vertex -33.9865 81.3327 0.978097
      vertex -33.5758 81.6479 0.978097
    endloop
  endfacet
  facet normal -0.865181 0.0426517 -0.499643
    outer loop
      vertex -35.4834 77.9385 0.978097
      vertex -35.7947 78.2448 1.54329
      vertex -35.4683 78.2448 0.978097
    endloop
  endfacet
  facet normal -0.865257 0.042373 -0.499534
    outer loop
      vertex -35.7947 78.2448 1.54329
      vertex -35.4834 77.9385 0.978097
      vertex -35.8097 77.9385 1.54329
    endloop
  endfacet
  facet normal -0.222064 -0.133031 -0.965914
    outer loop
      vertex -33.9047 3.13442 0.190302
      vertex -33.4847 3.65978 0.0213881
      vertex -33.3588 3.44962 0.0213881
    endloop
  endfacet
  facet normal -0.221991 -0.133093 -0.965923
    outer loop
      vertex -33.4847 3.65978 0.0213881
      vertex -33.9047 3.13442 0.190302
      vertex -34.0307 3.34458 0.190302
    endloop
  endfacet
  facet normal -0.0628806 0.2511 -0.965917
    outer loop
      vertex -31.8092 80.7047 0.0213881
      vertex -31.7348 81.3731 0.190302
      vertex -31.5716 80.7642 0.0213881
    endloop
  endfacet
  facet normal -0.0628806 0.2511 -0.965917
    outer loop
      vertex -31.7348 81.3731 0.190302
      vertex -31.8092 80.7047 0.0213881
      vertex -31.9724 81.3136 0.190302
    endloop
  endfacet
  facet normal -0.257586 0.0382711 -0.965497
    outer loop
      vertex -34.4091 78.4924 0.190302
      vertex -33.7642 78.5716 0.0213881
      vertex -33.8002 78.3293 0.0213881
    endloop
  endfacet
  facet normal -0.257584 0.038255 -0.965498
    outer loop
      vertex -33.7642 78.5716 0.0213881
      vertex -34.4091 78.4924 0.190302
      vertex -34.3731 78.7348 0.190302
    endloop
  endfacet
  facet normal 0.471977 -0.168877 -0.865285
    outer loop
      vertex 34.7769 3.65049 0.516617
      vertex 34.3136 4.02762 0.190302
      vertex 34.8595 3.88134 0.516617
    endloop
  endfacet
  facet normal 0.471977 -0.168877 -0.865285
    outer loop
      vertex 34.3136 4.02762 0.190302
      vertex 34.7769 3.65049 0.516617
      vertex 34.231 3.79677 0.190302
    endloop
  endfacet
  facet normal -0.0998456 -0.241038 -0.965366
    outer loop
      vertex -32.0401 2.37792 0.0213881
      vertex -32.434 1.86458 0.190302
      vertex -32.1188 2.41052 0.0213881
    endloop
  endfacet
  facet normal -0.2511 0.0628806 -0.965917
    outer loop
      vertex -34.3731 78.7348 0.190302
      vertex -33.7047 78.8092 0.0213881
      vertex -33.7642 78.5716 0.0213881
    endloop
  endfacet
  facet normal -0.2511 0.0628806 -0.965917
    outer loop
      vertex -33.7047 78.8092 0.0213881
      vertex -34.3731 78.7348 0.190302
      vertex -34.3136 78.9724 0.190302
    endloop
  endfacet
  facet normal 0.499846 0.0244783 -0.865768
    outer loop
      vertex 34.4567 78.7975 0.190302
      vertex 35.0069 79.1038 0.516617
      vertex 35.0219 78.7975 0.516617
    endloop
  endfacet
  facet normal 0.499846 0.0244783 -0.865768
    outer loop
      vertex 35.0069 79.1038 0.516617
      vertex 34.4567 78.7975 0.190302
      vertex 34.4417 79.1038 0.190302
    endloop
  endfacet
  facet normal 0.969974 0.243208 0
    outer loop
      vertex 35.8432 79.9876 7
      vertex 35.7836 80.2253 2.17369
      vertex 35.7836 80.2253 7
    endloop
  endfacet
  facet normal 0.969974 0.243208 0
    outer loop
      vertex 35.7836 80.2253 2.17369
      vertex 35.8432 79.9876 7
      vertex 35.8432 79.9876 2.17369
    endloop
  endfacet
  facet normal 0.892908 0.369827 -0.256796
    outer loop
      vertex 35.529 80.4372 1.54329
      vertex 35.2983 80.9942 1.54329
      vertex 35.6922 80.4809 2.17369
    endloop
  endfacet
  facet normal 0.0656895 -0.498918 -0.864156
    outer loop
      vertex 31.4924 1.59094 0.190302
      vertex 31.2448 0.993142 0.516617
      vertex 31.2448 1.55834 0.190302
    endloop
  endfacet
  facet normal 0.104077 -0.701757 -0.704774
    outer loop
      vertex 31.7581 0.599244 0.978097
      vertex 31.8811 1.08095 0.516617
      vertex 32.0005 0.635194 0.978097
    endloop
  endfacet
  facet normal 0.104077 -0.701757 -0.704774
    outer loop
      vertex 31.8811 1.08095 0.516617
      vertex 31.7581 0.599244 0.978097
      vertex 31.6387 1.045 0.516617
    endloop
  endfacet
  facet normal -0.111083 0.234673 -0.965707
    outer loop
      vertex -32.3402 80.4847 0.0213881
      vertex -32.434 81.1354 0.190302
      vertex -32.1188 80.5895 0.0213881
    endloop
  endfacet
  facet normal -0.110984 0.234689 -0.965714
    outer loop
      vertex -32.434 81.1354 0.190302
      vertex -32.3402 80.4847 0.0213881
      vertex -32.6554 81.0307 0.190302
    endloop
  endfacet
  facet normal -0.155158 -0.209144 -0.965497
    outer loop
      vertex -33.0624 2.24128 0.190302
      vertex -32.5504 2.64122 0.0213881
      vertex -32.8656 2.09528 0.190302
    endloop
  endfacet
  facet normal -0.155152 -0.209151 -0.965497
    outer loop
      vertex -32.5504 2.64122 0.0213881
      vertex -33.0624 2.24128 0.190302
      vertex -32.7472 2.78721 0.0213881
    endloop
  endfacet
  facet normal -0.299366 -0.403557 -0.864593
    outer loop
      vertex -33.345 1.7518 0.516617
      vertex -32.8656 2.09528 0.190302
      vertex -33.1482 1.60581 0.516617
    endloop
  endfacet
  facet normal -0.299377 -0.403544 -0.864596
    outer loop
      vertex -32.8656 2.09528 0.190302
      vertex -33.345 1.7518 0.516617
      vertex -33.0624 2.24128 0.190302
    endloop
  endfacet
  facet normal 0.472038 0.16873 -0.86528
    outer loop
      vertex 34.3136 79.8314 0.190302
      vertex 34.7681 80.2333 0.516617
      vertex 34.8595 79.9776 0.516617
    endloop
  endfacet
  facet normal 0.471892 0.168929 -0.865321
    outer loop
      vertex 34.7681 80.2333 0.516617
      vertex 34.3136 79.8314 0.190302
      vertex 34.2221 80.087 0.190302
    endloop
  endfacet
  facet normal -0.80178 -0.332198 -0.496783
    outer loop
      vertex -35.3071 2.88954 1.54329
      vertex -35.5379 3.44659 1.54329
      vertex -35.2227 3.53105 0.978097
    endloop
  endfacet
  facet normal -0.209169 -0.155145 -0.965494
    outer loop
      vertex -33.7587 2.93759 0.190302
      vertex -33.3588 3.44962 0.0213881
      vertex -33.2128 3.25278 0.0213881
    endloop
  endfacet
  facet normal -0.209164 -0.155149 -0.965494
    outer loop
      vertex -33.3588 3.44962 0.0213881
      vertex -33.7587 2.93759 0.190302
      vertex -33.9047 3.13442 0.190302
    endloop
  endfacet
  facet normal 0.432359 -0.563357 -0.704056
    outer loop
      vertex 33.9865 1.66735 0.978097
      vertex 33.5758 1.35215 0.978097
      vertex 33.6602 1.99366 0.516617
    endloop
  endfacet
  facet normal 0.524218 -0.475197 -0.70667
    outer loop
      vertex 33.8418 2.15821 0.516617
      vertex 34.3327 2.01348 0.978097
      vertex 34.1681 1.8319 0.978097
    endloop
  endfacet
  facet normal 0.524324 -0.475004 -0.706722
    outer loop
      vertex 34.3327 2.01348 0.978097
      vertex 33.8418 2.15821 0.516617
      vertex 34.0063 2.33979 0.516617
    endloop
  endfacet
  facet normal 0.704061 -0.0927666 -0.704054
    outer loop
      vertex 35.3133 4.35582 0.875641
      vertex 34.955 4.36129 0.516617
      vertex 35.0069 4.75519 0.516617
    endloop
  endfacet
  facet normal 0.704052 -0.0928881 -0.704047
    outer loop
      vertex 35.3498 4.27773 0.922444
      vertex 34.955 4.36129 0.516617
      vertex 35.3133 4.35582 0.875641
    endloop
  endfacet
  facet normal 0.704015 -0.0931045 -0.704056
    outer loop
      vertex 34.955 4.36129 0.516617
      vertex 35.3498 4.27773 0.922444
      vertex 35.366 4.25115 0.942158
    endloop
  endfacet
  facet normal 0.113288 -0.860445 -0.496789
    outer loop
      vertex 31.8426 0.284048 1.54329
      vertex 31.2448 0.531662 0.978097
      vertex 31.7581 0.599244 0.978097
    endloop
  endfacet
  facet normal -0.0340571 0.258667 -0.965366
    outer loop
      vertex -31.2448 80.8113 0.0213881
      vertex -31.4924 81.4091 0.190302
      vertex -31.2448 81.4417 0.190302
    endloop
  endfacet
  facet normal -0.222075 0.133013 -0.965914
    outer loop
      vertex -33.4847 79.3402 0.0213881
      vertex -33.9047 79.8656 0.190302
      vertex -33.3588 79.5504 0.0213881
    endloop
  endfacet
  facet normal -0.222001 0.133074 -0.965923
    outer loop
      vertex -33.9047 79.8656 0.190302
      vertex -33.4847 79.3402 0.0213881
      vertex -34.0307 79.6554 0.190302
    endloop
  endfacet
  facet normal -0.464904 0.192568 -0.864165
    outer loop
      vertex -34.231 79.2032 0.190302
      vertex -34.6249 79.7166 0.516617
      vertex -34.1354 79.434 0.190302
    endloop
  endfacet
  facet normal -0.428883 0.257085 -0.866006
    outer loop
      vertex -34.0307 79.6554 0.190302
      vertex -34.3942 80.1482 0.516617
      vertex -33.9047 79.8656 0.190302
    endloop
  endfacet
  facet normal -0.428883 0.257085 -0.866006
    outer loop
      vertex -34.3942 80.1482 0.516617
      vertex -34.0307 79.6554 0.190302
      vertex -34.5202 79.938 0.516617
    endloop
  endfacet
  facet normal -0.306267 -0.399277 -0.864163
    outer loop
      vertex -33.0624 2.24128 0.190302
      vertex -33.345 1.7518 0.516617
      vertex -33.2606 2.39331 0.190302
    endloop
  endfacet
  facet normal 0.0340576 -0.258671 -0.965365
    outer loop
      vertex 31.4924 1.59094 0.190302
      vertex 31.2448 1.55834 0.190302
      vertex 31.2448 2.18873 0.0213881
    endloop
  endfacet
  facet normal 0.258796 -0.0126737 -0.965849
    outer loop
      vertex 34.4417 4.75519 0.190302
      vertex 33.8263 5.06149 0.0213881
      vertex 34.4567 5.06149 0.190302
    endloop
  endfacet
  facet normal 0.258796 -0.0126737 -0.965849
    outer loop
      vertex 33.8263 5.06149 0.0213881
      vertex 34.4417 4.75519 0.190302
      vertex 33.8113 4.75519 0.0213881
    endloop
  endfacet
  facet normal 0.258667 0.0340571 -0.965366
    outer loop
      vertex 34.4417 79.1038 0.190302
      vertex 33.8113 79.1038 0.0213881
      vertex 34.4091 79.3514 0.190302
    endloop
  endfacet
  facet normal -0.158894 0.20696 -0.96536
    outer loop
      vertex -32.8148 80.1609 0.0213881
      vertex -33.0624 80.7587 0.190302
      vertex -32.7472 80.2128 0.0213881
    endloop
  endfacet
  facet normal -0.588397 0.766753 -0.25667
    outer loop
      vertex -34.2173 81.5634 1.54329
      vertex -34.3367 81.6828 2.17369
      vertex -33.8234 82.0767 2.17369
    endloop
  endfacet
  facet normal 0.1689 -0.471939 -0.865301
    outer loop
      vertex 31.9724 1.68641 0.190302
      vertex 32.3495 1.22307 0.516617
      vertex 32.1187 1.14047 0.516617
    endloop
  endfacet
  facet normal 0.1689 -0.471939 -0.865301
    outer loop
      vertex 32.3495 1.22307 0.516617
      vertex 31.9724 1.68641 0.190302
      vertex 32.2032 1.76901 0.190302
    endloop
  endfacet
  facet normal -0.302821 0.64035 -0.705869
    outer loop
      vertex -32.938 81.5202 0.516617
      vertex -32.9473 82.0245 0.978097
      vertex -32.7166 81.6249 0.516617
    endloop
  endfacet
  facet normal -0.302698 0.640377 -0.705897
    outer loop
      vertex -32.9473 82.0245 0.978097
      vertex -32.938 81.5202 0.516617
      vertex -33.1688 81.9198 0.978097
    endloop
  endfacet
  facet normal -0.258667 -0.0340544 -0.965366
    outer loop
      vertex -34.4091 4.50757 0.190302
      vertex -34.4417 4.75519 0.190302
      vertex -33.8113 4.75519 0.0213881
    endloop
  endfacet
  facet normal -0.244457 -0.0874687 -0.965707
    outer loop
      vertex -34.231 3.79677 0.190302
      vertex -33.7047 4.19078 0.0213881
      vertex -33.6221 3.95993 0.0213881
    endloop
  endfacet
  facet normal -0.244457 -0.0874687 -0.965707
    outer loop
      vertex -33.7047 4.19078 0.0213881
      vertex -34.231 3.79677 0.190302
      vertex -34.3136 4.02762 0.190302
    endloop
  endfacet
  facet normal -0.964853 0.0472504 -0.258508
    outer loop
      vertex -35.8097 77.9385 1.54329
      vertex -35.9636 78.2448 2.17369
      vertex -35.7947 78.2448 1.54329
    endloop
  endfacet
  facet normal -0.964853 0.0472504 -0.258508
    outer loop
      vertex -35.9636 78.2448 2.17369
      vertex -35.8097 77.9385 1.54329
      vertex -35.9786 77.9385 2.17369
    endloop
  endfacet
  facet normal -0.873436 -0.412954 -0.258029
    outer loop
      vertex -35.2024 2.66809 1.54329
      vertex -35.4534 2.80508 2.17369
      vertex -35.3071 2.88954 1.54329
    endloop
  endfacet
  facet normal -0.873436 -0.412954 -0.258029
    outer loop
      vertex -35.4534 2.80508 2.17369
      vertex -35.2024 2.66809 1.54329
      vertex -35.3487 2.58363 2.17369
    endloop
  endfacet
  facet normal -0.801771 -0.332207 -0.496792
    outer loop
      vertex -35.0245 3.0527 0.978097
      vertex -35.3071 2.88954 1.54329
      vertex -35.2227 3.53105 0.978097
    endloop
  endfacet
  facet normal -0.816051 0.292053 -0.498764
    outer loop
      vertex -35.2227 79.4689 0.978097
      vertex -35.6205 79.3226 1.54329
      vertex -35.5379 79.5534 1.54329
    endloop
  endfacet
  facet normal -0.816051 0.292053 -0.498764
    outer loop
      vertex -35.6205 79.3226 1.54329
      vertex -35.2227 79.4689 0.978097
      vertex -35.3053 79.2381 0.978097
    endloop
  endfacet
  facet normal -0.464956 0.192518 -0.864149
    outer loop
      vertex -34.231 79.2032 0.190302
      vertex -34.7769 79.3495 0.516617
      vertex -34.6249 79.7166 0.516617
    endloop
  endfacet
  facet normal -0.64035 0.302821 -0.705869
    outer loop
      vertex -35.0245 79.9473 0.978097
      vertex -34.5202 79.938 0.516617
      vertex -34.6249 79.7166 0.516617
    endloop
  endfacet
  facet normal -0.640377 0.302698 -0.705897
    outer loop
      vertex -34.5202 79.938 0.516617
      vertex -35.0245 79.9473 0.978097
      vertex -34.9198 80.1688 0.978097
    endloop
  endfacet
  facet normal -0.68595 0.172065 -0.707013
    outer loop
      vertex -35.3648 79.0005 0.978097
      vertex -34.8595 79.1187 0.516617
      vertex -34.9191 78.8811 0.516617
    endloop
  endfacet
  facet normal -0.685948 0.171776 -0.707085
    outer loop
      vertex -34.8595 79.1187 0.516617
      vertex -35.3648 79.0005 0.978097
      vertex -35.3053 79.2381 0.978097
    endloop
  endfacet
  facet normal -0.865247 -0.042655 -0.499528
    outer loop
      vertex -35.4683 4.75519 0.978097
      vertex -35.8097 5.06149 1.54329
      vertex -35.4834 5.06149 0.978097
    endloop
  endfacet
  facet normal -0.865191 -0.0423698 -0.499649
    outer loop
      vertex -35.8097 5.06149 1.54329
      vertex -35.4683 4.75519 0.978097
      vertex -35.7947 4.75519 1.54329
    endloop
  endfacet
  facet normal -0.860395 0.113271 -0.49688
    outer loop
      vertex -35.4683 78.2448 0.978097
      vertex -35.7947 78.2448 1.54329
      vertex -35.716 78.8426 1.54329
    endloop
  endfacet
  facet normal -0.499846 0.0244783 -0.865768
    outer loop
      vertex -34.4567 77.9385 0.190302
      vertex -35.0069 78.2448 0.516617
      vertex -34.4417 78.2448 0.190302
    endloop
  endfacet
  facet normal -0.499846 0.0244783 -0.865768
    outer loop
      vertex -35.0069 78.2448 0.516617
      vertex -34.4567 77.9385 0.190302
      vertex -35.0219 77.9385 0.516617
    endloop
  endfacet
  facet normal -0.498916 -0.065684 -0.864157
    outer loop
      vertex -34.4091 4.50757 0.190302
      vertex -35.0069 4.75519 0.516617
      vertex -34.4417 4.75519 0.190302
    endloop
  endfacet
  facet normal -0.707091 0 -0.707122
    outer loop
      vertex -35.0219 5.06149 0.516617
      vertex -35.4834 77.9385 0.978097
      vertex -35.0219 77.9385 0.516617
    endloop
  endfacet
  facet normal -0.707091 -0 -0.707122
    outer loop
      vertex -35.4834 77.9385 0.978097
      vertex -35.0219 5.06149 0.516617
      vertex -35.4834 5.06149 0.978097
    endloop
  endfacet
  facet normal -0.86047 -0.113145 -0.49678
    outer loop
      vertex -35.4008 4.24185 0.978097
      vertex -35.716 4.15739 1.54329
      vertex -35.4683 4.75519 0.978097
    endloop
  endfacet
  facet normal -0.126149 -0.95821 -0.256749
    outer loop
      vertex -31.2448 0.0364332 2.17369
      vertex -31.8426 0.284048 1.54329
      vertex -31.2448 0.205347 1.54329
    endloop
  endfacet
  facet normal -0.234738 -0.936981 -0.258777
    outer loop
      vertex -32.3226 0.379522 1.54329
      vertex -32.1287 0.15684 2.17369
      vertex -32.3663 0.216365 2.17369
    endloop
  endfacet
  facet normal -0.234639 -0.936995 -0.258813
    outer loop
      vertex -32.1287 0.15684 2.17369
      vertex -32.3226 0.379522 1.54329
      vertex -32.0849 0.319998 1.54329
    endloop
  endfacet
  facet normal -0.923889 -0.382661 0
    outer loop
      vertex -35.4534 2.80508 2.17369
      vertex -35.701 3.40288 7
      vertex -35.701 3.40288 2.17369
    endloop
  endfacet
  facet normal -0.923889 -0.382661 0
    outer loop
      vertex -35.701 3.40288 7
      vertex -35.4534 2.80508 2.17369
      vertex -35.4534 2.80508 7
    endloop
  endfacet
  facet normal -0.428865 -0.257123 -0.866004
    outer loop
      vertex -34.3942 2.85183 0.516617
      vertex -34.0307 3.34458 0.190302
      vertex -33.9047 3.13442 0.190302
    endloop
  endfacet
  facet normal -0.428865 -0.257123 -0.866004
    outer loop
      vertex -34.0307 3.34458 0.190302
      vertex -34.3942 2.85183 0.516617
      vertex -34.5202 3.06199 0.516617
    endloop
  endfacet
  facet normal -0.292041 -0.816058 -0.49876
    outer loop
      vertex -32.4689 0.777314 0.978097
      vertex -32.3226 0.379522 1.54329
      vertex -32.5534 0.462118 1.54329
    endloop
  endfacet
  facet normal -0.292041 -0.816058 -0.49876
    outer loop
      vertex -32.3226 0.379522 1.54329
      vertex -32.4689 0.777314 0.978097
      vertex -32.2381 0.694718 0.978097
    endloop
  endfacet
  facet normal -0.113279 -0.860451 -0.496782
    outer loop
      vertex -31.2448 0.205347 1.54329
      vertex -31.8426 0.284048 1.54329
      vertex -31.2448 0.531662 0.978097
    endloop
  endfacet
  facet normal -0.104077 -0.701757 -0.704774
    outer loop
      vertex -31.7581 0.599244 0.978097
      vertex -31.8811 1.08095 0.516617
      vertex -31.6387 1.045 0.516617
    endloop
  endfacet
  facet normal -0.104077 -0.701757 -0.704774
    outer loop
      vertex -31.8811 1.08095 0.516617
      vertex -31.7581 0.599244 0.978097
      vertex -32.0005 0.635194 0.978097
    endloop
  endfacet
  facet normal 0.575759 -0.776118 -0.257181
    outer loop
      vertex 33.7389 1.06955 1.54329
      vertex 33.6265 0.777272 2.17369
      vertex 33.5421 0.923555 1.54329
    endloop
  endfacet
  facet normal 0.575559 -0.776237 -0.257272
    outer loop
      vertex 33.6265 0.777272 2.17369
      vertex 33.7389 1.06955 1.54329
      vertex 33.8234 0.923268 2.17369
    endloop
  endfacet
  facet normal -0.528387 0.688479 -0.496793
    outer loop
      vertex -33.9865 81.3327 0.978097
      vertex -34.2173 81.5634 1.54329
      vertex -33.5758 81.6479 0.978097
    endloop
  endfacet
  facet normal 0.210464 -0.840101 -0.499935
    outer loop
      vertex 32.2381 0.694718 0.978097
      vertex 32.0849 0.319998 1.54329
      vertex 32.0005 0.635194 0.978097
    endloop
  endfacet
  facet normal 0.210377 -0.840107 -0.499962
    outer loop
      vertex 32.0849 0.319998 1.54329
      vertex 32.2381 0.694718 0.978097
      vertex 32.3226 0.379522 1.54329
    endloop
  endfacet
  facet normal 0.325535 -0.909651 -0.257998
    outer loop
      vertex 32.5534 0.462118 1.54329
      vertex 32.3663 0.216365 2.17369
      vertex 32.3226 0.379522 1.54329
    endloop
  endfacet
  facet normal 0.325535 -0.909651 -0.257998
    outer loop
      vertex 32.3663 0.216365 2.17369
      vertex 32.5534 0.462118 1.54329
      vertex 32.5971 0.298961 2.17369
    endloop
  endfacet
  facet normal 0.257584 0.038255 -0.965498
    outer loop
      vertex 33.7642 79.4306 0.0213881
      vertex 34.4091 79.3514 0.190302
      vertex 33.8002 79.1882 0.0213881
    endloop
  endfacet
  facet normal 0.257586 0.0382711 -0.965497
    outer loop
      vertex 34.4091 79.3514 0.190302
      vertex 33.7642 79.4306 0.0213881
      vertex 34.3731 79.5937 0.190302
    endloop
  endfacet
  facet normal -0.258696 0.0339826 -0.965361
    outer loop
      vertex -33.8113 78.2448 0.0213881
      vertex -34.4091 78.4924 0.190302
      vertex -33.8002 78.3293 0.0213881
    endloop
  endfacet
  facet normal 1 0 0
    outer loop
      vertex 35.9786 78.7975 7
      vertex 35.9786 9.1 3.5
      vertex 35.9786 78.7975 2.17369
    endloop
  endfacet
  facet normal 1 0 0
    outer loop
      vertex 35.9786 78.7975 7
      vertex 35.9786 9.08507 3.80385
      vertex 35.9786 9.1 3.5
    endloop
  endfacet
  facet normal 1 0 0
    outer loop
      vertex 35.9786 78.7975 7
      vertex 35.9786 9.04043 4.10478
      vertex 35.9786 9.08507 3.80385
    endloop
  endfacet
  facet normal 1 0 0
    outer loop
      vertex 35.9786 78.7975 7
      vertex 35.9786 8.96651 4.39988
      vertex 35.9786 9.04043 4.10478
    endloop
  endfacet
  facet normal 1 0 0
    outer loop
      vertex 35.9786 78.7975 7
      vertex 35.9786 8.86403 4.68632
      vertex 35.9786 8.96651 4.39988
    endloop
  endfacet
  facet normal 1 0 0
    outer loop
      vertex 35.9786 78.7975 7
      vertex 35.9786 8.73396 4.96133
      vertex 35.9786 8.86403 4.68632
    endloop
  endfacet
  facet normal 1 0 0
    outer loop
      vertex 35.9786 78.7975 7
      vertex 35.9786 8.57756 5.22227
      vertex 35.9786 8.73396 4.96133
    endloop
  endfacet
  facet normal 1 0 0
    outer loop
      vertex 35.9786 78.7975 7
      vertex 35.9786 8.39633 5.46662
      vertex 35.9786 8.57756 5.22227
    endloop
  endfacet
  facet normal 1 0 0
    outer loop
      vertex 35.9786 78.7975 7
      vertex 35.9786 8.19203 5.69203
      vertex 35.9786 8.39633 5.46662
    endloop
  endfacet
  facet normal 1 0 0
    outer loop
      vertex 35.9786 78.7975 7
      vertex 35.9786 7.96662 5.89633
      vertex 35.9786 8.19203 5.69203
    endloop
  endfacet
  facet normal 1 0 0
    outer loop
      vertex 35.9786 78.7975 7
      vertex 35.9786 7.72227 6.07756
      vertex 35.9786 7.96662 5.89633
    endloop
  endfacet
  facet normal 1 0 0
    outer loop
      vertex 35.9786 78.7975 7
      vertex 35.9786 7.46133 6.23396
      vertex 35.9786 7.72227 6.07756
    endloop
  endfacet
  facet normal 1 0 0
    outer loop
      vertex 35.9786 78.7975 7
      vertex 35.9786 7.18632 6.36403
      vertex 35.9786 7.46133 6.23396
    endloop
  endfacet
  facet normal 1 0 0
    outer loop
      vertex 35.9786 78.7975 7
      vertex 35.9786 6.89988 6.46651
      vertex 35.9786 7.18632 6.36403
    endloop
  endfacet
  facet normal 1 -0 0
    outer loop
      vertex 35.9786 5.06149 7
      vertex 35.9786 6.89988 6.46651
      vertex 35.9786 78.7975 7
    endloop
  endfacet
  facet normal 1 0 0
    outer loop
      vertex 35.9786 6.89988 6.46651
      vertex 35.9786 5.06149 7
      vertex 35.9786 6.60478 6.54043
    endloop
  endfacet
  facet normal 1 0 0
    outer loop
      vertex 35.9786 6.60478 6.54043
      vertex 35.9786 5.06149 7
      vertex 35.9786 6.30385 6.58507
    endloop
  endfacet
  facet normal 1 0 0
    outer loop
      vertex 35.9786 6.30385 6.58507
      vertex 35.9786 5.06149 7
      vertex 35.9786 6 6.6
    endloop
  endfacet
  facet normal 1 0 0
    outer loop
      vertex 35.9786 5.06149 7
      vertex 35.9786 5.69615 6.58507
      vertex 35.9786 6 6.6
    endloop
  endfacet
  facet normal 1 0 0
    outer loop
      vertex 35.9786 5.06149 7
      vertex 35.9786 5.39522 6.54043
      vertex 35.9786 5.69615 6.58507
    endloop
  endfacet
  facet normal 1 0 0
    outer loop
      vertex 35.9786 5.06149 7
      vertex 35.9786 5.10012 6.46651
      vertex 35.9786 5.39522 6.54043
    endloop
  endfacet
  facet normal 1 0 0
    outer loop
      vertex 35.9786 5.10012 6.46651
      vertex 35.9786 5.06149 7
      vertex 35.9786 5.06149 6.45269
    endloop
  endfacet
  facet normal 1 -0 0
    outer loop
      vertex 35.9786 9.08507 3.19615
      vertex 35.9786 78.7975 2.17369
      vertex 35.9786 9.1 3.5
    endloop
  endfacet
  facet normal 1 -0 0
    outer loop
      vertex 35.9786 9.04043 2.89522
      vertex 35.9786 78.7975 2.17369
      vertex 35.9786 9.08507 3.19615
    endloop
  endfacet
  facet normal 1 -0 0
    outer loop
      vertex 35.9786 8.96651 2.60012
      vertex 35.9786 78.7975 2.17369
      vertex 35.9786 9.04043 2.89522
    endloop
  endfacet
  facet normal 1 -0 0
    outer loop
      vertex 35.9786 8.86403 2.31368
      vertex 35.9786 78.7975 2.17369
      vertex 35.9786 8.96651 2.60012
    endloop
  endfacet
  facet normal 1 0 0
    outer loop
      vertex 35.9786 78.7975 2.17369
      vertex 35.9786 8.86403 2.31368
      vertex 35.9786 8.79781 2.17369
    endloop
  endfacet
  facet normal 0.936945 0.234926 -0.258733
    outer loop
      vertex 35.8432 79.9876 2.17369
      vertex 35.6205 80.1815 1.54329
      vertex 35.7836 80.2253 2.17369
    endloop
  endfacet
  facet normal 0.936988 0.234641 -0.258836
    outer loop
      vertex 35.6205 80.1815 1.54329
      vertex 35.8432 79.9876 2.17369
      vertex 35.68 79.9439 1.54329
    endloop
  endfacet
  facet normal 0.801808 0.332095 -0.496807
    outer loop
      vertex 35.529 80.4372 1.54329
      vertex 35.2138 80.3527 0.978097
      vertex 35.2983 80.9942 1.54329
    endloop
  endfacet
  facet normal 0.892907 0.369829 -0.256794
    outer loop
      vertex 35.6922 80.4809 2.17369
      vertex 35.2983 80.9942 1.54329
      vertex 35.4446 81.0787 2.17369
    endloop
  endfacet
  facet normal 0.870443 0.419127 -0.258189
    outer loop
      vertex 35.3837 81.2147 2.17369
      vertex 34.9848 81.6548 1.54329
      vertex 35.1311 81.7393 2.17369
    endloop
  endfacet
  facet normal 0.870443 0.419127 -0.258189
    outer loop
      vertex 34.9848 81.6548 1.54329
      vertex 35.3837 81.2147 2.17369
      vertex 35.2374 81.1302 1.54329
    endloop
  endfacet
  facet normal -0.087483 -0.244444 -0.965709
    outer loop
      vertex -32.2032 1.76901 0.190302
      vertex -31.8092 2.29532 0.0213881
      vertex -31.9724 1.68641 0.190302
    endloop
  endfacet
  facet normal -0.0874529 -0.244466 -0.965706
    outer loop
      vertex -31.8092 2.29532 0.0213881
      vertex -32.2032 1.76901 0.190302
      vertex -32.0401 2.37792 0.0213881
    endloop
  endfacet
  facet normal 0.991436 0.130594 0
    outer loop
      vertex 35.9636 79.1038 7
      vertex 35.8791 79.7453 2.17369
      vertex 35.8791 79.7453 7
    endloop
  endfacet
  facet normal 0.991436 0.130594 0
    outer loop
      vertex 35.8791 79.7453 2.17369
      vertex 35.9636 79.1038 7
      vertex 35.9636 79.1038 2.17369
    endloop
  endfacet
  facet normal 0.998803 0.048913 0
    outer loop
      vertex 35.9786 78.7975 7
      vertex 35.9636 79.1038 2.17369
      vertex 35.9636 79.1038 7
    endloop
  endfacet
  facet normal 0.998803 0.048913 0
    outer loop
      vertex 35.9636 79.1038 2.17369
      vertex 35.9786 78.7975 7
      vertex 35.9786 78.7975 2.17369
    endloop
  endfacet
  facet normal -0.0656836 -0.498916 -0.864158
    outer loop
      vertex -31.2448 0.993142 0.516617
      vertex -31.6387 1.045 0.516617
      vertex -31.4924 1.59094 0.190302
    endloop
  endfacet
  facet normal -0.0737134 -0.497027 -0.864598
    outer loop
      vertex -31.6387 1.045 0.516617
      vertex -31.7348 1.62689 0.190302
      vertex -31.4924 1.59094 0.190302
    endloop
  endfacet
  facet normal -0.0737134 -0.497027 -0.864598
    outer loop
      vertex -31.7348 1.62689 0.190302
      vertex -31.6387 1.045 0.516617
      vertex -31.8811 1.08095 0.516617
    endloop
  endfacet
  facet normal -0.210377 -0.840107 -0.499962
    outer loop
      vertex -32.2381 0.694718 0.978097
      vertex -32.0849 0.319998 1.54329
      vertex -32.3226 0.379522 1.54329
    endloop
  endfacet
  facet normal -0.210464 -0.840101 -0.499935
    outer loop
      vertex -32.0849 0.319998 1.54329
      vertex -32.2381 0.694718 0.978097
      vertex -32.0005 0.635194 0.978097
    endloop
  endfacet
  facet normal -0.141763 -0.95589 -0.25725
    outer loop
      vertex -32.0849 0.319998 1.54329
      vertex -31.8863 0.120891 2.17369
      vertex -32.1287 0.15684 2.17369
    endloop
  endfacet
  facet normal -0.141825 -0.955886 -0.257229
    outer loop
      vertex -31.8863 0.120891 2.17369
      vertex -32.0849 0.319998 1.54329
      vertex -31.8426 0.284048 1.54329
    endloop
  endfacet
  facet normal -0.453152 -0.214247 -0.865304
    outer loop
      vertex -34.6249 3.28344 0.516617
      vertex -34.0307 3.34458 0.190302
      vertex -34.5202 3.06199 0.516617
    endloop
  endfacet
  facet normal -0.453152 -0.214247 -0.865304
    outer loop
      vertex -34.0307 3.34458 0.190302
      vertex -34.6249 3.28344 0.516617
      vertex -34.1354 3.56603 0.190302
    endloop
  endfacet
  facet normal 0.0926922 -0.704066 -0.704059
    outer loop
      vertex 31.7581 0.599244 0.978097
      vertex 31.2448 0.993142 0.516617
      vertex 31.6387 1.045 0.516617
    endloop
  endfacet
  facet normal -0.464884 -0.19261 -0.864167
    outer loop
      vertex -34.1354 3.56603 0.190302
      vertex -34.6249 3.28344 0.516617
      vertex -34.231 3.79677 0.190302
    endloop
  endfacet
  facet normal -0.207002 -0.158791 -0.965368
    outer loop
      vertex -33.6067 2.73944 0.190302
      vertex -33.7587 2.93759 0.190302
      vertex -33.1609 3.1852 0.0213881
    endloop
  endfacet
  facet normal 0.299366 -0.403557 -0.864593
    outer loop
      vertex 32.8656 2.09528 0.190302
      vertex 33.345 1.7518 0.516617
      vertex 33.1482 1.60581 0.516617
    endloop
  endfacet
  facet normal 0.299377 -0.403544 -0.864596
    outer loop
      vertex 33.345 1.7518 0.516617
      vertex 32.8656 2.09528 0.190302
      vertex 33.0624 2.24128 0.190302
    endloop
  endfacet
  facet normal 0.399262 -0.306272 -0.864169
    outer loop
      vertex 34.2482 2.65499 0.516617
      vertex 33.6067 2.73944 0.190302
      vertex 33.7587 2.93759 0.190302
    endloop
  endfacet
  facet normal 0.238658 -0.666887 -0.705907
    outer loop
      vertex 32.1187 1.14047 0.516617
      vertex 32.4689 0.777314 0.978097
      vertex 32.2381 0.694718 0.978097
    endloop
  endfacet
  facet normal 0.238667 -0.666881 -0.705909
    outer loop
      vertex 32.4689 0.777314 0.978097
      vertex 32.1187 1.14047 0.516617
      vertex 32.3495 1.22307 0.516617
    endloop
  endfacet
  facet normal 0.33602 -0.370837 -0.865777
    outer loop
      vertex 33.6602 1.99366 0.516617
      vertex 33.4421 2.55787 0.190302
      vertex 33.8418 2.15821 0.516617
    endloop
  endfacet
  facet normal 0.336163 -0.370768 -0.865752
    outer loop
      vertex 33.4421 2.55787 0.190302
      vertex 33.6602 1.99366 0.516617
      vertex 33.2606 2.39331 0.190302
    endloop
  endfacet
  facet normal 0.0424994 -0.865242 -0.499549
    outer loop
      vertex 30.9385 0.516617 0.978097
      vertex 31.2448 0.205347 1.54329
      vertex 30.9385 0.190302 1.54329
    endloop
  endfacet
  facet normal 0.0424994 -0.865242 -0.499549
    outer loop
      vertex 31.2448 0.205347 1.54329
      vertex 30.9385 0.516617 0.978097
      vertex 31.2448 0.531662 0.978097
    endloop
  endfacet
  facet normal 0.0998456 -0.241038 -0.965366
    outer loop
      vertex 32.434 1.86458 0.190302
      vertex 32.0401 2.37792 0.0213881
      vertex 32.1188 2.41052 0.0213881
    endloop
  endfacet
  facet normal 0.706552 -0.0347838 -0.706805
    outer loop
      vertex 35.1291 4.81368 0.635974
      vertex 35.0219 5.06149 0.516617
      vertex 35.0526 5.06149 0.547306
    endloop
  endfacet
  facet normal 0.706737 -0.0345679 -0.706631
    outer loop
      vertex 35.0069 4.75519 0.516617
      vertex 35.1291 4.81368 0.635974
      vertex 35.1539 4.75519 0.663639
    endloop
  endfacet
  facet normal 0.706746 -0.0346105 -0.70662
    outer loop
      vertex 35.1291 4.81368 0.635974
      vertex 35.0069 4.75519 0.516617
      vertex 35.0219 5.06149 0.516617
    endloop
  endfacet
  facet normal -0.191982 -0.174039 -0.965843
    outer loop
      vertex -33.6067 2.73944 0.190302
      vertex -32.9964 3.00362 0.0213881
      vertex -33.4421 2.55787 0.190302
    endloop
  endfacet
  facet normal -0.192019 -0.173958 -0.965851
    outer loop
      vertex -32.9964 3.00362 0.0213881
      vertex -33.6067 2.73944 0.190302
      vertex -33.1609 3.1852 0.0213881
    endloop
  endfacet
  facet normal -0.336222 0.370743 -0.865739
    outer loop
      vertex -33.4421 80.4421 0.190302
      vertex -33.6602 81.0063 0.516617
      vertex -33.2606 80.6067 0.190302
    endloop
  endfacet
  facet normal -0.335953 0.370876 -0.865787
    outer loop
      vertex -33.6602 81.0063 0.516617
      vertex -33.4421 80.4421 0.190302
      vertex -33.8418 80.8418 0.516617
    endloop
  endfacet
  facet normal -0.399294 0.30622 -0.864172
    outer loop
      vertex -33.7587 80.0624 0.190302
      vertex -34.2482 80.345 0.516617
      vertex -33.6067 80.2606 0.190302
    endloop
  endfacet
  facet normal -0.569717 0.422656 -0.70483
    outer loop
      vertex -34.3942 80.1482 0.516617
      vertex -34.6479 80.5758 0.978097
      vertex -34.2482 80.345 0.516617
    endloop
  endfacet
  facet normal -0.570026 0.422381 -0.704745
    outer loop
      vertex -34.6479 80.5758 0.978097
      vertex -34.3942 80.1482 0.516617
      vertex -34.7938 80.3789 0.978097
    endloop
  endfacet
  facet normal 0.816062 0.292021 -0.498765
    outer loop
      vertex 35.6205 80.1815 1.54329
      vertex 35.2138 80.3527 0.978097
      vertex 35.529 80.4372 1.54329
    endloop
  endfacet
  facet normal 0.816049 0.29213 -0.498722
    outer loop
      vertex 35.2138 80.3527 0.978097
      vertex 35.6205 80.1815 1.54329
      vertex 35.3053 80.0971 0.978097
    endloop
  endfacet
  facet normal -0.173941 0.192022 -0.965853
    outer loop
      vertex -32.9964 79.9964 0.0213881
      vertex -33.2606 80.6067 0.190302
      vertex -32.8148 80.1609 0.0213881
    endloop
  endfacet
  facet normal -0.174083 0.191957 -0.96584
    outer loop
      vertex -33.2606 80.6067 0.190302
      vertex -32.9964 79.9964 0.0213881
      vertex -33.4421 80.4421 0.190302
    endloop
  endfacet
  facet normal 0.155158 -0.209144 -0.965497
    outer loop
      vertex 32.5504 2.64122 0.0213881
      vertex 33.0624 2.24128 0.190302
      vertex 32.8656 2.09528 0.190302
    endloop
  endfacet
  facet normal 0.155152 -0.209151 -0.965497
    outer loop
      vertex 33.0624 2.24128 0.190302
      vertex 32.5504 2.64122 0.0213881
      vertex 32.7472 2.78721 0.0213881
    endloop
  endfacet
  facet normal -0.0925945 0.70413 -0.704008
    outer loop
      vertex -31.2448 82.0069 0.516617
      vertex -31.7581 82.4008 0.978097
      vertex -31.2448 82.4683 0.978097
    endloop
  endfacet
  facet normal -0.048913 0.998803 0
    outer loop
      vertex -30.9385 82.9786 2.17369
      vertex -31.2448 82.9636 7
      vertex -30.9385 82.9786 7
    endloop
  endfacet
  facet normal -0.048913 0.998803 0
    outer loop
      vertex -31.2448 82.9636 7
      vertex -30.9385 82.9786 2.17369
      vertex -31.2448 82.9636 2.17369
    endloop
  endfacet
  facet normal -0.126148 0.958215 -0.25673
    outer loop
      vertex -31.2448 82.7947 1.54329
      vertex -31.8426 82.716 1.54329
      vertex -31.2448 82.9636 2.17369
    endloop
  endfacet
  facet normal -0.192518 0.464956 -0.864149
    outer loop
      vertex -32.2032 81.231 0.190302
      vertex -32.7166 81.6249 0.516617
      vertex -32.3495 81.7769 0.516617
    endloop
  endfacet
  facet normal -0.70413 -0.0925874 -0.704008
    outer loop
      vertex -35.4008 4.24185 0.978097
      vertex -35.4683 4.75519 0.978097
      vertex -35.0069 4.75519 0.516617
    endloop
  endfacet
  facet normal -0.258796 -0.0126737 -0.965849
    outer loop
      vertex -34.4417 4.75519 0.190302
      vertex -33.8263 5.06149 0.0213881
      vertex -33.8113 4.75519 0.0213881
    endloop
  endfacet
  facet normal -0.258796 -0.0126737 -0.965849
    outer loop
      vertex -33.8263 5.06149 0.0213881
      vertex -34.4417 4.75519 0.190302
      vertex -34.4567 5.06149 0.190302
    endloop
  endfacet
  facet normal -0.860395 -0.113271 -0.49688
    outer loop
      vertex -35.716 4.15739 1.54329
      vertex -35.7947 4.75519 1.54329
      vertex -35.4683 4.75519 0.978097
    endloop
  endfacet
  facet normal -0.958215 -0.126148 -0.25673
    outer loop
      vertex -35.716 4.15739 1.54329
      vertex -35.9636 4.75519 2.17369
      vertex -35.7947 4.75519 1.54329
    endloop
  endfacet
  facet normal -0.656094 0.27166 -0.704089
    outer loop
      vertex -34.7769 79.3495 0.516617
      vertex -35.2227 79.4689 0.978097
      vertex -34.6249 79.7166 0.516617
    endloop
  endfacet
  facet normal -0.80178 0.332168 -0.496803
    outer loop
      vertex -35.2227 79.4689 0.978097
      vertex -35.5379 79.5534 1.54329
      vertex -35.3071 80.1105 1.54329
    endloop
  endfacet
  facet normal -0.923889 0.382661 0
    outer loop
      vertex -35.701 79.5971 2.17369
      vertex -35.4534 80.1949 7
      vertex -35.4534 80.1949 2.17369
    endloop
  endfacet
  facet normal -0.923889 0.382661 0
    outer loop
      vertex -35.4534 80.1949 7
      vertex -35.701 79.5971 2.17369
      vertex -35.701 79.5971 7
    endloop
  endfacet
  facet normal -0.955904 0.141572 -0.257304
    outer loop
      vertex -35.68 79.0849 1.54329
      vertex -35.8791 78.8863 2.17369
      vertex -35.8432 79.1287 2.17369
    endloop
  endfacet
  facet normal -0.955878 0.142021 -0.257154
    outer loop
      vertex -35.8791 78.8863 2.17369
      vertex -35.68 79.0849 1.54329
      vertex -35.716 78.8426 1.54329
    endloop
  endfacet
  facet normal -0.860465 0.113153 -0.496786
    outer loop
      vertex -35.4683 78.2448 0.978097
      vertex -35.716 78.8426 1.54329
      vertex -35.4008 78.7581 0.978097
    endloop
  endfacet
  facet normal -0.991436 0.130594 0
    outer loop
      vertex -35.9636 78.2448 2.17369
      vertex -35.8791 78.8863 7
      vertex -35.8791 78.8863 2.17369
    endloop
  endfacet
  facet normal -0.991436 0.130594 0
    outer loop
      vertex -35.8791 78.8863 7
      vertex -35.9636 78.2448 2.17369
      vertex -35.9636 78.2448 7
    endloop
  endfacet
  facet normal -0.958223 0.12622 -0.256666
    outer loop
      vertex -35.716 78.8426 1.54329
      vertex -35.9636 78.2448 2.17369
      vertex -35.8791 78.8863 2.17369
    endloop
  endfacet
  facet normal -0.499996 0 -0.866028
    outer loop
      vertex -35.0219 5.06149 0.516617
      vertex -34.4567 77.9385 0.190302
      vertex -34.4567 5.06149 0.190302
    endloop
  endfacet
  facet normal -0.499996 0 -0.866028
    outer loop
      vertex -34.4567 77.9385 0.190302
      vertex -35.0219 5.06149 0.516617
      vertex -35.0219 77.9385 0.516617
    endloop
  endfacet
  facet normal -0.498916 0.0656893 -0.864157
    outer loop
      vertex -34.4417 78.2448 0.190302
      vertex -35.0069 78.2448 0.516617
      vertex -34.4091 78.4924 0.190302
    endloop
  endfacet
  facet normal -0.706668 -0.0346067 -0.706699
    outer loop
      vertex -35.0069 4.75519 0.516617
      vertex -35.4834 5.06149 0.978097
      vertex -35.0219 5.06149 0.516617
    endloop
  endfacet
  facet normal -0.706739 -0.0348409 -0.706616
    outer loop
      vertex -35.4834 5.06149 0.978097
      vertex -35.0069 4.75519 0.516617
      vertex -35.4683 4.75519 0.978097
    endloop
  endfacet
  facet normal -0.243016 -0.970022 0
    outer loop
      vertex -32.3663 0.216365 2.17369
      vertex -32.1287 0.15684 7
      vertex -32.3663 0.216365 7
    endloop
  endfacet
  facet normal -0.243016 -0.970022 -0
    outer loop
      vertex -32.1287 0.15684 7
      vertex -32.3663 0.216365 2.17369
      vertex -32.1287 0.15684 2.17369
    endloop
  endfacet
  facet normal -0.126155 -0.95821 -0.256744
    outer loop
      vertex -31.2448 0.0364332 2.17369
      vertex -31.8863 0.120891 2.17369
      vertex -31.8426 0.284048 1.54329
    endloop
  endfacet
  facet normal -0.1467 -0.989181 0
    outer loop
      vertex -32.1287 0.15684 2.17369
      vertex -31.8863 0.120891 7
      vertex -32.1287 0.15684 7
    endloop
  endfacet
  facet normal -0.1467 -0.989181 -0
    outer loop
      vertex -31.8863 0.120891 7
      vertex -32.1287 0.15684 2.17369
      vertex -31.8863 0.120891 2.17369
    endloop
  endfacet
  facet normal -0.741102 -0.671392 0
    outer loop
      vertex -34.5183 1.48172 2.17369
      vertex -34.6828 1.6633 7
      vertex -34.6828 1.6633 2.17369
    endloop
  endfacet
  facet normal -0.741102 -0.671392 0
    outer loop
      vertex -34.6828 1.6633 7
      vertex -34.5183 1.48172 2.17369
      vertex -34.5183 1.48172 7
    endloop
  endfacet
  facet normal -0.332094 -0.801811 -0.496803
    outer loop
      vertex -32.5534 0.462118 1.54329
      vertex -33.1105 0.692858 1.54329
      vertex -32.4689 0.777314 0.978097
    endloop
  endfacet
  facet normal -0 -0.707107 -0.707107
    outer loop
      vertex 30.9385 0.978097 0.516617
      vertex 8.67076 0.516617 0.978097
      vertex 8.5376 0.978097 0.516617
    endloop
  endfacet
  facet normal 0 -0.707107 -0.707107
    outer loop
      vertex 8.67076 0.516617 0.978097
      vertex 30.9385 0.978097 0.516617
      vertex 30.9385 0.516617 0.978097
    endloop
  endfacet
  facet normal 0 -0.707107 -0.707107
    outer loop
      vertex -30.9385 0.978097 0.516617
      vertex -8.67076 0.516617 0.978097
      vertex -30.9385 0.516617 0.978097
    endloop
  endfacet
  facet normal 0 -0.707107 -0.707107
    outer loop
      vertex -8.67076 0.516617 0.978097
      vertex -30.9385 0.978097 0.516617
      vertex -8.5376 0.978097 0.516617
    endloop
  endfacet
  facet normal 0.141825 -0.955886 -0.257229
    outer loop
      vertex 32.0849 0.319998 1.54329
      vertex 31.8863 0.120891 2.17369
      vertex 31.8426 0.284048 1.54329
    endloop
  endfacet
  facet normal 0.141763 -0.95589 -0.25725
    outer loop
      vertex 31.8863 0.120891 2.17369
      vertex 32.0849 0.319998 1.54329
      vertex 32.1287 0.15684 2.17369
    endloop
  endfacet
  facet normal 0.0490597 -0.998796 0
    outer loop
      vertex 30.9385 0.0213881 2.17369
      vertex 31.2448 0.0364332 7
      vertex 30.9385 0.0213881 7
    endloop
  endfacet
  facet normal 0.0490597 -0.998796 0
    outer loop
      vertex 31.2448 0.0364332 7
      vertex 30.9385 0.0213881 2.17369
      vertex 31.2448 0.0364332 2.17369
    endloop
  endfacet
  facet normal 0.113279 -0.860451 -0.496782
    outer loop
      vertex 31.8426 0.284048 1.54329
      vertex 31.2448 0.205347 1.54329
      vertex 31.2448 0.531662 0.978097
    endloop
  endfacet
  facet normal 0.581662 -0.641931 -0.499594
    outer loop
      vertex 34.1681 1.8319 0.978097
      vertex 34.2173 1.43661 1.54329
      vertex 33.9865 1.66735 0.978097
    endloop
  endfacet
  facet normal 0.581866 -0.641803 -0.499521
    outer loop
      vertex 34.2173 1.43661 1.54329
      vertex 34.1681 1.8319 0.978097
      vertex 34.3988 1.60116 1.54329
    endloop
  endfacet
  facet normal 0.588391 -0.766742 -0.256716
    outer loop
      vertex 34.3367 1.31717 2.17369
      vertex 33.8234 0.923268 2.17369
      vertex 34.2173 1.43661 1.54329
    endloop
  endfacet
  facet normal 0.528374 -0.688463 -0.49683
    outer loop
      vertex 34.2173 1.43661 1.54329
      vertex 33.5758 1.35215 0.978097
      vertex 33.9865 1.66735 0.978097
    endloop
  endfacet
  facet normal 0.803181 -0.595735 0
    outer loop
      vertex 35.0767 2.17663 7
      vertex 35.2227 2.37347 2.17369
      vertex 35.2227 2.37347 7
    endloop
  endfacet
  facet normal 0.803181 -0.595735 0
    outer loop
      vertex 35.2227 2.37347 2.17369
      vertex 35.0767 2.17663 7
      vertex 35.0767 2.17663 2.17369
    endloop
  endfacet
  facet normal 0.685942 -0.171767 -0.707092
    outer loop
      vertex 34.8595 3.88134 0.516617
      vertex 35.3648 3.99951 0.978097
      vertex 35.3053 3.7619 0.978097
    endloop
  endfacet
  facet normal 0.685944 -0.172056 -0.70702
    outer loop
      vertex 35.3648 3.99951 0.978097
      vertex 34.8595 3.88134 0.516617
      vertex 34.9191 4.11895 0.516617
    endloop
  endfacet
  facet normal -0.892921 0.369835 -0.256739
    outer loop
      vertex -35.3071 80.1105 1.54329
      vertex -35.701 79.5971 2.17369
      vertex -35.4534 80.1949 2.17369
    endloop
  endfacet
  facet normal -0.412994 -0.873416 -0.258033
    outer loop
      vertex -33.3319 0.797594 1.54329
      vertex -33.1949 0.546575 2.17369
      vertex -33.4164 0.651311 2.17369
    endloop
  endfacet
  facet normal -0.413153 -0.873358 -0.257975
    outer loop
      vertex -33.1949 0.546575 2.17369
      vertex -33.3319 0.797594 1.54329
      vertex -33.1105 0.692858 1.54329
    endloop
  endfacet
  facet normal 0.233826 0.112568 -0.96574
    outer loop
      vertex 33.2672 80.6632 0.0213881
      vertex 34.0657 80.4537 0.190302
      vertex 33.5198 80.1385 0.0213881
    endloop
  endfacet
  facet normal 0.233826 0.112568 -0.96574
    outer loop
      vertex 34.0657 80.4537 0.190302
      vertex 33.2672 80.6632 0.0213881
      vertex 33.8131 80.9784 0.190302
    endloop
  endfacet
  facet normal -0.258667 0.0340571 -0.965366
    outer loop
      vertex -33.8113 78.2448 0.0213881
      vertex -34.4417 78.2448 0.190302
      vertex -34.4091 78.4924 0.190302
    endloop
  endfacet
  facet normal -0.706744 0.0346104 -0.706622
    outer loop
      vertex -35.0219 77.9385 0.516617
      vertex -35.4683 78.2448 0.978097
      vertex -35.0069 78.2448 0.516617
    endloop
  endfacet
  facet normal -0.706662 0.0348371 -0.706693
    outer loop
      vertex -35.4683 78.2448 0.978097
      vertex -35.0219 77.9385 0.516617
      vertex -35.4834 77.9385 0.978097
    endloop
  endfacet
  facet normal 0 0.965932 -0.258797
    outer loop
      vertex -22.9386 82.8097 1.54329
      vertex -30.9385 82.9786 2.17369
      vertex -22.9386 82.9786 2.17369
    endloop
  endfacet
  facet normal 0 0.965932 -0.258797
    outer loop
      vertex -30.9385 82.9786 2.17369
      vertex -22.9386 82.8097 1.54329
      vertex -30.9385 82.8097 1.54329
    endloop
  endfacet
  facet normal 0.706739 0.0348409 -0.706616
    outer loop
      vertex 35.4834 78.7975 0.978097
      vertex 35.0069 79.1038 0.516617
      vertex 35.4683 79.1038 0.978097
    endloop
  endfacet
  facet normal 0.706668 0.0346067 -0.706699
    outer loop
      vertex 35.0069 79.1038 0.516617
      vertex 35.4834 78.7975 0.978097
      vertex 35.0219 78.7975 0.516617
    endloop
  endfacet
  facet normal 0.498916 0.0656893 -0.864157
    outer loop
      vertex 34.4417 79.1038 0.190302
      vertex 34.4091 79.3514 0.190302
      vertex 35.0069 79.1038 0.516617
    endloop
  endfacet
  facet normal 0.958223 0.12622 -0.256666
    outer loop
      vertex 35.9636 79.1038 2.17369
      vertex 35.716 79.7016 1.54329
      vertex 35.8791 79.7453 2.17369
    endloop
  endfacet
  facet normal 0.909715 0.325305 -0.25806
    outer loop
      vertex 35.7836 80.2253 2.17369
      vertex 35.529 80.4372 1.54329
      vertex 35.6922 80.4809 2.17369
    endloop
  endfacet
  facet normal 0.909665 0.325516 -0.25797
    outer loop
      vertex 35.529 80.4372 1.54329
      vertex 35.7836 80.2253 2.17369
      vertex 35.6205 80.1815 1.54329
    endloop
  endfacet
  facet normal 0.912673 0.40869 0
    outer loop
      vertex 35.4446 81.0787 7
      vertex 35.3837 81.2147 2.17369
      vertex 35.3837 81.2147 7
    endloop
  endfacet
  facet normal 0.912673 0.40869 0
    outer loop
      vertex 35.3837 81.2147 2.17369
      vertex 35.4446 81.0787 7
      vertex 35.4446 81.0787 2.17369
    endloop
  endfacet
  facet normal 0.900992 0.433836 0
    outer loop
      vertex 35.3837 81.2147 7
      vertex 35.1311 81.7393 2.17369
      vertex 35.1311 81.7393 7
    endloop
  endfacet
  facet normal 0.900992 0.433836 0
    outer loop
      vertex 35.1311 81.7393 2.17369
      vertex 35.3837 81.2147 7
      vertex 35.3837 81.2147 2.17369
    endloop
  endfacet
  facet normal 0 -0.500001 -0.866025
    outer loop
      vertex 8.5376 0.978097 0.516617
      vertex 30.9385 1.54329 0.190302
      vertex 30.9385 0.978097 0.516617
    endloop
  endfacet
  facet normal -0 -0.500001 -0.866025
    outer loop
      vertex 30.9385 1.54329 0.190302
      vertex 8.5376 0.978097 0.516617
      vertex 8.44344 1.54329 0.190302
    endloop
  endfacet
  facet normal 0 -0.500001 -0.866025
    outer loop
      vertex -30.9385 1.54329 0.190302
      vertex -8.5376 0.978097 0.516617
      vertex -30.9385 0.978097 0.516617
    endloop
  endfacet
  facet normal 0 -0.500001 -0.866025
    outer loop
      vertex -8.5376 0.978097 0.516617
      vertex -30.9385 1.54329 0.190302
      vertex -8.44344 1.54329 0.190302
    endloop
  endfacet
  facet normal -0.113288 -0.860445 -0.496789
    outer loop
      vertex -31.2448 0.531662 0.978097
      vertex -31.8426 0.284048 1.54329
      vertex -31.7581 0.599244 0.978097
    endloop
  endfacet
  facet normal -0.192553 -0.464919 -0.86416
    outer loop
      vertex -32.3495 1.22307 0.516617
      vertex -32.7166 1.37511 0.516617
      vertex -32.2032 1.76901 0.190302
    endloop
  endfacet
  facet normal -0.514199 -0.857671 0
    outer loop
      vertex -33.6265 0.777272 2.17369
      vertex -33.4164 0.651311 7
      vertex -33.6265 0.777272 7
    endloop
  endfacet
  facet normal -0.514199 -0.857671 -0
    outer loop
      vertex -33.4164 0.651311 7
      vertex -33.6265 0.777272 2.17369
      vertex -33.4164 0.651311 2.17369
    endloop
  endfacet
  facet normal 0.111028 -0.234692 -0.965708
    outer loop
      vertex 32.434 1.86458 0.190302
      vertex 32.3402 2.51525 0.0213881
      vertex 32.6554 1.96932 0.190302
    endloop
  endfacet
  facet normal 0.111018 -0.234694 -0.965709
    outer loop
      vertex 32.3402 2.51525 0.0213881
      vertex 32.434 1.86458 0.190302
      vertex 32.1188 2.41052 0.0213881
    endloop
  endfacet
  facet normal 0.258796 0.0126737 -0.965849
    outer loop
      vertex 33.8263 78.7975 0.0213881
      vertex 34.4417 79.1038 0.190302
      vertex 34.4567 78.7975 0.190302
    endloop
  endfacet
  facet normal 0.258796 0.0126737 -0.965849
    outer loop
      vertex 34.4417 79.1038 0.190302
      vertex 33.8263 78.7975 0.0213881
      vertex 33.8113 79.1038 0.0213881
    endloop
  endfacet
  facet normal 0.498916 -0.065684 -0.864157
    outer loop
      vertex 35.0069 4.75519 0.516617
      vertex 34.4091 4.50757 0.190302
      vertex 34.4417 4.75519 0.190302
    endloop
  endfacet
  facet normal -0.0127159 -0.258796 -0.965848
    outer loop
      vertex -31.2448 1.55834 0.190302
      vertex -30.9385 2.17369 0.0213881
      vertex -30.9385 1.54329 0.190302
    endloop
  endfacet
  facet normal -0.0127077 -0.2588 -0.965847
    outer loop
      vertex -30.9385 2.17369 0.0213881
      vertex -31.2448 1.55834 0.190302
      vertex -31.2448 2.18873 0.0213881
    endloop
  endfacet
  facet normal -0.336163 -0.370768 -0.865752
    outer loop
      vertex -33.6602 1.99366 0.516617
      vertex -33.4421 2.55787 0.190302
      vertex -33.2606 2.39331 0.190302
    endloop
  endfacet
  facet normal -0.33602 -0.370837 -0.865777
    outer loop
      vertex -33.4421 2.55787 0.190302
      vertex -33.6602 1.99366 0.516617
      vertex -33.8418 2.15821 0.516617
    endloop
  endfacet
  facet normal -0.696875 -0.516532 -0.497554
    outer loop
      vertex -34.6479 2.42425 0.978097
      vertex -35.0764 2.45793 1.54329
      vertex -34.7938 2.62109 0.978097
    endloop
  endfacet
  facet normal -0.696875 -0.516532 -0.497554
    outer loop
      vertex -35.0764 2.45793 1.54329
      vertex -34.6479 2.42425 0.978097
      vertex -34.9305 2.26109 1.54329
    endloop
  endfacet
  facet normal -0.0342736 0.258582 -0.965381
    outer loop
      vertex -31.3293 80.8001 0.0213881
      vertex -31.4924 81.4091 0.190302
      vertex -31.2448 80.8113 0.0213881
    endloop
  endfacet
  facet normal -0.0244783 0.499846 -0.865768
    outer loop
      vertex -31.2448 82.0069 0.516617
      vertex -30.9385 81.4567 0.190302
      vertex -31.2448 81.4417 0.190302
    endloop
  endfacet
  facet normal -0.0244783 0.499846 -0.865768
    outer loop
      vertex -30.9385 81.4567 0.190302
      vertex -31.2448 82.0069 0.516617
      vertex -30.9385 82.0219 0.516617
    endloop
  endfacet
  facet normal 0.801771 -0.332207 -0.496792
    outer loop
      vertex 35.3071 2.88954 1.54329
      vertex 35.0245 3.0527 0.978097
      vertex 35.2227 3.53105 0.978097
    endloop
  endfacet
  facet normal 0.563337 -0.432333 -0.704088
    outer loop
      vertex 34.6479 2.42425 0.978097
      vertex 34.0063 2.33979 0.516617
      vertex 34.2482 2.65499 0.516617
    endloop
  endfacet
  facet normal 0.37087 -0.335984 -0.865777
    outer loop
      vertex 33.4421 2.55787 0.190302
      vertex 34.0063 2.33979 0.516617
      vertex 33.8418 2.15821 0.516617
    endloop
  endfacet
  facet normal 0.370794 -0.336139 -0.86575
    outer loop
      vertex 34.0063 2.33979 0.516617
      vertex 33.4421 2.55787 0.190302
      vertex 33.6067 2.73944 0.190302
    endloop
  endfacet
  facet normal 0.271734 -0.656102 -0.704053
    outer loop
      vertex 32.4689 0.777314 0.978097
      vertex 32.3495 1.22307 0.516617
      vertex 32.7166 1.37511 0.516617
    endloop
  endfacet
  facet normal 0.214357 -0.453109 -0.8653
    outer loop
      vertex 32.7166 1.37511 0.516617
      vertex 32.6554 1.96932 0.190302
      vertex 32.938 1.47985 0.516617
    endloop
  endfacet
  facet normal 0.214357 -0.453109 -0.8653
    outer loop
      vertex 32.6554 1.96932 0.190302
      vertex 32.7166 1.37511 0.516617
      vertex 32.434 1.86458 0.190302
    endloop
  endfacet
  facet normal 0.641844 -0.581824 -0.499517
    outer loop
      vertex 34.5634 1.78274 1.54329
      vertex 34.1681 1.8319 0.978097
      vertex 34.3327 2.01348 0.978097
    endloop
  endfacet
  facet normal 0.641844 -0.581824 -0.499517
    outer loop
      vertex 34.1681 1.8319 0.978097
      vertex 34.5634 1.78274 1.54329
      vertex 34.3988 1.60116 1.54329
    endloop
  endfacet
  facet normal 0.0656836 -0.498916 -0.864158
    outer loop
      vertex 31.6387 1.045 0.516617
      vertex 31.2448 0.993142 0.516617
      vertex 31.4924 1.59094 0.190302
    endloop
  endfacet
  facet normal 0.998803 -0.048913 0
    outer loop
      vertex 35.9636 4.75519 7
      vertex 35.9786 5.06149 6.45269
      vertex 35.9786 5.06149 7
    endloop
  endfacet
  facet normal 0.998792 -0.0491286 -0.000120933
    outer loop
      vertex 35.9786 5.06149 6.45269
      vertex 35.9636 4.75519 7
      vertex 35.9664 4.81368 6.36403
    endloop
  endfacet
  facet normal 0.998856 -0.0478167 0
    outer loop
      vertex 35.9664 4.81368 6.36403
      vertex 35.9636 4.75519 7
      vertex 35.9636 4.75519 6.33636
    endloop
  endfacet
  facet normal 0.251104 -0.062879 -0.965916
    outer loop
      vertex 33.7047 4.19078 0.0213881
      vertex 34.3731 4.26523 0.190302
      vertex 34.3136 4.02762 0.190302
    endloop
  endfacet
  facet normal 0.251104 -0.062879 -0.965916
    outer loop
      vertex 34.3731 4.26523 0.190302
      vertex 33.7047 4.19078 0.0213881
      vertex 33.7642 4.42839 0.0213881
    endloop
  endfacet
  facet normal 0.666856 -0.238606 -0.705954
    outer loop
      vertex 35.2227 3.53105 0.978097
      vertex 34.8595 3.88134 0.516617
      vertex 35.3053 3.7619 0.978097
    endloop
  endfacet
  facet normal 0.666856 -0.238606 -0.705954
    outer loop
      vertex 34.8595 3.88134 0.516617
      vertex 35.2227 3.53105 0.978097
      vertex 34.7769 3.65049 0.516617
    endloop
  endfacet
  facet normal 0.840149 -0.210479 -0.499848
    outer loop
      vertex 35.3053 3.7619 0.978097
      vertex 35.4656 3.9725 1.15885
      vertex 35.5131 3.80797 1.30797
    endloop
  endfacet
  facet normal 0.840119 -0.210374 -0.499943
    outer loop
      vertex 35.4656 3.9725 1.15885
      vertex 35.3053 3.7619 0.978097
      vertex 35.3648 3.99951 0.978097
    endloop
  endfacet
  facet normal 0.840187 -0.210172 -0.499914
    outer loop
      vertex 35.3053 3.7619 0.978097
      vertex 35.5131 3.80797 1.30797
      vertex 35.5595 3.69378 1.43396
    endloop
  endfacet
  facet normal -0.241054 0.0998474 -0.965362
    outer loop
      vertex -33.6221 79.0401 0.0213881
      vertex -34.231 79.2032 0.190302
      vertex -34.1354 79.434 0.190302
    endloop
  endfacet
  facet normal -0.666851 0.238656 -0.705941
    outer loop
      vertex -34.8595 79.1187 0.516617
      vertex -35.2227 79.4689 0.978097
      vertex -34.7769 79.3495 0.516617
    endloop
  endfacet
  facet normal -0.666851 0.238656 -0.705941
    outer loop
      vertex -35.2227 79.4689 0.978097
      vertex -34.8595 79.1187 0.516617
      vertex -35.3053 79.2381 0.978097
    endloop
  endfacet
  facet normal -0.656105 0.271823 -0.704016
    outer loop
      vertex -34.6249 79.7166 0.516617
      vertex -35.2227 79.4689 0.978097
      vertex -35.0245 79.9473 0.978097
    endloop
  endfacet
  facet normal -0.563315 0.432316 -0.704116
    outer loop
      vertex -34.2482 80.345 0.516617
      vertex -34.6479 80.5758 0.978097
      vertex -34.0063 80.6602 0.516617
    endloop
  endfacet
  facet normal -0.399248 0.306403 -0.864129
    outer loop
      vertex -33.6067 80.2606 0.190302
      vertex -34.2482 80.345 0.516617
      vertex -34.0063 80.6602 0.516617
    endloop
  endfacet
  facet normal -0.1689 -0.471939 -0.865301
    outer loop
      vertex -32.3495 1.22307 0.516617
      vertex -31.9724 1.68641 0.190302
      vertex -32.1187 1.14047 0.516617
    endloop
  endfacet
  facet normal -0.1689 -0.471939 -0.865301
    outer loop
      vertex -31.9724 1.68641 0.190302
      vertex -32.3495 1.22307 0.516617
      vertex -32.2032 1.76901 0.190302
    endloop
  endfacet
  facet normal 0.704018 0.092761 -0.704098
    outer loop
      vertex 35.0069 79.1038 0.516617
      vertex 34.955 79.4977 0.516617
      vertex 35.4008 79.6171 0.978097
    endloop
  endfacet
  facet normal 0.499846 -0.0244783 -0.865768
    outer loop
      vertex 35.0069 4.75519 0.516617
      vertex 34.4567 5.06149 0.190302
      vertex 35.0219 5.06149 0.516617
    endloop
  endfacet
  facet normal 0.499846 -0.0244783 -0.865768
    outer loop
      vertex 34.4567 5.06149 0.190302
      vertex 35.0069 4.75519 0.516617
      vertex 34.4417 4.75519 0.190302
    endloop
  endfacet
  facet normal 0.780841 0.375982 -0.498924
    outer loop
      vertex 35.2374 81.1302 1.54329
      vertex 34.7022 81.4917 0.978097
      vertex 34.9848 81.6548 1.54329
    endloop
  endfacet
  facet normal 0.780841 0.375982 -0.498924
    outer loop
      vertex 34.7022 81.4917 0.978097
      vertex 35.2374 81.1302 1.54329
      vertex 34.9548 80.9671 0.978097
    endloop
  endfacet
  facet normal 0.465013 0.192495 -0.864123
    outer loop
      vertex 34.2221 80.087 0.190302
      vertex 34.1266 80.3177 0.190302
      vertex 34.616 80.6003 0.516617
    endloop
  endfacet
  facet normal -0.158787 -0.207009 -0.965367
    outer loop
      vertex -33.0624 2.24128 0.190302
      vertex -33.2606 2.39331 0.190302
      vertex -32.8148 2.83907 0.0213881
    endloop
  endfacet
  facet normal 0 0.707091 -0.707122
    outer loop
      vertex -22.9386 82.0219 0.516617
      vertex -30.9385 82.4834 0.978097
      vertex -22.9386 82.4834 0.978097
    endloop
  endfacet
  facet normal 0 0.707091 -0.707122
    outer loop
      vertex -30.9385 82.4834 0.978097
      vertex -22.9386 82.0219 0.516617
      vertex -30.9385 82.0219 0.516617
    endloop
  endfacet
  facet normal -0.133055 -0.222039 -0.965917
    outer loop
      vertex -32.8656 2.09528 0.190302
      vertex -32.3402 2.51525 0.0213881
      vertex -32.6554 1.96932 0.190302
    endloop
  endfacet
  facet normal -0.133061 -0.222032 -0.965918
    outer loop
      vertex -32.3402 2.51525 0.0213881
      vertex -32.8656 2.09528 0.190302
      vertex -32.5504 2.64122 0.0213881
    endloop
  endfacet
  facet normal 0.498932 -0.0657389 -0.864144
    outer loop
      vertex 34.955 4.36129 0.516617
      vertex 34.4091 4.50757 0.190302
      vertex 35.0069 4.75519 0.516617
    endloop
  endfacet
  facet normal 0.499996 0 -0.866028
    outer loop
      vertex 34.4567 5.06149 0.190302
      vertex 35.0219 5.16746 0.516617
      vertex 35.0219 5.06149 0.516617
    endloop
  endfacet
  facet normal 0.499884 6.48345e-05 -0.866092
    outer loop
      vertex 34.8458 5.69615 0.414927
      vertex 34.4567 5.06149 0.190302
      vertex 34.8199 6 0.400001
    endloop
  endfacet
  facet normal 0.499999 -2.87843e-05 -0.866026
    outer loop
      vertex 34.9231 5.39522 0.459566
      vertex 34.4567 5.06149 0.190302
      vertex 34.8458 5.69615 0.414927
    endloop
  endfacet
  facet normal 0.500001 -3.29936e-05 -0.866025
    outer loop
      vertex 35.0219 5.16746 0.516617
      vertex 34.4567 5.06149 0.190302
      vertex 34.9231 5.39522 0.459566
    endloop
  endfacet
  facet normal 0.500057 6.34427e-07 -0.865993
    outer loop
      vertex 34.4567 78.7975 0.190302
      vertex 35.0219 6.83254 0.516617
      vertex 34.9231 6.60478 0.459566
    endloop
  endfacet
  facet normal 0.499419 0.000227207 -0.866361
    outer loop
      vertex 34.4567 5.06149 0.190302
      vertex 34.9231 6.60478 0.459566
      vertex 34.8458 6.30385 0.414927
    endloop
  endfacet
  facet normal 0.500206 -0.000101441 -0.865906
    outer loop
      vertex 34.4567 5.06149 0.190302
      vertex 34.8458 6.30385 0.414927
      vertex 34.8199 6 0.400001
    endloop
  endfacet
  facet normal 0.499983 0 -0.866035
    outer loop
      vertex 34.9231 6.60478 0.459566
      vertex 34.4567 5.06149 0.190302
      vertex 34.4567 78.7975 0.190302
    endloop
  endfacet
  facet normal 0.499996 0 -0.866028
    outer loop
      vertex 35.0219 6.83254 0.516617
      vertex 34.4567 78.7975 0.190302
      vertex 35.0219 78.7975 0.516617
    endloop
  endfacet
  facet normal -0.155165 0.209154 -0.965494
    outer loop
      vertex -33.0624 80.7587 0.190302
      vertex -32.5504 80.3588 0.0213881
      vertex -32.7472 80.2128 0.0213881
    endloop
  endfacet
  facet normal -0.155165 0.209154 -0.965494
    outer loop
      vertex -32.5504 80.3588 0.0213881
      vertex -33.0624 80.7587 0.190302
      vertex -32.8656 80.9047 0.190302
    endloop
  endfacet
  facet normal -0.0656893 0.498916 -0.864157
    outer loop
      vertex -31.2448 81.4417 0.190302
      vertex -31.4924 81.4091 0.190302
      vertex -31.2448 82.0069 0.516617
    endloop
  endfacet
  facet normal -0.158804 -0.207002 -0.965366
    outer loop
      vertex -32.7472 2.78721 0.0213881
      vertex -33.0624 2.24128 0.190302
      vertex -32.8148 2.83907 0.0213881
    endloop
  endfacet
  facet normal -0.0998474 0.241054 -0.965362
    outer loop
      vertex -32.0401 80.6221 0.0213881
      vertex -32.434 81.1354 0.190302
      vertex -32.2032 81.231 0.190302
    endloop
  endfacet
  facet normal -0.332173 0.801775 -0.496808
    outer loop
      vertex -32.9473 82.0245 0.978097
      vertex -33.1105 82.3071 1.54329
      vertex -32.4689 82.2227 0.978097
    endloop
  endfacet
  facet normal -0.12622 0.958223 -0.256666
    outer loop
      vertex -31.8426 82.716 1.54329
      vertex -31.8863 82.8791 2.17369
      vertex -31.2448 82.9636 2.17369
    endloop
  endfacet
  facet normal -0.858019 -0.12746 -0.497552
    outer loop
      vertex -35.3648 3.99951 0.978097
      vertex -35.716 4.15739 1.54329
      vertex -35.4008 4.24185 0.978097
    endloop
  endfacet
  facet normal -0.858019 -0.12746 -0.497552
    outer loop
      vertex -35.716 4.15739 1.54329
      vertex -35.3648 3.99951 0.978097
      vertex -35.68 3.91505 1.54329
    endloop
  endfacet
  facet normal -0.958223 -0.126218 -0.256667
    outer loop
      vertex -35.8791 4.11368 2.17369
      vertex -35.9636 4.75519 2.17369
      vertex -35.716 4.15739 1.54329
    endloop
  endfacet
  facet normal -0.964853 -0.0472504 -0.258508
    outer loop
      vertex -35.7947 4.75519 1.54329
      vertex -35.9786 5.06149 2.17369
      vertex -35.8097 5.06149 1.54329
    endloop
  endfacet
  facet normal -0.964853 -0.0472504 -0.258508
    outer loop
      vertex -35.9786 5.06149 2.17369
      vertex -35.7947 4.75519 1.54329
      vertex -35.9636 4.75519 2.17369
    endloop
  endfacet
  facet normal -0.96995 0.243304 0
    outer loop
      vertex -35.8432 79.1287 2.17369
      vertex -35.7836 79.3663 7
      vertex -35.7836 79.3663 2.17369
    endloop
  endfacet
  facet normal -0.96995 0.243304 0
    outer loop
      vertex -35.7836 79.3663 7
      vertex -35.8432 79.1287 2.17369
      vertex -35.8432 79.1287 7
    endloop
  endfacet
  facet normal -0.142021 0.955878 -0.257154
    outer loop
      vertex -32.0849 82.68 1.54329
      vertex -31.8863 82.8791 2.17369
      vertex -31.8426 82.716 1.54329
    endloop
  endfacet
  facet normal -0.141572 0.955904 -0.257304
    outer loop
      vertex -31.8863 82.8791 2.17369
      vertex -32.0849 82.68 1.54329
      vertex -32.1287 82.8432 2.17369
    endloop
  endfacet
  facet normal -0.840125 0.210296 -0.499966
    outer loop
      vertex -35.3053 79.2381 0.978097
      vertex -35.68 79.0849 1.54329
      vertex -35.6205 79.3226 1.54329
    endloop
  endfacet
  facet normal -0.840119 0.210383 -0.499939
    outer loop
      vertex -35.68 79.0849 1.54329
      vertex -35.3053 79.2381 0.978097
      vertex -35.3648 79.0005 0.978097
    endloop
  endfacet
  facet normal -0.909665 0.325556 -0.257921
    outer loop
      vertex -35.5379 79.5534 1.54329
      vertex -35.7836 79.3663 2.17369
      vertex -35.701 79.5971 2.17369
    endloop
  endfacet
  facet normal -0.909665 0.325556 -0.257921
    outer loop
      vertex -35.7836 79.3663 2.17369
      vertex -35.5379 79.5534 1.54329
      vertex -35.6205 79.3226 1.54329
    endloop
  endfacet
  facet normal -0.958215 0.126148 -0.25673
    outer loop
      vertex -35.7947 78.2448 1.54329
      vertex -35.9636 78.2448 2.17369
      vertex -35.716 78.8426 1.54329
    endloop
  endfacet
  facet normal -0.499846 -0.0244783 -0.865768
    outer loop
      vertex -35.0069 4.75519 0.516617
      vertex -34.4567 5.06149 0.190302
      vertex -34.4417 4.75519 0.190302
    endloop
  endfacet
  facet normal -0.499846 -0.0244783 -0.865768
    outer loop
      vertex -34.4567 5.06149 0.190302
      vertex -35.0069 4.75519 0.516617
      vertex -35.0219 5.06149 0.516617
    endloop
  endfacet
  facet normal -0.49703 0.0738163 -0.864588
    outer loop
      vertex -34.955 78.6387 0.516617
      vertex -34.3731 78.7348 0.190302
      vertex -34.4091 78.4924 0.190302
    endloop
  endfacet
  facet normal -0.497012 0.0736086 -0.864616
    outer loop
      vertex -34.3731 78.7348 0.190302
      vertex -34.955 78.6387 0.516617
      vertex -34.9191 78.8811 0.516617
    endloop
  endfacet
  facet normal -0.941543 -0.336892 0
    outer loop
      vertex -35.701 3.40288 2.17369
      vertex -35.7836 3.63373 7
      vertex -35.7836 3.63373 2.17369
    endloop
  endfacet
  facet normal -0.941543 -0.336892 0
    outer loop
      vertex -35.7836 3.63373 7
      vertex -35.701 3.40288 2.17369
      vertex -35.701 3.40288 7
    endloop
  endfacet
  facet normal -0.606533 -0.363642 -0.707024
    outer loop
      vertex -34.7938 2.62109 0.978097
      vertex -34.5202 3.06199 0.516617
      vertex -34.3942 2.85183 0.516617
    endloop
  endfacet
  facet normal -0.606533 -0.363642 -0.707024
    outer loop
      vertex -34.5202 3.06199 0.516617
      vertex -34.7938 2.62109 0.978097
      vertex -34.9198 2.83125 0.978097
    endloop
  endfacet
  facet normal -0.828444 -0.496688 -0.258807
    outer loop
      vertex -35.0764 2.45793 1.54329
      vertex -35.3487 2.58363 2.17369
      vertex -35.2024 2.66809 1.54329
    endloop
  endfacet
  facet normal -0.828444 -0.496688 -0.258807
    outer loop
      vertex -35.3487 2.58363 2.17369
      vertex -35.0764 2.45793 1.54329
      vertex -35.2227 2.37347 2.17369
    endloop
  endfacet
  facet normal -0.904049 -0.427428 0
    outer loop
      vertex -35.3487 2.58363 2.17369
      vertex -35.4534 2.80508 7
      vertex -35.4534 2.80508 2.17369
    endloop
  endfacet
  facet normal -0.904049 -0.427428 0
    outer loop
      vertex -35.4534 2.80508 7
      vertex -35.3487 2.58363 2.17369
      vertex -35.3487 2.58363 7
    endloop
  endfacet
  facet normal -0.271741 -0.656102 -0.70405
    outer loop
      vertex -32.4689 0.777314 0.978097
      vertex -32.9473 0.975455 0.978097
      vertex -32.7166 1.37511 0.516617
    endloop
  endfacet
  facet normal -0.332091 -0.801814 -0.496799
    outer loop
      vertex -32.4689 0.777314 0.978097
      vertex -33.1105 0.692858 1.54329
      vertex -32.9473 0.975455 0.978097
    endloop
  endfacet
  facet normal -0.257033 -0.428933 -0.865997
    outer loop
      vertex -33.1482 1.60581 0.516617
      vertex -32.6554 1.96932 0.190302
      vertex -32.938 1.47985 0.516617
    endloop
  endfacet
  facet normal -0.257033 -0.428933 -0.865997
    outer loop
      vertex -32.6554 1.96932 0.190302
      vertex -33.1482 1.60581 0.516617
      vertex -32.8656 2.09528 0.190302
    endloop
  endfacet
  facet normal -0.302898 -0.640267 -0.705912
    outer loop
      vertex -32.9473 0.975455 0.978097
      vertex -32.938 1.47985 0.516617
      vertex -32.7166 1.37511 0.516617
    endloop
  endfacet
  facet normal -0.302761 -0.640297 -0.705943
    outer loop
      vertex -32.938 1.47985 0.516617
      vertex -32.9473 0.975455 0.978097
      vertex -33.1688 1.08019 0.978097
    endloop
  endfacet
  facet normal -0.325535 -0.909651 -0.257998
    outer loop
      vertex -32.5534 0.462118 1.54329
      vertex -32.3663 0.216365 2.17369
      vertex -32.5971 0.298961 2.17369
    endloop
  endfacet
  facet normal -0.325535 -0.909651 -0.257998
    outer loop
      vertex -32.3663 0.216365 2.17369
      vertex -32.5534 0.462118 1.54329
      vertex -32.3226 0.379522 1.54329
    endloop
  endfacet
  facet normal -0.588391 -0.766742 -0.256716
    outer loop
      vertex -33.8234 0.923268 2.17369
      vertex -34.3367 1.31717 2.17369
      vertex -34.2173 1.43661 1.54329
    endloop
  endfacet
  facet normal -0.528315 -0.688568 -0.496746
    outer loop
      vertex -33.7389 1.06955 1.54329
      vertex -34.2173 1.43661 1.54329
      vertex -33.5758 1.35215 0.978097
    endloop
  endfacet
  facet normal -0.369855 -0.892919 -0.256717
    outer loop
      vertex -32.5971 0.298961 2.17369
      vertex -33.1949 0.546575 2.17369
      vertex -33.1105 0.692858 1.54329
    endloop
  endfacet
  facet normal -0.127309 -0.858054 -0.497529
    outer loop
      vertex -32.0005 0.635194 0.978097
      vertex -31.8426 0.284048 1.54329
      vertex -32.0849 0.319998 1.54329
    endloop
  endfacet
  facet normal -0.127257 -0.858054 -0.497544
    outer loop
      vertex -31.8426 0.284048 1.54329
      vertex -32.0005 0.635194 0.978097
      vertex -31.7581 0.599244 0.978097
    endloop
  endfacet
  facet normal -0.955881 -0.141998 -0.257156
    outer loop
      vertex -35.68 3.91505 1.54329
      vertex -35.8791 4.11368 2.17369
      vertex -35.716 4.15739 1.54329
    endloop
  endfacet
  facet normal -0.955904 -0.141607 -0.257286
    outer loop
      vertex -35.8791 4.11368 2.17369
      vertex -35.68 3.91505 1.54329
      vertex -35.8432 3.87134 2.17369
    endloop
  endfacet
  facet normal -0.998803 -0.048913 0
    outer loop
      vertex -35.9636 4.75519 2.17369
      vertex -35.9786 5.06149 7
      vertex -35.9786 5.06149 2.17369
    endloop
  endfacet
  facet normal -0.998803 -0.048913 0
    outer loop
      vertex -35.9786 5.06149 7
      vertex -35.9636 4.75519 2.17369
      vertex -35.9636 4.75519 7
    endloop
  endfacet
  facet normal -0.991436 -0.130592 0
    outer loop
      vertex -35.8791 4.11368 2.17369
      vertex -35.9636 4.75519 7
      vertex -35.9636 4.75519 2.17369
    endloop
  endfacet
  facet normal -0.991436 -0.130592 0
    outer loop
      vertex -35.9636 4.75519 7
      vertex -35.8791 4.11368 2.17369
      vertex -35.8791 4.11368 7
    endloop
  endfacet
  facet normal 0.1467 -0.989181 0
    outer loop
      vertex 31.8863 0.120891 2.17369
      vertex 32.1287 0.15684 7
      vertex 31.8863 0.120891 7
    endloop
  endfacet
  facet normal 0.1467 -0.989181 0
    outer loop
      vertex 32.1287 0.15684 7
      vertex 31.8863 0.120891 2.17369
      vertex 32.1287 0.15684 2.17369
    endloop
  endfacet
  facet normal 0.432287 -0.563371 -0.704089
    outer loop
      vertex 33.5758 1.35215 0.978097
      vertex 33.345 1.7518 0.516617
      vertex 33.6602 1.99366 0.516617
    endloop
  endfacet
  facet normal 0.38268 -0.923881 0
    outer loop
      vertex 32.5971 0.298961 2.17369
      vertex 33.1949 0.546575 7
      vertex 32.5971 0.298961 7
    endloop
  endfacet
  facet normal 0.38268 -0.923881 0
    outer loop
      vertex 33.1949 0.546575 7
      vertex 32.5971 0.298961 2.17369
      vertex 33.1949 0.546575 2.17369
    endloop
  endfacet
  facet normal 0.514199 -0.857671 0
    outer loop
      vertex 33.4164 0.651311 2.17369
      vertex 33.6265 0.777272 7
      vertex 33.4164 0.651311 7
    endloop
  endfacet
  facet normal 0.514199 -0.857671 0
    outer loop
      vertex 33.6265 0.777272 7
      vertex 33.4164 0.651311 2.17369
      vertex 33.6265 0.777272 2.17369
    endloop
  endfacet
  facet normal 0.793347 -0.608769 0
    outer loop
      vertex 34.6828 1.6633 7
      vertex 35.0767 2.17663 2.17369
      vertex 35.0767 2.17663 7
    endloop
  endfacet
  facet normal 0.793347 -0.608769 0
    outer loop
      vertex 35.0767 2.17663 2.17369
      vertex 34.6828 1.6633 7
      vertex 34.6828 1.6633 2.17369
    endloop
  endfacet
  facet normal 0.606533 -0.363642 -0.707024
    outer loop
      vertex 34.7938 2.62109 0.978097
      vertex 34.5202 3.06199 0.516617
      vertex 34.9198 2.83125 0.978097
    endloop
  endfacet
  facet normal 0.606533 -0.363642 -0.707024
    outer loop
      vertex 34.5202 3.06199 0.516617
      vertex 34.7938 2.62109 0.978097
      vertex 34.3942 2.85183 0.516617
    endloop
  endfacet
  facet normal 0.413153 -0.873358 -0.257975
    outer loop
      vertex 33.3319 0.797594 1.54329
      vertex 33.1949 0.546575 2.17369
      vertex 33.1105 0.692858 1.54329
    endloop
  endfacet
  facet normal 0.412994 -0.873416 -0.258033
    outer loop
      vertex 33.1949 0.546575 2.17369
      vertex 33.3319 0.797594 1.54329
      vertex 33.4164 0.651311 2.17369
    endloop
  endfacet
  facet normal -0.595607 -0.803276 0
    outer loop
      vertex -33.8234 0.923268 2.17369
      vertex -33.6265 0.777272 7
      vertex -33.8234 0.923268 7
    endloop
  endfacet
  facet normal -0.595607 -0.803276 -0
    outer loop
      vertex -33.6265 0.777272 7
      vertex -33.8234 0.923268 2.17369
      vertex -33.6265 0.777272 2.17369
    endloop
  endfacet
  facet normal 0.49893 0.0657387 -0.864145
    outer loop
      vertex 35.0069 79.1038 0.516617
      vertex 34.4091 79.3514 0.190302
      vertex 34.955 79.4977 0.516617
    endloop
  endfacet
  facet normal 0.858021 0.127481 -0.497543
    outer loop
      vertex 35.716 79.7016 1.54329
      vertex 35.3648 79.8595 0.978097
      vertex 35.68 79.9439 1.54329
    endloop
  endfacet
  facet normal 0.85802 0.127429 -0.497557
    outer loop
      vertex 35.3648 79.8595 0.978097
      vertex 35.716 79.7016 1.54329
      vertex 35.4008 79.6171 0.978097
    endloop
  endfacet
  facet normal 0.860465 0.113153 -0.496786
    outer loop
      vertex 35.4683 79.1038 0.978097
      vertex 35.4008 79.6171 0.978097
      vertex 35.716 79.7016 1.54329
    endloop
  endfacet
  facet normal 0.958215 0.126148 -0.25673
    outer loop
      vertex 35.7947 79.1038 1.54329
      vertex 35.716 79.7016 1.54329
      vertex 35.9636 79.1038 2.17369
    endloop
  endfacet
  facet normal 0.964853 0.0472504 -0.258508
    outer loop
      vertex 35.9786 78.7975 2.17369
      vertex 35.7947 79.1038 1.54329
      vertex 35.9636 79.1038 2.17369
    endloop
  endfacet
  facet normal 0.964853 0.0472504 -0.258508
    outer loop
      vertex 35.7947 79.1038 1.54329
      vertex 35.9786 78.7975 2.17369
      vertex 35.8097 78.7975 1.54329
    endloop
  endfacet
  facet normal 0.9559 0.141629 -0.257285
    outer loop
      vertex 35.8791 79.7453 2.17369
      vertex 35.68 79.9439 1.54329
      vertex 35.8432 79.9876 2.17369
    endloop
  endfacet
  facet normal 0.955878 0.142021 -0.257154
    outer loop
      vertex 35.68 79.9439 1.54329
      vertex 35.8791 79.7453 2.17369
      vertex 35.716 79.7016 1.54329
    endloop
  endfacet
  facet normal 0.904049 -0.427428 0
    outer loop
      vertex 35.3487 2.58363 7
      vertex 35.4534 2.80508 2.17369
      vertex 35.4534 2.80508 7
    endloop
  endfacet
  facet normal 0.904049 -0.427428 0
    outer loop
      vertex 35.4534 2.80508 2.17369
      vertex 35.3487 2.58363 7
      vertex 35.3487 2.58363 2.17369
    endloop
  endfacet
  facet normal 0.989201 0.146563 0
    outer loop
      vertex 35.8791 79.7453 7
      vertex 35.8432 79.9876 2.17369
      vertex 35.8432 79.9876 7
    endloop
  endfacet
  facet normal 0.989201 0.146563 0
    outer loop
      vertex 35.8432 79.9876 2.17369
      vertex 35.8791 79.7453 7
      vertex 35.8791 79.7453 2.17369
    endloop
  endfacet
  facet normal -0.0347111 -0.706681 -0.706681
    outer loop
      vertex -31.2448 0.993142 0.516617
      vertex -30.9385 0.516617 0.978097
      vertex -31.2448 0.531662 0.978097
    endloop
  endfacet
  facet normal -0.0347111 -0.706681 -0.706681
    outer loop
      vertex -30.9385 0.516617 0.978097
      vertex -31.2448 0.993142 0.516617
      vertex -30.9385 0.978097 0.516617
    endloop
  endfacet
  facet normal -0.0656895 -0.498918 -0.864156
    outer loop
      vertex -31.2448 0.993142 0.516617
      vertex -31.4924 1.59094 0.190302
      vertex -31.2448 1.55834 0.190302
    endloop
  endfacet
  facet normal -0.0245519 -0.49985 -0.865764
    outer loop
      vertex -31.2448 0.993142 0.516617
      vertex -30.9385 1.54329 0.190302
      vertex -30.9385 0.978097 0.516617
    endloop
  endfacet
  facet normal -0.0245599 -0.499847 -0.865766
    outer loop
      vertex -30.9385 1.54329 0.190302
      vertex -31.2448 0.993142 0.516617
      vertex -31.2448 1.55834 0.190302
    endloop
  endfacet
  facet normal -0.0998179 -0.241059 -0.965364
    outer loop
      vertex -32.2032 1.76901 0.190302
      vertex -32.434 1.86458 0.190302
      vertex -32.0401 2.37792 0.0213881
    endloop
  endfacet
  facet normal -0.192526 -0.464947 -0.864151
    outer loop
      vertex -32.2032 1.76901 0.190302
      vertex -32.7166 1.37511 0.516617
      vertex -32.434 1.86458 0.190302
    endloop
  endfacet
  facet normal -0.656072 -0.271688 -0.704099
    outer loop
      vertex -34.6249 3.28344 0.516617
      vertex -35.2227 3.53105 0.978097
      vertex -34.7769 3.65049 0.516617
    endloop
  endfacet
  facet normal -0.742783 -0.44533 -0.499954
    outer loop
      vertex -34.7938 2.62109 0.978097
      vertex -35.2024 2.66809 1.54329
      vertex -34.9198 2.83125 0.978097
    endloop
  endfacet
  facet normal -0.742783 -0.44533 -0.499954
    outer loop
      vertex -35.2024 2.66809 1.54329
      vertex -34.7938 2.62109 0.978097
      vertex -35.0764 2.45793 1.54329
    endloop
  endfacet
  facet normal -0.892913 -0.369831 -0.256772
    outer loop
      vertex -35.4534 2.80508 2.17369
      vertex -35.701 3.40288 2.17369
      vertex -35.3071 2.88954 1.54329
    endloop
  endfacet
  facet normal -0.892895 -0.369949 -0.256665
    outer loop
      vertex -35.3071 2.88954 1.54329
      vertex -35.701 3.40288 2.17369
      vertex -35.5379 3.44659 1.54329
    endloop
  endfacet
  facet normal -0.776336 -0.575429 -0.257263
    outer loop
      vertex -34.9305 2.26109 1.54329
      vertex -35.2227 2.37347 2.17369
      vertex -35.0764 2.45793 1.54329
    endloop
  endfacet
  facet normal -0.776174 -0.575703 -0.257139
    outer loop
      vertex -35.2227 2.37347 2.17369
      vertex -34.9305 2.26109 1.54329
      vertex -35.0767 2.17663 2.17369
    endloop
  endfacet
  facet normal -0.76674 -0.588419 -0.256655
    outer loop
      vertex -34.5634 1.78274 1.54329
      vertex -35.0767 2.17663 2.17369
      vertex -34.9305 2.26109 1.54329
    endloop
  endfacet
  facet normal -0.173976 -0.192003 -0.965851
    outer loop
      vertex -33.2606 2.39331 0.190302
      vertex -32.9964 3.00362 0.0213881
      vertex -32.8148 2.83907 0.0213881
    endloop
  endfacet
  facet normal -0.174051 -0.191968 -0.965844
    outer loop
      vertex -32.9964 3.00362 0.0213881
      vertex -33.2606 2.39331 0.190302
      vertex -33.4421 2.55787 0.190302
    endloop
  endfacet
  facet normal 0.241056 0.0997868 -0.965368
    outer loop
      vertex 34.2221 80.087 0.190302
      vertex 33.6132 79.9238 0.0213881
      vertex 34.1266 80.3177 0.190302
    endloop
  endfacet
  facet normal 0.0127159 -0.258796 -0.965848
    outer loop
      vertex 30.9385 2.17369 0.0213881
      vertex 31.2448 1.55834 0.190302
      vertex 30.9385 1.54329 0.190302
    endloop
  endfacet
  facet normal 0.0127077 -0.2588 -0.965847
    outer loop
      vertex 31.2448 1.55834 0.190302
      vertex 30.9385 2.17369 0.0213881
      vertex 31.2448 2.18873 0.0213881
    endloop
  endfacet
  facet normal 0.0245519 -0.49985 -0.865764
    outer loop
      vertex 30.9385 1.54329 0.190302
      vertex 31.2448 0.993142 0.516617
      vertex 30.9385 0.978097 0.516617
    endloop
  endfacet
  facet normal 0.0245599 -0.499847 -0.865766
    outer loop
      vertex 31.2448 0.993142 0.516617
      vertex 30.9385 1.54329 0.190302
      vertex 31.2448 1.55834 0.190302
    endloop
  endfacet
  facet normal 0.251109 0.0628829 -0.965914
    outer loop
      vertex 33.7047 79.6682 0.0213881
      vertex 34.3731 79.5937 0.190302
      vertex 33.7642 79.4306 0.0213881
    endloop
  endfacet
  facet normal 0.251106 0.0628558 -0.965917
    outer loop
      vertex 34.3731 79.5937 0.190302
      vertex 33.7047 79.6682 0.0213881
      vertex 34.3136 79.8314 0.190302
    endloop
  endfacet
  facet normal 0.0340413 -0.258677 -0.965364
    outer loop
      vertex 31.4924 1.59094 0.190302
      vertex 31.2448 2.18873 0.0213881
      vertex 31.3293 2.19985 0.0213881
    endloop
  endfacet
  facet normal 0.428865 -0.257123 -0.866004
    outer loop
      vertex 34.3942 2.85183 0.516617
      vertex 34.0307 3.34458 0.190302
      vertex 34.5202 3.06199 0.516617
    endloop
  endfacet
  facet normal 0.428865 -0.257123 -0.866004
    outer loop
      vertex 34.0307 3.34458 0.190302
      vertex 34.3942 2.85183 0.516617
      vertex 33.9047 3.13442 0.190302
    endloop
  endfacet
  facet normal 0.258667 -0.0340544 -0.965366
    outer loop
      vertex 34.4091 4.50757 0.190302
      vertex 33.8113 4.75519 0.0213881
      vertex 34.4417 4.75519 0.190302
    endloop
  endfacet
  facet normal 0.85816 -0.127132 -0.497391
    outer loop
      vertex 35.4426 4.03338 1.10367
      vertex 35.3648 3.99951 0.978097
      vertex 35.3949 4.20269 0.978097
    endloop
  endfacet
  facet normal 0.858158 -0.126717 -0.497502
    outer loop
      vertex 35.3648 3.99951 0.978097
      vertex 35.4426 4.03338 1.10367
      vertex 35.4656 3.9725 1.15885
    endloop
  endfacet
  facet normal 0.563348 -0.432279 -0.704112
    outer loop
      vertex 34.3327 2.01348 0.978097
      vertex 34.0063 2.33979 0.516617
      vertex 34.6479 2.42425 0.978097
    endloop
  endfacet
  facet normal 0.640367 -0.302761 -0.70588
    outer loop
      vertex 34.5202 3.06199 0.516617
      vertex 35.0245 3.0527 0.978097
      vertex 34.9198 2.83125 0.978097
    endloop
  endfacet
  facet normal 0.640367 -0.302761 -0.70588
    outer loop
      vertex 35.0245 3.0527 0.978097
      vertex 34.5202 3.06199 0.516617
      vertex 34.6249 3.28344 0.516617
    endloop
  endfacet
  facet normal 0.158804 -0.207002 -0.965366
    outer loop
      vertex 33.0624 2.24128 0.190302
      vertex 32.7472 2.78721 0.0213881
      vertex 32.8148 2.83907 0.0213881
    endloop
  endfacet
  facet normal 0.306357 -0.399255 -0.864142
    outer loop
      vertex 33.345 1.7518 0.516617
      vertex 33.2606 2.39331 0.190302
      vertex 33.6602 1.99366 0.516617
    endloop
  endfacet
  facet normal 0.588319 -0.766773 -0.256786
    outer loop
      vertex 33.8234 0.923268 2.17369
      vertex 33.7389 1.06955 1.54329
      vertex 34.2173 1.43661 1.54329
    endloop
  endfacet
  facet normal 0.475091 -0.524318 -0.706667
    outer loop
      vertex 33.9865 1.66735 0.978097
      vertex 33.8418 2.15821 0.516617
      vertex 34.1681 1.8319 0.978097
    endloop
  endfacet
  facet normal 0.475091 -0.524318 -0.706667
    outer loop
      vertex 33.8418 2.15821 0.516617
      vertex 33.9865 1.66735 0.978097
      vertex 33.6602 1.99366 0.516617
    endloop
  endfacet
  facet normal 0.516653 -0.696774 -0.497569
    outer loop
      vertex 33.5758 1.35215 0.978097
      vertex 33.5421 0.923555 1.54329
      vertex 33.3789 1.20615 0.978097
    endloop
  endfacet
  facet normal 0.516836 -0.696691 -0.497495
    outer loop
      vertex 33.5421 0.923555 1.54329
      vertex 33.5758 1.35215 0.978097
      vertex 33.7389 1.06955 1.54329
    endloop
  endfacet
  facet normal 0.608794 -0.793329 0
    outer loop
      vertex 33.8234 0.923268 2.17369
      vertex 34.3367 1.31717 7
      vertex 33.8234 0.923268 7
    endloop
  endfacet
  facet normal 0.608794 -0.793329 0
    outer loop
      vertex 34.3367 1.31717 7
      vertex 33.8234 0.923268 2.17369
      vertex 34.3367 1.31717 2.17369
    endloop
  endfacet
  facet normal 0.363601 -0.606484 -0.707087
    outer loop
      vertex 32.938 1.47985 0.516617
      vertex 33.3789 1.20615 0.978097
      vertex 33.1688 1.08019 0.978097
    endloop
  endfacet
  facet normal 0.363494 -0.606593 -0.707049
    outer loop
      vertex 33.3789 1.20615 0.978097
      vertex 32.938 1.47985 0.516617
      vertex 33.1482 1.60581 0.516617
    endloop
  endfacet
  facet normal 0.445332 -0.742809 -0.499915
    outer loop
      vertex 33.3789 1.20615 0.978097
      vertex 33.3319 0.797594 1.54329
      vertex 33.1688 1.08019 0.978097
    endloop
  endfacet
  facet normal 0.445161 -0.742871 -0.499974
    outer loop
      vertex 33.3319 0.797594 1.54329
      vertex 33.3789 1.20615 0.978097
      vertex 33.5421 0.923555 1.54329
    endloop
  endfacet
  facet normal 0.369855 -0.892919 -0.256717
    outer loop
      vertex 33.1949 0.546575 2.17369
      vertex 32.5971 0.298961 2.17369
      vertex 33.1105 0.692858 1.54329
    endloop
  endfacet
  facet normal 0.688497 -0.528373 -0.496784
    outer loop
      vertex 34.9305 2.26109 1.54329
      vertex 34.5634 1.78274 1.54329
      vertex 34.6479 2.42425 0.978097
    endloop
  endfacet
  facet normal 0.369831 -0.892922 -0.256739
    outer loop
      vertex 32.5971 0.298961 2.17369
      vertex 32.5534 0.462118 1.54329
      vertex 33.1105 0.692858 1.54329
    endloop
  endfacet
  facet normal 0.332094 -0.801811 -0.496803
    outer loop
      vertex 32.5534 0.462118 1.54329
      vertex 32.4689 0.777314 0.978097
      vertex 33.1105 0.692858 1.54329
    endloop
  endfacet
  facet normal 0.127257 -0.858054 -0.497544
    outer loop
      vertex 32.0005 0.635194 0.978097
      vertex 31.8426 0.284048 1.54329
      vertex 31.7581 0.599244 0.978097
    endloop
  endfacet
  facet normal 0.127309 -0.858054 -0.497529
    outer loop
      vertex 31.8426 0.284048 1.54329
      vertex 32.0005 0.635194 0.978097
      vertex 32.0849 0.319998 1.54329
    endloop
  endfacet
  facet normal 0.991448 -0.130502 0
    outer loop
      vertex 35.9636 4.75519 7
      vertex 35.9351 4.53867 6.23396
      vertex 35.9636 4.75519 6.33636
    endloop
  endfacet
  facet normal 0.991436 -0.130592 2.60356e-05
    outer loop
      vertex 35.8791 4.11368 7
      vertex 35.9351 4.53867 6.23396
      vertex 35.9636 4.75519 7
    endloop
  endfacet
  facet normal 0.991424 -0.130685 -2.61145e-05
    outer loop
      vertex 35.9351 4.53867 6.23396
      vertex 35.8791 4.11368 7
      vertex 35.9007 4.27773 6.07756
    endloop
  endfacet
  facet normal 0.991443 -0.13054 0
    outer loop
      vertex 35.9007 4.27773 6.07756
      vertex 35.8791 4.11368 7
      vertex 35.8791 4.11368 5.95588
    endloop
  endfacet
  facet normal 0.969953 -0.243294 0
    outer loop
      vertex 35.7836 3.63373 7
      vertex 35.8432 3.87134 5.74946
      vertex 35.8432 3.87134 7
    endloop
  endfacet
  facet normal 0.969938 -0.243354 -1.19764e-05
    outer loop
      vertex 35.8432 3.87134 5.74946
      vertex 35.7836 3.63373 7
      vertex 35.8273 3.80797 5.69203
    endloop
  endfacet
  facet normal 0.969959 -0.243269 0
    outer loop
      vertex 35.8273 3.80797 5.69203
      vertex 35.7836 3.63373 7
      vertex 35.7836 3.63373 5.49978
    endloop
  endfacet
  facet normal 0.80178 -0.332198 -0.496783
    outer loop
      vertex 35.3071 2.88954 1.54329
      vertex 35.2227 3.53105 0.978097
      vertex 35.5379 3.44659 1.54329
    endloop
  endfacet
  facet normal 0.894401 -0.36626 -0.256713
    outer loop
      vertex 35.5953 3.42244 1.77773
      vertex 35.5379 3.44659 1.54329
      vertex 35.5955 3.43115 1.766
    endloop
  endfacet
  facet normal 0.892876 -0.369915 -0.256779
    outer loop
      vertex 35.3071 2.88954 1.54329
      vertex 35.5953 3.42244 1.77773
      vertex 35.6048 3.27744 2.01965
    endloop
  endfacet
  facet normal 0.892881 -0.369943 -0.25672
    outer loop
      vertex 35.5953 3.42244 1.77773
      vertex 35.3071 2.88954 1.54329
      vertex 35.5379 3.44659 1.54329
    endloop
  endfacet
  facet normal 0.704118 -0.092651 -0.704013
    outer loop
      vertex 35.2278 4.53867 0.766045
      vertex 35.0069 4.75519 0.516617
      vertex 35.1539 4.75519 0.663639
    endloop
  endfacet
  facet normal 0.704041 -0.0927964 -0.704071
    outer loop
      vertex 35.0069 4.75519 0.516617
      vertex 35.2278 4.53867 0.766045
      vertex 35.3133 4.35582 0.875641
    endloop
  endfacet
  facet normal -0.485029 0.121461 -0.866022
    outer loop
      vertex -34.9191 78.8811 0.516617
      vertex -34.3136 78.9724 0.190302
      vertex -34.3731 78.7348 0.190302
    endloop
  endfacet
  facet normal -0.485041 0.121669 -0.865986
    outer loop
      vertex -34.3136 78.9724 0.190302
      vertex -34.9191 78.8811 0.516617
      vertex -34.8595 79.1187 0.516617
    endloop
  endfacet
  facet normal -0.471963 0.168909 -0.865287
    outer loop
      vertex -34.3136 78.9724 0.190302
      vertex -34.7769 79.3495 0.516617
      vertex -34.231 79.2032 0.190302
    endloop
  endfacet
  facet normal -0.471963 0.168909 -0.865287
    outer loop
      vertex -34.7769 79.3495 0.516617
      vertex -34.3136 78.9724 0.190302
      vertex -34.8595 79.1187 0.516617
    endloop
  endfacet
  facet normal -0.453128 0.214284 -0.865308
    outer loop
      vertex -34.6249 79.7166 0.516617
      vertex -34.0307 79.6554 0.190302
      vertex -34.1354 79.434 0.190302
    endloop
  endfacet
  facet normal -0.453128 0.214284 -0.865308
    outer loop
      vertex -34.0307 79.6554 0.190302
      vertex -34.6249 79.7166 0.516617
      vertex -34.5202 79.938 0.516617
    endloop
  endfacet
  facet normal -0.370743 0.336222 -0.865739
    outer loop
      vertex -34.0063 80.6602 0.516617
      vertex -33.4421 80.4421 0.190302
      vertex -33.6067 80.2606 0.190302
    endloop
  endfacet
  facet normal -0.370876 0.335953 -0.865787
    outer loop
      vertex -33.4421 80.4421 0.190302
      vertex -34.0063 80.6602 0.516617
      vertex -33.8418 80.8418 0.516617
    endloop
  endfacet
  facet normal -0.606576 0.363599 -0.707008
    outer loop
      vertex -34.5202 79.938 0.516617
      vertex -34.7938 80.3789 0.978097
      vertex -34.3942 80.1482 0.516617
    endloop
  endfacet
  facet normal -0.606467 0.363707 -0.707047
    outer loop
      vertex -34.7938 80.3789 0.978097
      vertex -34.5202 79.938 0.516617
      vertex -34.9198 80.1688 0.978097
    endloop
  endfacet
  facet normal 0.241018 0.0998373 -0.965372
    outer loop
      vertex 33.6132 79.9238 0.0213881
      vertex 33.5806 80.0025 0.0213881
      vertex 34.1266 80.3177 0.190302
    endloop
  endfacet
  facet normal 0.666809 0.238705 -0.705965
    outer loop
      vertex 34.8595 79.9776 0.516617
      vertex 35.2138 80.3527 0.978097
      vertex 35.3053 80.0971 0.978097
    endloop
  endfacet
  facet normal 0.667001 0.238419 -0.70588
    outer loop
      vertex 35.2138 80.3527 0.978097
      vertex 34.8595 79.9776 0.516617
      vertex 34.7681 80.2333 0.516617
    endloop
  endfacet
  facet normal 0.647207 0.289339 -0.70527
    outer loop
      vertex 34.5552 80.7363 0.516617
      vertex 35.0157 80.8311 0.978097
      vertex 34.616 80.6003 0.516617
    endloop
  endfacet
  facet normal 0.647073 0.289755 -0.705222
    outer loop
      vertex 35.0157 80.8311 0.978097
      vertex 34.5552 80.7363 0.516617
      vertex 34.9548 80.9671 0.978097
    endloop
  endfacet
  facet normal -0.133013 0.222075 -0.965914
    outer loop
      vertex -32.8656 80.9047 0.190302
      vertex -32.3402 80.4847 0.0213881
      vertex -32.5504 80.3588 0.0213881
    endloop
  endfacet
  facet normal -0.133074 0.222001 -0.965923
    outer loop
      vertex -32.3402 80.4847 0.0213881
      vertex -32.8656 80.9047 0.190302
      vertex -32.6554 81.0307 0.190302
    endloop
  endfacet
  facet normal 0.485042 0.121414 -0.866021
    outer loop
      vertex 34.3136 79.8314 0.190302
      vertex 34.9191 79.74 0.516617
      vertex 34.3731 79.5937 0.190302
    endloop
  endfacet
  facet normal 0.485057 0.121673 -0.865977
    outer loop
      vertex 34.9191 79.74 0.516617
      vertex 34.3136 79.8314 0.190302
      vertex 34.8595 79.9776 0.516617
    endloop
  endfacet
  facet normal 0.791449 0.354406 -0.498002
    outer loop
      vertex 35.2983 80.9942 1.54329
      vertex 34.9548 80.9671 0.978097
      vertex 35.2374 81.1302 1.54329
    endloop
  endfacet
  facet normal 0.791449 0.354406 -0.498002
    outer loop
      vertex 34.9548 80.9671 0.978097
      vertex 35.2983 80.9942 1.54329
      vertex 35.0157 80.8311 0.978097
    endloop
  endfacet
  facet normal -0.0340576 -0.258671 -0.965365
    outer loop
      vertex -31.2448 1.55834 0.190302
      vertex -31.4924 1.59094 0.190302
      vertex -31.2448 2.18873 0.0213881
    endloop
  endfacet
  facet normal -0.0382193 -0.257595 -0.965497
    outer loop
      vertex -31.4924 1.59094 0.190302
      vertex -31.5716 2.2358 0.0213881
      vertex -31.3293 2.19985 0.0213881
    endloop
  endfacet
  facet normal -0.0382033 -0.257593 -0.965498
    outer loop
      vertex -31.5716 2.2358 0.0213881
      vertex -31.4924 1.59094 0.190302
      vertex -31.7348 1.62689 0.190302
    endloop
  endfacet
  facet normal 0.258817 0 -0.965926
    outer loop
      vertex 33.8263 5.06149 0.0213881
      vertex 34.4567 78.7975 0.190302
      vertex 34.4567 5.06149 0.190302
    endloop
  endfacet
  facet normal 0.258817 0 -0.965926
    outer loop
      vertex 34.4567 78.7975 0.190302
      vertex 33.8263 5.06149 0.0213881
      vertex 33.8263 78.7975 0.0213881
    endloop
  endfacet
  facet normal -0.092761 0.704018 -0.704098
    outer loop
      vertex -31.6387 81.955 0.516617
      vertex -31.7581 82.4008 0.978097
      vertex -31.2448 82.0069 0.516617
    endloop
  endfacet
  facet normal -0.121461 0.485029 -0.866022
    outer loop
      vertex -31.9724 81.3136 0.190302
      vertex -31.8811 81.9191 0.516617
      vertex -31.7348 81.3731 0.190302
    endloop
  endfacet
  facet normal -0.121669 0.485041 -0.865986
    outer loop
      vertex -31.8811 81.9191 0.516617
      vertex -31.9724 81.3136 0.190302
      vertex -32.1187 81.8595 0.516617
    endloop
  endfacet
  facet normal -0.0348371 0.706662 -0.706693
    outer loop
      vertex -30.9385 82.0219 0.516617
      vertex -31.2448 82.4683 0.978097
      vertex -30.9385 82.4834 0.978097
    endloop
  endfacet
  facet normal -0.0346104 0.706744 -0.706622
    outer loop
      vertex -31.2448 82.4683 0.978097
      vertex -30.9385 82.0219 0.516617
      vertex -31.2448 82.0069 0.516617
    endloop
  endfacet
  facet normal -0.172065 0.68595 -0.707013
    outer loop
      vertex -32.1187 81.8595 0.516617
      vertex -32.0005 82.3648 0.978097
      vertex -31.8811 81.9191 0.516617
    endloop
  endfacet
  facet normal -0.171776 0.685948 -0.707085
    outer loop
      vertex -32.0005 82.3648 0.978097
      vertex -32.1187 81.8595 0.516617
      vertex -32.2381 82.3053 0.978097
    endloop
  endfacet
  facet normal -0.369921 0.892907 -0.25666
    outer loop
      vertex -32.5534 82.5379 1.54329
      vertex -33.1105 82.3071 1.54329
      vertex -32.5971 82.701 2.17369
    endloop
  endfacet
  facet normal -0.363599 0.606576 -0.707008
    outer loop
      vertex -33.3789 81.7938 0.978097
      vertex -32.938 81.5202 0.516617
      vertex -33.1482 81.3942 0.516617
    endloop
  endfacet
  facet normal -0.363707 0.606467 -0.707047
    outer loop
      vertex -32.938 81.5202 0.516617
      vertex -33.3789 81.7938 0.978097
      vertex -33.1688 81.9198 0.978097
    endloop
  endfacet
  facet normal -0.192568 0.464904 -0.864165
    outer loop
      vertex -32.434 81.1354 0.190302
      vertex -32.7166 81.6249 0.516617
      vertex -32.2032 81.231 0.190302
    endloop
  endfacet
  facet normal -0.866035 0 -0.499984
    outer loop
      vertex -35.4834 5.06149 0.978097
      vertex -35.8097 77.9385 1.54329
      vertex -35.4834 77.9385 0.978097
    endloop
  endfacet
  facet normal -0.866035 -0 -0.499984
    outer loop
      vertex -35.8097 77.9385 1.54329
      vertex -35.4834 5.06149 0.978097
      vertex -35.8097 5.06149 1.54329
    endloop
  endfacet
  facet normal -0.965932 0 -0.258797
    outer loop
      vertex -35.8097 5.06149 1.54329
      vertex -35.9786 77.9385 2.17369
      vertex -35.8097 77.9385 1.54329
    endloop
  endfacet
  facet normal -0.965932 -0 -0.258797
    outer loop
      vertex -35.9786 77.9385 2.17369
      vertex -35.8097 5.06149 1.54329
      vertex -35.9786 5.06149 2.17369
    endloop
  endfacet
  facet normal -0.94152 0.336957 0
    outer loop
      vertex -35.7836 79.3663 2.17369
      vertex -35.701 79.5971 7
      vertex -35.701 79.5971 2.17369
    endloop
  endfacet
  facet normal -0.94152 0.336957 0
    outer loop
      vertex -35.701 79.5971 7
      vertex -35.7836 79.3663 2.17369
      vertex -35.7836 79.3663 7
    endloop
  endfacet
  facet normal -0.422656 0.569717 -0.70483
    outer loop
      vertex -33.5758 81.6479 0.978097
      vertex -33.1482 81.3942 0.516617
      vertex -33.345 81.2482 0.516617
    endloop
  endfacet
  facet normal -0.422381 0.570026 -0.704745
    outer loop
      vertex -33.1482 81.3942 0.516617
      vertex -33.5758 81.6479 0.978097
      vertex -33.3789 81.7938 0.978097
    endloop
  endfacet
  facet normal -0.336957 0.94152 0
    outer loop
      vertex -32.3663 82.7836 2.17369
      vertex -32.5971 82.701 7
      vertex -32.3663 82.7836 7
    endloop
  endfacet
  facet normal -0.336957 0.94152 0
    outer loop
      vertex -32.5971 82.701 7
      vertex -32.3663 82.7836 2.17369
      vertex -32.5971 82.701 2.17369
    endloop
  endfacet
  facet normal -0.98921 0.146504 0
    outer loop
      vertex -35.8791 78.8863 2.17369
      vertex -35.8432 79.1287 7
      vertex -35.8432 79.1287 2.17369
    endloop
  endfacet
  facet normal -0.98921 0.146504 0
    outer loop
      vertex -35.8432 79.1287 7
      vertex -35.8791 78.8863 2.17369
      vertex -35.8791 78.8863 7
    endloop
  endfacet
  facet normal -0.497009 -0.0736265 -0.864616
    outer loop
      vertex -34.955 4.36129 0.516617
      vertex -34.3731 4.26523 0.190302
      vertex -34.9191 4.11895 0.516617
    endloop
  endfacet
  facet normal -0.497028 -0.0738343 -0.864588
    outer loop
      vertex -34.3731 4.26523 0.190302
      vertex -34.955 4.36129 0.516617
      vertex -34.4091 4.50757 0.190302
    endloop
  endfacet
  facet normal -0.70413 0.0925945 -0.704008
    outer loop
      vertex -35.0069 78.2448 0.516617
      vertex -35.4683 78.2448 0.978097
      vertex -35.4008 78.7581 0.978097
    endloop
  endfacet
  facet normal -0.858021 0.127481 -0.497543
    outer loop
      vertex -35.3648 79.0005 0.978097
      vertex -35.716 78.8426 1.54329
      vertex -35.68 79.0849 1.54329
    endloop
  endfacet
  facet normal -0.85802 0.127429 -0.497557
    outer loop
      vertex -35.716 78.8426 1.54329
      vertex -35.3648 79.0005 0.978097
      vertex -35.4008 78.7581 0.978097
    endloop
  endfacet
  facet normal -0.704018 0.092761 -0.704098
    outer loop
      vertex -35.0069 78.2448 0.516617
      vertex -35.4008 78.7581 0.978097
      vertex -34.955 78.6387 0.516617
    endloop
  endfacet
  facet normal -0.969953 -0.243294 0
    outer loop
      vertex -35.7836 3.63373 2.17369
      vertex -35.8432 3.87134 7
      vertex -35.8432 3.87134 2.17369
    endloop
  endfacet
  facet normal -0.969953 -0.243294 0
    outer loop
      vertex -35.8432 3.87134 7
      vertex -35.7836 3.63373 2.17369
      vertex -35.7836 3.63373 7
    endloop
  endfacet
  facet normal -0.671463 -0.741038 0
    outer loop
      vertex -34.5183 1.48172 2.17369
      vertex -34.3367 1.31717 7
      vertex -34.5183 1.48172 7
    endloop
  endfacet
  facet normal -0.671463 -0.741038 -0
    outer loop
      vertex -34.3367 1.31717 7
      vertex -34.5183 1.48172 2.17369
      vertex -34.3367 1.31717 2.17369
    endloop
  endfacet
  facet normal -0.171838 -0.685965 -0.707053
    outer loop
      vertex -32.0005 0.635194 0.978097
      vertex -32.1187 1.14047 0.516617
      vertex -31.8811 1.08095 0.516617
    endloop
  endfacet
  facet normal -0.171849 -0.685965 -0.70705
    outer loop
      vertex -32.1187 1.14047 0.516617
      vertex -32.0005 0.635194 0.978097
      vertex -32.2381 0.694718 0.978097
    endloop
  endfacet
  facet normal -0.575559 -0.776237 -0.257272
    outer loop
      vertex -33.7389 1.06955 1.54329
      vertex -33.6265 0.777272 2.17369
      vertex -33.8234 0.923268 2.17369
    endloop
  endfacet
  facet normal -0.575759 -0.776118 -0.257181
    outer loop
      vertex -33.6265 0.777272 2.17369
      vertex -33.7389 1.06955 1.54329
      vertex -33.5421 0.923555 1.54329
    endloop
  endfacet
  facet normal -0.563348 -0.432279 -0.704112
    outer loop
      vertex -34.3327 2.01348 0.978097
      vertex -34.6479 2.42425 0.978097
      vertex -34.0063 2.33979 0.516617
    endloop
  endfacet
  facet normal -0.581866 -0.641803 -0.499521
    outer loop
      vertex -34.1681 1.8319 0.978097
      vertex -34.2173 1.43661 1.54329
      vertex -34.3988 1.60116 1.54329
    endloop
  endfacet
  facet normal -0.581662 -0.641931 -0.499594
    outer loop
      vertex -34.2173 1.43661 1.54329
      vertex -34.1681 1.8319 0.978097
      vertex -33.9865 1.66735 0.978097
    endloop
  endfacet
  facet normal -0.445161 -0.742871 -0.499974
    outer loop
      vertex -33.3789 1.20615 0.978097
      vertex -33.3319 0.797594 1.54329
      vertex -33.5421 0.923555 1.54329
    endloop
  endfacet
  facet normal -0.445332 -0.742809 -0.499915
    outer loop
      vertex -33.3319 0.797594 1.54329
      vertex -33.3789 1.20615 0.978097
      vertex -33.1688 1.08019 0.978097
    endloop
  endfacet
  facet normal -0.214357 -0.453109 -0.8653
    outer loop
      vertex -32.7166 1.37511 0.516617
      vertex -32.6554 1.96932 0.190302
      vertex -32.434 1.86458 0.190302
    endloop
  endfacet
  facet normal -0.214357 -0.453109 -0.8653
    outer loop
      vertex -32.6554 1.96932 0.190302
      vertex -32.7166 1.37511 0.516617
      vertex -32.938 1.47985 0.516617
    endloop
  endfacet
  facet normal -0.588319 -0.766773 -0.256786
    outer loop
      vertex -33.8234 0.923268 2.17369
      vertex -34.2173 1.43661 1.54329
      vertex -33.7389 1.06955 1.54329
    endloop
  endfacet
  facet normal -0.989205 -0.14654 0
    outer loop
      vertex -35.8432 3.87134 2.17369
      vertex -35.8791 4.11368 7
      vertex -35.8791 4.11368 2.17369
    endloop
  endfacet
  facet normal -0.989205 -0.14654 0
    outer loop
      vertex -35.8791 4.11368 7
      vertex -35.8432 3.87134 2.17369
      vertex -35.8432 3.87134 7
    endloop
  endfacet
  facet normal 0.648839 -0.715675 -0.258489
    outer loop
      vertex 34.3988 1.60116 1.54329
      vertex 34.3367 1.31717 2.17369
      vertex 34.2173 1.43661 1.54329
    endloop
  endfacet
  facet normal 0.648626 -0.715834 -0.258582
    outer loop
      vertex 34.3367 1.31717 2.17369
      vertex 34.3988 1.60116 1.54329
      vertex 34.5183 1.48172 2.17369
    endloop
  endfacet
  facet normal 0.234639 -0.936995 -0.258813
    outer loop
      vertex 32.3226 0.379522 1.54329
      vertex 32.1287 0.15684 2.17369
      vertex 32.0849 0.319998 1.54329
    endloop
  endfacet
  facet normal 0.234738 -0.936981 -0.258777
    outer loop
      vertex 32.1287 0.15684 2.17369
      vertex 32.3226 0.379522 1.54329
      vertex 32.3663 0.216365 2.17369
    endloop
  endfacet
  facet normal 0.336942 -0.941525 0
    outer loop
      vertex 32.3663 0.216365 2.17369
      vertex 32.5971 0.298961 7
      vertex 32.3663 0.216365 7
    endloop
  endfacet
  facet normal 0.336942 -0.941525 0
    outer loop
      vertex 32.5971 0.298961 7
      vertex 32.3663 0.216365 2.17369
      vertex 32.5971 0.298961 2.17369
    endloop
  endfacet
  facet normal 0.766762 -0.588369 -0.256704
    outer loop
      vertex 34.6828 1.6633 2.17369
      vertex 34.5634 1.78274 1.54329
      vertex 35.0767 2.17663 2.17369
    endloop
  endfacet
  facet normal 0.741102 -0.671392 0
    outer loop
      vertex 34.5183 1.48172 7
      vertex 34.6828 1.6633 2.17369
      vertex 34.6828 1.6633 7
    endloop
  endfacet
  facet normal 0.741102 -0.671392 0
    outer loop
      vertex 34.6828 1.6633 2.17369
      vertex 34.5183 1.48172 7
      vertex 34.5183 1.48172 2.17369
    endloop
  endfacet
  facet normal 0.656072 -0.271688 -0.704099
    outer loop
      vertex 35.2227 3.53105 0.978097
      vertex 34.6249 3.28344 0.516617
      vertex 34.7769 3.65049 0.516617
    endloop
  endfacet
  facet normal 0.909848 -0.325098 -0.257854
    outer loop
      vertex 35.5955 3.43115 1.766
      vertex 35.5379 3.44659 1.54329
      vertex 35.5914 3.59632 1.54329
    endloop
  endfacet
  facet normal 0.923889 -0.382661 0
    outer loop
      vertex 35.4534 2.80508 7
      vertex 35.701 3.40288 5.18962
      vertex 35.701 3.40288 7
    endloop
  endfacet
  facet normal 0.924007 -0.382375 0.00011088
    outer loop
      vertex 35.701 3.40288 5.18962
      vertex 35.4534 2.80508 7
      vertex 35.6444 3.26604 4.96133
    endloop
  endfacet
  facet normal 0.923825 -0.382814 -5.59568e-06
    outer loop
      vertex 35.6444 3.26604 4.96133
      vertex 35.4534 2.80508 7
      vertex 35.5905 3.13597 4.68632
    endloop
  endfacet
  facet normal 0.923751 -0.382994 -3.5674e-05
    outer loop
      vertex 35.5905 3.13597 4.68632
      vertex 35.4534 2.80508 7
      vertex 35.548 3.03349 4.39988
    endloop
  endfacet
  facet normal 0.923678 -0.38317 -1.99892e-05
    outer loop
      vertex 35.4989 2.91493 3.80385
      vertex 35.4534 2.80508 7
      vertex 35.4927 2.9 3.5
    endloop
  endfacet
  facet normal 0.923824 -0.382818 -5.80895e-06
    outer loop
      vertex 35.5174 2.95957 4.10478
      vertex 35.4534 2.80508 7
      vertex 35.4989 2.91493 3.80385
    endloop
  endfacet
  facet normal 0.923944 -0.382527 1.24068e-05
    outer loop
      vertex 35.548 3.03349 4.39988
      vertex 35.4534 2.80508 7
      vertex 35.5174 2.95957 4.10478
    endloop
  endfacet
  facet normal 0.92387 -0.382707 -0.000205676
    outer loop
      vertex 35.5905 3.13597 2.31368
      vertex 35.4534 2.80508 2.17369
      vertex 35.6179 3.20219 2.17369
    endloop
  endfacet
  facet normal 0.923823 -0.38282 0.000108504
    outer loop
      vertex 35.548 3.03349 2.60012
      vertex 35.4534 2.80508 2.17369
      vertex 35.5905 3.13597 2.31368
    endloop
  endfacet
  facet normal 0.923916 -0.382595 -3.25575e-05
    outer loop
      vertex 35.5174 2.95957 2.89522
      vertex 35.4534 2.80508 2.17369
      vertex 35.548 3.03349 2.60012
    endloop
  endfacet
  facet normal 0.923841 -0.382777 1.29714e-05
    outer loop
      vertex 35.4989 2.91493 3.19615
      vertex 35.4534 2.80508 2.17369
      vertex 35.5174 2.95957 2.89522
    endloop
  endfacet
  facet normal 0.923774 -0.382938 3.33288e-05
    outer loop
      vertex 35.4927 2.9 3.5
      vertex 35.4534 2.80508 2.17369
      vertex 35.4989 2.91493 3.19615
    endloop
  endfacet
  facet normal 0.923939 -0.382541 0
    outer loop
      vertex 35.4534 2.80508 2.17369
      vertex 35.4927 2.9 3.5
      vertex 35.4534 2.80508 7
    endloop
  endfacet
  facet normal 0.892651 -0.371379 -0.255446
    outer loop
      vertex 35.6055 3.26604 2.03867
      vertex 35.3071 2.88954 1.54329
      vertex 35.6048 3.27744 2.01965
    endloop
  endfacet
  facet normal 0.892862 -0.369862 -0.256904
    outer loop
      vertex 35.4534 2.80508 2.17369
      vertex 35.6055 3.26604 2.03867
      vertex 35.6179 3.20219 2.17369
    endloop
  endfacet
  facet normal 0.892909 -0.369839 -0.256772
    outer loop
      vertex 35.6055 3.26604 2.03867
      vertex 35.4534 2.80508 2.17369
      vertex 35.3071 2.88954 1.54329
    endloop
  endfacet
  facet normal 0.496504 -0.828552 -0.258816
    outer loop
      vertex 33.5421 0.923555 1.54329
      vertex 33.4164 0.651311 2.17369
      vertex 33.3319 0.797594 1.54329
    endloop
  endfacet
  facet normal 0.496688 -0.828465 -0.258742
    outer loop
      vertex 33.4164 0.651311 2.17369
      vertex 33.5421 0.923555 1.54329
      vertex 33.6265 0.777272 2.17369
    endloop
  endfacet
  facet normal -0.382661 0.923889 0
    outer loop
      vertex -32.5971 82.701 2.17369
      vertex -33.1949 82.4534 7
      vertex -32.5971 82.701 7
    endloop
  endfacet
  facet normal -0.382661 0.923889 0
    outer loop
      vertex -33.1949 82.4534 7
      vertex -32.5971 82.701 2.17369
      vertex -33.1949 82.4534 2.17369
    endloop
  endfacet
  facet normal -0.496688 -0.828465 -0.258742
    outer loop
      vertex -33.5421 0.923555 1.54329
      vertex -33.4164 0.651311 2.17369
      vertex -33.6265 0.777272 2.17369
    endloop
  endfacet
  facet normal -0.496504 -0.828552 -0.258816
    outer loop
      vertex -33.4164 0.651311 2.17369
      vertex -33.5421 0.923555 1.54329
      vertex -33.3319 0.797594 1.54329
    endloop
  endfacet
  facet normal -0.38268 -0.923881 0
    outer loop
      vertex -33.1949 0.546575 2.17369
      vertex -32.5971 0.298961 7
      vertex -33.1949 0.546575 7
    endloop
  endfacet
  facet normal -0.38268 -0.923881 -0
    outer loop
      vertex -32.5971 0.298961 7
      vertex -33.1949 0.546575 2.17369
      vertex -32.5971 0.298961 2.17369
    endloop
  endfacet
  facet normal 0.865191 0.0423698 -0.499649
    outer loop
      vertex 35.8097 78.7975 1.54329
      vertex 35.4683 79.1038 0.978097
      vertex 35.7947 79.1038 1.54329
    endloop
  endfacet
  facet normal 0.865247 0.042655 -0.499528
    outer loop
      vertex 35.4683 79.1038 0.978097
      vertex 35.8097 78.7975 1.54329
      vertex 35.4834 78.7975 0.978097
    endloop
  endfacet
  facet normal 0.857666 -0.514208 0
    outer loop
      vertex 35.2227 2.37347 7
      vertex 35.3487 2.58363 2.17369
      vertex 35.3487 2.58363 7
    endloop
  endfacet
  facet normal 0.857666 -0.514208 0
    outer loop
      vertex 35.3487 2.58363 2.17369
      vertex 35.2227 2.37347 7
      vertex 35.2227 2.37347 2.17369
    endloop
  endfacet
  facet normal 0.941608 0.33671 0
    outer loop
      vertex 35.7836 80.2253 7
      vertex 35.6922 80.4809 2.17369
      vertex 35.6922 80.4809 7
    endloop
  endfacet
  facet normal 0.941608 0.33671 0
    outer loop
      vertex 35.6922 80.4809 2.17369
      vertex 35.7836 80.2253 7
      vertex 35.7836 80.2253 2.17369
    endloop
  endfacet
  facet normal 0.923889 0.382661 0
    outer loop
      vertex 35.6922 80.4809 7
      vertex 35.4446 81.0787 2.17369
      vertex 35.4446 81.0787 7
    endloop
  endfacet
  facet normal 0.923889 0.382661 0
    outer loop
      vertex 35.4446 81.0787 2.17369
      vertex 35.6922 80.4809 7
      vertex 35.6922 80.4809 2.17369
    endloop
  endfacet
  facet normal -0.840112 -0.210373 -0.499955
    outer loop
      vertex -35.3053 3.7619 0.978097
      vertex -35.68 3.91505 1.54329
      vertex -35.3648 3.99951 0.978097
    endloop
  endfacet
  facet normal -0.840112 -0.210373 -0.499955
    outer loop
      vertex -35.68 3.91505 1.54329
      vertex -35.3053 3.7619 0.978097
      vertex -35.6205 3.67744 1.54329
    endloop
  endfacet
  facet normal -0.666856 -0.238606 -0.705954
    outer loop
      vertex -35.2227 3.53105 0.978097
      vertex -34.8595 3.88134 0.516617
      vertex -34.7769 3.65049 0.516617
    endloop
  endfacet
  facet normal -0.666856 -0.238606 -0.705954
    outer loop
      vertex -34.8595 3.88134 0.516617
      vertex -35.2227 3.53105 0.978097
      vertex -35.3053 3.7619 0.978097
    endloop
  endfacet
  facet normal -0.471977 -0.168877 -0.865285
    outer loop
      vertex -34.7769 3.65049 0.516617
      vertex -34.3136 4.02762 0.190302
      vertex -34.231 3.79677 0.190302
    endloop
  endfacet
  facet normal -0.471977 -0.168877 -0.865285
    outer loop
      vertex -34.3136 4.02762 0.190302
      vertex -34.7769 3.65049 0.516617
      vertex -34.8595 3.88134 0.516617
    endloop
  endfacet
  facet normal -0.403554 -0.299339 -0.864604
    outer loop
      vertex -34.2482 2.65499 0.516617
      vertex -33.9047 3.13442 0.190302
      vertex -33.7587 2.93759 0.190302
    endloop
  endfacet
  facet normal -0.403564 -0.299331 -0.864602
    outer loop
      vertex -33.9047 3.13442 0.190302
      vertex -34.2482 2.65499 0.516617
      vertex -34.3942 2.85183 0.516617
    endloop
  endfacet
  facet normal -0.803181 -0.595735 0
    outer loop
      vertex -35.0767 2.17663 2.17369
      vertex -35.2227 2.37347 7
      vertex -35.2227 2.37347 2.17369
    endloop
  endfacet
  facet normal -0.803181 -0.595735 0
    outer loop
      vertex -35.2227 2.37347 7
      vertex -35.0767 2.17663 2.17369
      vertex -35.0767 2.17663 7
    endloop
  endfacet
  facet normal -0.766762 -0.588369 -0.256704
    outer loop
      vertex -34.6828 1.6633 2.17369
      vertex -35.0767 2.17663 2.17369
      vertex -34.5634 1.78274 1.54329
    endloop
  endfacet
  facet normal -0.641844 -0.581824 -0.499517
    outer loop
      vertex -34.1681 1.8319 0.978097
      vertex -34.5634 1.78274 1.54329
      vertex -34.3327 2.01348 0.978097
    endloop
  endfacet
  facet normal -0.641844 -0.581824 -0.499517
    outer loop
      vertex -34.5634 1.78274 1.54329
      vertex -34.1681 1.8319 0.978097
      vertex -34.3988 1.60116 1.54329
    endloop
  endfacet
  facet normal -0.0628995 -0.251091 -0.965918
    outer loop
      vertex -31.7348 1.62689 0.190302
      vertex -31.8092 2.29532 0.0213881
      vertex -31.5716 2.2358 0.0213881
    endloop
  endfacet
  facet normal -0.0628995 -0.251091 -0.965918
    outer loop
      vertex -31.8092 2.29532 0.0213881
      vertex -31.7348 1.62689 0.190302
      vertex -31.9724 1.68641 0.190302
    endloop
  endfacet
  facet normal 0.0926981 -0.704062 -0.704062
    outer loop
      vertex 31.7581 0.599244 0.978097
      vertex 31.2448 0.531662 0.978097
      vertex 31.2448 0.993142 0.516617
    endloop
  endfacet
  facet normal 0.0347111 -0.706681 -0.706681
    outer loop
      vertex 30.9385 0.978097 0.516617
      vertex 31.2448 0.531662 0.978097
      vertex 30.9385 0.516617 0.978097
    endloop
  endfacet
  facet normal 0.0347111 -0.706681 -0.706681
    outer loop
      vertex 31.2448 0.531662 0.978097
      vertex 30.9385 0.978097 0.516617
      vertex 31.2448 0.993142 0.516617
    endloop
  endfacet
  facet normal 0.121509 -0.485057 -0.866
    outer loop
      vertex 31.8811 1.08095 0.516617
      vertex 31.9724 1.68641 0.190302
      vertex 32.1187 1.14047 0.516617
    endloop
  endfacet
  facet normal 0.121509 -0.485057 -0.866
    outer loop
      vertex 31.9724 1.68641 0.190302
      vertex 31.8811 1.08095 0.516617
      vertex 31.7348 1.62689 0.190302
    endloop
  endfacet
  facet normal 0.2347 -0.110965 -0.965714
    outer loop
      vertex 33.4847 3.65978 0.0213881
      vertex 34.1354 3.56603 0.190302
      vertex 34.0307 3.34458 0.190302
    endloop
  endfacet
  facet normal 0.234684 -0.111063 -0.965706
    outer loop
      vertex 34.1354 3.56603 0.190302
      vertex 33.4847 3.65978 0.0213881
      vertex 33.5895 3.88123 0.0213881
    endloop
  endfacet
  facet normal 0.742783 -0.44533 -0.499954
    outer loop
      vertex 35.2024 2.66809 1.54329
      vertex 34.7938 2.62109 0.978097
      vertex 34.9198 2.83125 0.978097
    endloop
  endfacet
  facet normal 0.742783 -0.44533 -0.499954
    outer loop
      vertex 34.7938 2.62109 0.978097
      vertex 35.2024 2.66809 1.54329
      vertex 35.0764 2.45793 1.54329
    endloop
  endfacet
  facet normal 0.656083 -0.271842 -0.704029
    outer loop
      vertex 35.0245 3.0527 0.978097
      vertex 34.6249 3.28344 0.516617
      vertex 35.2227 3.53105 0.978097
    endloop
  endfacet
  facet normal 0.244457 -0.0874687 -0.965707
    outer loop
      vertex 34.231 3.79677 0.190302
      vertex 33.7047 4.19078 0.0213881
      vertex 34.3136 4.02762 0.190302
    endloop
  endfacet
  facet normal 0.244457 -0.0874687 -0.965707
    outer loop
      vertex 33.7047 4.19078 0.0213881
      vertex 34.231 3.79677 0.190302
      vertex 33.6221 3.95993 0.0213881
    endloop
  endfacet
  facet normal 0.258689 -0.0339978 -0.965362
    outer loop
      vertex 34.4091 4.50757 0.190302
      vertex 33.8002 4.67073 0.0213881
      vertex 33.8113 4.75519 0.0213881
    endloop
  endfacet
  facet normal 0.485046 -0.121665 -0.865984
    outer loop
      vertex 34.3136 4.02762 0.190302
      vertex 34.9191 4.11895 0.516617
      vertex 34.8595 3.88134 0.516617
    endloop
  endfacet
  facet normal 0.485034 -0.121457 -0.86602
    outer loop
      vertex 34.9191 4.11895 0.516617
      vertex 34.3136 4.02762 0.190302
      vertex 34.3731 4.26523 0.190302
    endloop
  endfacet
  facet normal 0.464884 -0.19261 -0.864167
    outer loop
      vertex 34.6249 3.28344 0.516617
      vertex 34.1354 3.56603 0.190302
      vertex 34.231 3.79677 0.190302
    endloop
  endfacet
  facet normal 0.464953 -0.192543 -0.864144
    outer loop
      vertex 34.6249 3.28344 0.516617
      vertex 34.231 3.79677 0.190302
      vertex 34.7769 3.65049 0.516617
    endloop
  endfacet
  facet normal 0.174051 -0.191968 -0.965844
    outer loop
      vertex 33.2606 2.39331 0.190302
      vertex 32.9964 3.00362 0.0213881
      vertex 33.4421 2.55787 0.190302
    endloop
  endfacet
  facet normal 0.173976 -0.192003 -0.965851
    outer loop
      vertex 32.9964 3.00362 0.0213881
      vertex 33.2606 2.39331 0.190302
      vertex 32.8148 2.83907 0.0213881
    endloop
  endfacet
  facet normal 0.422553 -0.569868 -0.704769
    outer loop
      vertex 33.1482 1.60581 0.516617
      vertex 33.5758 1.35215 0.978097
      vertex 33.3789 1.20615 0.978097
    endloop
  endfacet
  facet normal 0.422655 -0.569754 -0.7048
    outer loop
      vertex 33.5758 1.35215 0.978097
      vertex 33.1482 1.60581 0.516617
      vertex 33.345 1.7518 0.516617
    endloop
  endfacet
  facet normal 0.0998179 -0.241059 -0.965364
    outer loop
      vertex 32.2032 1.76901 0.190302
      vertex 32.0401 2.37792 0.0213881
      vertex 32.434 1.86458 0.190302
    endloop
  endfacet
  facet normal 0.302761 -0.640297 -0.705943
    outer loop
      vertex 32.9473 0.975455 0.978097
      vertex 32.938 1.47985 0.516617
      vertex 33.1688 1.08019 0.978097
    endloop
  endfacet
  facet normal 0.302898 -0.640267 -0.705912
    outer loop
      vertex 32.938 1.47985 0.516617
      vertex 32.9473 0.975455 0.978097
      vertex 32.7166 1.37511 0.516617
    endloop
  endfacet
  facet normal 0.133055 -0.222039 -0.965917
    outer loop
      vertex 32.3402 2.51525 0.0213881
      vertex 32.8656 2.09528 0.190302
      vertex 32.6554 1.96932 0.190302
    endloop
  endfacet
  facet normal 0.133061 -0.222032 -0.965918
    outer loop
      vertex 32.8656 2.09528 0.190302
      vertex 32.3402 2.51525 0.0213881
      vertex 32.5504 2.64122 0.0213881
    endloop
  endfacet
  facet normal 0.257033 -0.428933 -0.865997
    outer loop
      vertex 32.6554 1.96932 0.190302
      vertex 33.1482 1.60581 0.516617
      vertex 32.938 1.47985 0.516617
    endloop
  endfacet
  facet normal 0.257033 -0.428933 -0.865997
    outer loop
      vertex 33.1482 1.60581 0.516617
      vertex 32.6554 1.96932 0.190302
      vertex 32.8656 2.09528 0.190302
    endloop
  endfacet
  facet normal 0.332091 -0.801814 -0.496799
    outer loop
      vertex 33.1105 0.692858 1.54329
      vertex 32.4689 0.777314 0.978097
      vertex 32.9473 0.975455 0.978097
    endloop
  endfacet
  facet normal 0.403564 -0.299331 -0.864602
    outer loop
      vertex 34.2482 2.65499 0.516617
      vertex 33.9047 3.13442 0.190302
      vertex 34.3942 2.85183 0.516617
    endloop
  endfacet
  facet normal 0.403554 -0.299339 -0.864604
    outer loop
      vertex 33.9047 3.13442 0.190302
      vertex 34.2482 2.65499 0.516617
      vertex 33.7587 2.93759 0.190302
    endloop
  endfacet
  facet normal 0.776336 -0.575429 -0.257263
    outer loop
      vertex 35.2227 2.37347 2.17369
      vertex 34.9305 2.26109 1.54329
      vertex 35.0764 2.45793 1.54329
    endloop
  endfacet
  facet normal 0.776174 -0.575703 -0.257139
    outer loop
      vertex 34.9305 2.26109 1.54329
      vertex 35.2227 2.37347 2.17369
      vertex 35.0767 2.17663 2.17369
    endloop
  endfacet
  facet normal 0.76674 -0.588419 -0.256655
    outer loop
      vertex 35.0767 2.17663 2.17369
      vertex 34.5634 1.78274 1.54329
      vertex 34.9305 2.26109 1.54329
    endloop
  endfacet
  facet normal 0.126155 -0.95821 -0.256744
    outer loop
      vertex 31.8863 0.120891 2.17369
      vertex 31.2448 0.0364332 2.17369
      vertex 31.8426 0.284048 1.54329
    endloop
  endfacet
  facet normal 0.126149 -0.95821 -0.256749
    outer loop
      vertex 31.8426 0.284048 1.54329
      vertex 31.2448 0.0364332 2.17369
      vertex 31.2448 0.205347 1.54329
    endloop
  endfacet
  facet normal 0.292041 -0.816058 -0.49876
    outer loop
      vertex 32.4689 0.777314 0.978097
      vertex 32.3226 0.379522 1.54329
      vertex 32.2381 0.694718 0.978097
    endloop
  endfacet
  facet normal 0.292041 -0.816058 -0.49876
    outer loop
      vertex 32.3226 0.379522 1.54329
      vertex 32.4689 0.777314 0.978097
      vertex 32.5534 0.462118 1.54329
    endloop
  endfacet
  facet normal 0.989205 -0.14654 0
    outer loop
      vertex 35.8432 3.87134 7
      vertex 35.8791 4.11368 5.95588
      vertex 35.8791 4.11368 7
    endloop
  endfacet
  facet normal 0.989198 -0.146585 -1.08307e-05
    outer loop
      vertex 35.8791 4.11368 5.95588
      vertex 35.8432 3.87134 7
      vertex 35.8672 4.03338 5.89633
    endloop
  endfacet
  facet normal 0.989209 -0.146513 0
    outer loop
      vertex 35.8672 4.03338 5.89633
      vertex 35.8432 3.87134 7
      vertex 35.8432 3.87134 5.74946
    endloop
  endfacet
  facet normal 0.941543 -0.336892 0
    outer loop
      vertex 35.701 3.40288 7
      vertex 35.7836 3.63373 5.49978
      vertex 35.7836 3.63373 7
    endloop
  endfacet
  facet normal 0.942016 -0.335568 0.000229666
    outer loop
      vertex 35.7836 3.63373 5.49978
      vertex 35.701 3.40288 7
      vertex 35.7729 3.60367 5.46662
    endloop
  endfacet
  facet normal 0.941455 -0.33714 -2.40145e-06
    outer loop
      vertex 35.7729 3.60367 5.46662
      vertex 35.701 3.40288 7
      vertex 35.708 3.42244 5.22227
    endloop
  endfacet
  facet normal 0.941524 -0.336946 0
    outer loop
      vertex 35.708 3.42244 5.22227
      vertex 35.701 3.40288 7
      vertex 35.701 3.40288 5.18962
    endloop
  endfacet
  facet normal 0.965932 0 -0.258797
    outer loop
      vertex 35.9786 8.79781 2.17369
      vertex 35.8097 78.7975 1.54329
      vertex 35.9786 78.7975 2.17369
    endloop
  endfacet
  facet normal 0.965888 -1.58769e-06 -0.258962
    outer loop
      vertex 35.9424 8.73396 2.03867
      vertex 35.8097 78.7975 1.54329
      vertex 35.9786 8.79781 2.17369
    endloop
  endfacet
  facet normal 0.965943 -1.70462e-08 -0.258755
    outer loop
      vertex 35.8725 8.57756 1.77773
      vertex 35.8097 78.7975 1.54329
      vertex 35.9424 8.73396 2.03867
    endloop
  endfacet
  facet normal 0.965944 0 -0.25875
    outer loop
      vertex 35.8097 78.7975 1.54329
      vertex 35.8725 8.57756 1.77773
      vertex 35.8097 8.40368 1.54329
    endloop
  endfacet
  facet normal 0.783584 -0.370473 -0.498745
    outer loop
      vertex 35.3071 2.88954 1.54329
      vertex 34.9198 2.83125 0.978097
      vertex 35.0245 3.0527 0.978097
    endloop
  endfacet
  facet normal 0.783584 -0.370473 -0.498745
    outer loop
      vertex 34.9198 2.83125 0.978097
      vertex 35.3071 2.88954 1.54329
      vertex 35.2024 2.66809 1.54329
    endloop
  endfacet
  facet normal 0.816309 -0.291807 -0.498487
    outer loop
      vertex 35.5379 3.44659 1.54329
      vertex 35.5595 3.69378 1.43396
      vertex 35.588 3.60367 1.53338
    endloop
  endfacet
  facet normal 0.817191 -0.29199 -0.49693
    outer loop
      vertex 35.5379 3.44659 1.54329
      vertex 35.588 3.60367 1.53338
      vertex 35.5914 3.59632 1.54329
    endloop
  endfacet
  facet normal 0.8161 -0.292007 -0.498711
    outer loop
      vertex 35.5595 3.69378 1.43396
      vertex 35.2227 3.53105 0.978097
      vertex 35.3053 3.7619 0.978097
    endloop
  endfacet
  facet normal 0.816109 -0.291908 -0.498754
    outer loop
      vertex 35.5595 3.69378 1.43396
      vertex 35.5379 3.44659 1.54329
      vertex 35.2227 3.53105 0.978097
    endloop
  endfacet
  facet normal -0.801775 0.332173 -0.496808
    outer loop
      vertex -35.2227 79.4689 0.978097
      vertex -35.3071 80.1105 1.54329
      vertex -35.0245 79.9473 0.978097
    endloop
  endfacet
  facet normal -0.783565 0.370548 -0.498718
    outer loop
      vertex -34.9198 80.1688 0.978097
      vertex -35.3071 80.1105 1.54329
      vertex -35.2024 80.3319 1.54329
    endloop
  endfacet
  facet normal -0.783607 0.3704 -0.498762
    outer loop
      vertex -35.3071 80.1105 1.54329
      vertex -34.9198 80.1688 0.978097
      vertex -35.0245 79.9473 0.978097
    endloop
  endfacet
  facet normal -0.524354 0.47498 -0.706716
    outer loop
      vertex -34.3327 80.9865 0.978097
      vertex -33.8418 80.8418 0.516617
      vertex -34.0063 80.6602 0.516617
    endloop
  endfacet
  facet normal -0.524249 0.475173 -0.706664
    outer loop
      vertex -33.8418 80.8418 0.516617
      vertex -34.3327 80.9865 0.978097
      vertex -34.1681 81.1681 0.978097
    endloop
  endfacet
  facet normal -0.432316 0.563315 -0.704116
    outer loop
      vertex -33.345 81.2482 0.516617
      vertex -33.6602 81.0063 0.516617
      vertex -33.5758 81.6479 0.978097
    endloop
  endfacet
  facet normal 0.685931 0.17206 -0.707031
    outer loop
      vertex 34.8595 79.9776 0.516617
      vertex 35.3648 79.8595 0.978097
      vertex 34.9191 79.74 0.516617
    endloop
  endfacet
  facet normal 0.68593 0.171771 -0.707103
    outer loop
      vertex 35.3648 79.8595 0.978097
      vertex 34.8595 79.9776 0.516617
      vertex 35.3053 80.0971 0.978097
    endloop
  endfacet
  facet normal 0.451446 0.217334 -0.865426
    outer loop
      vertex 33.8131 80.9784 0.190302
      vertex 34.5552 80.7363 0.516617
      vertex 34.0657 80.4537 0.190302
    endloop
  endfacet
  facet normal 0.451454 0.217379 -0.865411
    outer loop
      vertex 34.5552 80.7363 0.516617
      vertex 33.8131 80.9784 0.190302
      vertex 34.3026 81.2609 0.516617
    endloop
  endfacet
  facet normal 0.656069 0.271671 -0.704109
    outer loop
      vertex 35.2138 80.3527 0.978097
      vertex 34.616 80.6003 0.516617
      vertex 35.0157 80.8311 0.978097
    endloop
  endfacet
  facet normal 0.244442 0.0875055 -0.965708
    outer loop
      vertex 33.7047 79.6682 0.0213881
      vertex 34.2221 80.087 0.190302
      vertex 34.3136 79.8314 0.190302
    endloop
  endfacet
  facet normal 0.244442 0.0875055 -0.965708
    outer loop
      vertex 34.2221 80.087 0.190302
      vertex 33.7047 79.6682 0.0213881
      vertex 33.6132 79.9238 0.0213881
    endloop
  endfacet
  facet normal -0.0340413 -0.258677 -0.965364
    outer loop
      vertex -31.2448 2.18873 0.0213881
      vertex -31.4924 1.59094 0.190302
      vertex -31.3293 2.19985 0.0213881
    endloop
  endfacet
  facet normal -0.0381631 0.257574 -0.965505
    outer loop
      vertex -31.5716 80.7642 0.0213881
      vertex -31.4924 81.4091 0.190302
      vertex -31.3293 80.8001 0.0213881
    endloop
  endfacet
  facet normal -0.038255 0.257584 -0.965498
    outer loop
      vertex -31.4924 81.4091 0.190302
      vertex -31.5716 80.7642 0.0213881
      vertex -31.7348 81.3731 0.190302
    endloop
  endfacet
  facet normal -0.0738163 0.49703 -0.864588
    outer loop
      vertex -31.7348 81.3731 0.190302
      vertex -31.6387 81.955 0.516617
      vertex -31.4924 81.4091 0.190302
    endloop
  endfacet
  facet normal -0.0736086 0.497012 -0.864616
    outer loop
      vertex -31.6387 81.955 0.516617
      vertex -31.7348 81.3731 0.190302
      vertex -31.8811 81.9191 0.516617
    endloop
  endfacet
  facet normal -0.0657387 0.49893 -0.864145
    outer loop
      vertex -31.4924 81.4091 0.190302
      vertex -31.6387 81.955 0.516617
      vertex -31.2448 82.0069 0.516617
    endloop
  endfacet
  facet normal -0.113153 0.860465 -0.496786
    outer loop
      vertex -31.7581 82.4008 0.978097
      vertex -31.8426 82.716 1.54329
      vertex -31.2448 82.4683 0.978097
    endloop
  endfacet
  facet normal -0.0472504 0.964853 -0.258508
    outer loop
      vertex -30.9385 82.8097 1.54329
      vertex -31.2448 82.9636 2.17369
      vertex -30.9385 82.9786 2.17369
    endloop
  endfacet
  facet normal -0.0472504 0.964853 -0.258508
    outer loop
      vertex -31.2448 82.9636 2.17369
      vertex -30.9385 82.8097 1.54329
      vertex -31.2448 82.7947 1.54329
    endloop
  endfacet
  facet normal -0.127429 0.85802 -0.497557
    outer loop
      vertex -32.0005 82.3648 0.978097
      vertex -31.8426 82.716 1.54329
      vertex -31.7581 82.4008 0.978097
    endloop
  endfacet
  facet normal -0.127481 0.858021 -0.497543
    outer loop
      vertex -31.8426 82.716 1.54329
      vertex -32.0005 82.3648 0.978097
      vertex -32.0849 82.68 1.54329
    endloop
  endfacet
  facet normal -0.113271 0.860395 -0.49688
    outer loop
      vertex -31.2448 82.4683 0.978097
      vertex -31.8426 82.716 1.54329
      vertex -31.2448 82.7947 1.54329
    endloop
  endfacet
  facet normal -0.257085 0.428883 -0.866006
    outer loop
      vertex -33.1482 81.3942 0.516617
      vertex -32.6554 81.0307 0.190302
      vertex -32.8656 80.9047 0.190302
    endloop
  endfacet
  facet normal -0.257085 0.428883 -0.866006
    outer loop
      vertex -32.6554 81.0307 0.190302
      vertex -33.1482 81.3942 0.516617
      vertex -32.938 81.5202 0.516617
    endloop
  endfacet
  facet normal -0.936931 0.235021 -0.258699
    outer loop
      vertex -35.6205 79.3226 1.54329
      vertex -35.8432 79.1287 2.17369
      vertex -35.7836 79.3663 2.17369
    endloop
  endfacet
  facet normal -0.937003 0.234546 -0.258871
    outer loop
      vertex -35.8432 79.1287 2.17369
      vertex -35.6205 79.3226 1.54329
      vertex -35.68 79.0849 1.54329
    endloop
  endfacet
  facet normal -0.588375 0.766762 -0.256692
    outer loop
      vertex -33.7389 81.9305 1.54329
      vertex -34.2173 81.5634 1.54329
      vertex -33.8234 82.0767 2.17369
    endloop
  endfacet
  facet normal -0.47498 0.524354 -0.706716
    outer loop
      vertex -33.8418 80.8418 0.516617
      vertex -33.9865 81.3327 0.978097
      vertex -33.6602 81.0063 0.516617
    endloop
  endfacet
  facet normal -0.475173 0.524249 -0.706664
    outer loop
      vertex -33.9865 81.3327 0.978097
      vertex -33.8418 80.8418 0.516617
      vertex -34.1681 81.1681 0.978097
    endloop
  endfacet
  facet normal -0.238656 0.666851 -0.705941
    outer loop
      vertex -32.4689 82.2227 0.978097
      vertex -32.1187 81.8595 0.516617
      vertex -32.3495 81.7769 0.516617
    endloop
  endfacet
  facet normal -0.238656 0.666851 -0.705941
    outer loop
      vertex -32.1187 81.8595 0.516617
      vertex -32.4689 82.2227 0.978097
      vertex -32.2381 82.3053 0.978097
    endloop
  endfacet
  facet normal -0.701753 0.103931 -0.704799
    outer loop
      vertex -35.4008 78.7581 0.978097
      vertex -34.9191 78.8811 0.516617
      vertex -34.955 78.6387 0.516617
    endloop
  endfacet
  facet normal -0.70177 0.104223 -0.704739
    outer loop
      vertex -34.9191 78.8811 0.516617
      vertex -35.4008 78.7581 0.978097
      vertex -35.3648 79.0005 0.978097
    endloop
  endfacet
  facet normal -0.640367 -0.302761 -0.70588
    outer loop
      vertex -35.0245 3.0527 0.978097
      vertex -34.5202 3.06199 0.516617
      vertex -34.9198 2.83125 0.978097
    endloop
  endfacet
  facet normal -0.640367 -0.302761 -0.70588
    outer loop
      vertex -34.5202 3.06199 0.516617
      vertex -35.0245 3.0527 0.978097
      vertex -34.6249 3.28344 0.516617
    endloop
  endfacet
  facet normal -0.528374 -0.688463 -0.49683
    outer loop
      vertex -33.5758 1.35215 0.978097
      vertex -34.2173 1.43661 1.54329
      vertex -33.9865 1.66735 0.978097
    endloop
  endfacet
  facet normal -0.432359 -0.563357 -0.704056
    outer loop
      vertex -33.5758 1.35215 0.978097
      vertex -33.9865 1.66735 0.978097
      vertex -33.6602 1.99366 0.516617
    endloop
  endfacet
  facet normal -0.648626 -0.715834 -0.258582
    outer loop
      vertex -34.3988 1.60116 1.54329
      vertex -34.3367 1.31717 2.17369
      vertex -34.5183 1.48172 2.17369
    endloop
  endfacet
  facet normal -0.648839 -0.715675 -0.258489
    outer loop
      vertex -34.3367 1.31717 2.17369
      vertex -34.3988 1.60116 1.54329
      vertex -34.2173 1.43661 1.54329
    endloop
  endfacet
  facet normal -0.399232 -0.30639 -0.86414
    outer loop
      vertex -34.0063 2.33979 0.516617
      vertex -34.2482 2.65499 0.516617
      vertex -33.6067 2.73944 0.190302
    endloop
  endfacet
  facet normal -0.422553 -0.569868 -0.704769
    outer loop
      vertex -33.5758 1.35215 0.978097
      vertex -33.1482 1.60581 0.516617
      vertex -33.3789 1.20615 0.978097
    endloop
  endfacet
  facet normal -0.422655 -0.569754 -0.7048
    outer loop
      vertex -33.1482 1.60581 0.516617
      vertex -33.5758 1.35215 0.978097
      vertex -33.345 1.7518 0.516617
    endloop
  endfacet
  facet normal -0.0490597 -0.998796 0
    outer loop
      vertex -31.2448 0.0364332 2.17369
      vertex -30.9385 0.0213881 7
      vertex -31.2448 0.0364332 7
    endloop
  endfacet
  facet normal -0.0490597 -0.998796 -0
    outer loop
      vertex -30.9385 0.0213881 7
      vertex -31.2448 0.0364332 2.17369
      vertex -30.9385 0.0213881 2.17369
    endloop
  endfacet
  facet normal 0.595607 -0.803276 0
    outer loop
      vertex 33.6265 0.777272 2.17369
      vertex 33.8234 0.923268 7
      vertex 33.6265 0.777272 7
    endloop
  endfacet
  facet normal 0.595607 -0.803276 0
    outer loop
      vertex 33.8234 0.923268 7
      vertex 33.6265 0.777272 2.17369
      vertex 33.8234 0.923268 2.17369
    endloop
  endfacet
  facet normal 0.671463 -0.741038 0
    outer loop
      vertex 34.3367 1.31717 2.17369
      vertex 34.5183 1.48172 7
      vertex 34.3367 1.31717 7
    endloop
  endfacet
  facet normal 0.671463 -0.741038 0
    outer loop
      vertex 34.5183 1.48172 7
      vertex 34.3367 1.31717 2.17369
      vertex 34.5183 1.48172 2.17369
    endloop
  endfacet
  facet normal 0.828444 -0.496688 -0.258807
    outer loop
      vertex 35.3487 2.58363 2.17369
      vertex 35.0764 2.45793 1.54329
      vertex 35.2024 2.66809 1.54329
    endloop
  endfacet
  facet normal 0.828444 -0.496688 -0.258807
    outer loop
      vertex 35.0764 2.45793 1.54329
      vertex 35.3487 2.58363 2.17369
      vertex 35.2227 2.37347 2.17369
    endloop
  endfacet
  facet normal 0.427469 -0.90403 0
    outer loop
      vertex 33.1949 0.546575 2.17369
      vertex 33.4164 0.651311 7
      vertex 33.1949 0.546575 7
    endloop
  endfacet
  facet normal 0.427469 -0.90403 0
    outer loop
      vertex 33.4164 0.651311 7
      vertex 33.1949 0.546575 2.17369
      vertex 33.4164 0.651311 2.17369
    endloop
  endfacet
  facet normal -0.370652 -0.783516 -0.498718
    outer loop
      vertex -33.1688 1.08019 0.978097
      vertex -33.1105 0.692858 1.54329
      vertex -33.3319 0.797594 1.54329
    endloop
  endfacet
  facet normal -0.370501 -0.783559 -0.498763
    outer loop
      vertex -33.1105 0.692858 1.54329
      vertex -33.1688 1.08019 0.978097
      vertex -32.9473 0.975455 0.978097
    endloop
  endfacet
  facet normal -0.685942 -0.171767 -0.707092
    outer loop
      vertex -35.3648 3.99951 0.978097
      vertex -34.8595 3.88134 0.516617
      vertex -35.3053 3.7619 0.978097
    endloop
  endfacet
  facet normal -0.685944 -0.172056 -0.70702
    outer loop
      vertex -34.8595 3.88134 0.516617
      vertex -35.3648 3.99951 0.978097
      vertex -34.9191 4.11895 0.516617
    endloop
  endfacet
  facet normal -0.563337 -0.432333 -0.704088
    outer loop
      vertex -34.0063 2.33979 0.516617
      vertex -34.6479 2.42425 0.978097
      vertex -34.2482 2.65499 0.516617
    endloop
  endfacet
  facet normal -0.569777 -0.422614 -0.704806
    outer loop
      vertex -34.6479 2.42425 0.978097
      vertex -34.3942 2.85183 0.516617
      vertex -34.2482 2.65499 0.516617
    endloop
  endfacet
  facet normal -0.569954 -0.422456 -0.704757
    outer loop
      vertex -34.3942 2.85183 0.516617
      vertex -34.6479 2.42425 0.978097
      vertex -34.7938 2.62109 0.978097
    endloop
  endfacet
  facet normal 0.0737134 -0.497027 -0.864598
    outer loop
      vertex 31.6387 1.045 0.516617
      vertex 31.7348 1.62689 0.190302
      vertex 31.8811 1.08095 0.516617
    endloop
  endfacet
  facet normal 0.0737134 -0.497027 -0.864598
    outer loop
      vertex 31.7348 1.62689 0.190302
      vertex 31.6387 1.045 0.516617
      vertex 31.4924 1.59094 0.190302
    endloop
  endfacet
  facet normal 0.241052 -0.0998511 -0.965362
    outer loop
      vertex 34.1354 3.56603 0.190302
      vertex 33.5895 3.88123 0.0213881
      vertex 33.6221 3.95993 0.0213881
    endloop
  endfacet
  facet normal 0.497009 -0.0736265 -0.864616
    outer loop
      vertex 34.3731 4.26523 0.190302
      vertex 34.955 4.36129 0.516617
      vertex 34.9191 4.11895 0.516617
    endloop
  endfacet
  facet normal 0.497028 -0.0738343 -0.864588
    outer loop
      vertex 34.955 4.36129 0.516617
      vertex 34.3731 4.26523 0.190302
      vertex 34.4091 4.50757 0.190302
    endloop
  endfacet
  facet normal 0.257584 -0.0382645 -0.965498
    outer loop
      vertex 33.7642 4.42839 0.0213881
      vertex 34.4091 4.50757 0.190302
      vertex 34.3731 4.26523 0.190302
    endloop
  endfacet
  facet normal 0.257584 -0.0382645 -0.965498
    outer loop
      vertex 34.4091 4.50757 0.190302
      vertex 33.7642 4.42839 0.0213881
      vertex 33.8002 4.67073 0.0213881
    endloop
  endfacet
  facet normal 0.528315 -0.688568 -0.496746
    outer loop
      vertex 33.7389 1.06955 1.54329
      vertex 33.5758 1.35215 0.978097
      vertex 34.2173 1.43661 1.54329
    endloop
  endfacet
  facet normal 0.087483 -0.244444 -0.965709
    outer loop
      vertex 31.8092 2.29532 0.0213881
      vertex 32.2032 1.76901 0.190302
      vertex 31.9724 1.68641 0.190302
    endloop
  endfacet
  facet normal 0.0874529 -0.244466 -0.965706
    outer loop
      vertex 32.2032 1.76901 0.190302
      vertex 31.8092 2.29532 0.0213881
      vertex 32.0401 2.37792 0.0213881
    endloop
  endfacet
  facet normal 0.271741 -0.656102 -0.70405
    outer loop
      vertex 32.9473 0.975455 0.978097
      vertex 32.4689 0.777314 0.978097
      vertex 32.7166 1.37511 0.516617
    endloop
  endfacet
  facet normal 0.696875 -0.516532 -0.497554
    outer loop
      vertex 35.0764 2.45793 1.54329
      vertex 34.6479 2.42425 0.978097
      vertex 34.7938 2.62109 0.978097
    endloop
  endfacet
  facet normal 0.696875 -0.516532 -0.497554
    outer loop
      vertex 34.6479 2.42425 0.978097
      vertex 35.0764 2.45793 1.54329
      vertex 34.9305 2.26109 1.54329
    endloop
  endfacet
  facet normal -0.306403 0.399248 -0.864129
    outer loop
      vertex -33.2606 80.6067 0.190302
      vertex -33.6602 81.0063 0.516617
      vertex -33.345 81.2482 0.516617
    endloop
  endfacet
  facet normal 0.840119 0.210383 -0.499939
    outer loop
      vertex 35.68 79.9439 1.54329
      vertex 35.3053 80.0971 0.978097
      vertex 35.6205 80.1815 1.54329
    endloop
  endfacet
  facet normal 0.840119 0.210383 -0.499939
    outer loop
      vertex 35.3053 80.0971 0.978097
      vertex 35.68 79.9439 1.54329
      vertex 35.3648 79.8595 0.978097
    endloop
  endfacet
  facet normal 0.701744 0.103973 -0.704801
    outer loop
      vertex 34.9191 79.74 0.516617
      vertex 35.4008 79.6171 0.978097
      vertex 34.955 79.4977 0.516617
    endloop
  endfacet
  facet normal 0.701758 0.104222 -0.70475
    outer loop
      vertex 35.4008 79.6171 0.978097
      vertex 34.9191 79.74 0.516617
      vertex 35.3648 79.8595 0.978097
    endloop
  endfacet
  facet normal 0.46485 0.192653 -0.864175
    outer loop
      vertex 34.7681 80.2333 0.516617
      vertex 34.2221 80.087 0.190302
      vertex 34.616 80.6003 0.516617
    endloop
  endfacet
  facet normal 0.656085 0.271909 -0.704002
    outer loop
      vertex 34.7681 80.2333 0.516617
      vertex 34.616 80.6003 0.516617
      vertex 35.2138 80.3527 0.978097
    endloop
  endfacet
  facet normal 0.458181 0.205171 -0.864855
    outer loop
      vertex 34.0657 80.4537 0.190302
      vertex 34.616 80.6003 0.516617
      vertex 34.1266 80.3177 0.190302
    endloop
  endfacet
  facet normal 0.458273 0.204875 -0.864877
    outer loop
      vertex 34.616 80.6003 0.516617
      vertex 34.0657 80.4537 0.190302
      vertex 34.5552 80.7363 0.516617
    endloop
  endfacet
  facet normal 0.801862 0.332042 -0.496755
    outer loop
      vertex 35.2138 80.3527 0.978097
      vertex 35.0157 80.8311 0.978097
      vertex 35.2983 80.9942 1.54329
    endloop
  endfacet
  facet normal 0.258681 0.0340209 -0.965363
    outer loop
      vertex 33.8113 79.1038 0.0213881
      vertex 33.8002 79.1882 0.0213881
      vertex 34.4091 79.3514 0.190302
    endloop
  endfacet
  facet normal -0.042373 0.865257 -0.499534
    outer loop
      vertex -30.9385 82.4834 0.978097
      vertex -31.2448 82.7947 1.54329
      vertex -30.9385 82.8097 1.54329
    endloop
  endfacet
  facet normal -0.0426517 0.865181 -0.499643
    outer loop
      vertex -31.2448 82.7947 1.54329
      vertex -30.9385 82.4834 0.978097
      vertex -31.2448 82.4683 0.978097
    endloop
  endfacet
  facet normal -0.103931 0.701753 -0.704799
    outer loop
      vertex -31.8811 81.9191 0.516617
      vertex -31.7581 82.4008 0.978097
      vertex -31.6387 81.955 0.516617
    endloop
  endfacet
  facet normal -0.104223 0.70177 -0.704739
    outer loop
      vertex -31.7581 82.4008 0.978097
      vertex -31.8811 81.9191 0.516617
      vertex -32.0005 82.3648 0.978097
    endloop
  endfacet
  facet normal -0.575513 0.776291 -0.257209
    outer loop
      vertex -33.7389 81.9305 1.54329
      vertex -33.6265 82.2227 2.17369
      vertex -33.5421 82.0764 1.54329
    endloop
  endfacet
  facet normal -0.575584 0.77625 -0.257177
    outer loop
      vertex -33.6265 82.2227 2.17369
      vertex -33.7389 81.9305 1.54329
      vertex -33.8234 82.0767 2.17369
    endloop
  endfacet
  facet normal -0.641728 0.581975 -0.49949
    outer loop
      vertex -34.1681 81.1681 0.978097
      vertex -34.5634 81.2173 1.54329
      vertex -34.3988 81.3988 1.54329
    endloop
  endfacet
  facet normal -0.641857 0.581771 -0.499562
    outer loop
      vertex -34.5634 81.2173 1.54329
      vertex -34.1681 81.1681 0.978097
      vertex -34.3327 80.9865 0.978097
    endloop
  endfacet
  facet normal -0.648955 0.715585 -0.258449
    outer loop
      vertex -34.3988 81.3988 1.54329
      vertex -34.3367 81.6828 2.17369
      vertex -34.2173 81.5634 1.54329
    endloop
  endfacet
  facet normal -0.648507 0.71592 -0.258644
    outer loop
      vertex -34.3367 81.6828 2.17369
      vertex -34.3988 81.3988 1.54329
      vertex -34.5183 81.5183 2.17369
    endloop
  endfacet
  facet normal -0.581771 0.641857 -0.499562
    outer loop
      vertex -34.1681 81.1681 0.978097
      vertex -34.2173 81.5634 1.54329
      vertex -33.9865 81.3327 0.978097
    endloop
  endfacet
  facet normal -0.581975 0.641728 -0.49949
    outer loop
      vertex -34.2173 81.5634 1.54329
      vertex -34.1681 81.1681 0.978097
      vertex -34.3988 81.3988 1.54329
    endloop
  endfacet
  facet normal -0.688479 0.528387 -0.496793
    outer loop
      vertex -34.3327 80.9865 0.978097
      vertex -34.6479 80.5758 0.978097
      vertex -34.5634 81.2173 1.54329
    endloop
  endfacet
  facet normal -0.595618 0.803268 0
    outer loop
      vertex -33.6265 82.2227 2.17369
      vertex -33.8234 82.0767 7
      vertex -33.6265 82.2227 7
    endloop
  endfacet
  facet normal -0.595618 0.803268 0
    outer loop
      vertex -33.8234 82.0767 7
      vertex -33.6265 82.2227 2.17369
      vertex -33.8234 82.0767 2.17369
    endloop
  endfacet
  facet normal -0.325556 0.909665 -0.257921
    outer loop
      vertex -32.5534 82.5379 1.54329
      vertex -32.3663 82.7836 2.17369
      vertex -32.3226 82.6205 1.54329
    endloop
  endfacet
  facet normal -0.325556 0.909665 -0.257921
    outer loop
      vertex -32.3663 82.7836 2.17369
      vertex -32.5534 82.5379 1.54329
      vertex -32.5971 82.701 2.17369
    endloop
  endfacet
  facet normal -0.271823 0.656105 -0.704016
    outer loop
      vertex -32.7166 81.6249 0.516617
      vertex -32.9473 82.0245 0.978097
      vertex -32.4689 82.2227 0.978097
    endloop
  endfacet
  facet normal -0.857666 -0.514208 0
    outer loop
      vertex -35.2227 2.37347 2.17369
      vertex -35.3487 2.58363 7
      vertex -35.3487 2.58363 2.17369
    endloop
  endfacet
  facet normal -0.857666 -0.514208 0
    outer loop
      vertex -35.3487 2.58363 7
      vertex -35.2227 2.37347 2.17369
      vertex -35.2227 2.37347 7
    endloop
  endfacet
  facet normal -0.516836 -0.696691 -0.497495
    outer loop
      vertex -33.5758 1.35215 0.978097
      vertex -33.5421 0.923555 1.54329
      vertex -33.7389 1.06955 1.54329
    endloop
  endfacet
  facet normal -0.516653 -0.696774 -0.497569
    outer loop
      vertex -33.5421 0.923555 1.54329
      vertex -33.5758 1.35215 0.978097
      vertex -33.3789 1.20615 0.978097
    endloop
  endfacet
  facet normal -0.432287 -0.563371 -0.704089
    outer loop
      vertex -33.5758 1.35215 0.978097
      vertex -33.6602 1.99366 0.516617
      vertex -33.345 1.7518 0.516617
    endloop
  endfacet
  facet normal -0.363601 -0.606484 -0.707087
    outer loop
      vertex -33.3789 1.20615 0.978097
      vertex -32.938 1.47985 0.516617
      vertex -33.1688 1.08019 0.978097
    endloop
  endfacet
  facet normal -0.363494 -0.606593 -0.707049
    outer loop
      vertex -32.938 1.47985 0.516617
      vertex -33.3789 1.20615 0.978097
      vertex -33.1482 1.60581 0.516617
    endloop
  endfacet
  facet normal -0.13053 -0.991444 0
    outer loop
      vertex -31.8863 0.120891 2.17369
      vertex -31.2448 0.0364332 7
      vertex -31.8863 0.120891 7
    endloop
  endfacet
  facet normal -0.13053 -0.991444 -0
    outer loop
      vertex -31.2448 0.0364332 7
      vertex -31.8863 0.120891 2.17369
      vertex -31.2448 0.0364332 2.17369
    endloop
  endfacet
  facet normal -0.243304 0.96995 0
    outer loop
      vertex -32.1287 82.8432 2.17369
      vertex -32.3663 82.7836 7
      vertex -32.1287 82.8432 7
    endloop
  endfacet
  facet normal -0.243304 0.96995 0
    outer loop
      vertex -32.3663 82.7836 7
      vertex -32.1287 82.8432 2.17369
      vertex -32.3663 82.7836 2.17369
    endloop
  endfacet
  facet normal -0.130594 0.991436 0
    outer loop
      vertex -31.2448 82.9636 2.17369
      vertex -31.8863 82.8791 7
      vertex -31.2448 82.9636 7
    endloop
  endfacet
  facet normal -0.130594 0.991436 0
    outer loop
      vertex -31.8863 82.8791 7
      vertex -31.2448 82.9636 2.17369
      vertex -31.8863 82.8791 2.17369
    endloop
  endfacet
  facet normal 0 0 -1
    outer loop
      vertex -26.5335 12.8999 0.0213881
      vertex -8.39471 2.17369 0.0213881
      vertex -26.4596 12.6048 0.0213881
    endloop
  endfacet
  facet normal 0 0 -1
    outer loop
      vertex -8.39471 68 0.0213881
      vertex -26.4149 73.6961 0.0213881
      vertex -26.4 74 0.0213881
    endloop
  endfacet
  facet normal 0 0 -1
    outer loop
      vertex -26.636 13.1863 0.0213881
      vertex -8.39471 2.17369 0.0213881
      vertex -26.5335 12.8999 0.0213881
    endloop
  endfacet
  facet normal 0 0 -1
    outer loop
      vertex -8.39471 68 0.0213881
      vertex -26.4596 73.3952 0.0213881
      vertex -26.4149 73.6961 0.0213881
    endloop
  endfacet
  facet normal 0 0 -1
    outer loop
      vertex -26.766 13.4613 0.0213881
      vertex -8.39471 2.17369 0.0213881
      vertex -26.636 13.1863 0.0213881
    endloop
  endfacet
  facet normal 0 0 -1
    outer loop
      vertex -8.39471 68 0.0213881
      vertex -26.5335 73.1001 0.0213881
      vertex -26.4596 73.3952 0.0213881
    endloop
  endfacet
  facet normal 0 0 -1
    outer loop
      vertex -26.9224 13.7223 0.0213881
      vertex -8.39471 2.17369 0.0213881
      vertex -26.766 13.4613 0.0213881
    endloop
  endfacet
  facet normal 0 0 -1
    outer loop
      vertex -8.39471 68 0.0213881
      vertex -26.636 72.8137 0.0213881
      vertex -26.5335 73.1001 0.0213881
    endloop
  endfacet
  facet normal 0 0 -1
    outer loop
      vertex -27.1037 13.9666 0.0213881
      vertex -8.39471 2.17369 0.0213881
      vertex -26.9224 13.7223 0.0213881
    endloop
  endfacet
  facet normal 0 0 -1
    outer loop
      vertex -8.39471 68 0.0213881
      vertex -26.766 72.5387 0.0213881
      vertex -26.636 72.8137 0.0213881
    endloop
  endfacet
  facet normal 0 0 -1
    outer loop
      vertex -8.39471 2.17369 0.0213881
      vertex -27.1037 13.9666 0.0213881
      vertex -8.39471 68 0.0213881
    endloop
  endfacet
  facet normal 0 0 -1
    outer loop
      vertex -8.39471 68 0.0213881
      vertex -26.9224 72.2777 0.0213881
      vertex -26.766 72.5387 0.0213881
    endloop
  endfacet
  facet normal 0 0 -1
    outer loop
      vertex -27.308 14.192 0.0213881
      vertex -8.39471 68 0.0213881
      vertex -27.1037 13.9666 0.0213881
    endloop
  endfacet
  facet normal 0 0 -1
    outer loop
      vertex -8.39471 68 0.0213881
      vertex -27.1037 72.0334 0.0213881
      vertex -26.9224 72.2777 0.0213881
    endloop
  endfacet
  facet normal 0 0 -1
    outer loop
      vertex -27.5334 14.3963 0.0213881
      vertex -8.39471 68 0.0213881
      vertex -27.308 14.192 0.0213881
    endloop
  endfacet
  facet normal 0 0 -1
    outer loop
      vertex -8.39471 68 0.0213881
      vertex -27.308 71.808 0.0213881
      vertex -27.1037 72.0334 0.0213881
    endloop
  endfacet
  facet normal 0 0 -1
    outer loop
      vertex -27.7777 14.5776 0.0213881
      vertex -8.39471 68 0.0213881
      vertex -27.5334 14.3963 0.0213881
    endloop
  endfacet
  facet normal 0 0 -1
    outer loop
      vertex -8.39471 68 0.0213881
      vertex -27.5334 71.6037 0.0213881
      vertex -27.308 71.808 0.0213881
    endloop
  endfacet
  facet normal 0 0 -1
    outer loop
      vertex -28.0387 14.734 0.0213881
      vertex -8.39471 68 0.0213881
      vertex -27.7777 14.5776 0.0213881
    endloop
  endfacet
  facet normal 0 0 -1
    outer loop
      vertex -8.39471 68 0.0213881
      vertex -27.7777 71.4224 0.0213881
      vertex -27.5334 71.6037 0.0213881
    endloop
  endfacet
  facet normal 0 0 -1
    outer loop
      vertex -28.3137 14.864 0.0213881
      vertex -8.39471 68 0.0213881
      vertex -28.0387 14.734 0.0213881
    endloop
  endfacet
  facet normal 0 0 -1
    outer loop
      vertex -8.39471 68 0.0213881
      vertex -28.0387 71.266 0.0213881
      vertex -27.7777 71.4224 0.0213881
    endloop
  endfacet
  facet normal 0 0 -1
    outer loop
      vertex -28.6001 14.9665 0.0213881
      vertex -8.39471 68 0.0213881
      vertex -28.3137 14.864 0.0213881
    endloop
  endfacet
  facet normal 0 0 -1
    outer loop
      vertex -8.39471 68 0.0213881
      vertex -28.3137 71.136 0.0213881
      vertex -28.0387 71.266 0.0213881
    endloop
  endfacet
  facet normal 0 0 -1
    outer loop
      vertex -28.8952 15.0404 0.0213881
      vertex -8.39471 68 0.0213881
      vertex -28.6001 14.9665 0.0213881
    endloop
  endfacet
  facet normal 0 0 -1
    outer loop
      vertex -8.39471 68 0.0213881
      vertex -28.6001 71.0335 0.0213881
      vertex -28.3137 71.136 0.0213881
    endloop
  endfacet
  facet normal 0 0 -1
    outer loop
      vertex -28.8952 70.9596 0.0213881
      vertex -8.39471 68 0.0213881
      vertex -28.8952 15.0404 0.0213881
    endloop
  endfacet
  facet normal 0 0 -1
    outer loop
      vertex -8.39471 68 0.0213881
      vertex -28.8952 70.9596 0.0213881
      vertex -28.6001 71.0335 0.0213881
    endloop
  endfacet
  facet normal 0 0 -1
    outer loop
      vertex -29.1961 15.0851 0.0213881
      vertex -28.8952 70.9596 0.0213881
      vertex -28.8952 15.0404 0.0213881
    endloop
  endfacet
  facet normal 0 0 -1
    outer loop
      vertex -29.1961 15.0851 0.0213881
      vertex -29.1961 70.9149 0.0213881
      vertex -28.8952 70.9596 0.0213881
    endloop
  endfacet
  facet normal 0 0 -1
    outer loop
      vertex -29.5 15.1 0.0213881
      vertex -29.1961 70.9149 0.0213881
      vertex -29.1961 15.0851 0.0213881
    endloop
  endfacet
  facet normal 0 0 -1
    outer loop
      vertex -29.5 15.1 0.0213881
      vertex -29.5 70.9 0.0213881
      vertex -29.1961 70.9149 0.0213881
    endloop
  endfacet
  facet normal 0 0 -1
    outer loop
      vertex -29.8039 15.0851 0.0213881
      vertex -29.5 70.9 0.0213881
      vertex -29.5 15.1 0.0213881
    endloop
  endfacet
  facet normal 0 0 -1
    outer loop
      vertex -29.8039 15.0851 0.0213881
      vertex -29.8039 70.9149 0.0213881
      vertex -29.5 70.9 0.0213881
    endloop
  endfacet
  facet normal 0 0 -1
    outer loop
      vertex -30.1048 15.0404 0.0213881
      vertex -29.8039 70.9149 0.0213881
      vertex -29.8039 15.0851 0.0213881
    endloop
  endfacet
  facet normal 0 0 -1
    outer loop
      vertex -30.1048 15.0404 0.0213881
      vertex -30.1048 70.9596 0.0213881
      vertex -29.8039 70.9149 0.0213881
    endloop
  endfacet
  facet normal 0 0 -1
    outer loop
      vertex -30.3999 14.9665 0.0213881
      vertex -30.1048 70.9596 0.0213881
      vertex -30.1048 15.0404 0.0213881
    endloop
  endfacet
  facet normal 0 0 -1
    outer loop
      vertex -30.3999 14.9665 0.0213881
      vertex -30.3999 71.0335 0.0213881
      vertex -30.1048 70.9596 0.0213881
    endloop
  endfacet
  facet normal 0 0 -1
    outer loop
      vertex -30.6863 14.864 0.0213881
      vertex -30.3999 71.0335 0.0213881
      vertex -30.3999 14.9665 0.0213881
    endloop
  endfacet
  facet normal 0 0 -1
    outer loop
      vertex -30.6863 14.864 0.0213881
      vertex -30.6863 71.136 0.0213881
      vertex -30.3999 71.0335 0.0213881
    endloop
  endfacet
  facet normal 0 0 -1
    outer loop
      vertex -30.9613 14.734 0.0213881
      vertex -30.6863 71.136 0.0213881
      vertex -30.6863 14.864 0.0213881
    endloop
  endfacet
  facet normal 0 0 -1
    outer loop
      vertex -30.9613 14.734 0.0213881
      vertex -30.9613 71.266 0.0213881
      vertex -30.6863 71.136 0.0213881
    endloop
  endfacet
  facet normal 0 0 -1
    outer loop
      vertex -31.2223 14.5776 0.0213881
      vertex -30.9613 71.266 0.0213881
      vertex -30.9613 14.734 0.0213881
    endloop
  endfacet
  facet normal 0 0 -1
    outer loop
      vertex -31.2223 14.5776 0.0213881
      vertex -31.2223 71.4224 0.0213881
      vertex -30.9613 71.266 0.0213881
    endloop
  endfacet
  facet normal 0 0 -1
    outer loop
      vertex -31.4666 14.3963 0.0213881
      vertex -31.2223 71.4224 0.0213881
      vertex -31.2223 14.5776 0.0213881
    endloop
  endfacet
  facet normal 0 0 -1
    outer loop
      vertex -31.4666 14.3963 0.0213881
      vertex -31.4666 71.6037 0.0213881
      vertex -31.2223 71.4224 0.0213881
    endloop
  endfacet
  facet normal 0 0 -1
    outer loop
      vertex -31.692 14.192 0.0213881
      vertex -31.4666 71.6037 0.0213881
      vertex -31.4666 14.3963 0.0213881
    endloop
  endfacet
  facet normal 0 0 -1
    outer loop
      vertex -31.692 14.192 0.0213881
      vertex -31.692 71.808 0.0213881
      vertex -31.4666 71.6037 0.0213881
    endloop
  endfacet
  facet normal 0 0 -1
    outer loop
      vertex -31.8963 13.9666 0.0213881
      vertex -31.692 71.808 0.0213881
      vertex -31.692 14.192 0.0213881
    endloop
  endfacet
  facet normal 0 0 -1
    outer loop
      vertex -31.8963 13.9666 0.0213881
      vertex -31.8963 72.0334 0.0213881
      vertex -31.692 71.808 0.0213881
    endloop
  endfacet
  facet normal 0 0 -1
    outer loop
      vertex -32.0776 13.7223 0.0213881
      vertex -31.8963 72.0334 0.0213881
      vertex -31.8963 13.9666 0.0213881
    endloop
  endfacet
  facet normal 0 0 -1
    outer loop
      vertex -32.0776 13.7223 0.0213881
      vertex -32.0776 72.2777 0.0213881
      vertex -31.8963 72.0334 0.0213881
    endloop
  endfacet
  facet normal 0 0 -1
    outer loop
      vertex -32.234 13.4613 0.0213881
      vertex -32.0776 72.2777 0.0213881
      vertex -32.0776 13.7223 0.0213881
    endloop
  endfacet
  facet normal 0 0 -1
    outer loop
      vertex -32.234 13.4613 0.0213881
      vertex -32.234 72.5387 0.0213881
      vertex -32.0776 72.2777 0.0213881
    endloop
  endfacet
  facet normal 0 0 -1
    outer loop
      vertex -32.364 13.1863 0.0213881
      vertex -32.234 72.5387 0.0213881
      vertex -32.234 13.4613 0.0213881
    endloop
  endfacet
  facet normal 0 0 -1
    outer loop
      vertex -32.364 13.1863 0.0213881
      vertex -32.364 72.8137 0.0213881
      vertex -32.234 72.5387 0.0213881
    endloop
  endfacet
  facet normal 0 0 -1
    outer loop
      vertex -32.4665 12.8999 0.0213881
      vertex -32.364 72.8137 0.0213881
      vertex -32.364 13.1863 0.0213881
    endloop
  endfacet
  facet normal 0 0 -1
    outer loop
      vertex -32.4665 12.8999 0.0213881
      vertex -32.4665 73.1001 0.0213881
      vertex -32.364 72.8137 0.0213881
    endloop
  endfacet
  facet normal 0 0 -1
    outer loop
      vertex -32.5404 12.6048 0.0213881
      vertex -32.4665 73.1001 0.0213881
      vertex -32.4665 12.8999 0.0213881
    endloop
  endfacet
  facet normal 0 0 -1
    outer loop
      vertex -32.5404 12.6048 0.0213881
      vertex -32.5404 73.3952 0.0213881
      vertex -32.4665 73.1001 0.0213881
    endloop
  endfacet
  facet normal 0 0 -1
    outer loop
      vertex -33.8263 77.9385 0.0213881
      vertex -32.5404 12.6048 0.0213881
      vertex -32.5851 12.3039 0.0213881
    endloop
  endfacet
  facet normal 0 0 -1
    outer loop
      vertex -32.5404 12.6048 0.0213881
      vertex -33.8263 77.9385 0.0213881
      vertex -32.5404 73.3952 0.0213881
    endloop
  endfacet
  facet normal 0 0 -1
    outer loop
      vertex -33.8263 5.06149 0.0213881
      vertex -32.5851 12.3039 0.0213881
      vertex -32.6 12 0.0213881
    endloop
  endfacet
  facet normal 0 0 -1
    outer loop
      vertex -32.5404 73.3952 0.0213881
      vertex -33.8263 77.9385 0.0213881
      vertex -32.5851 73.6961 0.0213881
    endloop
  endfacet
  facet normal 0 0 -1
    outer loop
      vertex -26.4149 12.3039 0.0213881
      vertex -8.39471 2.17369 0.0213881
      vertex -26.4 12 0.0213881
    endloop
  endfacet
  facet normal 0 -0 -1
    outer loop
      vertex -15.8263 87.9386 0.0213881
      vertex -8.39471 68 0.0213881
      vertex -15.8587 87.2788 0.0213881
    endloop
  endfacet
  facet normal 0 0 -1
    outer loop
      vertex -8.39471 68 0.0213881
      vertex -15.8263 87.9386 0.0213881
      vertex -8.40841 131.359 0.0213881
    endloop
  endfacet
  facet normal 0 0 -1
    outer loop
      vertex -15.8263 116.208 0.0213881
      vertex -8.40841 131.359 0.0213881
      vertex -15.8263 87.9386 0.0213881
    endloop
  endfacet
  facet normal 0 -0 -1
    outer loop
      vertex -15.5084 117.547 0.0213881
      vertex -8.40841 131.359 0.0213881
      vertex -15.8263 116.208 0.0213881
    endloop
  endfacet
  facet normal 0 0 -1
    outer loop
      vertex -8.40841 131.359 0.0213881
      vertex -9.43125 130.169 0.0213881
      vertex -8.60525 131.213 0.0213881
    endloop
  endfacet
  facet normal 0 -0 -1
    outer loop
      vertex -9.07082 130.747 0.0213881
      vertex -8.60525 131.213 0.0213881
      vertex -9.43125 130.169 0.0213881
    endloop
  endfacet
  facet normal 0 0 -1
    outer loop
      vertex -8.60525 131.213 0.0213881
      vertex -8.85441 130.996 0.0213881
      vertex -8.67283 131.161 0.0213881
    endloop
  endfacet
  facet normal 0 0 -1
    outer loop
      vertex -8.85441 130.996 0.0213881
      vertex -9.07082 130.747 0.0213881
      vertex -9.01896 130.815 0.0213881
    endloop
  endfacet
  facet normal 0 -0 -1
    outer loop
      vertex -8.85441 130.996 0.0213881
      vertex -8.60525 131.213 0.0213881
      vertex -9.07082 130.747 0.0213881
    endloop
  endfacet
  facet normal 0 0 -1
    outer loop
      vertex -8.40841 131.359 0.0213881
      vertex -15.5084 117.547 0.0213881
      vertex -9.43125 130.169 0.0213881
    endloop
  endfacet
  facet normal 0 0 -1
    outer loop
      vertex -15.5084 117.547 0.0213881
      vertex -15.8263 116.208 0.0213881
      vertex -15.6277 117.264 0.0213881
    endloop
  endfacet
  facet normal 0 -0 -1
    outer loop
      vertex -15.7937 116.627 0.0213881
      vertex -15.6277 117.264 0.0213881
      vertex -15.8263 116.208 0.0213881
    endloop
  endfacet
  facet normal 0 -0 -1
    outer loop
      vertex -15.7331 116.951 0.0213881
      vertex -15.6277 117.264 0.0213881
      vertex -15.7937 116.627 0.0213881
    endloop
  endfacet
  facet normal 0 0 -1
    outer loop
      vertex -15.6277 117.264 0.0213881
      vertex -15.7331 116.951 0.0213881
      vertex -15.6603 117.186 0.0213881
    endloop
  endfacet
  facet normal 0 0 -1
    outer loop
      vertex -15.7331 116.951 0.0213881
      vertex -15.7937 116.627 0.0213881
      vertex -15.7825 116.712 0.0213881
    endloop
  endfacet
  facet normal 0 0 -1
    outer loop
      vertex -9.07082 130.747 0.0213881
      vertex -9.43125 130.169 0.0213881
      vertex -9.20105 130.572 0.0213881
    endloop
  endfacet
  facet normal 0 0 -1
    outer loop
      vertex -8.39471 68 0.0213881
      vertex -15.9563 86.6207 0.0213881
      vertex -15.8587 87.2788 0.0213881
    endloop
  endfacet
  facet normal 0 0 -1
    outer loop
      vertex -8.39471 68 0.0213881
      vertex -16.1353 85.9064 0.0213881
      vertex -15.9563 86.6207 0.0213881
    endloop
  endfacet
  facet normal 0 0 -1
    outer loop
      vertex -8.39471 68 0.0213881
      vertex -16.3689 85.2534 0.0213881
      vertex -16.1353 85.9064 0.0213881
    endloop
  endfacet
  facet normal 0 0 -1
    outer loop
      vertex -8.39471 68 0.0213881
      vertex -16.6655 84.6263 0.0213881
      vertex -16.3689 85.2534 0.0213881
    endloop
  endfacet
  facet normal 0 0 -1
    outer loop
      vertex -8.39471 68 0.0213881
      vertex -17.0441 83.9946 0.0213881
      vertex -16.6655 84.6263 0.0213881
    endloop
  endfacet
  facet normal 0 0 -1
    outer loop
      vertex -8.39471 68 0.0213881
      vertex -17.4403 83.4604 0.0213881
      vertex -17.0441 83.9946 0.0213881
    endloop
  endfacet
  facet normal 0 0 -1
    outer loop
      vertex -8.39471 68 0.0213881
      vertex -17.9253 82.9253 0.0213881
      vertex -17.4403 83.4604 0.0213881
    endloop
  endfacet
  facet normal 0 0 -1
    outer loop
      vertex -8.39471 68 0.0213881
      vertex -18.4604 82.4403 0.0213881
      vertex -17.9253 82.9253 0.0213881
    endloop
  endfacet
  facet normal 0 -0 -1
    outer loop
      vertex -20.2534 81.3689 0.0213881
      vertex -8.39471 68 0.0213881
      vertex -26.4 74 0.0213881
    endloop
  endfacet
  facet normal 0 0 -1
    outer loop
      vertex -8.39471 68 0.0213881
      vertex -18.9946 82.0441 0.0213881
      vertex -18.4604 82.4403 0.0213881
    endloop
  endfacet
  facet normal 0 0 -1
    outer loop
      vertex -8.39471 68 0.0213881
      vertex -19.6263 81.6655 0.0213881
      vertex -18.9946 82.0441 0.0213881
    endloop
  endfacet
  facet normal 0 0 -1
    outer loop
      vertex -8.39471 68 0.0213881
      vertex -20.2534 81.3689 0.0213881
      vertex -19.6263 81.6655 0.0213881
    endloop
  endfacet
  facet normal 0 0 -1
    outer loop
      vertex -20.2534 81.3689 0.0213881
      vertex -26.4 74 0.0213881
      vertex -20.9064 81.1353 0.0213881
    endloop
  endfacet
  facet normal 0 0 -1
    outer loop
      vertex -20.9064 81.1353 0.0213881
      vertex -26.4 74 0.0213881
      vertex -21.6207 80.9563 0.0213881
    endloop
  endfacet
  facet normal 0 0 -1
    outer loop
      vertex -26.4149 74.3039 0.0213881
      vertex -21.6207 80.9563 0.0213881
      vertex -26.4 74 0.0213881
    endloop
  endfacet
  facet normal 0 0 -1
    outer loop
      vertex -26.4596 12.6048 0.0213881
      vertex -8.39471 2.17369 0.0213881
      vertex -26.4149 12.3039 0.0213881
    endloop
  endfacet
  facet normal 0 0 -1
    outer loop
      vertex -8.39471 2.17369 0.0213881
      vertex -26.4149 11.6961 0.0213881
      vertex -26.4 12 0.0213881
    endloop
  endfacet
  facet normal 0 0 -1
    outer loop
      vertex -8.39471 2.17369 0.0213881
      vertex -26.4596 11.3952 0.0213881
      vertex -26.4149 11.6961 0.0213881
    endloop
  endfacet
  facet normal 0 0 -1
    outer loop
      vertex -8.39471 2.17369 0.0213881
      vertex -26.5335 11.1001 0.0213881
      vertex -26.4596 11.3952 0.0213881
    endloop
  endfacet
  facet normal 0 0 -1
    outer loop
      vertex -8.39471 2.17369 0.0213881
      vertex -26.636 10.8137 0.0213881
      vertex -26.5335 11.1001 0.0213881
    endloop
  endfacet
  facet normal 0 0 -1
    outer loop
      vertex -8.39471 2.17369 0.0213881
      vertex -26.766 10.5387 0.0213881
      vertex -26.636 10.8137 0.0213881
    endloop
  endfacet
  facet normal 0 0 -1
    outer loop
      vertex -8.39471 2.17369 0.0213881
      vertex -26.9224 10.2777 0.0213881
      vertex -26.766 10.5387 0.0213881
    endloop
  endfacet
  facet normal 0 0 -1
    outer loop
      vertex -8.39471 2.17369 0.0213881
      vertex -27.1037 10.0334 0.0213881
      vertex -26.9224 10.2777 0.0213881
    endloop
  endfacet
  facet normal 0 0 -1
    outer loop
      vertex -8.39471 2.17369 0.0213881
      vertex -27.308 9.80797 0.0213881
      vertex -27.1037 10.0334 0.0213881
    endloop
  endfacet
  facet normal 0 0 -1
    outer loop
      vertex -30.9385 2.17369 0.0213881
      vertex -27.308 9.80797 0.0213881
      vertex -8.39471 2.17369 0.0213881
    endloop
  endfacet
  facet normal 0 0 -1
    outer loop
      vertex -27.308 9.80797 0.0213881
      vertex -30.9385 2.17369 0.0213881
      vertex -27.5334 9.60367 0.0213881
    endloop
  endfacet
  facet normal 0 0 -1
    outer loop
      vertex -27.5334 9.60367 0.0213881
      vertex -30.9385 2.17369 0.0213881
      vertex -27.7777 9.42244 0.0213881
    endloop
  endfacet
  facet normal 0 0 -1
    outer loop
      vertex -27.7777 9.42244 0.0213881
      vertex -30.9385 2.17369 0.0213881
      vertex -28.0387 9.26604 0.0213881
    endloop
  endfacet
  facet normal 0 0 -1
    outer loop
      vertex -28.0387 9.26604 0.0213881
      vertex -30.9385 2.17369 0.0213881
      vertex -28.3137 9.13597 0.0213881
    endloop
  endfacet
  facet normal 0 0 -1
    outer loop
      vertex -28.3137 9.13597 0.0213881
      vertex -30.9385 2.17369 0.0213881
      vertex -28.6001 9.03349 0.0213881
    endloop
  endfacet
  facet normal 0 0 -1
    outer loop
      vertex -28.6001 9.03349 0.0213881
      vertex -30.9385 2.17369 0.0213881
      vertex -28.8952 8.95957 0.0213881
    endloop
  endfacet
  facet normal 0 0 -1
    outer loop
      vertex -28.8952 8.95957 0.0213881
      vertex -30.9385 2.17369 0.0213881
      vertex -29.1961 8.91493 0.0213881
    endloop
  endfacet
  facet normal 0 0 -1
    outer loop
      vertex -29.1961 8.91493 0.0213881
      vertex -30.9385 2.17369 0.0213881
      vertex -29.5 8.9 0.0213881
    endloop
  endfacet
  facet normal -0 0 -1
    outer loop
      vertex -29.5 8.9 0.0213881
      vertex -30.9385 2.17369 0.0213881
      vertex -29.8039 8.91493 0.0213881
    endloop
  endfacet
  facet normal -0 0 -1
    outer loop
      vertex -29.8039 8.91493 0.0213881
      vertex -30.9385 2.17369 0.0213881
      vertex -30.1048 8.95957 0.0213881
    endloop
  endfacet
  facet normal 0 0 -1
    outer loop
      vertex -33.8263 5.06149 0.0213881
      vertex -30.1048 8.95957 0.0213881
      vertex -30.9385 2.17369 0.0213881
    endloop
  endfacet
  facet normal -0 0 -1
    outer loop
      vertex -30.1048 8.95957 0.0213881
      vertex -33.8263 5.06149 0.0213881
      vertex -30.3999 9.03349 0.0213881
    endloop
  endfacet
  facet normal -0 0 -1
    outer loop
      vertex -30.3999 9.03349 0.0213881
      vertex -33.8263 5.06149 0.0213881
      vertex -30.6863 9.13597 0.0213881
    endloop
  endfacet
  facet normal -0 0 -1
    outer loop
      vertex -30.6863 9.13597 0.0213881
      vertex -33.8263 5.06149 0.0213881
      vertex -30.9613 9.26604 0.0213881
    endloop
  endfacet
  facet normal 0 0 -1
    outer loop
      vertex -31.3293 2.19985 0.0213881
      vertex -30.9385 2.17369 0.0213881
      vertex -31.2448 2.18873 0.0213881
    endloop
  endfacet
  facet normal 0 0 -1
    outer loop
      vertex -30.9385 2.17369 0.0213881
      vertex -31.3293 2.19985 0.0213881
      vertex -33.8263 5.06149 0.0213881
    endloop
  endfacet
  facet normal -0 0 -1
    outer loop
      vertex -30.9613 9.26604 0.0213881
      vertex -33.8263 5.06149 0.0213881
      vertex -31.2223 9.42244 0.0213881
    endloop
  endfacet
  facet normal 0 0 -1
    outer loop
      vertex -32.0401 2.37792 0.0213881
      vertex -31.3293 2.19985 0.0213881
      vertex -31.5716 2.2358 0.0213881
    endloop
  endfacet
  facet normal -0 0 -1
    outer loop
      vertex -31.2223 9.42244 0.0213881
      vertex -33.8263 5.06149 0.0213881
      vertex -31.4666 9.60367 0.0213881
    endloop
  endfacet
  facet normal 0 0 -1
    outer loop
      vertex -32.0401 2.37792 0.0213881
      vertex -31.5716 2.2358 0.0213881
      vertex -31.8092 2.29532 0.0213881
    endloop
  endfacet
  facet normal -0 0 -1
    outer loop
      vertex -31.4666 9.60367 0.0213881
      vertex -33.8263 5.06149 0.0213881
      vertex -31.692 9.80797 0.0213881
    endloop
  endfacet
  facet normal 0 0 -1
    outer loop
      vertex -31.3293 2.19985 0.0213881
      vertex -32.0401 2.37792 0.0213881
      vertex -33.8002 4.67073 0.0213881
    endloop
  endfacet
  facet normal -0 0 -1
    outer loop
      vertex -31.692 9.80797 0.0213881
      vertex -33.8263 5.06149 0.0213881
      vertex -31.8963 10.0334 0.0213881
    endloop
  endfacet
  facet normal 0 0 -1
    outer loop
      vertex -33.8002 4.67073 0.0213881
      vertex -32.0401 2.37792 0.0213881
      vertex -32.1188 2.41052 0.0213881
    endloop
  endfacet
  facet normal -0 0 -1
    outer loop
      vertex -31.8963 10.0334 0.0213881
      vertex -33.8263 5.06149 0.0213881
      vertex -32.0776 10.2777 0.0213881
    endloop
  endfacet
  facet normal 0 0 -1
    outer loop
      vertex -32.7472 2.78721 0.0213881
      vertex -32.1188 2.41052 0.0213881
      vertex -32.3402 2.51525 0.0213881
    endloop
  endfacet
  facet normal -0 0 -1
    outer loop
      vertex -32.0776 10.2777 0.0213881
      vertex -33.8263 5.06149 0.0213881
      vertex -32.234 10.5387 0.0213881
    endloop
  endfacet
  facet normal -0 0 -1
    outer loop
      vertex -32.234 10.5387 0.0213881
      vertex -33.8263 5.06149 0.0213881
      vertex -32.364 10.8137 0.0213881
    endloop
  endfacet
  facet normal -0 0 -1
    outer loop
      vertex -32.364 10.8137 0.0213881
      vertex -33.8263 5.06149 0.0213881
      vertex -32.4665 11.1001 0.0213881
    endloop
  endfacet
  facet normal 0 0 -1
    outer loop
      vertex -32.7472 2.78721 0.0213881
      vertex -32.3402 2.51525 0.0213881
      vertex -32.5504 2.64122 0.0213881
    endloop
  endfacet
  facet normal -0 0 -1
    outer loop
      vertex -32.4665 11.1001 0.0213881
      vertex -33.8263 5.06149 0.0213881
      vertex -32.5404 11.3952 0.0213881
    endloop
  endfacet
  facet normal -0 0 -1
    outer loop
      vertex -32.5404 11.3952 0.0213881
      vertex -33.8263 5.06149 0.0213881
      vertex -32.5851 11.6961 0.0213881
    endloop
  endfacet
  facet normal -0 0 -1
    outer loop
      vertex -32.5851 11.6961 0.0213881
      vertex -33.8263 5.06149 0.0213881
      vertex -32.6 12 0.0213881
    endloop
  endfacet
  facet normal 0 0 -1
    outer loop
      vertex -32.1188 2.41052 0.0213881
      vertex -32.7472 2.78721 0.0213881
      vertex -33.8002 4.67073 0.0213881
    endloop
  endfacet
  facet normal 0 0 -1
    outer loop
      vertex -8.39471 68 0.0213881
      vertex -3 105.811 0.0213881
      vertex -3 68 0.0213881
    endloop
  endfacet
  facet normal -0 0 -1
    outer loop
      vertex -3 105.811 0.0213881
      vertex -8.39471 68 0.0213881
      vertex -3.33342 106.011 0.0213881
    endloop
  endfacet
  facet normal -0 0 -1
    outer loop
      vertex -3.33342 106.011 0.0213881
      vertex -8.39471 68 0.0213881
      vertex -3.80636 106.362 0.0213881
    endloop
  endfacet
  facet normal -0 0 -1
    outer loop
      vertex -3.80636 106.362 0.0213881
      vertex -8.39471 68 0.0213881
      vertex -4.24264 106.757 0.0213881
    endloop
  endfacet
  facet normal -0 0 -1
    outer loop
      vertex -4.24264 106.757 0.0213881
      vertex -8.39471 68 0.0213881
      vertex -4.63806 107.194 0.0213881
    endloop
  endfacet
  facet normal -0 0 -1
    outer loop
      vertex -4.63806 107.194 0.0213881
      vertex -8.39471 68 0.0213881
      vertex -4.98882 107.667 0.0213881
    endloop
  endfacet
  facet normal -0 0 -1
    outer loop
      vertex -4.98882 107.667 0.0213881
      vertex -8.39471 68 0.0213881
      vertex -5.29153 108.172 0.0213881
    endloop
  endfacet
  facet normal -0 0 -1
    outer loop
      vertex -5.29153 108.172 0.0213881
      vertex -8.39471 68 0.0213881
      vertex -5.54328 108.704 0.0213881
    endloop
  endfacet
  facet normal -0 0 -1
    outer loop
      vertex -5.54328 108.704 0.0213881
      vertex -8.39471 68 0.0213881
      vertex -5.74164 109.258 0.0213881
    endloop
  endfacet
  facet normal -0 0 -1
    outer loop
      vertex -5.74164 109.258 0.0213881
      vertex -8.39471 68 0.0213881
      vertex -5.88471 109.829 0.0213881
    endloop
  endfacet
  facet normal 0 0 -1
    outer loop
      vertex -2.82838 116.292 0.0213881
      vertex -7.10284 131.811 0.0213881
      vertex -6.79654 131.826 0.0213881
    endloop
  endfacet
  facet normal 0 0 -1
    outer loop
      vertex -8.40841 131.359 0.0213881
      vertex -6 111 0.0213881
      vertex -5.97111 110.412 0.0213881
    endloop
  endfacet
  facet normal 0 0 -1
    outer loop
      vertex -5.97111 111.588 0.0213881
      vertex -8.40841 131.359 0.0213881
      vertex -7.10284 131.811 0.0213881
    endloop
  endfacet
  facet normal 0 0 -1
    outer loop
      vertex -7.10284 131.811 0.0213881
      vertex -8.40841 131.359 0.0213881
      vertex -7.1873 131.8 0.0213881
    endloop
  endfacet
  facet normal 0 -0 -1
    outer loop
      vertex -7.8981 131.622 0.0213881
      vertex -7.1873 131.8 0.0213881
      vertex -8.40841 131.359 0.0213881
    endloop
  endfacet
  facet normal -0 0 -1
    outer loop
      vertex -5.88471 109.829 0.0213881
      vertex -8.39471 68 0.0213881
      vertex -5.97111 110.412 0.0213881
    endloop
  endfacet
  facet normal 0 0 -1
    outer loop
      vertex -7.1873 131.8 0.0213881
      vertex -7.8981 131.622 0.0213881
      vertex -7.42964 131.764 0.0213881
    endloop
  endfacet
  facet normal 0 0 -1
    outer loop
      vertex -7.42964 131.764 0.0213881
      vertex -7.8981 131.622 0.0213881
      vertex -7.66725 131.705 0.0213881
    endloop
  endfacet
  facet normal 0 0 -1
    outer loop
      vertex -7.8981 131.622 0.0213881
      vertex -8.40841 131.359 0.0213881
      vertex -7.9768 131.589 0.0213881
    endloop
  endfacet
  facet normal -0 0 -1
    outer loop
      vertex -5.97111 110.412 0.0213881
      vertex -8.39471 68 0.0213881
      vertex -8.40841 131.359 0.0213881
    endloop
  endfacet
  facet normal 0 0 -1
    outer loop
      vertex -7.9768 131.589 0.0213881
      vertex -8.40841 131.359 0.0213881
      vertex -8.19825 131.485 0.0213881
    endloop
  endfacet
  facet normal 0 0 -1
    outer loop
      vertex 32.5404 12.6048 0.0213881
      vertex 33.8263 78.7975 0.0213881
      vertex 32.5851 12.3039 0.0213881
    endloop
  endfacet
  facet normal 0 0 -1
    outer loop
      vertex 33.8263 78.7975 0.0213881
      vertex 32.5851 73.6961 0.0213881
      vertex 32.6 74 0.0213881
    endloop
  endfacet
  facet normal 0 0 -1
    outer loop
      vertex 32.5404 73.3952 0.0213881
      vertex 33.8263 78.7975 0.0213881
      vertex 32.5404 12.6048 0.0213881
    endloop
  endfacet
  facet normal 0 0 -1
    outer loop
      vertex 33.8263 78.7975 0.0213881
      vertex 32.5404 73.3952 0.0213881
      vertex 32.5851 73.6961 0.0213881
    endloop
  endfacet
  facet normal 0 0 -1
    outer loop
      vertex 32.4665 12.8999 0.0213881
      vertex 32.5404 73.3952 0.0213881
      vertex 32.5404 12.6048 0.0213881
    endloop
  endfacet
  facet normal 0 0 -1
    outer loop
      vertex 32.4665 12.8999 0.0213881
      vertex 32.4665 73.1001 0.0213881
      vertex 32.5404 73.3952 0.0213881
    endloop
  endfacet
  facet normal 0 0 -1
    outer loop
      vertex 32.364 13.1863 0.0213881
      vertex 32.4665 73.1001 0.0213881
      vertex 32.4665 12.8999 0.0213881
    endloop
  endfacet
  facet normal 0 0 -1
    outer loop
      vertex 32.364 13.1863 0.0213881
      vertex 32.364 72.8137 0.0213881
      vertex 32.4665 73.1001 0.0213881
    endloop
  endfacet
  facet normal 0 0 -1
    outer loop
      vertex 32.234 13.4613 0.0213881
      vertex 32.364 72.8137 0.0213881
      vertex 32.364 13.1863 0.0213881
    endloop
  endfacet
  facet normal 0 0 -1
    outer loop
      vertex 32.234 13.4613 0.0213881
      vertex 32.234 72.5387 0.0213881
      vertex 32.364 72.8137 0.0213881
    endloop
  endfacet
  facet normal 0 0 -1
    outer loop
      vertex 32.0776 13.7223 0.0213881
      vertex 32.234 72.5387 0.0213881
      vertex 32.234 13.4613 0.0213881
    endloop
  endfacet
  facet normal 0 0 -1
    outer loop
      vertex 32.0776 13.7223 0.0213881
      vertex 32.0776 72.2777 0.0213881
      vertex 32.234 72.5387 0.0213881
    endloop
  endfacet
  facet normal 0 0 -1
    outer loop
      vertex 31.8963 13.9666 0.0213881
      vertex 32.0776 72.2777 0.0213881
      vertex 32.0776 13.7223 0.0213881
    endloop
  endfacet
  facet normal 0 0 -1
    outer loop
      vertex 31.8963 13.9666 0.0213881
      vertex 31.8963 72.0334 0.0213881
      vertex 32.0776 72.2777 0.0213881
    endloop
  endfacet
  facet normal 0 0 -1
    outer loop
      vertex 31.692 14.192 0.0213881
      vertex 31.8963 72.0334 0.0213881
      vertex 31.8963 13.9666 0.0213881
    endloop
  endfacet
  facet normal 0 0 -1
    outer loop
      vertex 31.692 14.192 0.0213881
      vertex 31.692 71.808 0.0213881
      vertex 31.8963 72.0334 0.0213881
    endloop
  endfacet
  facet normal 0 0 -1
    outer loop
      vertex 31.4666 14.3963 0.0213881
      vertex 31.692 71.808 0.0213881
      vertex 31.692 14.192 0.0213881
    endloop
  endfacet
  facet normal 0 0 -1
    outer loop
      vertex 31.4666 14.3963 0.0213881
      vertex 31.4666 71.6037 0.0213881
      vertex 31.692 71.808 0.0213881
    endloop
  endfacet
  facet normal 0 0 -1
    outer loop
      vertex 31.2223 14.5776 0.0213881
      vertex 31.4666 71.6037 0.0213881
      vertex 31.4666 14.3963 0.0213881
    endloop
  endfacet
  facet normal 0 0 -1
    outer loop
      vertex 31.2223 14.5776 0.0213881
      vertex 31.2223 71.4224 0.0213881
      vertex 31.4666 71.6037 0.0213881
    endloop
  endfacet
  facet normal 0 0 -1
    outer loop
      vertex 30.9613 14.734 0.0213881
      vertex 31.2223 71.4224 0.0213881
      vertex 31.2223 14.5776 0.0213881
    endloop
  endfacet
  facet normal 0 0 -1
    outer loop
      vertex 30.9613 14.734 0.0213881
      vertex 30.9613 71.266 0.0213881
      vertex 31.2223 71.4224 0.0213881
    endloop
  endfacet
  facet normal 0 0 -1
    outer loop
      vertex 30.6863 14.864 0.0213881
      vertex 30.9613 71.266 0.0213881
      vertex 30.9613 14.734 0.0213881
    endloop
  endfacet
  facet normal 0 0 -1
    outer loop
      vertex 30.6863 14.864 0.0213881
      vertex 30.6863 71.136 0.0213881
      vertex 30.9613 71.266 0.0213881
    endloop
  endfacet
  facet normal 0 0 -1
    outer loop
      vertex 30.3999 14.9665 0.0213881
      vertex 30.6863 71.136 0.0213881
      vertex 30.6863 14.864 0.0213881
    endloop
  endfacet
  facet normal 0 0 -1
    outer loop
      vertex 30.3999 14.9665 0.0213881
      vertex 30.3999 71.0335 0.0213881
      vertex 30.6863 71.136 0.0213881
    endloop
  endfacet
  facet normal 0 0 -1
    outer loop
      vertex 30.1048 15.0404 0.0213881
      vertex 30.3999 71.0335 0.0213881
      vertex 30.3999 14.9665 0.0213881
    endloop
  endfacet
  facet normal 0 0 -1
    outer loop
      vertex 30.1048 15.0404 0.0213881
      vertex 30.1048 70.9596 0.0213881
      vertex 30.3999 71.0335 0.0213881
    endloop
  endfacet
  facet normal 0 0 -1
    outer loop
      vertex 29.8039 15.0851 0.0213881
      vertex 30.1048 70.9596 0.0213881
      vertex 30.1048 15.0404 0.0213881
    endloop
  endfacet
  facet normal 0 0 -1
    outer loop
      vertex 29.8039 15.0851 0.0213881
      vertex 29.8039 70.9149 0.0213881
      vertex 30.1048 70.9596 0.0213881
    endloop
  endfacet
  facet normal 0 0 -1
    outer loop
      vertex 29.5 15.1 0.0213881
      vertex 29.8039 70.9149 0.0213881
      vertex 29.8039 15.0851 0.0213881
    endloop
  endfacet
  facet normal 0 0 -1
    outer loop
      vertex 29.5 15.1 0.0213881
      vertex 29.5 70.9 0.0213881
      vertex 29.8039 70.9149 0.0213881
    endloop
  endfacet
  facet normal 0 0 -1
    outer loop
      vertex 29.1961 15.0851 0.0213881
      vertex 29.5 70.9 0.0213881
      vertex 29.5 15.1 0.0213881
    endloop
  endfacet
  facet normal 0 0 -1
    outer loop
      vertex 29.1961 15.0851 0.0213881
      vertex 29.1961 70.9149 0.0213881
      vertex 29.5 70.9 0.0213881
    endloop
  endfacet
  facet normal 0 0 -1
    outer loop
      vertex 28.8952 15.0404 0.0213881
      vertex 29.1961 70.9149 0.0213881
      vertex 29.1961 15.0851 0.0213881
    endloop
  endfacet
  facet normal 0 0 -1
    outer loop
      vertex 28.8952 15.0404 0.0213881
      vertex 28.8952 70.9596 0.0213881
      vertex 29.1961 70.9149 0.0213881
    endloop
  endfacet
  facet normal 0 0 -1
    outer loop
      vertex 8.39471 68 0.0213881
      vertex 28.8952 15.0404 0.0213881
      vertex 28.6001 14.9665 0.0213881
    endloop
  endfacet
  facet normal 0 0 -1
    outer loop
      vertex 28.8952 15.0404 0.0213881
      vertex 8.39471 68 0.0213881
      vertex 28.8952 70.9596 0.0213881
    endloop
  endfacet
  facet normal 0 0 -1
    outer loop
      vertex 8.39471 68 0.0213881
      vertex 28.6001 14.9665 0.0213881
      vertex 28.3137 14.864 0.0213881
    endloop
  endfacet
  facet normal -0 0 -1
    outer loop
      vertex 28.8952 70.9596 0.0213881
      vertex 8.39471 68 0.0213881
      vertex 28.6001 71.0335 0.0213881
    endloop
  endfacet
  facet normal 0 0 -1
    outer loop
      vertex 8.39471 68 0.0213881
      vertex 28.3137 14.864 0.0213881
      vertex 28.0387 14.734 0.0213881
    endloop
  endfacet
  facet normal -0 0 -1
    outer loop
      vertex 28.6001 71.0335 0.0213881
      vertex 8.39471 68 0.0213881
      vertex 28.3137 71.136 0.0213881
    endloop
  endfacet
  facet normal 0 0 -1
    outer loop
      vertex 8.39471 68 0.0213881
      vertex 28.0387 14.734 0.0213881
      vertex 27.7777 14.5776 0.0213881
    endloop
  endfacet
  facet normal -0 0 -1
    outer loop
      vertex 28.3137 71.136 0.0213881
      vertex 8.39471 68 0.0213881
      vertex 28.0387 71.266 0.0213881
    endloop
  endfacet
  facet normal 0 0 -1
    outer loop
      vertex 8.39471 68 0.0213881
      vertex 27.7777 14.5776 0.0213881
      vertex 27.5334 14.3963 0.0213881
    endloop
  endfacet
  facet normal -0 0 -1
    outer loop
      vertex 28.0387 71.266 0.0213881
      vertex 8.39471 68 0.0213881
      vertex 27.7777 71.4224 0.0213881
    endloop
  endfacet
  facet normal 0 0 -1
    outer loop
      vertex 8.39471 68 0.0213881
      vertex 27.5334 14.3963 0.0213881
      vertex 27.308 14.192 0.0213881
    endloop
  endfacet
  facet normal -0 0 -1
    outer loop
      vertex 27.7777 71.4224 0.0213881
      vertex 8.39471 68 0.0213881
      vertex 27.5334 71.6037 0.0213881
    endloop
  endfacet
  facet normal 0 0 -1
    outer loop
      vertex 8.39471 68 0.0213881
      vertex 27.308 14.192 0.0213881
      vertex 27.1037 13.9666 0.0213881
    endloop
  endfacet
  facet normal -0 0 -1
    outer loop
      vertex 27.5334 71.6037 0.0213881
      vertex 8.39471 68 0.0213881
      vertex 27.308 71.808 0.0213881
    endloop
  endfacet
  facet normal 0 0 -1
    outer loop
      vertex 8.39471 2.17369 0.0213881
      vertex 27.1037 13.9666 0.0213881
      vertex 26.9224 13.7223 0.0213881
    endloop
  endfacet
  facet normal -0 0 -1
    outer loop
      vertex 27.308 71.808 0.0213881
      vertex 8.39471 68 0.0213881
      vertex 27.1037 72.0334 0.0213881
    endloop
  endfacet
  facet normal 0 0 -1
    outer loop
      vertex 8.39471 2.17369 0.0213881
      vertex 26.9224 13.7223 0.0213881
      vertex 26.766 13.4613 0.0213881
    endloop
  endfacet
  facet normal -0 0 -1
    outer loop
      vertex 27.1037 72.0334 0.0213881
      vertex 8.39471 68 0.0213881
      vertex 26.9224 72.2777 0.0213881
    endloop
  endfacet
  facet normal 0 0 -1
    outer loop
      vertex 8.39471 2.17369 0.0213881
      vertex 26.766 13.4613 0.0213881
      vertex 26.636 13.1863 0.0213881
    endloop
  endfacet
  facet normal -0 0 -1
    outer loop
      vertex 26.9224 72.2777 0.0213881
      vertex 8.39471 68 0.0213881
      vertex 26.766 72.5387 0.0213881
    endloop
  endfacet
  facet normal 0 0 -1
    outer loop
      vertex 8.39471 2.17369 0.0213881
      vertex 26.636 13.1863 0.0213881
      vertex 26.5335 12.8999 0.0213881
    endloop
  endfacet
  facet normal -0 0 -1
    outer loop
      vertex 26.766 72.5387 0.0213881
      vertex 8.39471 68 0.0213881
      vertex 26.636 72.8137 0.0213881
    endloop
  endfacet
  facet normal 0 0 -1
    outer loop
      vertex 8.39471 2.17369 0.0213881
      vertex 26.5335 12.8999 0.0213881
      vertex 26.4596 12.6048 0.0213881
    endloop
  endfacet
  facet normal -0 0 -1
    outer loop
      vertex 26.636 72.8137 0.0213881
      vertex 8.39471 68 0.0213881
      vertex 26.5335 73.1001 0.0213881
    endloop
  endfacet
  facet normal 0 0 -1
    outer loop
      vertex 8.39471 2.17369 0.0213881
      vertex 26.4596 12.6048 0.0213881
      vertex 26.4149 12.3039 0.0213881
    endloop
  endfacet
  facet normal -0 0 -1
    outer loop
      vertex 26.5335 73.1001 0.0213881
      vertex 8.39471 68 0.0213881
      vertex 26.4596 73.3952 0.0213881
    endloop
  endfacet
  facet normal 0 0 -1
    outer loop
      vertex 8.39471 2.17369 0.0213881
      vertex 26.4149 12.3039 0.0213881
      vertex 26.4 12 0.0213881
    endloop
  endfacet
  facet normal -0 0 -1
    outer loop
      vertex 26.4596 73.3952 0.0213881
      vertex 8.39471 68 0.0213881
      vertex 26.4149 73.6961 0.0213881
    endloop
  endfacet
  facet normal 0 0 -1
    outer loop
      vertex 33.8002 4.67073 0.0213881
      vertex 33.8263 5.06149 0.0213881
      vertex 33.8113 4.75519 0.0213881
    endloop
  endfacet
  facet normal 0 0 -1
    outer loop
      vertex 32.5851 12.3039 0.0213881
      vertex 33.8263 5.06149 0.0213881
      vertex 32.6 12 0.0213881
    endloop
  endfacet
  facet normal 0 0 -1
    outer loop
      vertex 33.8263 5.06149 0.0213881
      vertex 33.8002 4.67073 0.0213881
      vertex 30.9385 2.17369 0.0213881
    endloop
  endfacet
  facet normal 0 0 -1
    outer loop
      vertex 33.8263 5.06149 0.0213881
      vertex 32.5851 12.3039 0.0213881
      vertex 33.8263 78.7975 0.0213881
    endloop
  endfacet
  facet normal 0 0 -1
    outer loop
      vertex 33.6221 3.95993 0.0213881
      vertex 33.8002 4.67073 0.0213881
      vertex 33.7642 4.42839 0.0213881
    endloop
  endfacet
  facet normal 0 0 -1
    outer loop
      vertex 32.5851 74.3039 0.0213881
      vertex 33.8263 78.7975 0.0213881
      vertex 32.6 74 0.0213881
    endloop
  endfacet
  facet normal 0 0 -1
    outer loop
      vertex 33.6221 3.95993 0.0213881
      vertex 33.7642 4.42839 0.0213881
      vertex 33.7047 4.19078 0.0213881
    endloop
  endfacet
  facet normal 0 0 -1
    outer loop
      vertex 32.5404 74.6048 0.0213881
      vertex 33.8263 78.7975 0.0213881
      vertex 32.5851 74.3039 0.0213881
    endloop
  endfacet
  facet normal 0 0 -1
    outer loop
      vertex 33.8002 4.67073 0.0213881
      vertex 33.6221 3.95993 0.0213881
      vertex 31.3293 2.19985 0.0213881
    endloop
  endfacet
  facet normal 0 0 -1
    outer loop
      vertex 32.4665 74.8999 0.0213881
      vertex 33.8263 78.7975 0.0213881
      vertex 32.5404 74.6048 0.0213881
    endloop
  endfacet
  facet normal 0 0 -1
    outer loop
      vertex 31.3293 2.19985 0.0213881
      vertex 33.6221 3.95993 0.0213881
      vertex 33.5895 3.88123 0.0213881
    endloop
  endfacet
  facet normal 0 0 -1
    outer loop
      vertex 32.364 75.1863 0.0213881
      vertex 33.8263 78.7975 0.0213881
      vertex 32.4665 74.8999 0.0213881
    endloop
  endfacet
  facet normal 0 0 -1
    outer loop
      vertex 32.234 75.4613 0.0213881
      vertex 33.8263 78.7975 0.0213881
      vertex 32.364 75.1863 0.0213881
    endloop
  endfacet
  facet normal 0 0 -1
    outer loop
      vertex 33.2128 3.25278 0.0213881
      vertex 33.5895 3.88123 0.0213881
      vertex 33.4847 3.65978 0.0213881
    endloop
  endfacet
  facet normal 0 0 -1
    outer loop
      vertex 33.2128 3.25278 0.0213881
      vertex 33.4847 3.65978 0.0213881
      vertex 33.3588 3.44962 0.0213881
    endloop
  endfacet
  facet normal 0 0 -1
    outer loop
      vertex 32.0776 75.7223 0.0213881
      vertex 33.8263 78.7975 0.0213881
      vertex 32.234 75.4613 0.0213881
    endloop
  endfacet
  facet normal 0 0 -1
    outer loop
      vertex 31.8963 75.9666 0.0213881
      vertex 33.8263 78.7975 0.0213881
      vertex 32.0776 75.7223 0.0213881
    endloop
  endfacet
  facet normal 0 0 -1
    outer loop
      vertex 33.5895 3.88123 0.0213881
      vertex 33.2128 3.25278 0.0213881
      vertex 31.3293 2.19985 0.0213881
    endloop
  endfacet
  facet normal 0 0 -1
    outer loop
      vertex 31.692 76.192 0.0213881
      vertex 33.8263 78.7975 0.0213881
      vertex 31.8963 75.9666 0.0213881
    endloop
  endfacet
  facet normal 0 0 -1
    outer loop
      vertex 32.9964 3.00362 0.0213881
      vertex 33.2128 3.25278 0.0213881
      vertex 33.1609 3.1852 0.0213881
    endloop
  endfacet
  facet normal 0 0 -1
    outer loop
      vertex 31.4666 76.3963 0.0213881
      vertex 33.8263 78.7975 0.0213881
      vertex 31.692 76.192 0.0213881
    endloop
  endfacet
  facet normal 0 0 -1
    outer loop
      vertex 33.2128 3.25278 0.0213881
      vertex 32.9964 3.00362 0.0213881
      vertex 32.7472 2.78721 0.0213881
    endloop
  endfacet
  facet normal 0 0 -1
    outer loop
      vertex 31.2223 76.5776 0.0213881
      vertex 33.8263 78.7975 0.0213881
      vertex 31.4666 76.3963 0.0213881
    endloop
  endfacet
  facet normal 0 0 -1
    outer loop
      vertex 30.9613 76.734 0.0213881
      vertex 33.8263 78.7975 0.0213881
      vertex 31.2223 76.5776 0.0213881
    endloop
  endfacet
  facet normal 0 0 -1
    outer loop
      vertex 32.7472 2.78721 0.0213881
      vertex 32.9964 3.00362 0.0213881
      vertex 32.8148 2.83907 0.0213881
    endloop
  endfacet
  facet normal 0 0 -1
    outer loop
      vertex 33.2128 3.25278 0.0213881
      vertex 32.7472 2.78721 0.0213881
      vertex 31.3293 2.19985 0.0213881
    endloop
  endfacet
  facet normal 0 0 -1
    outer loop
      vertex 30.6863 76.864 0.0213881
      vertex 33.8263 78.7975 0.0213881
      vertex 30.9613 76.734 0.0213881
    endloop
  endfacet
  facet normal -0 0 -1
    outer loop
      vertex 33.8263 78.7975 0.0213881
      vertex 30.6863 76.864 0.0213881
      vertex 33.8113 79.1038 0.0213881
    endloop
  endfacet
  facet normal 0 0 -1
    outer loop
      vertex 33.8263 5.06149 0.0213881
      vertex 32.5851 11.6961 0.0213881
      vertex 32.6 12 0.0213881
    endloop
  endfacet
  facet normal 0 0 -1
    outer loop
      vertex 32.1188 2.41052 0.0213881
      vertex 32.7472 2.78721 0.0213881
      vertex 32.5504 2.64122 0.0213881
    endloop
  endfacet
  facet normal 0 0 -1
    outer loop
      vertex 33.8263 5.06149 0.0213881
      vertex 32.5404 11.3952 0.0213881
      vertex 32.5851 11.6961 0.0213881
    endloop
  endfacet
  facet normal 0 0 -1
    outer loop
      vertex 33.8263 5.06149 0.0213881
      vertex 32.4665 11.1001 0.0213881
      vertex 32.5404 11.3952 0.0213881
    endloop
  endfacet
  facet normal 0 0 -1
    outer loop
      vertex 33.8263 5.06149 0.0213881
      vertex 32.364 10.8137 0.0213881
      vertex 32.4665 11.1001 0.0213881
    endloop
  endfacet
  facet normal 0 0 -1
    outer loop
      vertex 32.1188 2.41052 0.0213881
      vertex 32.5504 2.64122 0.0213881
      vertex 32.3402 2.51525 0.0213881
    endloop
  endfacet
  facet normal 0 0 -1
    outer loop
      vertex 33.8263 5.06149 0.0213881
      vertex 32.234 10.5387 0.0213881
      vertex 32.364 10.8137 0.0213881
    endloop
  endfacet
  facet normal 0 0 -1
    outer loop
      vertex 32.7472 2.78721 0.0213881
      vertex 32.1188 2.41052 0.0213881
      vertex 31.3293 2.19985 0.0213881
    endloop
  endfacet
  facet normal 0 0 -1
    outer loop
      vertex 33.8263 5.06149 0.0213881
      vertex 32.0776 10.2777 0.0213881
      vertex 32.234 10.5387 0.0213881
    endloop
  endfacet
  facet normal 0 0 -1
    outer loop
      vertex 31.3293 2.19985 0.0213881
      vertex 32.1188 2.41052 0.0213881
      vertex 32.0401 2.37792 0.0213881
    endloop
  endfacet
  facet normal 0 0 -1
    outer loop
      vertex 33.8263 5.06149 0.0213881
      vertex 31.8963 10.0334 0.0213881
      vertex 32.0776 10.2777 0.0213881
    endloop
  endfacet
  facet normal 0 0 -1
    outer loop
      vertex 31.3293 2.19985 0.0213881
      vertex 32.0401 2.37792 0.0213881
      vertex 31.8092 2.29532 0.0213881
    endloop
  endfacet
  facet normal 0 0 -1
    outer loop
      vertex 33.8263 5.06149 0.0213881
      vertex 31.692 9.80797 0.0213881
      vertex 31.8963 10.0334 0.0213881
    endloop
  endfacet
  facet normal 0 0 -1
    outer loop
      vertex 31.3293 2.19985 0.0213881
      vertex 31.8092 2.29532 0.0213881
      vertex 31.5716 2.2358 0.0213881
    endloop
  endfacet
  facet normal 0 0 -1
    outer loop
      vertex 33.8263 5.06149 0.0213881
      vertex 31.4666 9.60367 0.0213881
      vertex 31.692 9.80797 0.0213881
    endloop
  endfacet
  facet normal 0 0 -1
    outer loop
      vertex 33.8002 4.67073 0.0213881
      vertex 31.3293 2.19985 0.0213881
      vertex 30.9385 2.17369 0.0213881
    endloop
  endfacet
  facet normal 0 0 -1
    outer loop
      vertex 30.9385 2.17369 0.0213881
      vertex 31.3293 2.19985 0.0213881
      vertex 31.2448 2.18873 0.0213881
    endloop
  endfacet
  facet normal 0 0 -1
    outer loop
      vertex 33.8263 5.06149 0.0213881
      vertex 31.2223 9.42244 0.0213881
      vertex 31.4666 9.60367 0.0213881
    endloop
  endfacet
  facet normal 0 0 -1
    outer loop
      vertex 33.8263 5.06149 0.0213881
      vertex 30.9613 9.26604 0.0213881
      vertex 31.2223 9.42244 0.0213881
    endloop
  endfacet
  facet normal -0 0 -1
    outer loop
      vertex 33.8263 5.06149 0.0213881
      vertex 30.9385 2.17369 0.0213881
      vertex 30.1048 8.95957 0.0213881
    endloop
  endfacet
  facet normal 0 0 -1
    outer loop
      vertex 33.8263 5.06149 0.0213881
      vertex 30.6863 9.13597 0.0213881
      vertex 30.9613 9.26604 0.0213881
    endloop
  endfacet
  facet normal 0 0 -1
    outer loop
      vertex 33.8263 5.06149 0.0213881
      vertex 30.3999 9.03349 0.0213881
      vertex 30.6863 9.13597 0.0213881
    endloop
  endfacet
  facet normal 0 0 -1
    outer loop
      vertex 33.8263 5.06149 0.0213881
      vertex 30.1048 8.95957 0.0213881
      vertex 30.3999 9.03349 0.0213881
    endloop
  endfacet
  facet normal 0 0 -1
    outer loop
      vertex 30.9385 2.17369 0.0213881
      vertex 29.8039 8.91493 0.0213881
      vertex 30.1048 8.95957 0.0213881
    endloop
  endfacet
  facet normal 0 0 -1
    outer loop
      vertex 30.9385 2.17369 0.0213881
      vertex 29.5 8.9 0.0213881
      vertex 29.8039 8.91493 0.0213881
    endloop
  endfacet
  facet normal 0 0 -1
    outer loop
      vertex 30.9385 2.17369 0.0213881
      vertex 29.1961 8.91493 0.0213881
      vertex 29.5 8.9 0.0213881
    endloop
  endfacet
  facet normal 0 0 -1
    outer loop
      vertex 30.9385 2.17369 0.0213881
      vertex 28.8952 8.95957 0.0213881
      vertex 29.1961 8.91493 0.0213881
    endloop
  endfacet
  facet normal 0 0 -1
    outer loop
      vertex 30.9385 2.17369 0.0213881
      vertex 28.6001 9.03349 0.0213881
      vertex 28.8952 8.95957 0.0213881
    endloop
  endfacet
  facet normal 0 0 -1
    outer loop
      vertex 30.9385 2.17369 0.0213881
      vertex 28.3137 9.13597 0.0213881
      vertex 28.6001 9.03349 0.0213881
    endloop
  endfacet
  facet normal 0 0 -1
    outer loop
      vertex 30.9385 2.17369 0.0213881
      vertex 28.0387 9.26604 0.0213881
      vertex 28.3137 9.13597 0.0213881
    endloop
  endfacet
  facet normal 0 0 -1
    outer loop
      vertex 30.9385 2.17369 0.0213881
      vertex 27.7777 9.42244 0.0213881
      vertex 28.0387 9.26604 0.0213881
    endloop
  endfacet
  facet normal 0 0 -1
    outer loop
      vertex 30.9385 2.17369 0.0213881
      vertex 27.5334 9.60367 0.0213881
      vertex 27.7777 9.42244 0.0213881
    endloop
  endfacet
  facet normal 0 0 -1
    outer loop
      vertex 30.9385 2.17369 0.0213881
      vertex 27.308 9.80797 0.0213881
      vertex 27.5334 9.60367 0.0213881
    endloop
  endfacet
  facet normal 0 0 -1
    outer loop
      vertex 8.39471 2.17369 0.0213881
      vertex 27.308 9.80797 0.0213881
      vertex 30.9385 2.17369 0.0213881
    endloop
  endfacet
  facet normal -0 0 -1
    outer loop
      vertex 27.308 9.80797 0.0213881
      vertex 8.39471 2.17369 0.0213881
      vertex 27.1037 10.0334 0.0213881
    endloop
  endfacet
  facet normal -0 0 -1
    outer loop
      vertex 27.1037 10.0334 0.0213881
      vertex 8.39471 2.17369 0.0213881
      vertex 26.9224 10.2777 0.0213881
    endloop
  endfacet
  facet normal -0 0 -1
    outer loop
      vertex 26.4149 73.6961 0.0213881
      vertex 8.39471 68 0.0213881
      vertex 26.4 74 0.0213881
    endloop
  endfacet
  facet normal 0 0 -1
    outer loop
      vertex 8.39471 2.17369 0.0213881
      vertex 26.4 12 0.0213881
      vertex 26.4149 11.6961 0.0213881
    endloop
  endfacet
  facet normal 0 0 -1
    outer loop
      vertex 3 105.811 0.0213881
      vertex 26.4 74 0.0213881
      vertex 8.39471 68 0.0213881
    endloop
  endfacet
  facet normal 0 -0 -1
    outer loop
      vertex 6 111 0.0213881
      vertex 26.4 74 0.0213881
      vertex 5.97111 110.412 0.0213881
    endloop
  endfacet
  facet normal 0 0 -1
    outer loop
      vertex 26.4 74 0.0213881
      vertex 6 111 0.0213881
      vertex 9.41982 130.192 0.0213881
    endloop
  endfacet
  facet normal 0 0 -1
    outer loop
      vertex 5.97111 111.588 0.0213881
      vertex 9.41982 130.192 0.0213881
      vertex 6 111 0.0213881
    endloop
  endfacet
  facet normal 0 0 -1
    outer loop
      vertex 5.88471 112.171 0.0213881
      vertex 9.41982 130.192 0.0213881
      vertex 5.97111 111.588 0.0213881
    endloop
  endfacet
  facet normal 0 0 -1
    outer loop
      vertex 5.74164 112.742 0.0213881
      vertex 9.41982 130.192 0.0213881
      vertex 5.88471 112.171 0.0213881
    endloop
  endfacet
  facet normal 0 0 -1
    outer loop
      vertex 8.39471 2.17369 0.0213881
      vertex 26.4149 11.6961 0.0213881
      vertex 26.4596 11.3952 0.0213881
    endloop
  endfacet
  facet normal 0 0 -1
    outer loop
      vertex 5.54328 113.296 0.0213881
      vertex 9.41982 130.192 0.0213881
      vertex 5.74164 112.742 0.0213881
    endloop
  endfacet
  facet normal -0 0 -1
    outer loop
      vertex 26.9224 10.2777 0.0213881
      vertex 8.39471 2.17369 0.0213881
      vertex 26.766 10.5387 0.0213881
    endloop
  endfacet
  facet normal 0 0 -1
    outer loop
      vertex 8.39471 2.17369 0.0213881
      vertex 26.636 10.8137 0.0213881
      vertex 26.766 10.5387 0.0213881
    endloop
  endfacet
  facet normal 0 0 -1
    outer loop
      vertex 8.39471 2.17369 0.0213881
      vertex 26.5335 11.1001 0.0213881
      vertex 26.636 10.8137 0.0213881
    endloop
  endfacet
  facet normal 0 0 -1
    outer loop
      vertex 8.39471 2.17369 0.0213881
      vertex 26.4596 11.3952 0.0213881
      vertex 26.5335 11.1001 0.0213881
    endloop
  endfacet
  facet normal -0 0 -1
    outer loop
      vertex 27.1037 13.9666 0.0213881
      vertex 8.39471 2.17369 0.0213881
      vertex 8.39471 68 0.0213881
    endloop
  endfacet
  facet normal 0 0 -1
    outer loop
      vertex 5.29153 113.828 0.0213881
      vertex 9.41982 130.192 0.0213881
      vertex 5.54328 113.296 0.0213881
    endloop
  endfacet
  facet normal 0 0 -1
    outer loop
      vertex 4.98882 114.333 0.0213881
      vertex 9.41982 130.192 0.0213881
      vertex 5.29153 113.828 0.0213881
    endloop
  endfacet
  facet normal 0 0 -1
    outer loop
      vertex 4.24264 115.243 0.0213881
      vertex 9.41982 130.192 0.0213881
      vertex 4.63806 114.806 0.0213881
    endloop
  endfacet
  facet normal 0 0 -1
    outer loop
      vertex 3.80636 115.638 0.0213881
      vertex 9.41982 130.192 0.0213881
      vertex 4.24264 115.243 0.0213881
    endloop
  endfacet
  facet normal 0 0 -1
    outer loop
      vertex 3.33342 115.989 0.0213881
      vertex 9.41982 130.192 0.0213881
      vertex 3.80636 115.638 0.0213881
    endloop
  endfacet
  facet normal 0 0 -1
    outer loop
      vertex 2.82838 116.292 0.0213881
      vertex 9.41982 130.192 0.0213881
      vertex 3.33342 115.989 0.0213881
    endloop
  endfacet
  facet normal 0 0 -1
    outer loop
      vertex 2.2961 116.543 0.0213881
      vertex 9.41982 130.192 0.0213881
      vertex 2.82838 116.292 0.0213881
    endloop
  endfacet
  facet normal 0 0 -1
    outer loop
      vertex 1.74171 116.742 0.0213881
      vertex 9.41982 130.192 0.0213881
      vertex 2.2961 116.543 0.0213881
    endloop
  endfacet
  facet normal 0 -0 -1
    outer loop
      vertex 6.77026 131.826 0.0213881
      vertex 9.41982 130.192 0.0213881
      vertex 1.74171 116.742 0.0213881
    endloop
  endfacet
  facet normal 0 0 -1
    outer loop
      vertex 9.41982 130.192 0.0213881
      vertex 6.77026 131.826 0.0213881
      vertex 9.27343 130.462 0.0213881
    endloop
  endfacet
  facet normal 0 0 -1
    outer loop
      vertex 4.63806 114.806 0.0213881
      vertex 9.41982 130.192 0.0213881
      vertex 4.98882 114.333 0.0213881
    endloop
  endfacet
  facet normal 0 0 -1
    outer loop
      vertex 26.4 74 0.0213881
      vertex 5.88471 109.829 0.0213881
      vertex 5.97111 110.412 0.0213881
    endloop
  endfacet
  facet normal 0 0 -1
    outer loop
      vertex 26.4 74 0.0213881
      vertex 5.74164 109.258 0.0213881
      vertex 5.88471 109.829 0.0213881
    endloop
  endfacet
  facet normal 0 0 -1
    outer loop
      vertex 26.4 74 0.0213881
      vertex 5.54328 108.704 0.0213881
      vertex 5.74164 109.258 0.0213881
    endloop
  endfacet
  facet normal 0 0 -1
    outer loop
      vertex 26.4 74 0.0213881
      vertex 5.29153 108.172 0.0213881
      vertex 5.54328 108.704 0.0213881
    endloop
  endfacet
  facet normal 0 0 -1
    outer loop
      vertex 26.4 74 0.0213881
      vertex 4.98882 107.667 0.0213881
      vertex 5.29153 108.172 0.0213881
    endloop
  endfacet
  facet normal 0 0 -1
    outer loop
      vertex 26.4 74 0.0213881
      vertex 4.63806 107.194 0.0213881
      vertex 4.98882 107.667 0.0213881
    endloop
  endfacet
  facet normal 0 0 -1
    outer loop
      vertex 26.4 74 0.0213881
      vertex 4.24264 106.757 0.0213881
      vertex 4.63806 107.194 0.0213881
    endloop
  endfacet
  facet normal 0 0 -1
    outer loop
      vertex 26.4 74 0.0213881
      vertex 3.80636 106.362 0.0213881
      vertex 4.24264 106.757 0.0213881
    endloop
  endfacet
  facet normal 0 0 -1
    outer loop
      vertex 26.4 74 0.0213881
      vertex 3.33342 106.011 0.0213881
      vertex 3.80636 106.362 0.0213881
    endloop
  endfacet
  facet normal 0 0 -1
    outer loop
      vertex 3 105.811 0.0213881
      vertex 8.39471 68 0.0213881
      vertex 3 68 0.0213881
    endloop
  endfacet
  facet normal 0 0 -1
    outer loop
      vertex 26.4 74 0.0213881
      vertex 3 105.811 0.0213881
      vertex 3.33342 106.011 0.0213881
    endloop
  endfacet
  facet normal -0 0 -1
    outer loop
      vertex 33.8113 79.1038 0.0213881
      vertex 30.6863 76.864 0.0213881
      vertex 33.8002 79.1882 0.0213881
    endloop
  endfacet
  facet normal -0 0 -1
    outer loop
      vertex 33.8002 79.1882 0.0213881
      vertex 30.6863 76.864 0.0213881
      vertex 33.7642 79.4306 0.0213881
    endloop
  endfacet
  facet normal -0 0 -1
    outer loop
      vertex 33.7642 79.4306 0.0213881
      vertex 30.6863 76.864 0.0213881
      vertex 33.7047 79.6682 0.0213881
    endloop
  endfacet
  facet normal -0 0 -1
    outer loop
      vertex 33.7047 79.6682 0.0213881
      vertex 30.6863 76.864 0.0213881
      vertex 33.6132 79.9238 0.0213881
    endloop
  endfacet
  facet normal -0 0 -1
    outer loop
      vertex 33.6132 79.9238 0.0213881
      vertex 30.6863 76.864 0.0213881
      vertex 33.5806 80.0025 0.0213881
    endloop
  endfacet
  facet normal -0 0 -1
    outer loop
      vertex 33.5806 80.0025 0.0213881
      vertex 30.6863 76.864 0.0213881
      vertex 33.5198 80.1385 0.0213881
    endloop
  endfacet
  facet normal 0 0 -1
    outer loop
      vertex 30.3999 76.9665 0.0213881
      vertex 33.5198 80.1385 0.0213881
      vertex 30.6863 76.864 0.0213881
    endloop
  endfacet
  facet normal -0 0 -1
    outer loop
      vertex 33.5198 80.1385 0.0213881
      vertex 30.3999 76.9665 0.0213881
      vertex 33.2672 80.6632 0.0213881
    endloop
  endfacet
  facet normal -0 0 -1
    outer loop
      vertex 33.2672 80.6632 0.0213881
      vertex 30.3999 76.9665 0.0213881
      vertex 33.2512 80.6963 0.0213881
    endloop
  endfacet
  facet normal 0 0 -1
    outer loop
      vertex 30.1048 77.0404 0.0213881
      vertex 33.2512 80.6963 0.0213881
      vertex 30.3999 76.9665 0.0213881
    endloop
  endfacet
  facet normal -0 0 -1
    outer loop
      vertex 33.2512 80.6963 0.0213881
      vertex 30.1048 77.0404 0.0213881
      vertex 33.1992 80.8043 0.0213881
    endloop
  endfacet
  facet normal -0 0 -1
    outer loop
      vertex 33.1992 80.8043 0.0213881
      vertex 30.1048 77.0404 0.0213881
      vertex 33.1131 80.9833 0.0213881
    endloop
  endfacet
  facet normal -0 0 -1
    outer loop
      vertex 33.1131 80.9833 0.0213881
      vertex 30.1048 77.0404 0.0213881
      vertex 32.9937 81.2312 0.0213881
    endloop
  endfacet
  facet normal 0 0 -1
    outer loop
      vertex 29.8039 77.0851 0.0213881
      vertex 32.9937 81.2312 0.0213881
      vertex 30.1048 77.0404 0.0213881
    endloop
  endfacet
  facet normal -0 0 -1
    outer loop
      vertex 32.9937 81.2312 0.0213881
      vertex 29.8039 77.0851 0.0213881
      vertex 32.842 81.5461 0.0213881
    endloop
  endfacet
  facet normal -0 0 -1
    outer loop
      vertex 32.842 81.5461 0.0213881
      vertex 29.8039 77.0851 0.0213881
      vertex 32.6598 81.9247 0.0213881
    endloop
  endfacet
  facet normal 0 0 -1
    outer loop
      vertex 29.5 77.1 0.0213881
      vertex 32.6598 81.9247 0.0213881
      vertex 29.8039 77.0851 0.0213881
    endloop
  endfacet
  facet normal -0 0 -1
    outer loop
      vertex 32.6598 81.9247 0.0213881
      vertex 29.5 77.1 0.0213881
      vertex 32.4486 82.3632 0.0213881
    endloop
  endfacet
  facet normal 0 0 -1
    outer loop
      vertex 29.1961 77.0851 0.0213881
      vertex 32.4486 82.3632 0.0213881
      vertex 29.5 77.1 0.0213881
    endloop
  endfacet
  facet normal -0 0 -1
    outer loop
      vertex 32.4486 82.3632 0.0213881
      vertex 29.1961 77.0851 0.0213881
      vertex 32.2105 82.8577 0.0213881
    endloop
  endfacet
  facet normal 0 0 -1
    outer loop
      vertex 28.8952 77.0404 0.0213881
      vertex 32.2105 82.8577 0.0213881
      vertex 29.1961 77.0851 0.0213881
    endloop
  endfacet
  facet normal -0 0 -1
    outer loop
      vertex 32.2105 82.8577 0.0213881
      vertex 28.8952 77.0404 0.0213881
      vertex 31.9478 83.4034 0.0213881
    endloop
  endfacet
  facet normal 0 0 -1
    outer loop
      vertex 28.6001 76.9665 0.0213881
      vertex 31.9478 83.4034 0.0213881
      vertex 28.8952 77.0404 0.0213881
    endloop
  endfacet
  facet normal -0 0 -1
    outer loop
      vertex 31.9478 83.4034 0.0213881
      vertex 28.6001 76.9665 0.0213881
      vertex 31.6631 83.9946 0.0213881
    endloop
  endfacet
  facet normal -0 0 -1
    outer loop
      vertex 31.6631 83.9946 0.0213881
      vertex 28.6001 76.9665 0.0213881
      vertex 31.359 84.6263 0.0213881
    endloop
  endfacet
  facet normal 0 0 -1
    outer loop
      vertex 28.3137 76.864 0.0213881
      vertex 31.359 84.6263 0.0213881
      vertex 28.6001 76.9665 0.0213881
    endloop
  endfacet
  facet normal -0 0 -1
    outer loop
      vertex 31.359 84.6263 0.0213881
      vertex 28.3137 76.864 0.0213881
      vertex 31.0385 85.292 0.0213881
    endloop
  endfacet
  facet normal 0 0 -1
    outer loop
      vertex 28.0387 76.734 0.0213881
      vertex 31.0385 85.292 0.0213881
      vertex 28.3137 76.864 0.0213881
    endloop
  endfacet
  facet normal -0 0 -1
    outer loop
      vertex 31.0385 85.292 0.0213881
      vertex 28.0387 76.734 0.0213881
      vertex 30.7048 85.9851 0.0213881
    endloop
  endfacet
  facet normal 0 0 -1
    outer loop
      vertex 27.7777 76.5776 0.0213881
      vertex 30.7048 85.9851 0.0213881
      vertex 28.0387 76.734 0.0213881
    endloop
  endfacet
  facet normal -0 0 -1
    outer loop
      vertex 30.7048 85.9851 0.0213881
      vertex 27.7777 76.5776 0.0213881
      vertex 30.3608 86.6994 0.0213881
    endloop
  endfacet
  facet normal 0 0 -1
    outer loop
      vertex 27.5334 76.3963 0.0213881
      vertex 30.3608 86.6994 0.0213881
      vertex 27.7777 76.5776 0.0213881
    endloop
  endfacet
  facet normal -0 0 -1
    outer loop
      vertex 30.3608 86.6994 0.0213881
      vertex 27.5334 76.3963 0.0213881
      vertex 30.0101 87.4278 0.0213881
    endloop
  endfacet
  facet normal -0 0 -1
    outer loop
      vertex 30.0101 87.4278 0.0213881
      vertex 27.5334 76.3963 0.0213881
      vertex 29.6856 88.1017 0.0213881
    endloop
  endfacet
  facet normal 0 0 -1
    outer loop
      vertex 27.308 76.192 0.0213881
      vertex 29.6856 88.1017 0.0213881
      vertex 27.5334 76.3963 0.0213881
    endloop
  endfacet
  facet normal 0 0 -1
    outer loop
      vertex 27.1037 75.9666 0.0213881
      vertex 29.6856 88.1017 0.0213881
      vertex 27.308 76.192 0.0213881
    endloop
  endfacet
  facet normal 0 0 -1
    outer loop
      vertex 26.9224 75.7223 0.0213881
      vertex 29.6856 88.1017 0.0213881
      vertex 27.1037 75.9666 0.0213881
    endloop
  endfacet
  facet normal 0 0 -1
    outer loop
      vertex 26.766 75.4613 0.0213881
      vertex 29.6856 88.1017 0.0213881
      vertex 26.9224 75.7223 0.0213881
    endloop
  endfacet
  facet normal 0 0 -1
    outer loop
      vertex 26.636 75.1863 0.0213881
      vertex 29.6856 88.1017 0.0213881
      vertex 26.766 75.4613 0.0213881
    endloop
  endfacet
  facet normal 0 0 -1
    outer loop
      vertex 9.41982 130.192 0.0213881
      vertex 26.636 75.1863 0.0213881
      vertex 26.5335 74.8999 0.0213881
    endloop
  endfacet
  facet normal 0 0 -1
    outer loop
      vertex 9.41982 130.192 0.0213881
      vertex 26.5335 74.8999 0.0213881
      vertex 26.4596 74.6048 0.0213881
    endloop
  endfacet
  facet normal 0 0 -1
    outer loop
      vertex 26.636 75.1863 0.0213881
      vertex 9.41982 130.192 0.0213881
      vertex 29.6856 88.1017 0.0213881
    endloop
  endfacet
  facet normal 0 0 -1
    outer loop
      vertex 26.4149 74.3039 0.0213881
      vertex 9.41982 130.192 0.0213881
      vertex 26.4596 74.6048 0.0213881
    endloop
  endfacet
  facet normal 0 0 -1
    outer loop
      vertex 9.41982 130.192 0.0213881
      vertex 26.4149 74.3039 0.0213881
      vertex 26.4 74 0.0213881
    endloop
  endfacet
  facet normal 0 0 -1
    outer loop
      vertex 9.27343 130.462 0.0213881
      vertex 6.77026 131.826 0.0213881
      vertex 9.13579 130.665 0.0213881
    endloop
  endfacet
  facet normal -0 -0 -1
    outer loop
      vertex 7.23326 131.794 0.0213881
      vertex 9.08393 130.732 0.0213881
      vertex 6.77026 131.826 0.0213881
    endloop
  endfacet
  facet normal -0 -0 -1
    outer loop
      vertex 8.56231 131.247 0.0213881
      vertex 9.08393 130.732 0.0213881
      vertex 7.23326 131.794 0.0213881
    endloop
  endfacet
  facet normal 0 0 -1
    outer loop
      vertex 8.92733 130.92 0.0213881
      vertex 8.56231 131.247 0.0213881
      vertex 8.75268 131.093 0.0213881
    endloop
  endfacet
  facet normal 0 0 -1
    outer loop
      vertex 9.08393 130.732 0.0213881
      vertex 8.56231 131.247 0.0213881
      vertex 8.92733 130.92 0.0213881
    endloop
  endfacet
  facet normal -0 -0 -1
    outer loop
      vertex 7.99443 131.58 0.0213881
      vertex 8.56231 131.247 0.0213881
      vertex 7.23326 131.794 0.0213881
    endloop
  endfacet
  facet normal 0 0 -1
    outer loop
      vertex 8.49473 131.298 0.0213881
      vertex 7.99443 131.58 0.0213881
      vertex 8.28999 131.433 0.0213881
    endloop
  endfacet
  facet normal 0 0 -1
    outer loop
      vertex 8.56231 131.247 0.0213881
      vertex 7.99443 131.58 0.0213881
      vertex 8.49473 131.298 0.0213881
    endloop
  endfacet
  facet normal 0 0 -1
    outer loop
      vertex 7.99443 131.58 0.0213881
      vertex 7.23326 131.794 0.0213881
      vertex 7.76732 131.672 0.0213881
    endloop
  endfacet
  facet normal 0 0 -1
    outer loop
      vertex 7.76732 131.672 0.0213881
      vertex 7.23326 131.794 0.0213881
      vertex 7.53233 131.742 0.0213881
    endloop
  endfacet
  facet normal 0 0 -1
    outer loop
      vertex 7.53233 131.742 0.0213881
      vertex 7.23326 131.794 0.0213881
      vertex 7.31772 131.783 0.0213881
    endloop
  endfacet
  facet normal 0 0 -1
    outer loop
      vertex 8.28999 131.433 0.0213881
      vertex 7.99443 131.58 0.0213881
      vertex 8.07313 131.547 0.0213881
    endloop
  endfacet
  facet normal 0 0 -1
    outer loop
      vertex 9.13579 130.665 0.0213881
      vertex 6.77026 131.826 0.0213881
      vertex 9.08393 130.732 0.0213881
    endloop
  endfacet
  facet normal 0 0 -1
    outer loop
      vertex 1.17054 116.885 0.0213881
      vertex 6.77026 131.826 0.0213881
      vertex 1.74171 116.742 0.0213881
    endloop
  endfacet
  facet normal 0 0 -1
    outer loop
      vertex 0.588102 116.971 0.0213881
      vertex 6.77026 131.826 0.0213881
      vertex 1.17054 116.885 0.0213881
    endloop
  endfacet
  facet normal 0 0 -1
    outer loop
      vertex 0 117 0.0213881
      vertex 6.77026 131.826 0.0213881
      vertex 0.588102 116.971 0.0213881
    endloop
  endfacet
  facet normal 0 0 -1
    outer loop
      vertex -6.79654 131.826 0.0213881
      vertex 0 117 0.0213881
      vertex -0.588102 116.971 0.0213881
    endloop
  endfacet
  facet normal 0 0 -1
    outer loop
      vertex -6.79654 131.826 0.0213881
      vertex -0.588102 116.971 0.0213881
      vertex -1.17054 116.885 0.0213881
    endloop
  endfacet
  facet normal 0 0 -1
    outer loop
      vertex -6.79654 131.826 0.0213881
      vertex -1.17054 116.885 0.0213881
      vertex -1.74171 116.742 0.0213881
    endloop
  endfacet
  facet normal 0 0 -1
    outer loop
      vertex -6.79654 131.826 0.0213881
      vertex -1.74171 116.742 0.0213881
      vertex -2.2961 116.543 0.0213881
    endloop
  endfacet
  facet normal 0 0 -1
    outer loop
      vertex -6.79654 131.826 0.0213881
      vertex -2.2961 116.543 0.0213881
      vertex -2.82838 116.292 0.0213881
    endloop
  endfacet
  facet normal 0 0 -1
    outer loop
      vertex -7.10284 131.811 0.0213881
      vertex -2.82838 116.292 0.0213881
      vertex -3.33342 115.989 0.0213881
    endloop
  endfacet
  facet normal 0 0 -1
    outer loop
      vertex -7.10284 131.811 0.0213881
      vertex -3.33342 115.989 0.0213881
      vertex -3.80636 115.638 0.0213881
    endloop
  endfacet
  facet normal 0 0 -1
    outer loop
      vertex -7.10284 131.811 0.0213881
      vertex -3.80636 115.638 0.0213881
      vertex -4.24264 115.243 0.0213881
    endloop
  endfacet
  facet normal 0 0 -1
    outer loop
      vertex -7.10284 131.811 0.0213881
      vertex -4.24264 115.243 0.0213881
      vertex -4.63806 114.806 0.0213881
    endloop
  endfacet
  facet normal 0 0 -1
    outer loop
      vertex -7.10284 131.811 0.0213881
      vertex -4.63806 114.806 0.0213881
      vertex -4.98882 114.333 0.0213881
    endloop
  endfacet
  facet normal 0 0 -1
    outer loop
      vertex 0 117 0.0213881
      vertex -6.79654 131.826 0.0213881
      vertex 6.77026 131.826 0.0213881
    endloop
  endfacet
  facet normal 0 0 -1
    outer loop
      vertex -7.10284 131.811 0.0213881
      vertex -4.98882 114.333 0.0213881
      vertex -5.29153 113.828 0.0213881
    endloop
  endfacet
  facet normal 0 0 -1
    outer loop
      vertex -7.10284 131.811 0.0213881
      vertex -5.29153 113.828 0.0213881
      vertex -5.54328 113.296 0.0213881
    endloop
  endfacet
  facet normal 0 0 -1
    outer loop
      vertex -7.10284 131.811 0.0213881
      vertex -5.54328 113.296 0.0213881
      vertex -5.74164 112.742 0.0213881
    endloop
  endfacet
  facet normal 0 0 -1
    outer loop
      vertex -7.10284 131.811 0.0213881
      vertex -5.74164 112.742 0.0213881
      vertex -5.88471 112.171 0.0213881
    endloop
  endfacet
  facet normal 0 0 -1
    outer loop
      vertex -7.10284 131.811 0.0213881
      vertex -5.88471 112.171 0.0213881
      vertex -5.97111 111.588 0.0213881
    endloop
  endfacet
  facet normal 0 0 -1
    outer loop
      vertex -8.40841 131.359 0.0213881
      vertex -5.97111 111.588 0.0213881
      vertex -6 111 0.0213881
    endloop
  endfacet
  facet normal 0 0 -1
    outer loop
      vertex -15.7937 116.627 0.0213881
      vertex -15.8263 116.208 0.0213881
      vertex -15.8221 116.357 0.0213881
    endloop
  endfacet
  facet normal 0 0 -1
    outer loop
      vertex -26.4596 74.6048 0.0213881
      vertex -21.6207 80.9563 0.0213881
      vertex -26.4149 74.3039 0.0213881
    endloop
  endfacet
  facet normal 0 0 -1
    outer loop
      vertex -21.6207 80.9563 0.0213881
      vertex -26.4596 74.6048 0.0213881
      vertex -22.2788 80.8587 0.0213881
    endloop
  endfacet
  facet normal 0 0 -1
    outer loop
      vertex -26.5335 74.8999 0.0213881
      vertex -22.2788 80.8587 0.0213881
      vertex -26.4596 74.6048 0.0213881
    endloop
  endfacet
  facet normal 0 0 -1
    outer loop
      vertex -22.2788 80.8587 0.0213881
      vertex -26.5335 74.8999 0.0213881
      vertex -22.9386 80.8263 0.0213881
    endloop
  endfacet
  facet normal 0 0 -1
    outer loop
      vertex -26.636 75.1863 0.0213881
      vertex -22.9386 80.8263 0.0213881
      vertex -26.5335 74.8999 0.0213881
    endloop
  endfacet
  facet normal 0 0 -1
    outer loop
      vertex -26.766 75.4613 0.0213881
      vertex -22.9386 80.8263 0.0213881
      vertex -26.636 75.1863 0.0213881
    endloop
  endfacet
  facet normal 0 0 -1
    outer loop
      vertex -26.9224 75.7223 0.0213881
      vertex -22.9386 80.8263 0.0213881
      vertex -26.766 75.4613 0.0213881
    endloop
  endfacet
  facet normal 0 0 -1
    outer loop
      vertex -27.1037 75.9666 0.0213881
      vertex -22.9386 80.8263 0.0213881
      vertex -26.9224 75.7223 0.0213881
    endloop
  endfacet
  facet normal 0 0 -1
    outer loop
      vertex -27.308 76.192 0.0213881
      vertex -22.9386 80.8263 0.0213881
      vertex -27.1037 75.9666 0.0213881
    endloop
  endfacet
  facet normal 0 0 -1
    outer loop
      vertex -27.5334 76.3963 0.0213881
      vertex -22.9386 80.8263 0.0213881
      vertex -27.308 76.192 0.0213881
    endloop
  endfacet
  facet normal 0 0 -1
    outer loop
      vertex -27.7777 76.5776 0.0213881
      vertex -22.9386 80.8263 0.0213881
      vertex -27.5334 76.3963 0.0213881
    endloop
  endfacet
  facet normal 0 0 -1
    outer loop
      vertex -28.0387 76.734 0.0213881
      vertex -22.9386 80.8263 0.0213881
      vertex -27.7777 76.5776 0.0213881
    endloop
  endfacet
  facet normal 0 0 -1
    outer loop
      vertex -28.3137 76.864 0.0213881
      vertex -22.9386 80.8263 0.0213881
      vertex -28.0387 76.734 0.0213881
    endloop
  endfacet
  facet normal 0 0 -1
    outer loop
      vertex -30.9385 80.8263 0.0213881
      vertex -28.3137 76.864 0.0213881
      vertex -28.6001 76.9665 0.0213881
    endloop
  endfacet
  facet normal 0 0 -1
    outer loop
      vertex -30.9385 80.8263 0.0213881
      vertex -28.6001 76.9665 0.0213881
      vertex -28.8952 77.0404 0.0213881
    endloop
  endfacet
  facet normal 0 0 -1
    outer loop
      vertex -30.9385 80.8263 0.0213881
      vertex -28.8952 77.0404 0.0213881
      vertex -29.1961 77.0851 0.0213881
    endloop
  endfacet
  facet normal 0 0 -1
    outer loop
      vertex -30.9385 80.8263 0.0213881
      vertex -29.1961 77.0851 0.0213881
      vertex -29.5 77.1 0.0213881
    endloop
  endfacet
  facet normal 0 0 -1
    outer loop
      vertex -30.9385 80.8263 0.0213881
      vertex -29.5 77.1 0.0213881
      vertex -29.8039 77.0851 0.0213881
    endloop
  endfacet
  facet normal 0 0 -1
    outer loop
      vertex -30.9385 80.8263 0.0213881
      vertex -29.8039 77.0851 0.0213881
      vertex -30.1048 77.0404 0.0213881
    endloop
  endfacet
  facet normal 0 0 -1
    outer loop
      vertex -30.9385 80.8263 0.0213881
      vertex -30.1048 77.0404 0.0213881
      vertex -30.3999 76.9665 0.0213881
    endloop
  endfacet
  facet normal 0 0 -1
    outer loop
      vertex -31.5716 80.7642 0.0213881
      vertex -30.3999 76.9665 0.0213881
      vertex -30.6863 76.864 0.0213881
    endloop
  endfacet
  facet normal 0 0 -1
    outer loop
      vertex -28.3137 76.864 0.0213881
      vertex -30.9385 80.8263 0.0213881
      vertex -22.9386 80.8263 0.0213881
    endloop
  endfacet
  facet normal 0 0 -1
    outer loop
      vertex -33.2128 79.7472 0.0213881
      vertex -30.6863 76.864 0.0213881
      vertex -30.9613 76.734 0.0213881
    endloop
  endfacet
  facet normal 0 0 -1
    outer loop
      vertex -33.7642 78.5716 0.0213881
      vertex -30.9613 76.734 0.0213881
      vertex -31.2223 76.5776 0.0213881
    endloop
  endfacet
  facet normal 0 0 -1
    outer loop
      vertex -30.3999 76.9665 0.0213881
      vertex -31.2448 80.8113 0.0213881
      vertex -30.9385 80.8263 0.0213881
    endloop
  endfacet
  facet normal 0 0 -1
    outer loop
      vertex -30.3999 76.9665 0.0213881
      vertex -31.3293 80.8001 0.0213881
      vertex -31.2448 80.8113 0.0213881
    endloop
  endfacet
  facet normal 0 0 -1
    outer loop
      vertex -33.8263 77.9385 0.0213881
      vertex -31.2223 76.5776 0.0213881
      vertex -31.4666 76.3963 0.0213881
    endloop
  endfacet
  facet normal 0 0 -1
    outer loop
      vertex -30.3999 76.9665 0.0213881
      vertex -31.5716 80.7642 0.0213881
      vertex -31.3293 80.8001 0.0213881
    endloop
  endfacet
  facet normal 0 0 -1
    outer loop
      vertex -33.8263 77.9385 0.0213881
      vertex -31.4666 76.3963 0.0213881
      vertex -31.692 76.192 0.0213881
    endloop
  endfacet
  facet normal 0 0 -1
    outer loop
      vertex -30.6863 76.864 0.0213881
      vertex -31.8092 80.7047 0.0213881
      vertex -31.5716 80.7642 0.0213881
    endloop
  endfacet
  facet normal 0 0 -1
    outer loop
      vertex -33.8263 77.9385 0.0213881
      vertex -31.692 76.192 0.0213881
      vertex -31.8963 75.9666 0.0213881
    endloop
  endfacet
  facet normal 0 0 -1
    outer loop
      vertex -30.6863 76.864 0.0213881
      vertex -32.0401 80.6221 0.0213881
      vertex -31.8092 80.7047 0.0213881
    endloop
  endfacet
  facet normal 0 0 -1
    outer loop
      vertex -33.8263 77.9385 0.0213881
      vertex -31.8963 75.9666 0.0213881
      vertex -32.0776 75.7223 0.0213881
    endloop
  endfacet
  facet normal 0 0 -1
    outer loop
      vertex -30.6863 76.864 0.0213881
      vertex -32.1188 80.5895 0.0213881
      vertex -32.0401 80.6221 0.0213881
    endloop
  endfacet
  facet normal 0 0 -1
    outer loop
      vertex -33.8263 77.9385 0.0213881
      vertex -32.0776 75.7223 0.0213881
      vertex -32.234 75.4613 0.0213881
    endloop
  endfacet
  facet normal 0 0 -1
    outer loop
      vertex -31.2223 76.5776 0.0213881
      vertex -33.8002 78.3293 0.0213881
      vertex -33.7642 78.5716 0.0213881
    endloop
  endfacet
  facet normal 0 0 -1
    outer loop
      vertex -33.8263 77.9385 0.0213881
      vertex -32.234 75.4613 0.0213881
      vertex -32.364 75.1863 0.0213881
    endloop
  endfacet
  facet normal 0 0 -1
    outer loop
      vertex -33.8263 77.9385 0.0213881
      vertex -32.364 75.1863 0.0213881
      vertex -32.4665 74.8999 0.0213881
    endloop
  endfacet
  facet normal 0 0 -1
    outer loop
      vertex -33.8263 77.9385 0.0213881
      vertex -32.4665 74.8999 0.0213881
      vertex -32.5404 74.6048 0.0213881
    endloop
  endfacet
  facet normal 0 0 -1
    outer loop
      vertex -31.2223 76.5776 0.0213881
      vertex -33.8263 77.9385 0.0213881
      vertex -33.8113 78.2448 0.0213881
    endloop
  endfacet
  facet normal 0 0 -1
    outer loop
      vertex -33.8263 77.9385 0.0213881
      vertex -32.5404 74.6048 0.0213881
      vertex -32.5851 74.3039 0.0213881
    endloop
  endfacet
  facet normal 0 0 -1
    outer loop
      vertex -33.8263 77.9385 0.0213881
      vertex -32.5851 74.3039 0.0213881
      vertex -32.6 74 0.0213881
    endloop
  endfacet
  facet normal 0 0 -1
    outer loop
      vertex -30.6863 76.864 0.0213881
      vertex -32.7472 80.2128 0.0213881
      vertex -32.5504 80.3588 0.0213881
    endloop
  endfacet
  facet normal -0 0 -1
    outer loop
      vertex -32.5851 12.3039 0.0213881
      vertex -33.8263 5.06149 0.0213881
      vertex -33.8263 77.9385 0.0213881
    endloop
  endfacet
  facet normal 0 0 -1
    outer loop
      vertex -32.9964 3.00362 0.0213881
      vertex -32.7472 2.78721 0.0213881
      vertex -32.8148 2.83907 0.0213881
    endloop
  endfacet
  facet normal 0 0 -1
    outer loop
      vertex -32.5851 73.6961 0.0213881
      vertex -33.8263 77.9385 0.0213881
      vertex -32.6 74 0.0213881
    endloop
  endfacet
  facet normal 0 0 -1
    outer loop
      vertex -32.7472 2.78721 0.0213881
      vertex -32.9964 3.00362 0.0213881
      vertex -33.2128 3.25278 0.0213881
    endloop
  endfacet
  facet normal 0 0 -1
    outer loop
      vertex -30.6863 76.864 0.0213881
      vertex -32.5504 80.3588 0.0213881
      vertex -32.3402 80.4847 0.0213881
    endloop
  endfacet
  facet normal 0 0 -1
    outer loop
      vertex -33.2128 3.25278 0.0213881
      vertex -32.9964 3.00362 0.0213881
      vertex -33.1609 3.1852 0.0213881
    endloop
  endfacet
  facet normal 0 0 -1
    outer loop
      vertex -30.6863 76.864 0.0213881
      vertex -32.3402 80.4847 0.0213881
      vertex -32.1188 80.5895 0.0213881
    endloop
  endfacet
  facet normal 0 0 -1
    outer loop
      vertex -32.7472 2.78721 0.0213881
      vertex -33.2128 3.25278 0.0213881
      vertex -33.8002 4.67073 0.0213881
    endloop
  endfacet
  facet normal 0 0 -1
    outer loop
      vertex -30.6863 76.864 0.0213881
      vertex -33.2128 79.7472 0.0213881
      vertex -32.9964 79.9964 0.0213881
    endloop
  endfacet
  facet normal 0 0 -1
    outer loop
      vertex -33.5895 3.88123 0.0213881
      vertex -33.2128 3.25278 0.0213881
      vertex -33.3588 3.44962 0.0213881
    endloop
  endfacet
  facet normal 0 0 -1
    outer loop
      vertex -32.7472 80.2128 0.0213881
      vertex -32.9964 79.9964 0.0213881
      vertex -32.8148 80.1609 0.0213881
    endloop
  endfacet
  facet normal 0 0 -1
    outer loop
      vertex -33.5895 3.88123 0.0213881
      vertex -33.3588 3.44962 0.0213881
      vertex -33.4847 3.65978 0.0213881
    endloop
  endfacet
  facet normal 0 0 -1
    outer loop
      vertex -32.9964 79.9964 0.0213881
      vertex -33.2128 79.7472 0.0213881
      vertex -33.1609 79.8148 0.0213881
    endloop
  endfacet
  facet normal 0 0 -1
    outer loop
      vertex -33.2128 3.25278 0.0213881
      vertex -33.5895 3.88123 0.0213881
      vertex -33.8002 4.67073 0.0213881
    endloop
  endfacet
  facet normal 0 0 -1
    outer loop
      vertex -30.6863 76.864 0.0213881
      vertex -32.9964 79.9964 0.0213881
      vertex -32.7472 80.2128 0.0213881
    endloop
  endfacet
  facet normal 0 0 -1
    outer loop
      vertex -33.8002 4.67073 0.0213881
      vertex -33.5895 3.88123 0.0213881
      vertex -33.6221 3.95993 0.0213881
    endloop
  endfacet
  facet normal 0 0 -1
    outer loop
      vertex -30.9613 76.734 0.0213881
      vertex -33.5895 79.1188 0.0213881
      vertex -33.4847 79.3402 0.0213881
    endloop
  endfacet
  facet normal 0 0 -1
    outer loop
      vertex -33.8002 4.67073 0.0213881
      vertex -33.6221 3.95993 0.0213881
      vertex -33.7047 4.19078 0.0213881
    endloop
  endfacet
  facet normal 0 0 -1
    outer loop
      vertex -30.9613 76.734 0.0213881
      vertex -33.4847 79.3402 0.0213881
      vertex -33.3588 79.5504 0.0213881
    endloop
  endfacet
  facet normal 0 0 -1
    outer loop
      vertex -33.8002 4.67073 0.0213881
      vertex -33.7047 4.19078 0.0213881
      vertex -33.7642 4.42839 0.0213881
    endloop
  endfacet
  facet normal 0 0 -1
    outer loop
      vertex -30.9613 76.734 0.0213881
      vertex -33.3588 79.5504 0.0213881
      vertex -33.2128 79.7472 0.0213881
    endloop
  endfacet
  facet normal 0 0 -1
    outer loop
      vertex -31.3293 2.19985 0.0213881
      vertex -33.8002 4.67073 0.0213881
      vertex -33.8263 5.06149 0.0213881
    endloop
  endfacet
  facet normal 0 0 -1
    outer loop
      vertex -30.9613 76.734 0.0213881
      vertex -33.6221 79.0401 0.0213881
      vertex -33.5895 79.1188 0.0213881
    endloop
  endfacet
  facet normal 0 0 -1
    outer loop
      vertex -33.8263 5.06149 0.0213881
      vertex -33.8002 4.67073 0.0213881
      vertex -33.8113 4.75519 0.0213881
    endloop
  endfacet
  facet normal 0 0 -1
    outer loop
      vertex -30.9613 76.734 0.0213881
      vertex -33.7047 78.8092 0.0213881
      vertex -33.6221 79.0401 0.0213881
    endloop
  endfacet
  facet normal 0 0 -1
    outer loop
      vertex -30.9613 76.734 0.0213881
      vertex -33.7642 78.5716 0.0213881
      vertex -33.7047 78.8092 0.0213881
    endloop
  endfacet
  facet normal 0 0 -1
    outer loop
      vertex -31.2223 76.5776 0.0213881
      vertex -33.8113 78.2448 0.0213881
      vertex -33.8002 78.3293 0.0213881
    endloop
  endfacet
  facet normal -0.475091 -0.524318 -0.706667
    outer loop
      vertex -33.9865 1.66735 0.978097
      vertex -33.8418 2.15821 0.516617
      vertex -33.6602 1.99366 0.516617
    endloop
  endfacet
  facet normal -0.475091 -0.524318 -0.706667
    outer loop
      vertex -33.8418 2.15821 0.516617
      vertex -33.9865 1.66735 0.978097
      vertex -34.1681 1.8319 0.978097
    endloop
  endfacet
  facet normal -0.37087 -0.335984 -0.865777
    outer loop
      vertex -34.0063 2.33979 0.516617
      vertex -33.4421 2.55787 0.190302
      vertex -33.8418 2.15821 0.516617
    endloop
  endfacet
  facet normal -0.370794 -0.336139 -0.86575
    outer loop
      vertex -33.4421 2.55787 0.190302
      vertex -34.0063 2.33979 0.516617
      vertex -33.6067 2.73944 0.190302
    endloop
  endfacet
  facet normal -0.399262 -0.306272 -0.864169
    outer loop
      vertex -33.6067 2.73944 0.190302
      vertex -34.2482 2.65499 0.516617
      vertex -33.7587 2.93759 0.190302
    endloop
  endfacet
  facet normal -0.783584 -0.370473 -0.498745
    outer loop
      vertex -34.9198 2.83125 0.978097
      vertex -35.3071 2.88954 1.54329
      vertex -35.0245 3.0527 0.978097
    endloop
  endfacet
  facet normal -0.783584 -0.370473 -0.498745
    outer loop
      vertex -35.3071 2.88954 1.54329
      vertex -34.9198 2.83125 0.978097
      vertex -35.2024 2.66809 1.54329
    endloop
  endfacet
  facet normal -0.516418 0.696935 -0.497588
    outer loop
      vertex -33.5758 81.6479 0.978097
      vertex -33.5421 82.0764 1.54329
      vertex -33.3789 81.7938 0.978097
    endloop
  endfacet
  facet normal -0.516615 0.696846 -0.497509
    outer loop
      vertex -33.5421 82.0764 1.54329
      vertex -33.5758 81.6479 0.978097
      vertex -33.7389 81.9305 1.54329
    endloop
  endfacet
  facet normal -0.445435 0.742745 -0.499918
    outer loop
      vertex -33.3789 81.7938 0.978097
      vertex -33.3319 82.2024 1.54329
      vertex -33.1688 81.9198 0.978097
    endloop
  endfacet
  facet normal -0.445261 0.742808 -0.499978
    outer loop
      vertex -33.3319 82.2024 1.54329
      vertex -33.3789 81.7938 0.978097
      vertex -33.5421 82.0764 1.54329
    endloop
  endfacet
  facet normal -0.496615 0.828479 -0.258836
    outer loop
      vertex -33.5421 82.0764 1.54329
      vertex -33.4164 82.3487 2.17369
      vertex -33.3319 82.2024 1.54329
    endloop
  endfacet
  facet normal -0.496799 0.828392 -0.258762
    outer loop
      vertex -33.4164 82.3487 2.17369
      vertex -33.5421 82.0764 1.54329
      vertex -33.6265 82.2227 2.17369
    endloop
  endfacet
  facet normal -0.688542 0.528352 -0.496744
    outer loop
      vertex -34.6479 80.5758 0.978097
      vertex -34.9305 80.7389 1.54329
      vertex -34.5634 81.2173 1.54329
    endloop
  endfacet
  facet normal -0.742808 0.445261 -0.499978
    outer loop
      vertex -34.7938 80.3789 0.978097
      vertex -35.2024 80.3319 1.54329
      vertex -35.0764 80.5421 1.54329
    endloop
  endfacet
  facet normal -0.742745 0.445435 -0.499918
    outer loop
      vertex -35.2024 80.3319 1.54329
      vertex -34.7938 80.3789 0.978097
      vertex -34.9198 80.1688 0.978097
    endloop
  endfacet
  facet normal -0.873466 0.412875 -0.258052
    outer loop
      vertex -35.2024 80.3319 1.54329
      vertex -35.4534 80.1949 2.17369
      vertex -35.3487 80.4164 2.17369
    endloop
  endfacet
  facet normal -0.873408 0.413034 -0.257994
    outer loop
      vertex -35.4534 80.1949 2.17369
      vertex -35.2024 80.3319 1.54329
      vertex -35.3071 80.1105 1.54329
    endloop
  endfacet
  facet normal -0.234546 0.937003 -0.258871
    outer loop
      vertex -32.3226 82.6205 1.54329
      vertex -32.1287 82.8432 2.17369
      vertex -32.0849 82.68 1.54329
    endloop
  endfacet
  facet normal -0.235021 0.936931 -0.258699
    outer loop
      vertex -32.1287 82.8432 2.17369
      vertex -32.3226 82.6205 1.54329
      vertex -32.3663 82.7836 2.17369
    endloop
  endfacet
  facet normal -0.427349 0.904087 0
    outer loop
      vertex -33.1949 82.4534 2.17369
      vertex -33.4164 82.3487 7
      vertex -33.1949 82.4534 7
    endloop
  endfacet
  facet normal -0.427349 0.904087 0
    outer loop
      vertex -33.4164 82.3487 7
      vertex -33.1949 82.4534 2.17369
      vertex -33.4164 82.3487 2.17369
    endloop
  endfacet
  facet normal -0.524218 -0.475197 -0.70667
    outer loop
      vertex -34.3327 2.01348 0.978097
      vertex -33.8418 2.15821 0.516617
      vertex -34.1681 1.8319 0.978097
    endloop
  endfacet
  facet normal -0.524324 -0.475004 -0.706722
    outer loop
      vertex -33.8418 2.15821 0.516617
      vertex -34.3327 2.01348 0.978097
      vertex -34.0063 2.33979 0.516617
    endloop
  endfacet
  facet normal -0.369835 0.892921 -0.256739
    outer loop
      vertex -33.1105 82.3071 1.54329
      vertex -33.1949 82.4534 2.17369
      vertex -32.5971 82.701 2.17369
    endloop
  endfacet
  facet normal -0.3704 0.783607 -0.498762
    outer loop
      vertex -33.1688 81.9198 0.978097
      vertex -33.1105 82.3071 1.54329
      vertex -32.9473 82.0245 0.978097
    endloop
  endfacet
  facet normal -0.370548 0.783565 -0.498718
    outer loop
      vertex -33.1105 82.3071 1.54329
      vertex -33.1688 81.9198 0.978097
      vertex -33.3319 82.2024 1.54329
    endloop
  endfacet
  facet normal -0.904087 0.427349 0
    outer loop
      vertex -35.4534 80.1949 2.17369
      vertex -35.3487 80.4164 7
      vertex -35.3487 80.4164 2.17369
    endloop
  endfacet
  facet normal -0.904087 0.427349 0
    outer loop
      vertex -35.3487 80.4164 7
      vertex -35.4534 80.1949 2.17369
      vertex -35.4534 80.1949 7
    endloop
  endfacet
  facet normal -0.77625 0.575584 -0.257177
    outer loop
      vertex -34.9305 80.7389 1.54329
      vertex -35.2227 80.6265 2.17369
      vertex -35.0767 80.8234 2.17369
    endloop
  endfacet
  facet normal -0.776291 0.575513 -0.257209
    outer loop
      vertex -35.2227 80.6265 2.17369
      vertex -34.9305 80.7389 1.54329
      vertex -35.0764 80.5421 1.54329
    endloop
  endfacet
  facet normal -0.766762 0.588375 -0.256692
    outer loop
      vertex -34.9305 80.7389 1.54329
      vertex -35.0767 80.8234 2.17369
      vertex -34.5634 81.2173 1.54329
    endloop
  endfacet
  facet normal -0.803268 0.595618 0
    outer loop
      vertex -35.2227 80.6265 2.17369
      vertex -35.0767 80.8234 7
      vertex -35.0767 80.8234 2.17369
    endloop
  endfacet
  facet normal -0.803268 0.595618 0
    outer loop
      vertex -35.0767 80.8234 7
      vertex -35.2227 80.6265 2.17369
      vertex -35.2227 80.6265 7
    endloop
  endfacet
  facet normal -0.146504 0.98921 0
    outer loop
      vertex -31.8863 82.8791 2.17369
      vertex -32.1287 82.8432 7
      vertex -31.8863 82.8791 7
    endloop
  endfacet
  facet normal -0.146504 0.98921 0
    outer loop
      vertex -32.1287 82.8432 7
      vertex -31.8863 82.8791 2.17369
      vertex -32.1287 82.8432 2.17369
    endloop
  endfacet
  facet normal -0.741139 0.671351 0
    outer loop
      vertex -34.6828 81.3367 2.17369
      vertex -34.5183 81.5183 7
      vertex -34.5183 81.5183 2.17369
    endloop
  endfacet
  facet normal -0.741139 0.671351 0
    outer loop
      vertex -34.5183 81.5183 7
      vertex -34.6828 81.3367 2.17369
      vertex -34.6828 81.3367 7
    endloop
  endfacet
  facet normal -0.292053 0.816051 -0.498764
    outer loop
      vertex -32.4689 82.2227 0.978097
      vertex -32.3226 82.6205 1.54329
      vertex -32.2381 82.3053 0.978097
    endloop
  endfacet
  facet normal -0.292053 0.816051 -0.498764
    outer loop
      vertex -32.3226 82.6205 1.54329
      vertex -32.4689 82.2227 0.978097
      vertex -32.5534 82.5379 1.54329
    endloop
  endfacet
  facet normal -0.332168 0.80178 -0.496803
    outer loop
      vertex -32.4689 82.2227 0.978097
      vertex -33.1105 82.3071 1.54329
      vertex -32.5534 82.5379 1.54329
    endloop
  endfacet
  facet normal -0.857601 0.514316 0
    outer loop
      vertex -35.3487 80.4164 2.17369
      vertex -35.2227 80.6265 7
      vertex -35.2227 80.6265 2.17369
    endloop
  endfacet
  facet normal -0.857601 0.514316 0
    outer loop
      vertex -35.2227 80.6265 7
      vertex -35.3487 80.4164 2.17369
      vertex -35.3487 80.4164 7
    endloop
  endfacet
  facet normal -0.696846 0.516615 -0.497509
    outer loop
      vertex -34.6479 80.5758 0.978097
      vertex -35.0764 80.5421 1.54329
      vertex -34.9305 80.7389 1.54329
    endloop
  endfacet
  facet normal -0.696935 0.516418 -0.497588
    outer loop
      vertex -35.0764 80.5421 1.54329
      vertex -34.6479 80.5758 0.978097
      vertex -34.7938 80.3789 0.978097
    endloop
  endfacet
  facet normal -0.71592 0.648507 -0.258644
    outer loop
      vertex -34.3988 81.3988 1.54329
      vertex -34.6828 81.3367 2.17369
      vertex -34.5183 81.5183 2.17369
    endloop
  endfacet
  facet normal -0.715585 0.648955 -0.258449
    outer loop
      vertex -34.6828 81.3367 2.17369
      vertex -34.3988 81.3988 1.54329
      vertex -34.5634 81.2173 1.54329
    endloop
  endfacet
  facet normal -0.766753 0.588397 -0.25667
    outer loop
      vertex -34.5634 81.2173 1.54329
      vertex -35.0767 80.8234 2.17369
      vertex -34.6828 81.3367 2.17369
    endloop
  endfacet
  facet normal -0.671351 0.741139 0
    outer loop
      vertex -34.3367 81.6828 2.17369
      vertex -34.5183 81.5183 7
      vertex -34.3367 81.6828 7
    endloop
  endfacet
  facet normal -0.671351 0.741139 0
    outer loop
      vertex -34.5183 81.5183 7
      vertex -34.3367 81.6828 2.17369
      vertex -34.5183 81.5183 2.17369
    endloop
  endfacet
  facet normal -0.514316 0.857601 0
    outer loop
      vertex -33.4164 82.3487 2.17369
      vertex -33.6265 82.2227 7
      vertex -33.4164 82.3487 7
    endloop
  endfacet
  facet normal -0.514316 0.857601 0
    outer loop
      vertex -33.6265 82.2227 7
      vertex -33.4164 82.3487 2.17369
      vertex -33.6265 82.2227 2.17369
    endloop
  endfacet
  facet normal -0.608792 0.79333 0
    outer loop
      vertex -33.8234 82.0767 2.17369
      vertex -34.3367 81.6828 7
      vertex -33.8234 82.0767 7
    endloop
  endfacet
  facet normal -0.608792 0.79333 0
    outer loop
      vertex -34.3367 81.6828 7
      vertex -33.8234 82.0767 2.17369
      vertex -34.3367 81.6828 2.17369
    endloop
  endfacet
  facet normal -0.25756 0.0381975 -0.965507
    outer loop
      vertex -16.5653 86.7839 0.190302
      vertex -15.8587 87.2788 0.0213881
      vertex -15.9563 86.6207 0.0213881
    endloop
  endfacet
  facet normal -0.257574 0.0382193 -0.965503
    outer loop
      vertex -15.8587 87.2788 0.0213881
      vertex -16.5653 86.7839 0.190302
      vertex -16.4878 87.3062 0.190302
    endloop
  endfacet
  facet normal -0.858101 0.126989 -0.497531
    outer loop
      vertex -17.5123 87.3509 0.978097
      vertex -17.8721 87.134 1.54329
      vertex -17.8379 87.3651 1.54329
    endloop
  endfacet
  facet normal -0.858103 0.127021 -0.497519
    outer loop
      vertex -17.8721 87.134 1.54329
      vertex -17.5123 87.3509 0.978097
      vertex -17.5569 87.0496 0.978097
    endloop
  endfacet
  facet normal -0.701797 0.104035 -0.704739
    outer loop
      vertex -17.5569 87.0496 0.978097
      vertex -17.0518 87.3308 0.516617
      vertex -17.1112 86.9301 0.516617
    endloop
  endfacet
  facet normal -0.701763 0.103879 -0.704797
    outer loop
      vertex -17.0518 87.3308 0.516617
      vertex -17.5569 87.0496 0.978097
      vertex -17.5123 87.3509 0.978097
    endloop
  endfacet
  facet normal -0.497055 0.0737541 -0.864579
    outer loop
      vertex -17.1112 86.9301 0.516617
      vertex -16.4878 87.3062 0.190302
      vertex -16.5653 86.7839 0.190302
    endloop
  endfacet
  facet normal -0.497023 0.0736789 -0.864604
    outer loop
      vertex -16.4878 87.3062 0.190302
      vertex -17.1112 86.9301 0.516617
      vertex -17.0518 87.3308 0.516617
    endloop
  endfacet
  facet normal -0.989163 0.146825 0
    outer loop
      vertex -18.0353 87.1777 2.17369
      vertex -18.0064 87.3724 7
      vertex -18.0064 87.3724 2.17369
    endloop
  endfacet
  facet normal -0.989163 0.146825 0
    outer loop
      vertex -18.0064 87.3724 7
      vertex -18.0353 87.1777 2.17369
      vertex -18.0353 87.1777 7
    endloop
  endfacet
  facet normal 0.780829 0.375943 -0.498973
    outer loop
      vertex 32.0785 87.6911 1.54329
      vertex 31.4452 88.2563 0.978097
      vertex 31.7278 88.4195 1.54329
    endloop
  endfacet
  facet normal 0.780829 0.375943 -0.498973
    outer loop
      vertex 31.4452 88.2563 0.978097
      vertex 32.0785 87.6911 1.54329
      vertex 31.7959 87.5279 0.978097
    endloop
  endfacet
  facet normal 0.451491 0.217377 -0.865392
    outer loop
      vertex 30.5561 87.743 0.190302
      vertex 31.3962 87.2972 0.516617
      vertex 30.9068 87.0146 0.190302
    endloop
  endfacet
  facet normal 0.451491 0.217377 -0.865392
    outer loop
      vertex 31.3962 87.2972 0.516617
      vertex 30.5561 87.743 0.190302
      vertex 31.0455 88.0256 0.516617
    endloop
  endfacet
  facet normal 0.870473 0.419103 -0.258126
    outer loop
      vertex 32.2248 87.7755 2.17369
      vertex 31.7278 88.4195 1.54329
      vertex 31.8741 88.5039 2.17369
    endloop
  endfacet
  facet normal 0.870473 0.419103 -0.258126
    outer loop
      vertex 31.7278 88.4195 1.54329
      vertex 32.2248 87.7755 2.17369
      vertex 32.0785 87.6911 1.54329
    endloop
  endfacet
  facet normal 0.23379 0.112562 -0.96575
    outer loop
      vertex 30.0101 87.4278 0.0213881
      vertex 30.9068 87.0146 0.190302
      vertex 30.3608 86.6994 0.0213881
    endloop
  endfacet
  facet normal 0.23379 0.112562 -0.96575
    outer loop
      vertex 30.9068 87.0146 0.190302
      vertex 30.0101 87.4278 0.0213881
      vertex 30.5561 87.743 0.190302
    endloop
  endfacet
  facet normal 0.637985 0.307168 -0.706133
    outer loop
      vertex 31.0455 88.0256 0.516617
      vertex 31.7959 87.5279 0.978097
      vertex 31.3962 87.2972 0.516617
    endloop
  endfacet
  facet normal 0.637985 0.307168 -0.706133
    outer loop
      vertex 31.7959 87.5279 0.978097
      vertex 31.0455 88.0256 0.516617
      vertex 31.4452 88.2563 0.978097
    endloop
  endfacet
  facet normal -0.9559 0.141887 -0.257146
    outer loop
      vertex -17.8379 87.3651 1.54329
      vertex -18.0353 87.1777 2.17369
      vertex -18.0064 87.3724 2.17369
    endloop
  endfacet
  facet normal -0.955926 0.141465 -0.25728
    outer loop
      vertex -18.0353 87.1777 2.17369
      vertex -17.8379 87.3651 1.54329
      vertex -17.8721 87.134 1.54329
    endloop
  endfacet
  facet normal 0.901007 0.433804 0
    outer loop
      vertex 32.2248 87.7755 7
      vertex 31.8741 88.5039 2.17369
      vertex 31.8741 88.5039 7
    endloop
  endfacet
  facet normal 0.901007 0.433804 0
    outer loop
      vertex 31.8741 88.5039 2.17369
      vertex 32.2248 87.7755 7
      vertex 32.2248 87.7755 2.17369
    endloop
  endfacet
  facet normal 0.901013 0.433793 0
    outer loop
      vertex 32.5687 87.0612 7
      vertex 32.2248 87.7755 2.17369
      vertex 32.2248 87.7755 7
    endloop
  endfacet
  facet normal 0.901013 0.433793 0
    outer loop
      vertex 32.2248 87.7755 2.17369
      vertex 32.5687 87.0612 7
      vertex 32.5687 87.0612 2.17369
    endloop
  endfacet
  facet normal 0.780834 0.375933 -0.498973
    outer loop
      vertex 32.4224 86.9768 1.54329
      vertex 31.7959 87.5279 0.978097
      vertex 32.0785 87.6911 1.54329
    endloop
  endfacet
  facet normal 0.780834 0.375933 -0.498973
    outer loop
      vertex 31.7959 87.5279 0.978097
      vertex 32.4224 86.9768 1.54329
      vertex 32.1398 86.8136 0.978097
    endloop
  endfacet
  facet normal -0.93695 0.234795 -0.258837
    outer loop
      vertex -17.8721 87.134 1.54329
      vertex -18.2143 86.4634 2.17369
      vertex -18.0353 87.1777 2.17369
    endloop
  endfacet
  facet normal -0.93695 0.234795 -0.258837
    outer loop
      vertex -18.2143 86.4634 2.17369
      vertex -17.8721 87.134 1.54329
      vertex -18.0511 86.4197 1.54329
    endloop
  endfacet
  facet normal 0.870479 0.419092 -0.258126
    outer loop
      vertex 32.5687 87.0612 2.17369
      vertex 32.0785 87.6911 1.54329
      vertex 32.2248 87.7755 2.17369
    endloop
  endfacet
  facet normal 0.870479 0.419092 -0.258126
    outer loop
      vertex 32.0785 87.6911 1.54329
      vertex 32.5687 87.0612 2.17369
      vertex 32.4224 86.9768 1.54329
    endloop
  endfacet
  facet normal -0.970007 0.243079 0
    outer loop
      vertex -18.2143 86.4634 2.17369
      vertex -18.0353 87.1777 7
      vertex -18.0353 87.1777 2.17369
    endloop
  endfacet
  facet normal -0.970007 0.243079 0
    outer loop
      vertex -18.0353 87.1777 7
      vertex -18.2143 86.4634 2.17369
      vertex -18.2143 86.4634 7
    endloop
  endfacet
  facet normal -0.685924 0.171793 -0.707104
    outer loop
      vertex -17.7359 86.3353 0.978097
      vertex -17.1112 86.9301 0.516617
      vertex -17.2901 86.2158 0.516617
    endloop
  endfacet
  facet normal -0.685973 0.171901 -0.70703
    outer loop
      vertex -17.1112 86.9301 0.516617
      vertex -17.7359 86.3353 0.978097
      vertex -17.5569 87.0496 0.978097
    endloop
  endfacet
  facet normal 0.638014 0.307261 -0.706066
    outer loop
      vertex 31.3962 87.2972 0.516617
      vertex 32.1398 86.8136 0.978097
      vertex 31.7402 86.5829 0.516617
    endloop
  endfacet
  facet normal 0.637989 0.30716 -0.706132
    outer loop
      vertex 32.1398 86.8136 0.978097
      vertex 31.3962 87.2972 0.516617
      vertex 31.7959 87.5279 0.978097
    endloop
  endfacet
  facet normal -0.251098 0.0629239 -0.965914
    outer loop
      vertex -16.7442 86.0695 0.190302
      vertex -15.9563 86.6207 0.0213881
      vertex -16.1353 85.9064 0.0213881
    endloop
  endfacet
  facet normal -0.251064 0.0628714 -0.965927
    outer loop
      vertex -15.9563 86.6207 0.0213881
      vertex -16.7442 86.0695 0.190302
      vertex -16.5653 86.7839 0.190302
    endloop
  endfacet
  facet normal 0.233808 0.1126 -0.965741
    outer loop
      vertex 30.3608 86.6994 0.0213881
      vertex 31.2507 86.3003 0.190302
      vertex 30.7048 85.9851 0.0213881
    endloop
  endfacet
  facet normal 0.233791 0.112559 -0.96575
    outer loop
      vertex 31.2507 86.3003 0.190302
      vertex 30.3608 86.6994 0.0213881
      vertex 30.9068 87.0146 0.190302
    endloop
  endfacet
  facet normal -0.840084 0.210521 -0.49994
    outer loop
      vertex -17.5569 87.0496 0.978097
      vertex -18.0511 86.4197 1.54329
      vertex -17.8721 87.134 1.54329
    endloop
  endfacet
  facet normal -0.840084 0.210521 -0.49994
    outer loop
      vertex -18.0511 86.4197 1.54329
      vertex -17.5569 87.0496 0.978097
      vertex -17.7359 86.3353 0.978097
    endloop
  endfacet
  facet normal 0.45144 0.217346 -0.865426
    outer loop
      vertex 30.9068 87.0146 0.190302
      vertex 31.7402 86.5829 0.516617
      vertex 31.2507 86.3003 0.190302
    endloop
  endfacet
  facet normal 0.451466 0.217422 -0.865394
    outer loop
      vertex 31.7402 86.5829 0.516617
      vertex 30.9068 87.0146 0.190302
      vertex 31.3962 87.2972 0.516617
    endloop
  endfacet
  facet normal -0.485092 0.121477 -0.865985
    outer loop
      vertex -17.2901 86.2158 0.516617
      vertex -16.5653 86.7839 0.190302
      vertex -16.7442 86.0695 0.190302
    endloop
  endfacet
  facet normal -0.485103 0.121497 -0.865975
    outer loop
      vertex -16.5653 86.7839 0.190302
      vertex -17.2901 86.2158 0.516617
      vertex -17.1112 86.9301 0.516617
    endloop
  endfacet
  facet normal -0.964847 0.0473733 -0.258507
    outer loop
      vertex -17.8097 87.9386 1.54329
      vertex -18.0064 87.3724 2.17369
      vertex -17.9786 87.9386 2.17369
    endloop
  endfacet
  facet normal -0.96486 0.0474438 -0.258447
    outer loop
      vertex -18.0064 87.3724 2.17369
      vertex -17.8097 87.9386 1.54329
      vertex -17.8379 87.3651 1.54329
    endloop
  endfacet
  facet normal -0.706664 0.03475 -0.706695
    outer loop
      vertex -17.0219 87.9386 0.516617
      vertex -17.5123 87.3509 0.978097
      vertex -17.4834 87.9386 0.978097
    endloop
  endfacet
  facet normal -0.706673 0.0347639 -0.706686
    outer loop
      vertex -17.5123 87.3509 0.978097
      vertex -17.0219 87.9386 0.516617
      vertex -17.0518 87.3308 0.516617
    endloop
  endfacet
  facet normal 0.870462 0.419088 -0.258188
    outer loop
      vertex 31.8741 88.5039 2.17369
      vertex 31.4033 89.0934 1.54329
      vertex 31.5496 89.1779 2.17369
    endloop
  endfacet
  facet normal 0.870453 0.419145 -0.258127
    outer loop
      vertex 31.4033 89.0934 1.54329
      vertex 31.8741 88.5039 2.17369
      vertex 31.7278 88.4195 1.54329
    endloop
  endfacet
  facet normal -0.865251 0.0425459 -0.499531
    outer loop
      vertex -17.4834 87.9386 0.978097
      vertex -17.8379 87.3651 1.54329
      vertex -17.8097 87.9386 1.54329
    endloop
  endfacet
  facet normal -0.865252 0.0425485 -0.499529
    outer loop
      vertex -17.8379 87.3651 1.54329
      vertex -17.4834 87.9386 0.978097
      vertex -17.5123 87.3509 0.978097
    endloop
  endfacet
  facet normal 0.901011 0.433796 0
    outer loop
      vertex 31.8741 88.5039 7
      vertex 31.5496 89.1779 2.17369
      vertex 31.5496 89.1779 7
    endloop
  endfacet
  facet normal 0.901011 0.433796 0
    outer loop
      vertex 31.5496 89.1779 2.17369
      vertex 31.8741 88.5039 7
      vertex 31.8741 88.5039 2.17369
    endloop
  endfacet
  facet normal -0.998797 0.0490402 0
    outer loop
      vertex -18.0064 87.3724 2.17369
      vertex -17.9786 87.9386 7
      vertex -17.9786 87.9386 2.17369
    endloop
  endfacet
  facet normal -0.998797 0.0490402 0
    outer loop
      vertex -17.9786 87.9386 7
      vertex -18.0064 87.3724 2.17369
      vertex -18.0064 87.3724 7
    endloop
  endfacet
  facet normal -0.258796 0.0127084 -0.965848
    outer loop
      vertex -15.8587 87.2788 0.0213881
      vertex -16.4567 87.9386 0.190302
      vertex -15.8263 87.9386 0.0213881
    endloop
  endfacet
  facet normal -0.258778 0.0127261 -0.965853
    outer loop
      vertex -16.4567 87.9386 0.190302
      vertex -15.8587 87.2788 0.0213881
      vertex -16.4878 87.3062 0.190302
    endloop
  endfacet
  facet normal -0.499845 0.0245812 -0.865766
    outer loop
      vertex -16.4878 87.3062 0.190302
      vertex -17.0219 87.9386 0.516617
      vertex -16.4567 87.9386 0.190302
    endloop
  endfacet
  facet normal -0.499838 0.0245889 -0.86577
    outer loop
      vertex -17.0219 87.9386 0.516617
      vertex -16.4878 87.3062 0.190302
      vertex -17.0518 87.3308 0.516617
    endloop
  endfacet
  facet normal 0.637969 0.307198 -0.706134
    outer loop
      vertex 30.721 88.6995 0.516617
      vertex 31.4452 88.2563 0.978097
      vertex 31.0455 88.0256 0.516617
    endloop
  endfacet
  facet normal 0.637958 0.307147 -0.706166
    outer loop
      vertex 31.4452 88.2563 0.978097
      vertex 30.721 88.6995 0.516617
      vertex 31.1207 88.9303 0.978097
    endloop
  endfacet
  facet normal 0.780836 0.375992 -0.498924
    outer loop
      vertex 31.7278 88.4195 1.54329
      vertex 31.1207 88.9303 0.978097
      vertex 31.4033 89.0934 1.54329
    endloop
  endfacet
  facet normal 0.780832 0.375935 -0.498973
    outer loop
      vertex 31.1207 88.9303 0.978097
      vertex 31.7278 88.4195 1.54329
      vertex 31.4452 88.2563 0.978097
    endloop
  endfacet
  facet normal 0.451479 0.217399 -0.865393
    outer loop
      vertex 30.2316 88.4169 0.190302
      vertex 31.0455 88.0256 0.516617
      vertex 30.5561 87.743 0.190302
    endloop
  endfacet
  facet normal 0.451479 0.217399 -0.865393
    outer loop
      vertex 31.0455 88.0256 0.516617
      vertex 30.2316 88.4169 0.190302
      vertex 30.721 88.6995 0.516617
    endloop
  endfacet
  facet normal 0.233783 0.112573 -0.96575
    outer loop
      vertex 29.6856 88.1017 0.0213881
      vertex 30.5561 87.743 0.190302
      vertex 30.0101 87.4278 0.0213881
    endloop
  endfacet
  facet normal 0.233783 0.112573 -0.96575
    outer loop
      vertex 30.5561 87.743 0.190302
      vertex 29.6856 88.1017 0.0213881
      vertex 30.2316 88.4169 0.190302
    endloop
  endfacet
  facet normal 0.206876 0.158856 -0.965384
    outer loop
      vertex 9.68173 130.98 0.190302
      vertex 9.08393 130.732 0.0213881
      vertex 9.52969 131.178 0.190302
    endloop
  endfacet
  facet normal 0.142697 0.216414 -0.965817
    outer loop
      vertex 8.28999 131.433 0.0213881
      vertex 8.80993 131.844 0.190302
      vertex 8.49473 131.298 0.0213881
    endloop
  endfacet
  facet normal 0.142693 0.216418 -0.965817
    outer loop
      vertex 8.80993 131.844 0.190302
      vertex 8.28999 131.433 0.0213881
      vertex 8.60518 131.979 0.190302
    endloop
  endfacet
  facet normal 0.666031 0.55479 -0.498608
    outer loop
      vertex 10.4864 132.135 1.54329
      vertex 10.0991 132.092 0.978097
      vertex 10.3298 132.323 1.54329
    endloop
  endfacet
  facet normal 0.666031 0.55479 -0.498608
    outer loop
      vertex 10.0991 132.092 0.978097
      vertex 10.4864 132.135 1.54329
      vertex 10.2557 131.904 0.978097
    endloop
  endfacet
  facet normal -0.49892 0.0655838 -0.864163
    outer loop
      vertex -16.4241 116.627 0.190302
      vertex -16.9893 116.627 0.516617
      vertex -16.3915 116.875 0.190302
    endloop
  endfacet
  facet normal 0 0.86557 -0.500787
    outer loop
      vertex 6.77026 133.483 0.978097
      vertex -6.79654 133.81 1.54329
      vertex 6.77026 133.81 1.54329
    endloop
  endfacet
  facet normal 0 0.86557 -0.500787
    outer loop
      vertex -6.79654 133.81 1.54329
      vertex 6.77026 133.483 0.978097
      vertex -6.79654 133.483 0.978097
    endloop
  endfacet
  facet normal 0.271777 0.656589 -0.703582
    outer loop
      vertex 8.67092 132.583 0.516617
      vertex 8.42331 133.18 0.978097
      vertex 8.90166 132.982 0.978097
    endloop
  endfacet
  facet normal 0.637951 0.307161 -0.706166
    outer loop
      vertex 10.4552 130.79 0.516617
      vertex 31.1207 88.9303 0.978097
      vertex 30.721 88.6995 0.516617
    endloop
  endfacet
  facet normal 0.637891 0.307131 -0.706233
    outer loop
      vertex 31.1207 88.9303 0.978097
      vertex 10.4552 130.79 0.516617
      vertex 10.8549 131.021 0.978097
    endloop
  endfacet
  facet normal -0.100827 0.240458 -0.965409
    outer loop
      vertex -7.9768 131.589 0.0213881
      vertex -8.292 132.135 0.190302
      vertex -7.8981 131.622 0.0213881
    endloop
  endfacet
  facet normal 0 0.707475 -0.706739
    outer loop
      vertex -6.79654 133.022 0.516617
      vertex 6.77026 133.483 0.978097
      vertex 6.77026 133.022 0.516617
    endloop
  endfacet
  facet normal 0 0.707475 -0.706739
    outer loop
      vertex 6.77026 133.483 0.978097
      vertex -6.79654 133.022 0.516617
      vertex -6.79654 133.483 0.978097
    endloop
  endfacet
  facet normal 0.0644972 0.499088 -0.864148
    outer loop
      vertex 7.48088 132.392 0.190302
      vertex 7.23326 132.424 0.190302
      vertex 7.23326 132.989 0.516617
    endloop
  endfacet
  facet normal -0.422519 0.569619 -0.704991
    outer loop
      vertex -9.43378 132.648 0.978097
      vertex -9.00621 132.394 0.516617
      vertex -9.20304 132.248 0.516617
    endloop
  endfacet
  facet normal -0.422519 0.569619 -0.704991
    outer loop
      vertex -9.00621 132.394 0.516617
      vertex -9.43378 132.648 0.978097
      vertex -9.23695 132.794 0.978097
    endloop
  endfacet
  facet normal -0.960912 0.10143 -0.257605
    outer loop
      vertex -17.8055 116.357 1.54329
      vertex -17.946 116.627 2.17369
      vertex -17.777 116.627 1.54329
    endloop
  endfacet
  facet normal -0.960984 0.101081 -0.257472
    outer loop
      vertex -17.946 116.627 2.17369
      vertex -17.8055 116.357 1.54329
      vertex -17.9744 116.357 2.17369
    endloop
  endfacet
  facet normal 0 1 -0
    outer loop
      vertex 6.77026 133.979 2.17369
      vertex -6.79654 133.979 7
      vertex 6.77026 133.979 7
    endloop
  endfacet
  facet normal 0 1 0
    outer loop
      vertex -6.79654 133.979 7
      vertex 6.77026 133.979 2.17369
      vertex -6.79654 133.979 2.17369
    endloop
  endfacet
  facet normal -0.363507 0.606307 -0.707286
    outer loop
      vertex -9.23695 132.794 0.978097
      vertex -8.79605 132.52 0.516617
      vertex -9.00621 132.394 0.516617
    endloop
  endfacet
  facet normal -0.363507 0.606307 -0.707286
    outer loop
      vertex -8.79605 132.52 0.516617
      vertex -9.23695 132.794 0.978097
      vertex -9.02679 132.92 0.978097
    endloop
  endfacet
  facet normal -0.142003 0.955917 -0.257016
    outer loop
      vertex -7.94298 133.68 1.54329
      vertex -7.74436 133.879 2.17369
      vertex -7.70064 133.716 1.54329
    endloop
  endfacet
  facet normal -0.142003 0.955917 -0.257016
    outer loop
      vertex -7.74436 133.879 2.17369
      vertex -7.94298 133.68 1.54329
      vertex -7.9867 133.843 2.17369
    endloop
  endfacet
  facet normal 0.439566 0.238343 -0.866011
    outer loop
      vertex 9.81936 130.777 0.190302
      vertex 10.4552 130.79 0.516617
      vertex 9.96576 130.507 0.190302
    endloop
  endfacet
  facet normal 0.43946 0.239171 -0.865836
    outer loop
      vertex 10.4552 130.79 0.516617
      vertex 9.81936 130.777 0.190302
      vertex 10.3088 131.059 0.516617
    endloop
  endfacet
  facet normal 0.233788 0.112565 -0.96575
    outer loop
      vertex 9.41982 130.192 0.0213881
      vertex 30.2316 88.4169 0.190302
      vertex 29.6856 88.1017 0.0213881
    endloop
  endfacet
  facet normal 0.233836 0.112589 -0.965735
    outer loop
      vertex 30.2316 88.4169 0.190302
      vertex 9.41982 130.192 0.0213881
      vertex 9.96576 130.507 0.190302
    endloop
  endfacet
  facet normal -0.208984 0.15552 -0.965473
    outer loop
      vertex -9.20105 130.572 0.0213881
      vertex -9.61676 131.062 0.190302
      vertex -9.07082 130.747 0.0213881
    endloop
  endfacet
  facet normal -0.208984 0.15552 -0.965473
    outer loop
      vertex -9.61676 131.062 0.190302
      vertex -9.20105 130.572 0.0213881
      vertex -9.74699 130.887 0.190302
    endloop
  endfacet
  facet normal -0.0336965 0.258728 -0.965362
    outer loop
      vertex -7.1873 131.8 0.0213881
      vertex -7.35046 132.409 0.190302
      vertex -7.10284 131.811 0.0213881
    endloop
  endfacet
  facet normal -0.528465 0.688819 -0.49624
    outer loop
      vertex -9.43378 132.648 0.978097
      vertex -10.0753 132.563 1.54329
      vertex -9.59694 132.93 1.54329
    endloop
  endfacet
  facet normal -0.370496 0.336824 -0.865611
    outer loop
      vertex -9.86437 131.66 0.516617
      vertex -9.30017 131.442 0.190302
      vertex -9.46472 131.261 0.190302
    endloop
  endfacet
  facet normal -0.371125 0.335541 -0.86584
    outer loop
      vertex -9.30017 131.442 0.190302
      vertex -9.86437 131.66 0.516617
      vertex -9.69982 131.842 0.516617
    endloop
  endfacet
  facet normal 0.82757 0.561362 0
    outer loop
      vertex 11.1374 131.538 7
      vertex 10.9997 131.741 2.17369
      vertex 10.9997 131.741 7
    endloop
  endfacet
  facet normal 0.82757 0.561362 0
    outer loop
      vertex 10.9997 131.741 2.17369
      vertex 11.1374 131.538 7
      vertex 11.1374 131.538 2.17369
    endloop
  endfacet
  facet normal 0.545434 0.674072 -0.498125
    outer loop
      vertex 9.92441 132.264 0.978097
      vertex 9.96478 132.649 1.54329
      vertex 10.1551 132.495 1.54329
    endloop
  endfacet
  facet normal 0.545336 0.674128 -0.498156
    outer loop
      vertex 9.96478 132.649 1.54329
      vertex 9.92441 132.264 0.978097
      vertex 9.73404 132.418 0.978097
    endloop
  endfacet
  facet normal 0.126619 0.958119 -0.256856
    outer loop
      vertex 7.83105 133.698 1.54329
      vertex 7.23326 133.777 1.54329
      vertex 7.23326 133.946 2.17369
    endloop
  endfacet
  facet normal 0.68888 0.527949 -0.496703
    outer loop
      vertex 10.5709 131.493 0.978097
      vertex 10.4864 132.135 1.54329
      vertex 10.8535 131.656 1.54329
    endloop
  endfacet
  facet normal 0.432337 0.563109 -0.704268
    outer loop
      vertex 9.40772 132.092 0.516617
      vertex 9.09252 132.334 0.516617
      vertex 9.32327 132.734 0.978097
    endloop
  endfacet
  facet normal 0.621071 0.33801 -0.707121
    outer loop
      vertex 10.3088 131.059 0.516617
      vertex 10.8549 131.021 0.978097
      vertex 10.4552 130.79 0.516617
    endloop
  endfacet
  facet normal 0.621071 0.33801 -0.707121
    outer loop
      vertex 10.8549 131.021 0.978097
      vertex 10.3088 131.059 0.516617
      vertex 10.7085 131.29 0.978097
    endloop
  endfacet
  facet normal -0.212065 0.839812 -0.499744
    outer loop
      vertex -8.09613 133.305 0.978097
      vertex -7.94298 133.68 1.54329
      vertex -7.85852 133.365 0.978097
    endloop
  endfacet
  facet normal -0.212065 0.839812 -0.499744
    outer loop
      vertex -7.94298 133.68 1.54329
      vertex -8.09613 133.305 0.978097
      vertex -8.18059 133.62 1.54329
    endloop
  endfacet
  facet normal 0.901 0.433819 0
    outer loop
      vertex 31.5496 89.1779 7
      vertex 11.2838 131.268 2.17369
      vertex 11.2838 131.268 7
    endloop
  endfacet
  facet normal 0.901 0.433819 0
    outer loop
      vertex 11.2838 131.268 2.17369
      vertex 31.5496 89.1779 7
      vertex 31.5496 89.1779 2.17369
    endloop
  endfacet
  facet normal -0.595735 0.803181 0
    outer loop
      vertex -9.48456 133.223 2.17369
      vertex -9.6814 133.077 7
      vertex -9.48456 133.223 7
    endloop
  endfacet
  facet normal -0.595735 0.803181 0
    outer loop
      vertex -9.6814 133.077 7
      vertex -9.48456 133.223 2.17369
      vertex -9.6814 133.077 2.17369
    endloop
  endfacet
  facet normal 0.608874 0.793267 -0
    outer loop
      vertex 10.0842 132.768 2.17369
      vertex 9.57088 133.162 7
      vertex 10.0842 132.768 7
    endloop
  endfacet
  facet normal 0.608874 0.793267 0
    outer loop
      vertex 9.57088 133.162 7
      vertex 10.0842 132.768 2.17369
      vertex 9.57088 133.162 2.17369
    endloop
  endfacet
  facet normal -0.637954 0.30716 -0.706164
    outer loop
      vertex -16.9435 118.375 0.978097
      vertex -10.4667 130.766 0.516617
      vertex -16.5439 118.144 0.516617
    endloop
  endfacet
  facet normal -0.637954 0.30716 -0.706164
    outer loop
      vertex -10.4667 130.766 0.516617
      vertex -16.9435 118.375 0.978097
      vertex -10.8663 130.997 0.978097
    endloop
  endfacet
  facet normal 0.199586 0.166251 -0.965674
    outer loop
      vertex 8.92733 130.92 0.0213881
      vertex 9.52969 131.178 0.190302
      vertex 9.08393 130.732 0.0213881
    endloop
  endfacet
  facet normal 0.199586 0.166251 -0.965674
    outer loop
      vertex 9.52969 131.178 0.190302
      vertex 8.92733 130.92 0.0213881
      vertex 9.37309 131.366 0.190302
    endloop
  endfacet
  facet normal 0.0739072 0.248106 -0.965909
    outer loop
      vertex 7.53233 131.742 0.0213881
      vertex 7.93048 132.281 0.190302
      vertex 7.76732 131.672 0.0213881
    endloop
  endfacet
  facet normal 0.0730326 0.248724 -0.965817
    outer loop
      vertex 7.93048 132.281 0.190302
      vertex 7.53233 131.742 0.0213881
      vertex 7.69549 132.35 0.190302
    endloop
  endfacet
  facet normal 0.227635 0.123421 -0.965893
    outer loop
      vertex 9.27343 130.462 0.0213881
      vertex 9.96576 130.507 0.190302
      vertex 9.41982 130.192 0.0213881
    endloop
  endfacet
  facet normal 0.227635 0.123429 -0.965892
    outer loop
      vertex 9.96576 130.507 0.190302
      vertex 9.27343 130.462 0.0213881
      vertex 9.81936 130.777 0.190302
    endloop
  endfacet
  facet normal -0.707091 0 -0.707122
    outer loop
      vertex -17.0219 87.9386 0.516617
      vertex -17.4834 116.208 0.978097
      vertex -17.0219 116.208 0.516617
    endloop
  endfacet
  facet normal -0.707091 -0 -0.707122
    outer loop
      vertex -17.4834 116.208 0.978097
      vertex -17.0219 87.9386 0.516617
      vertex -17.4834 87.9386 0.978097
    endloop
  endfacet
  facet normal -0.901003 0.433812 0
    outer loop
      vertex -17.3724 118.623 2.17369
      vertex -11.2952 131.245 7
      vertex -11.2952 131.245 2.17369
    endloop
  endfacet
  facet normal -0.901003 0.433812 0
    outer loop
      vertex -11.2952 131.245 7
      vertex -17.3724 118.623 2.17369
      vertex -17.3724 118.623 7
    endloop
  endfacet
  facet normal -0.207324 0.1584 -0.965363
    outer loop
      vertex -9.01896 130.815 0.0213881
      vertex -9.61676 131.062 0.190302
      vertex -9.46472 131.261 0.190302
    endloop
  endfacet
  facet normal -0.290145 0.81683 -0.498603
    outer loop
      vertex -8.32698 133.223 0.978097
      vertex -8.18059 133.62 1.54329
      vertex -8.09613 133.305 0.978097
    endloop
  endfacet
  facet normal -0.290145 0.81683 -0.498603
    outer loop
      vertex -8.18059 133.62 1.54329
      vertex -8.32698 133.223 0.978097
      vertex -8.41144 133.538 1.54329
    endloop
  endfacet
  facet normal -0.775395 0.576894 -0.25682
    outer loop
      vertex -10.7885 131.739 1.54329
      vertex -11.065 131.648 2.17369
      vertex -10.9348 131.823 2.17369
    endloop
  endfacet
  facet normal -0.776766 0.57463 -0.257748
    outer loop
      vertex -11.065 131.648 2.17369
      vertex -10.7885 131.739 1.54329
      vertex -10.9187 131.563 1.54329
    endloop
  endfacet
  facet normal -0.76701 0.587792 -0.257285
    outer loop
      vertex -10.4214 132.217 1.54329
      vertex -10.9348 131.823 2.17369
      vertex -10.5409 132.337 2.17369
    endloop
  endfacet
  facet normal -0.688929 0.528347 -0.496212
    outer loop
      vertex -10.1907 131.987 0.978097
      vertex -10.5059 131.576 0.978097
      vertex -10.4214 132.217 1.54329
    endloop
  endfacet
  facet normal -0.224773 0.128394 -0.965915
    outer loop
      vertex -9.43125 130.169 0.0213881
      vertex -9.74699 130.887 0.190302
      vertex -9.20105 130.572 0.0213881
    endloop
  endfacet
  facet normal -0.224778 0.128391 -0.965914
    outer loop
      vertex -9.74699 130.887 0.190302
      vertex -9.43125 130.169 0.0213881
      vertex -9.97718 130.484 0.190302
    endloop
  endfacet
  facet normal -0.799139 0.338075 -0.497074
    outer loop
      vertex -16.9435 118.375 0.978097
      vertex -17.3454 118.256 1.54329
      vertex -17.2261 118.538 1.54329
    endloop
  endfacet
  facet normal -0.799139 0.338075 -0.497074
    outer loop
      vertex -17.3454 118.256 1.54329
      vertex -16.9435 118.375 0.978097
      vertex -17.0628 118.093 0.978097
    endloop
  endfacet
  facet normal -0.514208 0.857666 0
    outer loop
      vertex -9.2744 133.349 2.17369
      vertex -9.48456 133.223 7
      vertex -9.2744 133.349 7
    endloop
  endfacet
  facet normal -0.514208 0.857666 0
    outer loop
      vertex -9.48456 133.223 7
      vertex -9.2744 133.349 2.17369
      vertex -9.48456 133.223 2.17369
    endloop
  endfacet
  facet normal 0.766658 0.588668 -0.25633
    outer loop
      vertex 10.9997 131.741 2.17369
      vertex 10.4864 132.135 1.54329
      vertex 10.6058 132.254 2.17369
    endloop
  endfacet
  facet normal 0.0710939 0.99747 -0
    outer loop
      vertex 7.23326 133.946 2.17369
      vertex 6.77026 133.979 7
      vertex 7.23326 133.946 7
    endloop
  endfacet
  facet normal 0.0710939 0.99747 0
    outer loop
      vertex 6.77026 133.979 7
      vertex 7.23326 133.946 2.17369
      vertex 6.77026 133.979 2.17369
    endloop
  endfacet
  facet normal 0 0.965893 -0.25894
    outer loop
      vertex 6.77026 133.81 1.54329
      vertex -6.79654 133.979 2.17369
      vertex 6.77026 133.979 2.17369
    endloop
  endfacet
  facet normal 0 0.965893 -0.25894
    outer loop
      vertex -6.79654 133.979 2.17369
      vertex 6.77026 133.81 1.54329
      vertex -6.79654 133.81 1.54329
    endloop
  endfacet
  facet normal -0.25384 0.0524674 -0.965822
    outer loop
      vertex -16.3915 116.875 0.190302
      vertex -15.7331 116.951 0.0213881
      vertex -15.7825 116.712 0.0213881
    endloop
  endfacet
  facet normal -0.253829 0.0523523 -0.965831
    outer loop
      vertex -15.7331 116.951 0.0213881
      vertex -16.3915 116.875 0.190302
      vertex -16.342 117.115 0.190302
    endloop
  endfacet
  facet normal -0.0344412 0.258434 -0.965415
    outer loop
      vertex -7.10284 131.811 0.0213881
      vertex -7.35046 132.409 0.190302
      vertex -7.10284 132.442 0.190302
    endloop
  endfacet
  facet normal 0.385257 0.320911 -0.865213
    outer loop
      vertex 9.37309 131.366 0.190302
      vertex 9.92934 131.578 0.516617
      vertex 9.52969 131.178 0.190302
    endloop
  endfacet
  facet normal 0.385257 0.320911 -0.865213
    outer loop
      vertex 9.92934 131.578 0.516617
      vertex 9.37309 131.366 0.190302
      vertex 9.77274 131.766 0.516617
    endloop
  endfacet
  facet normal 0.158946 0.207194 -0.965302
    outer loop
      vertex 9.00807 131.692 0.190302
      vertex 8.56231 131.247 0.0213881
      vertex 8.80993 131.844 0.190302
    endloop
  endfacet
  facet normal 0.446069 0.551416 -0.704956
    outer loop
      vertex 9.59809 131.938 0.516617
      vertex 9.73404 132.418 0.978097
      vertex 9.92441 132.264 0.978097
    endloop
  endfacet
  facet normal 0.446069 0.551416 -0.704956
    outer loop
      vertex 9.73404 132.418 0.978097
      vertex 9.59809 131.938 0.516617
      vertex 9.40772 132.092 0.516617
    endloop
  endfacet
  facet normal 0.185548 0.948153 -0.258028
    outer loop
      vertex 8.04567 133.657 1.54329
      vertex 7.87477 133.862 2.17369
      vertex 8.08939 133.82 2.17369
    endloop
  endfacet
  facet normal 0.181221 0.948627 -0.259356
    outer loop
      vertex 7.87477 133.862 2.17369
      vertex 8.04567 133.657 1.54329
      vertex 7.83105 133.698 1.54329
    endloop
  endfacet
  facet normal 0.717373 0.486259 -0.498927
    outer loop
      vertex 10.9911 131.453 1.54329
      vertex 10.5709 131.493 0.978097
      vertex 10.8535 131.656 1.54329
    endloop
  endfacet
  facet normal 0.717373 0.486259 -0.498927
    outer loop
      vertex 10.5709 131.493 0.978097
      vertex 10.9911 131.453 1.54329
      vertex 10.7085 131.29 0.978097
    endloop
  endfacet
  facet normal 0.399548 0.305806 -0.864201
    outer loop
      vertex 10.1712 131.262 0.516617
      vertex 9.52969 131.178 0.190302
      vertex 9.92934 131.578 0.516617
    endloop
  endfacet
  facet normal 0.451486 0.217385 -0.865392
    outer loop
      vertex 9.96576 130.507 0.190302
      vertex 30.721 88.6995 0.516617
      vertex 30.2316 88.4169 0.190302
    endloop
  endfacet
  facet normal 0.451362 0.217322 -0.865473
    outer loop
      vertex 30.721 88.6995 0.516617
      vertex 9.96576 130.507 0.190302
      vertex 10.4552 130.79 0.516617
    endloop
  endfacet
  facet normal 0.767022 0.587837 -0.257146
    outer loop
      vertex 10.8535 131.656 1.54329
      vertex 10.4864 132.135 1.54329
      vertex 10.9997 131.741 2.17369
    endloop
  endfacet
  facet normal 0.607516 0.617052 -0.500171
    outer loop
      vertex 10.0991 132.092 0.978097
      vertex 10.1551 132.495 1.54329
      vertex 10.3298 132.323 1.54329
    endloop
  endfacet
  facet normal 0.607537 0.617038 -0.500163
    outer loop
      vertex 10.1551 132.495 1.54329
      vertex 10.0991 132.092 0.978097
      vertex 9.92441 132.264 0.978097
    endloop
  endfacet
  facet normal 0.244052 0.831121 -0.499676
    outer loop
      vertex 8.1962 133.273 0.978097
      vertex 8.04567 133.657 1.54329
      vertex 8.28065 133.588 1.54329
    endloop
  endfacet
  facet normal 0.244042 0.831122 -0.499679
    outer loop
      vertex 8.04567 133.657 1.54329
      vertex 8.1962 133.273 0.978097
      vertex 7.96121 133.342 0.978097
    endloop
  endfacet
  facet normal -0.104214 0.701534 -0.704974
    outer loop
      vertex -7.73908 132.919 0.516617
      vertex -7.61618 133.401 0.978097
      vertex -7.49674 132.955 0.516617
    endloop
  endfacet
  facet normal -0.104214 0.701534 -0.704974
    outer loop
      vertex -7.61618 133.401 0.978097
      vertex -7.73908 132.919 0.516617
      vertex -7.85852 133.365 0.978097
    endloop
  endfacet
  facet normal -0.13135 0.991336 0
    outer loop
      vertex -7.10284 133.964 2.17369
      vertex -7.74436 133.879 7
      vertex -7.10284 133.964 7
    endloop
  endfacet
  facet normal -0.13135 0.991336 0
    outer loop
      vertex -7.74436 133.879 7
      vertex -7.10284 133.964 2.17369
      vertex -7.74436 133.879 2.17369
    endloop
  endfacet
  facet normal 0.849062 0.46038 -0.259121
    outer loop
      vertex 11.2838 131.268 2.17369
      vertex 10.9911 131.453 1.54329
      vertex 11.1374 131.538 2.17369
    endloop
  endfacet
  facet normal 0.848503 0.461787 -0.258449
    outer loop
      vertex 10.9911 131.453 1.54329
      vertex 11.2838 131.268 2.17369
      vertex 11.1375 131.184 1.54329
    endloop
  endfacet
  facet normal 0.585958 0.397182 -0.706328
    outer loop
      vertex 10.3088 131.059 0.516617
      vertex 10.5709 131.493 0.978097
      vertex 10.7085 131.29 0.978097
    endloop
  endfacet
  facet normal 0.585958 0.397182 -0.706328
    outer loop
      vertex 10.5709 131.493 0.978097
      vertex 10.3088 131.059 0.516617
      vertex 10.1712 131.262 0.516617
    endloop
  endfacet
  facet normal -0.58838 0.766536 -0.257355
    outer loop
      vertex -10.0753 132.563 1.54329
      vertex -10.1947 132.683 2.17369
      vertex -9.6814 133.077 2.17369
    endloop
  endfacet
  facet normal 0.206462 0.159808 -0.965316
    outer loop
      vertex 9.13579 130.665 0.0213881
      vertex 9.08393 130.732 0.0213881
      vertex 9.68173 130.98 0.190302
    endloop
  endfacet
  facet normal -0.965932 0 -0.258797
    outer loop
      vertex -17.8097 87.9386 1.54329
      vertex -17.9786 116.208 2.17369
      vertex -17.8097 116.208 1.54329
    endloop
  endfacet
  facet normal -0.965932 -0 -0.258797
    outer loop
      vertex -17.9786 116.208 2.17369
      vertex -17.8097 87.9386 1.54329
      vertex -17.9786 87.9386 2.17369
    endloop
  endfacet
  facet normal -0.860464 0.113242 -0.496767
    outer loop
      vertex -17.4507 116.627 0.978097
      vertex -17.777 116.627 1.54329
      vertex -17.6983 117.225 1.54329
    endloop
  endfacet
  facet normal -0.766595 0.588739 -0.256356
    outer loop
      vertex -10.7885 131.739 1.54329
      vertex -10.9348 131.823 2.17369
      vertex -10.4214 132.217 1.54329
    endloop
  endfacet
  facet normal -0.445508 0.743079 -0.499356
    outer loop
      vertex -9.23695 132.794 0.978097
      vertex -9.18994 133.202 1.54329
      vertex -9.02679 132.92 0.978097
    endloop
  endfacet
  facet normal -0.445508 0.743079 -0.499356
    outer loop
      vertex -9.18994 133.202 1.54329
      vertex -9.23695 132.794 0.978097
      vertex -9.4001 133.076 1.54329
    endloop
  endfacet
  facet normal 0.306123 0.399048 -0.86432
    outer loop
      vertex 9.00807 131.692 0.190302
      vertex 8.80993 131.844 0.190302
      vertex 9.09252 132.334 0.516617
    endloop
  endfacet
  facet normal -0.714766 0.650003 -0.25808
    outer loop
      vertex -10.2569 132.399 1.54329
      vertex -10.5409 132.337 2.17369
      vertex -10.3763 132.518 2.17369
    endloop
  endfacet
  facet normal -0.716537 0.647639 -0.25911
    outer loop
      vertex -10.5409 132.337 2.17369
      vertex -10.2569 132.399 1.54329
      vertex -10.4214 132.217 1.54329
    endloop
  endfacet
  facet normal -0.434321 0.24808 -0.865922
    outer loop
      vertex -9.97718 130.484 0.190302
      vertex -10.2365 131.169 0.516617
      vertex -9.74699 130.887 0.190302
    endloop
  endfacet
  facet normal -0.434312 0.248086 -0.865925
    outer loop
      vertex -10.2365 131.169 0.516617
      vertex -9.97718 130.484 0.190302
      vertex -10.4667 130.766 0.516617
    endloop
  endfacet
  facet normal -0.563175 0.432357 -0.704203
    outer loop
      vertex -10.1062 131.345 0.516617
      vertex -10.5059 131.576 0.978097
      vertex -9.86437 131.66 0.516617
    endloop
  endfacet
  facet normal -0.739829 0.672795 0
    outer loop
      vertex -10.5409 132.337 2.17369
      vertex -10.3763 132.518 7
      vertex -10.3763 132.518 2.17369
    endloop
  endfacet
  facet normal -0.739829 0.672795 0
    outer loop
      vertex -10.3763 132.518 7
      vertex -10.5409 132.337 2.17369
      vertex -10.5409 132.337 7
    endloop
  endfacet
  facet normal -0.890454 0.375375 -0.257266
    outer loop
      vertex -17.2261 118.538 1.54329
      vertex -17.4917 118.34 2.17369
      vertex -17.3724 118.623 2.17369
    endloop
  endfacet
  facet normal -0.890104 0.376558 -0.256747
    outer loop
      vertex -17.4917 118.34 2.17369
      vertex -17.2261 118.538 1.54329
      vertex -17.3454 118.256 1.54329
    endloop
  endfacet
  facet normal -0.780877 0.375974 -0.498873
    outer loop
      vertex -10.8663 130.997 0.978097
      vertex -17.2261 118.538 1.54329
      vertex -11.1489 131.16 1.54329
    endloop
  endfacet
  facet normal -0.780877 0.375974 -0.498873
    outer loop
      vertex -17.2261 118.538 1.54329
      vertex -10.8663 130.997 0.978097
      vertex -16.9435 118.375 0.978097
    endloop
  endfacet
  facet normal -0.233819 0.112577 -0.965741
    outer loop
      vertex -16.0544 117.862 0.190302
      vertex -9.43125 130.169 0.0213881
      vertex -15.5084 117.547 0.0213881
    endloop
  endfacet
  facet normal -0.23384 0.112589 -0.965734
    outer loop
      vertex -9.43125 130.169 0.0213881
      vertex -16.0544 117.862 0.190302
      vertex -9.97718 130.484 0.190302
    endloop
  endfacet
  facet normal 0.100228 0.240902 -0.96536
    outer loop
      vertex 8.38833 132.093 0.190302
      vertex 7.99443 131.58 0.0213881
      vertex 8.15759 132.189 0.190302
    endloop
  endfacet
  facet normal 0 0.258588 -0.965988
    outer loop
      vertex -6.79654 131.826 0.0213881
      vertex 6.77026 132.457 0.190302
      vertex 6.77026 131.826 0.0213881
    endloop
  endfacet
  facet normal 0 0.258588 -0.965988
    outer loop
      vertex 6.77026 132.457 0.190302
      vertex -6.79654 131.826 0.0213881
      vertex -6.79654 132.457 0.190302
    endloop
  endfacet
  facet normal 0.0978537 0.24156 -0.965439
    outer loop
      vertex 7.76732 131.672 0.0213881
      vertex 8.15759 132.189 0.190302
      vertex 7.99443 131.58 0.0213881
    endloop
  endfacet
  facet normal 0.0978537 0.24156 -0.965439
    outer loop
      vertex 8.15759 132.189 0.190302
      vertex 7.76732 131.672 0.0213881
      vertex 7.93048 132.281 0.190302
    endloop
  endfacet
  facet normal 0.162635 0.851334 -0.498779
    outer loop
      vertex 7.96121 133.342 0.978097
      vertex 7.83105 133.698 1.54329
      vertex 8.04567 133.657 1.54329
    endloop
  endfacet
  facet normal 0.162642 0.851334 -0.498777
    outer loop
      vertex 7.83105 133.698 1.54329
      vertex 7.96121 133.342 0.978097
      vertex 7.7466 133.383 0.978097
    endloop
  endfacet
  facet normal 0.677963 0.688212 -0.258322
    outer loop
      vertex 10.3298 132.323 1.54329
      vertex 10.2746 132.614 2.17369
      vertex 10.4492 132.442 2.17369
    endloop
  endfacet
  facet normal 0.677748 0.688387 -0.258421
    outer loop
      vertex 10.2746 132.614 2.17369
      vertex 10.3298 132.323 1.54329
      vertex 10.1551 132.495 1.54329
    endloop
  endfacet
  facet normal 0.389465 0.590659 -0.70671
    outer loop
      vertex 8.88778 132.469 0.516617
      vertex 9.32327 132.734 0.978097
      vertex 9.09252 132.334 0.516617
    endloop
  endfacet
  facet normal 0.387749 0.592475 -0.706134
    outer loop
      vertex 9.32327 132.734 0.978097
      vertex 8.88778 132.469 0.516617
      vertex 9.11852 132.868 0.978097
    endloop
  endfacet
  facet normal 0.588347 0.766871 -0.256432
    outer loop
      vertex 9.96478 132.649 1.54329
      vertex 9.48642 133.016 1.54329
      vertex 9.57088 133.162 2.17369
    endloop
  endfacet
  facet normal 0.414887 0.281224 -0.865322
    outer loop
      vertex 9.81936 130.777 0.190302
      vertex 10.1712 131.262 0.516617
      vertex 10.3088 131.059 0.516617
    endloop
  endfacet
  facet normal 0.414847 0.281258 -0.86533
    outer loop
      vertex 10.1712 131.262 0.516617
      vertex 9.81936 130.777 0.190302
      vertex 9.68173 130.98 0.190302
    endloop
  endfacet
  facet normal 0.315661 0.39021 -0.864925
    outer loop
      vertex 9.19844 131.538 0.190302
      vertex 9.40772 132.092 0.516617
      vertex 9.59809 131.938 0.516617
    endloop
  endfacet
  facet normal 0.315661 0.39021 -0.864925
    outer loop
      vertex 9.40772 132.092 0.516617
      vertex 9.19844 131.538 0.190302
      vertex 9.00807 131.692 0.190302
    endloop
  endfacet
  facet normal 0.0616229 0.864588 -0.498689
    outer loop
      vertex 7.23326 133.451 0.978097
      vertex 6.77026 133.81 1.54329
      vertex 7.23326 133.777 1.54329
    endloop
  endfacet
  facet normal 0.0597167 0.864026 -0.499894
    outer loop
      vertex 6.77026 133.81 1.54329
      vertex 7.23326 133.451 0.978097
      vertex 6.77026 133.483 0.978097
    endloop
  endfacet
  facet normal -0.170375 0.686149 -0.707229
    outer loop
      vertex -7.97669 132.86 0.516617
      vertex -7.85852 133.365 0.978097
      vertex -7.73908 132.919 0.516617
    endloop
  endfacet
  facet normal -0.173267 0.686167 -0.706508
    outer loop
      vertex -7.85852 133.365 0.978097
      vertex -7.97669 132.86 0.516617
      vertex -8.09613 133.305 0.978097
    endloop
  endfacet
  facet normal -0.120499 0.485286 -0.866012
    outer loop
      vertex -7.83041 132.314 0.190302
      vertex -7.73908 132.919 0.516617
      vertex -7.5928 132.373 0.190302
    endloop
  endfacet
  facet normal -0.120499 0.485286 -0.866012
    outer loop
      vertex -7.73908 132.919 0.516617
      vertex -7.83041 132.314 0.190302
      vertex -7.97669 132.86 0.516617
    endloop
  endfacet
  facet normal -0.271627 0.655943 -0.704242
    outer loop
      vertex -8.20754 132.777 0.516617
      vertex -8.5746 132.625 0.516617
      vertex -8.32698 133.223 0.978097
    endloop
  endfacet
  facet normal -0.240988 0.970528 0
    outer loop
      vertex -7.9867 133.843 2.17369
      vertex -8.22431 133.784 7
      vertex -7.9867 133.843 7
    endloop
  endfacet
  facet normal -0.240988 0.970528 0
    outer loop
      vertex -8.22431 133.784 7
      vertex -7.9867 133.843 2.17369
      vertex -8.22431 133.784 2.17369
    endloop
  endfacet
  facet normal -0.0423503 0.864794 -0.500338
    outer loop
      vertex -6.79654 133.483 0.978097
      vertex -7.10284 133.795 1.54329
      vertex -6.79654 133.81 1.54329
    endloop
  endfacet
  facet normal -0.0423503 0.864794 -0.500338
    outer loop
      vertex -7.10284 133.795 1.54329
      vertex -6.79654 133.483 0.978097
      vertex -7.10284 133.468 0.978097
    endloop
  endfacet
  facet normal -0.126617 0.95812 -0.256856
    outer loop
      vertex -7.10284 133.795 1.54329
      vertex -7.70064 133.716 1.54329
      vertex -7.10284 133.964 2.17369
    endloop
  endfacet
  facet normal 0.799438 0.542279 -0.258521
    outer loop
      vertex 11.1374 131.538 2.17369
      vertex 10.8535 131.656 1.54329
      vertex 10.9997 131.741 2.17369
    endloop
  endfacet
  facet normal 0.799593 0.54199 -0.258645
    outer loop
      vertex 10.8535 131.656 1.54329
      vertex 11.1374 131.538 2.17369
      vertex 10.9911 131.453 1.54329
    endloop
  endfacet
  facet normal -0.991449 0.130494 0
    outer loop
      vertex -17.946 116.627 2.17369
      vertex -17.8615 117.269 7
      vertex -17.8615 117.269 2.17369
    endloop
  endfacet
  facet normal -0.991449 0.130494 0
    outer loop
      vertex -17.8615 117.269 7
      vertex -17.946 116.627 2.17369
      vertex -17.946 116.627 7
    endloop
  endfacet
  facet normal -0.656193 0.271954 -0.703883
    outer loop
      vertex -16.8152 117.495 0.516617
      vertex -17.2609 117.614 0.978097
      vertex -16.6631 117.862 0.516617
    endloop
  endfacet
  facet normal -0.860506 0.113172 -0.496711
    outer loop
      vertex -17.4507 116.627 0.978097
      vertex -17.6983 117.225 1.54329
      vertex -17.3831 117.141 0.978097
    endloop
  endfacet
  facet normal 0.383194 0.923668 -0
    outer loop
      vertex 9.14928 133.411 2.17369
      vertex 8.55149 133.659 7
      vertex 9.14928 133.411 7
    endloop
  endfacet
  facet normal 0.383194 0.923668 0
    outer loop
      vertex 8.55149 133.659 7
      vertex 9.14928 133.411 2.17369
      vertex 8.55149 133.659 2.17369
    endloop
  endfacet
  facet normal 0.370385 0.892792 -0.256393
    outer loop
      vertex 9.06482 133.265 1.54329
      vertex 8.55149 133.659 2.17369
      vertex 9.14928 133.411 2.17369
    endloop
  endfacet
  facet normal -0.0878421 0.244317 -0.965708
    outer loop
      vertex -8.06126 132.231 0.190302
      vertex -7.66725 131.705 0.0213881
      vertex -7.8981 131.622 0.0213881
    endloop
  endfacet
  facet normal -0.0878421 0.244317 -0.965708
    outer loop
      vertex -7.66725 131.705 0.0213881
      vertex -8.06126 132.231 0.190302
      vertex -7.83041 132.314 0.190302
    endloop
  endfacet
  facet normal -0.25881 0.00729533 -0.965901
    outer loop
      vertex -15.8263 116.208 0.0213881
      vertex -16.4525 116.357 0.190302
      vertex -15.8221 116.357 0.0213881
    endloop
  endfacet
  facet normal -0.25881 0.00729533 -0.965901
    outer loop
      vertex -16.4525 116.357 0.190302
      vertex -15.8263 116.208 0.0213881
      vertex -16.4567 116.208 0.190302
    endloop
  endfacet
  facet normal -0.499996 0 -0.866028
    outer loop
      vertex -17.0219 87.9386 0.516617
      vertex -16.4567 116.208 0.190302
      vertex -16.4567 87.9386 0.190302
    endloop
  endfacet
  facet normal -0.499996 0 -0.866028
    outer loop
      vertex -16.4567 116.208 0.190302
      vertex -17.0219 87.9386 0.516617
      vertex -17.0219 116.208 0.516617
    endloop
  endfacet
  facet normal -0.582891 0.641321 -0.498945
    outer loop
      vertex -10.0261 132.168 0.978097
      vertex -10.0753 132.563 1.54329
      vertex -9.84456 132.333 0.978097
    endloop
  endfacet
  facet normal -0.580518 0.642818 -0.499784
    outer loop
      vertex -10.0753 132.563 1.54329
      vertex -10.0261 132.168 0.978097
      vertex -10.2569 132.399 1.54329
    endloop
  endfacet
  facet normal -0.575557 0.775977 -0.258059
    outer loop
      vertex -9.59694 132.93 1.54329
      vertex -9.48456 133.223 2.17369
      vertex -9.4001 133.076 1.54329
    endloop
  endfacet
  facet normal -0.575557 0.775977 -0.258059
    outer loop
      vertex -9.48456 133.223 2.17369
      vertex -9.59694 132.93 1.54329
      vertex -9.6814 133.077 2.17369
    endloop
  endfacet
  facet normal -0.588163 0.766631 -0.257568
    outer loop
      vertex -9.59694 132.93 1.54329
      vertex -10.0753 132.563 1.54329
      vertex -9.6814 133.077 2.17369
    endloop
  endfacet
  facet normal -0.240636 0.100574 -0.965391
    outer loop
      vertex -15.6603 117.186 0.0213881
      vertex -16.1737 117.579 0.190302
      vertex -15.6277 117.264 0.0213881
    endloop
  endfacet
  facet normal -0.258637 0.0340793 -0.965373
    outer loop
      vertex -15.7937 116.627 0.0213881
      vertex -16.3915 116.875 0.190302
      vertex -15.7825 116.712 0.0213881
    endloop
  endfacet
  facet normal -0.207417 0.158186 -0.965378
    outer loop
      vertex -9.07082 130.747 0.0213881
      vertex -9.61676 131.062 0.190302
      vertex -9.01896 130.815 0.0213881
    endloop
  endfacet
  facet normal -0.303337 0.639752 -0.70619
    outer loop
      vertex -8.79605 132.52 0.516617
      vertex -8.80534 133.025 0.978097
      vertex -8.5746 132.625 0.516617
    endloop
  endfacet
  facet normal -0.303337 0.639752 -0.70619
    outer loop
      vertex -8.80534 133.025 0.978097
      vertex -8.79605 132.52 0.516617
      vertex -9.02679 132.92 0.978097
    endloop
  endfacet
  facet normal -0.371487 0.783483 -0.498149
    outer loop
      vertex -9.02679 132.92 0.978097
      vertex -8.96849 133.307 1.54329
      vertex -8.80534 133.025 0.978097
    endloop
  endfacet
  facet normal -0.371487 0.783483 -0.498149
    outer loop
      vertex -8.96849 133.307 1.54329
      vertex -9.02679 132.92 0.978097
      vertex -9.18994 133.202 1.54329
    endloop
  endfacet
  facet normal -0.570028 0.422015 -0.704962
    outer loop
      vertex -10.2365 131.169 0.516617
      vertex -10.5059 131.576 0.978097
      vertex -10.1062 131.345 0.516617
    endloop
  endfacet
  facet normal -0.570221 0.421834 -0.704914
    outer loop
      vertex -10.5059 131.576 0.978097
      vertex -10.2365 131.169 0.516617
      vertex -10.6361 131.4 0.978097
    endloop
  endfacet
  facet normal -0.399364 0.306597 -0.864006
    outer loop
      vertex -9.46472 131.261 0.190302
      vertex -10.1062 131.345 0.516617
      vertex -9.86437 131.66 0.516617
    endloop
  endfacet
  facet normal -0.826989 0.257285 -0.499893
    outer loop
      vertex -17.2609 117.614 0.978097
      vertex -17.6489 117.465 1.54329
      vertex -17.5761 117.699 1.54329
    endloop
  endfacet
  facet normal -0.826989 0.257285 -0.499893
    outer loop
      vertex -17.6489 117.465 1.54329
      vertex -17.2609 117.614 0.978097
      vertex -17.3337 117.38 0.978097
    endloop
  endfacet
  facet normal -0.477727 0.148626 -0.865845
    outer loop
      vertex -16.342 117.115 0.190302
      vertex -16.8152 117.495 0.516617
      vertex -16.2692 117.349 0.190302
    endloop
  endfacet
  facet normal -0.477727 0.148626 -0.865845
    outer loop
      vertex -16.8152 117.495 0.516617
      vertex -16.342 117.115 0.190302
      vertex -16.888 117.261 0.516617
    endloop
  endfacet
  facet normal -0.613945 0.350695 -0.707166
    outer loop
      vertex -10.4667 130.766 0.516617
      vertex -10.6361 131.4 0.978097
      vertex -10.2365 131.169 0.516617
    endloop
  endfacet
  facet normal -0.613945 0.350695 -0.707166
    outer loop
      vertex -10.6361 131.4 0.978097
      vertex -10.4667 130.766 0.516617
      vertex -10.8663 130.997 0.978097
    endloop
  endfacet
  facet normal -0.464921 0.192683 -0.86413
    outer loop
      vertex -16.2692 117.349 0.190302
      vertex -16.8152 117.495 0.516617
      vertex -16.6631 117.862 0.516617
    endloop
  endfacet
  facet normal -0.499946 0.0140925 -0.865942
    outer loop
      vertex -16.4567 116.208 0.190302
      vertex -17.0177 116.357 0.516617
      vertex -16.4525 116.357 0.190302
    endloop
  endfacet
  facet normal -0.499946 0.0140925 -0.865942
    outer loop
      vertex -17.0177 116.357 0.516617
      vertex -16.4567 116.208 0.190302
      vertex -17.0219 116.208 0.516617
    endloop
  endfacet
  facet normal 0.0686808 0.963613 -0.258329
    outer loop
      vertex 7.23326 133.777 1.54329
      vertex 6.77026 133.979 2.17369
      vertex 7.23326 133.946 2.17369
    endloop
  endfacet
  facet normal 0.0686808 0.963613 -0.258329
    outer loop
      vertex 6.77026 133.979 2.17369
      vertex 7.23326 133.777 1.54329
      vertex 6.77026 133.81 1.54329
    endloop
  endfacet
  facet normal 0.399337 0.306643 -0.864002
    outer loop
      vertex 9.68173 130.98 0.190302
      vertex 9.52969 131.178 0.190302
      vertex 10.1712 131.262 0.516617
    endloop
  endfacet
  facet normal 0.0356237 0.499811 -0.865401
    outer loop
      vertex 6.77026 132.457 0.190302
      vertex 7.23326 132.989 0.516617
      vertex 7.23326 132.424 0.190302
    endloop
  endfacet
  facet normal 0.0356237 0.499811 -0.865401
    outer loop
      vertex 7.23326 132.989 0.516617
      vertex 6.77026 132.457 0.190302
      vertex 6.77026 133.022 0.516617
    endloop
  endfacet
  facet normal 0.271905 0.656598 -0.703524
    outer loop
      vertex 8.67092 132.583 0.516617
      vertex 8.30387 132.735 0.516617
      vertex 8.42331 133.18 0.978097
    endloop
  endfacet
  facet normal 0 0.500129 -0.865951
    outer loop
      vertex -6.79654 132.457 0.190302
      vertex 6.77026 133.022 0.516617
      vertex 6.77026 132.457 0.190302
    endloop
  endfacet
  facet normal 0 0.500129 -0.865951
    outer loop
      vertex 6.77026 133.022 0.516617
      vertex -6.79654 132.457 0.190302
      vertex -6.79654 133.022 0.516617
    endloop
  endfacet
  facet normal 0.402938 0.766501 -0.500118
    outer loop
      vertex 9.11852 132.868 0.978097
      vertex 9.06482 133.265 1.54329
      vertex 9.28168 133.151 1.54329
    endloop
  endfacet
  facet normal 0.402938 0.766501 -0.500118
    outer loop
      vertex 9.06482 133.265 1.54329
      vertex 9.11852 132.868 0.978097
      vertex 8.90166 132.982 0.978097
    endloop
  endfacet
  facet normal 0.281746 0.959489 -0
    outer loop
      vertex 8.32437 133.751 2.17369
      vertex 8.08939 133.82 7
      vertex 8.32437 133.751 7
    endloop
  endfacet
  facet normal 0.281746 0.959489 0
    outer loop
      vertex 8.08939 133.82 7
      vertex 8.32437 133.751 2.17369
      vertex 8.08939 133.82 2.17369
    endloop
  endfacet
  facet normal 0.0912705 0.704931 -0.703379
    outer loop
      vertex 7.62716 132.938 0.516617
      vertex 7.23326 132.989 0.516617
      vertex 7.7466 133.383 0.978097
    endloop
  endfacet
  facet normal 0.529073 0.687744 -0.497082
    outer loop
      vertex 9.73404 132.418 0.978097
      vertex 9.32327 132.734 0.978097
      vertex 9.96478 132.649 1.54329
    endloop
  endfacet
  facet normal 0.528467 0.688822 -0.496233
    outer loop
      vertex 9.96478 132.649 1.54329
      vertex 9.32327 132.734 0.978097
      vertex 9.48642 133.016 1.54329
    endloop
  endfacet
  facet normal 0.214785 0.14562 -0.965744
    outer loop
      vertex 9.27343 130.462 0.0213881
      vertex 9.68173 130.98 0.190302
      vertex 9.81936 130.777 0.190302
    endloop
  endfacet
  facet normal 0.214778 0.145626 -0.965745
    outer loop
      vertex 9.68173 130.98 0.190302
      vertex 9.27343 130.462 0.0213881
      vertex 9.13579 130.665 0.0213881
    endloop
  endfacet
  facet normal 0.742471 0.618463 -0.257373
    outer loop
      vertex 10.6058 132.254 2.17369
      vertex 10.3298 132.323 1.54329
      vertex 10.4492 132.442 2.17369
    endloop
  endfacet
  facet normal 0.742471 0.618463 -0.257373
    outer loop
      vertex 10.3298 132.323 1.54329
      vertex 10.6058 132.254 2.17369
      vertex 10.4864 132.135 1.54329
    endloop
  endfacet
  facet normal 0.688609 0.528101 -0.496916
    outer loop
      vertex 10.5709 131.493 0.978097
      vertex 10.2557 131.904 0.978097
      vertex 10.4864 132.135 1.54329
    endloop
  endfacet
  facet normal 0.54453 0.453582 -0.705514
    outer loop
      vertex 9.77274 131.766 0.516617
      vertex 10.2557 131.904 0.978097
      vertex 9.92934 131.578 0.516617
    endloop
  endfacet
  facet normal 0.54453 0.453582 -0.705514
    outer loop
      vertex 10.2557 131.904 0.978097
      vertex 9.77274 131.766 0.516617
      vertex 10.0991 132.092 0.978097
    endloop
  endfacet
  facet normal 0.496217 0.503978 -0.706948
    outer loop
      vertex 9.77274 131.766 0.516617
      vertex 9.92441 132.264 0.978097
      vertex 10.0991 132.092 0.978097
    endloop
  endfacet
  facet normal 0.49629 0.503936 -0.706926
    outer loop
      vertex 9.92441 132.264 0.978097
      vertex 9.77274 131.766 0.516617
      vertex 9.59809 131.938 0.516617
    endloop
  endfacet
  facet normal 0.0503064 0.705814 -0.706609
    outer loop
      vertex 6.77026 133.022 0.516617
      vertex 7.23326 133.451 0.978097
      vertex 7.23326 132.989 0.516617
    endloop
  endfacet
  facet normal 0.0488384 0.70663 -0.705895
    outer loop
      vertex 7.23326 133.451 0.978097
      vertex 6.77026 133.022 0.516617
      vertex 6.77026 133.483 0.978097
    endloop
  endfacet
  facet normal -0.236503 0.936593 -0.258573
    outer loop
      vertex -8.18059 133.62 1.54329
      vertex -7.9867 133.843 2.17369
      vertex -7.94298 133.68 1.54329
    endloop
  endfacet
  facet normal -0.232704 0.937165 -0.259944
    outer loop
      vertex -7.9867 133.843 2.17369
      vertex -8.18059 133.62 1.54329
      vertex -8.22431 133.784 2.17369
    endloop
  endfacet
  facet normal 0.0178957 0.258929 -0.965731
    outer loop
      vertex 6.77026 131.826 0.0213881
      vertex 7.23326 132.424 0.190302
      vertex 7.23326 131.794 0.0213881
    endloop
  endfacet
  facet normal 0.0184275 0.258544 -0.965824
    outer loop
      vertex 7.23326 132.424 0.190302
      vertex 6.77026 131.826 0.0213881
      vertex 6.77026 132.457 0.190302
    endloop
  endfacet
  facet normal -0.239596 0.666395 -0.706053
    outer loop
      vertex -8.32698 133.223 0.978097
      vertex -7.97669 132.86 0.516617
      vertex -8.20754 132.777 0.516617
    endloop
  endfacet
  facet normal -0.23724 0.667887 -0.705439
    outer loop
      vertex -7.97669 132.86 0.516617
      vertex -8.32698 133.223 0.978097
      vertex -8.09613 133.305 0.978097
    endloop
  endfacet
  facet normal -0.112341 0.860735 -0.496503
    outer loop
      vertex -7.61618 133.401 0.978097
      vertex -7.70064 133.716 1.54329
      vertex -7.10284 133.468 0.978097
    endloop
  endfacet
  facet normal -0.113645 0.859963 -0.497543
    outer loop
      vertex -7.10284 133.468 0.978097
      vertex -7.70064 133.716 1.54329
      vertex -7.10284 133.795 1.54329
    endloop
  endfacet
  facet normal -0.0126624 0.258567 -0.96591
    outer loop
      vertex -7.10284 132.442 0.190302
      vertex -6.79654 131.826 0.0213881
      vertex -7.10284 131.811 0.0213881
    endloop
  endfacet
  facet normal -0.0126624 0.258567 -0.96591
    outer loop
      vertex -6.79654 131.826 0.0213881
      vertex -7.10284 132.442 0.190302
      vertex -6.79654 132.457 0.190302
    endloop
  endfacet
  facet normal -0.0382589 0.257546 -0.965508
    outer loop
      vertex -7.42964 131.764 0.0213881
      vertex -7.35046 132.409 0.190302
      vertex -7.1873 131.8 0.0213881
    endloop
  endfacet
  facet normal -0.0382589 0.257546 -0.965508
    outer loop
      vertex -7.35046 132.409 0.190302
      vertex -7.42964 131.764 0.0213881
      vertex -7.5928 132.373 0.190302
    endloop
  endfacet
  facet normal -0.33206 0.802243 -0.496128
    outer loop
      vertex -8.80534 133.025 0.978097
      vertex -8.96849 133.307 1.54329
      vertex -8.32698 133.223 0.978097
    endloop
  endfacet
  facet normal -0.332494 0.801799 -0.496554
    outer loop
      vertex -8.32698 133.223 0.978097
      vertex -8.96849 133.307 1.54329
      vertex -8.41144 133.538 1.54329
    endloop
  endfacet
  facet normal -0.338337 0.941025 0
    outer loop
      vertex -8.22431 133.784 2.17369
      vertex -8.45516 133.701 7
      vertex -8.22431 133.784 7
    endloop
  endfacet
  facet normal -0.338337 0.941025 0
    outer loop
      vertex -8.45516 133.701 7
      vertex -8.22431 133.784 2.17369
      vertex -8.45516 133.701 2.17369
    endloop
  endfacet
  facet normal -0.048913 0.998803 0
    outer loop
      vertex -6.79654 133.979 2.17369
      vertex -7.10284 133.964 7
      vertex -6.79654 133.979 7
    endloop
  endfacet
  facet normal -0.048913 0.998803 0
    outer loop
      vertex -7.10284 133.964 7
      vertex -6.79654 133.979 2.17369
      vertex -7.10284 133.964 2.17369
    endloop
  endfacet
  facet normal -0.127479 0.858148 -0.497323
    outer loop
      vertex -7.85852 133.365 0.978097
      vertex -7.70064 133.716 1.54329
      vertex -7.61618 133.401 0.978097
    endloop
  endfacet
  facet normal -0.127479 0.858148 -0.497323
    outer loop
      vertex -7.70064 133.716 1.54329
      vertex -7.85852 133.365 0.978097
      vertex -7.94298 133.68 1.54329
    endloop
  endfacet
  facet normal -0.370236 0.892815 -0.256528
    outer loop
      vertex -8.41144 133.538 1.54329
      vertex -8.96849 133.307 1.54329
      vertex -8.45516 133.701 2.17369
    endloop
  endfacet
  facet normal -0.370385 0.892792 -0.256393
    outer loop
      vertex -8.96849 133.307 1.54329
      vertex -9.05295 133.453 2.17369
      vertex -8.45516 133.701 2.17369
    endloop
  endfacet
  facet normal 0.870526 0.419146 -0.257878
    outer loop
      vertex 31.5496 89.1779 2.17369
      vertex 11.1375 131.184 1.54329
      vertex 11.2838 131.268 2.17369
    endloop
  endfacet
  facet normal 0.870453 0.419106 -0.258188
    outer loop
      vertex 11.1375 131.184 1.54329
      vertex 31.5496 89.1779 2.17369
      vertex 31.4033 89.0934 1.54329
    endloop
  endfacet
  facet normal 0.760771 0.41404 -0.499798
    outer loop
      vertex 11.1375 131.184 1.54329
      vertex 10.7085 131.29 0.978097
      vertex 10.9911 131.453 1.54329
    endloop
  endfacet
  facet normal 0.760771 0.41404 -0.499798
    outer loop
      vertex 10.7085 131.29 0.978097
      vertex 11.1375 131.184 1.54329
      vertex 10.8549 131.021 0.978097
    endloop
  endfacet
  facet normal -1 0 0
    outer loop
      vertex -17.9786 87.9386 2.17369
      vertex -17.9786 116.208 7
      vertex -17.9786 116.208 2.17369
    endloop
  endfacet
  facet normal -1 -0 0
    outer loop
      vertex -17.9786 116.208 7
      vertex -17.9786 87.9386 2.17369
      vertex -17.9786 87.9386 7
    endloop
  endfacet
  facet normal -0.979467 0.201607 0
    outer loop
      vertex -17.8615 117.269 2.17369
      vertex -17.8121 117.509 7
      vertex -17.8121 117.509 2.17369
    endloop
  endfacet
  facet normal -0.979467 0.201607 0
    outer loop
      vertex -17.8121 117.509 7
      vertex -17.8615 117.269 2.17369
      vertex -17.8615 117.269 7
    endloop
  endfacet
  facet normal -0.464661 0.192935 -0.864214
    outer loop
      vertex -16.2692 117.349 0.190302
      vertex -16.6631 117.862 0.516617
      vertex -16.1737 117.579 0.190302
    endloop
  endfacet
  facet normal 0.181566 0.184363 -0.965942
    outer loop
      vertex 8.92733 130.92 0.0213881
      vertex 9.19844 131.538 0.190302
      vertex 9.37309 131.366 0.190302
    endloop
  endfacet
  facet normal 0.182288 0.184027 -0.96587
    outer loop
      vertex 9.19844 131.538 0.190302
      vertex 8.92733 130.92 0.0213881
      vertex 8.75268 131.093 0.0213881
    endloop
  endfacet
  facet normal -0.866035 0 -0.499984
    outer loop
      vertex -17.4834 87.9386 0.978097
      vertex -17.8097 116.208 1.54329
      vertex -17.4834 116.208 0.978097
    endloop
  endfacet
  facet normal -0.866035 -0 -0.499984
    outer loop
      vertex -17.8097 116.208 1.54329
      vertex -17.4834 87.9386 0.978097
      vertex -17.8097 87.9386 1.54329
    endloop
  endfacet
  facet normal -0.965574 0.0272175 -0.258701
    outer loop
      vertex -17.8097 116.208 1.54329
      vertex -17.9744 116.357 2.17369
      vertex -17.8055 116.357 1.54329
    endloop
  endfacet
  facet normal -0.965574 0.0272175 -0.258701
    outer loop
      vertex -17.9744 116.357 2.17369
      vertex -17.8097 116.208 1.54329
      vertex -17.9786 116.208 2.17369
    endloop
  endfacet
  facet normal -0.994514 0.104608 0
    outer loop
      vertex -17.9744 116.357 2.17369
      vertex -17.946 116.627 7
      vertex -17.946 116.627 2.17369
    endloop
  endfacet
  facet normal -0.994514 0.104608 0
    outer loop
      vertex -17.946 116.627 7
      vertex -17.9744 116.357 2.17369
      vertex -17.9744 116.357 7
    endloop
  endfacet
  facet normal -0.793731 0.608269 0
    outer loop
      vertex -10.9348 131.823 2.17369
      vertex -10.5409 132.337 7
      vertex -10.5409 132.337 2.17369
    endloop
  endfacet
  facet normal -0.793731 0.608269 0
    outer loop
      vertex -10.5409 132.337 7
      vertex -10.9348 131.823 2.17369
      vertex -10.9348 131.823 7
    endloop
  endfacet
  facet normal -0.528357 0.689011 -0.496088
    outer loop
      vertex -9.84456 132.333 0.978097
      vertex -10.0753 132.563 1.54329
      vertex -9.43378 132.648 0.978097
    endloop
  endfacet
  facet normal -0.431883 0.563203 -0.704471
    outer loop
      vertex -9.51824 132.006 0.516617
      vertex -9.84456 132.333 0.978097
      vertex -9.43378 132.648 0.978097
    endloop
  endfacet
  facet normal -0.425088 0.905152 0
    outer loop
      vertex -9.05295 133.453 2.17369
      vertex -9.2744 133.349 7
      vertex -9.05295 133.453 7
    endloop
  endfacet
  facet normal -0.425088 0.905152 0
    outer loop
      vertex -9.2744 133.349 7
      vertex -9.05295 133.453 2.17369
      vertex -9.2744 133.349 2.17369
    endloop
  endfacet
  facet normal -0.516975 0.69696 -0.496975
    outer loop
      vertex -9.43378 132.648 0.978097
      vertex -9.4001 133.076 1.54329
      vertex -9.23695 132.794 0.978097
    endloop
  endfacet
  facet normal -0.516955 0.696969 -0.496983
    outer loop
      vertex -9.4001 133.076 1.54329
      vertex -9.43378 132.648 0.978097
      vertex -9.59694 132.93 1.54329
    endloop
  endfacet
  facet normal -0.647347 0.716819 -0.25906
    outer loop
      vertex -10.2569 132.399 1.54329
      vertex -10.1947 132.683 2.17369
      vertex -10.0753 132.563 1.54329
    endloop
  endfacet
  facet normal -0.649697 0.71506 -0.258036
    outer loop
      vertex -10.1947 132.683 2.17369
      vertex -10.2569 132.399 1.54329
      vertex -10.3763 132.518 2.17369
    endloop
  endfacet
  facet normal -0.258721 0.0272137 -0.965569
    outer loop
      vertex -15.8221 116.357 0.0213881
      vertex -16.4241 116.627 0.190302
      vertex -15.7937 116.627 0.0213881
    endloop
  endfacet
  facet normal -0.258721 0.0272137 -0.965569
    outer loop
      vertex -16.4241 116.627 0.190302
      vertex -15.8221 116.357 0.0213881
      vertex -16.4525 116.357 0.190302
    endloop
  endfacet
  facet normal -0.241008 0.100071 -0.96535
    outer loop
      vertex -15.6603 117.186 0.0213881
      vertex -16.2692 117.349 0.190302
      vertex -16.1737 117.579 0.190302
    endloop
  endfacet
  facet normal -0.45159 0.217431 -0.865326
    outer loop
      vertex -16.5439 118.144 0.516617
      vertex -9.97718 130.484 0.190302
      vertex -16.0544 117.862 0.190302
    endloop
  endfacet
  facet normal -0.45158 0.217425 -0.865333
    outer loop
      vertex -9.97718 130.484 0.190302
      vertex -16.5439 118.144 0.516617
      vertex -10.4667 130.766 0.516617
    endloop
  endfacet
  facet normal -0.258668 0.0340023 -0.965368
    outer loop
      vertex -15.7937 116.627 0.0213881
      vertex -16.4241 116.627 0.190302
      vertex -16.3915 116.875 0.190302
    endloop
  endfacet
  facet normal -0.752035 0.429574 -0.49991
    outer loop
      vertex -10.6361 131.4 0.978097
      vertex -11.1489 131.16 1.54329
      vertex -10.9187 131.563 1.54329
    endloop
  endfacet
  facet normal -0.752035 0.429574 -0.49991
    outer loop
      vertex -11.1489 131.16 1.54329
      vertex -10.6361 131.4 0.978097
      vertex -10.8663 130.997 0.978097
    endloop
  endfacet
  facet normal -0.306447 0.39947 -0.86401
    outer loop
      vertex -9.11859 131.607 0.190302
      vertex -9.20304 132.248 0.516617
      vertex -8.92045 131.759 0.190302
    endloop
  endfacet
  facet normal -0.473995 0.524805 -0.707042
    outer loop
      vertex -9.69982 131.842 0.516617
      vertex -9.84456 132.333 0.978097
      vertex -9.51824 132.006 0.516617
    endloop
  endfacet
  facet normal -0.475997 0.523713 -0.706507
    outer loop
      vertex -9.84456 132.333 0.978097
      vertex -9.69982 131.842 0.516617
      vertex -10.0261 132.168 0.978097
    endloop
  endfacet
  facet normal -0.892867 0.369811 -0.25696
    outer loop
      vertex -17.5761 117.699 1.54329
      vertex -17.7393 117.743 2.17369
      vertex -17.3454 118.256 1.54329
    endloop
  endfacet
  facet normal -0.892796 0.370278 -0.256535
    outer loop
      vertex -17.3454 118.256 1.54329
      vertex -17.7393 117.743 2.17369
      vertex -17.4917 118.34 2.17369
    endloop
  endfacet
  facet normal -0.70522 0.0741787 -0.705098
    outer loop
      vertex -17.0177 116.357 0.516617
      vertex -17.4507 116.627 0.978097
      vertex -16.9893 116.627 0.516617
    endloop
  endfacet
  facet normal -0.70513 0.0744304 -0.705161
    outer loop
      vertex -17.4507 116.627 0.978097
      vertex -17.0177 116.357 0.516617
      vertex -17.4792 116.357 0.978097
    endloop
  endfacet
  facet normal -0.958183 0.126102 -0.256873
    outer loop
      vertex -17.777 116.627 1.54329
      vertex -17.946 116.627 2.17369
      vertex -17.6983 117.225 1.54329
    endloop
  endfacet
  facet normal -0.958184 0.126116 -0.25686
    outer loop
      vertex -17.6983 117.225 1.54329
      vertex -17.946 116.627 2.17369
      vertex -17.8615 117.269 2.17369
    endloop
  endfacet
  facet normal -0.801691 0.332047 -0.497028
    outer loop
      vertex -17.2609 117.614 0.978097
      vertex -17.5761 117.699 1.54329
      vertex -17.3454 118.256 1.54329
    endloop
  endfacet
  facet normal -0.87038 0.419068 -0.258498
    outer loop
      vertex -11.1489 131.16 1.54329
      vertex -17.3724 118.623 2.17369
      vertex -11.2952 131.245 2.17369
    endloop
  endfacet
  facet normal -0.87038 0.419068 -0.258498
    outer loop
      vertex -17.3724 118.623 2.17369
      vertex -11.1489 131.16 1.54329
      vertex -17.2261 118.538 1.54329
    endloop
  endfacet
  facet normal -0.688369 0.528662 -0.496653
    outer loop
      vertex -10.5059 131.576 0.978097
      vertex -10.7885 131.739 1.54329
      vertex -10.4214 132.217 1.54329
    endloop
  endfacet
  facet normal 0.156999 0.20804 -0.965438
    outer loop
      vertex 8.56231 131.247 0.0213881
      vertex 8.49473 131.298 0.0213881
      vertex 8.80993 131.844 0.190302
    endloop
  endfacet
  facet normal -0.693142 0.142672 -0.70654
    outer loop
      vertex -17.3831 117.141 0.978097
      vertex -16.888 117.261 0.516617
      vertex -16.9374 117.021 0.516617
    endloop
  endfacet
  facet normal -0.693159 0.143272 -0.706402
    outer loop
      vertex -16.888 117.261 0.516617
      vertex -17.3831 117.141 0.978097
      vertex -17.3337 117.38 0.978097
    endloop
  endfacet
  facet normal -0.499306 0.0525196 -0.864832
    outer loop
      vertex -16.4525 116.357 0.190302
      vertex -16.9893 116.627 0.516617
      vertex -16.4241 116.627 0.190302
    endloop
  endfacet
  facet normal -0.499306 0.0525196 -0.864832
    outer loop
      vertex -16.9893 116.627 0.516617
      vertex -16.4525 116.357 0.190302
      vertex -17.0177 116.357 0.516617
    endloop
  endfacet
  facet normal 0.266695 0.658359 -0.703874
    outer loop
      vertex 8.07676 132.827 0.516617
      vertex 8.42331 133.18 0.978097
      vertex 8.30387 132.735 0.516617
    endloop
  endfacet
  facet normal 0.268972 0.656842 -0.704424
    outer loop
      vertex 8.42331 133.18 0.978097
      vertex 8.07676 132.827 0.516617
      vertex 8.1962 133.273 0.978097
    endloop
  endfacet
  facet normal 0.588546 0.766783 -0.256236
    outer loop
      vertex 9.96478 132.649 1.54329
      vertex 9.57088 133.162 2.17369
      vertex 10.0842 132.768 2.17369
    endloop
  endfacet
  facet normal 0.0336965 0.258728 -0.965362
    outer loop
      vertex 7.31772 131.783 0.0213881
      vertex 7.23326 131.794 0.0213881
      vertex 7.48088 132.392 0.190302
    endloop
  endfacet
  facet normal -0.247422 0.0766483 -0.965871
    outer loop
      vertex -15.7331 116.951 0.0213881
      vertex -16.2692 117.349 0.190302
      vertex -15.6603 117.186 0.0213881
    endloop
  endfacet
  facet normal -0.247232 0.0769165 -0.965899
    outer loop
      vertex -16.2692 117.349 0.190302
      vertex -15.7331 116.951 0.0213881
      vertex -16.342 117.115 0.190302
    endloop
  endfacet
  facet normal 0.350734 0.356137 -0.866113
    outer loop
      vertex 9.37309 131.366 0.190302
      vertex 9.59809 131.938 0.516617
      vertex 9.77274 131.766 0.516617
    endloop
  endfacet
  facet normal 0.350734 0.356137 -0.866113
    outer loop
      vertex 9.59809 131.938 0.516617
      vertex 9.37309 131.366 0.190302
      vertex 9.19844 131.538 0.190302
    endloop
  endfacet
  facet normal 0.100827 0.240458 -0.965409
    outer loop
      vertex 8.07313 131.547 0.0213881
      vertex 7.99443 131.58 0.0213881
      vertex 8.38833 132.093 0.190302
    endloop
  endfacet
  facet normal 0.0932072 0.703632 -0.704425
    outer loop
      vertex 7.7466 133.383 0.978097
      vertex 7.23326 132.989 0.516617
      vertex 7.23326 133.451 0.978097
    endloop
  endfacet
  facet normal 0.0498844 0.254898 -0.96568
    outer loop
      vertex 7.53233 131.742 0.0213881
      vertex 7.48088 132.392 0.190302
      vertex 7.69549 132.35 0.190302
    endloop
  endfacet
  facet normal 0.0486825 0.254823 -0.965761
    outer loop
      vertex 7.48088 132.392 0.190302
      vertex 7.53233 131.742 0.0213881
      vertex 7.31772 131.783 0.0213881
    endloop
  endfacet
  facet normal -0.24024 0.101274 -0.965416
    outer loop
      vertex -16.1737 117.579 0.190302
      vertex -15.5084 117.547 0.0213881
      vertex -15.6277 117.264 0.0213881
    endloop
  endfacet
  facet normal -0.24024 0.101274 -0.965416
    outer loop
      vertex -15.5084 117.547 0.0213881
      vertex -16.1737 117.579 0.190302
      vertex -16.0544 117.862 0.190302
    endloop
  endfacet
  facet normal 0.140886 0.479809 -0.865987
    outer loop
      vertex 7.69549 132.35 0.190302
      vertex 8.07676 132.827 0.516617
      vertex 7.93048 132.281 0.190302
    endloop
  endfacet
  facet normal 0.140886 0.479809 -0.865987
    outer loop
      vertex 8.07676 132.827 0.516617
      vertex 7.69549 132.35 0.190302
      vertex 7.84177 132.896 0.516617
    endloop
  endfacet
  facet normal 0.370236 0.892815 -0.256528
    outer loop
      vertex 9.06482 133.265 1.54329
      vertex 8.50777 133.496 1.54329
      vertex 8.55149 133.659 2.17369
    endloop
  endfacet
  facet normal 0.275433 0.41774 -0.865812
    outer loop
      vertex 8.60518 131.979 0.190302
      vertex 9.09252 132.334 0.516617
      vertex 8.80993 131.844 0.190302
    endloop
  endfacet
  facet normal 0.275441 0.417731 -0.865813
    outer loop
      vertex 9.09252 132.334 0.516617
      vertex 8.60518 131.979 0.190302
      vertex 8.88778 132.469 0.516617
    endloop
  endfacet
  facet normal 0.232647 0.44256 -0.866035
    outer loop
      vertex 8.60518 131.979 0.190302
      vertex 8.67092 132.583 0.516617
      vertex 8.88778 132.469 0.516617
    endloop
  endfacet
  facet normal 0.232657 0.442558 -0.866033
    outer loop
      vertex 8.67092 132.583 0.516617
      vertex 8.60518 131.979 0.190302
      vertex 8.38833 132.093 0.190302
    endloop
  endfacet
  facet normal 0.129833 0.991536 -0
    outer loop
      vertex 7.87477 133.862 2.17369
      vertex 7.23326 133.946 7
      vertex 7.87477 133.862 7
    endloop
  endfacet
  facet normal 0.129833 0.991536 0
    outer loop
      vertex 7.23326 133.946 7
      vertex 7.87477 133.862 2.17369
      vertex 7.23326 133.946 2.17369
    endloop
  endfacet
  facet normal 0.12544 0.957988 -0.257922
    outer loop
      vertex 7.83105 133.698 1.54329
      vertex 7.23326 133.946 2.17369
      vertex 7.87477 133.862 2.17369
    endloop
  endfacet
  facet normal 0.192052 0.981385 -0
    outer loop
      vertex 8.08939 133.82 2.17369
      vertex 7.87477 133.862 7
      vertex 8.08939 133.82 7
    endloop
  endfacet
  facet normal 0.192052 0.981385 0
    outer loop
      vertex 7.87477 133.862 7
      vertex 8.08939 133.82 2.17369
      vertex 7.87477 133.862 2.17369
    endloop
  endfacet
  facet normal 0.332259 0.801234 -0.497622
    outer loop
      vertex 9.06482 133.265 1.54329
      vertex 8.42331 133.18 0.978097
      vertex 8.50777 133.496 1.54329
    endloop
  endfacet
  facet normal 0.37544 0.926847 -0
    outer loop
      vertex 8.55149 133.659 2.17369
      vertex 8.32437 133.751 7
      vertex 8.55149 133.659 7
    endloop
  endfacet
  facet normal 0.37544 0.926847 0
    outer loop
      vertex 8.32437 133.751 7
      vertex 8.55149 133.659 2.17369
      vertex 8.32437 133.751 2.17369
    endloop
  endfacet
  facet normal 0.113982 0.860465 -0.496596
    outer loop
      vertex 7.7466 133.383 0.978097
      vertex 7.23326 133.451 0.978097
      vertex 7.83105 133.698 1.54329
    endloop
  endfacet
  facet normal 0.113733 0.860613 -0.496397
    outer loop
      vertex 7.83105 133.698 1.54329
      vertex 7.23326 133.451 0.978097
      vertex 7.23326 133.777 1.54329
    endloop
  endfacet
  facet normal 0.199194 0.678387 -0.707186
    outer loop
      vertex 7.84177 132.896 0.516617
      vertex 8.1962 133.273 0.978097
      vertex 8.07676 132.827 0.516617
    endloop
  endfacet
  facet normal 0.199194 0.678387 -0.707186
    outer loop
      vertex 8.1962 133.273 0.978097
      vertex 7.84177 132.896 0.516617
      vertex 7.96121 133.342 0.978097
    endloop
  endfacet
  facet normal 0.793158 0.609016 0
    outer loop
      vertex 10.9997 131.741 7
      vertex 10.6058 132.254 2.17369
      vertex 10.6058 132.254 7
    endloop
  endfacet
  facet normal 0.793158 0.609016 0
    outer loop
      vertex 10.6058 132.254 2.17369
      vertex 10.9997 131.741 7
      vertex 10.9997 131.741 2.17369
    endloop
  endfacet
  facet normal 0.768355 0.640024 0
    outer loop
      vertex 10.6058 132.254 7
      vertex 10.4492 132.442 2.17369
      vertex 10.4492 132.442 7
    endloop
  endfacet
  facet normal 0.768355 0.640024 0
    outer loop
      vertex 10.4492 132.442 2.17369
      vertex 10.6058 132.254 7
      vertex 10.6058 132.254 2.17369
    endloop
  endfacet
  facet normal 0.563609 0.432238 -0.703929
    outer loop
      vertex 10.5709 131.493 0.978097
      vertex 9.92934 131.578 0.516617
      vertex 10.2557 131.904 0.978097
    endloop
  endfacet
  facet normal 0.563756 0.431488 -0.704271
    outer loop
      vertex 10.1712 131.262 0.516617
      vertex 9.92934 131.578 0.516617
      vertex 10.5709 131.493 0.978097
    endloop
  endfacet
  facet normal 0.306334 0.398994 -0.86427
    outer loop
      vertex 9.40772 132.092 0.516617
      vertex 9.00807 131.692 0.190302
      vertex 9.09252 132.334 0.516617
    endloop
  endfacet
  facet normal -0.0658531 0.498837 -0.86419
    outer loop
      vertex -7.35046 132.409 0.190302
      vertex -7.49674 132.955 0.516617
      vertex -7.10284 133.007 0.516617
    endloop
  endfacet
  facet normal -0.0346254 0.70705 -0.706315
    outer loop
      vertex -7.10284 133.468 0.978097
      vertex -6.79654 133.022 0.516617
      vertex -7.10284 133.007 0.516617
    endloop
  endfacet
  facet normal -0.0346254 0.70705 -0.706315
    outer loop
      vertex -6.79654 133.022 0.516617
      vertex -7.10284 133.468 0.978097
      vertex -6.79654 133.483 0.978097
    endloop
  endfacet
  facet normal -0.19315 0.464244 -0.86439
    outer loop
      vertex -8.292 132.135 0.190302
      vertex -8.5746 132.625 0.516617
      vertex -8.06126 132.231 0.190302
    endloop
  endfacet
  facet normal -0.212979 0.453502 -0.865434
    outer loop
      vertex -8.51345 132.031 0.190302
      vertex -8.5746 132.625 0.516617
      vertex -8.292 132.135 0.190302
    endloop
  endfacet
  facet normal -0.214862 0.453153 -0.865151
    outer loop
      vertex -8.5746 132.625 0.516617
      vertex -8.51345 132.031 0.190302
      vertex -8.79605 132.52 0.516617
    endloop
  endfacet
  facet normal -0.271501 0.655935 -0.704299
    outer loop
      vertex -8.5746 132.625 0.516617
      vertex -8.80534 133.025 0.978097
      vertex -8.32698 133.223 0.978097
    endloop
  endfacet
  facet normal -0.192515 0.464898 -0.864181
    outer loop
      vertex -8.06126 132.231 0.190302
      vertex -8.5746 132.625 0.516617
      vertex -8.20754 132.777 0.516617
    endloop
  endfacet
  facet normal -0.100228 0.240902 -0.96536
    outer loop
      vertex -7.8981 131.622 0.0213881
      vertex -8.292 132.135 0.190302
      vertex -8.06126 132.231 0.190302
    endloop
  endfacet
  facet normal -0.066504 0.499022 -0.864034
    outer loop
      vertex -7.10284 132.442 0.190302
      vertex -7.35046 132.409 0.190302
      vertex -7.10284 133.007 0.516617
    endloop
  endfacet
  facet normal -0.126954 0.958157 -0.256551
    outer loop
      vertex -7.70064 133.716 1.54329
      vertex -7.74436 133.879 2.17369
      vertex -7.10284 133.964 2.17369
    endloop
  endfacet
  facet normal -0.0472485 0.964815 -0.258651
    outer loop
      vertex -6.79654 133.81 1.54329
      vertex -7.10284 133.964 2.17369
      vertex -6.79654 133.979 2.17369
    endloop
  endfacet
  facet normal -0.0472485 0.964815 -0.258651
    outer loop
      vertex -7.10284 133.964 2.17369
      vertex -6.79654 133.81 1.54329
      vertex -7.10284 133.795 1.54329
    endloop
  endfacet
  facet normal -0.413962 0.873066 -0.257663
    outer loop
      vertex -9.18994 133.202 1.54329
      vertex -9.05295 133.453 2.17369
      vertex -8.96849 133.307 1.54329
    endloop
  endfacet
  facet normal -0.410596 0.874294 -0.258884
    outer loop
      vertex -9.05295 133.453 2.17369
      vertex -9.18994 133.202 1.54329
      vertex -9.2744 133.349 2.17369
    endloop
  endfacet
  facet normal -0.323281 0.910116 -0.259189
    outer loop
      vertex -8.41144 133.538 1.54329
      vertex -8.22431 133.784 2.17369
      vertex -8.18059 133.62 1.54329
    endloop
  endfacet
  facet normal -0.326904 0.909225 -0.257766
    outer loop
      vertex -8.22431 133.784 2.17369
      vertex -8.41144 133.538 1.54329
      vertex -8.45516 133.701 2.17369
    endloop
  endfacet
  facet normal 0.780876 0.375976 -0.498873
    outer loop
      vertex 31.4033 89.0934 1.54329
      vertex 10.8549 131.021 0.978097
      vertex 11.1375 131.184 1.54329
    endloop
  endfacet
  facet normal 0.78085 0.375963 -0.498923
    outer loop
      vertex 10.8549 131.021 0.978097
      vertex 31.4033 89.0934 1.54329
      vertex 31.1207 88.9303 0.978097
    endloop
  endfacet
  facet normal -0.946165 0.194752 -0.258539
    outer loop
      vertex -17.6489 117.465 1.54329
      vertex -17.8615 117.269 2.17369
      vertex -17.8121 117.509 2.17369
    endloop
  endfacet
  facet normal -0.946165 0.194752 -0.258539
    outer loop
      vertex -17.8615 117.269 2.17369
      vertex -17.6489 117.465 1.54329
      vertex -17.6983 117.225 1.54329
    endloop
  endfacet
  facet normal -0.922325 0.286946 -0.258802
    outer loop
      vertex -17.5761 117.699 1.54329
      vertex -17.8121 117.509 2.17369
      vertex -17.7393 117.743 2.17369
    endloop
  endfacet
  facet normal -0.922325 0.286946 -0.258802
    outer loop
      vertex -17.8121 117.509 2.17369
      vertex -17.5761 117.699 1.54329
      vertex -17.6489 117.465 1.54329
    endloop
  endfacet
  facet normal 0.188783 0.466026 -0.864396
    outer loop
      vertex 7.93048 132.281 0.190302
      vertex 8.30387 132.735 0.516617
      vertex 8.15759 132.189 0.190302
    endloop
  endfacet
  facet normal 0.188783 0.466026 -0.864396
    outer loop
      vertex 8.30387 132.735 0.516617
      vertex 7.93048 132.281 0.190302
      vertex 8.07676 132.827 0.516617
    endloop
  endfacet
  facet normal -0.158758 0.206949 -0.965385
    outer loop
      vertex -8.67283 131.161 0.0213881
      vertex -9.11859 131.607 0.190302
      vertex -8.92045 131.759 0.190302
    endloop
  endfacet
  facet normal -0.258817 0 -0.965926
    outer loop
      vertex -16.4567 87.9386 0.190302
      vertex -15.8263 116.208 0.0213881
      vertex -15.8263 87.9386 0.0213881
    endloop
  endfacet
  facet normal -0.258817 0 -0.965926
    outer loop
      vertex -15.8263 116.208 0.0213881
      vertex -16.4567 87.9386 0.190302
      vertex -16.4567 116.208 0.190302
    endloop
  endfacet
  facet normal -0.862439 0.0910352 -0.497907
    outer loop
      vertex -17.4792 116.357 0.978097
      vertex -17.777 116.627 1.54329
      vertex -17.4507 116.627 0.978097
    endloop
  endfacet
  facet normal -0.862439 0.0910352 -0.497907
    outer loop
      vertex -17.777 116.627 1.54329
      vertex -17.4792 116.357 0.978097
      vertex -17.8055 116.357 1.54329
    endloop
  endfacet
  facet normal -0.865777 0.0244045 -0.499835
    outer loop
      vertex -17.4834 116.208 0.978097
      vertex -17.8055 116.357 1.54329
      vertex -17.4792 116.357 0.978097
    endloop
  endfacet
  facet normal -0.865777 0.0244045 -0.499835
    outer loop
      vertex -17.8055 116.357 1.54329
      vertex -17.4834 116.208 0.978097
      vertex -17.8097 116.208 1.54329
    endloop
  endfacet
  facet normal -0.954857 0.297067 0
    outer loop
      vertex -17.8121 117.509 2.17369
      vertex -17.7393 117.743 7
      vertex -17.7393 117.743 2.17369
    endloop
  endfacet
  facet normal -0.954857 0.297067 0
    outer loop
      vertex -17.7393 117.743 7
      vertex -17.8121 117.509 2.17369
      vertex -17.8121 117.509 7
    endloop
  endfacet
  facet normal -0.306658 0.399416 -0.86396
    outer loop
      vertex -9.11859 131.607 0.190302
      vertex -9.51824 132.006 0.516617
      vertex -9.20304 132.248 0.516617
    endloop
  endfacet
  facet normal -0.656153 0.271365 -0.704147
    outer loop
      vertex -16.6631 117.862 0.516617
      vertex -17.2609 117.614 0.978097
      vertex -17.0628 118.093 0.978097
    endloop
  endfacet
  facet normal -0.653702 0.276316 -0.704502
    outer loop
      vertex -17.0628 118.093 0.978097
      vertex -16.5439 118.144 0.516617
      vertex -16.6631 117.862 0.516617
    endloop
  endfacet
  facet normal -0.653672 0.276536 -0.704444
    outer loop
      vertex -16.5439 118.144 0.516617
      vertex -17.0628 118.093 0.978097
      vertex -16.9435 118.375 0.978097
    endloop
  endfacet
  facet normal -0.191663 0.174244 -0.96587
    outer loop
      vertex -9.46472 131.261 0.190302
      vertex -8.85441 130.996 0.0213881
      vertex -9.01896 130.815 0.0213881
    endloop
  endfacet
  facet normal -0.191663 0.174244 -0.96587
    outer loop
      vertex -8.85441 130.996 0.0213881
      vertex -9.46472 131.261 0.190302
      vertex -9.30017 131.442 0.190302
    endloop
  endfacet
  facet normal -0.432339 0.563113 -0.704263
    outer loop
      vertex -9.20304 132.248 0.516617
      vertex -9.51824 132.006 0.516617
      vertex -9.43378 132.648 0.978097
    endloop
  endfacet
  facet normal -0.174197 0.191701 -0.965871
    outer loop
      vertex -8.85441 130.996 0.0213881
      vertex -9.11859 131.607 0.190302
      vertex -8.67283 131.161 0.0213881
    endloop
  endfacet
  facet normal -0.174197 0.191701 -0.965871
    outer loop
      vertex -9.11859 131.607 0.190302
      vertex -8.85441 130.996 0.0213881
      vertex -9.30017 131.442 0.190302
    endloop
  endfacet
  facet normal -0.299491 0.40378 -0.864446
    outer loop
      vertex -9.20304 132.248 0.516617
      vertex -8.72361 131.905 0.190302
      vertex -8.92045 131.759 0.190302
    endloop
  endfacet
  facet normal -0.299499 0.40377 -0.864448
    outer loop
      vertex -8.72361 131.905 0.190302
      vertex -9.20304 132.248 0.516617
      vertex -9.00621 132.394 0.516617
    endloop
  endfacet
  facet normal -0.802305 0.596915 0
    outer loop
      vertex -11.065 131.648 2.17369
      vertex -10.9348 131.823 7
      vertex -10.9348 131.823 2.17369
    endloop
  endfacet
  facet normal -0.802305 0.596915 0
    outer loop
      vertex -10.9348 131.823 7
      vertex -11.065 131.648 2.17369
      vertex -11.065 131.648 7
    endloop
  endfacet
  facet normal -0.383194 0.923668 0
    outer loop
      vertex -8.45516 133.701 2.17369
      vertex -9.05295 133.453 7
      vertex -8.45516 133.701 7
    endloop
  endfacet
  facet normal -0.383194 0.923668 0
    outer loop
      vertex -9.05295 133.453 7
      vertex -8.45516 133.701 2.17369
      vertex -9.05295 133.453 2.17369
    endloop
  endfacet
  facet normal -0.608889 0.793256 0
    outer loop
      vertex -9.6814 133.077 2.17369
      vertex -10.1947 132.683 7
      vertex -9.6814 133.077 7
    endloop
  endfacet
  facet normal -0.608889 0.793256 0
    outer loop
      vertex -10.1947 132.683 7
      vertex -9.6814 133.077 2.17369
      vertex -10.1947 132.683 2.17369
    endloop
  endfacet
  facet normal -0.704129 0.0926053 -0.704007
    outer loop
      vertex -16.9893 116.627 0.516617
      vertex -17.4507 116.627 0.978097
      vertex -17.3831 117.141 0.978097
    endloop
  endfacet
  facet normal -0.802044 0.331701 -0.496689
    outer loop
      vertex -17.2609 117.614 0.978097
      vertex -17.3454 118.256 1.54329
      vertex -17.0628 118.093 0.978097
    endloop
  endfacet
  facet normal -0.697387 0.515908 -0.497484
    outer loop
      vertex -10.5059 131.576 0.978097
      vertex -10.9187 131.563 1.54329
      vertex -10.7885 131.739 1.54329
    endloop
  endfacet
  facet normal -0.697387 0.515908 -0.497484
    outer loop
      vertex -10.9187 131.563 1.54329
      vertex -10.5059 131.576 0.978097
      vertex -10.6361 131.4 0.978097
    endloop
  endfacet
  facet normal -0.838642 0.479046 -0.25922
    outer loop
      vertex -10.9187 131.563 1.54329
      vertex -11.2952 131.245 2.17369
      vertex -11.065 131.648 2.17369
    endloop
  endfacet
  facet normal -0.838642 0.479046 -0.25922
    outer loop
      vertex -11.2952 131.245 2.17369
      vertex -10.9187 131.563 1.54329
      vertex -11.1489 131.16 1.54329
    endloop
  endfacet
  facet normal -0.642578 0.580791 -0.499776
    outer loop
      vertex -10.0261 132.168 0.978097
      vertex -10.4214 132.217 1.54329
      vertex -10.2569 132.399 1.54329
    endloop
  endfacet
  facet normal -0.641149 0.583056 -0.498973
    outer loop
      vertex -10.4214 132.217 1.54329
      vertex -10.0261 132.168 0.978097
      vertex -10.1907 131.987 0.978097
    endloop
  endfacet
  facet normal -0.399676 0.30536 -0.8643
    outer loop
      vertex -9.61676 131.062 0.190302
      vertex -10.1062 131.345 0.516617
      vertex -9.46472 131.261 0.190302
    endloop
  endfacet
  facet normal 0.0334481 0.258826 -0.965345
    outer loop
      vertex 7.48088 132.392 0.190302
      vertex 7.23326 131.794 0.0213881
      vertex 7.23326 132.424 0.190302
    endloop
  endfacet
  facet normal 0.163766 0.202442 -0.965504
    outer loop
      vertex 8.75268 131.093 0.0213881
      vertex 9.00807 131.692 0.190302
      vertex 9.19844 131.538 0.190302
    endloop
  endfacet
  facet normal 0.163766 0.202442 -0.965504
    outer loop
      vertex 9.00807 131.692 0.190302
      vertex 8.75268 131.093 0.0213881
      vertex 8.56231 131.247 0.0213881
    endloop
  endfacet
  facet normal -0.49896 0.065726 -0.864129
    outer loop
      vertex -16.3915 116.875 0.190302
      vertex -16.9893 116.627 0.516617
      vertex -16.9374 117.021 0.516617
    endloop
  endfacet
  facet normal -0.704039 0.0927401 -0.70408
    outer loop
      vertex -16.9893 116.627 0.516617
      vertex -17.3831 117.141 0.978097
      vertex -16.9374 117.021 0.516617
    endloop
  endfacet
  facet normal 0.132831 0.695291 -0.706347
    outer loop
      vertex 7.84177 132.896 0.516617
      vertex 7.7466 133.383 0.978097
      vertex 7.96121 133.342 0.978097
    endloop
  endfacet
  facet normal 0.136076 0.695316 -0.705705
    outer loop
      vertex 7.7466 133.383 0.978097
      vertex 7.84177 132.896 0.516617
      vertex 7.62716 132.938 0.516617
    endloop
  endfacet
  facet normal 0.192519 0.464896 -0.86418
    outer loop
      vertex 8.67092 132.583 0.516617
      vertex 8.15759 132.189 0.190302
      vertex 8.30387 132.735 0.516617
    endloop
  endfacet
  facet normal 0.193151 0.464246 -0.864389
    outer loop
      vertex 8.38833 132.093 0.190302
      vertex 8.15759 132.189 0.190302
      vertex 8.67092 132.583 0.516617
    endloop
  endfacet
  facet normal 0.329359 0.626532 -0.706385
    outer loop
      vertex 8.88778 132.469 0.516617
      vertex 8.90166 132.982 0.978097
      vertex 9.11852 132.868 0.978097
    endloop
  endfacet
  facet normal 0.329359 0.626532 -0.706385
    outer loop
      vertex 8.90166 132.982 0.978097
      vertex 8.88778 132.469 0.516617
      vertex 8.67092 132.583 0.516617
    endloop
  endfacet
  facet normal 0.120514 0.229241 -0.96588
    outer loop
      vertex 8.28999 131.433 0.0213881
      vertex 8.38833 132.093 0.190302
      vertex 8.60518 131.979 0.190302
    endloop
  endfacet
  facet normal 0.120509 0.229242 -0.965881
    outer loop
      vertex 8.38833 132.093 0.190302
      vertex 8.28999 131.433 0.0213881
      vertex 8.07313 131.547 0.0213881
    endloop
  endfacet
  facet normal 0.531833 0.806574 -0.258056
    outer loop
      vertex 9.48642 133.016 1.54329
      vertex 9.36614 133.297 2.17369
      vertex 9.57088 133.162 2.17369
    endloop
  endfacet
  facet normal 0.531833 0.806574 -0.258056
    outer loop
      vertex 9.36614 133.297 2.17369
      vertex 9.48642 133.016 1.54329
      vertex 9.28168 133.151 1.54329
    endloop
  endfacet
  facet normal 0.550477 0.83485 -0
    outer loop
      vertex 9.57088 133.162 2.17369
      vertex 9.36614 133.297 7
      vertex 9.57088 133.162 7
    endloop
  endfacet
  facet normal 0.550477 0.83485 0
    outer loop
      vertex 9.36614 133.297 7
      vertex 9.57088 133.162 2.17369
      vertex 9.36614 133.297 2.17369
    endloop
  endfacet
  facet normal 0.449522 0.855118 -0.258271
    outer loop
      vertex 9.28168 133.151 1.54329
      vertex 9.14928 133.411 2.17369
      vertex 9.36614 133.297 2.17369
    endloop
  endfacet
  facet normal 0.449522 0.855118 -0.258271
    outer loop
      vertex 9.14928 133.411 2.17369
      vertex 9.28168 133.151 1.54329
      vertex 9.06482 133.265 1.54329
    endloop
  endfacet
  facet normal 0.272168 0.926869 -0.258532
    outer loop
      vertex 8.28065 133.588 1.54329
      vertex 8.08939 133.82 2.17369
      vertex 8.32437 133.751 2.17369
    endloop
  endfacet
  facet normal 0.272168 0.926869 -0.258532
    outer loop
      vertex 8.08939 133.82 2.17369
      vertex 8.28065 133.588 1.54329
      vertex 8.04567 133.657 1.54329
    endloop
  endfacet
  facet normal 0.331831 0.801673 -0.497202
    outer loop
      vertex 8.90166 132.982 0.978097
      vertex 8.42331 133.18 0.978097
      vertex 9.06482 133.265 1.54329
    endloop
  endfacet
  facet normal 0.43308 0.562963 -0.703928
    outer loop
      vertex 9.40772 132.092 0.516617
      vertex 9.32327 132.734 0.978097
      vertex 9.73404 132.418 0.978097
    endloop
  endfacet
  facet normal -0.0244848 0.499979 -0.865691
    outer loop
      vertex -7.10284 133.007 0.516617
      vertex -6.79654 132.457 0.190302
      vertex -7.10284 132.442 0.190302
    endloop
  endfacet
  facet normal -0.0244848 0.499979 -0.865691
    outer loop
      vertex -6.79654 132.457 0.190302
      vertex -7.10284 133.007 0.516617
      vertex -6.79654 133.022 0.516617
    endloop
  endfacet
  facet normal -0.0623745 0.2512 -0.965923
    outer loop
      vertex -7.66725 131.705 0.0213881
      vertex -7.5928 132.373 0.190302
      vertex -7.42964 131.764 0.0213881
    endloop
  endfacet
  facet normal -0.0623745 0.2512 -0.965923
    outer loop
      vertex -7.5928 132.373 0.190302
      vertex -7.66725 131.705 0.0213881
      vertex -7.83041 132.314 0.190302
    endloop
  endfacet
  facet normal -0.133093 0.221991 -0.965923
    outer loop
      vertex -8.72361 131.905 0.190302
      vertex -8.19825 131.485 0.0213881
      vertex -8.40841 131.359 0.0213881
    endloop
  endfacet
  facet normal -0.133093 0.221991 -0.965923
    outer loop
      vertex -8.19825 131.485 0.0213881
      vertex -8.72361 131.905 0.190302
      vertex -8.51345 132.031 0.190302
    endloop
  endfacet
  facet normal -0.155125 0.209142 -0.965503
    outer loop
      vertex -8.92045 131.759 0.190302
      vertex -8.40841 131.359 0.0213881
      vertex -8.60525 131.213 0.0213881
    endloop
  endfacet
  facet normal -0.155125 0.209142 -0.965503
    outer loop
      vertex -8.40841 131.359 0.0213881
      vertex -8.92045 131.759 0.190302
      vertex -8.72361 131.905 0.190302
    endloop
  endfacet
  facet normal -0.169596 0.471703 -0.865294
    outer loop
      vertex -8.20754 132.777 0.516617
      vertex -7.83041 132.314 0.190302
      vertex -8.06126 132.231 0.190302
    endloop
  endfacet
  facet normal -0.169596 0.471703 -0.865294
    outer loop
      vertex -7.83041 132.314 0.190302
      vertex -8.20754 132.777 0.516617
      vertex -7.97669 132.86 0.516617
    endloop
  endfacet
  facet normal -0.0919469 0.704478 -0.703745
    outer loop
      vertex -7.10284 133.007 0.516617
      vertex -7.61618 133.401 0.978097
      vertex -7.10284 133.468 0.978097
    endloop
  endfacet
  facet normal -0.0929147 0.703828 -0.704267
    outer loop
      vertex -7.49674 132.955 0.516617
      vertex -7.61618 133.401 0.978097
      vertex -7.10284 133.007 0.516617
    endloop
  endfacet
  facet normal -0.146939 0.989146 0
    outer loop
      vertex -7.74436 133.879 2.17369
      vertex -7.9867 133.843 7
      vertex -7.74436 133.879 7
    endloop
  endfacet
  facet normal -0.146939 0.989146 0
    outer loop
      vertex -7.9867 133.843 7
      vertex -7.74436 133.879 2.17369
      vertex -7.9867 133.843 2.17369
    endloop
  endfacet
  facet normal -0.49657 0.828247 -0.259665
    outer loop
      vertex -9.4001 133.076 1.54329
      vertex -9.2744 133.349 2.17369
      vertex -9.18994 133.202 1.54329
    endloop
  endfacet
  facet normal -0.49657 0.828247 -0.259665
    outer loop
      vertex -9.2744 133.349 2.17369
      vertex -9.4001 133.076 1.54329
      vertex -9.48456 133.223 2.17369
    endloop
  endfacet
  facet normal -0.923707 0.383099 0
    outer loop
      vertex -17.7393 117.743 2.17369
      vertex -17.4917 118.34 7
      vertex -17.4917 118.34 2.17369
    endloop
  endfacet
  facet normal -0.923707 0.383099 0
    outer loop
      vertex -17.4917 118.34 7
      vertex -17.7393 117.743 2.17369
      vertex -17.7393 117.743 7
    endloop
  endfacet
  facet normal -0.999603 0.0281767 0
    outer loop
      vertex -17.9786 116.208 2.17369
      vertex -17.9744 116.357 7
      vertex -17.9744 116.357 2.17369
    endloop
  endfacet
  facet normal -0.999603 0.0281767 0
    outer loop
      vertex -17.9744 116.357 7
      vertex -17.9786 116.208 2.17369
      vertex -17.9786 116.208 7
    endloop
  endfacet
  facet normal -0.848535 0.174657 -0.499483
    outer loop
      vertex -17.3337 117.38 0.978097
      vertex -17.6983 117.225 1.54329
      vertex -17.6489 117.465 1.54329
    endloop
  endfacet
  facet normal -0.848512 0.175383 -0.499268
    outer loop
      vertex -17.6983 117.225 1.54329
      vertex -17.3337 117.38 0.978097
      vertex -17.3831 117.141 0.978097
    endloop
  endfacet
  facet normal -0.706951 0.0199275 -0.706982
    outer loop
      vertex -17.0219 116.208 0.516617
      vertex -17.4792 116.357 0.978097
      vertex -17.0177 116.357 0.516617
    endloop
  endfacet
  facet normal -0.706951 0.0199275 -0.706982
    outer loop
      vertex -17.4792 116.357 0.978097
      vertex -17.0219 116.208 0.516617
      vertex -17.4834 116.208 0.978097
    endloop
  endfacet
  facet normal -0.159118 0.206792 -0.965359
    outer loop
      vertex -8.67283 131.161 0.0213881
      vertex -8.92045 131.759 0.190302
      vertex -8.60525 131.213 0.0213881
    endloop
  endfacet
  facet normal -0.33676 0.3706 -0.865591
    outer loop
      vertex -9.30017 131.442 0.190302
      vertex -9.51824 132.006 0.516617
      vertex -9.11859 131.607 0.190302
    endloop
  endfacet
  facet normal -0.335345 0.371293 -0.865844
    outer loop
      vertex -9.51824 132.006 0.516617
      vertex -9.30017 131.442 0.190302
      vertex -9.69982 131.842 0.516617
    endloop
  endfacet
  facet normal -0.257268 0.429106 -0.865841
    outer loop
      vertex -9.00621 132.394 0.516617
      vertex -8.51345 132.031 0.190302
      vertex -8.72361 131.905 0.190302
    endloop
  endfacet
  facet normal -0.257268 0.429106 -0.865841
    outer loop
      vertex -8.51345 132.031 0.190302
      vertex -9.00621 132.394 0.516617
      vertex -8.79605 132.52 0.516617
    endloop
  endfacet
  facet normal -0.868323 0.496 0
    outer loop
      vertex -11.2952 131.245 2.17369
      vertex -11.065 131.648 7
      vertex -11.065 131.648 2.17369
    endloop
  endfacet
  facet normal -0.868323 0.496 0
    outer loop
      vertex -11.065 131.648 7
      vertex -11.2952 131.245 2.17369
      vertex -11.2952 131.245 7
    endloop
  endfacet
  facet normal -0.67247 0.740124 0
    outer loop
      vertex -10.1947 132.683 2.17369
      vertex -10.3763 132.518 7
      vertex -10.1947 132.683 7
    endloop
  endfacet
  facet normal -0.67247 0.740124 0
    outer loop
      vertex -10.3763 132.518 7
      vertex -10.1947 132.683 2.17369
      vertex -10.3763 132.518 2.17369
    endloop
  endfacet
  facet normal -0.463374 0.195337 -0.864366
    outer loop
      vertex -16.6631 117.862 0.516617
      vertex -16.0544 117.862 0.190302
      vertex -16.1737 117.579 0.190302
    endloop
  endfacet
  facet normal -0.463326 0.195845 -0.864276
    outer loop
      vertex -16.0544 117.862 0.190302
      vertex -16.6631 117.862 0.516617
      vertex -16.5439 118.144 0.516617
    endloop
  endfacet
  facet normal -0.563252 0.431964 -0.704382
    outer loop
      vertex -9.86437 131.66 0.516617
      vertex -10.5059 131.576 0.978097
      vertex -10.1907 131.987 0.978097
    endloop
  endfacet
  facet normal -0.524577 0.474281 -0.707019
    outer loop
      vertex -10.1907 131.987 0.978097
      vertex -9.69982 131.842 0.516617
      vertex -9.86437 131.66 0.516617
    endloop
  endfacet
  facet normal -0.523568 0.476128 -0.706526
    outer loop
      vertex -9.69982 131.842 0.516617
      vertex -10.1907 131.987 0.978097
      vertex -10.0261 132.168 0.978097
    endloop
  endfacet
  facet normal -0.49038 0.101141 -0.86562
    outer loop
      vertex -16.9374 117.021 0.516617
      vertex -16.342 117.115 0.190302
      vertex -16.3915 116.875 0.190302
    endloop
  endfacet
  facet normal -0.490365 0.100933 -0.865653
    outer loop
      vertex -16.342 117.115 0.190302
      vertex -16.9374 117.021 0.516617
      vertex -16.888 117.261 0.516617
    endloop
  endfacet
  facet normal 0.879087 0.476661 0
    outer loop
      vertex 11.2838 131.268 7
      vertex 11.1374 131.538 2.17369
      vertex 11.1374 131.538 7
    endloop
  endfacet
  facet normal 0.879087 0.476661 0
    outer loop
      vertex 11.1374 131.538 2.17369
      vertex 11.2838 131.268 7
      vertex 11.2838 131.268 2.17369
    endloop
  endfacet
  facet normal 0.0646238 0.499123 -0.864118
    outer loop
      vertex 7.48088 132.392 0.190302
      vertex 7.23326 132.989 0.516617
      vertex 7.62716 132.938 0.516617
    endloop
  endfacet
  facet normal 0.0961916 0.491516 -0.86554
    outer loop
      vertex 7.69549 132.35 0.190302
      vertex 7.62716 132.938 0.516617
      vertex 7.84177 132.896 0.516617
    endloop
  endfacet
  facet normal 0.0961916 0.491516 -0.86554
    outer loop
      vertex 7.62716 132.938 0.516617
      vertex 7.69549 132.35 0.190302
      vertex 7.48088 132.392 0.190302
    endloop
  endfacet
  facet normal 0.628869 0.777511 -0
    outer loop
      vertex 10.2746 132.614 2.17369
      vertex 10.0842 132.768 7
      vertex 10.2746 132.614 7
    endloop
  endfacet
  facet normal 0.628869 0.777511 0
    outer loop
      vertex 10.0842 132.768 7
      vertex 10.2746 132.614 2.17369
      vertex 10.0842 132.768 2.17369
    endloop
  endfacet
  facet normal 0.607739 0.751387 -0.257043
    outer loop
      vertex 10.1551 132.495 1.54329
      vertex 10.0842 132.768 2.17369
      vertex 10.2746 132.614 2.17369
    endloop
  endfacet
  facet normal 0.607905 0.751276 -0.256976
    outer loop
      vertex 10.0842 132.768 2.17369
      vertex 10.1551 132.495 1.54329
      vertex 9.96478 132.649 1.54329
    endloop
  endfacet
  facet normal 0.465309 0.885148 -0
    outer loop
      vertex 9.36614 133.297 2.17369
      vertex 9.14928 133.411 7
      vertex 9.36614 133.297 7
    endloop
  endfacet
  facet normal 0.465309 0.885148 0
    outer loop
      vertex 9.14928 133.411 7
      vertex 9.36614 133.297 2.17369
      vertex 9.14928 133.411 2.17369
    endloop
  endfacet
  facet normal 0.47712 0.723597 -0.498762
    outer loop
      vertex 9.32327 132.734 0.978097
      vertex 9.28168 133.151 1.54329
      vertex 9.48642 133.016 1.54329
    endloop
  endfacet
  facet normal 0.474304 0.724729 -0.499804
    outer loop
      vertex 9.28168 133.151 1.54329
      vertex 9.32327 132.734 0.978097
      vertex 9.11852 132.868 0.978097
    endloop
  endfacet
  facet normal 0.325569 0.803731 -0.498018
    outer loop
      vertex 8.42331 133.18 0.978097
      vertex 8.28065 133.588 1.54329
      vertex 8.50777 133.496 1.54329
    endloop
  endfacet
  facet normal 0.328886 0.803155 -0.496765
    outer loop
      vertex 8.28065 133.588 1.54329
      vertex 8.42331 133.18 0.978097
      vertex 8.1962 133.273 0.978097
    endloop
  endfacet
  facet normal 0.362851 0.895769 -0.25678
    outer loop
      vertex 8.50777 133.496 1.54329
      vertex 8.32437 133.751 2.17369
      vertex 8.55149 133.659 2.17369
    endloop
  endfacet
  facet normal 0.362851 0.895769 -0.25678
    outer loop
      vertex 8.32437 133.751 2.17369
      vertex 8.50777 133.496 1.54329
      vertex 8.28065 133.588 1.54329
    endloop
  endfacet
  facet normal -0.0738246 0.496962 -0.864626
    outer loop
      vertex -7.5928 132.373 0.190302
      vertex -7.49674 132.955 0.516617
      vertex -7.35046 132.409 0.190302
    endloop
  endfacet
  facet normal -0.0738246 0.496962 -0.864626
    outer loop
      vertex -7.49674 132.955 0.516617
      vertex -7.5928 132.373 0.190302
      vertex -7.73908 132.919 0.516617
    endloop
  endfacet
  facet normal -0.110379 0.235034 -0.965699
    outer loop
      vertex -8.19825 131.485 0.0213881
      vertex -8.292 132.135 0.190302
      vertex -7.9768 131.589 0.0213881
    endloop
  endfacet
  facet normal -0.110379 0.235034 -0.965699
    outer loop
      vertex -8.292 132.135 0.190302
      vertex -8.19825 131.485 0.0213881
      vertex -8.51345 132.031 0.190302
    endloop
  endfacet
  facet normal -0.675588 0.210183 -0.706685
    outer loop
      vertex -16.888 117.261 0.516617
      vertex -17.2609 117.614 0.978097
      vertex -16.8152 117.495 0.516617
    endloop
  endfacet
  facet normal -0.675588 0.210183 -0.706685
    outer loop
      vertex -17.2609 117.614 0.978097
      vertex -16.888 117.261 0.516617
      vertex -17.3337 117.38 0.978097
    endloop
  endfacet
  facet normal -0.40304 0.299931 -0.864639
    outer loop
      vertex -9.74699 130.887 0.190302
      vertex -10.1062 131.345 0.516617
      vertex -9.61676 131.062 0.190302
    endloop
  endfacet
  facet normal -0.403984 0.299086 -0.864491
    outer loop
      vertex -10.1062 131.345 0.516617
      vertex -9.74699 130.887 0.190302
      vertex -10.2365 131.169 0.516617
    endloop
  endfacet
  facet normal 0.701783 0.712391 -0
    outer loop
      vertex 10.4492 132.442 2.17369
      vertex 10.2746 132.614 7
      vertex 10.4492 132.442 7
    endloop
  endfacet
  facet normal 0.701783 0.712391 0
    outer loop
      vertex 10.2746 132.614 7
      vertex 10.4492 132.442 2.17369
      vertex 10.2746 132.614 2.17369
    endloop
  endfacet
  facet normal -0.92147 0.38845 0
    outer loop
      vertex -17.4917 118.34 2.17369
      vertex -17.3724 118.623 7
      vertex -17.3724 118.623 2.17369
    endloop
  endfacet
  facet normal -0.92147 0.38845 0
    outer loop
      vertex -17.3724 118.623 7
      vertex -17.4917 118.34 2.17369
      vertex -17.4917 118.34 7
    endloop
  endfacet
  facet normal 0.901009 0.4338 0
    outer loop
      vertex 32.9024 86.3681 7
      vertex 32.5687 87.0612 2.17369
      vertex 32.5687 87.0612 7
    endloop
  endfacet
  facet normal 0.901009 0.4338 0
    outer loop
      vertex 32.5687 87.0612 2.17369
      vertex 32.9024 86.3681 7
      vertex 32.9024 86.3681 2.17369
    endloop
  endfacet
  facet normal -0.816096 0.29199 -0.498728
    outer loop
      vertex -17.7359 86.3353 0.978097
      vertex -18.1974 86.0108 1.54329
      vertex -18.0511 86.4197 1.54329
    endloop
  endfacet
  facet normal -0.816096 0.292021 -0.49871
    outer loop
      vertex -18.1974 86.0108 1.54329
      vertex -17.7359 86.3353 0.978097
      vertex -17.8966 85.8862 0.978097
    endloop
  endfacet
  facet normal 0.780807 0.375986 -0.498974
    outer loop
      vertex 32.7562 86.2836 1.54329
      vertex 32.1398 86.8136 0.978097
      vertex 32.4224 86.9768 1.54329
    endloop
  endfacet
  facet normal 0.780811 0.376042 -0.498926
    outer loop
      vertex 32.1398 86.8136 0.978097
      vertex 32.7562 86.2836 1.54329
      vertex 32.4736 86.1205 0.978097
    endloop
  endfacet
  facet normal 0.451464 0.217362 -0.86541
    outer loop
      vertex 31.2507 86.3003 0.190302
      vertex 32.0739 85.8897 0.516617
      vertex 31.5844 85.6072 0.190302
    endloop
  endfacet
  facet normal 0.451451 0.217325 -0.865426
    outer loop
      vertex 32.0739 85.8897 0.516617
      vertex 31.2507 86.3003 0.190302
      vertex 31.7402 86.5829 0.516617
    endloop
  endfacet
  facet normal 0.870475 0.419099 -0.258126
    outer loop
      vertex 32.9024 86.3681 2.17369
      vertex 32.4224 86.9768 1.54329
      vertex 32.5687 87.0612 2.17369
    endloop
  endfacet
  facet normal 0.870466 0.41916 -0.25806
    outer loop
      vertex 32.4224 86.9768 1.54329
      vertex 32.9024 86.3681 2.17369
      vertex 32.7562 86.2836 1.54329
    endloop
  endfacet
  facet normal 0.637975 0.307115 -0.706164
    outer loop
      vertex 31.7402 86.5829 0.516617
      vertex 32.4736 86.1205 0.978097
      vertex 32.0739 85.8897 0.516617
    endloop
  endfacet
  facet normal 0.63801 0.307268 -0.706066
    outer loop
      vertex 32.4736 86.1205 0.978097
      vertex 31.7402 86.5829 0.516617
      vertex 32.1398 86.8136 0.978097
    endloop
  endfacet
  facet normal -0.941594 0.336751 0
    outer loop
      vertex -18.3531 86.0753 2.17369
      vertex -18.2143 86.4634 7
      vertex -18.2143 86.4634 2.17369
    endloop
  endfacet
  facet normal -0.941594 0.336751 0
    outer loop
      vertex -18.2143 86.4634 7
      vertex -18.3531 86.0753 2.17369
      vertex -18.3531 86.0753 7
    endloop
  endfacet
  facet normal -0.666847 0.238583 -0.70597
    outer loop
      vertex -17.4711 85.7099 0.516617
      vertex -17.7359 86.3353 0.978097
      vertex -17.2901 86.2158 0.516617
    endloop
  endfacet
  facet normal -0.666821 0.238606 -0.705986
    outer loop
      vertex -17.7359 86.3353 0.978097
      vertex -17.4711 85.7099 0.516617
      vertex -17.8966 85.8862 0.978097
    endloop
  endfacet
  facet normal -0.471969 0.168888 -0.865287
    outer loop
      vertex -16.9501 85.4941 0.190302
      vertex -17.2901 86.2158 0.516617
      vertex -16.7442 86.0695 0.190302
    endloop
  endfacet
  facet normal -0.471997 0.16887 -0.865276
    outer loop
      vertex -17.2901 86.2158 0.516617
      vertex -16.9501 85.4941 0.190302
      vertex -17.4711 85.7099 0.516617
    endloop
  endfacet
  facet normal 0.233821 0.112576 -0.96574
    outer loop
      vertex 30.7048 85.9851 0.0213881
      vertex 31.5844 85.6072 0.190302
      vertex 31.0385 85.292 0.0213881
    endloop
  endfacet
  facet normal 0.233821 0.112576 -0.96574
    outer loop
      vertex 31.5844 85.6072 0.190302
      vertex 30.7048 85.9851 0.0213881
      vertex 31.2507 86.3003 0.190302
    endloop
  endfacet
  facet normal -0.909701 0.325345 -0.25806
    outer loop
      vertex -18.0511 86.4197 1.54329
      vertex -18.3531 86.0753 2.17369
      vertex -18.2143 86.4634 2.17369
    endloop
  endfacet
  facet normal -0.909678 0.325473 -0.257979
    outer loop
      vertex -18.3531 86.0753 2.17369
      vertex -18.0511 86.4197 1.54329
      vertex -18.1974 86.0108 1.54329
    endloop
  endfacet
  facet normal -0.244469 0.0874548 -0.965705
    outer loop
      vertex -16.3689 85.2534 0.0213881
      vertex -16.7442 86.0695 0.190302
      vertex -16.1353 85.9064 0.0213881
    endloop
  endfacet
  facet normal -0.244439 0.0874697 -0.965711
    outer loop
      vertex -16.7442 86.0695 0.190302
      vertex -16.3689 85.2534 0.0213881
      vertex -16.9501 85.4941 0.190302
    endloop
  endfacet
  facet normal -0.640258 0.302996 -0.705877
    outer loop
      vertex -18.1006 85.4548 0.978097
      vertex -17.4711 85.7099 0.516617
      vertex -17.701 85.2241 0.516617
    endloop
  endfacet
  facet normal -0.640245 0.302759 -0.705991
    outer loop
      vertex -17.4711 85.7099 0.516617
      vertex -18.1006 85.4548 0.978097
      vertex -17.8966 85.8862 0.978097
    endloop
  endfacet
  facet normal -0.873361 0.413143 -0.257979
    outer loop
      vertex -18.1974 86.0108 1.54329
      vertex -18.5295 85.7024 2.17369
      vertex -18.3531 86.0753 2.17369
    endloop
  endfacet
  facet normal -0.873369 0.413116 -0.257996
    outer loop
      vertex -18.5295 85.7024 2.17369
      vertex -18.1974 86.0108 1.54329
      vertex -18.3832 85.618 1.54329
    endloop
  endfacet
  facet normal 0.870444 0.419204 -0.258061
    outer loop
      vertex 33.223 85.7024 2.17369
      vertex 32.7562 86.2836 1.54329
      vertex 32.9024 86.3681 2.17369
    endloop
  endfacet
  facet normal 0.870454 0.419142 -0.258127
    outer loop
      vertex 32.7562 86.2836 1.54329
      vertex 33.223 85.7024 2.17369
      vertex 33.0767 85.618 1.54329
    endloop
  endfacet
  facet normal -0.453101 0.214333 -0.86531
    outer loop
      vertex -17.701 85.2241 0.516617
      vertex -16.9501 85.4941 0.190302
      vertex -17.2115 84.9415 0.190302
    endloop
  endfacet
  facet normal -0.453122 0.214435 -0.865273
    outer loop
      vertex -16.9501 85.4941 0.190302
      vertex -17.701 85.2241 0.516617
      vertex -17.4711 85.7099 0.516617
    endloop
  endfacet
  facet normal -0.783535 0.370623 -0.498709
    outer loop
      vertex -17.8966 85.8862 0.978097
      vertex -18.3832 85.618 1.54329
      vertex -18.1974 86.0108 1.54329
    endloop
  endfacet
  facet normal -0.783546 0.370523 -0.498767
    outer loop
      vertex -18.3832 85.618 1.54329
      vertex -17.8966 85.8862 0.978097
      vertex -18.1006 85.4548 0.978097
    endloop
  endfacet
  facet normal -0.90396 0.427617 0
    outer loop
      vertex -18.5295 85.7024 2.17369
      vertex -18.3531 86.0753 7
      vertex -18.3531 86.0753 2.17369
    endloop
  endfacet
  facet normal -0.90396 0.427617 0
    outer loop
      vertex -18.3531 86.0753 7
      vertex -18.5295 85.7024 2.17369
      vertex -18.5295 85.7024 7
    endloop
  endfacet
  facet normal 0.900961 0.433901 0
    outer loop
      vertex 33.223 85.7024 7
      vertex 32.9024 86.3681 2.17369
      vertex 32.9024 86.3681 7
    endloop
  endfacet
  facet normal 0.900961 0.433901 0
    outer loop
      vertex 32.9024 86.3681 2.17369
      vertex 33.223 85.7024 7
      vertex 33.223 85.7024 2.17369
    endloop
  endfacet
  facet normal 0.63797 0.307196 -0.706134
    outer loop
      vertex 32.0739 85.8897 0.516617
      vertex 32.7941 85.4548 0.978097
      vertex 32.3944 85.2241 0.516617
    endloop
  endfacet
  facet normal 0.63796 0.307144 -0.706166
    outer loop
      vertex 32.7941 85.4548 0.978097
      vertex 32.0739 85.8897 0.516617
      vertex 32.4736 86.1205 0.978097
    endloop
  endfacet
  facet normal 0.45144 0.217345 -0.865426
    outer loop
      vertex 31.5844 85.6072 0.190302
      vertex 32.3944 85.2241 0.516617
      vertex 31.9049 84.9415 0.190302
    endloop
  endfacet
  facet normal 0.451452 0.217383 -0.865411
    outer loop
      vertex 32.3944 85.2241 0.516617
      vertex 31.5844 85.6072 0.190302
      vertex 32.0739 85.8897 0.516617
    endloop
  endfacet
  facet normal -0.234682 0.110998 -0.965714
    outer loop
      vertex -17.2115 84.9415 0.190302
      vertex -16.3689 85.2534 0.0213881
      vertex -16.6655 84.6263 0.0213881
    endloop
  endfacet
  facet normal -0.234688 0.111016 -0.965711
    outer loop
      vertex -16.3689 85.2534 0.0213881
      vertex -17.2115 84.9415 0.190302
      vertex -16.9501 85.4941 0.190302
    endloop
  endfacet
  facet normal 0.780837 0.375989 -0.498924
    outer loop
      vertex 33.0767 85.618 1.54329
      vertex 32.4736 86.1205 0.978097
      vertex 32.7562 86.2836 1.54329
    endloop
  endfacet
  facet normal 0.780834 0.375931 -0.498972
    outer loop
      vertex 32.4736 86.1205 0.978097
      vertex 33.0767 85.618 1.54329
      vertex 32.7941 85.4548 0.978097
    endloop
  endfacet
  facet normal 0.233823 0.112573 -0.96574
    outer loop
      vertex 31.0385 85.292 0.0213881
      vertex 31.9049 84.9415 0.190302
      vertex 31.359 84.6263 0.0213881
    endloop
  endfacet
  facet normal 0.233823 0.112573 -0.96574
    outer loop
      vertex 31.9049 84.9415 0.190302
      vertex 31.0385 85.292 0.0213881
      vertex 31.5844 85.6072 0.190302
    endloop
  endfacet
  facet normal -0.428901 0.257055 -0.866006
    outer loop
      vertex -17.5901 84.3098 0.190302
      vertex -17.701 85.2241 0.516617
      vertex -17.2115 84.9415 0.190302
    endloop
  endfacet
  facet normal -0.428979 0.257034 -0.865974
    outer loop
      vertex -17.701 85.2241 0.516617
      vertex -17.5901 84.3098 0.190302
      vertex -18.0795 84.5924 0.516617
    endloop
  endfacet
  facet normal 0.901004 0.433811 0
    outer loop
      vertex 33.5271 85.0708 7
      vertex 33.223 85.7024 2.17369
      vertex 33.223 85.7024 7
    endloop
  endfacet
  facet normal 0.901004 0.433811 0
    outer loop
      vertex 33.223 85.7024 2.17369
      vertex 33.5271 85.0708 7
      vertex 33.5271 85.0708 2.17369
    endloop
  endfacet
  facet normal -0.857709 0.514136 0
    outer loop
      vertex -18.9081 85.0708 2.17369
      vertex -18.5295 85.7024 7
      vertex -18.5295 85.7024 2.17369
    endloop
  endfacet
  facet normal -0.857709 0.514136 0
    outer loop
      vertex -18.5295 85.7024 7
      vertex -18.9081 85.0708 2.17369
      vertex -18.9081 85.0708 7
    endloop
  endfacet
  facet normal -0.828496 0.496625 -0.258763
    outer loop
      vertex -18.3832 85.618 1.54329
      vertex -18.9081 85.0708 2.17369
      vertex -18.5295 85.7024 2.17369
    endloop
  endfacet
  facet normal -0.828513 0.496557 -0.258837
    outer loop
      vertex -18.9081 85.0708 2.17369
      vertex -18.3832 85.618 1.54329
      vertex -18.7618 84.9863 1.54329
    endloop
  endfacet
  facet normal -0.742839 0.445209 -0.499979
    outer loop
      vertex -18.1006 85.4548 0.978097
      vertex -18.7618 84.9863 1.54329
      vertex -18.3832 85.618 1.54329
    endloop
  endfacet
  facet normal -0.742837 0.445279 -0.499919
    outer loop
      vertex -18.7618 84.9863 1.54329
      vertex -18.1006 85.4548 0.978097
      vertex -18.4792 84.8232 0.978097
    endloop
  endfacet
  facet normal 0.78085 0.375901 -0.498971
    outer loop
      vertex 33.3808 84.9863 1.54329
      vertex 32.7941 85.4548 0.978097
      vertex 33.0767 85.618 1.54329
    endloop
  endfacet
  facet normal 0.780851 0.375961 -0.498923
    outer loop
      vertex 32.7941 85.4548 0.978097
      vertex 33.3808 84.9863 1.54329
      vertex 33.0982 84.8232 0.978097
    endloop
  endfacet
  facet normal 0.87047 0.41911 -0.258126
    outer loop
      vertex 33.5271 85.0708 2.17369
      vertex 33.0767 85.618 1.54329
      vertex 33.223 85.7024 2.17369
    endloop
  endfacet
  facet normal 0.870481 0.419049 -0.258187
    outer loop
      vertex 33.0767 85.618 1.54329
      vertex 33.5271 85.0708 2.17369
      vertex 33.3808 84.9863 1.54329
    endloop
  endfacet
  facet normal 0.637973 0.30712 -0.706165
    outer loop
      vertex 32.3944 85.2241 0.516617
      vertex 33.0982 84.8232 0.978097
      vertex 32.6985 84.5924 0.516617
    endloop
  endfacet
  facet normal 0.637982 0.307173 -0.706133
    outer loop
      vertex 33.0982 84.8232 0.978097
      vertex 32.3944 85.2241 0.516617
      vertex 32.7941 85.4548 0.978097
    endloop
  endfacet
  facet normal -0.606643 0.363486 -0.707009
    outer loop
      vertex -18.0795 84.5924 0.516617
      vertex -18.1006 85.4548 0.978097
      vertex -17.701 85.2241 0.516617
    endloop
  endfacet
  facet normal -0.606486 0.363546 -0.707113
    outer loop
      vertex -18.1006 85.4548 0.978097
      vertex -18.0795 84.5924 0.516617
      vertex -18.4792 84.8232 0.978097
    endloop
  endfacet
  facet normal -0.22201 0.133059 -0.965923
    outer loop
      vertex -17.0441 83.9946 0.0213881
      vertex -17.2115 84.9415 0.190302
      vertex -16.6655 84.6263 0.0213881
    endloop
  endfacet
  facet normal -0.22201 0.133059 -0.965923
    outer loop
      vertex -17.2115 84.9415 0.190302
      vertex -17.0441 83.9946 0.0213881
      vertex -17.5901 84.3098 0.190302
    endloop
  endfacet
  facet normal 0.451473 0.21741 -0.865393
    outer loop
      vertex 31.9049 84.9415 0.190302
      vertex 32.6985 84.5924 0.516617
      vertex 32.2091 84.3098 0.190302
    endloop
  endfacet
  facet normal 0.45145 0.217328 -0.865426
    outer loop
      vertex 32.6985 84.5924 0.516617
      vertex 31.9049 84.9415 0.190302
      vertex 32.3944 85.2241 0.516617
    endloop
  endfacet
  facet normal 0.233796 0.112549 -0.965749
    outer loop
      vertex 31.359 84.6263 0.0213881
      vertex 32.2091 84.3098 0.190302
      vertex 31.6631 83.9946 0.0213881
    endloop
  endfacet
  facet normal 0.233811 0.112594 -0.965741
    outer loop
      vertex 32.2091 84.3098 0.190302
      vertex 31.359 84.6263 0.0213881
      vertex 31.9049 84.9415 0.190302
    endloop
  endfacet
  facet normal 0.637959 0.307217 -0.706135
    outer loop
      vertex 32.6985 84.5924 0.516617
      vertex 33.3829 84.2319 0.978097
      vertex 32.9832 84.0012 0.516617
    endloop
  endfacet
  facet normal 0.637951 0.307161 -0.706166
    outer loop
      vertex 33.3829 84.2319 0.978097
      vertex 32.6985 84.5924 0.516617
      vertex 33.0982 84.8232 0.978097
    endloop
  endfacet
  facet normal 0.870511 0.418988 -0.258186
    outer loop
      vertex 33.8117 84.4795 2.17369
      vertex 33.3808 84.9863 1.54329
      vertex 33.5271 85.0708 2.17369
    endloop
  endfacet
  facet normal 0.870471 0.419186 -0.257998
    outer loop
      vertex 33.3808 84.9863 1.54329
      vertex 33.8117 84.4795 2.17369
      vertex 33.6655 84.3951 1.54329
    endloop
  endfacet
  facet normal 0.233811 0.112595 -0.965741
    outer loop
      vertex 31.6631 83.9946 0.0213881
      vertex 32.4937 83.7186 0.190302
      vertex 31.9478 83.4034 0.0213881
    endloop
  endfacet
  facet normal 0.233797 0.112548 -0.965749
    outer loop
      vertex 32.4937 83.7186 0.190302
      vertex 31.6631 83.9946 0.0213881
      vertex 32.2091 84.3098 0.190302
    endloop
  endfacet
  facet normal 0.901061 0.433692 0
    outer loop
      vertex 33.8117 84.4795 7
      vertex 33.5271 85.0708 2.17369
      vertex 33.5271 85.0708 7
    endloop
  endfacet
  facet normal 0.901061 0.433692 0
    outer loop
      vertex 33.5271 85.0708 2.17369
      vertex 33.8117 84.4795 7
      vertex 33.8117 84.4795 2.17369
    endloop
  endfacet
  facet normal -0.209146 0.155117 -0.965503
    outer loop
      vertex -17.4403 83.4604 0.0213881
      vertex -17.5901 84.3098 0.190302
      vertex -17.0441 83.9946 0.0213881
    endloop
  endfacet
  facet normal -0.209181 0.15511 -0.965497
    outer loop
      vertex -17.5901 84.3098 0.190302
      vertex -17.4403 83.4604 0.0213881
      vertex -17.9045 83.8858 0.190302
    endloop
  endfacet
  facet normal 0.780824 0.376016 -0.498925
    outer loop
      vertex 33.6655 84.3951 1.54329
      vertex 33.0982 84.8232 0.978097
      vertex 33.3808 84.9863 1.54329
    endloop
  endfacet
  facet normal 0.780824 0.375952 -0.498973
    outer loop
      vertex 33.0982 84.8232 0.978097
      vertex 33.6655 84.3951 1.54329
      vertex 33.3829 84.2319 0.978097
    endloop
  endfacet
  facet normal -0.696855 0.516602 -0.49751
    outer loop
      vertex -18.4792 84.8232 0.978097
      vertex -18.9008 84.7988 1.54329
      vertex -18.7618 84.9863 1.54329
    endloop
  endfacet
  facet normal -0.696885 0.516538 -0.497534
    outer loop
      vertex -18.9008 84.7988 1.54329
      vertex -18.4792 84.8232 0.978097
      vertex -18.6605 84.5786 0.978097
    endloop
  endfacet
  facet normal -0.776355 0.575387 -0.257298
    outer loop
      vertex -18.7618 84.9863 1.54329
      vertex -19.0252 84.9128 2.17369
      vertex -18.9081 85.0708 2.17369
    endloop
  endfacet
  facet normal -0.776291 0.575491 -0.25726
    outer loop
      vertex -19.0252 84.9128 2.17369
      vertex -18.7618 84.9863 1.54329
      vertex -18.9008 84.7988 1.54329
    endloop
  endfacet
  facet normal -0.803404 0.595434 0
    outer loop
      vertex -19.0252 84.9128 2.17369
      vertex -18.9081 85.0708 7
      vertex -18.9081 85.0708 2.17369
    endloop
  endfacet
  facet normal -0.803404 0.595434 0
    outer loop
      vertex -18.9081 85.0708 7
      vertex -19.0252 84.9128 2.17369
      vertex -19.0252 84.9128 7
    endloop
  endfacet
  facet normal 0.451451 0.217326 -0.865426
    outer loop
      vertex 32.2091 84.3098 0.190302
      vertex 32.9832 84.0012 0.516617
      vertex 32.4937 83.7186 0.190302
    endloop
  endfacet
  facet normal 0.451472 0.217412 -0.865393
    outer loop
      vertex 32.9832 84.0012 0.516617
      vertex 32.2091 84.3098 0.190302
      vertex 32.6985 84.5924 0.516617
    endloop
  endfacet
  facet normal -0.56976 0.42259 -0.704834
    outer loop
      vertex -18.3207 84.2672 0.516617
      vertex -18.4792 84.8232 0.978097
      vertex -18.0795 84.5924 0.516617
    endloop
  endfacet
  facet normal -0.569961 0.422461 -0.704748
    outer loop
      vertex -18.4792 84.8232 0.978097
      vertex -18.3207 84.2672 0.516617
      vertex -18.6605 84.5786 0.978097
    endloop
  endfacet
  facet normal -0.40364 0.299303 -0.864577
    outer loop
      vertex -17.9045 83.8858 0.190302
      vertex -18.0795 84.5924 0.516617
      vertex -17.5901 84.3098 0.190302
    endloop
  endfacet
  facet normal -0.403573 0.299329 -0.864598
    outer loop
      vertex -18.0795 84.5924 0.516617
      vertex -17.9045 83.8858 0.190302
      vertex -18.3207 84.2672 0.516617
    endloop
  endfacet
  facet normal 0.233796 0.11255 -0.965749
    outer loop
      vertex 31.9478 83.4034 0.0213881
      vertex 32.7565 83.1729 0.190302
      vertex 32.2105 82.8577 0.0213881
    endloop
  endfacet
  facet normal 0.233809 0.112598 -0.965741
    outer loop
      vertex 32.7565 83.1729 0.190302
      vertex 31.9478 83.4034 0.0213881
      vertex 32.4937 83.7186 0.190302
    endloop
  endfacet
  facet normal 0.637972 0.30712 -0.706165
    outer loop
      vertex 32.9832 84.0012 0.516617
      vertex 33.6456 83.6863 0.978097
      vertex 33.2459 83.4555 0.516617
    endloop
  endfacet
  facet normal 0.637979 0.307179 -0.706133
    outer loop
      vertex 33.6456 83.6863 0.978097
      vertex 32.9832 84.0012 0.516617
      vertex 33.3829 84.2319 0.978097
    endloop
  endfacet
  facet normal -0.715752 0.648727 -0.258557
    outer loop
      vertex -18.9008 84.7988 1.54329
      vertex -19.4472 84.4472 2.17369
      vertex -19.0252 84.9128 2.17369
    endloop
  endfacet
  facet normal -0.715694 0.648835 -0.258447
    outer loop
      vertex -19.4472 84.4472 2.17369
      vertex -18.9008 84.7988 1.54329
      vertex -19.3278 84.3278 1.54329
    endloop
  endfacet
  facet normal 0.900935 0.433955 0
    outer loop
      vertex 34.0745 83.9339 7
      vertex 33.8117 84.4795 2.17369
      vertex 33.8117 84.4795 7
    endloop
  endfacet
  facet normal 0.900935 0.433955 0
    outer loop
      vertex 33.8117 84.4795 2.17369
      vertex 34.0745 83.9339 7
      vertex 34.0745 83.9339 2.17369
    endloop
  endfacet
  facet normal -0.191968 0.173995 -0.965854
    outer loop
      vertex -18.3711 83.3711 0.190302
      vertex -17.4403 83.4604 0.0213881
      vertex -17.9253 82.9253 0.0213881
    endloop
  endfacet
  facet normal -0.19197 0.17403 -0.965847
    outer loop
      vertex -17.4403 83.4604 0.0213881
      vertex -18.3711 83.3711 0.190302
      vertex -17.9045 83.8858 0.190302
    endloop
  endfacet
  facet normal -0.370809 0.336156 -0.865737
    outer loop
      vertex -18.7707 83.7707 0.516617
      vertex -17.9045 83.8858 0.190302
      vertex -18.3711 83.3711 0.190302
    endloop
  endfacet
  facet normal -0.370809 0.336081 -0.865765
    outer loop
      vertex -17.9045 83.8858 0.190302
      vertex -18.7707 83.7707 0.516617
      vertex -18.3207 84.2672 0.516617
    endloop
  endfacet
  facet normal -0.52426 0.475161 -0.706664
    outer loop
      vertex -19.097 84.097 0.978097
      vertex -18.3207 84.2672 0.516617
      vertex -18.7707 83.7707 0.516617
    endloop
  endfacet
  facet normal -0.52426 0.475165 -0.706661
    outer loop
      vertex -18.3207 84.2672 0.516617
      vertex -19.097 84.097 0.978097
      vertex -18.6605 84.5786 0.978097
    endloop
  endfacet
  facet normal -0.740947 0.671563 0
    outer loop
      vertex -19.4472 84.4472 2.17369
      vertex -19.0252 84.9128 7
      vertex -19.0252 84.9128 2.17369
    endloop
  endfacet
  facet normal -0.740947 0.671563 0
    outer loop
      vertex -19.0252 84.9128 7
      vertex -19.4472 84.4472 2.17369
      vertex -19.4472 84.4472 7
    endloop
  endfacet
  facet normal -0.641797 0.581842 -0.499556
    outer loop
      vertex -18.6605 84.5786 0.978097
      vertex -19.3278 84.3278 1.54329
      vertex -18.9008 84.7988 1.54329
    endloop
  endfacet
  facet normal -0.641831 0.581726 -0.499647
    outer loop
      vertex -19.3278 84.3278 1.54329
      vertex -18.6605 84.5786 0.978097
      vertex -19.097 84.097 0.978097
    endloop
  endfacet
  facet normal 0.870434 0.419263 -0.258
    outer loop
      vertex 34.0745 83.9339 2.17369
      vertex 33.6655 84.3951 1.54329
      vertex 33.8117 84.4795 2.17369
    endloop
  endfacet
  facet normal 0.870481 0.41905 -0.258187
    outer loop
      vertex 33.6655 84.3951 1.54329
      vertex 34.0745 83.9339 2.17369
      vertex 33.9282 83.8494 1.54329
    endloop
  endfacet
  facet normal 0.78085 0.375901 -0.498971
    outer loop
      vertex 33.9282 83.8494 1.54329
      vertex 33.3829 84.2319 0.978097
      vertex 33.6655 84.3951 1.54329
    endloop
  endfacet
  facet normal 0.780847 0.375969 -0.498923
    outer loop
      vertex 33.3829 84.2319 0.978097
      vertex 33.9282 83.8494 1.54329
      vertex 33.6456 83.6863 0.978097
    endloop
  endfacet
  facet normal 0.451468 0.217419 -0.865394
    outer loop
      vertex 32.4937 83.7186 0.190302
      vertex 33.2459 83.4555 0.516617
      vertex 32.7565 83.1729 0.190302
    endloop
  endfacet
  facet normal 0.45145 0.217328 -0.865426
    outer loop
      vertex 33.2459 83.4555 0.516617
      vertex 32.4937 83.7186 0.190302
      vertex 32.9832 84.0012 0.516617
    endloop
  endfacet
  facet normal 0.451431 0.217362 -0.865427
    outer loop
      vertex 32.7565 83.1729 0.190302
      vertex 33.4841 82.961 0.516617
      vertex 32.9946 82.6784 0.190302
    endloop
  endfacet
  facet normal 0.451445 0.21746 -0.865395
    outer loop
      vertex 33.4841 82.961 0.516617
      vertex 32.7565 83.1729 0.190302
      vertex 33.2459 83.4555 0.516617
    endloop
  endfacet
  facet normal 0.901031 0.433755 0
    outer loop
      vertex 34.3126 83.4393 7
      vertex 34.0745 83.9339 2.17369
      vertex 34.0745 83.9339 7
    endloop
  endfacet
  facet normal 0.901031 0.433755 0
    outer loop
      vertex 34.0745 83.9339 2.17369
      vertex 34.3126 83.4393 7
      vertex 34.3126 83.4393 2.17369
    endloop
  endfacet
  facet normal 0.233786 0.112567 -0.96575
    outer loop
      vertex 32.2105 82.8577 0.0213881
      vertex 32.9946 82.6784 0.190302
      vertex 32.4486 82.3632 0.0213881
    endloop
  endfacet
  facet normal 0.233786 0.112567 -0.96575
    outer loop
      vertex 32.9946 82.6784 0.190302
      vertex 32.2105 82.8577 0.0213881
      vertex 32.7565 83.1729 0.190302
    endloop
  endfacet
  facet normal -0.581726 0.641831 -0.499647
    outer loop
      vertex -19.5786 83.6605 0.978097
      vertex -19.3278 84.3278 1.54329
      vertex -19.097 84.097 0.978097
    endloop
  endfacet
  facet normal -0.581842 0.641797 -0.499556
    outer loop
      vertex -19.3278 84.3278 1.54329
      vertex -19.5786 83.6605 0.978097
      vertex -19.7988 83.9008 1.54329
    endloop
  endfacet
  facet normal -0.475161 0.52426 -0.706664
    outer loop
      vertex -19.2672 83.3207 0.516617
      vertex -19.097 84.097 0.978097
      vertex -18.7707 83.7707 0.516617
    endloop
  endfacet
  facet normal -0.475165 0.52426 -0.706661
    outer loop
      vertex -19.097 84.097 0.978097
      vertex -19.2672 83.3207 0.516617
      vertex -19.5786 83.6605 0.978097
    endloop
  endfacet
  facet normal 0.870481 0.419049 -0.258187
    outer loop
      vertex 34.3126 83.4393 2.17369
      vertex 33.9282 83.8494 1.54329
      vertex 34.0745 83.9339 2.17369
    endloop
  endfacet
  facet normal 0.870463 0.419125 -0.258126
    outer loop
      vertex 33.9282 83.8494 1.54329
      vertex 34.3126 83.4393 2.17369
      vertex 34.1663 83.3549 1.54329
    endloop
  endfacet
  facet normal -0.336156 0.370809 -0.865737
    outer loop
      vertex -18.8858 82.9045 0.190302
      vertex -18.7707 83.7707 0.516617
      vertex -18.3711 83.3711 0.190302
    endloop
  endfacet
  facet normal -0.336081 0.370809 -0.865765
    outer loop
      vertex -18.7707 83.7707 0.516617
      vertex -18.8858 82.9045 0.190302
      vertex -19.2672 83.3207 0.516617
    endloop
  endfacet
  facet normal -0.173995 0.191968 -0.965854
    outer loop
      vertex -18.4604 82.4403 0.0213881
      vertex -18.3711 83.3711 0.190302
      vertex -17.9253 82.9253 0.0213881
    endloop
  endfacet
  facet normal -0.17403 0.19197 -0.965847
    outer loop
      vertex -18.3711 83.3711 0.190302
      vertex -18.4604 82.4403 0.0213881
      vertex -18.8858 82.9045 0.190302
    endloop
  endfacet
  facet normal 0.637984 0.307316 -0.706068
    outer loop
      vertex 33.2459 83.4555 0.516617
      vertex 33.8837 83.1917 0.978097
      vertex 33.4841 82.961 0.516617
    endloop
  endfacet
  facet normal 0.637973 0.307119 -0.706165
    outer loop
      vertex 33.8837 83.1917 0.978097
      vertex 33.2459 83.4555 0.516617
      vertex 33.6456 83.6863 0.978097
    endloop
  endfacet
  facet normal 0.780845 0.375974 -0.498924
    outer loop
      vertex 34.1663 83.3549 1.54329
      vertex 33.6456 83.6863 0.978097
      vertex 33.9282 83.8494 1.54329
    endloop
  endfacet
  facet normal 0.78085 0.3759 -0.498971
    outer loop
      vertex 33.6456 83.6863 0.978097
      vertex 34.1663 83.3549 1.54329
      vertex 33.8837 83.1917 0.978097
    endloop
  endfacet
  facet normal -0.648835 0.715694 -0.258447
    outer loop
      vertex -19.7988 83.9008 1.54329
      vertex -19.4472 84.4472 2.17369
      vertex -19.3278 84.3278 1.54329
    endloop
  endfacet
  facet normal -0.648727 0.715752 -0.258557
    outer loop
      vertex -19.4472 84.4472 2.17369
      vertex -19.7988 83.9008 1.54329
      vertex -19.9128 84.0252 2.17369
    endloop
  endfacet
  facet normal -0.671563 0.740947 0
    outer loop
      vertex -19.4472 84.4472 2.17369
      vertex -19.9128 84.0252 7
      vertex -19.4472 84.4472 7
    endloop
  endfacet
  facet normal -0.671563 0.740947 0
    outer loop
      vertex -19.9128 84.0252 7
      vertex -19.4472 84.4472 2.17369
      vertex -19.9128 84.0252 2.17369
    endloop
  endfacet
  facet normal -0.516538 0.696885 -0.497534
    outer loop
      vertex -19.8232 83.4792 0.978097
      vertex -19.7988 83.9008 1.54329
      vertex -19.5786 83.6605 0.978097
    endloop
  endfacet
  facet normal -0.516602 0.696855 -0.49751
    outer loop
      vertex -19.7988 83.9008 1.54329
      vertex -19.8232 83.4792 0.978097
      vertex -19.9863 83.7618 1.54329
    endloop
  endfacet
  facet normal 0.451447 0.217333 -0.865426
    outer loop
      vertex 32.9946 82.6784 0.190302
      vertex 33.6952 82.5225 0.516617
      vertex 33.2057 82.2399 0.190302
    endloop
  endfacet
  facet normal 0.451447 0.217333 -0.865426
    outer loop
      vertex 33.6952 82.5225 0.516617
      vertex 32.9946 82.6784 0.190302
      vertex 33.4841 82.961 0.516617
    endloop
  endfacet
  facet normal 0.233802 0.112609 -0.965741
    outer loop
      vertex 32.4486 82.3632 0.0213881
      vertex 33.2057 82.2399 0.190302
      vertex 32.6598 81.9247 0.0213881
    endloop
  endfacet
  facet normal 0.233795 0.112552 -0.965749
    outer loop
      vertex 33.2057 82.2399 0.190302
      vertex 32.4486 82.3632 0.0213881
      vertex 32.9946 82.6784 0.190302
    endloop
  endfacet
  facet normal -0.595434 0.803404 0
    outer loop
      vertex -19.9128 84.0252 2.17369
      vertex -20.0708 83.9081 7
      vertex -19.9128 84.0252 7
    endloop
  endfacet
  facet normal -0.595434 0.803404 0
    outer loop
      vertex -20.0708 83.9081 7
      vertex -19.9128 84.0252 2.17369
      vertex -20.0708 83.9081 2.17369
    endloop
  endfacet
  facet normal -0.42259 0.56976 -0.704834
    outer loop
      vertex -19.8232 83.4792 0.978097
      vertex -19.2672 83.3207 0.516617
      vertex -19.5924 83.0795 0.516617
    endloop
  endfacet
  facet normal -0.422461 0.569961 -0.704748
    outer loop
      vertex -19.2672 83.3207 0.516617
      vertex -19.8232 83.4792 0.978097
      vertex -19.5786 83.6605 0.978097
    endloop
  endfacet
  facet normal 0.780845 0.37591 -0.498972
    outer loop
      vertex 34.3774 82.9164 1.54329
      vertex 33.8837 83.1917 0.978097
      vertex 34.1663 83.3549 1.54329
    endloop
  endfacet
  facet normal 0.780845 0.37591 -0.498972
    outer loop
      vertex 33.8837 83.1917 0.978097
      vertex 34.3774 82.9164 1.54329
      vertex 34.0948 82.7532 0.978097
    endloop
  endfacet
  facet normal -0.575491 0.776291 -0.25726
    outer loop
      vertex -19.9863 83.7618 1.54329
      vertex -19.9128 84.0252 2.17369
      vertex -19.7988 83.9008 1.54329
    endloop
  endfacet
  facet normal -0.575387 0.776355 -0.257298
    outer loop
      vertex -19.9128 84.0252 2.17369
      vertex -19.9863 83.7618 1.54329
      vertex -20.0708 83.9081 2.17369
    endloop
  endfacet
  facet normal 0.870491 0.419067 -0.258125
    outer loop
      vertex 34.5237 83.0008 2.17369
      vertex 34.1663 83.3549 1.54329
      vertex 34.3126 83.4393 2.17369
    endloop
  endfacet
  facet normal 0.870491 0.419067 -0.258125
    outer loop
      vertex 34.1663 83.3549 1.54329
      vertex 34.5237 83.0008 2.17369
      vertex 34.3774 82.9164 1.54329
    endloop
  endfacet
  facet normal 0.901025 0.433766 0
    outer loop
      vertex 34.5237 83.0008 7
      vertex 34.3126 83.4393 2.17369
      vertex 34.3126 83.4393 7
    endloop
  endfacet
  facet normal 0.901025 0.433766 0
    outer loop
      vertex 34.3126 83.4393 2.17369
      vertex 34.5237 83.0008 7
      vertex 34.5237 83.0008 2.17369
    endloop
  endfacet
  facet normal -0.299303 0.40364 -0.864577
    outer loop
      vertex -19.5924 83.0795 0.516617
      vertex -18.8858 82.9045 0.190302
      vertex -19.3098 82.5901 0.190302
    endloop
  endfacet
  facet normal -0.299329 0.403573 -0.864598
    outer loop
      vertex -18.8858 82.9045 0.190302
      vertex -19.5924 83.0795 0.516617
      vertex -19.2672 83.3207 0.516617
    endloop
  endfacet
  facet normal 0.638061 0.307171 -0.706062
    outer loop
      vertex 33.4841 82.961 0.516617
      vertex 34.0948 82.7532 0.978097
      vertex 33.6952 82.5225 0.516617
    endloop
  endfacet
  facet normal 0.638061 0.307171 -0.706062
    outer loop
      vertex 34.0948 82.7532 0.978097
      vertex 33.4841 82.961 0.516617
      vertex 33.8837 83.1917 0.978097
    endloop
  endfacet
  facet normal -0.155117 0.209146 -0.965503
    outer loop
      vertex -19.3098 82.5901 0.190302
      vertex -18.4604 82.4403 0.0213881
      vertex -18.9946 82.0441 0.0213881
    endloop
  endfacet
  facet normal -0.15511 0.209181 -0.965497
    outer loop
      vertex -18.4604 82.4403 0.0213881
      vertex -19.3098 82.5901 0.190302
      vertex -18.8858 82.9045 0.190302
    endloop
  endfacet
  facet normal -0.445279 0.742837 -0.499919
    outer loop
      vertex -20.4548 83.1006 0.978097
      vertex -19.9863 83.7618 1.54329
      vertex -19.8232 83.4792 0.978097
    endloop
  endfacet
  facet normal -0.445209 0.742839 -0.499979
    outer loop
      vertex -19.9863 83.7618 1.54329
      vertex -20.4548 83.1006 0.978097
      vertex -20.618 83.3832 1.54329
    endloop
  endfacet
  facet normal -0.496557 0.828513 -0.258837
    outer loop
      vertex -20.618 83.3832 1.54329
      vertex -20.0708 83.9081 2.17369
      vertex -19.9863 83.7618 1.54329
    endloop
  endfacet
  facet normal -0.496625 0.828496 -0.258763
    outer loop
      vertex -20.0708 83.9081 2.17369
      vertex -20.618 83.3832 1.54329
      vertex -20.7024 83.5295 2.17369
    endloop
  endfacet
  facet normal 0.638035 0.307221 -0.706064
    outer loop
      vertex 33.6952 82.5225 0.516617
      vertex 34.2771 82.3746 0.978097
      vertex 33.8775 82.1439 0.516617
    endloop
  endfacet
  facet normal 0.638035 0.307221 -0.706064
    outer loop
      vertex 34.2771 82.3746 0.978097
      vertex 33.6952 82.5225 0.516617
      vertex 34.0948 82.7532 0.978097
    endloop
  endfacet
  facet normal 0.451428 0.217367 -0.865427
    outer loop
      vertex 33.2057 82.2399 0.190302
      vertex 33.8775 82.1439 0.516617
      vertex 33.388 81.8613 0.190302
    endloop
  endfacet
  facet normal 0.451428 0.217367 -0.865427
    outer loop
      vertex 33.8775 82.1439 0.516617
      vertex 33.2057 82.2399 0.190302
      vertex 33.6952 82.5225 0.516617
    endloop
  endfacet
  facet normal -0.514136 0.857709 0
    outer loop
      vertex -20.0708 83.9081 2.17369
      vertex -20.7024 83.5295 7
      vertex -20.0708 83.9081 7
    endloop
  endfacet
  facet normal -0.514136 0.857709 0
    outer loop
      vertex -20.7024 83.5295 7
      vertex -20.0708 83.9081 2.17369
      vertex -20.7024 83.5295 2.17369
    endloop
  endfacet
  facet normal -0.363486 0.606643 -0.707009
    outer loop
      vertex -20.4548 83.1006 0.978097
      vertex -19.5924 83.0795 0.516617
      vertex -20.2241 82.701 0.516617
    endloop
  endfacet
  facet normal -0.363546 0.606486 -0.707113
    outer loop
      vertex -19.5924 83.0795 0.516617
      vertex -20.4548 83.1006 0.978097
      vertex -19.8232 83.4792 0.978097
    endloop
  endfacet
  facet normal 0.870414 0.419225 -0.258128
    outer loop
      vertex 34.706 82.6223 2.17369
      vertex 34.3774 82.9164 1.54329
      vertex 34.5237 83.0008 2.17369
    endloop
  endfacet
  facet normal 0.870443 0.419128 -0.258189
    outer loop
      vertex 34.3774 82.9164 1.54329
      vertex 34.706 82.6223 2.17369
      vertex 34.5597 82.5378 1.54329
    endloop
  endfacet
  facet normal 0.900947 0.43393 0
    outer loop
      vertex 34.706 82.6223 7
      vertex 34.5237 83.0008 2.17369
      vertex 34.5237 83.0008 7
    endloop
  endfacet
  facet normal 0.900947 0.43393 0
    outer loop
      vertex 34.5237 83.0008 2.17369
      vertex 34.706 82.6223 7
      vertex 34.706 82.6223 2.17369
    endloop
  endfacet
  facet normal 0.233812 0.112521 -0.965749
    outer loop
      vertex 32.6598 81.9247 0.0213881
      vertex 33.388 81.8613 0.190302
      vertex 32.842 81.5461 0.0213881
    endloop
  endfacet
  facet normal 0.233816 0.112585 -0.96574
    outer loop
      vertex 33.388 81.8613 0.190302
      vertex 32.6598 81.9247 0.0213881
      vertex 33.2057 82.2399 0.190302
    endloop
  endfacet
  facet normal 0.780814 0.375971 -0.498974
    outer loop
      vertex 34.5597 82.5378 1.54329
      vertex 34.0948 82.7532 0.978097
      vertex 34.3774 82.9164 1.54329
    endloop
  endfacet
  facet normal 0.780814 0.375971 -0.498974
    outer loop
      vertex 34.0948 82.7532 0.978097
      vertex 34.5597 82.5378 1.54329
      vertex 34.2771 82.3746 0.978097
    endloop
  endfacet
  facet normal -0.257055 0.428901 -0.866006
    outer loop
      vertex -20.2241 82.701 0.516617
      vertex -19.3098 82.5901 0.190302
      vertex -19.9415 82.2115 0.190302
    endloop
  endfacet
  facet normal -0.257034 0.428979 -0.865974
    outer loop
      vertex -19.3098 82.5901 0.190302
      vertex -20.2241 82.701 0.516617
      vertex -19.5924 83.0795 0.516617
    endloop
  endfacet
  facet normal -0.133059 0.22201 -0.965923
    outer loop
      vertex -19.9415 82.2115 0.190302
      vertex -18.9946 82.0441 0.0213881
      vertex -19.6263 81.6655 0.0213881
    endloop
  endfacet
  facet normal -0.133059 0.22201 -0.965923
    outer loop
      vertex -18.9946 82.0441 0.0213881
      vertex -19.9415 82.2115 0.190302
      vertex -19.3098 82.5901 0.190302
    endloop
  endfacet
  facet normal 0.870473 0.419065 -0.258187
    outer loop
      vertex 34.8576 82.3074 2.17369
      vertex 34.5597 82.5378 1.54329
      vertex 34.706 82.6223 2.17369
    endloop
  endfacet
  facet normal 0.870473 0.419065 -0.258187
    outer loop
      vertex 34.5597 82.5378 1.54329
      vertex 34.8576 82.3074 2.17369
      vertex 34.7113 82.2229 1.54329
    endloop
  endfacet
  facet normal 0.901022 0.433773 0
    outer loop
      vertex 34.8576 82.3074 7
      vertex 34.706 82.6223 2.17369
      vertex 34.706 82.6223 7
    endloop
  endfacet
  facet normal 0.901022 0.433773 0
    outer loop
      vertex 34.706 82.6223 2.17369
      vertex 34.8576 82.3074 7
      vertex 34.8576 82.3074 2.17369
    endloop
  endfacet
  facet normal -0.427617 0.90396 0
    outer loop
      vertex -20.7024 83.5295 2.17369
      vertex -21.0753 83.3531 7
      vertex -20.7024 83.5295 7
    endloop
  endfacet
  facet normal -0.427617 0.90396 0
    outer loop
      vertex -21.0753 83.3531 7
      vertex -20.7024 83.5295 2.17369
      vertex -21.0753 83.3531 2.17369
    endloop
  endfacet
  facet normal -0.413116 0.873369 -0.257996
    outer loop
      vertex -21.0108 83.1974 1.54329
      vertex -20.7024 83.5295 2.17369
      vertex -20.618 83.3832 1.54329
    endloop
  endfacet
  facet normal -0.413143 0.873361 -0.257979
    outer loop
      vertex -20.7024 83.5295 2.17369
      vertex -21.0108 83.1974 1.54329
      vertex -21.0753 83.3531 2.17369
    endloop
  endfacet
  facet normal -0.370523 0.783546 -0.498767
    outer loop
      vertex -20.8862 82.8966 0.978097
      vertex -20.618 83.3832 1.54329
      vertex -20.4548 83.1006 0.978097
    endloop
  endfacet
  facet normal -0.370623 0.783535 -0.498709
    outer loop
      vertex -20.618 83.3832 1.54329
      vertex -20.8862 82.8966 0.978097
      vertex -21.0108 83.1974 1.54329
    endloop
  endfacet
  facet normal -0.302996 0.640258 -0.705877
    outer loop
      vertex -20.7099 82.4711 0.516617
      vertex -20.4548 83.1006 0.978097
      vertex -20.2241 82.701 0.516617
    endloop
  endfacet
  facet normal -0.302759 0.640245 -0.705991
    outer loop
      vertex -20.4548 83.1006 0.978097
      vertex -20.7099 82.4711 0.516617
      vertex -20.8862 82.8966 0.978097
    endloop
  endfacet
  facet normal 0.451445 0.217336 -0.865426
    outer loop
      vertex 33.388 81.8613 0.190302
      vertex 34.0291 81.829 0.516617
      vertex 33.5396 81.5464 0.190302
    endloop
  endfacet
  facet normal 0.451445 0.217336 -0.865426
    outer loop
      vertex 34.0291 81.829 0.516617
      vertex 33.388 81.8613 0.190302
      vertex 33.8775 82.1439 0.516617
    endloop
  endfacet
  facet normal 0.233792 0.112627 -0.965741
    outer loop
      vertex 32.842 81.5461 0.0213881
      vertex 33.5396 81.5464 0.190302
      vertex 32.9937 81.2312 0.0213881
    endloop
  endfacet
  facet normal 0.233794 0.112554 -0.965749
    outer loop
      vertex 33.5396 81.5464 0.190302
      vertex 32.842 81.5461 0.0213881
      vertex 33.388 81.8613 0.190302
    endloop
  endfacet
  facet normal -0.214333 0.453101 -0.86531
    outer loop
      vertex -20.4941 81.9501 0.190302
      vertex -20.2241 82.701 0.516617
      vertex -19.9415 82.2115 0.190302
    endloop
  endfacet
  facet normal -0.214435 0.453122 -0.865273
    outer loop
      vertex -20.2241 82.701 0.516617
      vertex -20.4941 81.9501 0.190302
      vertex -20.7099 82.4711 0.516617
    endloop
  endfacet
  facet normal -0.110998 0.234682 -0.965714
    outer loop
      vertex -20.2534 81.3689 0.0213881
      vertex -19.9415 82.2115 0.190302
      vertex -19.6263 81.6655 0.0213881
    endloop
  endfacet
  facet normal -0.111016 0.234688 -0.965711
    outer loop
      vertex -19.9415 82.2115 0.190302
      vertex -20.2534 81.3689 0.0213881
      vertex -20.4941 81.9501 0.190302
    endloop
  endfacet
  facet normal 0.638029 0.307161 -0.706096
    outer loop
      vertex 33.8775 82.1439 0.516617
      vertex 34.4287 82.0598 0.978097
      vertex 34.0291 81.829 0.516617
    endloop
  endfacet
  facet normal 0.638018 0.307254 -0.706066
    outer loop
      vertex 34.4287 82.0598 0.978097
      vertex 33.8775 82.1439 0.516617
      vertex 34.2771 82.3746 0.978097
    endloop
  endfacet
  facet normal 0.780842 0.375915 -0.498972
    outer loop
      vertex 34.7113 82.2229 1.54329
      vertex 34.2771 82.3746 0.978097
      vertex 34.5597 82.5378 1.54329
    endloop
  endfacet
  facet normal 0.78082 0.376024 -0.498925
    outer loop
      vertex 34.2771 82.3746 0.978097
      vertex 34.7113 82.2229 1.54329
      vertex 34.4287 82.0598 0.978097
    endloop
  endfacet
  facet normal 0.451427 0.217428 -0.865412
    outer loop
      vertex 33.5396 81.5464 0.190302
      vertex 34.1485 81.581 0.516617
      vertex 33.659 81.2985 0.190302
    endloop
  endfacet
  facet normal 0.451439 0.217346 -0.865427
    outer loop
      vertex 34.1485 81.581 0.516617
      vertex 33.5396 81.5464 0.190302
      vertex 34.0291 81.829 0.516617
    endloop
  endfacet
  facet normal 0.638021 0.307176 -0.706096
    outer loop
      vertex 34.0291 81.829 0.516617
      vertex 34.5481 81.8118 0.978097
      vertex 34.1485 81.581 0.516617
    endloop
  endfacet
  facet normal 0.638021 0.307176 -0.706096
    outer loop
      vertex 34.5481 81.8118 0.978097
      vertex 34.0291 81.829 0.516617
      vertex 34.4287 82.0598 0.978097
    endloop
  endfacet
  facet normal -0.292021 0.816096 -0.49871
    outer loop
      vertex -21.3353 82.7359 0.978097
      vertex -21.0108 83.1974 1.54329
      vertex -20.8862 82.8966 0.978097
    endloop
  endfacet
  facet normal -0.29199 0.816096 -0.498728
    outer loop
      vertex -21.0108 83.1974 1.54329
      vertex -21.3353 82.7359 0.978097
      vertex -21.4197 83.0511 1.54329
    endloop
  endfacet
  facet normal 0.780859 0.375946 -0.498923
    outer loop
      vertex 34.8307 81.9749 1.54329
      vertex 34.4287 82.0598 0.978097
      vertex 34.7113 82.2229 1.54329
    endloop
  endfacet
  facet normal 0.780859 0.375946 -0.498923
    outer loop
      vertex 34.4287 82.0598 0.978097
      vertex 34.8307 81.9749 1.54329
      vertex 34.5481 81.8118 0.978097
    endloop
  endfacet
  facet normal -0.0874548 0.244469 -0.965705
    outer loop
      vertex -21.0695 81.7442 0.190302
      vertex -20.2534 81.3689 0.0213881
      vertex -20.9064 81.1353 0.0213881
    endloop
  endfacet
  facet normal -0.0874697 0.244439 -0.965711
    outer loop
      vertex -20.2534 81.3689 0.0213881
      vertex -21.0695 81.7442 0.190302
      vertex -20.4941 81.9501 0.190302
    endloop
  endfacet
  facet normal 0.901012 0.433794 0
    outer loop
      vertex 34.977 82.0594 7
      vertex 34.8576 82.3074 2.17369
      vertex 34.8576 82.3074 7
    endloop
  endfacet
  facet normal 0.901012 0.433794 0
    outer loop
      vertex 34.8576 82.3074 2.17369
      vertex 34.977 82.0594 7
      vertex 34.977 82.0594 2.17369
    endloop
  endfacet
  facet normal -0.336751 0.941594 0
    outer loop
      vertex -21.0753 83.3531 2.17369
      vertex -21.4634 83.2143 7
      vertex -21.0753 83.3531 7
    endloop
  endfacet
  facet normal -0.336751 0.941594 0
    outer loop
      vertex -21.4634 83.2143 7
      vertex -21.0753 83.3531 2.17369
      vertex -21.4634 83.2143 2.17369
    endloop
  endfacet
  facet normal 0.870463 0.419086 -0.258188
    outer loop
      vertex 34.977 82.0594 2.17369
      vertex 34.7113 82.2229 1.54329
      vertex 34.8576 82.3074 2.17369
    endloop
  endfacet
  facet normal 0.870463 0.419086 -0.258188
    outer loop
      vertex 34.7113 82.2229 1.54329
      vertex 34.977 82.0594 2.17369
      vertex 34.8307 81.9749 1.54329
    endloop
  endfacet
  facet normal -0.238583 0.666847 -0.70597
    outer loop
      vertex -21.3353 82.7359 0.978097
      vertex -20.7099 82.4711 0.516617
      vertex -21.2158 82.2901 0.516617
    endloop
  endfacet
  facet normal -0.238606 0.666821 -0.705986
    outer loop
      vertex -20.7099 82.4711 0.516617
      vertex -21.3353 82.7359 0.978097
      vertex -20.8862 82.8966 0.978097
    endloop
  endfacet
  facet normal -0.168888 0.471969 -0.865287
    outer loop
      vertex -21.2158 82.2901 0.516617
      vertex -20.4941 81.9501 0.190302
      vertex -21.0695 81.7442 0.190302
    endloop
  endfacet
  facet normal -0.16887 0.471997 -0.865276
    outer loop
      vertex -20.4941 81.9501 0.190302
      vertex -21.2158 82.2901 0.516617
      vertex -20.7099 82.4711 0.516617
    endloop
  endfacet
  facet normal -0.325473 0.909678 -0.257979
    outer loop
      vertex -21.4197 83.0511 1.54329
      vertex -21.0753 83.3531 2.17369
      vertex -21.0108 83.1974 1.54329
    endloop
  endfacet
  facet normal -0.325345 0.909701 -0.25806
    outer loop
      vertex -21.0753 83.3531 2.17369
      vertex -21.4197 83.0511 1.54329
      vertex -21.4634 83.2143 2.17369
    endloop
  endfacet
  facet normal 0.233802 0.11261 -0.965741
    outer loop
      vertex 32.9937 81.2312 0.0213881
      vertex 33.659 81.2985 0.190302
      vertex 33.1131 80.9833 0.0213881
    endloop
  endfacet
  facet normal 0.233802 0.11261 -0.965741
    outer loop
      vertex 33.659 81.2985 0.190302
      vertex 32.9937 81.2312 0.0213881
      vertex 33.5396 81.5464 0.190302
    endloop
  endfacet
  facet normal -0.121477 0.485092 -0.865985
    outer loop
      vertex -21.7839 81.5653 0.190302
      vertex -21.2158 82.2901 0.516617
      vertex -21.0695 81.7442 0.190302
    endloop
  endfacet
  facet normal -0.121497 0.485103 -0.865975
    outer loop
      vertex -21.2158 82.2901 0.516617
      vertex -21.7839 81.5653 0.190302
      vertex -21.9301 82.1112 0.516617
    endloop
  endfacet
  facet normal -0.243047 0.970015 0
    outer loop
      vertex -21.4634 83.2143 2.17369
      vertex -22.1778 83.0353 7
      vertex -21.4634 83.2143 7
    endloop
  endfacet
  facet normal -0.243047 0.970015 0
    outer loop
      vertex -22.1778 83.0353 7
      vertex -21.4634 83.2143 2.17369
      vertex -22.1778 83.0353 2.17369
    endloop
  endfacet
  facet normal -0.171793 0.685924 -0.707104
    outer loop
      vertex -21.9301 82.1112 0.516617
      vertex -21.3353 82.7359 0.978097
      vertex -21.2158 82.2901 0.516617
    endloop
  endfacet
  facet normal -0.171901 0.685973 -0.70703
    outer loop
      vertex -21.3353 82.7359 0.978097
      vertex -21.9301 82.1112 0.516617
      vertex -22.0496 82.5569 0.978097
    endloop
  endfacet
  facet normal 0.780738 0.376186 -0.498931
    outer loop
      vertex 34.9169 81.796 1.54329
      vertex 34.5481 81.8118 0.978097
      vertex 34.8307 81.9749 1.54329
    endloop
  endfacet
  facet normal 0.780797 0.376004 -0.498975
    outer loop
      vertex 34.5481 81.8118 0.978097
      vertex 34.9169 81.796 1.54329
      vertex 34.6343 81.6328 0.978097
    endloop
  endfacet
  facet normal 0.870424 0.419165 -0.258189
    outer loop
      vertex 35.0632 81.8804 2.17369
      vertex 34.8307 81.9749 1.54329
      vertex 34.977 82.0594 2.17369
    endloop
  endfacet
  facet normal 0.870347 0.419362 -0.258131
    outer loop
      vertex 34.8307 81.9749 1.54329
      vertex 35.0632 81.8804 2.17369
      vertex 34.9169 81.796 1.54329
    endloop
  endfacet
  facet normal -0.210521 0.840084 -0.49994
    outer loop
      vertex -22.0496 82.5569 0.978097
      vertex -21.4197 83.0511 1.54329
      vertex -21.3353 82.7359 0.978097
    endloop
  endfacet
  facet normal -0.210521 0.840084 -0.49994
    outer loop
      vertex -21.4197 83.0511 1.54329
      vertex -22.0496 82.5569 0.978097
      vertex -22.134 82.8721 1.54329
    endloop
  endfacet
  facet normal 0.451471 0.217412 -0.865393
    outer loop
      vertex 33.659 81.2985 0.190302
      vertex 34.2346 81.4021 0.516617
      vertex 33.7452 81.1195 0.190302
    endloop
  endfacet
  facet normal 0.4515 0.217296 -0.865407
    outer loop
      vertex 34.2346 81.4021 0.516617
      vertex 33.659 81.2985 0.190302
      vertex 34.1485 81.581 0.516617
    endloop
  endfacet
  facet normal 0.900973 0.433876 0
    outer loop
      vertex 35.0632 81.8804 7
      vertex 34.977 82.0594 2.17369
      vertex 34.977 82.0594 7
    endloop
  endfacet
  facet normal 0.900973 0.433876 0
    outer loop
      vertex 34.977 82.0594 2.17369
      vertex 35.0632 81.8804 7
      vertex 35.0632 81.8804 2.17369
    endloop
  endfacet
  facet normal -0.234795 0.93695 -0.258837
    outer loop
      vertex -22.134 82.8721 1.54329
      vertex -21.4634 83.2143 2.17369
      vertex -21.4197 83.0511 1.54329
    endloop
  endfacet
  facet normal -0.234762 0.936949 -0.258871
    outer loop
      vertex -21.4634 83.2143 2.17369
      vertex -22.134 82.8721 1.54329
      vertex -22.1778 83.0353 2.17369
    endloop
  endfacet
  facet normal 0.638036 0.307071 -0.706129
    outer loop
      vertex 34.1485 81.581 0.516617
      vertex 34.6343 81.6328 0.978097
      vertex 34.2346 81.4021 0.516617
    endloop
  endfacet
  facet normal 0.637991 0.307233 -0.706099
    outer loop
      vertex 34.6343 81.6328 0.978097
      vertex 34.1485 81.581 0.516617
      vertex 34.5481 81.8118 0.978097
    endloop
  endfacet
  facet normal 0.233838 0.112477 -0.965748
    outer loop
      vertex 33.1131 80.9833 0.0213881
      vertex 33.7452 81.1195 0.190302
      vertex 33.1992 80.8043 0.0213881
    endloop
  endfacet
  facet normal 0.23381 0.112595 -0.965741
    outer loop
      vertex 33.7452 81.1195 0.190302
      vertex 33.1131 80.9833 0.0213881
      vertex 33.659 81.2985 0.190302
    endloop
  endfacet
  facet normal -0.0629239 0.251098 -0.965914
    outer loop
      vertex -21.6207 80.9563 0.0213881
      vertex -21.0695 81.7442 0.190302
      vertex -20.9064 81.1353 0.0213881
    endloop
  endfacet
  facet normal -0.0628714 0.251064 -0.965927
    outer loop
      vertex -21.0695 81.7442 0.190302
      vertex -21.6207 80.9563 0.0213881
      vertex -21.7839 81.5653 0.190302
    endloop
  endfacet
  facet normal -0.0737541 0.497055 -0.864579
    outer loop
      vertex -22.3062 81.4878 0.190302
      vertex -21.9301 82.1112 0.516617
      vertex -21.7839 81.5653 0.190302
    endloop
  endfacet
  facet normal -0.0736789 0.497023 -0.864604
    outer loop
      vertex -21.9301 82.1112 0.516617
      vertex -22.3062 81.4878 0.190302
      vertex -22.3308 82.0518 0.516617
    endloop
  endfacet
  facet normal 0.901002 0.433816 0
    outer loop
      vertex 35.1152 81.7724 7
      vertex 35.0632 81.8804 2.17369
      vertex 35.0632 81.8804 7
    endloop
  endfacet
  facet normal 0.901002 0.433816 0
    outer loop
      vertex 35.0632 81.8804 2.17369
      vertex 35.1152 81.7724 7
      vertex 35.1152 81.7724 2.17369
    endloop
  endfacet
  facet normal -0.141465 0.955921 -0.257301
    outer loop
      vertex -22.3651 82.8379 1.54329
      vertex -22.1778 83.0353 2.17369
      vertex -22.134 82.8721 1.54329
    endloop
  endfacet
  facet normal -0.141959 0.955889 -0.257144
    outer loop
      vertex -22.1778 83.0353 2.17369
      vertex -22.3651 82.8379 1.54329
      vertex -22.3724 83.0064 2.17369
    endloop
  endfacet
  facet normal 0.637981 0.307176 -0.706133
    outer loop
      vertex 34.2346 81.4021 0.516617
      vertex 34.6863 81.5248 0.978097
      vertex 34.2866 81.2941 0.516617
    endloop
  endfacet
  facet normal 0.637981 0.307176 -0.706133
    outer loop
      vertex 34.6863 81.5248 0.978097
      vertex 34.2346 81.4021 0.516617
      vertex 34.6343 81.6328 0.978097
    endloop
  endfacet
  facet normal -0.146899 0.989152 0
    outer loop
      vertex -22.1778 83.0353 2.17369
      vertex -22.3724 83.0064 7
      vertex -22.1778 83.0353 7
    endloop
  endfacet
  facet normal -0.146899 0.989152 0
    outer loop
      vertex -22.3724 83.0064 7
      vertex -22.1778 83.0353 2.17369
      vertex -22.3724 83.0064 2.17369
    endloop
  endfacet
  facet normal 0.870468 0.419114 -0.258126
    outer loop
      vertex 35.1152 81.7724 2.17369
      vertex 34.9169 81.796 1.54329
      vertex 35.0632 81.8804 2.17369
    endloop
  endfacet
  facet normal 0.870468 0.419114 -0.258126
    outer loop
      vertex 34.9169 81.796 1.54329
      vertex 35.1152 81.7724 2.17369
      vertex 34.9689 81.688 1.54329
    endloop
  endfacet
  facet normal 0.233788 0.112565 -0.96575
    outer loop
      vertex 33.1992 80.8043 0.0213881
      vertex 33.7972 81.0115 0.190302
      vertex 33.2512 80.6963 0.0213881
    endloop
  endfacet
  facet normal 0.233788 0.112565 -0.96575
    outer loop
      vertex 33.7972 81.0115 0.190302
      vertex 33.1992 80.8043 0.0213881
      vertex 33.7452 81.1195 0.190302
    endloop
  endfacet
  facet normal -0.127021 0.858103 -0.497519
    outer loop
      vertex -22.3509 82.5123 0.978097
      vertex -22.134 82.8721 1.54329
      vertex -22.0496 82.5569 0.978097
    endloop
  endfacet
  facet normal -0.126989 0.858101 -0.497531
    outer loop
      vertex -22.134 82.8721 1.54329
      vertex -22.3509 82.5123 0.978097
      vertex -22.3651 82.8379 1.54329
    endloop
  endfacet
  facet normal -0.104035 0.701797 -0.704739
    outer loop
      vertex -22.3308 82.0518 0.516617
      vertex -22.0496 82.5569 0.978097
      vertex -21.9301 82.1112 0.516617
    endloop
  endfacet
  facet normal -0.103879 0.701763 -0.704797
    outer loop
      vertex -22.0496 82.5569 0.978097
      vertex -22.3308 82.0518 0.516617
      vertex -22.3509 82.5123 0.978097
    endloop
  endfacet
  facet normal -0.0381975 0.25756 -0.965507
    outer loop
      vertex -22.2788 80.8587 0.0213881
      vertex -21.7839 81.5653 0.190302
      vertex -21.6207 80.9563 0.0213881
    endloop
  endfacet
  facet normal -0.0382193 0.257574 -0.965503
    outer loop
      vertex -21.7839 81.5653 0.190302
      vertex -22.2788 80.8587 0.0213881
      vertex -22.3062 81.4878 0.190302
    endloop
  endfacet
  facet normal 0.780824 0.375952 -0.498973
    outer loop
      vertex 34.9689 81.688 1.54329
      vertex 34.6343 81.6328 0.978097
      vertex 34.9169 81.796 1.54329
    endloop
  endfacet
  facet normal 0.780824 0.375952 -0.498973
    outer loop
      vertex 34.6343 81.6328 0.978097
      vertex 34.9689 81.688 1.54329
      vertex 34.6863 81.5248 0.978097
    endloop
  endfacet
  facet normal 0.451488 0.217383 -0.865392
    outer loop
      vertex 33.7452 81.1195 0.190302
      vertex 34.2866 81.2941 0.516617
      vertex 33.7972 81.0115 0.190302
    endloop
  endfacet
  facet normal 0.451488 0.217383 -0.865392
    outer loop
      vertex 34.2866 81.2941 0.516617
      vertex 33.7452 81.1195 0.190302
      vertex 34.2346 81.4021 0.516617
    endloop
  endfacet
  facet normal -0.0474438 0.96486 -0.258447
    outer loop
      vertex -22.9386 82.8097 1.54329
      vertex -22.3724 83.0064 2.17369
      vertex -22.3651 82.8379 1.54329
    endloop
  endfacet
  facet normal -0.0473733 0.964847 -0.258507
    outer loop
      vertex -22.3724 83.0064 2.17369
      vertex -22.9386 82.8097 1.54329
      vertex -22.9386 82.9786 2.17369
    endloop
  endfacet
  facet normal -0.0425485 0.865252 -0.499529
    outer loop
      vertex -22.9386 82.4834 0.978097
      vertex -22.3651 82.8379 1.54329
      vertex -22.3509 82.5123 0.978097
    endloop
  endfacet
  facet normal -0.0425459 0.865251 -0.499531
    outer loop
      vertex -22.3651 82.8379 1.54329
      vertex -22.9386 82.4834 0.978097
      vertex -22.9386 82.8097 1.54329
    endloop
  endfacet
  facet normal -0.0490402 0.998797 0
    outer loop
      vertex -22.3724 83.0064 2.17369
      vertex -22.9386 82.9786 7
      vertex -22.3724 83.0064 7
    endloop
  endfacet
  facet normal -0.0490402 0.998797 0
    outer loop
      vertex -22.9386 82.9786 7
      vertex -22.3724 83.0064 2.17369
      vertex -22.9386 82.9786 2.17369
    endloop
  endfacet
  facet normal -0.0127084 0.258796 -0.965848
    outer loop
      vertex -22.9386 81.4567 0.190302
      vertex -22.2788 80.8587 0.0213881
      vertex -22.9386 80.8263 0.0213881
    endloop
  endfacet
  facet normal -0.0127261 0.258778 -0.965853
    outer loop
      vertex -22.2788 80.8587 0.0213881
      vertex -22.9386 81.4567 0.190302
      vertex -22.3062 81.4878 0.190302
    endloop
  endfacet
  facet normal 0.870852 0.418325 -0.25811
    outer loop
      vertex 35.1311 81.7393 2.17369
      vertex 34.9689 81.688 1.54329
      vertex 35.1152 81.7724 2.17369
    endloop
  endfacet
  facet normal 0.871334 0.417296 -0.25815
    outer loop
      vertex 34.9689 81.688 1.54329
      vertex 35.1311 81.7393 2.17369
      vertex 34.9848 81.6548 1.54329
    endloop
  endfacet
  facet normal 0.23362 0.112928 -0.965748
    outer loop
      vertex 33.2512 80.6963 0.0213881
      vertex 33.8131 80.9784 0.190302
      vertex 33.2672 80.6632 0.0213881
    endloop
  endfacet
  facet normal 0.233905 0.112359 -0.965745
    outer loop
      vertex 33.8131 80.9784 0.190302
      vertex 33.2512 80.6963 0.0213881
      vertex 33.7972 81.0115 0.190302
    endloop
  endfacet
  facet normal 0.781637 0.374338 -0.498914
    outer loop
      vertex 34.9848 81.6548 1.54329
      vertex 34.6863 81.5248 0.978097
      vertex 34.9689 81.688 1.54329
    endloop
  endfacet
  facet normal 0.781204 0.375261 -0.498898
    outer loop
      vertex 34.6863 81.5248 0.978097
      vertex 34.9848 81.6548 1.54329
      vertex 34.7022 81.4917 0.978097
    endloop
  endfacet
  facet normal 0.901396 0.432997 0
    outer loop
      vertex 35.1311 81.7393 7
      vertex 35.1152 81.7724 2.17369
      vertex 35.1152 81.7724 7
    endloop
  endfacet
  facet normal 0.901396 0.432997 0
    outer loop
      vertex 35.1152 81.7724 2.17369
      vertex 35.1311 81.7393 7
      vertex 35.1311 81.7393 2.17369
    endloop
  endfacet
  facet normal -0.0245812 0.499845 -0.865766
    outer loop
      vertex -22.9386 82.0219 0.516617
      vertex -22.3062 81.4878 0.190302
      vertex -22.9386 81.4567 0.190302
    endloop
  endfacet
  facet normal -0.0245889 0.499838 -0.86577
    outer loop
      vertex -22.3062 81.4878 0.190302
      vertex -22.9386 82.0219 0.516617
      vertex -22.3308 82.0518 0.516617
    endloop
  endfacet
  facet normal 0.637893 0.307418 -0.706107
    outer loop
      vertex 34.2866 81.2941 0.516617
      vertex 34.7022 81.4917 0.978097
      vertex 34.3026 81.2609 0.516617
    endloop
  endfacet
  facet normal 0.638281 0.306606 -0.706109
    outer loop
      vertex 34.7022 81.4917 0.978097
      vertex 34.2866 81.2941 0.516617
      vertex 34.6863 81.5248 0.978097
    endloop
  endfacet
  facet normal -0.0347635 0.706664 -0.706695
    outer loop
      vertex -22.9386 82.4834 0.978097
      vertex -22.3308 82.0518 0.516617
      vertex -22.9386 82.0219 0.516617
    endloop
  endfacet
  facet normal -0.0347505 0.706673 -0.706686
    outer loop
      vertex -22.3308 82.0518 0.516617
      vertex -22.9386 82.4834 0.978097
      vertex -22.3509 82.5123 0.978097
    endloop
  endfacet
  facet normal 0.45168 0.21697 -0.865395
    outer loop
      vertex 33.7972 81.0115 0.190302
      vertex 34.3026 81.2609 0.516617
      vertex 33.8131 80.9784 0.190302
    endloop
  endfacet
  facet normal 0.4514 0.217542 -0.865398
    outer loop
      vertex 34.3026 81.2609 0.516617
      vertex 33.7972 81.0115 0.190302
      vertex 34.2866 81.2941 0.516617
    endloop
  endfacet
  facet normal 0 0 -1
    outer loop
      vertex -21.2 0 7
      vertex -10.4083 0.0213881 7
      vertex -10.4083 0 7
    endloop
  endfacet
  facet normal -0 0 -1
    outer loop
      vertex -10.4083 0.0213881 7
      vertex -21.2 0 7
      vertex -21.2 0.0213881 7
    endloop
  endfacet
  facet normal -0 0 1
    outer loop
      vertex -27.9307 73.6879 7
      vertex -21.2 68.5 7
      vertex -27.9077 73.8432 7
    endloop
  endfacet
  facet normal 0 0 1
    outer loop
      vertex -21.2 68.5 7
      vertex -27.9077 12.1568 7
      vertex -27.9 12 7
    endloop
  endfacet
  facet normal -0 0 1
    outer loop
      vertex -27.9689 73.5355 7
      vertex -21.2 68.5 7
      vertex -27.9307 73.6879 7
    endloop
  endfacet
  facet normal 0 0 1
    outer loop
      vertex -21.2 68.5 7
      vertex -27.9307 12.3121 7
      vertex -27.9077 12.1568 7
    endloop
  endfacet
  facet normal -0 0 1
    outer loop
      vertex -28.0218 73.3877 7
      vertex -21.2 68.5 7
      vertex -27.9689 73.5355 7
    endloop
  endfacet
  facet normal 0 0 1
    outer loop
      vertex -21.2 68.5 7
      vertex -27.9689 12.4645 7
      vertex -27.9307 12.3121 7
    endloop
  endfacet
  facet normal -0 0 1
    outer loop
      vertex -28.0889 73.2458 7
      vertex -21.2 68.5 7
      vertex -28.0218 73.3877 7
    endloop
  endfacet
  facet normal 0 0 1
    outer loop
      vertex -21.2 68.5 7
      vertex -28.0218 12.6123 7
      vertex -27.9689 12.4645 7
    endloop
  endfacet
  facet normal -0 0 1
    outer loop
      vertex -28.1696 73.1111 7
      vertex -21.2 68.5 7
      vertex -28.0889 73.2458 7
    endloop
  endfacet
  facet normal 0 0 1
    outer loop
      vertex -21.2 68.5 7
      vertex -28.0889 12.7542 7
      vertex -28.0218 12.6123 7
    endloop
  endfacet
  facet normal -0 0 1
    outer loop
      vertex -28.2632 72.985 7
      vertex -21.2 68.5 7
      vertex -28.1696 73.1111 7
    endloop
  endfacet
  facet normal 0 0 1
    outer loop
      vertex -21.2 68.5 7
      vertex -28.1696 12.8889 7
      vertex -28.0889 12.7542 7
    endloop
  endfacet
  facet normal -0 0 1
    outer loop
      vertex -28.3686 72.8686 7
      vertex -21.2 68.5 7
      vertex -28.2632 72.985 7
    endloop
  endfacet
  facet normal 0 0 1
    outer loop
      vertex -21.2 68.5 7
      vertex -28.2632 13.015 7
      vertex -28.1696 12.8889 7
    endloop
  endfacet
  facet normal -0 0 1
    outer loop
      vertex -28.485 72.7632 7
      vertex -21.2 68.5 7
      vertex -28.3686 72.8686 7
    endloop
  endfacet
  facet normal 0 0 1
    outer loop
      vertex -21.2 68.5 7
      vertex -28.3686 13.1314 7
      vertex -28.2632 13.015 7
    endloop
  endfacet
  facet normal -0 0 1
    outer loop
      vertex -28.6111 72.6696 7
      vertex -21.2 68.5 7
      vertex -28.485 72.7632 7
    endloop
  endfacet
  facet normal 0 0 1
    outer loop
      vertex -21.2 68.5 7
      vertex -28.485 13.2368 7
      vertex -28.3686 13.1314 7
    endloop
  endfacet
  facet normal -0 0 1
    outer loop
      vertex -28.7458 72.5889 7
      vertex -21.2 68.5 7
      vertex -28.6111 72.6696 7
    endloop
  endfacet
  facet normal 0 0 1
    outer loop
      vertex -21.2 68.5 7
      vertex -28.6111 13.3304 7
      vertex -28.485 13.2368 7
    endloop
  endfacet
  facet normal -0 0 1
    outer loop
      vertex -28.8877 72.5218 7
      vertex -21.2 68.5 7
      vertex -28.7458 72.5889 7
    endloop
  endfacet
  facet normal 0 0 1
    outer loop
      vertex -21.2 68.5 7
      vertex -28.7458 13.4111 7
      vertex -28.6111 13.3304 7
    endloop
  endfacet
  facet normal -0 0 1
    outer loop
      vertex -29.0355 72.4689 7
      vertex -21.2 68.5 7
      vertex -28.8877 72.5218 7
    endloop
  endfacet
  facet normal 0 0 1
    outer loop
      vertex -21.2 68.5 7
      vertex -28.8877 13.4782 7
      vertex -28.7458 13.4111 7
    endloop
  endfacet
  facet normal -0 0 1
    outer loop
      vertex -29.1879 72.4307 7
      vertex -21.2 68.5 7
      vertex -29.0355 72.4689 7
    endloop
  endfacet
  facet normal 0 0 1
    outer loop
      vertex -21.2 68.5 7
      vertex -29.0355 13.5311 7
      vertex -28.8877 13.4782 7
    endloop
  endfacet
  facet normal -0 0 1
    outer loop
      vertex -29.3432 72.4077 7
      vertex -21.2 68.5 7
      vertex -29.1879 72.4307 7
    endloop
  endfacet
  facet normal 0 0 1
    outer loop
      vertex -21.2 68.5 7
      vertex -29.1879 13.5693 7
      vertex -29.0355 13.5311 7
    endloop
  endfacet
  facet normal -0 0 1
    outer loop
      vertex -29.5 72.4 7
      vertex -21.2 68.5 7
      vertex -29.3432 72.4077 7
    endloop
  endfacet
  facet normal 0 0 1
    outer loop
      vertex -21.2 68.5 7
      vertex -29.3432 13.5923 7
      vertex -29.1879 13.5693 7
    endloop
  endfacet
  facet normal 0 0 1
    outer loop
      vertex -29.6568 72.4077 7
      vertex -21.2 68.5 7
      vertex -29.5 72.4 7
    endloop
  endfacet
  facet normal 0 0 1
    outer loop
      vertex -21.2 68.5 7
      vertex -29.5 13.6 7
      vertex -29.3432 13.5923 7
    endloop
  endfacet
  facet normal 0 0 1
    outer loop
      vertex -29.8121 72.4307 7
      vertex -21.2 68.5 7
      vertex -29.6568 72.4077 7
    endloop
  endfacet
  facet normal 0 0 1
    outer loop
      vertex -21.2 68.5 7
      vertex -29.6568 13.5923 7
      vertex -29.5 13.6 7
    endloop
  endfacet
  facet normal 0 0 1
    outer loop
      vertex -29.9645 72.4689 7
      vertex -21.2 68.5 7
      vertex -29.8121 72.4307 7
    endloop
  endfacet
  facet normal 0 0 1
    outer loop
      vertex -21.2 68.5 7
      vertex -29.8121 13.5693 7
      vertex -29.6568 13.5923 7
    endloop
  endfacet
  facet normal 0 0 1
    outer loop
      vertex -29.9645 13.5311 7
      vertex -21.2 68.5 7
      vertex -29.9645 72.4689 7
    endloop
  endfacet
  facet normal 0 0 1
    outer loop
      vertex -21.2 68.5 7
      vertex -29.9645 13.5311 7
      vertex -29.8121 13.5693 7
    endloop
  endfacet
  facet normal 0 0 1
    outer loop
      vertex -30.1123 72.5218 7
      vertex -29.9645 13.5311 7
      vertex -29.9645 72.4689 7
    endloop
  endfacet
  facet normal 0 0 1
    outer loop
      vertex -30.1123 72.5218 7
      vertex -30.1123 13.4782 7
      vertex -29.9645 13.5311 7
    endloop
  endfacet
  facet normal 0 0 1
    outer loop
      vertex -30.2542 72.5889 7
      vertex -30.1123 13.4782 7
      vertex -30.1123 72.5218 7
    endloop
  endfacet
  facet normal 0 0 1
    outer loop
      vertex -30.2542 72.5889 7
      vertex -30.2542 13.4111 7
      vertex -30.1123 13.4782 7
    endloop
  endfacet
  facet normal 0 0 1
    outer loop
      vertex -30.3889 72.6696 7
      vertex -30.2542 13.4111 7
      vertex -30.2542 72.5889 7
    endloop
  endfacet
  facet normal 0 0 1
    outer loop
      vertex -30.3889 72.6696 7
      vertex -30.3889 13.3304 7
      vertex -30.2542 13.4111 7
    endloop
  endfacet
  facet normal 0 0 1
    outer loop
      vertex -30.515 72.7632 7
      vertex -30.3889 13.3304 7
      vertex -30.3889 72.6696 7
    endloop
  endfacet
  facet normal 0 0 1
    outer loop
      vertex -30.515 72.7632 7
      vertex -30.515 13.2368 7
      vertex -30.3889 13.3304 7
    endloop
  endfacet
  facet normal 0 0 1
    outer loop
      vertex -30.6314 72.8686 7
      vertex -30.515 13.2368 7
      vertex -30.515 72.7632 7
    endloop
  endfacet
  facet normal 0 0 1
    outer loop
      vertex -30.6314 72.8686 7
      vertex -30.6314 13.1314 7
      vertex -30.515 13.2368 7
    endloop
  endfacet
  facet normal 0 0 1
    outer loop
      vertex -30.7368 72.985 7
      vertex -30.6314 13.1314 7
      vertex -30.6314 72.8686 7
    endloop
  endfacet
  facet normal 0 0 1
    outer loop
      vertex -30.7368 72.985 7
      vertex -30.7368 13.015 7
      vertex -30.6314 13.1314 7
    endloop
  endfacet
  facet normal 0 0 1
    outer loop
      vertex -35.9786 77.9385 7
      vertex -30.7368 72.985 7
      vertex -30.8304 73.1111 7
    endloop
  endfacet
  facet normal 0 0 1
    outer loop
      vertex -30.7368 72.985 7
      vertex -35.9786 77.9385 7
      vertex -30.7368 13.015 7
    endloop
  endfacet
  facet normal 0 0 1
    outer loop
      vertex -35.9786 77.9385 7
      vertex -30.8304 73.1111 7
      vertex -30.9111 73.2458 7
    endloop
  endfacet
  facet normal 0 0 1
    outer loop
      vertex -30.7368 13.015 7
      vertex -35.9786 77.9385 7
      vertex -30.8304 12.8889 7
    endloop
  endfacet
  facet normal 0 0 1
    outer loop
      vertex -35.9786 77.9385 7
      vertex -30.9111 73.2458 7
      vertex -30.9782 73.3877 7
    endloop
  endfacet
  facet normal 0 0 1
    outer loop
      vertex -30.8304 12.8889 7
      vertex -35.9786 77.9385 7
      vertex -30.9111 12.7542 7
    endloop
  endfacet
  facet normal 0 0 1
    outer loop
      vertex -35.9786 77.9385 7
      vertex -30.9782 73.3877 7
      vertex -31.0311 73.5355 7
    endloop
  endfacet
  facet normal 0 0 1
    outer loop
      vertex -35.9786 5.06149 7
      vertex -30.9111 12.7542 7
      vertex -35.9786 77.9385 7
    endloop
  endfacet
  facet normal 0 0 1
    outer loop
      vertex -35.9786 77.9385 7
      vertex -31.0311 73.5355 7
      vertex -31.0693 73.6879 7
    endloop
  endfacet
  facet normal 0 0 1
    outer loop
      vertex -30.9111 12.7542 7
      vertex -35.9786 5.06149 7
      vertex -30.9782 12.6123 7
    endloop
  endfacet
  facet normal 0 0 1
    outer loop
      vertex -35.9786 77.9385 7
      vertex -31.0693 73.6879 7
      vertex -31.0923 73.8432 7
    endloop
  endfacet
  facet normal 0 0 1
    outer loop
      vertex -30.9782 12.6123 7
      vertex -35.9786 5.06149 7
      vertex -31.0311 12.4645 7
    endloop
  endfacet
  facet normal 0 0 1
    outer loop
      vertex -35.9786 77.9385 7
      vertex -31.0923 73.8432 7
      vertex -31.1 74 7
    endloop
  endfacet
  facet normal 0 0 1
    outer loop
      vertex -31.0311 12.4645 7
      vertex -35.9786 5.06149 7
      vertex -31.0693 12.3121 7
    endloop
  endfacet
  facet normal 0 0 1
    outer loop
      vertex -21.2 68.5 7
      vertex -27.9077 74.1568 7
      vertex -27.9 74 7
    endloop
  endfacet
  facet normal 0 0 1
    outer loop
      vertex -22.3724 83.0064 7
      vertex -27.9307 74.3121 7
      vertex -27.9077 74.1568 7
    endloop
  endfacet
  facet normal 0 0 1
    outer loop
      vertex -22.3724 83.0064 7
      vertex -27.9689 74.4645 7
      vertex -27.9307 74.3121 7
    endloop
  endfacet
  facet normal 0 0 1
    outer loop
      vertex -22.3724 83.0064 7
      vertex -28.0218 74.6123 7
      vertex -27.9689 74.4645 7
    endloop
  endfacet
  facet normal 0 0 1
    outer loop
      vertex -22.9386 82.9786 7
      vertex -28.0889 74.7542 7
      vertex -28.0218 74.6123 7
    endloop
  endfacet
  facet normal 0 0 1
    outer loop
      vertex -22.9386 82.9786 7
      vertex -28.1696 74.8889 7
      vertex -28.0889 74.7542 7
    endloop
  endfacet
  facet normal 0 0 1
    outer loop
      vertex -22.9386 82.9786 7
      vertex -28.2632 75.015 7
      vertex -28.1696 74.8889 7
    endloop
  endfacet
  facet normal 0 0 1
    outer loop
      vertex -22.9386 82.9786 7
      vertex -28.3686 75.1314 7
      vertex -28.2632 75.015 7
    endloop
  endfacet
  facet normal 0 0 1
    outer loop
      vertex -22.9386 82.9786 7
      vertex -28.485 75.2368 7
      vertex -28.3686 75.1314 7
    endloop
  endfacet
  facet normal 0 0 1
    outer loop
      vertex -22.9386 82.9786 7
      vertex -28.6111 75.3304 7
      vertex -28.485 75.2368 7
    endloop
  endfacet
  facet normal 0 0 1
    outer loop
      vertex -22.9386 82.9786 7
      vertex -28.7458 75.4111 7
      vertex -28.6111 75.3304 7
    endloop
  endfacet
  facet normal 0 0 1
    outer loop
      vertex -22.9386 82.9786 7
      vertex -28.8877 75.4782 7
      vertex -28.7458 75.4111 7
    endloop
  endfacet
  facet normal -0 0 1
    outer loop
      vertex -30.9385 82.9786 7
      vertex -28.8877 75.4782 7
      vertex -22.9386 82.9786 7
    endloop
  endfacet
  facet normal 0 0 1
    outer loop
      vertex -28.8877 75.4782 7
      vertex -30.9385 82.9786 7
      vertex -29.0355 75.5311 7
    endloop
  endfacet
  facet normal 0 0 1
    outer loop
      vertex -29.0355 75.5311 7
      vertex -30.9385 82.9786 7
      vertex -29.1879 75.5693 7
    endloop
  endfacet
  facet normal 0 0 1
    outer loop
      vertex -29.1879 75.5693 7
      vertex -30.9385 82.9786 7
      vertex -29.3432 75.5923 7
    endloop
  endfacet
  facet normal 0 0 1
    outer loop
      vertex -29.3432 75.5923 7
      vertex -30.9385 82.9786 7
      vertex -29.5 75.6 7
    endloop
  endfacet
  facet normal 0 0 1
    outer loop
      vertex -29.5 75.6 7
      vertex -30.9385 82.9786 7
      vertex -29.6568 75.5923 7
    endloop
  endfacet
  facet normal 0 0 1
    outer loop
      vertex -29.6568 75.5923 7
      vertex -30.9385 82.9786 7
      vertex -29.8121 75.5693 7
    endloop
  endfacet
  facet normal 0 0 1
    outer loop
      vertex -29.8121 75.5693 7
      vertex -30.9385 82.9786 7
      vertex -29.9645 75.5311 7
    endloop
  endfacet
  facet normal -0 0 1
    outer loop
      vertex -31.2448 82.9636 7
      vertex -29.9645 75.5311 7
      vertex -30.9385 82.9786 7
    endloop
  endfacet
  facet normal -0 0 1
    outer loop
      vertex -31.8863 82.8791 7
      vertex -29.9645 75.5311 7
      vertex -31.2448 82.9636 7
    endloop
  endfacet
  facet normal 0 0 1
    outer loop
      vertex -29.9645 75.5311 7
      vertex -31.8863 82.8791 7
      vertex -30.1123 75.4782 7
    endloop
  endfacet
  facet normal -0 0 1
    outer loop
      vertex -32.5971 82.701 7
      vertex -30.1123 75.4782 7
      vertex -31.8863 82.8791 7
    endloop
  endfacet
  facet normal -0 0 1
    outer loop
      vertex -33.1949 82.4534 7
      vertex -30.1123 75.4782 7
      vertex -32.5971 82.701 7
    endloop
  endfacet
  facet normal -0 0 1
    outer loop
      vertex -33.8234 82.0767 7
      vertex -30.1123 75.4782 7
      vertex -33.1949 82.4534 7
    endloop
  endfacet
  facet normal 0 0 1
    outer loop
      vertex -30.1123 75.4782 7
      vertex -33.8234 82.0767 7
      vertex -30.2542 75.4111 7
    endloop
  endfacet
  facet normal -0 0 1
    outer loop
      vertex -34.3367 81.6828 7
      vertex -30.2542 75.4111 7
      vertex -33.8234 82.0767 7
    endloop
  endfacet
  facet normal -0 0 1
    outer loop
      vertex -34.6828 81.3367 7
      vertex -30.2542 75.4111 7
      vertex -34.3367 81.6828 7
    endloop
  endfacet
  facet normal -0 0 1
    outer loop
      vertex -35.0767 80.8234 7
      vertex -30.2542 75.4111 7
      vertex -34.6828 81.3367 7
    endloop
  endfacet
  facet normal -0 0 1
    outer loop
      vertex -35.4534 80.1949 7
      vertex -30.2542 75.4111 7
      vertex -35.0767 80.8234 7
    endloop
  endfacet
  facet normal 0 0 1
    outer loop
      vertex -30.2542 75.4111 7
      vertex -35.4534 80.1949 7
      vertex -30.3889 75.3304 7
    endloop
  endfacet
  facet normal -0 0 1
    outer loop
      vertex -35.701 79.5971 7
      vertex -30.3889 75.3304 7
      vertex -35.4534 80.1949 7
    endloop
  endfacet
  facet normal -0 0 1
    outer loop
      vertex -35.9636 78.2448 7
      vertex -30.3889 75.3304 7
      vertex -35.8791 78.8863 7
    endloop
  endfacet
  facet normal -0 0 1
    outer loop
      vertex -35.8791 78.8863 7
      vertex -30.3889 75.3304 7
      vertex -35.701 79.5971 7
    endloop
  endfacet
  facet normal 0 0 1
    outer loop
      vertex 31.5496 89.1779 7
      vertex 5.97111 111.588 7
      vertex 6 111 7
    endloop
  endfacet
  facet normal 0 0 1
    outer loop
      vertex 11.2838 131.268 7
      vertex 5.88471 112.171 7
      vertex 5.97111 111.588 7
    endloop
  endfacet
  facet normal 0 0 1
    outer loop
      vertex 11.2838 131.268 7
      vertex 5.74164 112.742 7
      vertex 5.88471 112.171 7
    endloop
  endfacet
  facet normal 0 0 1
    outer loop
      vertex 11.2838 131.268 7
      vertex 5.54328 113.296 7
      vertex 5.74164 112.742 7
    endloop
  endfacet
  facet normal 0 0 1
    outer loop
      vertex 11.2838 131.268 7
      vertex 5.29153 113.828 7
      vertex 5.54328 113.296 7
    endloop
  endfacet
  facet normal 0 0 1
    outer loop
      vertex 11.2838 131.268 7
      vertex 4.98882 114.333 7
      vertex 5.29153 113.828 7
    endloop
  endfacet
  facet normal 0 0 1
    outer loop
      vertex 11.2838 131.268 7
      vertex 4.63806 114.806 7
      vertex 4.98882 114.333 7
    endloop
  endfacet
  facet normal 0 0 1
    outer loop
      vertex 11.2838 131.268 7
      vertex 4.24264 115.243 7
      vertex 4.63806 114.806 7
    endloop
  endfacet
  facet normal 0 0 1
    outer loop
      vertex 11.2838 131.268 7
      vertex 3.80636 115.638 7
      vertex 4.24264 115.243 7
    endloop
  endfacet
  facet normal 0 0 1
    outer loop
      vertex 11.2838 131.268 7
      vertex 3.33342 115.989 7
      vertex 3.80636 115.638 7
    endloop
  endfacet
  facet normal 0 0 1
    outer loop
      vertex 11.2838 131.268 7
      vertex 2.82838 116.292 7
      vertex 3.33342 115.989 7
    endloop
  endfacet
  facet normal 0 0 1
    outer loop
      vertex 11.2838 131.268 7
      vertex 2.2961 116.543 7
      vertex 2.82838 116.292 7
    endloop
  endfacet
  facet normal 0 0 1
    outer loop
      vertex 11.2838 131.268 7
      vertex 1.74171 116.742 7
      vertex 2.2961 116.543 7
    endloop
  endfacet
  facet normal 0 0 1
    outer loop
      vertex 6.77026 133.979 7
      vertex 1.17054 116.885 7
      vertex 1.74171 116.742 7
    endloop
  endfacet
  facet normal 0 0 1
    outer loop
      vertex 6.77026 133.979 7
      vertex 0.588102 116.971 7
      vertex 1.17054 116.885 7
    endloop
  endfacet
  facet normal 0 0 1
    outer loop
      vertex 6.77026 133.979 7
      vertex 0 117 7
      vertex 0.588102 116.971 7
    endloop
  endfacet
  facet normal -0 0 1
    outer loop
      vertex -6.79654 133.979 7
      vertex 0 117 7
      vertex 6.77026 133.979 7
    endloop
  endfacet
  facet normal 0 0 1
    outer loop
      vertex 0 117 7
      vertex -6.79654 133.979 7
      vertex -0.588102 116.971 7
    endloop
  endfacet
  facet normal 0 0 1
    outer loop
      vertex -0.588102 116.971 7
      vertex -6.79654 133.979 7
      vertex -1.17054 116.885 7
    endloop
  endfacet
  facet normal 0 0 1
    outer loop
      vertex -1.17054 116.885 7
      vertex -6.79654 133.979 7
      vertex -1.74171 116.742 7
    endloop
  endfacet
  facet normal -0 0 1
    outer loop
      vertex -11.2952 131.245 7
      vertex -1.74171 116.742 7
      vertex -6.79654 133.979 7
    endloop
  endfacet
  facet normal 0 0 1
    outer loop
      vertex -1.74171 116.742 7
      vertex -11.2952 131.245 7
      vertex -2.2961 116.543 7
    endloop
  endfacet
  facet normal 0 0 1
    outer loop
      vertex -2.2961 116.543 7
      vertex -11.2952 131.245 7
      vertex -2.82838 116.292 7
    endloop
  endfacet
  facet normal 0 0 1
    outer loop
      vertex -2.82838 116.292 7
      vertex -11.2952 131.245 7
      vertex -3.33342 115.989 7
    endloop
  endfacet
  facet normal 0 0 1
    outer loop
      vertex -3.33342 115.989 7
      vertex -11.2952 131.245 7
      vertex -3.80636 115.638 7
    endloop
  endfacet
  facet normal -0 0 1
    outer loop
      vertex -17.3724 118.623 7
      vertex -3.80636 115.638 7
      vertex -11.2952 131.245 7
    endloop
  endfacet
  facet normal 0 0 1
    outer loop
      vertex -3.80636 115.638 7
      vertex -17.3724 118.623 7
      vertex -4.24264 115.243 7
    endloop
  endfacet
  facet normal -0 0 1
    outer loop
      vertex -17.9786 116.208 7
      vertex -5.54328 113.296 7
      vertex -17.4917 118.34 7
    endloop
  endfacet
  facet normal -0 0 1
    outer loop
      vertex -17.4917 118.34 7
      vertex -5.54328 113.296 7
      vertex -17.3724 118.623 7
    endloop
  endfacet
  facet normal 0 0 1
    outer loop
      vertex -5.29153 113.828 7
      vertex -17.3724 118.623 7
      vertex -5.54328 113.296 7
    endloop
  endfacet
  facet normal 0 0 1
    outer loop
      vertex -4.98882 114.333 7
      vertex -17.3724 118.623 7
      vertex -5.29153 113.828 7
    endloop
  endfacet
  facet normal 0 0 1
    outer loop
      vertex -4.63806 114.806 7
      vertex -17.3724 118.623 7
      vertex -4.98882 114.333 7
    endloop
  endfacet
  facet normal 0 0 1
    outer loop
      vertex -4.24264 115.243 7
      vertex -17.3724 118.623 7
      vertex -4.63806 114.806 7
    endloop
  endfacet
  facet normal 0 0 1
    outer loop
      vertex 31.0693 73.6879 7
      vertex 35.9786 78.7975 7
      vertex 31.0923 73.8432 7
    endloop
  endfacet
  facet normal 0 0 1
    outer loop
      vertex 35.9786 78.7975 7
      vertex 31.0923 12.1568 7
      vertex 31.1 12 7
    endloop
  endfacet
  facet normal 0 0 1
    outer loop
      vertex 31.0311 73.5355 7
      vertex 35.9786 78.7975 7
      vertex 31.0693 73.6879 7
    endloop
  endfacet
  facet normal 0 0 1
    outer loop
      vertex 35.9786 78.7975 7
      vertex 31.0693 12.3121 7
      vertex 31.0923 12.1568 7
    endloop
  endfacet
  facet normal 0 0 1
    outer loop
      vertex 30.9782 73.3877 7
      vertex 35.9786 78.7975 7
      vertex 31.0311 73.5355 7
    endloop
  endfacet
  facet normal 0 0 1
    outer loop
      vertex 35.9786 78.7975 7
      vertex 31.0311 12.4645 7
      vertex 31.0693 12.3121 7
    endloop
  endfacet
  facet normal 0 0 1
    outer loop
      vertex 30.9111 73.2458 7
      vertex 35.9786 78.7975 7
      vertex 30.9782 73.3877 7
    endloop
  endfacet
  facet normal 0 0 1
    outer loop
      vertex 35.9786 78.7975 7
      vertex 30.9782 12.6123 7
      vertex 31.0311 12.4645 7
    endloop
  endfacet
  facet normal 0 0 1
    outer loop
      vertex 30.8304 73.1111 7
      vertex 35.9786 78.7975 7
      vertex 30.9111 73.2458 7
    endloop
  endfacet
  facet normal 0 0 1
    outer loop
      vertex 35.9786 78.7975 7
      vertex 30.9111 12.7542 7
      vertex 30.9782 12.6123 7
    endloop
  endfacet
  facet normal 0 0 1
    outer loop
      vertex 30.7368 72.985 7
      vertex 35.9786 78.7975 7
      vertex 30.8304 73.1111 7
    endloop
  endfacet
  facet normal 0 0 1
    outer loop
      vertex 35.9786 78.7975 7
      vertex 30.8304 12.8889 7
      vertex 30.9111 12.7542 7
    endloop
  endfacet
  facet normal 0 0 1
    outer loop
      vertex 30.7368 13.015 7
      vertex 35.9786 78.7975 7
      vertex 30.7368 72.985 7
    endloop
  endfacet
  facet normal 0 0 1
    outer loop
      vertex 35.9786 78.7975 7
      vertex 30.7368 13.015 7
      vertex 30.8304 12.8889 7
    endloop
  endfacet
  facet normal -0 0 1
    outer loop
      vertex 30.6314 72.8686 7
      vertex 30.7368 13.015 7
      vertex 30.7368 72.985 7
    endloop
  endfacet
  facet normal 0 0 1
    outer loop
      vertex 30.6314 72.8686 7
      vertex 30.6314 13.1314 7
      vertex 30.7368 13.015 7
    endloop
  endfacet
  facet normal -0 0 1
    outer loop
      vertex 30.515 72.7632 7
      vertex 30.6314 13.1314 7
      vertex 30.6314 72.8686 7
    endloop
  endfacet
  facet normal 0 0 1
    outer loop
      vertex 30.515 72.7632 7
      vertex 30.515 13.2368 7
      vertex 30.6314 13.1314 7
    endloop
  endfacet
  facet normal -0 0 1
    outer loop
      vertex 30.3889 72.6696 7
      vertex 30.515 13.2368 7
      vertex 30.515 72.7632 7
    endloop
  endfacet
  facet normal 0 0 1
    outer loop
      vertex 30.3889 72.6696 7
      vertex 30.3889 13.3304 7
      vertex 30.515 13.2368 7
    endloop
  endfacet
  facet normal -0 0 1
    outer loop
      vertex 30.2542 72.5889 7
      vertex 30.3889 13.3304 7
      vertex 30.3889 72.6696 7
    endloop
  endfacet
  facet normal 0 0 1
    outer loop
      vertex 30.2542 72.5889 7
      vertex 30.2542 13.4111 7
      vertex 30.3889 13.3304 7
    endloop
  endfacet
  facet normal -0 0 1
    outer loop
      vertex 30.1123 72.5218 7
      vertex 30.2542 13.4111 7
      vertex 30.2542 72.5889 7
    endloop
  endfacet
  facet normal 0 0 1
    outer loop
      vertex 30.1123 72.5218 7
      vertex 30.1123 13.4782 7
      vertex 30.2542 13.4111 7
    endloop
  endfacet
  facet normal -0 0 1
    outer loop
      vertex 29.9645 72.4689 7
      vertex 30.1123 13.4782 7
      vertex 30.1123 72.5218 7
    endloop
  endfacet
  facet normal 0 0 1
    outer loop
      vertex 29.9645 72.4689 7
      vertex 29.9645 13.5311 7
      vertex 30.1123 13.4782 7
    endloop
  endfacet
  facet normal 0 0 1
    outer loop
      vertex 21.2 68.5 7
      vertex 29.9645 72.4689 7
      vertex 29.8121 72.4307 7
    endloop
  endfacet
  facet normal 0 0 1
    outer loop
      vertex 29.9645 72.4689 7
      vertex 21.2 68.5 7
      vertex 29.9645 13.5311 7
    endloop
  endfacet
  facet normal 0 0 1
    outer loop
      vertex 21.2 68.5 7
      vertex 29.8121 72.4307 7
      vertex 29.6568 72.4077 7
    endloop
  endfacet
  facet normal 0 0 1
    outer loop
      vertex 29.9645 13.5311 7
      vertex 21.2 68.5 7
      vertex 29.8121 13.5693 7
    endloop
  endfacet
  facet normal 0 0 1
    outer loop
      vertex 21.2 68.5 7
      vertex 29.6568 72.4077 7
      vertex 29.5 72.4 7
    endloop
  endfacet
  facet normal 0 0 1
    outer loop
      vertex 29.8121 13.5693 7
      vertex 21.2 68.5 7
      vertex 29.6568 13.5923 7
    endloop
  endfacet
  facet normal 0 0 1
    outer loop
      vertex 21.2 68.5 7
      vertex 29.5 72.4 7
      vertex 29.3432 72.4077 7
    endloop
  endfacet
  facet normal 0 0 1
    outer loop
      vertex 29.6568 13.5923 7
      vertex 21.2 68.5 7
      vertex 29.5 13.6 7
    endloop
  endfacet
  facet normal 0 0 1
    outer loop
      vertex 21.2 68.5 7
      vertex 29.3432 72.4077 7
      vertex 29.1879 72.4307 7
    endloop
  endfacet
  facet normal 0 0 1
    outer loop
      vertex 29.5 13.6 7
      vertex 21.2 68.5 7
      vertex 29.3432 13.5923 7
    endloop
  endfacet
  facet normal 0 0 1
    outer loop
      vertex 21.2 68.5 7
      vertex 29.1879 72.4307 7
      vertex 29.0355 72.4689 7
    endloop
  endfacet
  facet normal 0 0 1
    outer loop
      vertex 29.3432 13.5923 7
      vertex 21.2 68.5 7
      vertex 29.1879 13.5693 7
    endloop
  endfacet
  facet normal 0 0 1
    outer loop
      vertex 21.2 68.5 7
      vertex 29.0355 72.4689 7
      vertex 28.8877 72.5218 7
    endloop
  endfacet
  facet normal 0 0 1
    outer loop
      vertex 29.1879 13.5693 7
      vertex 21.2 68.5 7
      vertex 29.0355 13.5311 7
    endloop
  endfacet
  facet normal 0 0 1
    outer loop
      vertex 21.2 68.5 7
      vertex 28.8877 72.5218 7
      vertex 28.7458 72.5889 7
    endloop
  endfacet
  facet normal 0 0 1
    outer loop
      vertex 29.0355 13.5311 7
      vertex 21.2 68.5 7
      vertex 28.8877 13.4782 7
    endloop
  endfacet
  facet normal 0 0 1
    outer loop
      vertex 21.2 68.5 7
      vertex 28.7458 72.5889 7
      vertex 28.6111 72.6696 7
    endloop
  endfacet
  facet normal 0 0 1
    outer loop
      vertex 28.8877 13.4782 7
      vertex 21.2 68.5 7
      vertex 28.7458 13.4111 7
    endloop
  endfacet
  facet normal 0 0 1
    outer loop
      vertex 21.2 68.5 7
      vertex 28.6111 72.6696 7
      vertex 28.485 72.7632 7
    endloop
  endfacet
  facet normal 0 0 1
    outer loop
      vertex 28.7458 13.4111 7
      vertex 21.2 68.5 7
      vertex 28.6111 13.3304 7
    endloop
  endfacet
  facet normal 0 0 1
    outer loop
      vertex 21.2 68.5 7
      vertex 28.485 72.7632 7
      vertex 28.3686 72.8686 7
    endloop
  endfacet
  facet normal 0 0 1
    outer loop
      vertex 28.6111 13.3304 7
      vertex 21.2 68.5 7
      vertex 28.485 13.2368 7
    endloop
  endfacet
  facet normal 0 0 1
    outer loop
      vertex 21.2 68.5 7
      vertex 28.3686 72.8686 7
      vertex 28.2632 72.985 7
    endloop
  endfacet
  facet normal 0 0 1
    outer loop
      vertex 28.485 13.2368 7
      vertex 21.2 68.5 7
      vertex 28.3686 13.1314 7
    endloop
  endfacet
  facet normal 0 0 1
    outer loop
      vertex 21.2 68.5 7
      vertex 28.2632 72.985 7
      vertex 28.1696 73.1111 7
    endloop
  endfacet
  facet normal 0 0 1
    outer loop
      vertex 28.3686 13.1314 7
      vertex 21.2 68.5 7
      vertex 28.2632 13.015 7
    endloop
  endfacet
  facet normal 0 0 1
    outer loop
      vertex 21.2 68.5 7
      vertex 28.1696 73.1111 7
      vertex 28.0889 73.2458 7
    endloop
  endfacet
  facet normal 0 0 1
    outer loop
      vertex 28.2632 13.015 7
      vertex 21.2 68.5 7
      vertex 28.1696 12.8889 7
    endloop
  endfacet
  facet normal 0 0 1
    outer loop
      vertex 21.2 68.5 7
      vertex 28.0889 73.2458 7
      vertex 28.0218 73.3877 7
    endloop
  endfacet
  facet normal 0 0 1
    outer loop
      vertex 28.1696 12.8889 7
      vertex 21.2 68.5 7
      vertex 28.0889 12.7542 7
    endloop
  endfacet
  facet normal 0 0 1
    outer loop
      vertex 21.2 68.5 7
      vertex 28.0218 73.3877 7
      vertex 27.9689 73.5355 7
    endloop
  endfacet
  facet normal 0 0 1
    outer loop
      vertex 28.0889 12.7542 7
      vertex 21.2 68.5 7
      vertex 28.0218 12.6123 7
    endloop
  endfacet
  facet normal 0 0 1
    outer loop
      vertex 21.2 68.5 7
      vertex 27.9689 73.5355 7
      vertex 27.9307 73.6879 7
    endloop
  endfacet
  facet normal 0 0 1
    outer loop
      vertex 21.2 0.0213881 7
      vertex 28.0218 12.6123 7
      vertex 21.2 68.5 7
    endloop
  endfacet
  facet normal 0 0 1
    outer loop
      vertex 21.2 68.5 7
      vertex 27.9307 73.6879 7
      vertex 27.9077 73.8432 7
    endloop
  endfacet
  facet normal 0 0 1
    outer loop
      vertex 28.0218 12.6123 7
      vertex 21.2 0.0213881 7
      vertex 27.9689 12.4645 7
    endloop
  endfacet
  facet normal 0 0 1
    outer loop
      vertex 21.2 68.5 7
      vertex 27.9077 73.8432 7
      vertex 27.9 74 7
    endloop
  endfacet
  facet normal 0 0 1
    outer loop
      vertex 27.9689 12.4645 7
      vertex 21.2 0.0213881 7
      vertex 27.9307 12.3121 7
    endloop
  endfacet
  facet normal 0 0 1
    outer loop
      vertex 30.2542 75.4111 7
      vertex 35.9786 78.7975 7
      vertex 35.9636 79.1038 7
    endloop
  endfacet
  facet normal 0 0 1
    outer loop
      vertex 35.9786 78.7975 7
      vertex 31.1 12 7
      vertex 35.9786 5.06149 7
    endloop
  endfacet
  facet normal 0 0 1
    outer loop
      vertex 30.2542 75.4111 7
      vertex 35.9636 79.1038 7
      vertex 35.8791 79.7453 7
    endloop
  endfacet
  facet normal -0 0 1
    outer loop
      vertex 31.0923 11.8432 7
      vertex 35.9786 5.06149 7
      vertex 31.1 12 7
    endloop
  endfacet
  facet normal 0 0 1
    outer loop
      vertex 35.6922 80.4809 7
      vertex 35.8791 79.7453 7
      vertex 35.8432 79.9876 7
    endloop
  endfacet
  facet normal -0 0 1
    outer loop
      vertex 31.0693 11.6879 7
      vertex 35.9786 5.06149 7
      vertex 31.0923 11.8432 7
    endloop
  endfacet
  facet normal 0 0 1
    outer loop
      vertex 35.6922 80.4809 7
      vertex 35.8432 79.9876 7
      vertex 35.7836 80.2253 7
    endloop
  endfacet
  facet normal -0 0 1
    outer loop
      vertex 31.0311 11.5355 7
      vertex 35.9786 5.06149 7
      vertex 31.0693 11.6879 7
    endloop
  endfacet
  facet normal -0 0 1
    outer loop
      vertex 30.9782 11.3877 7
      vertex 35.9786 5.06149 7
      vertex 31.0311 11.5355 7
    endloop
  endfacet
  facet normal 0 0 1
    outer loop
      vertex 35.8791 79.7453 7
      vertex 35.6922 80.4809 7
      vertex 30.2542 75.4111 7
    endloop
  endfacet
  facet normal -0 0 1
    outer loop
      vertex 30.9111 11.2458 7
      vertex 35.9786 5.06149 7
      vertex 30.9782 11.3877 7
    endloop
  endfacet
  facet normal 0 0 1
    outer loop
      vertex 30.1123 75.4782 7
      vertex 35.6922 80.4809 7
      vertex 35.4446 81.0787 7
    endloop
  endfacet
  facet normal 0 0 1
    outer loop
      vertex 30.1123 75.4782 7
      vertex 35.4446 81.0787 7
      vertex 35.3837 81.2147 7
    endloop
  endfacet
  facet normal -0 0 1
    outer loop
      vertex 30.8304 11.1111 7
      vertex 35.9786 5.06149 7
      vertex 30.9111 11.2458 7
    endloop
  endfacet
  facet normal -0 0 1
    outer loop
      vertex 30.7368 10.985 7
      vertex 35.9786 5.06149 7
      vertex 30.8304 11.1111 7
    endloop
  endfacet
  facet normal 0 0 1
    outer loop
      vertex 29.9645 75.5311 7
      vertex 35.3837 81.2147 7
      vertex 35.1311 81.7393 7
    endloop
  endfacet
  facet normal 0 0 1
    outer loop
      vertex 29.9645 75.5311 7
      vertex 35.1311 81.7393 7
      vertex 35.1152 81.7724 7
    endloop
  endfacet
  facet normal -0 0 1
    outer loop
      vertex 30.6314 10.8686 7
      vertex 35.9786 5.06149 7
      vertex 30.7368 10.985 7
    endloop
  endfacet
  facet normal 0 0 1
    outer loop
      vertex 29.9645 75.5311 7
      vertex 35.1152 81.7724 7
      vertex 35.0632 81.8804 7
    endloop
  endfacet
  facet normal 0 0 1
    outer loop
      vertex 29.8121 75.5693 7
      vertex 35.0632 81.8804 7
      vertex 34.977 82.0594 7
    endloop
  endfacet
  facet normal 0 0 1
    outer loop
      vertex 29.8121 75.5693 7
      vertex 34.977 82.0594 7
      vertex 34.8576 82.3074 7
    endloop
  endfacet
  facet normal 0 0 1
    outer loop
      vertex 29.8121 75.5693 7
      vertex 34.8576 82.3074 7
      vertex 34.706 82.6223 7
    endloop
  endfacet
  facet normal -0 0 1
    outer loop
      vertex 30.515 10.7632 7
      vertex 35.9786 5.06149 7
      vertex 30.6314 10.8686 7
    endloop
  endfacet
  facet normal 0 0 1
    outer loop
      vertex 29.6568 75.5923 7
      vertex 34.706 82.6223 7
      vertex 34.5237 83.0008 7
    endloop
  endfacet
  facet normal -0 0 1
    outer loop
      vertex 30.3889 10.6696 7
      vertex 35.9786 5.06149 7
      vertex 30.515 10.7632 7
    endloop
  endfacet
  facet normal -0 0 1
    outer loop
      vertex 30.2542 10.5889 7
      vertex 35.9786 5.06149 7
      vertex 30.3889 10.6696 7
    endloop
  endfacet
  facet normal 0 0 1
    outer loop
      vertex 29.5 75.6 7
      vertex 34.5237 83.0008 7
      vertex 34.3126 83.4393 7
    endloop
  endfacet
  facet normal 0 0 1
    outer loop
      vertex 29.5 75.6 7
      vertex 34.3126 83.4393 7
      vertex 34.0745 83.9339 7
    endloop
  endfacet
  facet normal -0 0 1
    outer loop
      vertex 30.1123 10.5218 7
      vertex 35.9786 5.06149 7
      vertex 30.2542 10.5889 7
    endloop
  endfacet
  facet normal 0 0 1
    outer loop
      vertex 29.3432 75.5923 7
      vertex 34.0745 83.9339 7
      vertex 33.8117 84.4795 7
    endloop
  endfacet
  facet normal -0 0 1
    outer loop
      vertex 29.9645 10.4689 7
      vertex 35.9786 5.06149 7
      vertex 30.1123 10.5218 7
    endloop
  endfacet
  facet normal 0 0 1
    outer loop
      vertex 29.1879 75.5693 7
      vertex 33.8117 84.4795 7
      vertex 33.5271 85.0708 7
    endloop
  endfacet
  facet normal -0 0 1
    outer loop
      vertex 29.8121 10.4307 7
      vertex 35.9786 5.06149 7
      vertex 29.9645 10.4689 7
    endloop
  endfacet
  facet normal 0 0 1
    outer loop
      vertex 29.0355 75.5311 7
      vertex 33.5271 85.0708 7
      vertex 33.223 85.7024 7
    endloop
  endfacet
  facet normal 0 0 1
    outer loop
      vertex 31.0923 73.8432 7
      vertex 35.9786 78.7975 7
      vertex 31.1 74 7
    endloop
  endfacet
  facet normal 0 0 1
    outer loop
      vertex 28.8877 75.4782 7
      vertex 33.223 85.7024 7
      vertex 32.9024 86.3681 7
    endloop
  endfacet
  facet normal 0 -0 1
    outer loop
      vertex 30.9385 0.0213881 7
      vertex 35.9786 5.06149 7
      vertex 29.8121 10.4307 7
    endloop
  endfacet
  facet normal 0 0 1
    outer loop
      vertex 28.8877 75.4782 7
      vertex 32.9024 86.3681 7
      vertex 32.5687 87.0612 7
    endloop
  endfacet
  facet normal 0 0 1
    outer loop
      vertex 35.9786 5.06149 7
      vertex 30.9385 0.0213881 7
      vertex 35.9636 4.75519 7
    endloop
  endfacet
  facet normal 0 0 1
    outer loop
      vertex 28.7458 75.4111 7
      vertex 32.5687 87.0612 7
      vertex 32.2248 87.7755 7
    endloop
  endfacet
  facet normal 0 -0 1
    outer loop
      vertex 31.2448 0.0364332 7
      vertex 35.9636 4.75519 7
      vertex 30.9385 0.0213881 7
    endloop
  endfacet
  facet normal 0 0 1
    outer loop
      vertex 35.8432 3.87134 7
      vertex 35.701 3.40288 7
      vertex 35.7836 3.63373 7
    endloop
  endfacet
  facet normal 0 0 1
    outer loop
      vertex 28.6111 75.3304 7
      vertex 32.2248 87.7755 7
      vertex 31.8741 88.5039 7
    endloop
  endfacet
  facet normal 0 0 1
    outer loop
      vertex 28.485 75.2368 7
      vertex 31.8741 88.5039 7
      vertex 31.5496 89.1779 7
    endloop
  endfacet
  facet normal 0 0 1
    outer loop
      vertex 35.9636 4.75519 7
      vertex 31.2448 0.0364332 7
      vertex 35.8791 4.11368 7
    endloop
  endfacet
  facet normal 0 0 1
    outer loop
      vertex 35.8791 4.11368 7
      vertex 35.701 3.40288 7
      vertex 35.8432 3.87134 7
    endloop
  endfacet
  facet normal 0 0 1
    outer loop
      vertex 35.9786 78.7975 7
      vertex 31.0923 74.1568 7
      vertex 31.1 74 7
    endloop
  endfacet
  facet normal 0 0 1
    outer loop
      vertex 35.9786 78.7975 7
      vertex 31.0693 74.3121 7
      vertex 31.0923 74.1568 7
    endloop
  endfacet
  facet normal 0 0 1
    outer loop
      vertex 35.9786 78.7975 7
      vertex 31.0311 74.4645 7
      vertex 31.0693 74.3121 7
    endloop
  endfacet
  facet normal 0 0 1
    outer loop
      vertex 35.9786 78.7975 7
      vertex 30.9782 74.6123 7
      vertex 31.0311 74.4645 7
    endloop
  endfacet
  facet normal 0 0 1
    outer loop
      vertex 35.9786 78.7975 7
      vertex 30.9111 74.7542 7
      vertex 30.9782 74.6123 7
    endloop
  endfacet
  facet normal 0 0 1
    outer loop
      vertex 35.9786 78.7975 7
      vertex 30.8304 74.8889 7
      vertex 30.9111 74.7542 7
    endloop
  endfacet
  facet normal 0 0 1
    outer loop
      vertex 35.9786 78.7975 7
      vertex 30.7368 75.015 7
      vertex 30.8304 74.8889 7
    endloop
  endfacet
  facet normal 0 0 1
    outer loop
      vertex 35.9786 78.7975 7
      vertex 30.6314 75.1314 7
      vertex 30.7368 75.015 7
    endloop
  endfacet
  facet normal 0 0 1
    outer loop
      vertex 35.9786 78.7975 7
      vertex 30.515 75.2368 7
      vertex 30.6314 75.1314 7
    endloop
  endfacet
  facet normal 0 0 1
    outer loop
      vertex 35.9786 78.7975 7
      vertex 30.3889 75.3304 7
      vertex 30.515 75.2368 7
    endloop
  endfacet
  facet normal 0 0 1
    outer loop
      vertex 35.9786 78.7975 7
      vertex 30.2542 75.4111 7
      vertex 30.3889 75.3304 7
    endloop
  endfacet
  facet normal 0 0 1
    outer loop
      vertex 35.6922 80.4809 7
      vertex 30.1123 75.4782 7
      vertex 30.2542 75.4111 7
    endloop
  endfacet
  facet normal 0 0 1
    outer loop
      vertex 35.3837 81.2147 7
      vertex 29.9645 75.5311 7
      vertex 30.1123 75.4782 7
    endloop
  endfacet
  facet normal 0 0 1
    outer loop
      vertex 35.0632 81.8804 7
      vertex 29.8121 75.5693 7
      vertex 29.9645 75.5311 7
    endloop
  endfacet
  facet normal 0 0 1
    outer loop
      vertex 34.706 82.6223 7
      vertex 29.6568 75.5923 7
      vertex 29.8121 75.5693 7
    endloop
  endfacet
  facet normal 0 0 1
    outer loop
      vertex 34.5237 83.0008 7
      vertex 29.5 75.6 7
      vertex 29.6568 75.5923 7
    endloop
  endfacet
  facet normal 0 0 1
    outer loop
      vertex 34.0745 83.9339 7
      vertex 29.3432 75.5923 7
      vertex 29.5 75.6 7
    endloop
  endfacet
  facet normal 0 0 1
    outer loop
      vertex 33.8117 84.4795 7
      vertex 29.1879 75.5693 7
      vertex 29.3432 75.5923 7
    endloop
  endfacet
  facet normal 0 0 1
    outer loop
      vertex 33.5271 85.0708 7
      vertex 29.0355 75.5311 7
      vertex 29.1879 75.5693 7
    endloop
  endfacet
  facet normal 0 0 1
    outer loop
      vertex 33.223 85.7024 7
      vertex 28.8877 75.4782 7
      vertex 29.0355 75.5311 7
    endloop
  endfacet
  facet normal 0 0 1
    outer loop
      vertex 32.5687 87.0612 7
      vertex 28.7458 75.4111 7
      vertex 28.8877 75.4782 7
    endloop
  endfacet
  facet normal 0 0 1
    outer loop
      vertex 32.2248 87.7755 7
      vertex 28.6111 75.3304 7
      vertex 28.7458 75.4111 7
    endloop
  endfacet
  facet normal 0 0 1
    outer loop
      vertex 31.8741 88.5039 7
      vertex 28.485 75.2368 7
      vertex 28.6111 75.3304 7
    endloop
  endfacet
  facet normal 0 0 1
    outer loop
      vertex 31.5496 89.1779 7
      vertex 28.3686 75.1314 7
      vertex 28.485 75.2368 7
    endloop
  endfacet
  facet normal 0 0 1
    outer loop
      vertex 31.5496 89.1779 7
      vertex 28.2632 75.015 7
      vertex 28.3686 75.1314 7
    endloop
  endfacet
  facet normal 0 0 1
    outer loop
      vertex 31.5496 89.1779 7
      vertex 28.1696 74.8889 7
      vertex 28.2632 75.015 7
    endloop
  endfacet
  facet normal 0 0 1
    outer loop
      vertex 21.2 68.5 7
      vertex 28.1696 74.8889 7
      vertex 31.5496 89.1779 7
    endloop
  endfacet
  facet normal 0 0 1
    outer loop
      vertex 28.1696 74.8889 7
      vertex 21.2 68.5 7
      vertex 28.0889 74.7542 7
    endloop
  endfacet
  facet normal 0 0 1
    outer loop
      vertex 28.0889 74.7542 7
      vertex 21.2 68.5 7
      vertex 28.0218 74.6123 7
    endloop
  endfacet
  facet normal 0 0 1
    outer loop
      vertex 28.0218 74.6123 7
      vertex 21.2 68.5 7
      vertex 27.9689 74.4645 7
    endloop
  endfacet
  facet normal 0 0 1
    outer loop
      vertex 27.9307 12.3121 7
      vertex 21.2 0.0213881 7
      vertex 27.9077 12.1568 7
    endloop
  endfacet
  facet normal 0 0 1
    outer loop
      vertex 27.9077 74.1568 7
      vertex 21.2 68.5 7
      vertex 27.9 74 7
    endloop
  endfacet
  facet normal 0 0 1
    outer loop
      vertex 27.9307 74.3121 7
      vertex 21.2 68.5 7
      vertex 27.9077 74.1568 7
    endloop
  endfacet
  facet normal 0 0 1
    outer loop
      vertex 27.9689 74.4645 7
      vertex 21.2 68.5 7
      vertex 27.9307 74.3121 7
    endloop
  endfacet
  facet normal -0 0 1
    outer loop
      vertex 5.97111 111.588 7
      vertex 31.5496 89.1779 7
      vertex 11.2838 131.268 7
    endloop
  endfacet
  facet normal 0 0 1
    outer loop
      vertex 10.9997 131.741 7
      vertex 11.2838 131.268 7
      vertex 11.1374 131.538 7
    endloop
  endfacet
  facet normal 0 0 1
    outer loop
      vertex 7.23326 133.946 7
      vertex 11.2838 131.268 7
      vertex 10.9997 131.741 7
    endloop
  endfacet
  facet normal 0 0 1
    outer loop
      vertex 7.23326 133.946 7
      vertex 10.9997 131.741 7
      vertex 10.6058 132.254 7
    endloop
  endfacet
  facet normal 0 0 1
    outer loop
      vertex 10.0842 132.768 7
      vertex 10.6058 132.254 7
      vertex 10.4492 132.442 7
    endloop
  endfacet
  facet normal 0 0 1
    outer loop
      vertex 10.0842 132.768 7
      vertex 10.4492 132.442 7
      vertex 10.2746 132.614 7
    endloop
  endfacet
  facet normal 0 0 1
    outer loop
      vertex 10.6058 132.254 7
      vertex 10.0842 132.768 7
      vertex 7.23326 133.946 7
    endloop
  endfacet
  facet normal 0 0 1
    outer loop
      vertex 8.55149 133.659 7
      vertex 10.0842 132.768 7
      vertex 9.57088 133.162 7
    endloop
  endfacet
  facet normal 0 0 1
    outer loop
      vertex 9.14928 133.411 7
      vertex 9.57088 133.162 7
      vertex 9.36614 133.297 7
    endloop
  endfacet
  facet normal 0 0 1
    outer loop
      vertex 9.57088 133.162 7
      vertex 9.14928 133.411 7
      vertex 8.55149 133.659 7
    endloop
  endfacet
  facet normal 0 0 1
    outer loop
      vertex 10.0842 132.768 7
      vertex 8.55149 133.659 7
      vertex 7.23326 133.946 7
    endloop
  endfacet
  facet normal 0 0 1
    outer loop
      vertex 7.87477 133.862 7
      vertex 8.55149 133.659 7
      vertex 8.32437 133.751 7
    endloop
  endfacet
  facet normal 0 0 1
    outer loop
      vertex 7.87477 133.862 7
      vertex 8.32437 133.751 7
      vertex 8.08939 133.82 7
    endloop
  endfacet
  facet normal 0 0 1
    outer loop
      vertex 8.55149 133.659 7
      vertex 7.87477 133.862 7
      vertex 7.23326 133.946 7
    endloop
  endfacet
  facet normal 0 0 1
    outer loop
      vertex 11.2838 131.268 7
      vertex 7.23326 133.946 7
      vertex 6.77026 133.979 7
    endloop
  endfacet
  facet normal 0 0 1
    outer loop
      vertex 1.74171 116.742 7
      vertex 11.2838 131.268 7
      vertex 6.77026 133.979 7
    endloop
  endfacet
  facet normal 0 0 1
    outer loop
      vertex 31.5496 89.1779 7
      vertex 6 111 7
      vertex 5.97111 110.412 7
    endloop
  endfacet
  facet normal -0 0 1
    outer loop
      vertex 5.88471 109.829 7
      vertex 31.5496 89.1779 7
      vertex 5.97111 110.412 7
    endloop
  endfacet
  facet normal -0 0 1
    outer loop
      vertex 5.74164 109.258 7
      vertex 31.5496 89.1779 7
      vertex 5.88471 109.829 7
    endloop
  endfacet
  facet normal -0 0 1
    outer loop
      vertex 5.54328 108.704 7
      vertex 31.5496 89.1779 7
      vertex 5.74164 109.258 7
    endloop
  endfacet
  facet normal -0 0 1
    outer loop
      vertex 5.29153 108.172 7
      vertex 31.5496 89.1779 7
      vertex 5.54328 108.704 7
    endloop
  endfacet
  facet normal -0 0 1
    outer loop
      vertex 4.98882 107.667 7
      vertex 31.5496 89.1779 7
      vertex 5.29153 108.172 7
    endloop
  endfacet
  facet normal -0 0 1
    outer loop
      vertex 4.63806 107.194 7
      vertex 31.5496 89.1779 7
      vertex 4.98882 107.667 7
    endloop
  endfacet
  facet normal -0 0 1
    outer loop
      vertex 4.24264 106.757 7
      vertex 31.5496 89.1779 7
      vertex 4.63806 107.194 7
    endloop
  endfacet
  facet normal -0 0 1
    outer loop
      vertex 3.80636 106.362 7
      vertex 31.5496 89.1779 7
      vertex 4.24264 106.757 7
    endloop
  endfacet
  facet normal -0 0 1
    outer loop
      vertex 3.33342 106.011 7
      vertex 31.5496 89.1779 7
      vertex 3.80636 106.362 7
    endloop
  endfacet
  facet normal -0 0 1
    outer loop
      vertex 2.82838 105.708 7
      vertex 31.5496 89.1779 7
      vertex 3.33342 106.011 7
    endloop
  endfacet
  facet normal -0 0 1
    outer loop
      vertex 2.2961 105.457 7
      vertex 31.5496 89.1779 7
      vertex 2.82838 105.708 7
    endloop
  endfacet
  facet normal 0 0 1
    outer loop
      vertex 31.5496 89.1779 7
      vertex 2.2961 105.457 7
      vertex 21.2 68.5 7
    endloop
  endfacet
  facet normal -0 0 1
    outer loop
      vertex 1.74171 105.258 7
      vertex 21.2 68.5 7
      vertex 2.2961 105.457 7
    endloop
  endfacet
  facet normal -0 0 1
    outer loop
      vertex 1.17054 105.115 7
      vertex 21.2 68.5 7
      vertex 1.74171 105.258 7
    endloop
  endfacet
  facet normal -0 0 1
    outer loop
      vertex 0.588102 105.029 7
      vertex 21.2 68.5 7
      vertex 1.17054 105.115 7
    endloop
  endfacet
  facet normal 0 0 1
    outer loop
      vertex -18.0064 87.3724 7
      vertex 0.588102 105.029 7
      vertex 0 105 7
    endloop
  endfacet
  facet normal 0 0 1
    outer loop
      vertex -17.9786 87.9386 7
      vertex 0 105 7
      vertex -0.588102 105.029 7
    endloop
  endfacet
  facet normal 0 0 1
    outer loop
      vertex -17.9786 87.9386 7
      vertex -0.588102 105.029 7
      vertex -1.17054 105.115 7
    endloop
  endfacet
  facet normal 0 0 1
    outer loop
      vertex -17.9786 87.9386 7
      vertex -1.17054 105.115 7
      vertex -1.74171 105.258 7
    endloop
  endfacet
  facet normal 0 0 1
    outer loop
      vertex -17.9786 87.9386 7
      vertex -1.74171 105.258 7
      vertex -2.2961 105.457 7
    endloop
  endfacet
  facet normal 0 0 1
    outer loop
      vertex -17.9786 87.9386 7
      vertex -2.2961 105.457 7
      vertex -2.82838 105.708 7
    endloop
  endfacet
  facet normal 0 0 1
    outer loop
      vertex -17.9786 87.9386 7
      vertex -2.82838 105.708 7
      vertex -3.33342 106.011 7
    endloop
  endfacet
  facet normal 0 0 1
    outer loop
      vertex -17.9786 87.9386 7
      vertex -3.33342 106.011 7
      vertex -3.80636 106.362 7
    endloop
  endfacet
  facet normal 0 0 1
    outer loop
      vertex -17.9786 87.9386 7
      vertex -3.80636 106.362 7
      vertex -4.24264 106.757 7
    endloop
  endfacet
  facet normal 0 0 1
    outer loop
      vertex -17.9786 87.9386 7
      vertex -4.24264 106.757 7
      vertex -4.63806 107.194 7
    endloop
  endfacet
  facet normal 0 0 1
    outer loop
      vertex -17.9786 87.9386 7
      vertex -4.63806 107.194 7
      vertex -4.98882 107.667 7
    endloop
  endfacet
  facet normal 0 0 1
    outer loop
      vertex -11.2952 131.245 7
      vertex -6.79654 133.979 7
      vertex -7.10284 133.964 7
    endloop
  endfacet
  facet normal 0 0 1
    outer loop
      vertex -11.2952 131.245 7
      vertex -7.10284 133.964 7
      vertex -7.74436 133.879 7
    endloop
  endfacet
  facet normal 0 0 1
    outer loop
      vertex -5.54328 113.296 7
      vertex -17.9786 116.208 7
      vertex -5.74164 112.742 7
    endloop
  endfacet
  facet normal 0 0 1
    outer loop
      vertex -8.45516 133.701 7
      vertex -7.74436 133.879 7
      vertex -7.9867 133.843 7
    endloop
  endfacet
  facet normal 0 0 1
    outer loop
      vertex -8.45516 133.701 7
      vertex -7.9867 133.843 7
      vertex -8.22431 133.784 7
    endloop
  endfacet
  facet normal 0 0 1
    outer loop
      vertex -9.6814 133.077 7
      vertex -7.74436 133.879 7
      vertex -8.45516 133.701 7
    endloop
  endfacet
  facet normal 0 0 1
    outer loop
      vertex -9.6814 133.077 7
      vertex -8.45516 133.701 7
      vertex -9.05295 133.453 7
    endloop
  endfacet
  facet normal 0 0 1
    outer loop
      vertex -9.6814 133.077 7
      vertex -9.05295 133.453 7
      vertex -9.2744 133.349 7
    endloop
  endfacet
  facet normal 0 0 1
    outer loop
      vertex -9.6814 133.077 7
      vertex -9.2744 133.349 7
      vertex -9.48456 133.223 7
    endloop
  endfacet
  facet normal 0 0 1
    outer loop
      vertex -5.74164 112.742 7
      vertex -17.9786 116.208 7
      vertex -5.88471 112.171 7
    endloop
  endfacet
  facet normal 0 0 1
    outer loop
      vertex -7.74436 133.879 7
      vertex -9.6814 133.077 7
      vertex -10.9348 131.823 7
    endloop
  endfacet
  facet normal 0 0 1
    outer loop
      vertex -10.9348 131.823 7
      vertex -9.6814 133.077 7
      vertex -10.1947 132.683 7
    endloop
  endfacet
  facet normal 0 0 1
    outer loop
      vertex -10.5409 132.337 7
      vertex -10.1947 132.683 7
      vertex -10.3763 132.518 7
    endloop
  endfacet
  facet normal 0 0 1
    outer loop
      vertex -10.1947 132.683 7
      vertex -10.5409 132.337 7
      vertex -10.9348 131.823 7
    endloop
  endfacet
  facet normal 0 0 1
    outer loop
      vertex -7.74436 133.879 7
      vertex -10.9348 131.823 7
      vertex -11.2952 131.245 7
    endloop
  endfacet
  facet normal 0 0 1
    outer loop
      vertex -11.2952 131.245 7
      vertex -10.9348 131.823 7
      vertex -11.065 131.648 7
    endloop
  endfacet
  facet normal 0 0 1
    outer loop
      vertex -5.97111 111.588 7
      vertex -17.9786 116.208 7
      vertex -6 111 7
    endloop
  endfacet
  facet normal 0 0 1
    outer loop
      vertex -6 111 7
      vertex -17.9786 116.208 7
      vertex -5.97111 110.412 7
    endloop
  endfacet
  facet normal 0 0 1
    outer loop
      vertex -5.97111 110.412 7
      vertex -17.9786 116.208 7
      vertex -5.88471 109.829 7
    endloop
  endfacet
  facet normal 0 0 1
    outer loop
      vertex -5.88471 109.829 7
      vertex -17.9786 116.208 7
      vertex -5.74164 109.258 7
    endloop
  endfacet
  facet normal 0 0 1
    outer loop
      vertex -5.74164 109.258 7
      vertex -17.9786 116.208 7
      vertex -5.54328 108.704 7
    endloop
  endfacet
  facet normal 0 0 1
    outer loop
      vertex -5.54328 108.704 7
      vertex -17.9786 116.208 7
      vertex -5.29153 108.172 7
    endloop
  endfacet
  facet normal 0 0 1
    outer loop
      vertex -17.9786 87.9386 7
      vertex -5.29153 108.172 7
      vertex -17.9786 116.208 7
    endloop
  endfacet
  facet normal 0 0 1
    outer loop
      vertex -5.88471 112.171 7
      vertex -17.9786 116.208 7
      vertex -5.97111 111.588 7
    endloop
  endfacet
  facet normal 0 0 1
    outer loop
      vertex -17.8615 117.269 7
      vertex -17.4917 118.34 7
      vertex -17.7393 117.743 7
    endloop
  endfacet
  facet normal 0 0 1
    outer loop
      vertex -17.8615 117.269 7
      vertex -17.7393 117.743 7
      vertex -17.8121 117.509 7
    endloop
  endfacet
  facet normal 0 0 1
    outer loop
      vertex -17.4917 118.34 7
      vertex -17.8615 117.269 7
      vertex -17.946 116.627 7
    endloop
  endfacet
  facet normal 0 0 1
    outer loop
      vertex -17.4917 118.34 7
      vertex -17.946 116.627 7
      vertex -17.9786 116.208 7
    endloop
  endfacet
  facet normal 0 0 1
    outer loop
      vertex -17.9786 116.208 7
      vertex -17.946 116.627 7
      vertex -17.9744 116.357 7
    endloop
  endfacet
  facet normal 0 0 1
    outer loop
      vertex -5.29153 108.172 7
      vertex -17.9786 87.9386 7
      vertex -4.98882 107.667 7
    endloop
  endfacet
  facet normal 0 0 1
    outer loop
      vertex 0 105 7
      vertex -17.9786 87.9386 7
      vertex -18.0064 87.3724 7
    endloop
  endfacet
  facet normal 0 0 1
    outer loop
      vertex 0.588102 105.029 7
      vertex -18.0064 87.3724 7
      vertex -18.0353 87.1777 7
    endloop
  endfacet
  facet normal 0 0 1
    outer loop
      vertex 0.588102 105.029 7
      vertex -18.0353 87.1777 7
      vertex 21.2 68.5 7
    endloop
  endfacet
  facet normal -0 0 1
    outer loop
      vertex -18.2143 86.4634 7
      vertex 21.2 68.5 7
      vertex -18.0353 87.1777 7
    endloop
  endfacet
  facet normal -0 0 1
    outer loop
      vertex -18.3531 86.0753 7
      vertex 21.2 68.5 7
      vertex -18.2143 86.4634 7
    endloop
  endfacet
  facet normal -0 0 1
    outer loop
      vertex -18.5295 85.7024 7
      vertex 21.2 68.5 7
      vertex -18.3531 86.0753 7
    endloop
  endfacet
  facet normal -0 0 1
    outer loop
      vertex -18.9081 85.0708 7
      vertex 21.2 68.5 7
      vertex -18.5295 85.7024 7
    endloop
  endfacet
  facet normal 0 0 1
    outer loop
      vertex -21.2 68.5 7
      vertex -18.9081 85.0708 7
      vertex -19.0252 84.9128 7
    endloop
  endfacet
  facet normal 0 0 1
    outer loop
      vertex -21.2 68.5 7
      vertex -19.0252 84.9128 7
      vertex -19.4472 84.4472 7
    endloop
  endfacet
  facet normal 0 0 1
    outer loop
      vertex -21.2 68.5 7
      vertex -19.4472 84.4472 7
      vertex -19.9128 84.0252 7
    endloop
  endfacet
  facet normal 0 0 1
    outer loop
      vertex -21.2 68.5 7
      vertex -19.9128 84.0252 7
      vertex -20.0708 83.9081 7
    endloop
  endfacet
  facet normal 0 0 1
    outer loop
      vertex -21.2 68.5 7
      vertex -20.0708 83.9081 7
      vertex -20.7024 83.5295 7
    endloop
  endfacet
  facet normal 0 0 1
    outer loop
      vertex -21.2 68.5 7
      vertex -20.7024 83.5295 7
      vertex -21.0753 83.3531 7
    endloop
  endfacet
  facet normal 0 0 1
    outer loop
      vertex -18.9081 85.0708 7
      vertex -21.2 68.5 7
      vertex 21.2 68.5 7
    endloop
  endfacet
  facet normal -0 0 1
    outer loop
      vertex -21.4634 83.2143 7
      vertex -21.2 68.5 7
      vertex -21.0753 83.3531 7
    endloop
  endfacet
  facet normal -0 0 1
    outer loop
      vertex -22.1778 83.0353 7
      vertex -21.2 68.5 7
      vertex -21.4634 83.2143 7
    endloop
  endfacet
  facet normal -0 0 1
    outer loop
      vertex -27.9077 74.1568 7
      vertex -21.2 68.5 7
      vertex -22.1778 83.0353 7
    endloop
  endfacet
  facet normal 0 0 1
    outer loop
      vertex -27.9077 74.1568 7
      vertex -22.1778 83.0353 7
      vertex -22.3724 83.0064 7
    endloop
  endfacet
  facet normal 0 0 1
    outer loop
      vertex -28.0218 74.6123 7
      vertex -22.3724 83.0064 7
      vertex -22.9386 82.9786 7
    endloop
  endfacet
  facet normal -0 0 1
    outer loop
      vertex -27.9077 73.8432 7
      vertex -21.2 68.5 7
      vertex -27.9 74 7
    endloop
  endfacet
  facet normal 0 0 1
    outer loop
      vertex -21.2 68.5 7
      vertex -27.9 12 7
      vertex -21.2 0.0213881 7
    endloop
  endfacet
  facet normal -0 0 1
    outer loop
      vertex -27.9077 11.8432 7
      vertex -21.2 0.0213881 7
      vertex -27.9 12 7
    endloop
  endfacet
  facet normal -0 0 1
    outer loop
      vertex -27.9307 11.6879 7
      vertex -21.2 0.0213881 7
      vertex -27.9077 11.8432 7
    endloop
  endfacet
  facet normal -0 0 1
    outer loop
      vertex -27.9689 11.5355 7
      vertex -21.2 0.0213881 7
      vertex -27.9307 11.6879 7
    endloop
  endfacet
  facet normal -0 0 1
    outer loop
      vertex -28.0218 11.3877 7
      vertex -21.2 0.0213881 7
      vertex -27.9689 11.5355 7
    endloop
  endfacet
  facet normal -0 0 1
    outer loop
      vertex -28.0889 11.2458 7
      vertex -21.2 0.0213881 7
      vertex -28.0218 11.3877 7
    endloop
  endfacet
  facet normal -0 0 1
    outer loop
      vertex -28.1696 11.1111 7
      vertex -21.2 0.0213881 7
      vertex -28.0889 11.2458 7
    endloop
  endfacet
  facet normal -0 0 1
    outer loop
      vertex -28.2632 10.985 7
      vertex -21.2 0.0213881 7
      vertex -28.1696 11.1111 7
    endloop
  endfacet
  facet normal -0 0 1
    outer loop
      vertex -28.3686 10.8686 7
      vertex -21.2 0.0213881 7
      vertex -28.2632 10.985 7
    endloop
  endfacet
  facet normal -0 0 1
    outer loop
      vertex -28.485 10.7632 7
      vertex -21.2 0.0213881 7
      vertex -28.3686 10.8686 7
    endloop
  endfacet
  facet normal -0 0 1
    outer loop
      vertex -28.6111 10.6696 7
      vertex -21.2 0.0213881 7
      vertex -28.485 10.7632 7
    endloop
  endfacet
  facet normal -0 0 1
    outer loop
      vertex -28.7458 10.5889 7
      vertex -21.2 0.0213881 7
      vertex -28.6111 10.6696 7
    endloop
  endfacet
  facet normal -0 0 1
    outer loop
      vertex -28.8877 10.5218 7
      vertex -21.2 0.0213881 7
      vertex -28.7458 10.5889 7
    endloop
  endfacet
  facet normal 0 0 1
    outer loop
      vertex -30.9385 0.0213881 7
      vertex -28.8877 10.5218 7
      vertex -29.0355 10.4689 7
    endloop
  endfacet
  facet normal 0 0 1
    outer loop
      vertex -30.9385 0.0213881 7
      vertex -29.0355 10.4689 7
      vertex -29.1879 10.4307 7
    endloop
  endfacet
  facet normal 0 0 1
    outer loop
      vertex -30.9385 0.0213881 7
      vertex -29.1879 10.4307 7
      vertex -29.3432 10.4077 7
    endloop
  endfacet
  facet normal 0 0 1
    outer loop
      vertex -30.9385 0.0213881 7
      vertex -29.3432 10.4077 7
      vertex -29.5 10.4 7
    endloop
  endfacet
  facet normal 0 0 1
    outer loop
      vertex -30.9385 0.0213881 7
      vertex -29.5 10.4 7
      vertex -29.6568 10.4077 7
    endloop
  endfacet
  facet normal 0 0 1
    outer loop
      vertex -30.9385 0.0213881 7
      vertex -29.6568 10.4077 7
      vertex -29.8121 10.4307 7
    endloop
  endfacet
  facet normal 0 0 1
    outer loop
      vertex -35.9786 5.06149 7
      vertex -29.8121 10.4307 7
      vertex -29.9645 10.4689 7
    endloop
  endfacet
  facet normal 0 0 1
    outer loop
      vertex -35.9786 5.06149 7
      vertex -29.9645 10.4689 7
      vertex -30.1123 10.5218 7
    endloop
  endfacet
  facet normal 0 0 1
    outer loop
      vertex -35.9786 5.06149 7
      vertex -30.1123 10.5218 7
      vertex -30.2542 10.5889 7
    endloop
  endfacet
  facet normal 0 0 1
    outer loop
      vertex -35.9786 5.06149 7
      vertex -30.2542 10.5889 7
      vertex -30.3889 10.6696 7
    endloop
  endfacet
  facet normal 0 0 1
    outer loop
      vertex -35.9786 5.06149 7
      vertex -30.3889 10.6696 7
      vertex -30.515 10.7632 7
    endloop
  endfacet
  facet normal 0 0 1
    outer loop
      vertex -35.9786 5.06149 7
      vertex -30.515 10.7632 7
      vertex -30.6314 10.8686 7
    endloop
  endfacet
  facet normal 0 0 1
    outer loop
      vertex -35.9786 5.06149 7
      vertex -30.6314 10.8686 7
      vertex -30.7368 10.985 7
    endloop
  endfacet
  facet normal 0 0 1
    outer loop
      vertex -28.8877 10.5218 7
      vertex -30.9385 0.0213881 7
      vertex -21.2 0.0213881 7
    endloop
  endfacet
  facet normal 0 0 1
    outer loop
      vertex -35.9786 5.06149 7
      vertex -30.7368 10.985 7
      vertex -30.8304 11.1111 7
    endloop
  endfacet
  facet normal 0 0 1
    outer loop
      vertex -35.9786 5.06149 7
      vertex -30.8304 11.1111 7
      vertex -30.9111 11.2458 7
    endloop
  endfacet
  facet normal 0 0 1
    outer loop
      vertex -35.9786 5.06149 7
      vertex -30.9111 11.2458 7
      vertex -30.9782 11.3877 7
    endloop
  endfacet
  facet normal 0 0 1
    outer loop
      vertex -35.9786 5.06149 7
      vertex -30.9782 11.3877 7
      vertex -31.0311 11.5355 7
    endloop
  endfacet
  facet normal 0 0 1
    outer loop
      vertex -35.9786 5.06149 7
      vertex -31.0311 11.5355 7
      vertex -31.0693 11.6879 7
    endloop
  endfacet
  facet normal 0 0 1
    outer loop
      vertex -35.9786 5.06149 7
      vertex -31.0693 11.6879 7
      vertex -31.0923 11.8432 7
    endloop
  endfacet
  facet normal 0 0 1
    outer loop
      vertex -35.9786 5.06149 7
      vertex -31.0923 11.8432 7
      vertex -31.1 12 7
    endloop
  endfacet
  facet normal 0 0 1
    outer loop
      vertex -29.8121 10.4307 7
      vertex -35.9786 5.06149 7
      vertex -30.9385 0.0213881 7
    endloop
  endfacet
  facet normal 0 0 1
    outer loop
      vertex -31.0693 12.3121 7
      vertex -35.9786 5.06149 7
      vertex -31.0923 12.1568 7
    endloop
  endfacet
  facet normal 0 0 1
    outer loop
      vertex -30.515 75.2368 7
      vertex -35.9786 77.9385 7
      vertex -30.6314 75.1314 7
    endloop
  endfacet
  facet normal 0 0 1
    outer loop
      vertex -31.0923 12.1568 7
      vertex -35.9786 5.06149 7
      vertex -31.1 12 7
    endloop
  endfacet
  facet normal 0 0 1
    outer loop
      vertex -32.5971 82.701 7
      vertex -31.8863 82.8791 7
      vertex -32.1287 82.8432 7
    endloop
  endfacet
  facet normal 0 0 1
    outer loop
      vertex -30.9385 0.0213881 7
      vertex -35.9786 5.06149 7
      vertex -31.2448 0.0364332 7
    endloop
  endfacet
  facet normal 0 0 1
    outer loop
      vertex -32.5971 82.701 7
      vertex -32.1287 82.8432 7
      vertex -32.3663 82.7836 7
    endloop
  endfacet
  facet normal -0 -0 1
    outer loop
      vertex -35.9636 4.75519 7
      vertex -31.2448 0.0364332 7
      vertex -35.9786 5.06149 7
    endloop
  endfacet
  facet normal 0 0 1
    outer loop
      vertex -30.6314 75.1314 7
      vertex -35.9786 77.9385 7
      vertex -30.7368 75.015 7
    endloop
  endfacet
  facet normal 0 0 1
    outer loop
      vertex -31.2448 0.0364332 7
      vertex -35.9636 4.75519 7
      vertex -31.8863 0.120891 7
    endloop
  endfacet
  facet normal 0 0 1
    outer loop
      vertex -30.7368 75.015 7
      vertex -35.9786 77.9385 7
      vertex -30.8304 74.8889 7
    endloop
  endfacet
  facet normal -0 -0 1
    outer loop
      vertex -32.5971 0.298961 7
      vertex -31.8863 0.120891 7
      vertex -35.9636 4.75519 7
    endloop
  endfacet
  facet normal 0 0 1
    outer loop
      vertex -33.8234 82.0767 7
      vertex -33.1949 82.4534 7
      vertex -33.4164 82.3487 7
    endloop
  endfacet
  facet normal 0 0 1
    outer loop
      vertex -32.1287 0.15684 7
      vertex -32.5971 0.298961 7
      vertex -32.3663 0.216365 7
    endloop
  endfacet
  facet normal 0 0 1
    outer loop
      vertex -33.8234 82.0767 7
      vertex -33.4164 82.3487 7
      vertex -33.6265 82.2227 7
    endloop
  endfacet
  facet normal 0 0 1
    outer loop
      vertex -31.8863 0.120891 7
      vertex -32.5971 0.298961 7
      vertex -32.1287 0.15684 7
    endloop
  endfacet
  facet normal 0 0 1
    outer loop
      vertex -30.8304 74.8889 7
      vertex -35.9786 77.9385 7
      vertex -30.9111 74.7542 7
    endloop
  endfacet
  facet normal 0 0 1
    outer loop
      vertex -32.5971 0.298961 7
      vertex -35.9636 4.75519 7
      vertex -33.1949 0.546575 7
    endloop
  endfacet
  facet normal -0 0 1
    outer loop
      vertex -35.9786 77.9385 7
      vertex -30.515 75.2368 7
      vertex -35.9636 78.2448 7
    endloop
  endfacet
  facet normal 0 0 1
    outer loop
      vertex -33.1949 0.546575 7
      vertex -33.8234 0.923268 7
      vertex -33.4164 0.651311 7
    endloop
  endfacet
  facet normal 0 0 1
    outer loop
      vertex -34.6828 81.3367 7
      vertex -34.3367 81.6828 7
      vertex -34.5183 81.5183 7
    endloop
  endfacet
  facet normal 0 0 1
    outer loop
      vertex -33.4164 0.651311 7
      vertex -33.8234 0.923268 7
      vertex -33.6265 0.777272 7
    endloop
  endfacet
  facet normal 0 0 1
    outer loop
      vertex -30.3889 75.3304 7
      vertex -35.9636 78.2448 7
      vertex -30.515 75.2368 7
    endloop
  endfacet
  facet normal 0 0 1
    outer loop
      vertex -33.1949 0.546575 7
      vertex -35.9636 4.75519 7
      vertex -33.8234 0.923268 7
    endloop
  endfacet
  facet normal 0 0 1
    outer loop
      vertex -30.9111 74.7542 7
      vertex -35.9786 77.9385 7
      vertex -30.9782 74.6123 7
    endloop
  endfacet
  facet normal 0 0 1
    outer loop
      vertex -33.8234 0.923268 7
      vertex -35.0767 2.17663 7
      vertex -34.3367 1.31717 7
    endloop
  endfacet
  facet normal 0 0 1
    outer loop
      vertex -35.4534 80.1949 7
      vertex -35.0767 80.8234 7
      vertex -35.2227 80.6265 7
    endloop
  endfacet
  facet normal 0 0 1
    outer loop
      vertex -34.3367 1.31717 7
      vertex -34.6828 1.6633 7
      vertex -34.5183 1.48172 7
    endloop
  endfacet
  facet normal 0 0 1
    outer loop
      vertex -35.4534 80.1949 7
      vertex -35.2227 80.6265 7
      vertex -35.3487 80.4164 7
    endloop
  endfacet
  facet normal 0 0 1
    outer loop
      vertex -34.3367 1.31717 7
      vertex -35.0767 2.17663 7
      vertex -34.6828 1.6633 7
    endloop
  endfacet
  facet normal 0 0 1
    outer loop
      vertex -30.9782 74.6123 7
      vertex -35.9786 77.9385 7
      vertex -31.0311 74.4645 7
    endloop
  endfacet
  facet normal 0 0 1
    outer loop
      vertex -33.8234 0.923268 7
      vertex -35.8791 4.11368 7
      vertex -35.0767 2.17663 7
    endloop
  endfacet
  facet normal 0 0 1
    outer loop
      vertex -31.0311 74.4645 7
      vertex -35.9786 77.9385 7
      vertex -31.0693 74.3121 7
    endloop
  endfacet
  facet normal 0 0 1
    outer loop
      vertex -35.0767 2.17663 7
      vertex -35.4534 2.80508 7
      vertex -35.2227 2.37347 7
    endloop
  endfacet
  facet normal 0 0 1
    outer loop
      vertex -35.8791 78.8863 7
      vertex -35.701 79.5971 7
      vertex -35.7836 79.3663 7
    endloop
  endfacet
  facet normal 0 0 1
    outer loop
      vertex -35.2227 2.37347 7
      vertex -35.4534 2.80508 7
      vertex -35.3487 2.58363 7
    endloop
  endfacet
  facet normal 0 0 1
    outer loop
      vertex -35.8791 78.8863 7
      vertex -35.7836 79.3663 7
      vertex -35.8432 79.1287 7
    endloop
  endfacet
  facet normal 0 0 1
    outer loop
      vertex -35.0767 2.17663 7
      vertex -35.8791 4.11368 7
      vertex -35.4534 2.80508 7
    endloop
  endfacet
  facet normal 0 0 1
    outer loop
      vertex -31.0693 74.3121 7
      vertex -35.9786 77.9385 7
      vertex -31.0923 74.1568 7
    endloop
  endfacet
  facet normal 0 0 1
    outer loop
      vertex -35.4534 2.80508 7
      vertex -35.8791 4.11368 7
      vertex -35.701 3.40288 7
    endloop
  endfacet
  facet normal 0 0 1
    outer loop
      vertex -31.0923 74.1568 7
      vertex -35.9786 77.9385 7
      vertex -31.1 74 7
    endloop
  endfacet
  facet normal 0 0 1
    outer loop
      vertex -35.701 3.40288 7
      vertex -35.8791 4.11368 7
      vertex -35.7836 3.63373 7
    endloop
  endfacet
  facet normal 0 0 1
    outer loop
      vertex -35.7836 3.63373 7
      vertex -35.8791 4.11368 7
      vertex -35.8432 3.87134 7
    endloop
  endfacet
  facet normal 0 0 1
    outer loop
      vertex -33.8234 0.923268 7
      vertex -35.9636 4.75519 7
      vertex -35.8791 4.11368 7
    endloop
  endfacet
  facet normal 0 0 1
    outer loop
      vertex 35.701 3.40288 7
      vertex 31.2448 0.0364332 7
      vertex 35.4534 2.80508 7
    endloop
  endfacet
  facet normal 0 0 1
    outer loop
      vertex 35.4534 2.80508 7
      vertex 35.0767 2.17663 7
      vertex 35.3487 2.58363 7
    endloop
  endfacet
  facet normal 0 0 1
    outer loop
      vertex 35.3487 2.58363 7
      vertex 35.0767 2.17663 7
      vertex 35.2227 2.37347 7
    endloop
  endfacet
  facet normal 0 0 1
    outer loop
      vertex 35.4534 2.80508 7
      vertex 31.2448 0.0364332 7
      vertex 35.0767 2.17663 7
    endloop
  endfacet
  facet normal 0 0 1
    outer loop
      vertex 35.0767 2.17663 7
      vertex 33.8234 0.923268 7
      vertex 34.6828 1.6633 7
    endloop
  endfacet
  facet normal 0 0 1
    outer loop
      vertex 34.6828 1.6633 7
      vertex 34.3367 1.31717 7
      vertex 34.5183 1.48172 7
    endloop
  endfacet
  facet normal 0 0 1
    outer loop
      vertex 34.6828 1.6633 7
      vertex 33.8234 0.923268 7
      vertex 34.3367 1.31717 7
    endloop
  endfacet
  facet normal 0 0 1
    outer loop
      vertex 35.0767 2.17663 7
      vertex 31.8863 0.120891 7
      vertex 33.8234 0.923268 7
    endloop
  endfacet
  facet normal 0 0 1
    outer loop
      vertex 33.8234 0.923268 7
      vertex 33.1949 0.546575 7
      vertex 33.6265 0.777272 7
    endloop
  endfacet
  facet normal 0 0 1
    outer loop
      vertex 33.6265 0.777272 7
      vertex 33.1949 0.546575 7
      vertex 33.4164 0.651311 7
    endloop
  endfacet
  facet normal 0 0 1
    outer loop
      vertex 33.8234 0.923268 7
      vertex 31.8863 0.120891 7
      vertex 33.1949 0.546575 7
    endloop
  endfacet
  facet normal 0 0 1
    outer loop
      vertex 33.1949 0.546575 7
      vertex 31.8863 0.120891 7
      vertex 32.5971 0.298961 7
    endloop
  endfacet
  facet normal 0 0 1
    outer loop
      vertex 32.3663 0.216365 7
      vertex 31.8863 0.120891 7
      vertex 32.1287 0.15684 7
    endloop
  endfacet
  facet normal 0 0 1
    outer loop
      vertex 32.5971 0.298961 7
      vertex 31.8863 0.120891 7
      vertex 32.3663 0.216365 7
    endloop
  endfacet
  facet normal 0 0 1
    outer loop
      vertex 35.0767 2.17663 7
      vertex 31.2448 0.0364332 7
      vertex 31.8863 0.120891 7
    endloop
  endfacet
  facet normal 0 -0 1
    outer loop
      vertex 35.701 3.40288 7
      vertex 35.8791 4.11368 7
      vertex 31.2448 0.0364332 7
    endloop
  endfacet
  facet normal -0 0 1
    outer loop
      vertex 29.6568 10.4077 7
      vertex 30.9385 0.0213881 7
      vertex 29.8121 10.4307 7
    endloop
  endfacet
  facet normal -0 0 1
    outer loop
      vertex 29.5 10.4 7
      vertex 30.9385 0.0213881 7
      vertex 29.6568 10.4077 7
    endloop
  endfacet
  facet normal 0 0 1
    outer loop
      vertex 29.3432 10.4077 7
      vertex 30.9385 0.0213881 7
      vertex 29.5 10.4 7
    endloop
  endfacet
  facet normal 0 0 1
    outer loop
      vertex 29.1879 10.4307 7
      vertex 30.9385 0.0213881 7
      vertex 29.3432 10.4077 7
    endloop
  endfacet
  facet normal 0 0 1
    outer loop
      vertex 29.0355 10.4689 7
      vertex 30.9385 0.0213881 7
      vertex 29.1879 10.4307 7
    endloop
  endfacet
  facet normal 0 0 1
    outer loop
      vertex 28.8877 10.5218 7
      vertex 30.9385 0.0213881 7
      vertex 29.0355 10.4689 7
    endloop
  endfacet
  facet normal 0 0 1
    outer loop
      vertex 21.2 0.0213881 7
      vertex 28.8877 10.5218 7
      vertex 28.7458 10.5889 7
    endloop
  endfacet
  facet normal 0 0 1
    outer loop
      vertex 21.2 0.0213881 7
      vertex 28.7458 10.5889 7
      vertex 28.6111 10.6696 7
    endloop
  endfacet
  facet normal 0 0 1
    outer loop
      vertex 21.2 0.0213881 7
      vertex 28.6111 10.6696 7
      vertex 28.485 10.7632 7
    endloop
  endfacet
  facet normal 0 0 1
    outer loop
      vertex 21.2 0.0213881 7
      vertex 28.485 10.7632 7
      vertex 28.3686 10.8686 7
    endloop
  endfacet
  facet normal 0 0 1
    outer loop
      vertex 21.2 0.0213881 7
      vertex 28.3686 10.8686 7
      vertex 28.2632 10.985 7
    endloop
  endfacet
  facet normal 0 0 1
    outer loop
      vertex 21.2 0.0213881 7
      vertex 28.2632 10.985 7
      vertex 28.1696 11.1111 7
    endloop
  endfacet
  facet normal 0 0 1
    outer loop
      vertex 21.2 0.0213881 7
      vertex 28.1696 11.1111 7
      vertex 28.0889 11.2458 7
    endloop
  endfacet
  facet normal 0 0 1
    outer loop
      vertex 21.2 0.0213881 7
      vertex 28.0889 11.2458 7
      vertex 28.0218 11.3877 7
    endloop
  endfacet
  facet normal 0 0 1
    outer loop
      vertex 21.2 0.0213881 7
      vertex 28.0218 11.3877 7
      vertex 27.9689 11.5355 7
    endloop
  endfacet
  facet normal 0 0 1
    outer loop
      vertex 27.9077 12.1568 7
      vertex 21.2 0.0213881 7
      vertex 27.9 12 7
    endloop
  endfacet
  facet normal 0 0 1
    outer loop
      vertex 28.8877 10.5218 7
      vertex 21.2 0.0213881 7
      vertex 30.9385 0.0213881 7
    endloop
  endfacet
  facet normal 0 0 1
    outer loop
      vertex 27.9307 11.6879 7
      vertex 21.2 0.0213881 7
      vertex 27.9689 11.5355 7
    endloop
  endfacet
  facet normal 0 0 1
    outer loop
      vertex 27.9077 11.8432 7
      vertex 21.2 0.0213881 7
      vertex 27.9307 11.6879 7
    endloop
  endfacet
  facet normal 0 0 1
    outer loop
      vertex 27.9 12 7
      vertex 21.2 0.0213881 7
      vertex 27.9077 11.8432 7
    endloop
  endfacet
  facet normal 0 0 -1
    outer loop
      vertex 10.4083 0 7
      vertex 21.2 0.0213881 7
      vertex 21.2 0 7
    endloop
  endfacet
  facet normal -0 0 -1
    outer loop
      vertex 21.2 0.0213881 7
      vertex 10.4083 0 7
      vertex 10.4083 0.0213881 7
    endloop
  endfacet
  facet normal 1 0 0
    outer loop
      vertex 21.2 68.5 7.05023
      vertex 21.2 0.0213881 7
      vertex 21.2 68.5 7
    endloop
  endfacet
  facet normal 1 -0 0
    outer loop
      vertex 21.2 0 7.05023
      vertex 21.2 0.0213881 7
      vertex 21.2 68.5 7.05023
    endloop
  endfacet
  facet normal 1 0 0
    outer loop
      vertex 21.2 0.0213881 7
      vertex 21.2 0 7.05023
      vertex 21.2 0 7
    endloop
  endfacet
  facet normal -0.0377562 0 0.999287
    outer loop
      vertex -1.41333 68.5 16.6644
      vertex -0.706665 0 16.6911
      vertex -0.706665 68.5 16.6911
    endloop
  endfacet
  facet normal -0.0377562 0 0.999287
    outer loop
      vertex -0.706665 0 16.6911
      vertex -1.41333 68.5 16.6644
      vertex -1.41333 0 16.6644
    endloop
  endfacet
  facet normal -0.741656 0 0.670781
    outer loop
      vertex -21.2 0 7.05023
      vertex -20.4933 68.5 7.8316
      vertex -21.2 68.5 7.05023
    endloop
  endfacet
  facet normal -0.741656 0 0.670781
    outer loop
      vertex -20.4933 68.5 7.8316
      vertex -21.2 0 7.05023
      vertex -20.4933 0 7.8316
    endloop
  endfacet
  facet normal -0.490203 0 0.871608
    outer loop
      vertex -14.1333 68.5 12.889
      vertex -13.4267 0 13.2864
      vertex -13.4267 68.5 13.2864
    endloop
  endfacet
  facet normal -0.490203 0 0.871608
    outer loop
      vertex -13.4267 0 13.2864
      vertex -14.1333 68.5 12.889
      vertex -14.1333 0 12.889
    endloop
  endfacet
  facet normal 0.590809 0 0.806811
    outer loop
      vertex 16.2533 68.5 11.5253
      vertex 16.96 0 11.0078
      vertex 16.96 68.5 11.0078
    endloop
  endfacet
  facet normal 0.590809 0 0.806811
    outer loop
      vertex 16.96 0 11.0078
      vertex 16.2533 68.5 11.5253
      vertex 16.2533 0 11.5253
    endloop
  endfacet
  facet normal 0.389653 0 0.920962
    outer loop
      vertex 10.6 68.5 14.625
      vertex 11.3067 0 14.326
      vertex 11.3067 68.5 14.326
    endloop
  endfacet
  facet normal 0.389653 0 0.920962
    outer loop
      vertex 11.3067 0 14.326
      vertex 10.6 68.5 14.625
      vertex 10.6 0 14.625
    endloop
  endfacet
  facet normal -0.716559 0 0.697527
    outer loop
      vertex -20.4933 0 7.8316
      vertex -19.7867 68.5 8.55748
      vertex -20.4933 68.5 7.8316
    endloop
  endfacet
  facet normal -0.716559 0 0.697527
    outer loop
      vertex -19.7867 68.5 8.55748
      vertex -20.4933 0 7.8316
      vertex -19.7867 0 8.55748
    endloop
  endfacet
  facet normal -0.666214 0 0.745761
    outer loop
      vertex -19.08 68.5 9.2337
      vertex -18.3733 0 9.86502
      vertex -18.3733 68.5 9.86502
    endloop
  endfacet
  facet normal -0.666214 0 0.745761
    outer loop
      vertex -18.3733 0 9.86502
      vertex -19.08 68.5 9.2337
      vertex -19.08 0 9.2337
    endloop
  endfacet
  facet normal -1 0 0
    outer loop
      vertex -21.2 0.0213881 7
      vertex -21.2 68.5 7.05023
      vertex -21.2 68.5 7
    endloop
  endfacet
  facet normal -1 0 0
    outer loop
      vertex -21.2 0 7.05023
      vertex -21.2 0.0213881 7
      vertex -21.2 0 7
    endloop
  endfacet
  facet normal -1 0 0
    outer loop
      vertex -21.2 0.0213881 7
      vertex -21.2 0 7.05023
      vertex -21.2 68.5 7.05023
    endloop
  endfacet
  facet normal 0.0125934 0 0.999921
    outer loop
      vertex 0 68.5 16.7
      vertex 0.706665 0 16.6911
      vertex 0.706665 68.5 16.6911
    endloop
  endfacet
  facet normal 0.0125934 0 0.999921
    outer loop
      vertex 0.706665 0 16.6911
      vertex 0 68.5 16.7
      vertex 0 0 16.7
    endloop
  endfacet
  facet normal 0.741656 -0 0.670781
    outer loop
      vertex 20.4933 0 7.8316
      vertex 21.2 68.5 7.05023
      vertex 20.4933 68.5 7.8316
    endloop
  endfacet
  facet normal 0.741656 0 0.670781
    outer loop
      vertex 21.2 68.5 7.05023
      vertex 20.4933 0 7.8316
      vertex 21.2 0 7.05023
    endloop
  endfacet
  facet normal 0.364487 0 0.931208
    outer loop
      vertex 9.89333 68.5 14.9016
      vertex 10.6 0 14.625
      vertex 10.6 68.5 14.625
    endloop
  endfacet
  facet normal 0.364487 0 0.931208
    outer loop
      vertex 10.6 0 14.625
      vertex 9.89333 68.5 14.9016
      vertex 9.89333 0 14.9016
    endloop
  endfacet
  facet normal -0.0628469 0 0.998023
    outer loop
      vertex -2.12 68.5 16.6199
      vertex -1.41333 0 16.6644
      vertex -1.41333 68.5 16.6644
    endloop
  endfacet
  facet normal -0.0628469 0 0.998023
    outer loop
      vertex -1.41333 0 16.6644
      vertex -2.12 68.5 16.6199
      vertex -2.12 0 16.6199
    endloop
  endfacet
  facet normal 0.691354 0 0.722516
    outer loop
      vertex 19.08 68.5 9.2337
      vertex 19.7867 0 8.55748
      vertex 19.7867 68.5 8.55748
    endloop
  endfacet
  facet normal 0.691354 0 0.722516
    outer loop
      vertex 19.7867 0 8.55748
      vertex 19.08 68.5 9.2337
      vertex 19.08 0 9.2337
    endloop
  endfacet
  facet normal 0.716559 -0 0.697527
    outer loop
      vertex 19.7867 0 8.55748
      vertex 20.4933 68.5 7.8316
      vertex 19.7867 68.5 8.55748
    endloop
  endfacet
  facet normal 0.716559 0 0.697527
    outer loop
      vertex 20.4933 68.5 7.8316
      vertex 19.7867 0 8.55748
      vertex 20.4933 0 7.8316
    endloop
  endfacet
  facet normal -0.188585 0 0.982057
    outer loop
      vertex -5.65332 68.5 16.1257
      vertex -4.94666 0 16.2614
      vertex -4.94666 68.5 16.2614
    endloop
  endfacet
  facet normal -0.188585 0 0.982057
    outer loop
      vertex -4.94666 0 16.2614
      vertex -5.65332 68.5 16.1257
      vertex -5.65332 0 16.1257
    endloop
  endfacet
  facet normal 0.666214 0 0.745761
    outer loop
      vertex 18.3733 68.5 9.86502
      vertex 19.08 0 9.2337
      vertex 19.08 68.5 9.2337
    endloop
  endfacet
  facet normal 0.666214 0 0.745761
    outer loop
      vertex 19.08 0 9.2337
      vertex 18.3733 68.5 9.86502
      vertex 18.3733 0 9.86502
    endloop
  endfacet
  facet normal 0.615914 0 0.787813
    outer loop
      vertex 16.96 68.5 11.0078
      vertex 17.6667 0 10.4553
      vertex 17.6667 68.5 10.4553
    endloop
  endfacet
  facet normal 0.615914 0 0.787813
    outer loop
      vertex 17.6667 0 10.4553
      vertex 16.96 68.5 11.0078
      vertex 16.96 0 11.0078
    endloop
  endfacet
  facet normal 0 1 0
    outer loop
      vertex 0.706665 68.5 16.6911
      vertex -0.706665 68.5 16.6911
      vertex 0 68.5 16.7
    endloop
  endfacet
  facet normal 0 1 0
    outer loop
      vertex 1.41333 68.5 16.6644
      vertex -0.706665 68.5 16.6911
      vertex 0.706665 68.5 16.6911
    endloop
  endfacet
  facet normal 0 1 0
    outer loop
      vertex 1.41333 68.5 16.6644
      vertex -1.41333 68.5 16.6644
      vertex -0.706665 68.5 16.6911
    endloop
  endfacet
  facet normal 0 1 0
    outer loop
      vertex 2.12 68.5 16.6199
      vertex -1.41333 68.5 16.6644
      vertex 1.41333 68.5 16.6644
    endloop
  endfacet
  facet normal 0 1 0
    outer loop
      vertex 2.12 68.5 16.6199
      vertex -2.12 68.5 16.6199
      vertex -1.41333 68.5 16.6644
    endloop
  endfacet
  facet normal 0 1 0
    outer loop
      vertex 2.82666 68.5 16.5575
      vertex -2.12 68.5 16.6199
      vertex 2.12 68.5 16.6199
    endloop
  endfacet
  facet normal 0 1 0
    outer loop
      vertex 2.82666 68.5 16.5575
      vertex -2.82666 68.5 16.5575
      vertex -2.12 68.5 16.6199
    endloop
  endfacet
  facet normal 0 1 0
    outer loop
      vertex 3.53333 68.5 16.4771
      vertex -2.82666 68.5 16.5575
      vertex 2.82666 68.5 16.5575
    endloop
  endfacet
  facet normal 0 1 0
    outer loop
      vertex 3.53333 68.5 16.4771
      vertex -3.53333 68.5 16.4771
      vertex -2.82666 68.5 16.5575
    endloop
  endfacet
  facet normal 0 1 0
    outer loop
      vertex 4.23999 68.5 16.3784
      vertex -3.53333 68.5 16.4771
      vertex 3.53333 68.5 16.4771
    endloop
  endfacet
  facet normal 0 1 0
    outer loop
      vertex 4.23999 68.5 16.3784
      vertex -4.23999 68.5 16.3784
      vertex -3.53333 68.5 16.4771
    endloop
  endfacet
  facet normal 0 1 0
    outer loop
      vertex 4.94666 68.5 16.2614
      vertex -4.23999 68.5 16.3784
      vertex 4.23999 68.5 16.3784
    endloop
  endfacet
  facet normal 0 1 0
    outer loop
      vertex 4.94666 68.5 16.2614
      vertex -4.94666 68.5 16.2614
      vertex -4.23999 68.5 16.3784
    endloop
  endfacet
  facet normal 0 1 0
    outer loop
      vertex 5.65332 68.5 16.1257
      vertex -4.94666 68.5 16.2614
      vertex 4.94666 68.5 16.2614
    endloop
  endfacet
  facet normal 0 1 0
    outer loop
      vertex 5.65332 68.5 16.1257
      vertex -5.65332 68.5 16.1257
      vertex -4.94666 68.5 16.2614
    endloop
  endfacet
  facet normal 0 1 0
    outer loop
      vertex 6.35999 68.5 15.9711
      vertex -5.65332 68.5 16.1257
      vertex 5.65332 68.5 16.1257
    endloop
  endfacet
  facet normal 0 1 0
    outer loop
      vertex 6.35999 68.5 15.9711
      vertex -6.35999 68.5 15.9711
      vertex -5.65332 68.5 16.1257
    endloop
  endfacet
  facet normal 0 1 0
    outer loop
      vertex 7.06667 68.5 15.7973
      vertex -6.35999 68.5 15.9711
      vertex 6.35999 68.5 15.9711
    endloop
  endfacet
  facet normal 0 1 0
    outer loop
      vertex 7.06667 68.5 15.7973
      vertex -7.06667 68.5 15.7973
      vertex -6.35999 68.5 15.9711
    endloop
  endfacet
  facet normal 0 1 0
    outer loop
      vertex 7.77333 68.5 15.6039
      vertex -7.06667 68.5 15.7973
      vertex 7.06667 68.5 15.7973
    endloop
  endfacet
  facet normal 0 1 0
    outer loop
      vertex 7.77333 68.5 15.6039
      vertex -7.77333 68.5 15.6039
      vertex -7.06667 68.5 15.7973
    endloop
  endfacet
  facet normal 0 1 0
    outer loop
      vertex 8.48 68.5 15.3905
      vertex -7.77333 68.5 15.6039
      vertex 7.77333 68.5 15.6039
    endloop
  endfacet
  facet normal 0 1 0
    outer loop
      vertex 8.48 68.5 15.3905
      vertex -8.48 68.5 15.3905
      vertex -7.77333 68.5 15.6039
    endloop
  endfacet
  facet normal 0 1 0
    outer loop
      vertex 9.18666 68.5 15.1566
      vertex -8.48 68.5 15.3905
      vertex 8.48 68.5 15.3905
    endloop
  endfacet
  facet normal 0 1 0
    outer loop
      vertex 9.18666 68.5 15.1566
      vertex -9.18666 68.5 15.1566
      vertex -8.48 68.5 15.3905
    endloop
  endfacet
  facet normal 0 1 0
    outer loop
      vertex 9.89333 68.5 14.9016
      vertex -9.18666 68.5 15.1566
      vertex 9.18666 68.5 15.1566
    endloop
  endfacet
  facet normal 0 1 0
    outer loop
      vertex 9.89333 68.5 14.9016
      vertex -9.89333 68.5 14.9016
      vertex -9.18666 68.5 15.1566
    endloop
  endfacet
  facet normal 0 1 0
    outer loop
      vertex 10.6 68.5 14.625
      vertex -9.89333 68.5 14.9016
      vertex 9.89333 68.5 14.9016
    endloop
  endfacet
  facet normal 0 1 0
    outer loop
      vertex 10.6 68.5 14.625
      vertex -10.6 68.5 14.625
      vertex -9.89333 68.5 14.9016
    endloop
  endfacet
  facet normal 0 1 0
    outer loop
      vertex 11.3067 68.5 14.326
      vertex -10.6 68.5 14.625
      vertex 10.6 68.5 14.625
    endloop
  endfacet
  facet normal 0 1 0
    outer loop
      vertex 11.3067 68.5 14.326
      vertex -11.3067 68.5 14.326
      vertex -10.6 68.5 14.625
    endloop
  endfacet
  facet normal 0 1 0
    outer loop
      vertex 12.0133 68.5 14.0039
      vertex -11.3067 68.5 14.326
      vertex 11.3067 68.5 14.326
    endloop
  endfacet
  facet normal 0 1 0
    outer loop
      vertex 12.0133 68.5 14.0039
      vertex -12.0133 68.5 14.0039
      vertex -11.3067 68.5 14.326
    endloop
  endfacet
  facet normal 0 1 0
    outer loop
      vertex 12.72 68.5 13.6577
      vertex -12.0133 68.5 14.0039
      vertex 12.0133 68.5 14.0039
    endloop
  endfacet
  facet normal 0 1 0
    outer loop
      vertex 12.72 68.5 13.6577
      vertex -12.72 68.5 13.6577
      vertex -12.0133 68.5 14.0039
    endloop
  endfacet
  facet normal 0 1 0
    outer loop
      vertex 13.4267 68.5 13.2864
      vertex -12.72 68.5 13.6577
      vertex 12.72 68.5 13.6577
    endloop
  endfacet
  facet normal 0 1 0
    outer loop
      vertex 13.4267 68.5 13.2864
      vertex -13.4267 68.5 13.2864
      vertex -12.72 68.5 13.6577
    endloop
  endfacet
  facet normal 0 1 0
    outer loop
      vertex 14.1333 68.5 12.889
      vertex -13.4267 68.5 13.2864
      vertex 13.4267 68.5 13.2864
    endloop
  endfacet
  facet normal 0 1 0
    outer loop
      vertex 14.1333 68.5 12.889
      vertex -14.1333 68.5 12.889
      vertex -13.4267 68.5 13.2864
    endloop
  endfacet
  facet normal 0 1 0
    outer loop
      vertex 14.84 68.5 12.464
      vertex -14.1333 68.5 12.889
      vertex 14.1333 68.5 12.889
    endloop
  endfacet
  facet normal 0 1 0
    outer loop
      vertex 14.84 68.5 12.464
      vertex -14.84 68.5 12.464
      vertex -14.1333 68.5 12.889
    endloop
  endfacet
  facet normal 0 1 0
    outer loop
      vertex 15.5467 68.5 12.01
      vertex -14.84 68.5 12.464
      vertex 14.84 68.5 12.464
    endloop
  endfacet
  facet normal 0 1 0
    outer loop
      vertex 15.5467 68.5 12.01
      vertex -15.5467 68.5 12.01
      vertex -14.84 68.5 12.464
    endloop
  endfacet
  facet normal 0 1 0
    outer loop
      vertex 16.2533 68.5 11.5253
      vertex -15.5467 68.5 12.01
      vertex 15.5467 68.5 12.01
    endloop
  endfacet
  facet normal 0 1 0
    outer loop
      vertex 16.2533 68.5 11.5253
      vertex -16.2533 68.5 11.5253
      vertex -15.5467 68.5 12.01
    endloop
  endfacet
  facet normal 0 1 0
    outer loop
      vertex 16.96 68.5 11.0078
      vertex -16.2533 68.5 11.5253
      vertex 16.2533 68.5 11.5253
    endloop
  endfacet
  facet normal 0 1 0
    outer loop
      vertex 16.96 68.5 11.0078
      vertex -16.96 68.5 11.0078
      vertex -16.2533 68.5 11.5253
    endloop
  endfacet
  facet normal 0 1 0
    outer loop
      vertex 17.6667 68.5 10.4553
      vertex -16.96 68.5 11.0078
      vertex 16.96 68.5 11.0078
    endloop
  endfacet
  facet normal 0 1 0
    outer loop
      vertex 17.6667 68.5 10.4553
      vertex -17.6667 68.5 10.4553
      vertex -16.96 68.5 11.0078
    endloop
  endfacet
  facet normal 0 1 0
    outer loop
      vertex 18.3733 68.5 9.86502
      vertex -17.6667 68.5 10.4553
      vertex 17.6667 68.5 10.4553
    endloop
  endfacet
  facet normal 0 1 0
    outer loop
      vertex 18.3733 68.5 9.86502
      vertex -18.3733 68.5 9.86502
      vertex -17.6667 68.5 10.4553
    endloop
  endfacet
  facet normal 0 1 0
    outer loop
      vertex 21.2 68.5 7
      vertex 18.3733 68.5 9.86502
      vertex 19.08 68.5 9.2337
    endloop
  endfacet
  facet normal 0 1 0
    outer loop
      vertex 18.3733 68.5 9.86502
      vertex 21.2 68.5 7
      vertex -18.3733 68.5 9.86502
    endloop
  endfacet
  facet normal 0 1 0
    outer loop
      vertex 21.2 68.5 7
      vertex 19.08 68.5 9.2337
      vertex 19.7867 68.5 8.55748
    endloop
  endfacet
  facet normal 0 1 0
    outer loop
      vertex -21.2 68.5 7
      vertex -18.3733 68.5 9.86502
      vertex 21.2 68.5 7
    endloop
  endfacet
  facet normal 0 1 0
    outer loop
      vertex 21.2 68.5 7
      vertex 19.7867 68.5 8.55748
      vertex 20.4933 68.5 7.8316
    endloop
  endfacet
  facet normal 0 1 0
    outer loop
      vertex -18.3733 68.5 9.86502
      vertex -21.2 68.5 7
      vertex -19.08 68.5 9.2337
    endloop
  endfacet
  facet normal 0 1 -0
    outer loop
      vertex 21.2 68.5 7
      vertex 20.4933 68.5 7.8316
      vertex 21.2 68.5 7.05023
    endloop
  endfacet
  facet normal 0 1 0
    outer loop
      vertex -19.08 68.5 9.2337
      vertex -21.2 68.5 7
      vertex -19.7867 68.5 8.55748
    endloop
  endfacet
  facet normal 0 1 0
    outer loop
      vertex -19.7867 68.5 8.55748
      vertex -21.2 68.5 7
      vertex -20.4933 68.5 7.8316
    endloop
  endfacet
  facet normal 0 1 0
    outer loop
      vertex -20.4933 68.5 7.8316
      vertex -21.2 68.5 7
      vertex -21.2 68.5 7.05023
    endloop
  endfacet
  facet normal -0.641111 0 0.767448
    outer loop
      vertex -18.3733 68.5 9.86502
      vertex -17.6667 0 10.4553
      vertex -17.6667 68.5 10.4553
    endloop
  endfacet
  facet normal -0.641111 0 0.767448
    outer loop
      vertex -17.6667 0 10.4553
      vertex -18.3733 68.5 9.86502
      vertex -18.3733 0 9.86502
    endloop
  endfacet
  facet normal 0.0628469 0 0.998023
    outer loop
      vertex 1.41333 68.5 16.6644
      vertex 2.12 0 16.6199
      vertex 2.12 68.5 16.6199
    endloop
  endfacet
  facet normal 0.0628469 0 0.998023
    outer loop
      vertex 2.12 0 16.6199
      vertex 1.41333 68.5 16.6644
      vertex 1.41333 0 16.6644
    endloop
  endfacet
  facet normal 0.238822 0 0.971063
    outer loop
      vertex 6.35999 68.5 15.9711
      vertex 7.06667 0 15.7973
      vertex 7.06667 68.5 15.7973
    endloop
  endfacet
  facet normal 0.238822 0 0.971063
    outer loop
      vertex 7.06667 0 15.7973
      vertex 6.35999 68.5 15.9711
      vertex 6.35999 0 15.9711
    endloop
  endfacet
  facet normal -0.0125934 0 0.999921
    outer loop
      vertex -0.706665 68.5 16.6911
      vertex 0 0 16.7
      vertex 0 68.5 16.7
    endloop
  endfacet
  facet normal -0.0125934 0 0.999921
    outer loop
      vertex 0 0 16.7
      vertex -0.706665 68.5 16.6911
      vertex -0.706665 0 16.6911
    endloop
  endfacet
  facet normal -0.43993 0 0.898032
    outer loop
      vertex -12.72 68.5 13.6577
      vertex -12.0133 0 14.0039
      vertex -12.0133 68.5 14.0039
    endloop
  endfacet
  facet normal -0.43993 0 0.898032
    outer loop
      vertex -12.0133 0 14.0039
      vertex -12.72 68.5 13.6577
      vertex -12.72 0 13.6577
    endloop
  endfacet
  facet normal 0.414783 0 0.909921
    outer loop
      vertex 11.3067 68.5 14.326
      vertex 12.0133 0 14.0039
      vertex 12.0133 68.5 14.0039
    endloop
  endfacet
  facet normal 0.414783 0 0.909921
    outer loop
      vertex 12.0133 0 14.0039
      vertex 11.3067 68.5 14.326
      vertex 11.3067 0 14.326
    endloop
  endfacet
  facet normal -0.113044 0 0.99359
    outer loop
      vertex -3.53333 68.5 16.4771
      vertex -2.82666 0 16.5575
      vertex -2.82666 68.5 16.5575
    endloop
  endfacet
  facet normal -0.113044 0 0.99359
    outer loop
      vertex -2.82666 0 16.5575
      vertex -3.53333 68.5 16.4771
      vertex -3.53333 0 16.4771
    endloop
  endfacet
  facet normal 0.163342 0 0.98657
    outer loop
      vertex 4.23999 68.5 16.3784
      vertex 4.94666 0 16.2614
      vertex 4.94666 68.5 16.2614
    endloop
  endfacet
  facet normal 0.163342 0 0.98657
    outer loop
      vertex 4.94666 0 16.2614
      vertex 4.23999 68.5 16.3784
      vertex 4.23999 0 16.3784
    endloop
  endfacet
  facet normal -0.590809 0 0.806811
    outer loop
      vertex -16.96 68.5 11.0078
      vertex -16.2533 0 11.5253
      vertex -16.2533 68.5 11.5253
    endloop
  endfacet
  facet normal -0.590809 0 0.806811
    outer loop
      vertex -16.2533 0 11.5253
      vertex -16.96 68.5 11.0078
      vertex -16.96 0 11.0078
    endloop
  endfacet
  facet normal 0.113044 0 0.99359
    outer loop
      vertex 2.82666 68.5 16.5575
      vertex 3.53333 0 16.4771
      vertex 3.53333 68.5 16.4771
    endloop
  endfacet
  facet normal 0.113044 0 0.99359
    outer loop
      vertex 3.53333 0 16.4771
      vertex 2.82666 68.5 16.5575
      vertex 2.82666 0 16.5575
    endloop
  endfacet
  facet normal 0.641111 0 0.767448
    outer loop
      vertex 17.6667 68.5 10.4553
      vertex 18.3733 0 9.86502
      vertex 18.3733 68.5 9.86502
    endloop
  endfacet
  facet normal 0.641111 0 0.767448
    outer loop
      vertex 18.3733 0 9.86502
      vertex 17.6667 68.5 10.4553
      vertex 17.6667 0 10.4553
    endloop
  endfacet
  facet normal -0.0879605 0 0.996124
    outer loop
      vertex -2.82666 68.5 16.5575
      vertex -2.12 0 16.6199
      vertex -2.12 68.5 16.6199
    endloop
  endfacet
  facet normal -0.0879605 0 0.996124
    outer loop
      vertex -2.12 0 16.6199
      vertex -2.82666 68.5 16.5575
      vertex -2.82666 0 16.5575
    endloop
  endfacet
  facet normal -0.213718 0 0.976895
    outer loop
      vertex -6.35999 68.5 15.9711
      vertex -5.65332 0 16.1257
      vertex -5.65332 68.5 16.1257
    endloop
  endfacet
  facet normal -0.213718 0 0.976895
    outer loop
      vertex -5.65332 0 16.1257
      vertex -6.35999 68.5 15.9711
      vertex -6.35999 0 15.9711
    endloop
  endfacet
  facet normal 0.289086 0 0.957303
    outer loop
      vertex 7.77333 68.5 15.6039
      vertex 8.48 0 15.3905
      vertex 8.48 68.5 15.3905
    endloop
  endfacet
  facet normal 0.289086 0 0.957303
    outer loop
      vertex 8.48 0 15.3905
      vertex 7.77333 68.5 15.6039
      vertex 7.77333 0 15.6039
    endloop
  endfacet
  facet normal 0.213718 0 0.976895
    outer loop
      vertex 5.65332 68.5 16.1257
      vertex 6.35999 0 15.9711
      vertex 6.35999 68.5 15.9711
    endloop
  endfacet
  facet normal 0.213718 0 0.976895
    outer loop
      vertex 6.35999 0 15.9711
      vertex 5.65332 68.5 16.1257
      vertex 5.65332 0 16.1257
    endloop
  endfacet
  facet normal 0 -1 0
    outer loop
      vertex -0.706665 0 16.6911
      vertex 0.706665 0 16.6911
      vertex 0 0 16.7
    endloop
  endfacet
  facet normal 0 -1 0
    outer loop
      vertex -12.1 0 12.8627
      vertex -0.706665 0 16.6911
      vertex -1.41333 0 16.6644
    endloop
  endfacet
  facet normal 0 -1 -0
    outer loop
      vertex -0.706665 0 16.6911
      vertex -12.1 0 12.8627
      vertex 0.706665 0 16.6911
    endloop
  endfacet
  facet normal 0 -1 0
    outer loop
      vertex -12.1 0 12.8627
      vertex -1.41333 0 16.6644
      vertex -2.12 0 16.6199
    endloop
  endfacet
  facet normal 0 -1 0
    outer loop
      vertex 12.1 0 12.8627
      vertex 0.706665 0 16.6911
      vertex -12.1 0 12.8627
    endloop
  endfacet
  facet normal 0 -1 0
    outer loop
      vertex -12.1 0 12.8627
      vertex -2.12 0 16.6199
      vertex -2.82666 0 16.5575
    endloop
  endfacet
  facet normal 0 -1 0
    outer loop
      vertex 0.706665 0 16.6911
      vertex 12.1 0 12.8627
      vertex 1.41333 0 16.6644
    endloop
  endfacet
  facet normal 0 -1 0
    outer loop
      vertex -12.1 0 12.8627
      vertex -2.82666 0 16.5575
      vertex -3.53333 0 16.4771
    endloop
  endfacet
  facet normal 0 -1 0
    outer loop
      vertex 1.41333 0 16.6644
      vertex 12.1 0 12.8627
      vertex 2.12 0 16.6199
    endloop
  endfacet
  facet normal 0 -1 0
    outer loop
      vertex -12.1 0 12.8627
      vertex -3.53333 0 16.4771
      vertex -4.23999 0 16.3784
    endloop
  endfacet
  facet normal 0 -1 0
    outer loop
      vertex 2.12 0 16.6199
      vertex 12.1 0 12.8627
      vertex 2.82666 0 16.5575
    endloop
  endfacet
  facet normal 0 -1 0
    outer loop
      vertex -12.1 0 12.8627
      vertex -4.23999 0 16.3784
      vertex -4.94666 0 16.2614
    endloop
  endfacet
  facet normal 0 -1 0
    outer loop
      vertex 2.82666 0 16.5575
      vertex 12.1 0 12.8627
      vertex 3.53333 0 16.4771
    endloop
  endfacet
  facet normal 0 -1 0
    outer loop
      vertex -12.1 0 12.8627
      vertex -4.94666 0 16.2614
      vertex -5.65332 0 16.1257
    endloop
  endfacet
  facet normal 0 -1 0
    outer loop
      vertex 3.53333 0 16.4771
      vertex 12.1 0 12.8627
      vertex 4.23999 0 16.3784
    endloop
  endfacet
  facet normal 0 -1 0
    outer loop
      vertex -12.1 0 12.8627
      vertex -5.65332 0 16.1257
      vertex -6.35999 0 15.9711
    endloop
  endfacet
  facet normal 0 -1 0
    outer loop
      vertex 4.23999 0 16.3784
      vertex 12.1 0 12.8627
      vertex 4.94666 0 16.2614
    endloop
  endfacet
  facet normal 0 -1 0
    outer loop
      vertex -12.1 0 12.8627
      vertex -6.35999 0 15.9711
      vertex -7.06667 0 15.7973
    endloop
  endfacet
  facet normal 0 -1 0
    outer loop
      vertex 4.94666 0 16.2614
      vertex 12.1 0 12.8627
      vertex 5.65332 0 16.1257
    endloop
  endfacet
  facet normal 0 -1 0
    outer loop
      vertex -12.1 0 12.8627
      vertex -7.06667 0 15.7973
      vertex -7.77333 0 15.6039
    endloop
  endfacet
  facet normal 0 -1 0
    outer loop
      vertex 5.65332 0 16.1257
      vertex 12.1 0 12.8627
      vertex 6.35999 0 15.9711
    endloop
  endfacet
  facet normal 0 -1 0
    outer loop
      vertex -12.1 0 12.8627
      vertex -7.77333 0 15.6039
      vertex -8.48 0 15.3905
    endloop
  endfacet
  facet normal 0 -1 0
    outer loop
      vertex 6.35999 0 15.9711
      vertex 12.1 0 12.8627
      vertex 7.06667 0 15.7973
    endloop
  endfacet
  facet normal 0 -1 0
    outer loop
      vertex -12.1 0 12.8627
      vertex -8.48 0 15.3905
      vertex -9.18666 0 15.1566
    endloop
  endfacet
  facet normal 0 -1 0
    outer loop
      vertex 7.06667 0 15.7973
      vertex 12.1 0 12.8627
      vertex 7.77333 0 15.6039
    endloop
  endfacet
  facet normal 0 -1 0
    outer loop
      vertex -12.1 0 12.8627
      vertex -9.18666 0 15.1566
      vertex -9.89333 0 14.9016
    endloop
  endfacet
  facet normal 0 -1 0
    outer loop
      vertex 7.77333 0 15.6039
      vertex 12.1 0 12.8627
      vertex 8.48 0 15.3905
    endloop
  endfacet
  facet normal 0 -1 0
    outer loop
      vertex -12.1 0 12.8627
      vertex -9.89333 0 14.9016
      vertex -10.6 0 14.625
    endloop
  endfacet
  facet normal 0 -1 0
    outer loop
      vertex 8.48 0 15.3905
      vertex 12.1 0 12.8627
      vertex 9.18666 0 15.1566
    endloop
  endfacet
  facet normal 0 -1 0
    outer loop
      vertex -12.1 0 12.8627
      vertex -10.6 0 14.625
      vertex -11.3067 0 14.326
    endloop
  endfacet
  facet normal 0 -1 0
    outer loop
      vertex 9.18666 0 15.1566
      vertex 12.1 0 12.8627
      vertex 9.89333 0 14.9016
    endloop
  endfacet
  facet normal 0 -1 0
    outer loop
      vertex -12.1 0 12.8627
      vertex -11.3067 0 14.326
      vertex -12.0133 0 14.0039
    endloop
  endfacet
  facet normal 0 -1 0
    outer loop
      vertex 9.89333 0 14.9016
      vertex 12.1 0 12.8627
      vertex 10.6 0 14.625
    endloop
  endfacet
  facet normal 0 -1 0
    outer loop
      vertex -12.1 0 12.8627
      vertex -12.0133 0 14.0039
      vertex -12.72 0 13.6577
    endloop
  endfacet
  facet normal 0 -1 0
    outer loop
      vertex 10.6 0 14.625
      vertex 12.1 0 12.8627
      vertex 11.3067 0 14.326
    endloop
  endfacet
  facet normal 0 -1 0
    outer loop
      vertex -12.1 0 12.8627
      vertex -12.72 0 13.6577
      vertex -13.4267 0 13.2864
    endloop
  endfacet
  facet normal 0 -1 0
    outer loop
      vertex 11.3067 0 14.326
      vertex 12.1 0 12.8627
      vertex 12.0133 0 14.0039
    endloop
  endfacet
  facet normal 0 -1 0
    outer loop
      vertex -12.1 0 12.8627
      vertex -13.4267 0 13.2864
      vertex -14.1333 0 12.889
    endloop
  endfacet
  facet normal 0 -1 0
    outer loop
      vertex 12.0133 0 14.0039
      vertex 12.1 0 12.8627
      vertex 12.72 0 13.6577
    endloop
  endfacet
  facet normal 0 -1 -0
    outer loop
      vertex 12.72 0 13.6577
      vertex 12.1 0 12.8627
      vertex 13.4267 0 13.2864
    endloop
  endfacet
  facet normal 0 -1 0
    outer loop
      vertex -14.84 0 12.464
      vertex -12.1 0 12.8627
      vertex -14.1333 0 12.889
    endloop
  endfacet
  facet normal 0 -1 0
    outer loop
      vertex -10.4083 0 7
      vertex -14.84 0 12.464
      vertex -15.5467 0 12.01
    endloop
  endfacet
  facet normal 0 -1 0
    outer loop
      vertex -10.4083 0 7
      vertex -15.5467 0 12.01
      vertex -16.2533 0 11.5253
    endloop
  endfacet
  facet normal 0 -1 0
    outer loop
      vertex -10.4083 0 7
      vertex -16.2533 0 11.5253
      vertex -16.96 0 11.0078
    endloop
  endfacet
  facet normal 0 -1 0
    outer loop
      vertex -10.4083 0 7
      vertex -16.96 0 11.0078
      vertex -17.6667 0 10.4553
    endloop
  endfacet
  facet normal 0 -1 0
    outer loop
      vertex -10.4083 0 7
      vertex -17.6667 0 10.4553
      vertex -18.3733 0 9.86502
    endloop
  endfacet
  facet normal 0 -1 0
    outer loop
      vertex -10.4083 0 7
      vertex -18.3733 0 9.86502
      vertex -19.08 0 9.2337
    endloop
  endfacet
  facet normal 0 -1 0
    outer loop
      vertex -10.4083 0 7
      vertex -19.08 0 9.2337
      vertex -19.7867 0 8.55748
    endloop
  endfacet
  facet normal 0 -1 0
    outer loop
      vertex -10.4083 0 7
      vertex -19.7867 0 8.55748
      vertex -20.4933 0 7.8316
    endloop
  endfacet
  facet normal 0 -1 0
    outer loop
      vertex -21.2 0 7
      vertex -20.4933 0 7.8316
      vertex -21.2 0 7.05023
    endloop
  endfacet
  facet normal 0 -1 -0
    outer loop
      vertex -20.4933 0 7.8316
      vertex -21.2 0 7
      vertex -10.4083 0 7
    endloop
  endfacet
  facet normal 0 -1 0
    outer loop
      vertex -14.84 0 12.464
      vertex -10.4083 0 7
      vertex -12.1 0 12.8627
    endloop
  endfacet
  facet normal 0 -1 -0
    outer loop
      vertex 13.4267 0 13.2864
      vertex 12.1 0 12.8627
      vertex 14.1333 0 12.889
    endloop
  endfacet
  facet normal 0 -1 0
    outer loop
      vertex 12.1 0 12.8627
      vertex 14.84 0 12.464
      vertex 14.1333 0 12.889
    endloop
  endfacet
  facet normal 0 -1 0
    outer loop
      vertex 10.4083 0 7
      vertex 14.84 0 12.464
      vertex 12.1 0 12.8627
    endloop
  endfacet
  facet normal 0 -1 -0
    outer loop
      vertex 14.84 0 12.464
      vertex 10.4083 0 7
      vertex 15.5467 0 12.01
    endloop
  endfacet
  facet normal 0 -1 -0
    outer loop
      vertex 15.5467 0 12.01
      vertex 10.4083 0 7
      vertex 16.2533 0 11.5253
    endloop
  endfacet
  facet normal 0 -1 -0
    outer loop
      vertex 16.2533 0 11.5253
      vertex 10.4083 0 7
      vertex 16.96 0 11.0078
    endloop
  endfacet
  facet normal 0 -1 -0
    outer loop
      vertex 16.96 0 11.0078
      vertex 10.4083 0 7
      vertex 17.6667 0 10.4553
    endloop
  endfacet
  facet normal 0 -1 -0
    outer loop
      vertex 17.6667 0 10.4553
      vertex 10.4083 0 7
      vertex 18.3733 0 9.86502
    endloop
  endfacet
  facet normal 0 -1 -0
    outer loop
      vertex 18.3733 0 9.86502
      vertex 10.4083 0 7
      vertex 19.08 0 9.2337
    endloop
  endfacet
  facet normal 0 -1 -0
    outer loop
      vertex 19.08 0 9.2337
      vertex 10.4083 0 7
      vertex 19.7867 0 8.55748
    endloop
  endfacet
  facet normal 0 -1 -0
    outer loop
      vertex 19.7867 0 8.55748
      vertex 10.4083 0 7
      vertex 20.4933 0 7.8316
    endloop
  endfacet
  facet normal 0 -1 0
    outer loop
      vertex 21.2 0 7
      vertex 20.4933 0 7.8316
      vertex 10.4083 0 7
    endloop
  endfacet
  facet normal 0 -1 0
    outer loop
      vertex 20.4933 0 7.8316
      vertex 21.2 0 7
      vertex 21.2 0 7.05023
    endloop
  endfacet
  facet normal -0.615914 0 0.787813
    outer loop
      vertex -17.6667 68.5 10.4553
      vertex -16.96 0 11.0078
      vertex -16.96 68.5 11.0078
    endloop
  endfacet
  facet normal -0.615914 0 0.787813
    outer loop
      vertex -16.96 0 11.0078
      vertex -17.6667 68.5 10.4553
      vertex -17.6667 0 10.4553
    endloop
  endfacet
  facet normal -0.540499 0 0.841345
    outer loop
      vertex -15.5467 68.5 12.01
      vertex -14.84 0 12.464
      vertex -14.84 68.5 12.464
    endloop
  endfacet
  facet normal -0.540499 0 0.841345
    outer loop
      vertex -14.84 0 12.464
      vertex -15.5467 68.5 12.01
      vertex -15.5467 0 12.01
    endloop
  endfacet
  facet normal -0.691354 0 0.722516
    outer loop
      vertex -19.7867 68.5 8.55748
      vertex -19.08 0 9.2337
      vertex -19.08 68.5 9.2337
    endloop
  endfacet
  facet normal -0.691354 0 0.722516
    outer loop
      vertex -19.08 0 9.2337
      vertex -19.7867 68.5 8.55748
      vertex -19.7867 0 8.55748
    endloop
  endfacet
  facet normal -0.465111 0 0.885252
    outer loop
      vertex -13.4267 68.5 13.2864
      vertex -12.72 0 13.6577
      vertex -12.72 68.5 13.6577
    endloop
  endfacet
  facet normal -0.465111 0 0.885252
    outer loop
      vertex -12.72 0 13.6577
      vertex -13.4267 68.5 13.2864
      vertex -13.4267 0 13.2864
    endloop
  endfacet
  facet normal -0.565667 0 0.824634
    outer loop
      vertex -16.2533 68.5 11.5253
      vertex -15.5467 0 12.01
      vertex -15.5467 68.5 12.01
    endloop
  endfacet
  facet normal -0.565667 0 0.824634
    outer loop
      vertex -15.5467 0 12.01
      vertex -16.2533 68.5 11.5253
      vertex -16.2533 0 11.5253
    endloop
  endfacet
  facet normal 0.465111 0 0.885252
    outer loop
      vertex 12.72 68.5 13.6577
      vertex 13.4267 0 13.2864
      vertex 13.4267 68.5 13.2864
    endloop
  endfacet
  facet normal 0.465111 0 0.885252
    outer loop
      vertex 13.4267 0 13.2864
      vertex 12.72 68.5 13.6577
      vertex 12.72 0 13.6577
    endloop
  endfacet
  facet normal 0.43993 0 0.898032
    outer loop
      vertex 12.0133 68.5 14.0039
      vertex 12.72 0 13.6577
      vertex 12.72 68.5 13.6577
    endloop
  endfacet
  facet normal 0.43993 0 0.898032
    outer loop
      vertex 12.72 0 13.6577
      vertex 12.0133 68.5 14.0039
      vertex 12.0133 0 14.0039
    endloop
  endfacet
  facet normal 0.138328 0 0.990386
    outer loop
      vertex 3.53333 68.5 16.4771
      vertex 4.23999 0 16.3784
      vertex 4.23999 68.5 16.3784
    endloop
  endfacet
  facet normal 0.138328 0 0.990386
    outer loop
      vertex 4.23999 0 16.3784
      vertex 3.53333 68.5 16.4771
      vertex 3.53333 0 16.4771
    endloop
  endfacet
  facet normal 0.314228 0 0.949348
    outer loop
      vertex 8.48 68.5 15.3905
      vertex 9.18666 0 15.1566
      vertex 9.18666 68.5 15.1566
    endloop
  endfacet
  facet normal 0.314228 0 0.949348
    outer loop
      vertex 9.18666 0 15.1566
      vertex 8.48 68.5 15.3905
      vertex 8.48 0 15.3905
    endloop
  endfacet
  facet normal 0.515369 0 0.856968
    outer loop
      vertex 14.1333 68.5 12.889
      vertex 14.84 0 12.464
      vertex 14.84 68.5 12.464
    endloop
  endfacet
  facet normal 0.515369 0 0.856968
    outer loop
      vertex 14.84 0 12.464
      vertex 14.1333 68.5 12.889
      vertex 14.1333 0 12.889
    endloop
  endfacet
  facet normal -0.263974 0 0.96453
    outer loop
      vertex -7.77333 68.5 15.6039
      vertex -7.06667 0 15.7973
      vertex -7.06667 68.5 15.7973
    endloop
  endfacet
  facet normal -0.263974 0 0.96453
    outer loop
      vertex -7.06667 0 15.7973
      vertex -7.77333 68.5 15.6039
      vertex -7.77333 0 15.6039
    endloop
  endfacet
  facet normal 0.490203 0 0.871608
    outer loop
      vertex 13.4267 68.5 13.2864
      vertex 14.1333 0 12.889
      vertex 14.1333 68.5 12.889
    endloop
  endfacet
  facet normal 0.490203 0 0.871608
    outer loop
      vertex 14.1333 0 12.889
      vertex 13.4267 68.5 13.2864
      vertex 13.4267 0 13.2864
    endloop
  endfacet
  facet normal -0.515369 0 0.856968
    outer loop
      vertex -14.84 68.5 12.464
      vertex -14.1333 0 12.889
      vertex -14.1333 68.5 12.889
    endloop
  endfacet
  facet normal -0.515369 0 0.856968
    outer loop
      vertex -14.1333 0 12.889
      vertex -14.84 68.5 12.464
      vertex -14.84 0 12.464
    endloop
  endfacet
  facet normal 0.0377562 0 0.999287
    outer loop
      vertex 0.706665 68.5 16.6911
      vertex 1.41333 0 16.6644
      vertex 1.41333 68.5 16.6644
    endloop
  endfacet
  facet normal 0.0377562 0 0.999287
    outer loop
      vertex 1.41333 0 16.6644
      vertex 0.706665 68.5 16.6911
      vertex 0.706665 0 16.6911
    endloop
  endfacet
  facet normal 0.0879605 0 0.996124
    outer loop
      vertex 2.12 68.5 16.6199
      vertex 2.82666 0 16.5575
      vertex 2.82666 68.5 16.5575
    endloop
  endfacet
  facet normal 0.0879605 0 0.996124
    outer loop
      vertex 2.82666 0 16.5575
      vertex 2.12 68.5 16.6199
      vertex 2.12 0 16.6199
    endloop
  endfacet
  facet normal -0.414783 0 0.909921
    outer loop
      vertex -12.0133 68.5 14.0039
      vertex -11.3067 0 14.326
      vertex -11.3067 68.5 14.326
    endloop
  endfacet
  facet normal -0.414783 0 0.909921
    outer loop
      vertex -11.3067 0 14.326
      vertex -12.0133 68.5 14.0039
      vertex -12.0133 0 14.0039
    endloop
  endfacet
  facet normal -0.314228 0 0.949348
    outer loop
      vertex -9.18666 68.5 15.1566
      vertex -8.48 0 15.3905
      vertex -8.48 68.5 15.3905
    endloop
  endfacet
  facet normal -0.314228 0 0.949348
    outer loop
      vertex -8.48 0 15.3905
      vertex -9.18666 68.5 15.1566
      vertex -9.18666 0 15.1566
    endloop
  endfacet
  facet normal 0.339425 0 0.940633
    outer loop
      vertex 9.18666 68.5 15.1566
      vertex 9.89333 0 14.9016
      vertex 9.89333 68.5 14.9016
    endloop
  endfacet
  facet normal 0.339425 0 0.940633
    outer loop
      vertex 9.89333 0 14.9016
      vertex 9.18666 68.5 15.1566
      vertex 9.18666 0 15.1566
    endloop
  endfacet
  facet normal 0.188585 0 0.982057
    outer loop
      vertex 4.94666 68.5 16.2614
      vertex 5.65332 0 16.1257
      vertex 5.65332 68.5 16.1257
    endloop
  endfacet
  facet normal 0.188585 0 0.982057
    outer loop
      vertex 5.65332 0 16.1257
      vertex 4.94666 68.5 16.2614
      vertex 4.94666 0 16.2614
    endloop
  endfacet
  facet normal -0.138328 0 0.990386
    outer loop
      vertex -4.23999 68.5 16.3784
      vertex -3.53333 0 16.4771
      vertex -3.53333 68.5 16.4771
    endloop
  endfacet
  facet normal -0.138328 0 0.990386
    outer loop
      vertex -3.53333 0 16.4771
      vertex -4.23999 68.5 16.3784
      vertex -4.23999 0 16.3784
    endloop
  endfacet
  facet normal 0.540499 0 0.841345
    outer loop
      vertex 14.84 68.5 12.464
      vertex 15.5467 0 12.01
      vertex 15.5467 68.5 12.01
    endloop
  endfacet
  facet normal 0.540499 0 0.841345
    outer loop
      vertex 15.5467 0 12.01
      vertex 14.84 68.5 12.464
      vertex 14.84 0 12.464
    endloop
  endfacet
  facet normal 0.565667 0 0.824634
    outer loop
      vertex 15.5467 68.5 12.01
      vertex 16.2533 0 11.5253
      vertex 16.2533 68.5 11.5253
    endloop
  endfacet
  facet normal 0.565667 0 0.824634
    outer loop
      vertex 16.2533 0 11.5253
      vertex 15.5467 68.5 12.01
      vertex 15.5467 0 12.01
    endloop
  endfacet
  facet normal 0.263974 0 0.96453
    outer loop
      vertex 7.06667 68.5 15.7973
      vertex 7.77333 0 15.6039
      vertex 7.77333 68.5 15.6039
    endloop
  endfacet
  facet normal 0.263974 0 0.96453
    outer loop
      vertex 7.77333 0 15.6039
      vertex 7.06667 68.5 15.7973
      vertex 7.06667 0 15.7973
    endloop
  endfacet
  facet normal -0.364487 0 0.931208
    outer loop
      vertex -10.6 68.5 14.625
      vertex -9.89333 0 14.9016
      vertex -9.89333 68.5 14.9016
    endloop
  endfacet
  facet normal -0.364487 0 0.931208
    outer loop
      vertex -9.89333 0 14.9016
      vertex -10.6 68.5 14.625
      vertex -10.6 0 14.625
    endloop
  endfacet
  facet normal -0.289086 0 0.957303
    outer loop
      vertex -8.48 68.5 15.3905
      vertex -7.77333 0 15.6039
      vertex -7.77333 68.5 15.6039
    endloop
  endfacet
  facet normal -0.289086 0 0.957303
    outer loop
      vertex -7.77333 0 15.6039
      vertex -8.48 68.5 15.3905
      vertex -8.48 0 15.3905
    endloop
  endfacet
  facet normal -0.389653 0 0.920962
    outer loop
      vertex -11.3067 68.5 14.326
      vertex -10.6 0 14.625
      vertex -10.6 68.5 14.625
    endloop
  endfacet
  facet normal -0.389653 0 0.920962
    outer loop
      vertex -10.6 0 14.625
      vertex -11.3067 68.5 14.326
      vertex -11.3067 0 14.326
    endloop
  endfacet
  facet normal -0.163342 0 0.98657
    outer loop
      vertex -4.94666 68.5 16.2614
      vertex -4.23999 0 16.3784
      vertex -4.23999 68.5 16.3784
    endloop
  endfacet
  facet normal -0.163342 0 0.98657
    outer loop
      vertex -4.23999 0 16.3784
      vertex -4.94666 68.5 16.2614
      vertex -4.94666 0 16.2614
    endloop
  endfacet
  facet normal -0.238822 0 0.971063
    outer loop
      vertex -7.06667 68.5 15.7973
      vertex -6.35999 0 15.9711
      vertex -6.35999 68.5 15.9711
    endloop
  endfacet
  facet normal -0.238822 0 0.971063
    outer loop
      vertex -6.35999 0 15.9711
      vertex -7.06667 68.5 15.7973
      vertex -7.06667 0 15.7973
    endloop
  endfacet
  facet normal -0.339425 0 0.940633
    outer loop
      vertex -9.89333 68.5 14.9016
      vertex -9.18666 0 15.1566
      vertex -9.18666 68.5 15.1566
    endloop
  endfacet
  facet normal -0.339425 0 0.940633
    outer loop
      vertex -9.18666 0 15.1566
      vertex -9.89333 68.5 14.9016
      vertex -9.89333 0 14.9016
    endloop
  endfacet
  facet normal -0.049048 -0.998796 0
    outer loop
      vertex -29.5 13.6 2
      vertex -29.3432 13.5923 7
      vertex -29.5 13.6 7
    endloop
  endfacet
  facet normal -0.049048 -0.998796 -0
    outer loop
      vertex -29.3432 13.5923 7
      vertex -29.5 13.6 2
      vertex -29.3432 13.5923 2
    endloop
  endfacet
  facet normal 0.513934 0.85783 -0
    outer loop
      vertex -30.2542 10.5889 2
      vertex -30.3889 10.6696 7
      vertex -30.2542 10.5889 7
    endloop
  endfacet
  facet normal 0.513934 0.85783 0
    outer loop
      vertex -30.3889 10.6696 7
      vertex -30.2542 10.5889 2
      vertex -30.3889 10.6696 2
    endloop
  endfacet
  facet normal -0.98921 -0.146502 0
    outer loop
      vertex -27.9077 12.1568 2
      vertex -27.9307 12.3121 7
      vertex -27.9307 12.3121 2
    endloop
  endfacet
  facet normal -0.98921 -0.146502 0
    outer loop
      vertex -27.9307 12.3121 7
      vertex -27.9077 12.1568 2
      vertex -27.9077 12.1568 7
    endloop
  endfacet
  facet normal -0.85783 -0.513934 0
    outer loop
      vertex -28.0889 12.7542 2
      vertex -28.1696 12.8889 7
      vertex -28.1696 12.8889 2
    endloop
  endfacet
  facet normal -0.85783 -0.513934 0
    outer loop
      vertex -28.1696 12.8889 7
      vertex -28.0889 12.7542 2
      vertex -28.0889 12.7542 7
    endloop
  endfacet
  facet normal -0.146502 0.98921 0
    outer loop
      vertex -29.1879 10.4307 2
      vertex -29.3432 10.4077 7
      vertex -29.1879 10.4307 7
    endloop
  endfacet
  facet normal -0.146502 0.98921 0
    outer loop
      vertex -29.3432 10.4077 7
      vertex -29.1879 10.4307 2
      vertex -29.3432 10.4077 2
    endloop
  endfacet
  facet normal 0.596019 -0.80297 0
    outer loop
      vertex -30.515 13.2368 2
      vertex -30.3889 13.3304 7
      vertex -30.515 13.2368 7
    endloop
  endfacet
  facet normal 0.596019 -0.80297 0
    outer loop
      vertex -30.3889 13.3304 7
      vertex -30.515 13.2368 2
      vertex -30.3889 13.3304 2
    endloop
  endfacet
  facet normal -0.513934 0.85783 0
    outer loop
      vertex -28.6111 10.6696 2
      vertex -28.7458 10.5889 7
      vertex -28.6111 10.6696 7
    endloop
  endfacet
  facet normal -0.513934 0.85783 0
    outer loop
      vertex -28.7458 10.5889 7
      vertex -28.6111 10.6696 2
      vertex -28.7458 10.5889 2
    endloop
  endfacet
  facet normal -0.98921 0.146502 0
    outer loop
      vertex -27.9307 11.6879 2
      vertex -27.9077 11.8432 7
      vertex -27.9077 11.8432 2
    endloop
  endfacet
  facet normal -0.98921 0.146502 0
    outer loop
      vertex -27.9077 11.8432 7
      vertex -27.9307 11.6879 2
      vertex -27.9307 11.6879 7
    endloop
  endfacet
  facet normal -0.80297 -0.596019 0
    outer loop
      vertex -28.1696 12.8889 2
      vertex -28.2632 13.015 7
      vertex -28.2632 13.015 2
    endloop
  endfacet
  facet normal -0.80297 -0.596019 0
    outer loop
      vertex -28.2632 13.015 7
      vertex -28.1696 12.8889 2
      vertex -28.1696 12.8889 7
    endloop
  endfacet
  facet normal -0.741264 -0.671213 0
    outer loop
      vertex -28.2632 13.015 2
      vertex -28.3686 13.1314 7
      vertex -28.3686 13.1314 2
    endloop
  endfacet
  facet normal -0.741264 -0.671213 0
    outer loop
      vertex -28.3686 13.1314 7
      vertex -28.2632 13.015 2
      vertex -28.2632 13.015 7
    endloop
  endfacet
  facet normal 0.741264 -0.671213 0
    outer loop
      vertex -30.7368 13.015 7
      vertex -30.6314 13.1314 2
      vertex -30.6314 13.1314 7
    endloop
  endfacet
  facet normal 0.741264 -0.671213 0
    outer loop
      vertex -30.6314 13.1314 2
      vertex -30.7368 13.015 7
      vertex -30.7368 13.015 2
    endloop
  endfacet
  facet normal -0.741264 0.671213 0
    outer loop
      vertex -28.3686 10.8686 2
      vertex -28.2632 10.985 7
      vertex -28.2632 10.985 2
    endloop
  endfacet
  facet normal -0.741264 0.671213 0
    outer loop
      vertex -28.2632 10.985 7
      vertex -28.3686 10.8686 2
      vertex -28.3686 10.8686 7
    endloop
  endfacet
  facet normal -0.941511 -0.336982 0
    outer loop
      vertex -27.9689 12.4645 2
      vertex -28.0218 12.6123 7
      vertex -28.0218 12.6123 2
    endloop
  endfacet
  facet normal -0.941511 -0.336982 0
    outer loop
      vertex -28.0218 12.6123 7
      vertex -27.9689 12.4645 2
      vertex -27.9689 12.4645 7
    endloop
  endfacet
  facet normal 0.146502 0.98921 -0
    outer loop
      vertex -29.6568 10.4077 2
      vertex -29.8121 10.4307 7
      vertex -29.6568 10.4077 7
    endloop
  endfacet
  facet normal 0.146502 0.98921 0
    outer loop
      vertex -29.8121 10.4307 7
      vertex -29.6568 10.4077 2
      vertex -29.8121 10.4307 2
    endloop
  endfacet
  facet normal 0.969993 0.243135 0
    outer loop
      vertex -31.0311 11.5355 7
      vertex -31.0693 11.6879 2
      vertex -31.0693 11.6879 7
    endloop
  endfacet
  facet normal 0.969993 0.243135 0
    outer loop
      vertex -31.0693 11.6879 2
      vertex -31.0311 11.5355 7
      vertex -31.0311 11.5355 2
    endloop
  endfacet
  facet normal 0.941511 0.336982 0
    outer loop
      vertex -30.9782 11.3877 7
      vertex -31.0311 11.5355 2
      vertex -31.0311 11.5355 7
    endloop
  endfacet
  facet normal 0.941511 0.336982 0
    outer loop
      vertex -31.0311 11.5355 2
      vertex -30.9782 11.3877 7
      vertex -30.9782 11.3877 2
    endloop
  endfacet
  facet normal -0.969993 0.243135 0
    outer loop
      vertex -27.9689 11.5355 2
      vertex -27.9307 11.6879 7
      vertex -27.9307 11.6879 2
    endloop
  endfacet
  facet normal -0.969993 0.243135 0
    outer loop
      vertex -27.9307 11.6879 7
      vertex -27.9689 11.5355 2
      vertex -27.9689 11.5355 7
    endloop
  endfacet
  facet normal 0.998796 -0.049048 0
    outer loop
      vertex -31.1 12 7
      vertex -31.0923 12.1568 2
      vertex -31.0923 12.1568 7
    endloop
  endfacet
  facet normal 0.998796 -0.049048 0
    outer loop
      vertex -31.0923 12.1568 2
      vertex -31.1 12 7
      vertex -31.1 12 2
    endloop
  endfacet
  facet normal -0.85783 0.513934 0
    outer loop
      vertex -28.1696 11.1111 2
      vertex -28.0889 11.2458 7
      vertex -28.0889 11.2458 2
    endloop
  endfacet
  facet normal -0.85783 0.513934 0
    outer loop
      vertex -28.0889 11.2458 7
      vertex -28.1696 11.1111 2
      vertex -28.1696 11.1111 7
    endloop
  endfacet
  facet normal -0.998796 -0.049048 0
    outer loop
      vertex -27.9 12 2
      vertex -27.9077 12.1568 7
      vertex -27.9077 12.1568 2
    endloop
  endfacet
  facet normal -0.998796 -0.049048 0
    outer loop
      vertex -27.9077 12.1568 7
      vertex -27.9 12 2
      vertex -27.9 12 7
    endloop
  endfacet
  facet normal 0.998796 0.049048 0
    outer loop
      vertex -31.0923 11.8432 7
      vertex -31.1 12 2
      vertex -31.1 12 7
    endloop
  endfacet
  facet normal 0.998796 0.049048 0
    outer loop
      vertex -31.1 12 2
      vertex -31.0923 11.8432 7
      vertex -31.0923 11.8432 2
    endloop
  endfacet
  facet normal -0.969993 -0.243135 0
    outer loop
      vertex -27.9307 12.3121 2
      vertex -27.9689 12.4645 7
      vertex -27.9689 12.4645 2
    endloop
  endfacet
  facet normal -0.969993 -0.243135 0
    outer loop
      vertex -27.9689 12.4645 7
      vertex -27.9307 12.3121 2
      vertex -27.9307 12.3121 7
    endloop
  endfacet
  facet normal 0.049048 -0.998796 0
    outer loop
      vertex -29.6568 13.5923 2
      vertex -29.5 13.6 7
      vertex -29.6568 13.5923 7
    endloop
  endfacet
  facet normal 0.049048 -0.998796 0
    outer loop
      vertex -29.5 13.6 7
      vertex -29.6568 13.5923 2
      vertex -29.5 13.6 2
    endloop
  endfacet
  facet normal 0.146502 -0.98921 0
    outer loop
      vertex -29.8121 13.5693 2
      vertex -29.6568 13.5923 7
      vertex -29.8121 13.5693 7
    endloop
  endfacet
  facet normal 0.146502 -0.98921 0
    outer loop
      vertex -29.6568 13.5923 7
      vertex -29.8121 13.5693 2
      vertex -29.6568 13.5923 2
    endloop
  endfacet
  facet normal 0.941511 -0.336982 0
    outer loop
      vertex -31.0311 12.4645 7
      vertex -30.9782 12.6123 2
      vertex -30.9782 12.6123 7
    endloop
  endfacet
  facet normal 0.941511 -0.336982 0
    outer loop
      vertex -30.9782 12.6123 2
      vertex -31.0311 12.4645 7
      vertex -31.0311 12.4645 2
    endloop
  endfacet
  facet normal -0.998796 0.049048 0
    outer loop
      vertex -27.9077 11.8432 2
      vertex -27.9 12 7
      vertex -27.9 12 2
    endloop
  endfacet
  facet normal -0.998796 0.049048 0
    outer loop
      vertex -27.9 12 7
      vertex -27.9077 11.8432 2
      vertex -27.9077 11.8432 7
    endloop
  endfacet
  facet normal 0.671213 -0.741264 0
    outer loop
      vertex -30.6314 13.1314 2
      vertex -30.515 13.2368 7
      vertex -30.6314 13.1314 7
    endloop
  endfacet
  facet normal 0.671213 -0.741264 0
    outer loop
      vertex -30.515 13.2368 7
      vertex -30.6314 13.1314 2
      vertex -30.515 13.2368 2
    endloop
  endfacet
  facet normal 0.243135 -0.969993 0
    outer loop
      vertex -29.9645 13.5311 2
      vertex -29.8121 13.5693 7
      vertex -29.9645 13.5311 7
    endloop
  endfacet
  facet normal 0.243135 -0.969993 0
    outer loop
      vertex -29.8121 13.5693 7
      vertex -29.9645 13.5311 2
      vertex -29.8121 13.5693 2
    endloop
  endfacet
  facet normal 0.741264 0.671213 0
    outer loop
      vertex -30.6314 10.8686 7
      vertex -30.7368 10.985 2
      vertex -30.7368 10.985 7
    endloop
  endfacet
  facet normal 0.741264 0.671213 0
    outer loop
      vertex -30.7368 10.985 2
      vertex -30.6314 10.8686 7
      vertex -30.6314 10.8686 2
    endloop
  endfacet
  facet normal 0.98921 -0.146502 0
    outer loop
      vertex -31.0923 12.1568 7
      vertex -31.0693 12.3121 2
      vertex -31.0693 12.3121 7
    endloop
  endfacet
  facet normal 0.98921 -0.146502 0
    outer loop
      vertex -31.0693 12.3121 2
      vertex -31.0923 12.1568 7
      vertex -31.0923 12.1568 2
    endloop
  endfacet
  facet normal -0.243135 0.969993 0
    outer loop
      vertex -29.0355 10.4689 2
      vertex -29.1879 10.4307 7
      vertex -29.0355 10.4689 7
    endloop
  endfacet
  facet normal -0.243135 0.969993 0
    outer loop
      vertex -29.1879 10.4307 7
      vertex -29.0355 10.4689 2
      vertex -29.1879 10.4307 2
    endloop
  endfacet
  facet normal -0.596019 0.80297 0
    outer loop
      vertex -28.485 10.7632 2
      vertex -28.6111 10.6696 7
      vertex -28.485 10.7632 7
    endloop
  endfacet
  facet normal -0.596019 0.80297 0
    outer loop
      vertex -28.6111 10.6696 7
      vertex -28.485 10.7632 2
      vertex -28.6111 10.6696 2
    endloop
  endfacet
  facet normal 0.80297 0.596019 0
    outer loop
      vertex -30.7368 10.985 7
      vertex -30.8304 11.1111 2
      vertex -30.8304 11.1111 7
    endloop
  endfacet
  facet normal 0.80297 0.596019 0
    outer loop
      vertex -30.8304 11.1111 2
      vertex -30.7368 10.985 7
      vertex -30.7368 10.985 2
    endloop
  endfacet
  facet normal -0.427484 -0.904023 0
    outer loop
      vertex -28.8877 13.4782 2
      vertex -28.7458 13.4111 7
      vertex -28.8877 13.4782 7
    endloop
  endfacet
  facet normal -0.427484 -0.904023 -0
    outer loop
      vertex -28.7458 13.4111 7
      vertex -28.8877 13.4782 2
      vertex -28.7458 13.4111 2
    endloop
  endfacet
  facet normal -0.80297 0.596019 0
    outer loop
      vertex -28.2632 10.985 2
      vertex -28.1696 11.1111 7
      vertex -28.1696 11.1111 2
    endloop
  endfacet
  facet normal -0.80297 0.596019 0
    outer loop
      vertex -28.1696 11.1111 7
      vertex -28.2632 10.985 2
      vertex -28.2632 10.985 7
    endloop
  endfacet
  facet normal 0.513934 -0.85783 0
    outer loop
      vertex -30.3889 13.3304 2
      vertex -30.2542 13.4111 7
      vertex -30.3889 13.3304 7
    endloop
  endfacet
  facet normal 0.513934 -0.85783 0
    outer loop
      vertex -30.2542 13.4111 7
      vertex -30.3889 13.3304 2
      vertex -30.2542 13.4111 2
    endloop
  endfacet
  facet normal 0.969993 -0.243135 0
    outer loop
      vertex -31.0693 12.3121 7
      vertex -31.0311 12.4645 2
      vertex -31.0311 12.4645 7
    endloop
  endfacet
  facet normal 0.969993 -0.243135 0
    outer loop
      vertex -31.0311 12.4645 2
      vertex -31.0693 12.3121 7
      vertex -31.0693 12.3121 2
    endloop
  endfacet
  facet normal -0.904023 -0.427484 0
    outer loop
      vertex -28.0218 12.6123 2
      vertex -28.0889 12.7542 7
      vertex -28.0889 12.7542 2
    endloop
  endfacet
  facet normal -0.904023 -0.427484 0
    outer loop
      vertex -28.0889 12.7542 7
      vertex -28.0218 12.6123 2
      vertex -28.0218 12.6123 7
    endloop
  endfacet
  facet normal -0.049048 0.998796 0
    outer loop
      vertex -29.3432 10.4077 2
      vertex -29.5 10.4 7
      vertex -29.3432 10.4077 7
    endloop
  endfacet
  facet normal -0.049048 0.998796 0
    outer loop
      vertex -29.5 10.4 7
      vertex -29.3432 10.4077 2
      vertex -29.5 10.4 2
    endloop
  endfacet
  facet normal -0.596019 -0.80297 0
    outer loop
      vertex -28.6111 13.3304 2
      vertex -28.485 13.2368 7
      vertex -28.6111 13.3304 7
    endloop
  endfacet
  facet normal -0.596019 -0.80297 -0
    outer loop
      vertex -28.485 13.2368 7
      vertex -28.6111 13.3304 2
      vertex -28.485 13.2368 2
    endloop
  endfacet
  facet normal 0.336982 0.941511 -0
    outer loop
      vertex -29.9645 10.4689 2
      vertex -30.1123 10.5218 7
      vertex -29.9645 10.4689 7
    endloop
  endfacet
  facet normal 0.336982 0.941511 0
    outer loop
      vertex -30.1123 10.5218 7
      vertex -29.9645 10.4689 2
      vertex -30.1123 10.5218 2
    endloop
  endfacet
  facet normal -0.671213 -0.741264 0
    outer loop
      vertex -28.485 13.2368 2
      vertex -28.3686 13.1314 7
      vertex -28.485 13.2368 7
    endloop
  endfacet
  facet normal -0.671213 -0.741264 -0
    outer loop
      vertex -28.3686 13.1314 7
      vertex -28.485 13.2368 2
      vertex -28.3686 13.1314 2
    endloop
  endfacet
  facet normal -0.941511 0.336982 0
    outer loop
      vertex -28.0218 11.3877 2
      vertex -27.9689 11.5355 7
      vertex -27.9689 11.5355 2
    endloop
  endfacet
  facet normal -0.941511 0.336982 0
    outer loop
      vertex -27.9689 11.5355 7
      vertex -28.0218 11.3877 2
      vertex -28.0218 11.3877 7
    endloop
  endfacet
  facet normal 0.85783 0.513934 0
    outer loop
      vertex -30.8304 11.1111 7
      vertex -30.9111 11.2458 2
      vertex -30.9111 11.2458 7
    endloop
  endfacet
  facet normal 0.85783 0.513934 0
    outer loop
      vertex -30.9111 11.2458 2
      vertex -30.8304 11.1111 7
      vertex -30.8304 11.1111 2
    endloop
  endfacet
  facet normal -0.904023 0.427484 0
    outer loop
      vertex -28.0889 11.2458 2
      vertex -28.0218 11.3877 7
      vertex -28.0218 11.3877 2
    endloop
  endfacet
  facet normal -0.904023 0.427484 0
    outer loop
      vertex -28.0218 11.3877 7
      vertex -28.0889 11.2458 2
      vertex -28.0889 11.2458 7
    endloop
  endfacet
  facet normal 0.671213 0.741264 -0
    outer loop
      vertex -30.515 10.7632 2
      vertex -30.6314 10.8686 7
      vertex -30.515 10.7632 7
    endloop
  endfacet
  facet normal 0.671213 0.741264 0
    outer loop
      vertex -30.6314 10.8686 7
      vertex -30.515 10.7632 2
      vertex -30.6314 10.8686 2
    endloop
  endfacet
  facet normal -0.513934 -0.85783 0
    outer loop
      vertex -28.7458 13.4111 2
      vertex -28.6111 13.3304 7
      vertex -28.7458 13.4111 7
    endloop
  endfacet
  facet normal -0.513934 -0.85783 -0
    outer loop
      vertex -28.6111 13.3304 7
      vertex -28.7458 13.4111 2
      vertex -28.6111 13.3304 2
    endloop
  endfacet
  facet normal 0.904023 0.427484 0
    outer loop
      vertex -30.9111 11.2458 7
      vertex -30.9782 11.3877 2
      vertex -30.9782 11.3877 7
    endloop
  endfacet
  facet normal 0.904023 0.427484 0
    outer loop
      vertex -30.9782 11.3877 2
      vertex -30.9111 11.2458 7
      vertex -30.9111 11.2458 2
    endloop
  endfacet
  facet normal -0.146502 -0.98921 0
    outer loop
      vertex -29.3432 13.5923 2
      vertex -29.1879 13.5693 7
      vertex -29.3432 13.5923 7
    endloop
  endfacet
  facet normal -0.146502 -0.98921 -0
    outer loop
      vertex -29.1879 13.5693 7
      vertex -29.3432 13.5923 2
      vertex -29.1879 13.5693 2
    endloop
  endfacet
  facet normal -0.243135 -0.969993 0
    outer loop
      vertex -29.1879 13.5693 2
      vertex -29.0355 13.5311 7
      vertex -29.1879 13.5693 7
    endloop
  endfacet
  facet normal -0.243135 -0.969993 -0
    outer loop
      vertex -29.0355 13.5311 7
      vertex -29.1879 13.5693 2
      vertex -29.0355 13.5311 2
    endloop
  endfacet
  facet normal 0.80297 -0.596019 0
    outer loop
      vertex -30.8304 12.8889 7
      vertex -30.7368 13.015 2
      vertex -30.7368 13.015 7
    endloop
  endfacet
  facet normal 0.80297 -0.596019 0
    outer loop
      vertex -30.7368 13.015 2
      vertex -30.8304 12.8889 7
      vertex -30.8304 12.8889 2
    endloop
  endfacet
  facet normal 0.243135 0.969993 -0
    outer loop
      vertex -29.8121 10.4307 2
      vertex -29.9645 10.4689 7
      vertex -29.8121 10.4307 7
    endloop
  endfacet
  facet normal 0.243135 0.969993 0
    outer loop
      vertex -29.9645 10.4689 7
      vertex -29.8121 10.4307 2
      vertex -29.9645 10.4689 2
    endloop
  endfacet
  facet normal 0.336982 -0.941511 0
    outer loop
      vertex -30.1123 13.4782 2
      vertex -29.9645 13.5311 7
      vertex -30.1123 13.4782 7
    endloop
  endfacet
  facet normal 0.336982 -0.941511 0
    outer loop
      vertex -29.9645 13.5311 7
      vertex -30.1123 13.4782 2
      vertex -29.9645 13.5311 2
    endloop
  endfacet
  facet normal -0.671213 0.741264 0
    outer loop
      vertex -28.3686 10.8686 2
      vertex -28.485 10.7632 7
      vertex -28.3686 10.8686 7
    endloop
  endfacet
  facet normal -0.671213 0.741264 0
    outer loop
      vertex -28.485 10.7632 7
      vertex -28.3686 10.8686 2
      vertex -28.485 10.7632 2
    endloop
  endfacet
  facet normal 0.904023 -0.427484 0
    outer loop
      vertex -30.9782 12.6123 7
      vertex -30.9111 12.7542 2
      vertex -30.9111 12.7542 7
    endloop
  endfacet
  facet normal 0.904023 -0.427484 0
    outer loop
      vertex -30.9111 12.7542 2
      vertex -30.9782 12.6123 7
      vertex -30.9782 12.6123 2
    endloop
  endfacet
  facet normal 0.427484 0.904023 -0
    outer loop
      vertex -30.1123 10.5218 2
      vertex -30.2542 10.5889 7
      vertex -30.1123 10.5218 7
    endloop
  endfacet
  facet normal 0.427484 0.904023 0
    outer loop
      vertex -30.2542 10.5889 7
      vertex -30.1123 10.5218 2
      vertex -30.2542 10.5889 2
    endloop
  endfacet
  facet normal 0.049048 0.998796 -0
    outer loop
      vertex -29.5 10.4 2
      vertex -29.6568 10.4077 7
      vertex -29.5 10.4 7
    endloop
  endfacet
  facet normal 0.049048 0.998796 0
    outer loop
      vertex -29.6568 10.4077 7
      vertex -29.5 10.4 2
      vertex -29.6568 10.4077 2
    endloop
  endfacet
  facet normal 0.98921 0.146502 0
    outer loop
      vertex -31.0693 11.6879 7
      vertex -31.0923 11.8432 2
      vertex -31.0923 11.8432 7
    endloop
  endfacet
  facet normal 0.98921 0.146502 0
    outer loop
      vertex -31.0923 11.8432 2
      vertex -31.0693 11.6879 7
      vertex -31.0693 11.6879 2
    endloop
  endfacet
  facet normal -0.336982 -0.941511 0
    outer loop
      vertex -29.0355 13.5311 2
      vertex -28.8877 13.4782 7
      vertex -29.0355 13.5311 7
    endloop
  endfacet
  facet normal -0.336982 -0.941511 -0
    outer loop
      vertex -28.8877 13.4782 7
      vertex -29.0355 13.5311 2
      vertex -28.8877 13.4782 2
    endloop
  endfacet
  facet normal -0.336982 0.941511 0
    outer loop
      vertex -28.8877 10.5218 2
      vertex -29.0355 10.4689 7
      vertex -28.8877 10.5218 7
    endloop
  endfacet
  facet normal -0.336982 0.941511 0
    outer loop
      vertex -29.0355 10.4689 7
      vertex -28.8877 10.5218 2
      vertex -29.0355 10.4689 2
    endloop
  endfacet
  facet normal -0.427484 0.904023 0
    outer loop
      vertex -28.7458 10.5889 2
      vertex -28.8877 10.5218 7
      vertex -28.7458 10.5889 7
    endloop
  endfacet
  facet normal -0.427484 0.904023 0
    outer loop
      vertex -28.8877 10.5218 7
      vertex -28.7458 10.5889 2
      vertex -28.8877 10.5218 2
    endloop
  endfacet
  facet normal 0.427484 -0.904023 0
    outer loop
      vertex -30.2542 13.4111 2
      vertex -30.1123 13.4782 7
      vertex -30.2542 13.4111 7
    endloop
  endfacet
  facet normal 0.427484 -0.904023 0
    outer loop
      vertex -30.1123 13.4782 7
      vertex -30.2542 13.4111 2
      vertex -30.1123 13.4782 2
    endloop
  endfacet
  facet normal 0.85783 -0.513934 0
    outer loop
      vertex -30.9111 12.7542 7
      vertex -30.8304 12.8889 2
      vertex -30.8304 12.8889 7
    endloop
  endfacet
  facet normal 0.85783 -0.513934 0
    outer loop
      vertex -30.8304 12.8889 2
      vertex -30.9111 12.7542 7
      vertex -30.9111 12.7542 2
    endloop
  endfacet
  facet normal 0.596019 0.80297 -0
    outer loop
      vertex -30.3889 10.6696 2
      vertex -30.515 10.7632 7
      vertex -30.3889 10.6696 7
    endloop
  endfacet
  facet normal 0.596019 0.80297 0
    outer loop
      vertex -30.515 10.7632 7
      vertex -30.3889 10.6696 2
      vertex -30.515 10.7632 2
    endloop
  endfacet
  facet normal -0.989145 -0.146942 0
    outer loop
      vertex -26.4149 12.3039 0.0213881
      vertex -26.4596 12.6048 2
      vertex -26.4596 12.6048 0.0213881
    endloop
  endfacet
  facet normal -0.989145 -0.146942 0
    outer loop
      vertex -26.4596 12.6048 2
      vertex -26.4149 12.3039 0.0213881
      vertex -26.4149 12.3039 2
    endloop
  endfacet
  facet normal -0.9988 -0.0489705 0
    outer loop
      vertex -26.4 12 0.0213881
      vertex -26.4149 12.3039 2
      vertex -26.4149 12.3039 0.0213881
    endloop
  endfacet
  facet normal -0.9988 -0.0489705 0
    outer loop
      vertex -26.4149 12.3039 2
      vertex -26.4 12 0.0213881
      vertex -26.4 12 2
    endloop
  endfacet
  facet normal -0.970046 -0.242922 0
    outer loop
      vertex -26.4596 12.6048 0.0213881
      vertex -26.5335 12.8999 2
      vertex -26.5335 12.8999 0.0213881
    endloop
  endfacet
  facet normal -0.970046 -0.242922 0
    outer loop
      vertex -26.5335 12.8999 2
      vertex -26.4596 12.6048 0.0213881
      vertex -26.4596 12.6048 2
    endloop
  endfacet
  facet normal -0.803027 0.595943 0
    outer loop
      vertex -27.1037 10.0334 0.0213881
      vertex -26.9224 10.2777 2
      vertex -26.9224 10.2777 0.0213881
    endloop
  endfacet
  facet normal -0.803027 0.595943 0
    outer loop
      vertex -26.9224 10.2777 2
      vertex -27.1037 10.0334 0.0213881
      vertex -27.1037 10.0334 2
    endloop
  endfacet
  facet normal -0.0490688 0.998795 0
    outer loop
      vertex -29.1961 8.91493 0.0213881
      vertex -29.5 8.9 2
      vertex -29.1961 8.91493 2
    endloop
  endfacet
  facet normal -0.0490688 0.998795 0
    outer loop
      vertex -29.5 8.9 2
      vertex -29.1961 8.91493 0.0213881
      vertex -29.5 8.9 0.0213881
    endloop
  endfacet
  facet normal -0.514012 0.857783 0
    outer loop
      vertex -27.7777 9.42244 0.0213881
      vertex -28.0387 9.26604 2
      vertex -27.7777 9.42244 2
    endloop
  endfacet
  facet normal -0.514012 0.857783 0
    outer loop
      vertex -28.0387 9.26604 2
      vertex -27.7777 9.42244 0.0213881
      vertex -28.0387 9.26604 0.0213881
    endloop
  endfacet
  facet normal 0.42738 -0.904072 0
    outer loop
      vertex -30.9613 14.734 0.0213881
      vertex -30.6863 14.864 2
      vertex -30.9613 14.734 2
    endloop
  endfacet
  facet normal 0.42738 -0.904072 0
    outer loop
      vertex -30.6863 14.864 2
      vertex -30.9613 14.734 0.0213881
      vertex -30.6863 14.864 0.0213881
    endloop
  endfacet
  facet normal -0.514012 -0.857783 0
    outer loop
      vertex -28.0387 14.734 0.0213881
      vertex -27.7777 14.5776 2
      vertex -28.0387 14.734 2
    endloop
  endfacet
  facet normal -0.514012 -0.857783 -0
    outer loop
      vertex -27.7777 14.5776 2
      vertex -28.0387 14.734 0.0213881
      vertex -27.7777 14.5776 0.0213881
    endloop
  endfacet
  facet normal 0.0489705 -0.9988 0
    outer loop
      vertex -29.8039 15.0851 0.0213881
      vertex -29.5 15.1 2
      vertex -29.8039 15.0851 2
    endloop
  endfacet
  facet normal 0.0489705 -0.9988 0
    outer loop
      vertex -29.5 15.1 2
      vertex -29.8039 15.0851 0.0213881
      vertex -29.5 15.1 0.0213881
    endloop
  endfacet
  facet normal 0.803027 0.595943 0
    outer loop
      vertex -31.8963 10.0334 2
      vertex -32.0776 10.2777 0.0213881
      vertex -32.0776 10.2777 2
    endloop
  endfacet
  facet normal 0.803027 0.595943 0
    outer loop
      vertex -32.0776 10.2777 0.0213881
      vertex -31.8963 10.0334 2
      vertex -31.8963 10.0334 0.0213881
    endloop
  endfacet
  facet normal -0.941519 -0.336961 0
    outer loop
      vertex -26.5335 12.8999 0.0213881
      vertex -26.636 13.1863 2
      vertex -26.636 13.1863 0.0213881
    endloop
  endfacet
  facet normal -0.941519 -0.336961 0
    outer loop
      vertex -26.636 13.1863 2
      vertex -26.5335 12.8999 0.0213881
      vertex -26.5335 12.8999 2
    endloop
  endfacet
  facet normal -0.941519 0.336961 0
    outer loop
      vertex -26.636 10.8137 0.0213881
      vertex -26.5335 11.1001 2
      vertex -26.5335 11.1001 0.0213881
    endloop
  endfacet
  facet normal -0.941519 0.336961 0
    outer loop
      vertex -26.5335 11.1001 2
      vertex -26.636 10.8137 0.0213881
      vertex -26.636 10.8137 2
    endloop
  endfacet
  facet normal 0.857783 0.514012 0
    outer loop
      vertex -32.0776 10.2777 2
      vertex -32.234 10.5387 0.0213881
      vertex -32.234 10.5387 2
    endloop
  endfacet
  facet normal 0.857783 0.514012 0
    outer loop
      vertex -32.234 10.5387 0.0213881
      vertex -32.0776 10.2777 2
      vertex -32.0776 10.2777 0.0213881
    endloop
  endfacet
  facet normal -0.242984 0.97003 0
    outer loop
      vertex -28.6001 9.03349 0.0213881
      vertex -28.8952 8.95957 2
      vertex -28.6001 9.03349 2
    endloop
  endfacet
  facet normal -0.242984 0.97003 0
    outer loop
      vertex -28.8952 8.95957 2
      vertex -28.6001 9.03349 0.0213881
      vertex -28.8952 8.95957 0.0213881
    endloop
  endfacet
  facet normal -0.9988 0.0489705 0
    outer loop
      vertex -26.4149 11.6961 0.0213881
      vertex -26.4 12 2
      vertex -26.4 12 0.0213881
    endloop
  endfacet
  facet normal -0.9988 0.0489705 0
    outer loop
      vertex -26.4 12 2
      vertex -26.4149 11.6961 0.0213881
      vertex -26.4149 11.6961 2
    endloop
  endfacet
  facet normal 0.989145 0.146942 0
    outer loop
      vertex -32.5404 11.3952 2
      vertex -32.5851 11.6961 0.0213881
      vertex -32.5851 11.6961 2
    endloop
  endfacet
  facet normal 0.989145 0.146942 0
    outer loop
      vertex -32.5851 11.6961 0.0213881
      vertex -32.5404 11.3952 2
      vertex -32.5404 11.3952 0.0213881
    endloop
  endfacet
  facet normal 0.595943 -0.803027 0
    outer loop
      vertex -31.4666 14.3963 0.0213881
      vertex -31.2223 14.5776 2
      vertex -31.4666 14.3963 2
    endloop
  endfacet
  facet normal 0.595943 -0.803027 0
    outer loop
      vertex -31.2223 14.5776 2
      vertex -31.4666 14.3963 0.0213881
      vertex -31.2223 14.5776 0.0213881
    endloop
  endfacet
  facet normal -0.595943 -0.803027 0
    outer loop
      vertex -27.7777 14.5776 0.0213881
      vertex -27.5334 14.3963 2
      vertex -27.7777 14.5776 2
    endloop
  endfacet
  facet normal -0.595943 -0.803027 -0
    outer loop
      vertex -27.5334 14.3963 2
      vertex -27.7777 14.5776 0.0213881
      vertex -27.5334 14.3963 0.0213881
    endloop
  endfacet
  facet normal -0.74098 0.671527 0
    outer loop
      vertex -27.308 9.80797 0.0213881
      vertex -27.1037 10.0334 2
      vertex -27.1037 10.0334 0.0213881
    endloop
  endfacet
  facet normal -0.74098 0.671527 0
    outer loop
      vertex -27.1037 10.0334 2
      vertex -27.308 9.80797 0.0213881
      vertex -27.308 9.80797 2
    endloop
  endfacet
  facet normal 0.941519 0.336961 0
    outer loop
      vertex -32.364 10.8137 2
      vertex -32.4665 11.1001 0.0213881
      vertex -32.4665 11.1001 2
    endloop
  endfacet
  facet normal 0.941519 0.336961 0
    outer loop
      vertex -32.4665 11.1001 0.0213881
      vertex -32.364 10.8137 2
      vertex -32.364 10.8137 0.0213881
    endloop
  endfacet
  facet normal -0.989145 0.146942 0
    outer loop
      vertex -26.4596 11.3952 0.0213881
      vertex -26.4149 11.6961 2
      vertex -26.4149 11.6961 0.0213881
    endloop
  endfacet
  facet normal -0.989145 0.146942 0
    outer loop
      vertex -26.4149 11.6961 2
      vertex -26.4596 11.3952 0.0213881
      vertex -26.4596 11.3952 2
    endloop
  endfacet
  facet normal 0.857783 -0.514012 0
    outer loop
      vertex -32.234 13.4613 2
      vertex -32.0776 13.7223 0.0213881
      vertex -32.0776 13.7223 2
    endloop
  endfacet
  facet normal 0.857783 -0.514012 0
    outer loop
      vertex -32.0776 13.7223 0.0213881
      vertex -32.234 13.4613 2
      vertex -32.234 13.4613 0.0213881
    endloop
  endfacet
  facet normal -0.970046 0.242922 0
    outer loop
      vertex -26.5335 11.1001 0.0213881
      vertex -26.4596 11.3952 2
      vertex -26.4596 11.3952 0.0213881
    endloop
  endfacet
  facet normal -0.970046 0.242922 0
    outer loop
      vertex -26.4596 11.3952 2
      vertex -26.5335 11.1001 0.0213881
      vertex -26.5335 11.1001 2
    endloop
  endfacet
  facet normal -0.427568 0.903983 0
    outer loop
      vertex -28.0387 9.26604 0.0213881
      vertex -28.3137 9.13597 2
      vertex -28.0387 9.26604 2
    endloop
  endfacet
  facet normal -0.427568 0.903983 0
    outer loop
      vertex -28.3137 9.13597 2
      vertex -28.0387 9.26604 0.0213881
      vertex -28.3137 9.13597 0.0213881
    endloop
  endfacet
  facet normal 0 0 -1
    outer loop
      vertex -27.9 12 2
      vertex -26.4 12 2
      vertex -26.4149 11.6961 2
    endloop
  endfacet
  facet normal 0 0 -1
    outer loop
      vertex -27.9077 11.8432 2
      vertex -26.4149 11.6961 2
      vertex -26.4596 11.3952 2
    endloop
  endfacet
  facet normal 0 0 -1
    outer loop
      vertex -26.4 12 2
      vertex -27.9 12 2
      vertex -26.4149 12.3039 2
    endloop
  endfacet
  facet normal 0 0 -1
    outer loop
      vertex -27.9307 11.6879 2
      vertex -26.4596 11.3952 2
      vertex -26.5335 11.1001 2
    endloop
  endfacet
  facet normal 0 0 -1
    outer loop
      vertex -27.9077 12.1568 2
      vertex -26.4149 12.3039 2
      vertex -27.9 12 2
    endloop
  endfacet
  facet normal 0 0 -1
    outer loop
      vertex -27.9689 11.5355 2
      vertex -26.5335 11.1001 2
      vertex -26.636 10.8137 2
    endloop
  endfacet
  facet normal -0 0 -1
    outer loop
      vertex -26.4149 12.3039 2
      vertex -27.9077 12.1568 2
      vertex -26.4596 12.6048 2
    endloop
  endfacet
  facet normal 0 0 -1
    outer loop
      vertex -28.0218 11.3877 2
      vertex -26.636 10.8137 2
      vertex -26.766 10.5387 2
    endloop
  endfacet
  facet normal 0 0 -1
    outer loop
      vertex -27.9307 12.3121 2
      vertex -26.4596 12.6048 2
      vertex -27.9077 12.1568 2
    endloop
  endfacet
  facet normal 0 0 -1
    outer loop
      vertex -28.0889 11.2458 2
      vertex -26.766 10.5387 2
      vertex -26.9224 10.2777 2
    endloop
  endfacet
  facet normal -0 0 -1
    outer loop
      vertex -26.4596 12.6048 2
      vertex -27.9307 12.3121 2
      vertex -26.5335 12.8999 2
    endloop
  endfacet
  facet normal 0 0 -1
    outer loop
      vertex -28.1696 11.1111 2
      vertex -26.9224 10.2777 2
      vertex -27.1037 10.0334 2
    endloop
  endfacet
  facet normal 0 0 -1
    outer loop
      vertex -27.9689 12.4645 2
      vertex -26.5335 12.8999 2
      vertex -27.9307 12.3121 2
    endloop
  endfacet
  facet normal 0 0 -1
    outer loop
      vertex -28.2632 10.985 2
      vertex -27.1037 10.0334 2
      vertex -27.308 9.80797 2
    endloop
  endfacet
  facet normal -0 0 -1
    outer loop
      vertex -26.5335 12.8999 2
      vertex -27.9689 12.4645 2
      vertex -26.636 13.1863 2
    endloop
  endfacet
  facet normal 0 0 -1
    outer loop
      vertex -28.3686 10.8686 2
      vertex -27.308 9.80797 2
      vertex -27.5334 9.60367 2
    endloop
  endfacet
  facet normal 0 0 -1
    outer loop
      vertex -28.0218 12.6123 2
      vertex -26.636 13.1863 2
      vertex -27.9689 12.4645 2
    endloop
  endfacet
  facet normal 0 0 -1
    outer loop
      vertex -28.485 10.7632 2
      vertex -27.5334 9.60367 2
      vertex -27.7777 9.42244 2
    endloop
  endfacet
  facet normal -0 0 -1
    outer loop
      vertex -26.636 13.1863 2
      vertex -28.0218 12.6123 2
      vertex -26.766 13.4613 2
    endloop
  endfacet
  facet normal 0 0 -1
    outer loop
      vertex -28.0889 12.7542 2
      vertex -26.766 13.4613 2
      vertex -28.0218 12.6123 2
    endloop
  endfacet
  facet normal 0 0 -1
    outer loop
      vertex -26.4149 11.6961 2
      vertex -27.9077 11.8432 2
      vertex -27.9 12 2
    endloop
  endfacet
  facet normal 0 0 -1
    outer loop
      vertex -26.4596 11.3952 2
      vertex -27.9307 11.6879 2
      vertex -27.9077 11.8432 2
    endloop
  endfacet
  facet normal 0 0 -1
    outer loop
      vertex -26.5335 11.1001 2
      vertex -27.9689 11.5355 2
      vertex -27.9307 11.6879 2
    endloop
  endfacet
  facet normal 0 0 -1
    outer loop
      vertex -26.636 10.8137 2
      vertex -28.0218 11.3877 2
      vertex -27.9689 11.5355 2
    endloop
  endfacet
  facet normal 0 0 -1
    outer loop
      vertex -28.6111 10.6696 2
      vertex -27.7777 9.42244 2
      vertex -28.0387 9.26604 2
    endloop
  endfacet
  facet normal 0 0 -1
    outer loop
      vertex -26.766 10.5387 2
      vertex -28.0889 11.2458 2
      vertex -28.0218 11.3877 2
    endloop
  endfacet
  facet normal 0 0 -1
    outer loop
      vertex -26.9224 10.2777 2
      vertex -28.1696 11.1111 2
      vertex -28.0889 11.2458 2
    endloop
  endfacet
  facet normal 0 0 -1
    outer loop
      vertex -27.1037 10.0334 2
      vertex -28.2632 10.985 2
      vertex -28.1696 11.1111 2
    endloop
  endfacet
  facet normal 0 0 -1
    outer loop
      vertex -28.7458 10.5889 2
      vertex -28.0387 9.26604 2
      vertex -28.3137 9.13597 2
    endloop
  endfacet
  facet normal 0 0 -1
    outer loop
      vertex -27.308 9.80797 2
      vertex -28.3686 10.8686 2
      vertex -28.2632 10.985 2
    endloop
  endfacet
  facet normal 0 0 -1
    outer loop
      vertex -27.5334 9.60367 2
      vertex -28.485 10.7632 2
      vertex -28.3686 10.8686 2
    endloop
  endfacet
  facet normal 0 0 -1
    outer loop
      vertex -28.8877 10.5218 2
      vertex -28.3137 9.13597 2
      vertex -28.6001 9.03349 2
    endloop
  endfacet
  facet normal 0 0 -1
    outer loop
      vertex -27.7777 9.42244 2
      vertex -28.6111 10.6696 2
      vertex -28.485 10.7632 2
    endloop
  endfacet
  facet normal 0 0 -1
    outer loop
      vertex -28.0387 9.26604 2
      vertex -28.7458 10.5889 2
      vertex -28.6111 10.6696 2
    endloop
  endfacet
  facet normal 0 0 -1
    outer loop
      vertex -28.3137 9.13597 2
      vertex -28.8877 10.5218 2
      vertex -28.7458 10.5889 2
    endloop
  endfacet
  facet normal 0 0 -1
    outer loop
      vertex -29.0355 10.4689 2
      vertex -28.6001 9.03349 2
      vertex -28.8952 8.95957 2
    endloop
  endfacet
  facet normal 0 0 -1
    outer loop
      vertex -28.6001 9.03349 2
      vertex -29.0355 10.4689 2
      vertex -28.8877 10.5218 2
    endloop
  endfacet
  facet normal 0 0 -1
    outer loop
      vertex -28.8952 8.95957 2
      vertex -29.1879 10.4307 2
      vertex -29.0355 10.4689 2
    endloop
  endfacet
  facet normal 0 0 -1
    outer loop
      vertex -29.1961 8.91493 2
      vertex -29.1879 10.4307 2
      vertex -28.8952 8.95957 2
    endloop
  endfacet
  facet normal 0 0 -1
    outer loop
      vertex -29.1961 8.91493 2
      vertex -29.3432 10.4077 2
      vertex -29.1879 10.4307 2
    endloop
  endfacet
  facet normal 0 0 -1
    outer loop
      vertex -29.5 8.9 2
      vertex -29.3432 10.4077 2
      vertex -29.1961 8.91493 2
    endloop
  endfacet
  facet normal 0 0 -1
    outer loop
      vertex -29.5 8.9 2
      vertex -29.5 10.4 2
      vertex -29.3432 10.4077 2
    endloop
  endfacet
  facet normal 0 0 -1
    outer loop
      vertex -29.5 8.9 2
      vertex -29.6568 10.4077 2
      vertex -29.5 10.4 2
    endloop
  endfacet
  facet normal 0 0 -1
    outer loop
      vertex -29.8039 8.91493 2
      vertex -29.6568 10.4077 2
      vertex -29.5 8.9 2
    endloop
  endfacet
  facet normal 0 0 -1
    outer loop
      vertex -29.8039 8.91493 2
      vertex -29.8121 10.4307 2
      vertex -29.6568 10.4077 2
    endloop
  endfacet
  facet normal 0 0 -1
    outer loop
      vertex -30.1048 8.95957 2
      vertex -29.8121 10.4307 2
      vertex -29.8039 8.91493 2
    endloop
  endfacet
  facet normal -0 0 -1
    outer loop
      vertex -29.8121 10.4307 2
      vertex -30.1048 8.95957 2
      vertex -29.9645 10.4689 2
    endloop
  endfacet
  facet normal 0 0 -1
    outer loop
      vertex -30.3999 9.03349 2
      vertex -29.9645 10.4689 2
      vertex -30.1048 8.95957 2
    endloop
  endfacet
  facet normal -0 0 -1
    outer loop
      vertex -29.9645 10.4689 2
      vertex -30.3999 9.03349 2
      vertex -30.1123 10.5218 2
    endloop
  endfacet
  facet normal 0 0 -1
    outer loop
      vertex -30.6863 9.13597 2
      vertex -30.1123 10.5218 2
      vertex -30.3999 9.03349 2
    endloop
  endfacet
  facet normal -0 0 -1
    outer loop
      vertex -30.1123 10.5218 2
      vertex -30.6863 9.13597 2
      vertex -30.2542 10.5889 2
    endloop
  endfacet
  facet normal 0 0 -1
    outer loop
      vertex -30.9613 9.26604 2
      vertex -30.2542 10.5889 2
      vertex -30.6863 9.13597 2
    endloop
  endfacet
  facet normal -0 0 -1
    outer loop
      vertex -30.2542 10.5889 2
      vertex -30.9613 9.26604 2
      vertex -30.3889 10.6696 2
    endloop
  endfacet
  facet normal 0 0 -1
    outer loop
      vertex -31.2223 9.42244 2
      vertex -30.3889 10.6696 2
      vertex -30.9613 9.26604 2
    endloop
  endfacet
  facet normal -0 0 -1
    outer loop
      vertex -30.3889 10.6696 2
      vertex -31.2223 9.42244 2
      vertex -30.515 10.7632 2
    endloop
  endfacet
  facet normal 0 0 -1
    outer loop
      vertex -31.4666 9.60367 2
      vertex -30.515 10.7632 2
      vertex -31.2223 9.42244 2
    endloop
  endfacet
  facet normal -0 0 -1
    outer loop
      vertex -30.515 10.7632 2
      vertex -31.4666 9.60367 2
      vertex -30.6314 10.8686 2
    endloop
  endfacet
  facet normal 0 0 -1
    outer loop
      vertex -31.692 9.80797 2
      vertex -30.6314 10.8686 2
      vertex -31.4666 9.60367 2
    endloop
  endfacet
  facet normal -0 0 -1
    outer loop
      vertex -30.6314 10.8686 2
      vertex -31.692 9.80797 2
      vertex -30.7368 10.985 2
    endloop
  endfacet
  facet normal 0 0 -1
    outer loop
      vertex -31.8963 10.0334 2
      vertex -30.7368 10.985 2
      vertex -31.692 9.80797 2
    endloop
  endfacet
  facet normal -0 0 -1
    outer loop
      vertex -30.7368 10.985 2
      vertex -31.8963 10.0334 2
      vertex -30.8304 11.1111 2
    endloop
  endfacet
  facet normal 0 0 -1
    outer loop
      vertex -32.0776 10.2777 2
      vertex -30.8304 11.1111 2
      vertex -31.8963 10.0334 2
    endloop
  endfacet
  facet normal 0 0 -1
    outer loop
      vertex -32.234 10.5387 2
      vertex -30.9111 11.2458 2
      vertex -32.0776 10.2777 2
    endloop
  endfacet
  facet normal -0 0 -1
    outer loop
      vertex -30.8304 11.1111 2
      vertex -32.0776 10.2777 2
      vertex -30.9111 11.2458 2
    endloop
  endfacet
  facet normal -0 0 -1
    outer loop
      vertex -26.766 13.4613 2
      vertex -28.0889 12.7542 2
      vertex -26.9224 13.7223 2
    endloop
  endfacet
  facet normal 0 0 -1
    outer loop
      vertex -28.1696 12.8889 2
      vertex -26.9224 13.7223 2
      vertex -28.0889 12.7542 2
    endloop
  endfacet
  facet normal -0 0 -1
    outer loop
      vertex -26.9224 13.7223 2
      vertex -28.1696 12.8889 2
      vertex -27.1037 13.9666 2
    endloop
  endfacet
  facet normal 0 0 -1
    outer loop
      vertex -28.2632 13.015 2
      vertex -27.1037 13.9666 2
      vertex -28.1696 12.8889 2
    endloop
  endfacet
  facet normal -0 0 -1
    outer loop
      vertex -27.1037 13.9666 2
      vertex -28.2632 13.015 2
      vertex -27.308 14.192 2
    endloop
  endfacet
  facet normal 0 0 -1
    outer loop
      vertex -28.3686 13.1314 2
      vertex -27.308 14.192 2
      vertex -28.2632 13.015 2
    endloop
  endfacet
  facet normal -0 0 -1
    outer loop
      vertex -27.308 14.192 2
      vertex -28.3686 13.1314 2
      vertex -27.5334 14.3963 2
    endloop
  endfacet
  facet normal 0 0 -1
    outer loop
      vertex -28.485 13.2368 2
      vertex -27.5334 14.3963 2
      vertex -28.3686 13.1314 2
    endloop
  endfacet
  facet normal -0 0 -1
    outer loop
      vertex -27.5334 14.3963 2
      vertex -28.485 13.2368 2
      vertex -27.7777 14.5776 2
    endloop
  endfacet
  facet normal 0 0 -1
    outer loop
      vertex -28.6111 13.3304 2
      vertex -27.7777 14.5776 2
      vertex -28.485 13.2368 2
    endloop
  endfacet
  facet normal -0 0 -1
    outer loop
      vertex -27.7777 14.5776 2
      vertex -28.6111 13.3304 2
      vertex -28.0387 14.734 2
    endloop
  endfacet
  facet normal 0 0 -1
    outer loop
      vertex -28.7458 13.4111 2
      vertex -28.0387 14.734 2
      vertex -28.6111 13.3304 2
    endloop
  endfacet
  facet normal -0 0 -1
    outer loop
      vertex -28.0387 14.734 2
      vertex -28.7458 13.4111 2
      vertex -28.3137 14.864 2
    endloop
  endfacet
  facet normal 0 0 -1
    outer loop
      vertex -28.8877 13.4782 2
      vertex -28.3137 14.864 2
      vertex -28.7458 13.4111 2
    endloop
  endfacet
  facet normal -0 0 -1
    outer loop
      vertex -28.3137 14.864 2
      vertex -28.8877 13.4782 2
      vertex -28.6001 14.9665 2
    endloop
  endfacet
  facet normal 0 0 -1
    outer loop
      vertex -29.0355 13.5311 2
      vertex -28.6001 14.9665 2
      vertex -28.8877 13.4782 2
    endloop
  endfacet
  facet normal -0 0 -1
    outer loop
      vertex -28.6001 14.9665 2
      vertex -29.0355 13.5311 2
      vertex -28.8952 15.0404 2
    endloop
  endfacet
  facet normal 0 0 -1
    outer loop
      vertex -29.1879 13.5693 2
      vertex -28.8952 15.0404 2
      vertex -29.0355 13.5311 2
    endloop
  endfacet
  facet normal 0 0 -1
    outer loop
      vertex -29.1879 13.5693 2
      vertex -29.1961 15.0851 2
      vertex -28.8952 15.0404 2
    endloop
  endfacet
  facet normal 0 0 -1
    outer loop
      vertex -29.3432 13.5923 2
      vertex -29.1961 15.0851 2
      vertex -29.1879 13.5693 2
    endloop
  endfacet
  facet normal 0 0 -1
    outer loop
      vertex -29.5 13.6 2
      vertex -29.1961 15.0851 2
      vertex -29.3432 13.5923 2
    endloop
  endfacet
  facet normal 0 0 -1
    outer loop
      vertex -29.5 13.6 2
      vertex -29.5 15.1 2
      vertex -29.1961 15.0851 2
    endloop
  endfacet
  facet normal 0 0 -1
    outer loop
      vertex -29.6568 13.5923 2
      vertex -29.5 15.1 2
      vertex -29.5 13.6 2
    endloop
  endfacet
  facet normal 0 0 -1
    outer loop
      vertex -29.6568 13.5923 2
      vertex -29.8039 15.0851 2
      vertex -29.5 15.1 2
    endloop
  endfacet
  facet normal 0 0 -1
    outer loop
      vertex -29.8121 13.5693 2
      vertex -29.8039 15.0851 2
      vertex -29.6568 13.5923 2
    endloop
  endfacet
  facet normal 0 0 -1
    outer loop
      vertex -30.1048 15.0404 2
      vertex -29.8121 13.5693 2
      vertex -29.9645 13.5311 2
    endloop
  endfacet
  facet normal 0 0 -1
    outer loop
      vertex -29.8121 13.5693 2
      vertex -30.1048 15.0404 2
      vertex -29.8039 15.0851 2
    endloop
  endfacet
  facet normal 0 0 -1
    outer loop
      vertex -30.3999 14.9665 2
      vertex -29.9645 13.5311 2
      vertex -30.1123 13.4782 2
    endloop
  endfacet
  facet normal 0 0 -1
    outer loop
      vertex -30.6863 14.864 2
      vertex -30.1123 13.4782 2
      vertex -30.2542 13.4111 2
    endloop
  endfacet
  facet normal 0 0 -1
    outer loop
      vertex -30.9613 14.734 2
      vertex -30.2542 13.4111 2
      vertex -30.3889 13.3304 2
    endloop
  endfacet
  facet normal 0 0 -1
    outer loop
      vertex -29.9645 13.5311 2
      vertex -30.3999 14.9665 2
      vertex -30.1048 15.0404 2
    endloop
  endfacet
  facet normal 0 0 -1
    outer loop
      vertex -31.2223 14.5776 2
      vertex -30.3889 13.3304 2
      vertex -30.515 13.2368 2
    endloop
  endfacet
  facet normal 0 0 -1
    outer loop
      vertex -31.4666 14.3963 2
      vertex -30.515 13.2368 2
      vertex -30.6314 13.1314 2
    endloop
  endfacet
  facet normal 0 0 -1
    outer loop
      vertex -30.1123 13.4782 2
      vertex -30.6863 14.864 2
      vertex -30.3999 14.9665 2
    endloop
  endfacet
  facet normal 0 0 -1
    outer loop
      vertex -31.692 14.192 2
      vertex -30.6314 13.1314 2
      vertex -30.7368 13.015 2
    endloop
  endfacet
  facet normal 0 0 -1
    outer loop
      vertex -31.8963 13.9666 2
      vertex -30.7368 13.015 2
      vertex -30.8304 12.8889 2
    endloop
  endfacet
  facet normal 0 0 -1
    outer loop
      vertex -32.0776 13.7223 2
      vertex -30.8304 12.8889 2
      vertex -30.9111 12.7542 2
    endloop
  endfacet
  facet normal 0 0 -1
    outer loop
      vertex -30.2542 13.4111 2
      vertex -30.9613 14.734 2
      vertex -30.6863 14.864 2
    endloop
  endfacet
  facet normal 0 0 -1
    outer loop
      vertex -32.234 13.4613 2
      vertex -30.9111 12.7542 2
      vertex -30.9782 12.6123 2
    endloop
  endfacet
  facet normal 0 0 -1
    outer loop
      vertex -32.364 13.1863 2
      vertex -30.9782 12.6123 2
      vertex -31.0311 12.4645 2
    endloop
  endfacet
  facet normal 0 0 -1
    outer loop
      vertex -32.4665 12.8999 2
      vertex -31.0311 12.4645 2
      vertex -31.0693 12.3121 2
    endloop
  endfacet
  facet normal 0 0 -1
    outer loop
      vertex -32.5404 12.6048 2
      vertex -31.0693 12.3121 2
      vertex -31.0923 12.1568 2
    endloop
  endfacet
  facet normal 0 0 -1
    outer loop
      vertex -30.3889 13.3304 2
      vertex -31.2223 14.5776 2
      vertex -30.9613 14.734 2
    endloop
  endfacet
  facet normal 0 0 -1
    outer loop
      vertex -32.5851 12.3039 2
      vertex -31.0923 12.1568 2
      vertex -31.1 12 2
    endloop
  endfacet
  facet normal -0 0 -1
    outer loop
      vertex -30.9111 11.2458 2
      vertex -32.234 10.5387 2
      vertex -30.9782 11.3877 2
    endloop
  endfacet
  facet normal 0 0 -1
    outer loop
      vertex -32.364 10.8137 2
      vertex -30.9782 11.3877 2
      vertex -32.234 10.5387 2
    endloop
  endfacet
  facet normal 0 0 -1
    outer loop
      vertex -30.515 13.2368 2
      vertex -31.4666 14.3963 2
      vertex -31.2223 14.5776 2
    endloop
  endfacet
  facet normal -0 0 -1
    outer loop
      vertex -30.9782 11.3877 2
      vertex -32.364 10.8137 2
      vertex -31.0311 11.5355 2
    endloop
  endfacet
  facet normal 0 0 -1
    outer loop
      vertex -30.6314 13.1314 2
      vertex -31.692 14.192 2
      vertex -31.4666 14.3963 2
    endloop
  endfacet
  facet normal 0 0 -1
    outer loop
      vertex -32.4665 11.1001 2
      vertex -31.0311 11.5355 2
      vertex -32.364 10.8137 2
    endloop
  endfacet
  facet normal 0 0 -1
    outer loop
      vertex -30.7368 13.015 2
      vertex -31.8963 13.9666 2
      vertex -31.692 14.192 2
    endloop
  endfacet
  facet normal -0 0 -1
    outer loop
      vertex -31.0311 11.5355 2
      vertex -32.4665 11.1001 2
      vertex -31.0693 11.6879 2
    endloop
  endfacet
  facet normal 0 0 -1
    outer loop
      vertex -30.8304 12.8889 2
      vertex -32.0776 13.7223 2
      vertex -31.8963 13.9666 2
    endloop
  endfacet
  facet normal 0 0 -1
    outer loop
      vertex -32.5404 11.3952 2
      vertex -31.0693 11.6879 2
      vertex -32.4665 11.1001 2
    endloop
  endfacet
  facet normal 0 0 -1
    outer loop
      vertex -30.9111 12.7542 2
      vertex -32.234 13.4613 2
      vertex -32.0776 13.7223 2
    endloop
  endfacet
  facet normal -0 0 -1
    outer loop
      vertex -31.0693 11.6879 2
      vertex -32.5404 11.3952 2
      vertex -31.0923 11.8432 2
    endloop
  endfacet
  facet normal 0 0 -1
    outer loop
      vertex -30.9782 12.6123 2
      vertex -32.364 13.1863 2
      vertex -32.234 13.4613 2
    endloop
  endfacet
  facet normal 0 0 -1
    outer loop
      vertex -32.5851 11.6961 2
      vertex -31.0923 11.8432 2
      vertex -32.5404 11.3952 2
    endloop
  endfacet
  facet normal 0 0 -1
    outer loop
      vertex -31.0311 12.4645 2
      vertex -32.4665 12.8999 2
      vertex -32.364 13.1863 2
    endloop
  endfacet
  facet normal -0 0 -1
    outer loop
      vertex -31.0923 11.8432 2
      vertex -32.5851 11.6961 2
      vertex -31.1 12 2
    endloop
  endfacet
  facet normal 0 0 -1
    outer loop
      vertex -31.0693 12.3121 2
      vertex -32.5404 12.6048 2
      vertex -32.4665 12.8999 2
    endloop
  endfacet
  facet normal 0 0 -1
    outer loop
      vertex -32.6 12 2
      vertex -31.1 12 2
      vertex -32.5851 11.6961 2
    endloop
  endfacet
  facet normal 0 0 -1
    outer loop
      vertex -31.0923 12.1568 2
      vertex -32.5851 12.3039 2
      vertex -32.5404 12.6048 2
    endloop
  endfacet
  facet normal 0 0 -1
    outer loop
      vertex -31.1 12 2
      vertex -32.6 12 2
      vertex -32.5851 12.3039 2
    endloop
  endfacet
  facet normal -0.671576 -0.740936 0
    outer loop
      vertex -27.5334 14.3963 0.0213881
      vertex -27.308 14.192 2
      vertex -27.5334 14.3963 2
    endloop
  endfacet
  facet normal -0.671576 -0.740936 -0
    outer loop
      vertex -27.308 14.192 2
      vertex -27.5334 14.3963 0.0213881
      vertex -27.308 14.192 0.0213881
    endloop
  endfacet
  facet normal 0.336961 -0.941519 0
    outer loop
      vertex -30.6863 14.864 0.0213881
      vertex -30.3999 14.9665 2
      vertex -30.6863 14.864 2
    endloop
  endfacet
  facet normal 0.336961 -0.941519 0
    outer loop
      vertex -30.3999 14.9665 2
      vertex -30.6863 14.864 0.0213881
      vertex -30.3999 14.9665 0.0213881
    endloop
  endfacet
  facet normal -0.42738 -0.904072 0
    outer loop
      vertex -28.3137 14.864 0.0213881
      vertex -28.0387 14.734 2
      vertex -28.3137 14.864 2
    endloop
  endfacet
  facet normal -0.42738 -0.904072 -0
    outer loop
      vertex -28.0387 14.734 2
      vertex -28.3137 14.864 0.0213881
      vertex -28.0387 14.734 0.0213881
    endloop
  endfacet
  facet normal 0.9988 -0.0489705 0
    outer loop
      vertex -32.6 12 2
      vertex -32.5851 12.3039 0.0213881
      vertex -32.5851 12.3039 2
    endloop
  endfacet
  facet normal 0.9988 -0.0489705 0
    outer loop
      vertex -32.5851 12.3039 0.0213881
      vertex -32.6 12 2
      vertex -32.6 12 0.0213881
    endloop
  endfacet
  facet normal -0.803027 -0.595943 0
    outer loop
      vertex -26.9224 13.7223 0.0213881
      vertex -27.1037 13.9666 2
      vertex -27.1037 13.9666 0.0213881
    endloop
  endfacet
  facet normal -0.803027 -0.595943 0
    outer loop
      vertex -27.1037 13.9666 2
      vertex -26.9224 13.7223 0.0213881
      vertex -26.9224 13.7223 2
    endloop
  endfacet
  facet normal -0.0489705 -0.9988 0
    outer loop
      vertex -29.5 15.1 0.0213881
      vertex -29.1961 15.0851 2
      vertex -29.5 15.1 2
    endloop
  endfacet
  facet normal -0.0489705 -0.9988 -0
    outer loop
      vertex -29.1961 15.0851 2
      vertex -29.5 15.1 0.0213881
      vertex -29.1961 15.0851 0.0213881
    endloop
  endfacet
  facet normal 0.671576 -0.740936 0
    outer loop
      vertex -31.692 14.192 0.0213881
      vertex -31.4666 14.3963 2
      vertex -31.692 14.192 2
    endloop
  endfacet
  facet normal 0.671576 -0.740936 0
    outer loop
      vertex -31.4666 14.3963 2
      vertex -31.692 14.192 0.0213881
      vertex -31.4666 14.3963 0.0213881
    endloop
  endfacet
  facet normal -0.336903 0.941539 0
    outer loop
      vertex -28.3137 9.13597 0.0213881
      vertex -28.6001 9.03349 2
      vertex -28.3137 9.13597 2
    endloop
  endfacet
  facet normal -0.336903 0.941539 0
    outer loop
      vertex -28.6001 9.03349 2
      vertex -28.3137 9.13597 0.0213881
      vertex -28.6001 9.03349 0.0213881
    endloop
  endfacet
  facet normal -0.740936 -0.671576 0
    outer loop
      vertex -27.1037 13.9666 0.0213881
      vertex -27.308 14.192 2
      vertex -27.308 14.192 0.0213881
    endloop
  endfacet
  facet normal -0.740936 -0.671576 0
    outer loop
      vertex -27.308 14.192 2
      vertex -27.1037 13.9666 0.0213881
      vertex -27.1037 13.9666 2
    endloop
  endfacet
  facet normal 0.242984 0.97003 -0
    outer loop
      vertex -30.1048 8.95957 0.0213881
      vertex -30.3999 9.03349 2
      vertex -30.1048 8.95957 2
    endloop
  endfacet
  facet normal 0.242984 0.97003 0
    outer loop
      vertex -30.3999 9.03349 2
      vertex -30.1048 8.95957 0.0213881
      vertex -30.3999 9.03349 0.0213881
    endloop
  endfacet
  facet normal -0.904072 -0.42738 0
    outer loop
      vertex -26.636 13.1863 0.0213881
      vertex -26.766 13.4613 2
      vertex -26.766 13.4613 0.0213881
    endloop
  endfacet
  facet normal -0.904072 -0.42738 0
    outer loop
      vertex -26.766 13.4613 2
      vertex -26.636 13.1863 0.0213881
      vertex -26.636 13.1863 2
    endloop
  endfacet
  facet normal -0.857783 0.514012 0
    outer loop
      vertex -26.9224 10.2777 0.0213881
      vertex -26.766 10.5387 2
      vertex -26.766 10.5387 0.0213881
    endloop
  endfacet
  facet normal -0.857783 0.514012 0
    outer loop
      vertex -26.766 10.5387 2
      vertex -26.9224 10.2777 0.0213881
      vertex -26.9224 10.2777 2
    endloop
  endfacet
  facet normal -0.336961 -0.941519 0
    outer loop
      vertex -28.6001 14.9665 0.0213881
      vertex -28.3137 14.864 2
      vertex -28.6001 14.9665 2
    endloop
  endfacet
  facet normal -0.336961 -0.941519 -0
    outer loop
      vertex -28.3137 14.864 2
      vertex -28.6001 14.9665 0.0213881
      vertex -28.3137 14.864 0.0213881
    endloop
  endfacet
  facet normal 0.242922 -0.970046 0
    outer loop
      vertex -30.3999 14.9665 0.0213881
      vertex -30.1048 15.0404 2
      vertex -30.3999 14.9665 2
    endloop
  endfacet
  facet normal 0.242922 -0.970046 0
    outer loop
      vertex -30.1048 15.0404 2
      vertex -30.3999 14.9665 0.0213881
      vertex -30.1048 15.0404 0.0213881
    endloop
  endfacet
  facet normal 0.514012 -0.857783 0
    outer loop
      vertex -31.2223 14.5776 0.0213881
      vertex -30.9613 14.734 2
      vertex -31.2223 14.5776 2
    endloop
  endfacet
  facet normal 0.514012 -0.857783 0
    outer loop
      vertex -30.9613 14.734 2
      vertex -31.2223 14.5776 0.0213881
      vertex -30.9613 14.734 0.0213881
    endloop
  endfacet
  facet normal -0.857783 -0.514012 0
    outer loop
      vertex -26.766 13.4613 0.0213881
      vertex -26.9224 13.7223 2
      vertex -26.9224 13.7223 0.0213881
    endloop
  endfacet
  facet normal -0.857783 -0.514012 0
    outer loop
      vertex -26.9224 13.7223 2
      vertex -26.766 13.4613 0.0213881
      vertex -26.766 13.4613 2
    endloop
  endfacet
  facet normal 0.970046 -0.242922 0
    outer loop
      vertex -32.5404 12.6048 2
      vertex -32.4665 12.8999 0.0213881
      vertex -32.4665 12.8999 2
    endloop
  endfacet
  facet normal 0.970046 -0.242922 0
    outer loop
      vertex -32.4665 12.8999 0.0213881
      vertex -32.5404 12.6048 2
      vertex -32.5404 12.6048 0.0213881
    endloop
  endfacet
  facet normal 0.146942 -0.989145 0
    outer loop
      vertex -30.1048 15.0404 0.0213881
      vertex -29.8039 15.0851 2
      vertex -30.1048 15.0404 2
    endloop
  endfacet
  facet normal 0.146942 -0.989145 0
    outer loop
      vertex -29.8039 15.0851 2
      vertex -30.1048 15.0404 0.0213881
      vertex -29.8039 15.0851 0.0213881
    endloop
  endfacet
  facet normal 0.904072 0.42738 0
    outer loop
      vertex -32.234 10.5387 2
      vertex -32.364 10.8137 0.0213881
      vertex -32.364 10.8137 2
    endloop
  endfacet
  facet normal 0.904072 0.42738 0
    outer loop
      vertex -32.364 10.8137 0.0213881
      vertex -32.234 10.5387 2
      vertex -32.234 10.5387 0.0213881
    endloop
  endfacet
  facet normal -0.146749 0.989174 0
    outer loop
      vertex -28.8952 8.95957 0.0213881
      vertex -29.1961 8.91493 2
      vertex -28.8952 8.95957 2
    endloop
  endfacet
  facet normal -0.146749 0.989174 0
    outer loop
      vertex -29.1961 8.91493 2
      vertex -28.8952 8.95957 0.0213881
      vertex -29.1961 8.91493 0.0213881
    endloop
  endfacet
  facet normal 0.336903 0.941539 -0
    outer loop
      vertex -30.3999 9.03349 0.0213881
      vertex -30.6863 9.13597 2
      vertex -30.3999 9.03349 2
    endloop
  endfacet
  facet normal 0.336903 0.941539 0
    outer loop
      vertex -30.6863 9.13597 2
      vertex -30.3999 9.03349 0.0213881
      vertex -30.6863 9.13597 0.0213881
    endloop
  endfacet
  facet normal 0.671576 0.740936 -0
    outer loop
      vertex -31.4666 9.60367 0.0213881
      vertex -31.692 9.80797 2
      vertex -31.4666 9.60367 2
    endloop
  endfacet
  facet normal 0.671576 0.740936 0
    outer loop
      vertex -31.692 9.80797 2
      vertex -31.4666 9.60367 0.0213881
      vertex -31.692 9.80797 0.0213881
    endloop
  endfacet
  facet normal 0.970046 0.242922 0
    outer loop
      vertex -32.4665 11.1001 2
      vertex -32.5404 11.3952 0.0213881
      vertex -32.5404 11.3952 2
    endloop
  endfacet
  facet normal 0.970046 0.242922 0
    outer loop
      vertex -32.5404 11.3952 0.0213881
      vertex -32.4665 11.1001 2
      vertex -32.4665 11.1001 0.0213881
    endloop
  endfacet
  facet normal 0.74098 0.671527 0
    outer loop
      vertex -31.692 9.80797 2
      vertex -31.8963 10.0334 0.0213881
      vertex -31.8963 10.0334 2
    endloop
  endfacet
  facet normal 0.74098 0.671527 0
    outer loop
      vertex -31.8963 10.0334 0.0213881
      vertex -31.692 9.80797 2
      vertex -31.692 9.80797 0.0213881
    endloop
  endfacet
  facet normal 0.989145 -0.146942 0
    outer loop
      vertex -32.5851 12.3039 2
      vertex -32.5404 12.6048 0.0213881
      vertex -32.5404 12.6048 2
    endloop
  endfacet
  facet normal 0.989145 -0.146942 0
    outer loop
      vertex -32.5404 12.6048 0.0213881
      vertex -32.5851 12.3039 2
      vertex -32.5851 12.3039 0.0213881
    endloop
  endfacet
  facet normal -0.242922 -0.970046 0
    outer loop
      vertex -28.8952 15.0404 0.0213881
      vertex -28.6001 14.9665 2
      vertex -28.8952 15.0404 2
    endloop
  endfacet
  facet normal -0.242922 -0.970046 -0
    outer loop
      vertex -28.6001 14.9665 2
      vertex -28.8952 15.0404 0.0213881
      vertex -28.6001 14.9665 0.0213881
    endloop
  endfacet
  facet normal 0.9988 0.0489705 0
    outer loop
      vertex -32.5851 11.6961 2
      vertex -32.6 12 0.0213881
      vertex -32.6 12 2
    endloop
  endfacet
  facet normal 0.9988 0.0489705 0
    outer loop
      vertex -32.6 12 0.0213881
      vertex -32.5851 11.6961 2
      vertex -32.5851 11.6961 0.0213881
    endloop
  endfacet
  facet normal 0.941519 -0.336961 0
    outer loop
      vertex -32.4665 12.8999 2
      vertex -32.364 13.1863 0.0213881
      vertex -32.364 13.1863 2
    endloop
  endfacet
  facet normal 0.941519 -0.336961 0
    outer loop
      vertex -32.364 13.1863 0.0213881
      vertex -32.4665 12.8999 2
      vertex -32.4665 12.8999 0.0213881
    endloop
  endfacet
  facet normal -0.595794 0.803137 0
    outer loop
      vertex -27.5334 9.60367 0.0213881
      vertex -27.7777 9.42244 2
      vertex -27.5334 9.60367 2
    endloop
  endfacet
  facet normal -0.595794 0.803137 0
    outer loop
      vertex -27.7777 9.42244 2
      vertex -27.5334 9.60367 0.0213881
      vertex -27.7777 9.42244 0.0213881
    endloop
  endfacet
  facet normal 0.803027 -0.595943 0
    outer loop
      vertex -32.0776 13.7223 2
      vertex -31.8963 13.9666 0.0213881
      vertex -31.8963 13.9666 2
    endloop
  endfacet
  facet normal 0.803027 -0.595943 0
    outer loop
      vertex -31.8963 13.9666 0.0213881
      vertex -32.0776 13.7223 2
      vertex -32.0776 13.7223 0.0213881
    endloop
  endfacet
  facet normal 0.514012 0.857783 -0
    outer loop
      vertex -30.9613 9.26604 0.0213881
      vertex -31.2223 9.42244 2
      vertex -30.9613 9.26604 2
    endloop
  endfacet
  facet normal 0.514012 0.857783 0
    outer loop
      vertex -31.2223 9.42244 2
      vertex -30.9613 9.26604 0.0213881
      vertex -31.2223 9.42244 0.0213881
    endloop
  endfacet
  facet normal 0.595794 0.803137 -0
    outer loop
      vertex -31.2223 9.42244 0.0213881
      vertex -31.4666 9.60367 2
      vertex -31.2223 9.42244 2
    endloop
  endfacet
  facet normal 0.595794 0.803137 0
    outer loop
      vertex -31.4666 9.60367 2
      vertex -31.2223 9.42244 0.0213881
      vertex -31.4666 9.60367 0.0213881
    endloop
  endfacet
  facet normal 0.904072 -0.42738 0
    outer loop
      vertex -32.364 13.1863 2
      vertex -32.234 13.4613 0.0213881
      vertex -32.234 13.4613 2
    endloop
  endfacet
  facet normal 0.904072 -0.42738 0
    outer loop
      vertex -32.234 13.4613 0.0213881
      vertex -32.364 13.1863 2
      vertex -32.364 13.1863 0.0213881
    endloop
  endfacet
  facet normal -0.904072 0.42738 0
    outer loop
      vertex -26.766 10.5387 0.0213881
      vertex -26.636 10.8137 2
      vertex -26.636 10.8137 0.0213881
    endloop
  endfacet
  facet normal -0.904072 0.42738 0
    outer loop
      vertex -26.636 10.8137 2
      vertex -26.766 10.5387 0.0213881
      vertex -26.766 10.5387 2
    endloop
  endfacet
  facet normal 0.0490688 0.998795 -0
    outer loop
      vertex -29.5 8.9 0.0213881
      vertex -29.8039 8.91493 2
      vertex -29.5 8.9 2
    endloop
  endfacet
  facet normal 0.0490688 0.998795 0
    outer loop
      vertex -29.8039 8.91493 2
      vertex -29.5 8.9 0.0213881
      vertex -29.8039 8.91493 0.0213881
    endloop
  endfacet
  facet normal 0.146749 0.989174 -0
    outer loop
      vertex -29.8039 8.91493 0.0213881
      vertex -30.1048 8.95957 2
      vertex -29.8039 8.91493 2
    endloop
  endfacet
  facet normal 0.146749 0.989174 0
    outer loop
      vertex -30.1048 8.95957 2
      vertex -29.8039 8.91493 0.0213881
      vertex -30.1048 8.95957 0.0213881
    endloop
  endfacet
  facet normal -0.671576 0.740936 0
    outer loop
      vertex -27.308 9.80797 0.0213881
      vertex -27.5334 9.60367 2
      vertex -27.308 9.80797 2
    endloop
  endfacet
  facet normal -0.671576 0.740936 0
    outer loop
      vertex -27.5334 9.60367 2
      vertex -27.308 9.80797 0.0213881
      vertex -27.5334 9.60367 0.0213881
    endloop
  endfacet
  facet normal -0.146942 -0.989145 0
    outer loop
      vertex -29.1961 15.0851 0.0213881
      vertex -28.8952 15.0404 2
      vertex -29.1961 15.0851 2
    endloop
  endfacet
  facet normal -0.146942 -0.989145 -0
    outer loop
      vertex -28.8952 15.0404 2
      vertex -29.1961 15.0851 0.0213881
      vertex -28.8952 15.0404 0.0213881
    endloop
  endfacet
  facet normal 0.427568 0.903983 -0
    outer loop
      vertex -30.6863 9.13597 0.0213881
      vertex -30.9613 9.26604 2
      vertex -30.6863 9.13597 2
    endloop
  endfacet
  facet normal 0.427568 0.903983 0
    outer loop
      vertex -30.9613 9.26604 2
      vertex -30.6863 9.13597 0.0213881
      vertex -30.9613 9.26604 0.0213881
    endloop
  endfacet
  facet normal 0.740936 -0.671576 0
    outer loop
      vertex -31.8963 13.9666 2
      vertex -31.692 14.192 0.0213881
      vertex -31.692 14.192 2
    endloop
  endfacet
  facet normal 0.740936 -0.671576 0
    outer loop
      vertex -31.692 14.192 0.0213881
      vertex -31.8963 13.9666 2
      vertex -31.8963 13.9666 0.0213881
    endloop
  endfacet
  facet normal -0.969993 0.243135 0
    outer loop
      vertex -27.9689 73.5355 2
      vertex -27.9307 73.6879 7
      vertex -27.9307 73.6879 2
    endloop
  endfacet
  facet normal -0.969993 0.243135 0
    outer loop
      vertex -27.9307 73.6879 7
      vertex -27.9689 73.5355 2
      vertex -27.9689 73.5355 7
    endloop
  endfacet
  facet normal -0.741264 -0.671213 0
    outer loop
      vertex -28.2632 75.015 2
      vertex -28.3686 75.1314 7
      vertex -28.3686 75.1314 2
    endloop
  endfacet
  facet normal -0.741264 -0.671213 0
    outer loop
      vertex -28.3686 75.1314 7
      vertex -28.2632 75.015 2
      vertex -28.2632 75.015 7
    endloop
  endfacet
  facet normal -0.049048 0.998796 0
    outer loop
      vertex -29.3432 72.4077 2
      vertex -29.5 72.4 7
      vertex -29.3432 72.4077 7
    endloop
  endfacet
  facet normal -0.049048 0.998796 0
    outer loop
      vertex -29.5 72.4 7
      vertex -29.3432 72.4077 2
      vertex -29.5 72.4 2
    endloop
  endfacet
  facet normal 0.049048 -0.998796 0
    outer loop
      vertex -29.6568 75.5923 2
      vertex -29.5 75.6 7
      vertex -29.6568 75.5923 7
    endloop
  endfacet
  facet normal 0.049048 -0.998796 0
    outer loop
      vertex -29.5 75.6 7
      vertex -29.6568 75.5923 2
      vertex -29.5 75.6 2
    endloop
  endfacet
  facet normal 0.969993 -0.243135 0
    outer loop
      vertex -31.0693 74.3121 7
      vertex -31.0311 74.4645 2
      vertex -31.0311 74.4645 7
    endloop
  endfacet
  facet normal 0.969993 -0.243135 0
    outer loop
      vertex -31.0311 74.4645 2
      vertex -31.0693 74.3121 7
      vertex -31.0693 74.3121 2
    endloop
  endfacet
  facet normal 0.741264 -0.671213 0
    outer loop
      vertex -30.7368 75.015 7
      vertex -30.6314 75.1314 2
      vertex -30.6314 75.1314 7
    endloop
  endfacet
  facet normal 0.741264 -0.671213 0
    outer loop
      vertex -30.6314 75.1314 2
      vertex -30.7368 75.015 7
      vertex -30.7368 75.015 2
    endloop
  endfacet
  facet normal -0.904023 0.427484 0
    outer loop
      vertex -28.0889 73.2458 2
      vertex -28.0218 73.3877 7
      vertex -28.0218 73.3877 2
    endloop
  endfacet
  facet normal -0.904023 0.427484 0
    outer loop
      vertex -28.0218 73.3877 7
      vertex -28.0889 73.2458 2
      vertex -28.0889 73.2458 7
    endloop
  endfacet
  facet normal -0.427484 0.904023 0
    outer loop
      vertex -28.7458 72.5889 2
      vertex -28.8877 72.5218 7
      vertex -28.7458 72.5889 7
    endloop
  endfacet
  facet normal -0.427484 0.904023 0
    outer loop
      vertex -28.8877 72.5218 7
      vertex -28.7458 72.5889 2
      vertex -28.8877 72.5218 2
    endloop
  endfacet
  facet normal 0.146502 0.98921 -0
    outer loop
      vertex -29.6568 72.4077 2
      vertex -29.8121 72.4307 7
      vertex -29.6568 72.4077 7
    endloop
  endfacet
  facet normal 0.146502 0.98921 0
    outer loop
      vertex -29.8121 72.4307 7
      vertex -29.6568 72.4077 2
      vertex -29.8121 72.4307 2
    endloop
  endfacet
  facet normal -0.941511 -0.336982 0
    outer loop
      vertex -27.9689 74.4645 2
      vertex -28.0218 74.6123 7
      vertex -28.0218 74.6123 2
    endloop
  endfacet
  facet normal -0.941511 -0.336982 0
    outer loop
      vertex -28.0218 74.6123 7
      vertex -27.9689 74.4645 2
      vertex -27.9689 74.4645 7
    endloop
  endfacet
  facet normal -0.998796 0.049048 0
    outer loop
      vertex -27.9077 73.8432 2
      vertex -27.9 74 7
      vertex -27.9 74 2
    endloop
  endfacet
  facet normal -0.998796 0.049048 0
    outer loop
      vertex -27.9 74 7
      vertex -27.9077 73.8432 2
      vertex -27.9077 73.8432 7
    endloop
  endfacet
  facet normal 0.941511 -0.336982 0
    outer loop
      vertex -31.0311 74.4645 7
      vertex -30.9782 74.6123 2
      vertex -30.9782 74.6123 7
    endloop
  endfacet
  facet normal 0.941511 -0.336982 0
    outer loop
      vertex -30.9782 74.6123 2
      vertex -31.0311 74.4645 7
      vertex -31.0311 74.4645 2
    endloop
  endfacet
  facet normal -0.049048 -0.998796 0
    outer loop
      vertex -29.5 75.6 2
      vertex -29.3432 75.5923 7
      vertex -29.5 75.6 7
    endloop
  endfacet
  facet normal -0.049048 -0.998796 -0
    outer loop
      vertex -29.3432 75.5923 7
      vertex -29.5 75.6 2
      vertex -29.3432 75.5923 2
    endloop
  endfacet
  facet normal -0.513934 -0.85783 0
    outer loop
      vertex -28.7458 75.4111 2
      vertex -28.6111 75.3304 7
      vertex -28.7458 75.4111 7
    endloop
  endfacet
  facet normal -0.513934 -0.85783 -0
    outer loop
      vertex -28.6111 75.3304 7
      vertex -28.7458 75.4111 2
      vertex -28.6111 75.3304 2
    endloop
  endfacet
  facet normal 0.98921 0.146502 0
    outer loop
      vertex -31.0693 73.6879 7
      vertex -31.0923 73.8432 2
      vertex -31.0923 73.8432 7
    endloop
  endfacet
  facet normal 0.98921 0.146502 0
    outer loop
      vertex -31.0923 73.8432 2
      vertex -31.0693 73.6879 7
      vertex -31.0693 73.6879 2
    endloop
  endfacet
  facet normal -0.98921 -0.146502 0
    outer loop
      vertex -27.9077 74.1568 2
      vertex -27.9307 74.3121 7
      vertex -27.9307 74.3121 2
    endloop
  endfacet
  facet normal -0.98921 -0.146502 0
    outer loop
      vertex -27.9307 74.3121 7
      vertex -27.9077 74.1568 2
      vertex -27.9077 74.1568 7
    endloop
  endfacet
  facet normal 0.427484 -0.904023 0
    outer loop
      vertex -30.2542 75.4111 2
      vertex -30.1123 75.4782 7
      vertex -30.2542 75.4111 7
    endloop
  endfacet
  facet normal 0.427484 -0.904023 0
    outer loop
      vertex -30.1123 75.4782 7
      vertex -30.2542 75.4111 2
      vertex -30.1123 75.4782 2
    endloop
  endfacet
  facet normal -0.998796 -0.049048 0
    outer loop
      vertex -27.9 74 2
      vertex -27.9077 74.1568 7
      vertex -27.9077 74.1568 2
    endloop
  endfacet
  facet normal -0.998796 -0.049048 0
    outer loop
      vertex -27.9077 74.1568 7
      vertex -27.9 74 2
      vertex -27.9 74 7
    endloop
  endfacet
  facet normal -0.513934 0.85783 0
    outer loop
      vertex -28.6111 72.6696 2
      vertex -28.7458 72.5889 7
      vertex -28.6111 72.6696 7
    endloop
  endfacet
  facet normal -0.513934 0.85783 0
    outer loop
      vertex -28.7458 72.5889 7
      vertex -28.6111 72.6696 2
      vertex -28.7458 72.5889 2
    endloop
  endfacet
  facet normal 0.336982 0.941511 -0
    outer loop
      vertex -29.9645 72.4689 2
      vertex -30.1123 72.5218 7
      vertex -29.9645 72.4689 7
    endloop
  endfacet
  facet normal 0.336982 0.941511 0
    outer loop
      vertex -30.1123 72.5218 7
      vertex -29.9645 72.4689 2
      vertex -30.1123 72.5218 2
    endloop
  endfacet
  facet normal -0.741264 0.671213 0
    outer loop
      vertex -28.3686 72.8686 2
      vertex -28.2632 72.985 7
      vertex -28.2632 72.985 2
    endloop
  endfacet
  facet normal -0.741264 0.671213 0
    outer loop
      vertex -28.2632 72.985 7
      vertex -28.3686 72.8686 2
      vertex -28.3686 72.8686 7
    endloop
  endfacet
  facet normal 0.336982 -0.941511 0
    outer loop
      vertex -30.1123 75.4782 2
      vertex -29.9645 75.5311 7
      vertex -30.1123 75.4782 7
    endloop
  endfacet
  facet normal 0.336982 -0.941511 0
    outer loop
      vertex -29.9645 75.5311 7
      vertex -30.1123 75.4782 2
      vertex -29.9645 75.5311 2
    endloop
  endfacet
  facet normal 0.998796 0.049048 0
    outer loop
      vertex -31.0923 73.8432 7
      vertex -31.1 74 2
      vertex -31.1 74 7
    endloop
  endfacet
  facet normal 0.998796 0.049048 0
    outer loop
      vertex -31.1 74 2
      vertex -31.0923 73.8432 7
      vertex -31.0923 73.8432 2
    endloop
  endfacet
  facet normal 0.85783 -0.513934 0
    outer loop
      vertex -30.9111 74.7542 7
      vertex -30.8304 74.8889 2
      vertex -30.8304 74.8889 7
    endloop
  endfacet
  facet normal 0.85783 -0.513934 0
    outer loop
      vertex -30.8304 74.8889 2
      vertex -30.9111 74.7542 7
      vertex -30.9111 74.7542 2
    endloop
  endfacet
  facet normal -0.941511 0.336982 0
    outer loop
      vertex -28.0218 73.3877 2
      vertex -27.9689 73.5355 7
      vertex -27.9689 73.5355 2
    endloop
  endfacet
  facet normal -0.941511 0.336982 0
    outer loop
      vertex -27.9689 73.5355 7
      vertex -28.0218 73.3877 2
      vertex -28.0218 73.3877 7
    endloop
  endfacet
  facet normal -0.80297 0.596019 0
    outer loop
      vertex -28.2632 72.985 2
      vertex -28.1696 73.1111 7
      vertex -28.1696 73.1111 2
    endloop
  endfacet
  facet normal -0.80297 0.596019 0
    outer loop
      vertex -28.1696 73.1111 7
      vertex -28.2632 72.985 2
      vertex -28.2632 72.985 7
    endloop
  endfacet
  facet normal -0.969993 -0.243135 0
    outer loop
      vertex -27.9307 74.3121 2
      vertex -27.9689 74.4645 7
      vertex -27.9689 74.4645 2
    endloop
  endfacet
  facet normal -0.969993 -0.243135 0
    outer loop
      vertex -27.9689 74.4645 7
      vertex -27.9307 74.3121 2
      vertex -27.9307 74.3121 7
    endloop
  endfacet
  facet normal -0.146502 -0.98921 0
    outer loop
      vertex -29.3432 75.5923 2
      vertex -29.1879 75.5693 7
      vertex -29.3432 75.5923 7
    endloop
  endfacet
  facet normal -0.146502 -0.98921 -0
    outer loop
      vertex -29.1879 75.5693 7
      vertex -29.3432 75.5923 2
      vertex -29.1879 75.5693 2
    endloop
  endfacet
  facet normal -0.243135 0.969993 0
    outer loop
      vertex -29.0355 72.4689 2
      vertex -29.1879 72.4307 7
      vertex -29.0355 72.4689 7
    endloop
  endfacet
  facet normal -0.243135 0.969993 0
    outer loop
      vertex -29.1879 72.4307 7
      vertex -29.0355 72.4689 2
      vertex -29.1879 72.4307 2
    endloop
  endfacet
  facet normal -0.596019 -0.80297 0
    outer loop
      vertex -28.6111 75.3304 2
      vertex -28.485 75.2368 7
      vertex -28.6111 75.3304 7
    endloop
  endfacet
  facet normal -0.596019 -0.80297 -0
    outer loop
      vertex -28.485 75.2368 7
      vertex -28.6111 75.3304 2
      vertex -28.485 75.2368 2
    endloop
  endfacet
  facet normal 0.243135 -0.969993 0
    outer loop
      vertex -29.9645 75.5311 2
      vertex -29.8121 75.5693 7
      vertex -29.9645 75.5311 7
    endloop
  endfacet
  facet normal 0.243135 -0.969993 0
    outer loop
      vertex -29.8121 75.5693 7
      vertex -29.9645 75.5311 2
      vertex -29.8121 75.5693 2
    endloop
  endfacet
  facet normal 0.596019 0.80297 -0
    outer loop
      vertex -30.3889 72.6696 2
      vertex -30.515 72.7632 7
      vertex -30.3889 72.6696 7
    endloop
  endfacet
  facet normal 0.596019 0.80297 0
    outer loop
      vertex -30.515 72.7632 7
      vertex -30.3889 72.6696 2
      vertex -30.515 72.7632 2
    endloop
  endfacet
  facet normal 0.969993 0.243135 0
    outer loop
      vertex -31.0311 73.5355 7
      vertex -31.0693 73.6879 2
      vertex -31.0693 73.6879 7
    endloop
  endfacet
  facet normal 0.969993 0.243135 0
    outer loop
      vertex -31.0693 73.6879 2
      vertex -31.0311 73.5355 7
      vertex -31.0311 73.5355 2
    endloop
  endfacet
  facet normal -0.427484 -0.904023 0
    outer loop
      vertex -28.8877 75.4782 2
      vertex -28.7458 75.4111 7
      vertex -28.8877 75.4782 7
    endloop
  endfacet
  facet normal -0.427484 -0.904023 -0
    outer loop
      vertex -28.7458 75.4111 7
      vertex -28.8877 75.4782 2
      vertex -28.7458 75.4111 2
    endloop
  endfacet
  facet normal 0.80297 -0.596019 0
    outer loop
      vertex -30.8304 74.8889 7
      vertex -30.7368 75.015 2
      vertex -30.7368 75.015 7
    endloop
  endfacet
  facet normal 0.80297 -0.596019 0
    outer loop
      vertex -30.7368 75.015 2
      vertex -30.8304 74.8889 7
      vertex -30.8304 74.8889 2
    endloop
  endfacet
  facet normal -0.85783 -0.513934 0
    outer loop
      vertex -28.0889 74.7542 2
      vertex -28.1696 74.8889 7
      vertex -28.1696 74.8889 2
    endloop
  endfacet
  facet normal -0.85783 -0.513934 0
    outer loop
      vertex -28.1696 74.8889 7
      vertex -28.0889 74.7542 2
      vertex -28.0889 74.7542 7
    endloop
  endfacet
  facet normal 0.596019 -0.80297 0
    outer loop
      vertex -30.515 75.2368 2
      vertex -30.3889 75.3304 7
      vertex -30.515 75.2368 7
    endloop
  endfacet
  facet normal 0.596019 -0.80297 0
    outer loop
      vertex -30.3889 75.3304 7
      vertex -30.515 75.2368 2
      vertex -30.3889 75.3304 2
    endloop
  endfacet
  facet normal 0.513934 0.85783 -0
    outer loop
      vertex -30.2542 72.5889 2
      vertex -30.3889 72.6696 7
      vertex -30.2542 72.5889 7
    endloop
  endfacet
  facet normal 0.513934 0.85783 0
    outer loop
      vertex -30.3889 72.6696 7
      vertex -30.2542 72.5889 2
      vertex -30.3889 72.6696 2
    endloop
  endfacet
  facet normal -0.146502 0.98921 0
    outer loop
      vertex -29.1879 72.4307 2
      vertex -29.3432 72.4077 7
      vertex -29.1879 72.4307 7
    endloop
  endfacet
  facet normal -0.146502 0.98921 0
    outer loop
      vertex -29.3432 72.4077 7
      vertex -29.1879 72.4307 2
      vertex -29.3432 72.4077 2
    endloop
  endfacet
  facet normal -0.98921 0.146502 0
    outer loop
      vertex -27.9307 73.6879 2
      vertex -27.9077 73.8432 7
      vertex -27.9077 73.8432 2
    endloop
  endfacet
  facet normal -0.98921 0.146502 0
    outer loop
      vertex -27.9077 73.8432 7
      vertex -27.9307 73.6879 2
      vertex -27.9307 73.6879 7
    endloop
  endfacet
  facet normal 0.98921 -0.146502 0
    outer loop
      vertex -31.0923 74.1568 7
      vertex -31.0693 74.3121 2
      vertex -31.0693 74.3121 7
    endloop
  endfacet
  facet normal 0.98921 -0.146502 0
    outer loop
      vertex -31.0693 74.3121 2
      vertex -31.0923 74.1568 7
      vertex -31.0923 74.1568 2
    endloop
  endfacet
  facet normal -0.904023 -0.427484 0
    outer loop
      vertex -28.0218 74.6123 2
      vertex -28.0889 74.7542 7
      vertex -28.0889 74.7542 2
    endloop
  endfacet
  facet normal -0.904023 -0.427484 0
    outer loop
      vertex -28.0889 74.7542 7
      vertex -28.0218 74.6123 2
      vertex -28.0218 74.6123 7
    endloop
  endfacet
  facet normal -0.80297 -0.596019 0
    outer loop
      vertex -28.1696 74.8889 2
      vertex -28.2632 75.015 7
      vertex -28.2632 75.015 2
    endloop
  endfacet
  facet normal -0.80297 -0.596019 0
    outer loop
      vertex -28.2632 75.015 7
      vertex -28.1696 74.8889 2
      vertex -28.1696 74.8889 7
    endloop
  endfacet
  facet normal -0.671213 -0.741264 0
    outer loop
      vertex -28.485 75.2368 2
      vertex -28.3686 75.1314 7
      vertex -28.485 75.2368 7
    endloop
  endfacet
  facet normal -0.671213 -0.741264 -0
    outer loop
      vertex -28.3686 75.1314 7
      vertex -28.485 75.2368 2
      vertex -28.3686 75.1314 2
    endloop
  endfacet
  facet normal -0.336982 -0.941511 0
    outer loop
      vertex -29.0355 75.5311 2
      vertex -28.8877 75.4782 7
      vertex -29.0355 75.5311 7
    endloop
  endfacet
  facet normal -0.336982 -0.941511 -0
    outer loop
      vertex -28.8877 75.4782 7
      vertex -29.0355 75.5311 2
      vertex -28.8877 75.4782 2
    endloop
  endfacet
  facet normal 0.671213 -0.741264 0
    outer loop
      vertex -30.6314 75.1314 2
      vertex -30.515 75.2368 7
      vertex -30.6314 75.1314 7
    endloop
  endfacet
  facet normal 0.671213 -0.741264 0
    outer loop
      vertex -30.515 75.2368 7
      vertex -30.6314 75.1314 2
      vertex -30.515 75.2368 2
    endloop
  endfacet
  facet normal 0.243135 0.969993 -0
    outer loop
      vertex -29.8121 72.4307 2
      vertex -29.9645 72.4689 7
      vertex -29.8121 72.4307 7
    endloop
  endfacet
  facet normal 0.243135 0.969993 0
    outer loop
      vertex -29.9645 72.4689 7
      vertex -29.8121 72.4307 2
      vertex -29.9645 72.4689 2
    endloop
  endfacet
  facet normal 0.146502 -0.98921 0
    outer loop
      vertex -29.8121 75.5693 2
      vertex -29.6568 75.5923 7
      vertex -29.8121 75.5693 7
    endloop
  endfacet
  facet normal 0.146502 -0.98921 0
    outer loop
      vertex -29.6568 75.5923 7
      vertex -29.8121 75.5693 2
      vertex -29.6568 75.5923 2
    endloop
  endfacet
  facet normal 0.80297 0.596019 0
    outer loop
      vertex -30.7368 72.985 7
      vertex -30.8304 73.1111 2
      vertex -30.8304 73.1111 7
    endloop
  endfacet
  facet normal 0.80297 0.596019 0
    outer loop
      vertex -30.8304 73.1111 2
      vertex -30.7368 72.985 7
      vertex -30.7368 72.985 2
    endloop
  endfacet
  facet normal 0.741264 0.671213 0
    outer loop
      vertex -30.6314 72.8686 7
      vertex -30.7368 72.985 2
      vertex -30.7368 72.985 7
    endloop
  endfacet
  facet normal 0.741264 0.671213 0
    outer loop
      vertex -30.7368 72.985 2
      vertex -30.6314 72.8686 7
      vertex -30.6314 72.8686 2
    endloop
  endfacet
  facet normal -0.243135 -0.969993 0
    outer loop
      vertex -29.1879 75.5693 2
      vertex -29.0355 75.5311 7
      vertex -29.1879 75.5693 7
    endloop
  endfacet
  facet normal -0.243135 -0.969993 -0
    outer loop
      vertex -29.0355 75.5311 7
      vertex -29.1879 75.5693 2
      vertex -29.0355 75.5311 2
    endloop
  endfacet
  facet normal 0.049048 0.998796 -0
    outer loop
      vertex -29.5 72.4 2
      vertex -29.6568 72.4077 7
      vertex -29.5 72.4 7
    endloop
  endfacet
  facet normal 0.049048 0.998796 0
    outer loop
      vertex -29.6568 72.4077 7
      vertex -29.5 72.4 2
      vertex -29.6568 72.4077 2
    endloop
  endfacet
  facet normal 0.941511 0.336982 0
    outer loop
      vertex -30.9782 73.3877 7
      vertex -31.0311 73.5355 2
      vertex -31.0311 73.5355 7
    endloop
  endfacet
  facet normal 0.941511 0.336982 0
    outer loop
      vertex -31.0311 73.5355 2
      vertex -30.9782 73.3877 7
      vertex -30.9782 73.3877 2
    endloop
  endfacet
  facet normal 0.427484 0.904023 -0
    outer loop
      vertex -30.1123 72.5218 2
      vertex -30.2542 72.5889 7
      vertex -30.1123 72.5218 7
    endloop
  endfacet
  facet normal 0.427484 0.904023 0
    outer loop
      vertex -30.2542 72.5889 7
      vertex -30.1123 72.5218 2
      vertex -30.2542 72.5889 2
    endloop
  endfacet
  facet normal 0.513934 -0.85783 0
    outer loop
      vertex -30.3889 75.3304 2
      vertex -30.2542 75.4111 7
      vertex -30.3889 75.3304 7
    endloop
  endfacet
  facet normal 0.513934 -0.85783 0
    outer loop
      vertex -30.2542 75.4111 7
      vertex -30.3889 75.3304 2
      vertex -30.2542 75.4111 2
    endloop
  endfacet
  facet normal 0.671213 0.741264 -0
    outer loop
      vertex -30.515 72.7632 2
      vertex -30.6314 72.8686 7
      vertex -30.515 72.7632 7
    endloop
  endfacet
  facet normal 0.671213 0.741264 0
    outer loop
      vertex -30.6314 72.8686 7
      vertex -30.515 72.7632 2
      vertex -30.6314 72.8686 2
    endloop
  endfacet
  facet normal -0.336982 0.941511 0
    outer loop
      vertex -28.8877 72.5218 2
      vertex -29.0355 72.4689 7
      vertex -28.8877 72.5218 7
    endloop
  endfacet
  facet normal -0.336982 0.941511 0
    outer loop
      vertex -29.0355 72.4689 7
      vertex -28.8877 72.5218 2
      vertex -29.0355 72.4689 2
    endloop
  endfacet
  facet normal 0.904023 -0.427484 0
    outer loop
      vertex -30.9782 74.6123 7
      vertex -30.9111 74.7542 2
      vertex -30.9111 74.7542 7
    endloop
  endfacet
  facet normal 0.904023 -0.427484 0
    outer loop
      vertex -30.9111 74.7542 2
      vertex -30.9782 74.6123 7
      vertex -30.9782 74.6123 2
    endloop
  endfacet
  facet normal 0.998796 -0.049048 0
    outer loop
      vertex -31.1 74 7
      vertex -31.0923 74.1568 2
      vertex -31.0923 74.1568 7
    endloop
  endfacet
  facet normal 0.998796 -0.049048 0
    outer loop
      vertex -31.0923 74.1568 2
      vertex -31.1 74 7
      vertex -31.1 74 2
    endloop
  endfacet
  facet normal 0.85783 0.513934 0
    outer loop
      vertex -30.8304 73.1111 7
      vertex -30.9111 73.2458 2
      vertex -30.9111 73.2458 7
    endloop
  endfacet
  facet normal 0.85783 0.513934 0
    outer loop
      vertex -30.9111 73.2458 2
      vertex -30.8304 73.1111 7
      vertex -30.8304 73.1111 2
    endloop
  endfacet
  facet normal 0.904023 0.427484 0
    outer loop
      vertex -30.9111 73.2458 7
      vertex -30.9782 73.3877 2
      vertex -30.9782 73.3877 7
    endloop
  endfacet
  facet normal 0.904023 0.427484 0
    outer loop
      vertex -30.9782 73.3877 2
      vertex -30.9111 73.2458 7
      vertex -30.9111 73.2458 2
    endloop
  endfacet
  facet normal -0.85783 0.513934 0
    outer loop
      vertex -28.1696 73.1111 2
      vertex -28.0889 73.2458 7
      vertex -28.0889 73.2458 2
    endloop
  endfacet
  facet normal -0.85783 0.513934 0
    outer loop
      vertex -28.0889 73.2458 7
      vertex -28.1696 73.1111 2
      vertex -28.1696 73.1111 7
    endloop
  endfacet
  facet normal -0.671213 0.741264 0
    outer loop
      vertex -28.3686 72.8686 2
      vertex -28.485 72.7632 7
      vertex -28.3686 72.8686 7
    endloop
  endfacet
  facet normal -0.671213 0.741264 0
    outer loop
      vertex -28.485 72.7632 7
      vertex -28.3686 72.8686 2
      vertex -28.485 72.7632 2
    endloop
  endfacet
  facet normal -0.596019 0.80297 0
    outer loop
      vertex -28.485 72.7632 2
      vertex -28.6111 72.6696 7
      vertex -28.485 72.7632 7
    endloop
  endfacet
  facet normal -0.596019 0.80297 0
    outer loop
      vertex -28.6111 72.6696 7
      vertex -28.485 72.7632 2
      vertex -28.6111 72.6696 2
    endloop
  endfacet
  facet normal -0.989145 -0.146942 0
    outer loop
      vertex -26.4149 74.3039 0.0213881
      vertex -26.4596 74.6048 2
      vertex -26.4596 74.6048 0.0213881
    endloop
  endfacet
  facet normal -0.989145 -0.146942 0
    outer loop
      vertex -26.4596 74.6048 2
      vertex -26.4149 74.3039 0.0213881
      vertex -26.4149 74.3039 2
    endloop
  endfacet
  facet normal -0.9988 -0.0489705 0
    outer loop
      vertex -26.4 74 0.0213881
      vertex -26.4149 74.3039 2
      vertex -26.4149 74.3039 0.0213881
    endloop
  endfacet
  facet normal -0.9988 -0.0489705 0
    outer loop
      vertex -26.4149 74.3039 2
      vertex -26.4 74 0.0213881
      vertex -26.4 74 2
    endloop
  endfacet
  facet normal -0.970046 -0.242922 0
    outer loop
      vertex -26.4596 74.6048 0.0213881
      vertex -26.5335 74.8999 2
      vertex -26.5335 74.8999 0.0213881
    endloop
  endfacet
  facet normal -0.970046 -0.242922 0
    outer loop
      vertex -26.5335 74.8999 2
      vertex -26.4596 74.6048 0.0213881
      vertex -26.4596 74.6048 2
    endloop
  endfacet
  facet normal -0.803027 0.595943 0
    outer loop
      vertex -27.1037 72.0334 0.0213881
      vertex -26.9224 72.2777 2
      vertex -26.9224 72.2777 0.0213881
    endloop
  endfacet
  facet normal -0.803027 0.595943 0
    outer loop
      vertex -26.9224 72.2777 2
      vertex -27.1037 72.0334 0.0213881
      vertex -27.1037 72.0334 2
    endloop
  endfacet
  facet normal -0.0489705 0.9988 0
    outer loop
      vertex -29.1961 70.9149 0.0213881
      vertex -29.5 70.9 2
      vertex -29.1961 70.9149 2
    endloop
  endfacet
  facet normal -0.0489705 0.9988 0
    outer loop
      vertex -29.5 70.9 2
      vertex -29.1961 70.9149 0.0213881
      vertex -29.5 70.9 0.0213881
    endloop
  endfacet
  facet normal -0.514012 0.857783 0
    outer loop
      vertex -27.7777 71.4224 0.0213881
      vertex -28.0387 71.266 2
      vertex -27.7777 71.4224 2
    endloop
  endfacet
  facet normal -0.514012 0.857783 0
    outer loop
      vertex -28.0387 71.266 2
      vertex -27.7777 71.4224 0.0213881
      vertex -28.0387 71.266 0.0213881
    endloop
  endfacet
  facet normal 0.42738 -0.904072 0
    outer loop
      vertex -30.9613 76.734 0.0213881
      vertex -30.6863 76.864 2
      vertex -30.9613 76.734 2
    endloop
  endfacet
  facet normal 0.42738 -0.904072 0
    outer loop
      vertex -30.6863 76.864 2
      vertex -30.9613 76.734 0.0213881
      vertex -30.6863 76.864 0.0213881
    endloop
  endfacet
  facet normal -0.514012 -0.857783 0
    outer loop
      vertex -28.0387 76.734 0.0213881
      vertex -27.7777 76.5776 2
      vertex -28.0387 76.734 2
    endloop
  endfacet
  facet normal -0.514012 -0.857783 -0
    outer loop
      vertex -27.7777 76.5776 2
      vertex -28.0387 76.734 0.0213881
      vertex -27.7777 76.5776 0.0213881
    endloop
  endfacet
  facet normal 0.0489705 -0.9988 0
    outer loop
      vertex -29.8039 77.0851 0.0213881
      vertex -29.5 77.1 2
      vertex -29.8039 77.0851 2
    endloop
  endfacet
  facet normal 0.0489705 -0.9988 0
    outer loop
      vertex -29.5 77.1 2
      vertex -29.8039 77.0851 0.0213881
      vertex -29.5 77.1 0.0213881
    endloop
  endfacet
  facet normal 0.803027 0.595943 0
    outer loop
      vertex -31.8963 72.0334 2
      vertex -32.0776 72.2777 0.0213881
      vertex -32.0776 72.2777 2
    endloop
  endfacet
  facet normal 0.803027 0.595943 0
    outer loop
      vertex -32.0776 72.2777 0.0213881
      vertex -31.8963 72.0334 2
      vertex -31.8963 72.0334 0.0213881
    endloop
  endfacet
  facet normal -0.941519 -0.336961 0
    outer loop
      vertex -26.5335 74.8999 0.0213881
      vertex -26.636 75.1863 2
      vertex -26.636 75.1863 0.0213881
    endloop
  endfacet
  facet normal -0.941519 -0.336961 0
    outer loop
      vertex -26.636 75.1863 2
      vertex -26.5335 74.8999 0.0213881
      vertex -26.5335 74.8999 2
    endloop
  endfacet
  facet normal -0.941519 0.336961 0
    outer loop
      vertex -26.636 72.8137 0.0213881
      vertex -26.5335 73.1001 2
      vertex -26.5335 73.1001 0.0213881
    endloop
  endfacet
  facet normal -0.941519 0.336961 0
    outer loop
      vertex -26.5335 73.1001 2
      vertex -26.636 72.8137 0.0213881
      vertex -26.636 72.8137 2
    endloop
  endfacet
  facet normal 0.857783 0.514012 0
    outer loop
      vertex -32.0776 72.2777 2
      vertex -32.234 72.5387 0.0213881
      vertex -32.234 72.5387 2
    endloop
  endfacet
  facet normal 0.857783 0.514012 0
    outer loop
      vertex -32.234 72.5387 0.0213881
      vertex -32.0776 72.2777 2
      vertex -32.0776 72.2777 0.0213881
    endloop
  endfacet
  facet normal -0.242922 0.970046 0
    outer loop
      vertex -28.6001 71.0335 0.0213881
      vertex -28.8952 70.9596 2
      vertex -28.6001 71.0335 2
    endloop
  endfacet
  facet normal -0.242922 0.970046 0
    outer loop
      vertex -28.8952 70.9596 2
      vertex -28.6001 71.0335 0.0213881
      vertex -28.8952 70.9596 0.0213881
    endloop
  endfacet
  facet normal -0.9988 0.0489705 0
    outer loop
      vertex -26.4149 73.6961 0.0213881
      vertex -26.4 74 2
      vertex -26.4 74 0.0213881
    endloop
  endfacet
  facet normal -0.9988 0.0489705 0
    outer loop
      vertex -26.4 74 2
      vertex -26.4149 73.6961 0.0213881
      vertex -26.4149 73.6961 2
    endloop
  endfacet
  facet normal 0.595943 0.803027 -0
    outer loop
      vertex -31.2223 71.4224 0.0213881
      vertex -31.4666 71.6037 2
      vertex -31.2223 71.4224 2
    endloop
  endfacet
  facet normal 0.595943 0.803027 0
    outer loop
      vertex -31.4666 71.6037 2
      vertex -31.2223 71.4224 0.0213881
      vertex -31.4666 71.6037 0.0213881
    endloop
  endfacet
  facet normal 0.989145 0.146942 0
    outer loop
      vertex -32.5404 73.3952 2
      vertex -32.5851 73.6961 0.0213881
      vertex -32.5851 73.6961 2
    endloop
  endfacet
  facet normal 0.989145 0.146942 0
    outer loop
      vertex -32.5851 73.6961 0.0213881
      vertex -32.5404 73.3952 2
      vertex -32.5404 73.3952 0.0213881
    endloop
  endfacet
  facet normal 0.595943 -0.803027 0
    outer loop
      vertex -31.4666 76.3963 0.0213881
      vertex -31.2223 76.5776 2
      vertex -31.4666 76.3963 2
    endloop
  endfacet
  facet normal 0.595943 -0.803027 0
    outer loop
      vertex -31.2223 76.5776 2
      vertex -31.4666 76.3963 0.0213881
      vertex -31.2223 76.5776 0.0213881
    endloop
  endfacet
  facet normal -0.595943 -0.803027 0
    outer loop
      vertex -27.7777 76.5776 0.0213881
      vertex -27.5334 76.3963 2
      vertex -27.7777 76.5776 2
    endloop
  endfacet
  facet normal -0.595943 -0.803027 -0
    outer loop
      vertex -27.5334 76.3963 2
      vertex -27.7777 76.5776 0.0213881
      vertex -27.5334 76.3963 0.0213881
    endloop
  endfacet
  facet normal -0.740936 0.671576 0
    outer loop
      vertex -27.308 71.808 0.0213881
      vertex -27.1037 72.0334 2
      vertex -27.1037 72.0334 0.0213881
    endloop
  endfacet
  facet normal -0.740936 0.671576 0
    outer loop
      vertex -27.1037 72.0334 2
      vertex -27.308 71.808 0.0213881
      vertex -27.308 71.808 2
    endloop
  endfacet
  facet normal 0.941519 0.336961 0
    outer loop
      vertex -32.364 72.8137 2
      vertex -32.4665 73.1001 0.0213881
      vertex -32.4665 73.1001 2
    endloop
  endfacet
  facet normal 0.941519 0.336961 0
    outer loop
      vertex -32.4665 73.1001 0.0213881
      vertex -32.364 72.8137 2
      vertex -32.364 72.8137 0.0213881
    endloop
  endfacet
  facet normal -0.989145 0.146942 0
    outer loop
      vertex -26.4596 73.3952 0.0213881
      vertex -26.4149 73.6961 2
      vertex -26.4149 73.6961 0.0213881
    endloop
  endfacet
  facet normal -0.989145 0.146942 0
    outer loop
      vertex -26.4149 73.6961 2
      vertex -26.4596 73.3952 0.0213881
      vertex -26.4596 73.3952 2
    endloop
  endfacet
  facet normal 0.857783 -0.514012 0
    outer loop
      vertex -32.234 75.4613 2
      vertex -32.0776 75.7223 0.0213881
      vertex -32.0776 75.7223 2
    endloop
  endfacet
  facet normal 0.857783 -0.514012 0
    outer loop
      vertex -32.0776 75.7223 0.0213881
      vertex -32.234 75.4613 2
      vertex -32.234 75.4613 0.0213881
    endloop
  endfacet
  facet normal -0.970046 0.242922 0
    outer loop
      vertex -26.5335 73.1001 0.0213881
      vertex -26.4596 73.3952 2
      vertex -26.4596 73.3952 0.0213881
    endloop
  endfacet
  facet normal -0.970046 0.242922 0
    outer loop
      vertex -26.4596 73.3952 2
      vertex -26.5335 73.1001 0.0213881
      vertex -26.5335 73.1001 2
    endloop
  endfacet
  facet normal -0.42738 0.904072 0
    outer loop
      vertex -28.0387 71.266 0.0213881
      vertex -28.3137 71.136 2
      vertex -28.0387 71.266 2
    endloop
  endfacet
  facet normal -0.42738 0.904072 0
    outer loop
      vertex -28.3137 71.136 2
      vertex -28.0387 71.266 0.0213881
      vertex -28.3137 71.136 0.0213881
    endloop
  endfacet
  facet normal 0 0 -1
    outer loop
      vertex -27.9 74 2
      vertex -26.4 74 2
      vertex -26.4149 73.6961 2
    endloop
  endfacet
  facet normal 0 0 -1
    outer loop
      vertex -27.9077 73.8432 2
      vertex -26.4149 73.6961 2
      vertex -26.4596 73.3952 2
    endloop
  endfacet
  facet normal 0 0 -1
    outer loop
      vertex -26.4 74 2
      vertex -27.9 74 2
      vertex -26.4149 74.3039 2
    endloop
  endfacet
  facet normal 0 0 -1
    outer loop
      vertex -27.9307 73.6879 2
      vertex -26.4596 73.3952 2
      vertex -26.5335 73.1001 2
    endloop
  endfacet
  facet normal 0 0 -1
    outer loop
      vertex -27.9077 74.1568 2
      vertex -26.4149 74.3039 2
      vertex -27.9 74 2
    endloop
  endfacet
  facet normal 0 0 -1
    outer loop
      vertex -27.9689 73.5355 2
      vertex -26.5335 73.1001 2
      vertex -26.636 72.8137 2
    endloop
  endfacet
  facet normal -0 0 -1
    outer loop
      vertex -26.4149 74.3039 2
      vertex -27.9077 74.1568 2
      vertex -26.4596 74.6048 2
    endloop
  endfacet
  facet normal 0 0 -1
    outer loop
      vertex -28.0218 73.3877 2
      vertex -26.636 72.8137 2
      vertex -26.766 72.5387 2
    endloop
  endfacet
  facet normal 0 0 -1
    outer loop
      vertex -27.9307 74.3121 2
      vertex -26.4596 74.6048 2
      vertex -27.9077 74.1568 2
    endloop
  endfacet
  facet normal 0 0 -1
    outer loop
      vertex -28.0889 73.2458 2
      vertex -26.766 72.5387 2
      vertex -26.9224 72.2777 2
    endloop
  endfacet
  facet normal -0 0 -1
    outer loop
      vertex -26.4596 74.6048 2
      vertex -27.9307 74.3121 2
      vertex -26.5335 74.8999 2
    endloop
  endfacet
  facet normal 0 0 -1
    outer loop
      vertex -28.1696 73.1111 2
      vertex -26.9224 72.2777 2
      vertex -27.1037 72.0334 2
    endloop
  endfacet
  facet normal 0 0 -1
    outer loop
      vertex -27.9689 74.4645 2
      vertex -26.5335 74.8999 2
      vertex -27.9307 74.3121 2
    endloop
  endfacet
  facet normal 0 0 -1
    outer loop
      vertex -28.2632 72.985 2
      vertex -27.1037 72.0334 2
      vertex -27.308 71.808 2
    endloop
  endfacet
  facet normal -0 0 -1
    outer loop
      vertex -26.5335 74.8999 2
      vertex -27.9689 74.4645 2
      vertex -26.636 75.1863 2
    endloop
  endfacet
  facet normal 0 0 -1
    outer loop
      vertex -28.3686 72.8686 2
      vertex -27.308 71.808 2
      vertex -27.5334 71.6037 2
    endloop
  endfacet
  facet normal 0 0 -1
    outer loop
      vertex -28.0218 74.6123 2
      vertex -26.636 75.1863 2
      vertex -27.9689 74.4645 2
    endloop
  endfacet
  facet normal 0 0 -1
    outer loop
      vertex -28.485 72.7632 2
      vertex -27.5334 71.6037 2
      vertex -27.7777 71.4224 2
    endloop
  endfacet
  facet normal -0 0 -1
    outer loop
      vertex -26.636 75.1863 2
      vertex -28.0218 74.6123 2
      vertex -26.766 75.4613 2
    endloop
  endfacet
  facet normal 0 0 -1
    outer loop
      vertex -28.0889 74.7542 2
      vertex -26.766 75.4613 2
      vertex -28.0218 74.6123 2
    endloop
  endfacet
  facet normal 0 0 -1
    outer loop
      vertex -26.4149 73.6961 2
      vertex -27.9077 73.8432 2
      vertex -27.9 74 2
    endloop
  endfacet
  facet normal 0 0 -1
    outer loop
      vertex -26.4596 73.3952 2
      vertex -27.9307 73.6879 2
      vertex -27.9077 73.8432 2
    endloop
  endfacet
  facet normal 0 0 -1
    outer loop
      vertex -26.5335 73.1001 2
      vertex -27.9689 73.5355 2
      vertex -27.9307 73.6879 2
    endloop
  endfacet
  facet normal 0 0 -1
    outer loop
      vertex -26.636 72.8137 2
      vertex -28.0218 73.3877 2
      vertex -27.9689 73.5355 2
    endloop
  endfacet
  facet normal 0 0 -1
    outer loop
      vertex -28.6111 72.6696 2
      vertex -27.7777 71.4224 2
      vertex -28.0387 71.266 2
    endloop
  endfacet
  facet normal 0 0 -1
    outer loop
      vertex -26.766 72.5387 2
      vertex -28.0889 73.2458 2
      vertex -28.0218 73.3877 2
    endloop
  endfacet
  facet normal 0 0 -1
    outer loop
      vertex -26.9224 72.2777 2
      vertex -28.1696 73.1111 2
      vertex -28.0889 73.2458 2
    endloop
  endfacet
  facet normal 0 0 -1
    outer loop
      vertex -27.1037 72.0334 2
      vertex -28.2632 72.985 2
      vertex -28.1696 73.1111 2
    endloop
  endfacet
  facet normal 0 0 -1
    outer loop
      vertex -28.7458 72.5889 2
      vertex -28.0387 71.266 2
      vertex -28.3137 71.136 2
    endloop
  endfacet
  facet normal 0 0 -1
    outer loop
      vertex -27.308 71.808 2
      vertex -28.3686 72.8686 2
      vertex -28.2632 72.985 2
    endloop
  endfacet
  facet normal 0 0 -1
    outer loop
      vertex -27.5334 71.6037 2
      vertex -28.485 72.7632 2
      vertex -28.3686 72.8686 2
    endloop
  endfacet
  facet normal 0 0 -1
    outer loop
      vertex -28.8877 72.5218 2
      vertex -28.3137 71.136 2
      vertex -28.6001 71.0335 2
    endloop
  endfacet
  facet normal 0 0 -1
    outer loop
      vertex -27.7777 71.4224 2
      vertex -28.6111 72.6696 2
      vertex -28.485 72.7632 2
    endloop
  endfacet
  facet normal 0 0 -1
    outer loop
      vertex -28.0387 71.266 2
      vertex -28.7458 72.5889 2
      vertex -28.6111 72.6696 2
    endloop
  endfacet
  facet normal 0 0 -1
    outer loop
      vertex -28.3137 71.136 2
      vertex -28.8877 72.5218 2
      vertex -28.7458 72.5889 2
    endloop
  endfacet
  facet normal 0 0 -1
    outer loop
      vertex -29.0355 72.4689 2
      vertex -28.6001 71.0335 2
      vertex -28.8952 70.9596 2
    endloop
  endfacet
  facet normal 0 0 -1
    outer loop
      vertex -28.6001 71.0335 2
      vertex -29.0355 72.4689 2
      vertex -28.8877 72.5218 2
    endloop
  endfacet
  facet normal 0 0 -1
    outer loop
      vertex -28.8952 70.9596 2
      vertex -29.1879 72.4307 2
      vertex -29.0355 72.4689 2
    endloop
  endfacet
  facet normal 0 0 -1
    outer loop
      vertex -29.1961 70.9149 2
      vertex -29.1879 72.4307 2
      vertex -28.8952 70.9596 2
    endloop
  endfacet
  facet normal 0 0 -1
    outer loop
      vertex -29.1961 70.9149 2
      vertex -29.3432 72.4077 2
      vertex -29.1879 72.4307 2
    endloop
  endfacet
  facet normal 0 0 -1
    outer loop
      vertex -29.5 70.9 2
      vertex -29.3432 72.4077 2
      vertex -29.1961 70.9149 2
    endloop
  endfacet
  facet normal 0 0 -1
    outer loop
      vertex -29.5 70.9 2
      vertex -29.5 72.4 2
      vertex -29.3432 72.4077 2
    endloop
  endfacet
  facet normal 0 0 -1
    outer loop
      vertex -29.5 70.9 2
      vertex -29.6568 72.4077 2
      vertex -29.5 72.4 2
    endloop
  endfacet
  facet normal 0 0 -1
    outer loop
      vertex -29.8039 70.9149 2
      vertex -29.6568 72.4077 2
      vertex -29.5 70.9 2
    endloop
  endfacet
  facet normal 0 0 -1
    outer loop
      vertex -29.8039 70.9149 2
      vertex -29.8121 72.4307 2
      vertex -29.6568 72.4077 2
    endloop
  endfacet
  facet normal 0 0 -1
    outer loop
      vertex -30.1048 70.9596 2
      vertex -29.8121 72.4307 2
      vertex -29.8039 70.9149 2
    endloop
  endfacet
  facet normal -0 0 -1
    outer loop
      vertex -29.8121 72.4307 2
      vertex -30.1048 70.9596 2
      vertex -29.9645 72.4689 2
    endloop
  endfacet
  facet normal 0 0 -1
    outer loop
      vertex -30.3999 71.0335 2
      vertex -29.9645 72.4689 2
      vertex -30.1048 70.9596 2
    endloop
  endfacet
  facet normal -0 0 -1
    outer loop
      vertex -29.9645 72.4689 2
      vertex -30.3999 71.0335 2
      vertex -30.1123 72.5218 2
    endloop
  endfacet
  facet normal 0 0 -1
    outer loop
      vertex -30.6863 71.136 2
      vertex -30.1123 72.5218 2
      vertex -30.3999 71.0335 2
    endloop
  endfacet
  facet normal -0 0 -1
    outer loop
      vertex -30.1123 72.5218 2
      vertex -30.6863 71.136 2
      vertex -30.2542 72.5889 2
    endloop
  endfacet
  facet normal 0 0 -1
    outer loop
      vertex -30.9613 71.266 2
      vertex -30.2542 72.5889 2
      vertex -30.6863 71.136 2
    endloop
  endfacet
  facet normal -0 0 -1
    outer loop
      vertex -30.2542 72.5889 2
      vertex -30.9613 71.266 2
      vertex -30.3889 72.6696 2
    endloop
  endfacet
  facet normal 0 0 -1
    outer loop
      vertex -31.2223 71.4224 2
      vertex -30.3889 72.6696 2
      vertex -30.9613 71.266 2
    endloop
  endfacet
  facet normal -0 0 -1
    outer loop
      vertex -30.3889 72.6696 2
      vertex -31.2223 71.4224 2
      vertex -30.515 72.7632 2
    endloop
  endfacet
  facet normal 0 0 -1
    outer loop
      vertex -31.4666 71.6037 2
      vertex -30.515 72.7632 2
      vertex -31.2223 71.4224 2
    endloop
  endfacet
  facet normal -0 0 -1
    outer loop
      vertex -30.515 72.7632 2
      vertex -31.4666 71.6037 2
      vertex -30.6314 72.8686 2
    endloop
  endfacet
  facet normal 0 0 -1
    outer loop
      vertex -31.692 71.808 2
      vertex -30.6314 72.8686 2
      vertex -31.4666 71.6037 2
    endloop
  endfacet
  facet normal -0 0 -1
    outer loop
      vertex -30.6314 72.8686 2
      vertex -31.692 71.808 2
      vertex -30.7368 72.985 2
    endloop
  endfacet
  facet normal 0 0 -1
    outer loop
      vertex -31.8963 72.0334 2
      vertex -30.7368 72.985 2
      vertex -31.692 71.808 2
    endloop
  endfacet
  facet normal -0 0 -1
    outer loop
      vertex -30.7368 72.985 2
      vertex -31.8963 72.0334 2
      vertex -30.8304 73.1111 2
    endloop
  endfacet
  facet normal 0 0 -1
    outer loop
      vertex -32.0776 72.2777 2
      vertex -30.8304 73.1111 2
      vertex -31.8963 72.0334 2
    endloop
  endfacet
  facet normal 0 0 -1
    outer loop
      vertex -32.234 72.5387 2
      vertex -30.9111 73.2458 2
      vertex -32.0776 72.2777 2
    endloop
  endfacet
  facet normal -0 0 -1
    outer loop
      vertex -30.8304 73.1111 2
      vertex -32.0776 72.2777 2
      vertex -30.9111 73.2458 2
    endloop
  endfacet
  facet normal -0 0 -1
    outer loop
      vertex -26.766 75.4613 2
      vertex -28.0889 74.7542 2
      vertex -26.9224 75.7223 2
    endloop
  endfacet
  facet normal 0 0 -1
    outer loop
      vertex -28.1696 74.8889 2
      vertex -26.9224 75.7223 2
      vertex -28.0889 74.7542 2
    endloop
  endfacet
  facet normal -0 0 -1
    outer loop
      vertex -26.9224 75.7223 2
      vertex -28.1696 74.8889 2
      vertex -27.1037 75.9666 2
    endloop
  endfacet
  facet normal 0 0 -1
    outer loop
      vertex -28.2632 75.015 2
      vertex -27.1037 75.9666 2
      vertex -28.1696 74.8889 2
    endloop
  endfacet
  facet normal -0 0 -1
    outer loop
      vertex -27.1037 75.9666 2
      vertex -28.2632 75.015 2
      vertex -27.308 76.192 2
    endloop
  endfacet
  facet normal 0 0 -1
    outer loop
      vertex -28.3686 75.1314 2
      vertex -27.308 76.192 2
      vertex -28.2632 75.015 2
    endloop
  endfacet
  facet normal -0 0 -1
    outer loop
      vertex -27.308 76.192 2
      vertex -28.3686 75.1314 2
      vertex -27.5334 76.3963 2
    endloop
  endfacet
  facet normal 0 0 -1
    outer loop
      vertex -28.485 75.2368 2
      vertex -27.5334 76.3963 2
      vertex -28.3686 75.1314 2
    endloop
  endfacet
  facet normal -0 0 -1
    outer loop
      vertex -27.5334 76.3963 2
      vertex -28.485 75.2368 2
      vertex -27.7777 76.5776 2
    endloop
  endfacet
  facet normal 0 0 -1
    outer loop
      vertex -28.6111 75.3304 2
      vertex -27.7777 76.5776 2
      vertex -28.485 75.2368 2
    endloop
  endfacet
  facet normal -0 0 -1
    outer loop
      vertex -27.7777 76.5776 2
      vertex -28.6111 75.3304 2
      vertex -28.0387 76.734 2
    endloop
  endfacet
  facet normal 0 0 -1
    outer loop
      vertex -28.7458 75.4111 2
      vertex -28.0387 76.734 2
      vertex -28.6111 75.3304 2
    endloop
  endfacet
  facet normal -0 0 -1
    outer loop
      vertex -28.0387 76.734 2
      vertex -28.7458 75.4111 2
      vertex -28.3137 76.864 2
    endloop
  endfacet
  facet normal 0 0 -1
    outer loop
      vertex -28.8877 75.4782 2
      vertex -28.3137 76.864 2
      vertex -28.7458 75.4111 2
    endloop
  endfacet
  facet normal -0 0 -1
    outer loop
      vertex -28.3137 76.864 2
      vertex -28.8877 75.4782 2
      vertex -28.6001 76.9665 2
    endloop
  endfacet
  facet normal 0 0 -1
    outer loop
      vertex -29.0355 75.5311 2
      vertex -28.6001 76.9665 2
      vertex -28.8877 75.4782 2
    endloop
  endfacet
  facet normal -0 0 -1
    outer loop
      vertex -28.6001 76.9665 2
      vertex -29.0355 75.5311 2
      vertex -28.8952 77.0404 2
    endloop
  endfacet
  facet normal 0 0 -1
    outer loop
      vertex -29.1879 75.5693 2
      vertex -28.8952 77.0404 2
      vertex -29.0355 75.5311 2
    endloop
  endfacet
  facet normal 0 0 -1
    outer loop
      vertex -29.1879 75.5693 2
      vertex -29.1961 77.0851 2
      vertex -28.8952 77.0404 2
    endloop
  endfacet
  facet normal 0 0 -1
    outer loop
      vertex -29.3432 75.5923 2
      vertex -29.1961 77.0851 2
      vertex -29.1879 75.5693 2
    endloop
  endfacet
  facet normal 0 0 -1
    outer loop
      vertex -29.5 75.6 2
      vertex -29.1961 77.0851 2
      vertex -29.3432 75.5923 2
    endloop
  endfacet
  facet normal 0 0 -1
    outer loop
      vertex -29.5 75.6 2
      vertex -29.5 77.1 2
      vertex -29.1961 77.0851 2
    endloop
  endfacet
  facet normal 0 0 -1
    outer loop
      vertex -29.6568 75.5923 2
      vertex -29.5 77.1 2
      vertex -29.5 75.6 2
    endloop
  endfacet
  facet normal 0 0 -1
    outer loop
      vertex -29.6568 75.5923 2
      vertex -29.8039 77.0851 2
      vertex -29.5 77.1 2
    endloop
  endfacet
  facet normal 0 0 -1
    outer loop
      vertex -29.8121 75.5693 2
      vertex -29.8039 77.0851 2
      vertex -29.6568 75.5923 2
    endloop
  endfacet
  facet normal 0 0 -1
    outer loop
      vertex -30.1048 77.0404 2
      vertex -29.8121 75.5693 2
      vertex -29.9645 75.5311 2
    endloop
  endfacet
  facet normal 0 0 -1
    outer loop
      vertex -29.8121 75.5693 2
      vertex -30.1048 77.0404 2
      vertex -29.8039 77.0851 2
    endloop
  endfacet
  facet normal 0 0 -1
    outer loop
      vertex -30.3999 76.9665 2
      vertex -29.9645 75.5311 2
      vertex -30.1123 75.4782 2
    endloop
  endfacet
  facet normal 0 0 -1
    outer loop
      vertex -30.6863 76.864 2
      vertex -30.1123 75.4782 2
      vertex -30.2542 75.4111 2
    endloop
  endfacet
  facet normal 0 0 -1
    outer loop
      vertex -30.9613 76.734 2
      vertex -30.2542 75.4111 2
      vertex -30.3889 75.3304 2
    endloop
  endfacet
  facet normal 0 0 -1
    outer loop
      vertex -29.9645 75.5311 2
      vertex -30.3999 76.9665 2
      vertex -30.1048 77.0404 2
    endloop
  endfacet
  facet normal 0 0 -1
    outer loop
      vertex -31.2223 76.5776 2
      vertex -30.3889 75.3304 2
      vertex -30.515 75.2368 2
    endloop
  endfacet
  facet normal 0 0 -1
    outer loop
      vertex -31.4666 76.3963 2
      vertex -30.515 75.2368 2
      vertex -30.6314 75.1314 2
    endloop
  endfacet
  facet normal 0 0 -1
    outer loop
      vertex -30.1123 75.4782 2
      vertex -30.6863 76.864 2
      vertex -30.3999 76.9665 2
    endloop
  endfacet
  facet normal 0 0 -1
    outer loop
      vertex -31.692 76.192 2
      vertex -30.6314 75.1314 2
      vertex -30.7368 75.015 2
    endloop
  endfacet
  facet normal 0 0 -1
    outer loop
      vertex -31.8963 75.9666 2
      vertex -30.7368 75.015 2
      vertex -30.8304 74.8889 2
    endloop
  endfacet
  facet normal 0 0 -1
    outer loop
      vertex -32.0776 75.7223 2
      vertex -30.8304 74.8889 2
      vertex -30.9111 74.7542 2
    endloop
  endfacet
  facet normal 0 0 -1
    outer loop
      vertex -30.2542 75.4111 2
      vertex -30.9613 76.734 2
      vertex -30.6863 76.864 2
    endloop
  endfacet
  facet normal 0 0 -1
    outer loop
      vertex -32.234 75.4613 2
      vertex -30.9111 74.7542 2
      vertex -30.9782 74.6123 2
    endloop
  endfacet
  facet normal 0 0 -1
    outer loop
      vertex -32.364 75.1863 2
      vertex -30.9782 74.6123 2
      vertex -31.0311 74.4645 2
    endloop
  endfacet
  facet normal 0 0 -1
    outer loop
      vertex -32.4665 74.8999 2
      vertex -31.0311 74.4645 2
      vertex -31.0693 74.3121 2
    endloop
  endfacet
  facet normal 0 0 -1
    outer loop
      vertex -32.5404 74.6048 2
      vertex -31.0693 74.3121 2
      vertex -31.0923 74.1568 2
    endloop
  endfacet
  facet normal 0 0 -1
    outer loop
      vertex -30.3889 75.3304 2
      vertex -31.2223 76.5776 2
      vertex -30.9613 76.734 2
    endloop
  endfacet
  facet normal 0 0 -1
    outer loop
      vertex -32.5851 74.3039 2
      vertex -31.0923 74.1568 2
      vertex -31.1 74 2
    endloop
  endfacet
  facet normal -0 0 -1
    outer loop
      vertex -30.9111 73.2458 2
      vertex -32.234 72.5387 2
      vertex -30.9782 73.3877 2
    endloop
  endfacet
  facet normal 0 0 -1
    outer loop
      vertex -32.364 72.8137 2
      vertex -30.9782 73.3877 2
      vertex -32.234 72.5387 2
    endloop
  endfacet
  facet normal 0 0 -1
    outer loop
      vertex -30.515 75.2368 2
      vertex -31.4666 76.3963 2
      vertex -31.2223 76.5776 2
    endloop
  endfacet
  facet normal -0 0 -1
    outer loop
      vertex -30.9782 73.3877 2
      vertex -32.364 72.8137 2
      vertex -31.0311 73.5355 2
    endloop
  endfacet
  facet normal 0 0 -1
    outer loop
      vertex -30.6314 75.1314 2
      vertex -31.692 76.192 2
      vertex -31.4666 76.3963 2
    endloop
  endfacet
  facet normal 0 0 -1
    outer loop
      vertex -32.4665 73.1001 2
      vertex -31.0311 73.5355 2
      vertex -32.364 72.8137 2
    endloop
  endfacet
  facet normal 0 0 -1
    outer loop
      vertex -30.7368 75.015 2
      vertex -31.8963 75.9666 2
      vertex -31.692 76.192 2
    endloop
  endfacet
  facet normal -0 0 -1
    outer loop
      vertex -31.0311 73.5355 2
      vertex -32.4665 73.1001 2
      vertex -31.0693 73.6879 2
    endloop
  endfacet
  facet normal 0 0 -1
    outer loop
      vertex -30.8304 74.8889 2
      vertex -32.0776 75.7223 2
      vertex -31.8963 75.9666 2
    endloop
  endfacet
  facet normal 0 0 -1
    outer loop
      vertex -32.5404 73.3952 2
      vertex -31.0693 73.6879 2
      vertex -32.4665 73.1001 2
    endloop
  endfacet
  facet normal 0 0 -1
    outer loop
      vertex -30.9111 74.7542 2
      vertex -32.234 75.4613 2
      vertex -32.0776 75.7223 2
    endloop
  endfacet
  facet normal -0 0 -1
    outer loop
      vertex -31.0693 73.6879 2
      vertex -32.5404 73.3952 2
      vertex -31.0923 73.8432 2
    endloop
  endfacet
  facet normal 0 0 -1
    outer loop
      vertex -30.9782 74.6123 2
      vertex -32.364 75.1863 2
      vertex -32.234 75.4613 2
    endloop
  endfacet
  facet normal 0 0 -1
    outer loop
      vertex -32.5851 73.6961 2
      vertex -31.0923 73.8432 2
      vertex -32.5404 73.3952 2
    endloop
  endfacet
  facet normal 0 0 -1
    outer loop
      vertex -31.0311 74.4645 2
      vertex -32.4665 74.8999 2
      vertex -32.364 75.1863 2
    endloop
  endfacet
  facet normal -0 0 -1
    outer loop
      vertex -31.0923 73.8432 2
      vertex -32.5851 73.6961 2
      vertex -31.1 74 2
    endloop
  endfacet
  facet normal 0 0 -1
    outer loop
      vertex -31.0693 74.3121 2
      vertex -32.5404 74.6048 2
      vertex -32.4665 74.8999 2
    endloop
  endfacet
  facet normal 0 0 -1
    outer loop
      vertex -32.6 74 2
      vertex -31.1 74 2
      vertex -32.5851 73.6961 2
    endloop
  endfacet
  facet normal 0 0 -1
    outer loop
      vertex -31.0923 74.1568 2
      vertex -32.5851 74.3039 2
      vertex -32.5404 74.6048 2
    endloop
  endfacet
  facet normal 0 0 -1
    outer loop
      vertex -31.1 74 2
      vertex -32.6 74 2
      vertex -32.5851 74.3039 2
    endloop
  endfacet
  facet normal -0.671576 -0.740936 0
    outer loop
      vertex -27.5334 76.3963 0.0213881
      vertex -27.308 76.192 2
      vertex -27.5334 76.3963 2
    endloop
  endfacet
  facet normal -0.671576 -0.740936 -0
    outer loop
      vertex -27.308 76.192 2
      vertex -27.5334 76.3963 0.0213881
      vertex -27.308 76.192 0.0213881
    endloop
  endfacet
  facet normal 0.336961 -0.941519 0
    outer loop
      vertex -30.6863 76.864 0.0213881
      vertex -30.3999 76.9665 2
      vertex -30.6863 76.864 2
    endloop
  endfacet
  facet normal 0.336961 -0.941519 0
    outer loop
      vertex -30.3999 76.9665 2
      vertex -30.6863 76.864 0.0213881
      vertex -30.3999 76.9665 0.0213881
    endloop
  endfacet
  facet normal -0.42738 -0.904072 0
    outer loop
      vertex -28.3137 76.864 0.0213881
      vertex -28.0387 76.734 2
      vertex -28.3137 76.864 2
    endloop
  endfacet
  facet normal -0.42738 -0.904072 -0
    outer loop
      vertex -28.0387 76.734 2
      vertex -28.3137 76.864 0.0213881
      vertex -28.0387 76.734 0.0213881
    endloop
  endfacet
  facet normal 0.9988 -0.0489705 0
    outer loop
      vertex -32.6 74 2
      vertex -32.5851 74.3039 0.0213881
      vertex -32.5851 74.3039 2
    endloop
  endfacet
  facet normal 0.9988 -0.0489705 0
    outer loop
      vertex -32.5851 74.3039 0.0213881
      vertex -32.6 74 2
      vertex -32.6 74 0.0213881
    endloop
  endfacet
  facet normal -0.803027 -0.595943 0
    outer loop
      vertex -26.9224 75.7223 0.0213881
      vertex -27.1037 75.9666 2
      vertex -27.1037 75.9666 0.0213881
    endloop
  endfacet
  facet normal -0.803027 -0.595943 0
    outer loop
      vertex -27.1037 75.9666 2
      vertex -26.9224 75.7223 0.0213881
      vertex -26.9224 75.7223 2
    endloop
  endfacet
  facet normal -0.0489705 -0.9988 0
    outer loop
      vertex -29.5 77.1 0.0213881
      vertex -29.1961 77.0851 2
      vertex -29.5 77.1 2
    endloop
  endfacet
  facet normal -0.0489705 -0.9988 -0
    outer loop
      vertex -29.1961 77.0851 2
      vertex -29.5 77.1 0.0213881
      vertex -29.1961 77.0851 0.0213881
    endloop
  endfacet
  facet normal 0.671576 -0.740936 0
    outer loop
      vertex -31.692 76.192 0.0213881
      vertex -31.4666 76.3963 2
      vertex -31.692 76.192 2
    endloop
  endfacet
  facet normal 0.671576 -0.740936 0
    outer loop
      vertex -31.4666 76.3963 2
      vertex -31.692 76.192 0.0213881
      vertex -31.4666 76.3963 0.0213881
    endloop
  endfacet
  facet normal -0.336961 0.941519 0
    outer loop
      vertex -28.3137 71.136 0.0213881
      vertex -28.6001 71.0335 2
      vertex -28.3137 71.136 2
    endloop
  endfacet
  facet normal -0.336961 0.941519 0
    outer loop
      vertex -28.6001 71.0335 2
      vertex -28.3137 71.136 0.0213881
      vertex -28.6001 71.0335 0.0213881
    endloop
  endfacet
  facet normal -0.740936 -0.671576 0
    outer loop
      vertex -27.1037 75.9666 0.0213881
      vertex -27.308 76.192 2
      vertex -27.308 76.192 0.0213881
    endloop
  endfacet
  facet normal -0.740936 -0.671576 0
    outer loop
      vertex -27.308 76.192 2
      vertex -27.1037 75.9666 0.0213881
      vertex -27.1037 75.9666 2
    endloop
  endfacet
  facet normal 0.242922 0.970046 -0
    outer loop
      vertex -30.1048 70.9596 0.0213881
      vertex -30.3999 71.0335 2
      vertex -30.1048 70.9596 2
    endloop
  endfacet
  facet normal 0.242922 0.970046 0
    outer loop
      vertex -30.3999 71.0335 2
      vertex -30.1048 70.9596 0.0213881
      vertex -30.3999 71.0335 0.0213881
    endloop
  endfacet
  facet normal -0.904072 -0.42738 0
    outer loop
      vertex -26.636 75.1863 0.0213881
      vertex -26.766 75.4613 2
      vertex -26.766 75.4613 0.0213881
    endloop
  endfacet
  facet normal -0.904072 -0.42738 0
    outer loop
      vertex -26.766 75.4613 2
      vertex -26.636 75.1863 0.0213881
      vertex -26.636 75.1863 2
    endloop
  endfacet
  facet normal -0.857783 0.514012 0
    outer loop
      vertex -26.9224 72.2777 0.0213881
      vertex -26.766 72.5387 2
      vertex -26.766 72.5387 0.0213881
    endloop
  endfacet
  facet normal -0.857783 0.514012 0
    outer loop
      vertex -26.766 72.5387 2
      vertex -26.9224 72.2777 0.0213881
      vertex -26.9224 72.2777 2
    endloop
  endfacet
  facet normal -0.336961 -0.941519 0
    outer loop
      vertex -28.6001 76.9665 0.0213881
      vertex -28.3137 76.864 2
      vertex -28.6001 76.9665 2
    endloop
  endfacet
  facet normal -0.336961 -0.941519 -0
    outer loop
      vertex -28.3137 76.864 2
      vertex -28.6001 76.9665 0.0213881
      vertex -28.3137 76.864 0.0213881
    endloop
  endfacet
  facet normal 0.242922 -0.970046 0
    outer loop
      vertex -30.3999 76.9665 0.0213881
      vertex -30.1048 77.0404 2
      vertex -30.3999 76.9665 2
    endloop
  endfacet
  facet normal 0.242922 -0.970046 0
    outer loop
      vertex -30.1048 77.0404 2
      vertex -30.3999 76.9665 0.0213881
      vertex -30.1048 77.0404 0.0213881
    endloop
  endfacet
  facet normal 0.514012 -0.857783 0
    outer loop
      vertex -31.2223 76.5776 0.0213881
      vertex -30.9613 76.734 2
      vertex -31.2223 76.5776 2
    endloop
  endfacet
  facet normal 0.514012 -0.857783 0
    outer loop
      vertex -30.9613 76.734 2
      vertex -31.2223 76.5776 0.0213881
      vertex -30.9613 76.734 0.0213881
    endloop
  endfacet
  facet normal 0.740936 -0.671576 0
    outer loop
      vertex -31.8963 75.9666 2
      vertex -31.692 76.192 0.0213881
      vertex -31.692 76.192 2
    endloop
  endfacet
  facet normal 0.740936 -0.671576 0
    outer loop
      vertex -31.692 76.192 0.0213881
      vertex -31.8963 75.9666 2
      vertex -31.8963 75.9666 0.0213881
    endloop
  endfacet
  facet normal -0.857783 -0.514012 0
    outer loop
      vertex -26.766 75.4613 0.0213881
      vertex -26.9224 75.7223 2
      vertex -26.9224 75.7223 0.0213881
    endloop
  endfacet
  facet normal -0.857783 -0.514012 0
    outer loop
      vertex -26.9224 75.7223 2
      vertex -26.766 75.4613 0.0213881
      vertex -26.766 75.4613 2
    endloop
  endfacet
  facet normal 0.970046 -0.242922 0
    outer loop
      vertex -32.5404 74.6048 2
      vertex -32.4665 74.8999 0.0213881
      vertex -32.4665 74.8999 2
    endloop
  endfacet
  facet normal 0.970046 -0.242922 0
    outer loop
      vertex -32.4665 74.8999 0.0213881
      vertex -32.5404 74.6048 2
      vertex -32.5404 74.6048 0.0213881
    endloop
  endfacet
  facet normal 0.146942 -0.989145 0
    outer loop
      vertex -30.1048 77.0404 0.0213881
      vertex -29.8039 77.0851 2
      vertex -30.1048 77.0404 2
    endloop
  endfacet
  facet normal 0.146942 -0.989145 0
    outer loop
      vertex -29.8039 77.0851 2
      vertex -30.1048 77.0404 0.0213881
      vertex -29.8039 77.0851 0.0213881
    endloop
  endfacet
  facet normal 0.904072 0.42738 0
    outer loop
      vertex -32.234 72.5387 2
      vertex -32.364 72.8137 0.0213881
      vertex -32.364 72.8137 2
    endloop
  endfacet
  facet normal 0.904072 0.42738 0
    outer loop
      vertex -32.364 72.8137 0.0213881
      vertex -32.234 72.5387 2
      vertex -32.234 72.5387 0.0213881
    endloop
  endfacet
  facet normal 0.146942 0.989145 -0
    outer loop
      vertex -29.8039 70.9149 0.0213881
      vertex -30.1048 70.9596 2
      vertex -29.8039 70.9149 2
    endloop
  endfacet
  facet normal 0.146942 0.989145 0
    outer loop
      vertex -30.1048 70.9596 2
      vertex -29.8039 70.9149 0.0213881
      vertex -30.1048 70.9596 0.0213881
    endloop
  endfacet
  facet normal -0.146942 0.989145 0
    outer loop
      vertex -28.8952 70.9596 0.0213881
      vertex -29.1961 70.9149 2
      vertex -28.8952 70.9596 2
    endloop
  endfacet
  facet normal -0.146942 0.989145 0
    outer loop
      vertex -29.1961 70.9149 2
      vertex -28.8952 70.9596 0.0213881
      vertex -29.1961 70.9149 0.0213881
    endloop
  endfacet
  facet normal 0.336961 0.941519 -0
    outer loop
      vertex -30.3999 71.0335 0.0213881
      vertex -30.6863 71.136 2
      vertex -30.3999 71.0335 2
    endloop
  endfacet
  facet normal 0.336961 0.941519 0
    outer loop
      vertex -30.6863 71.136 2
      vertex -30.3999 71.0335 0.0213881
      vertex -30.6863 71.136 0.0213881
    endloop
  endfacet
  facet normal 0.671576 0.740936 -0
    outer loop
      vertex -31.4666 71.6037 0.0213881
      vertex -31.692 71.808 2
      vertex -31.4666 71.6037 2
    endloop
  endfacet
  facet normal 0.671576 0.740936 0
    outer loop
      vertex -31.692 71.808 2
      vertex -31.4666 71.6037 0.0213881
      vertex -31.692 71.808 0.0213881
    endloop
  endfacet
  facet normal 0.970046 0.242922 0
    outer loop
      vertex -32.4665 73.1001 2
      vertex -32.5404 73.3952 0.0213881
      vertex -32.5404 73.3952 2
    endloop
  endfacet
  facet normal 0.970046 0.242922 0
    outer loop
      vertex -32.5404 73.3952 0.0213881
      vertex -32.4665 73.1001 2
      vertex -32.4665 73.1001 0.0213881
    endloop
  endfacet
  facet normal 0.740936 0.671576 0
    outer loop
      vertex -31.692 71.808 2
      vertex -31.8963 72.0334 0.0213881
      vertex -31.8963 72.0334 2
    endloop
  endfacet
  facet normal 0.740936 0.671576 0
    outer loop
      vertex -31.8963 72.0334 0.0213881
      vertex -31.692 71.808 2
      vertex -31.692 71.808 0.0213881
    endloop
  endfacet
  facet normal 0.989145 -0.146942 0
    outer loop
      vertex -32.5851 74.3039 2
      vertex -32.5404 74.6048 0.0213881
      vertex -32.5404 74.6048 2
    endloop
  endfacet
  facet normal 0.989145 -0.146942 0
    outer loop
      vertex -32.5404 74.6048 0.0213881
      vertex -32.5851 74.3039 2
      vertex -32.5851 74.3039 0.0213881
    endloop
  endfacet
  facet normal -0.242922 -0.970046 0
    outer loop
      vertex -28.8952 77.0404 0.0213881
      vertex -28.6001 76.9665 2
      vertex -28.8952 77.0404 2
    endloop
  endfacet
  facet normal -0.242922 -0.970046 -0
    outer loop
      vertex -28.6001 76.9665 2
      vertex -28.8952 77.0404 0.0213881
      vertex -28.6001 76.9665 0.0213881
    endloop
  endfacet
  facet normal 0.9988 0.0489705 0
    outer loop
      vertex -32.5851 73.6961 2
      vertex -32.6 74 0.0213881
      vertex -32.6 74 2
    endloop
  endfacet
  facet normal 0.9988 0.0489705 0
    outer loop
      vertex -32.6 74 0.0213881
      vertex -32.5851 73.6961 2
      vertex -32.5851 73.6961 0.0213881
    endloop
  endfacet
  facet normal 0.941519 -0.336961 0
    outer loop
      vertex -32.4665 74.8999 2
      vertex -32.364 75.1863 0.0213881
      vertex -32.364 75.1863 2
    endloop
  endfacet
  facet normal 0.941519 -0.336961 0
    outer loop
      vertex -32.364 75.1863 0.0213881
      vertex -32.4665 74.8999 2
      vertex -32.4665 74.8999 0.0213881
    endloop
  endfacet
  facet normal -0.595943 0.803027 0
    outer loop
      vertex -27.5334 71.6037 0.0213881
      vertex -27.7777 71.4224 2
      vertex -27.5334 71.6037 2
    endloop
  endfacet
  facet normal -0.595943 0.803027 0
    outer loop
      vertex -27.7777 71.4224 2
      vertex -27.5334 71.6037 0.0213881
      vertex -27.7777 71.4224 0.0213881
    endloop
  endfacet
  facet normal 0.803027 -0.595943 0
    outer loop
      vertex -32.0776 75.7223 2
      vertex -31.8963 75.9666 0.0213881
      vertex -31.8963 75.9666 2
    endloop
  endfacet
  facet normal 0.803027 -0.595943 0
    outer loop
      vertex -31.8963 75.9666 0.0213881
      vertex -32.0776 75.7223 2
      vertex -32.0776 75.7223 0.0213881
    endloop
  endfacet
  facet normal 0.514012 0.857783 -0
    outer loop
      vertex -30.9613 71.266 0.0213881
      vertex -31.2223 71.4224 2
      vertex -30.9613 71.266 2
    endloop
  endfacet
  facet normal 0.514012 0.857783 0
    outer loop
      vertex -31.2223 71.4224 2
      vertex -30.9613 71.266 0.0213881
      vertex -31.2223 71.4224 0.0213881
    endloop
  endfacet
  facet normal 0.904072 -0.42738 0
    outer loop
      vertex -32.364 75.1863 2
      vertex -32.234 75.4613 0.0213881
      vertex -32.234 75.4613 2
    endloop
  endfacet
  facet normal 0.904072 -0.42738 0
    outer loop
      vertex -32.234 75.4613 0.0213881
      vertex -32.364 75.1863 2
      vertex -32.364 75.1863 0.0213881
    endloop
  endfacet
  facet normal -0.904072 0.42738 0
    outer loop
      vertex -26.766 72.5387 0.0213881
      vertex -26.636 72.8137 2
      vertex -26.636 72.8137 0.0213881
    endloop
  endfacet
  facet normal -0.904072 0.42738 0
    outer loop
      vertex -26.636 72.8137 2
      vertex -26.766 72.5387 0.0213881
      vertex -26.766 72.5387 2
    endloop
  endfacet
  facet normal 0.0489705 0.9988 -0
    outer loop
      vertex -29.5 70.9 0.0213881
      vertex -29.8039 70.9149 2
      vertex -29.5 70.9 2
    endloop
  endfacet
  facet normal 0.0489705 0.9988 0
    outer loop
      vertex -29.8039 70.9149 2
      vertex -29.5 70.9 0.0213881
      vertex -29.8039 70.9149 0.0213881
    endloop
  endfacet
  facet normal -0.671576 0.740936 0
    outer loop
      vertex -27.308 71.808 0.0213881
      vertex -27.5334 71.6037 2
      vertex -27.308 71.808 2
    endloop
  endfacet
  facet normal -0.671576 0.740936 0
    outer loop
      vertex -27.5334 71.6037 2
      vertex -27.308 71.808 0.0213881
      vertex -27.5334 71.6037 0.0213881
    endloop
  endfacet
  facet normal -0.146942 -0.989145 0
    outer loop
      vertex -29.1961 77.0851 0.0213881
      vertex -28.8952 77.0404 2
      vertex -29.1961 77.0851 2
    endloop
  endfacet
  facet normal -0.146942 -0.989145 -0
    outer loop
      vertex -28.8952 77.0404 2
      vertex -29.1961 77.0851 0.0213881
      vertex -28.8952 77.0404 0.0213881
    endloop
  endfacet
  facet normal 0.42738 0.904072 -0
    outer loop
      vertex -30.6863 71.136 0.0213881
      vertex -30.9613 71.266 2
      vertex -30.6863 71.136 2
    endloop
  endfacet
  facet normal 0.42738 0.904072 0
    outer loop
      vertex -30.9613 71.266 2
      vertex -30.6863 71.136 0.0213881
      vertex -30.9613 71.266 0.0213881
    endloop
  endfacet
  facet normal -0.969993 0.243135 0
    outer loop
      vertex 31.0311 11.5355 2
      vertex 31.0693 11.6879 7
      vertex 31.0693 11.6879 2
    endloop
  endfacet
  facet normal -0.969993 0.243135 0
    outer loop
      vertex 31.0693 11.6879 7
      vertex 31.0311 11.5355 2
      vertex 31.0311 11.5355 7
    endloop
  endfacet
  facet normal -0.741264 -0.671213 0
    outer loop
      vertex 30.7368 13.015 2
      vertex 30.6314 13.1314 7
      vertex 30.6314 13.1314 2
    endloop
  endfacet
  facet normal -0.741264 -0.671213 0
    outer loop
      vertex 30.6314 13.1314 7
      vertex 30.7368 13.015 2
      vertex 30.7368 13.015 7
    endloop
  endfacet
  facet normal -0.049048 0.998796 0
    outer loop
      vertex 29.6568 10.4077 2
      vertex 29.5 10.4 7
      vertex 29.6568 10.4077 7
    endloop
  endfacet
  facet normal -0.049048 0.998796 0
    outer loop
      vertex 29.5 10.4 7
      vertex 29.6568 10.4077 2
      vertex 29.5 10.4 2
    endloop
  endfacet
  facet normal 0.336982 -0.941511 0
    outer loop
      vertex 28.8877 13.4782 2
      vertex 29.0355 13.5311 7
      vertex 28.8877 13.4782 7
    endloop
  endfacet
  facet normal 0.336982 -0.941511 0
    outer loop
      vertex 29.0355 13.5311 7
      vertex 28.8877 13.4782 2
      vertex 29.0355 13.5311 2
    endloop
  endfacet
  facet normal -0.98921 0.146502 0
    outer loop
      vertex 31.0693 11.6879 2
      vertex 31.0923 11.8432 7
      vertex 31.0923 11.8432 2
    endloop
  endfacet
  facet normal -0.98921 0.146502 0
    outer loop
      vertex 31.0923 11.8432 7
      vertex 31.0693 11.6879 2
      vertex 31.0693 11.6879 7
    endloop
  endfacet
  facet normal 0.243135 0.969993 -0
    outer loop
      vertex 29.1879 10.4307 2
      vertex 29.0355 10.4689 7
      vertex 29.1879 10.4307 7
    endloop
  endfacet
  facet normal 0.243135 0.969993 0
    outer loop
      vertex 29.0355 10.4689 7
      vertex 29.1879 10.4307 2
      vertex 29.0355 10.4689 2
    endloop
  endfacet
  facet normal -0.941511 -0.336982 0
    outer loop
      vertex 31.0311 12.4645 2
      vertex 30.9782 12.6123 7
      vertex 30.9782 12.6123 2
    endloop
  endfacet
  facet normal -0.941511 -0.336982 0
    outer loop
      vertex 30.9782 12.6123 7
      vertex 31.0311 12.4645 2
      vertex 31.0311 12.4645 7
    endloop
  endfacet
  facet normal 0.80297 0.596019 0
    outer loop
      vertex 28.2632 10.985 7
      vertex 28.1696 11.1111 2
      vertex 28.1696 11.1111 7
    endloop
  endfacet
  facet normal 0.80297 0.596019 0
    outer loop
      vertex 28.1696 11.1111 2
      vertex 28.2632 10.985 7
      vertex 28.2632 10.985 2
    endloop
  endfacet
  facet normal -0.146502 -0.98921 0
    outer loop
      vertex 29.6568 13.5923 2
      vertex 29.8121 13.5693 7
      vertex 29.6568 13.5923 7
    endloop
  endfacet
  facet normal -0.146502 -0.98921 -0
    outer loop
      vertex 29.8121 13.5693 7
      vertex 29.6568 13.5923 2
      vertex 29.8121 13.5693 2
    endloop
  endfacet
  facet normal -0.513934 -0.85783 0
    outer loop
      vertex 30.2542 13.4111 2
      vertex 30.3889 13.3304 7
      vertex 30.2542 13.4111 7
    endloop
  endfacet
  facet normal -0.513934 -0.85783 -0
    outer loop
      vertex 30.3889 13.3304 7
      vertex 30.2542 13.4111 2
      vertex 30.3889 13.3304 2
    endloop
  endfacet
  facet normal 0.969993 0.243135 0
    outer loop
      vertex 27.9689 11.5355 7
      vertex 27.9307 11.6879 2
      vertex 27.9307 11.6879 7
    endloop
  endfacet
  facet normal 0.969993 0.243135 0
    outer loop
      vertex 27.9307 11.6879 2
      vertex 27.9689 11.5355 7
      vertex 27.9689 11.5355 2
    endloop
  endfacet
  facet normal -0.98921 -0.146502 0
    outer loop
      vertex 31.0923 12.1568 2
      vertex 31.0693 12.3121 7
      vertex 31.0693 12.3121 2
    endloop
  endfacet
  facet normal -0.98921 -0.146502 0
    outer loop
      vertex 31.0693 12.3121 7
      vertex 31.0923 12.1568 2
      vertex 31.0923 12.1568 7
    endloop
  endfacet
  facet normal -0.904023 0.427484 0
    outer loop
      vertex 30.9111 11.2458 2
      vertex 30.9782 11.3877 7
      vertex 30.9782 11.3877 2
    endloop
  endfacet
  facet normal -0.904023 0.427484 0
    outer loop
      vertex 30.9782 11.3877 7
      vertex 30.9111 11.2458 2
      vertex 30.9111 11.2458 7
    endloop
  endfacet
  facet normal -0.998796 -0.049048 0
    outer loop
      vertex 31.1 12 2
      vertex 31.0923 12.1568 7
      vertex 31.0923 12.1568 2
    endloop
  endfacet
  facet normal -0.998796 -0.049048 0
    outer loop
      vertex 31.0923 12.1568 7
      vertex 31.1 12 2
      vertex 31.1 12 7
    endloop
  endfacet
  facet normal 0.969993 -0.243135 0
    outer loop
      vertex 27.9307 12.3121 7
      vertex 27.9689 12.4645 2
      vertex 27.9689 12.4645 7
    endloop
  endfacet
  facet normal 0.969993 -0.243135 0
    outer loop
      vertex 27.9689 12.4645 2
      vertex 27.9307 12.3121 7
      vertex 27.9307 12.3121 2
    endloop
  endfacet
  facet normal 0.427484 0.904023 -0
    outer loop
      vertex 28.8877 10.5218 2
      vertex 28.7458 10.5889 7
      vertex 28.8877 10.5218 7
    endloop
  endfacet
  facet normal 0.427484 0.904023 0
    outer loop
      vertex 28.7458 10.5889 7
      vertex 28.8877 10.5218 2
      vertex 28.7458 10.5889 2
    endloop
  endfacet
  facet normal 0.146502 -0.98921 0
    outer loop
      vertex 29.1879 13.5693 2
      vertex 29.3432 13.5923 7
      vertex 29.1879 13.5693 7
    endloop
  endfacet
  facet normal 0.146502 -0.98921 0
    outer loop
      vertex 29.3432 13.5923 7
      vertex 29.1879 13.5693 2
      vertex 29.3432 13.5923 2
    endloop
  endfacet
  facet normal -0.243135 -0.969993 0
    outer loop
      vertex 29.8121 13.5693 2
      vertex 29.9645 13.5311 7
      vertex 29.8121 13.5693 7
    endloop
  endfacet
  facet normal -0.243135 -0.969993 -0
    outer loop
      vertex 29.9645 13.5311 7
      vertex 29.8121 13.5693 2
      vertex 29.9645 13.5311 2
    endloop
  endfacet
  facet normal -0.596019 0.80297 0
    outer loop
      vertex 30.515 10.7632 2
      vertex 30.3889 10.6696 7
      vertex 30.515 10.7632 7
    endloop
  endfacet
  facet normal -0.596019 0.80297 0
    outer loop
      vertex 30.3889 10.6696 7
      vertex 30.515 10.7632 2
      vertex 30.3889 10.6696 2
    endloop
  endfacet
  facet normal 0.998796 0.049048 0
    outer loop
      vertex 27.9077 11.8432 7
      vertex 27.9 12 2
      vertex 27.9 12 7
    endloop
  endfacet
  facet normal 0.998796 0.049048 0
    outer loop
      vertex 27.9 12 2
      vertex 27.9077 11.8432 7
      vertex 27.9077 11.8432 2
    endloop
  endfacet
  facet normal 0.596019 0.80297 -0
    outer loop
      vertex 28.6111 10.6696 2
      vertex 28.485 10.7632 7
      vertex 28.6111 10.6696 7
    endloop
  endfacet
  facet normal 0.596019 0.80297 0
    outer loop
      vertex 28.485 10.7632 7
      vertex 28.6111 10.6696 2
      vertex 28.485 10.7632 2
    endloop
  endfacet
  facet normal 0.98921 -0.146502 0
    outer loop
      vertex 27.9077 12.1568 7
      vertex 27.9307 12.3121 2
      vertex 27.9307 12.3121 7
    endloop
  endfacet
  facet normal 0.98921 -0.146502 0
    outer loop
      vertex 27.9307 12.3121 2
      vertex 27.9077 12.1568 7
      vertex 27.9077 12.1568 2
    endloop
  endfacet
  facet normal -0.941511 0.336982 0
    outer loop
      vertex 30.9782 11.3877 2
      vertex 31.0311 11.5355 7
      vertex 31.0311 11.5355 2
    endloop
  endfacet
  facet normal -0.941511 0.336982 0
    outer loop
      vertex 31.0311 11.5355 7
      vertex 30.9782 11.3877 2
      vertex 30.9782 11.3877 7
    endloop
  endfacet
  facet normal -0.969993 -0.243135 0
    outer loop
      vertex 31.0693 12.3121 2
      vertex 31.0311 12.4645 7
      vertex 31.0311 12.4645 2
    endloop
  endfacet
  facet normal -0.969993 -0.243135 0
    outer loop
      vertex 31.0311 12.4645 7
      vertex 31.0693 12.3121 2
      vertex 31.0693 12.3121 7
    endloop
  endfacet
  facet normal -0.671213 0.741264 0
    outer loop
      vertex 30.6314 10.8686 2
      vertex 30.515 10.7632 7
      vertex 30.6314 10.8686 7
    endloop
  endfacet
  facet normal -0.671213 0.741264 0
    outer loop
      vertex 30.515 10.7632 7
      vertex 30.6314 10.8686 2
      vertex 30.515 10.7632 2
    endloop
  endfacet
  facet normal 0.998796 -0.049048 0
    outer loop
      vertex 27.9 12 7
      vertex 27.9077 12.1568 2
      vertex 27.9077 12.1568 7
    endloop
  endfacet
  facet normal 0.998796 -0.049048 0
    outer loop
      vertex 27.9077 12.1568 2
      vertex 27.9 12 7
      vertex 27.9 12 2
    endloop
  endfacet
  facet normal 0.513934 -0.85783 0
    outer loop
      vertex 28.6111 13.3304 2
      vertex 28.7458 13.4111 7
      vertex 28.6111 13.3304 7
    endloop
  endfacet
  facet normal 0.513934 -0.85783 0
    outer loop
      vertex 28.7458 13.4111 7
      vertex 28.6111 13.3304 2
      vertex 28.7458 13.4111 2
    endloop
  endfacet
  facet normal -0.513934 0.85783 0
    outer loop
      vertex 30.3889 10.6696 2
      vertex 30.2542 10.5889 7
      vertex 30.3889 10.6696 7
    endloop
  endfacet
  facet normal -0.513934 0.85783 0
    outer loop
      vertex 30.2542 10.5889 7
      vertex 30.3889 10.6696 2
      vertex 30.2542 10.5889 2
    endloop
  endfacet
  facet normal -0.427484 0.904023 0
    outer loop
      vertex 30.2542 10.5889 2
      vertex 30.1123 10.5218 7
      vertex 30.2542 10.5889 7
    endloop
  endfacet
  facet normal -0.427484 0.904023 0
    outer loop
      vertex 30.1123 10.5218 7
      vertex 30.2542 10.5889 2
      vertex 30.1123 10.5218 2
    endloop
  endfacet
  facet normal -0.596019 -0.80297 0
    outer loop
      vertex 30.3889 13.3304 2
      vertex 30.515 13.2368 7
      vertex 30.3889 13.3304 7
    endloop
  endfacet
  facet normal -0.596019 -0.80297 -0
    outer loop
      vertex 30.515 13.2368 7
      vertex 30.3889 13.3304 2
      vertex 30.515 13.2368 2
    endloop
  endfacet
  facet normal 0.049048 -0.998796 0
    outer loop
      vertex 29.3432 13.5923 2
      vertex 29.5 13.6 7
      vertex 29.3432 13.5923 7
    endloop
  endfacet
  facet normal 0.049048 -0.998796 0
    outer loop
      vertex 29.5 13.6 7
      vertex 29.3432 13.5923 2
      vertex 29.5 13.6 2
    endloop
  endfacet
  facet normal 0.741264 0.671213 0
    outer loop
      vertex 28.3686 10.8686 7
      vertex 28.2632 10.985 2
      vertex 28.2632 10.985 7
    endloop
  endfacet
  facet normal 0.741264 0.671213 0
    outer loop
      vertex 28.2632 10.985 2
      vertex 28.3686 10.8686 7
      vertex 28.3686 10.8686 2
    endloop
  endfacet
  facet normal 0.049048 0.998796 -0
    outer loop
      vertex 29.5 10.4 2
      vertex 29.3432 10.4077 7
      vertex 29.5 10.4 7
    endloop
  endfacet
  facet normal 0.049048 0.998796 0
    outer loop
      vertex 29.3432 10.4077 7
      vertex 29.5 10.4 2
      vertex 29.3432 10.4077 2
    endloop
  endfacet
  facet normal -0.427484 -0.904023 0
    outer loop
      vertex 30.1123 13.4782 2
      vertex 30.2542 13.4111 7
      vertex 30.1123 13.4782 7
    endloop
  endfacet
  facet normal -0.427484 -0.904023 -0
    outer loop
      vertex 30.2542 13.4111 7
      vertex 30.1123 13.4782 2
      vertex 30.2542 13.4111 2
    endloop
  endfacet
  facet normal -0.741264 0.671213 0
    outer loop
      vertex 30.6314 10.8686 2
      vertex 30.7368 10.985 7
      vertex 30.7368 10.985 2
    endloop
  endfacet
  facet normal -0.741264 0.671213 0
    outer loop
      vertex 30.7368 10.985 7
      vertex 30.6314 10.8686 2
      vertex 30.6314 10.8686 7
    endloop
  endfacet
  facet normal -0.998796 0.049048 0
    outer loop
      vertex 31.0923 11.8432 2
      vertex 31.1 12 7
      vertex 31.1 12 2
    endloop
  endfacet
  facet normal -0.998796 0.049048 0
    outer loop
      vertex 31.1 12 7
      vertex 31.0923 11.8432 2
      vertex 31.0923 11.8432 7
    endloop
  endfacet
  facet normal -0.85783 -0.513934 0
    outer loop
      vertex 30.9111 12.7542 2
      vertex 30.8304 12.8889 7
      vertex 30.8304 12.8889 2
    endloop
  endfacet
  facet normal -0.85783 -0.513934 0
    outer loop
      vertex 30.8304 12.8889 7
      vertex 30.9111 12.7542 2
      vertex 30.9111 12.7542 7
    endloop
  endfacet
  facet normal 0.596019 -0.80297 0
    outer loop
      vertex 28.485 13.2368 2
      vertex 28.6111 13.3304 7
      vertex 28.485 13.2368 7
    endloop
  endfacet
  facet normal 0.596019 -0.80297 0
    outer loop
      vertex 28.6111 13.3304 7
      vertex 28.485 13.2368 2
      vertex 28.6111 13.3304 2
    endloop
  endfacet
  facet normal 0.85783 0.513934 0
    outer loop
      vertex 28.1696 11.1111 7
      vertex 28.0889 11.2458 2
      vertex 28.0889 11.2458 7
    endloop
  endfacet
  facet normal 0.85783 0.513934 0
    outer loop
      vertex 28.0889 11.2458 2
      vertex 28.1696 11.1111 7
      vertex 28.1696 11.1111 2
    endloop
  endfacet
  facet normal 0.904023 -0.427484 0
    outer loop
      vertex 28.0218 12.6123 7
      vertex 28.0889 12.7542 2
      vertex 28.0889 12.7542 7
    endloop
  endfacet
  facet normal 0.904023 -0.427484 0
    outer loop
      vertex 28.0889 12.7542 2
      vertex 28.0218 12.6123 7
      vertex 28.0218 12.6123 2
    endloop
  endfacet
  facet normal -0.146502 0.98921 0
    outer loop
      vertex 29.8121 10.4307 2
      vertex 29.6568 10.4077 7
      vertex 29.8121 10.4307 7
    endloop
  endfacet
  facet normal -0.146502 0.98921 0
    outer loop
      vertex 29.6568 10.4077 7
      vertex 29.8121 10.4307 2
      vertex 29.6568 10.4077 2
    endloop
  endfacet
  facet normal 0.741264 -0.671213 0
    outer loop
      vertex 28.2632 13.015 7
      vertex 28.3686 13.1314 2
      vertex 28.3686 13.1314 7
    endloop
  endfacet
  facet normal 0.741264 -0.671213 0
    outer loop
      vertex 28.3686 13.1314 2
      vertex 28.2632 13.015 7
      vertex 28.2632 13.015 2
    endloop
  endfacet
  facet normal -0.049048 -0.998796 0
    outer loop
      vertex 29.5 13.6 2
      vertex 29.6568 13.5923 7
      vertex 29.5 13.6 7
    endloop
  endfacet
  facet normal -0.049048 -0.998796 -0
    outer loop
      vertex 29.6568 13.5923 7
      vertex 29.5 13.6 2
      vertex 29.6568 13.5923 2
    endloop
  endfacet
  facet normal -0.336982 0.941511 0
    outer loop
      vertex 30.1123 10.5218 2
      vertex 29.9645 10.4689 7
      vertex 30.1123 10.5218 7
    endloop
  endfacet
  facet normal -0.336982 0.941511 0
    outer loop
      vertex 29.9645 10.4689 7
      vertex 30.1123 10.5218 2
      vertex 29.9645 10.4689 2
    endloop
  endfacet
  facet normal -0.904023 -0.427484 0
    outer loop
      vertex 30.9782 12.6123 2
      vertex 30.9111 12.7542 7
      vertex 30.9111 12.7542 2
    endloop
  endfacet
  facet normal -0.904023 -0.427484 0
    outer loop
      vertex 30.9111 12.7542 7
      vertex 30.9782 12.6123 2
      vertex 30.9782 12.6123 7
    endloop
  endfacet
  facet normal -0.80297 -0.596019 0
    outer loop
      vertex 30.8304 12.8889 2
      vertex 30.7368 13.015 7
      vertex 30.7368 13.015 2
    endloop
  endfacet
  facet normal -0.80297 -0.596019 0
    outer loop
      vertex 30.7368 13.015 7
      vertex 30.8304 12.8889 2
      vertex 30.8304 12.8889 7
    endloop
  endfacet
  facet normal 0.243135 -0.969993 0
    outer loop
      vertex 29.0355 13.5311 2
      vertex 29.1879 13.5693 7
      vertex 29.0355 13.5311 7
    endloop
  endfacet
  facet normal 0.243135 -0.969993 0
    outer loop
      vertex 29.1879 13.5693 7
      vertex 29.0355 13.5311 2
      vertex 29.1879 13.5693 2
    endloop
  endfacet
  facet normal -0.671213 -0.741264 0
    outer loop
      vertex 30.515 13.2368 2
      vertex 30.6314 13.1314 7
      vertex 30.515 13.2368 7
    endloop
  endfacet
  facet normal -0.671213 -0.741264 -0
    outer loop
      vertex 30.6314 13.1314 7
      vertex 30.515 13.2368 2
      vertex 30.6314 13.1314 2
    endloop
  endfacet
  facet normal 0.671213 -0.741264 0
    outer loop
      vertex 28.3686 13.1314 2
      vertex 28.485 13.2368 7
      vertex 28.3686 13.1314 7
    endloop
  endfacet
  facet normal 0.671213 -0.741264 0
    outer loop
      vertex 28.485 13.2368 7
      vertex 28.3686 13.1314 2
      vertex 28.485 13.2368 2
    endloop
  endfacet
  facet normal 0.98921 0.146502 0
    outer loop
      vertex 27.9307 11.6879 7
      vertex 27.9077 11.8432 2
      vertex 27.9077 11.8432 7
    endloop
  endfacet
  facet normal 0.98921 0.146502 0
    outer loop
      vertex 27.9077 11.8432 2
      vertex 27.9307 11.6879 7
      vertex 27.9307 11.6879 2
    endloop
  endfacet
  facet normal -0.336982 -0.941511 0
    outer loop
      vertex 29.9645 13.5311 2
      vertex 30.1123 13.4782 7
      vertex 29.9645 13.5311 7
    endloop
  endfacet
  facet normal -0.336982 -0.941511 -0
    outer loop
      vertex 30.1123 13.4782 7
      vertex 29.9645 13.5311 2
      vertex 30.1123 13.4782 2
    endloop
  endfacet
  facet normal 0.941511 -0.336982 0
    outer loop
      vertex 27.9689 12.4645 7
      vertex 28.0218 12.6123 2
      vertex 28.0218 12.6123 7
    endloop
  endfacet
  facet normal 0.941511 -0.336982 0
    outer loop
      vertex 28.0218 12.6123 2
      vertex 27.9689 12.4645 7
      vertex 27.9689 12.4645 2
    endloop
  endfacet
  facet normal 0.941511 0.336982 0
    outer loop
      vertex 28.0218 11.3877 7
      vertex 27.9689 11.5355 2
      vertex 27.9689 11.5355 7
    endloop
  endfacet
  facet normal 0.941511 0.336982 0
    outer loop
      vertex 27.9689 11.5355 2
      vertex 28.0218 11.3877 7
      vertex 28.0218 11.3877 2
    endloop
  endfacet
  facet normal 0.336982 0.941511 -0
    outer loop
      vertex 29.0355 10.4689 2
      vertex 28.8877 10.5218 7
      vertex 29.0355 10.4689 7
    endloop
  endfacet
  facet normal 0.336982 0.941511 0
    outer loop
      vertex 28.8877 10.5218 7
      vertex 29.0355 10.4689 2
      vertex 28.8877 10.5218 2
    endloop
  endfacet
  facet normal -0.243135 0.969993 0
    outer loop
      vertex 29.9645 10.4689 2
      vertex 29.8121 10.4307 7
      vertex 29.9645 10.4689 7
    endloop
  endfacet
  facet normal -0.243135 0.969993 0
    outer loop
      vertex 29.8121 10.4307 7
      vertex 29.9645 10.4689 2
      vertex 29.8121 10.4307 2
    endloop
  endfacet
  facet normal -0.80297 0.596019 0
    outer loop
      vertex 30.7368 10.985 2
      vertex 30.8304 11.1111 7
      vertex 30.8304 11.1111 2
    endloop
  endfacet
  facet normal -0.80297 0.596019 0
    outer loop
      vertex 30.8304 11.1111 7
      vertex 30.7368 10.985 2
      vertex 30.7368 10.985 7
    endloop
  endfacet
  facet normal 0.80297 -0.596019 0
    outer loop
      vertex 28.1696 12.8889 7
      vertex 28.2632 13.015 2
      vertex 28.2632 13.015 7
    endloop
  endfacet
  facet normal 0.80297 -0.596019 0
    outer loop
      vertex 28.2632 13.015 2
      vertex 28.1696 12.8889 7
      vertex 28.1696 12.8889 2
    endloop
  endfacet
  facet normal 0.85783 -0.513934 0
    outer loop
      vertex 28.0889 12.7542 7
      vertex 28.1696 12.8889 2
      vertex 28.1696 12.8889 7
    endloop
  endfacet
  facet normal 0.85783 -0.513934 0
    outer loop
      vertex 28.1696 12.8889 2
      vertex 28.0889 12.7542 7
      vertex 28.0889 12.7542 2
    endloop
  endfacet
  facet normal 0.671213 0.741264 -0
    outer loop
      vertex 28.485 10.7632 2
      vertex 28.3686 10.8686 7
      vertex 28.485 10.7632 7
    endloop
  endfacet
  facet normal 0.671213 0.741264 0
    outer loop
      vertex 28.3686 10.8686 7
      vertex 28.485 10.7632 2
      vertex 28.3686 10.8686 2
    endloop
  endfacet
  facet normal 0.904023 0.427484 0
    outer loop
      vertex 28.0889 11.2458 7
      vertex 28.0218 11.3877 2
      vertex 28.0218 11.3877 7
    endloop
  endfacet
  facet normal 0.904023 0.427484 0
    outer loop
      vertex 28.0218 11.3877 2
      vertex 28.0889 11.2458 7
      vertex 28.0889 11.2458 2
    endloop
  endfacet
  facet normal 0.427484 -0.904023 0
    outer loop
      vertex 28.7458 13.4111 2
      vertex 28.8877 13.4782 7
      vertex 28.7458 13.4111 7
    endloop
  endfacet
  facet normal 0.427484 -0.904023 0
    outer loop
      vertex 28.8877 13.4782 7
      vertex 28.7458 13.4111 2
      vertex 28.8877 13.4782 2
    endloop
  endfacet
  facet normal 0.146502 0.98921 -0
    outer loop
      vertex 29.3432 10.4077 2
      vertex 29.1879 10.4307 7
      vertex 29.3432 10.4077 7
    endloop
  endfacet
  facet normal 0.146502 0.98921 0
    outer loop
      vertex 29.1879 10.4307 7
      vertex 29.3432 10.4077 2
      vertex 29.1879 10.4307 2
    endloop
  endfacet
  facet normal -0.85783 0.513934 0
    outer loop
      vertex 30.8304 11.1111 2
      vertex 30.9111 11.2458 7
      vertex 30.9111 11.2458 2
    endloop
  endfacet
  facet normal -0.85783 0.513934 0
    outer loop
      vertex 30.9111 11.2458 7
      vertex 30.8304 11.1111 2
      vertex 30.8304 11.1111 7
    endloop
  endfacet
  facet normal 0.513934 0.85783 -0
    outer loop
      vertex 28.7458 10.5889 2
      vertex 28.6111 10.6696 7
      vertex 28.7458 10.5889 7
    endloop
  endfacet
  facet normal 0.513934 0.85783 0
    outer loop
      vertex 28.6111 10.6696 7
      vertex 28.7458 10.5889 2
      vertex 28.6111 10.6696 2
    endloop
  endfacet
  facet normal -0.989145 -0.146942 0
    outer loop
      vertex 32.5851 12.3039 0.0213881
      vertex 32.5404 12.6048 2
      vertex 32.5404 12.6048 0.0213881
    endloop
  endfacet
  facet normal -0.989145 -0.146942 0
    outer loop
      vertex 32.5404 12.6048 2
      vertex 32.5851 12.3039 0.0213881
      vertex 32.5851 12.3039 2
    endloop
  endfacet
  facet normal -0.9988 -0.0489705 0
    outer loop
      vertex 32.6 12 0.0213881
      vertex 32.5851 12.3039 2
      vertex 32.5851 12.3039 0.0213881
    endloop
  endfacet
  facet normal -0.9988 -0.0489705 0
    outer loop
      vertex 32.5851 12.3039 2
      vertex 32.6 12 0.0213881
      vertex 32.6 12 2
    endloop
  endfacet
  facet normal -0.970046 -0.242922 0
    outer loop
      vertex 32.5404 12.6048 0.0213881
      vertex 32.4665 12.8999 2
      vertex 32.4665 12.8999 0.0213881
    endloop
  endfacet
  facet normal -0.970046 -0.242922 0
    outer loop
      vertex 32.4665 12.8999 2
      vertex 32.5404 12.6048 0.0213881
      vertex 32.5404 12.6048 2
    endloop
  endfacet
  facet normal -0.803027 0.595943 0
    outer loop
      vertex 31.8963 10.0334 0.0213881
      vertex 32.0776 10.2777 2
      vertex 32.0776 10.2777 0.0213881
    endloop
  endfacet
  facet normal -0.803027 0.595943 0
    outer loop
      vertex 32.0776 10.2777 2
      vertex 31.8963 10.0334 0.0213881
      vertex 31.8963 10.0334 2
    endloop
  endfacet
  facet normal -0.0490688 0.998795 0
    outer loop
      vertex 29.8039 8.91493 0.0213881
      vertex 29.5 8.9 2
      vertex 29.8039 8.91493 2
    endloop
  endfacet
  facet normal -0.0490688 0.998795 0
    outer loop
      vertex 29.5 8.9 2
      vertex 29.8039 8.91493 0.0213881
      vertex 29.5 8.9 0.0213881
    endloop
  endfacet
  facet normal -0.514012 0.857783 0
    outer loop
      vertex 31.2223 9.42244 0.0213881
      vertex 30.9613 9.26604 2
      vertex 31.2223 9.42244 2
    endloop
  endfacet
  facet normal -0.514012 0.857783 0
    outer loop
      vertex 30.9613 9.26604 2
      vertex 31.2223 9.42244 0.0213881
      vertex 30.9613 9.26604 0.0213881
    endloop
  endfacet
  facet normal 0.42738 -0.904072 0
    outer loop
      vertex 28.0387 14.734 0.0213881
      vertex 28.3137 14.864 2
      vertex 28.0387 14.734 2
    endloop
  endfacet
  facet normal 0.42738 -0.904072 0
    outer loop
      vertex 28.3137 14.864 2
      vertex 28.0387 14.734 0.0213881
      vertex 28.3137 14.864 0.0213881
    endloop
  endfacet
  facet normal -0.514012 -0.857783 0
    outer loop
      vertex 30.9613 14.734 0.0213881
      vertex 31.2223 14.5776 2
      vertex 30.9613 14.734 2
    endloop
  endfacet
  facet normal -0.514012 -0.857783 -0
    outer loop
      vertex 31.2223 14.5776 2
      vertex 30.9613 14.734 0.0213881
      vertex 31.2223 14.5776 0.0213881
    endloop
  endfacet
  facet normal 0.0489705 -0.9988 0
    outer loop
      vertex 29.1961 15.0851 0.0213881
      vertex 29.5 15.1 2
      vertex 29.1961 15.0851 2
    endloop
  endfacet
  facet normal 0.0489705 -0.9988 0
    outer loop
      vertex 29.5 15.1 2
      vertex 29.1961 15.0851 0.0213881
      vertex 29.5 15.1 0.0213881
    endloop
  endfacet
  facet normal 0.803027 0.595943 0
    outer loop
      vertex 27.1037 10.0334 2
      vertex 26.9224 10.2777 0.0213881
      vertex 26.9224 10.2777 2
    endloop
  endfacet
  facet normal 0.803027 0.595943 0
    outer loop
      vertex 26.9224 10.2777 0.0213881
      vertex 27.1037 10.0334 2
      vertex 27.1037 10.0334 0.0213881
    endloop
  endfacet
  facet normal -0.941519 -0.336961 0
    outer loop
      vertex 32.4665 12.8999 0.0213881
      vertex 32.364 13.1863 2
      vertex 32.364 13.1863 0.0213881
    endloop
  endfacet
  facet normal -0.941519 -0.336961 0
    outer loop
      vertex 32.364 13.1863 2
      vertex 32.4665 12.8999 0.0213881
      vertex 32.4665 12.8999 2
    endloop
  endfacet
  facet normal -0.941519 0.336961 0
    outer loop
      vertex 32.364 10.8137 0.0213881
      vertex 32.4665 11.1001 2
      vertex 32.4665 11.1001 0.0213881
    endloop
  endfacet
  facet normal -0.941519 0.336961 0
    outer loop
      vertex 32.4665 11.1001 2
      vertex 32.364 10.8137 0.0213881
      vertex 32.364 10.8137 2
    endloop
  endfacet
  facet normal 0.857783 0.514012 0
    outer loop
      vertex 26.9224 10.2777 2
      vertex 26.766 10.5387 0.0213881
      vertex 26.766 10.5387 2
    endloop
  endfacet
  facet normal 0.857783 0.514012 0
    outer loop
      vertex 26.766 10.5387 0.0213881
      vertex 26.9224 10.2777 2
      vertex 26.9224 10.2777 0.0213881
    endloop
  endfacet
  facet normal -0.242984 0.97003 0
    outer loop
      vertex 30.3999 9.03349 0.0213881
      vertex 30.1048 8.95957 2
      vertex 30.3999 9.03349 2
    endloop
  endfacet
  facet normal -0.242984 0.97003 0
    outer loop
      vertex 30.1048 8.95957 2
      vertex 30.3999 9.03349 0.0213881
      vertex 30.1048 8.95957 0.0213881
    endloop
  endfacet
  facet normal -0.9988 0.0489705 0
    outer loop
      vertex 32.5851 11.6961 0.0213881
      vertex 32.6 12 2
      vertex 32.6 12 0.0213881
    endloop
  endfacet
  facet normal -0.9988 0.0489705 0
    outer loop
      vertex 32.6 12 2
      vertex 32.5851 11.6961 0.0213881
      vertex 32.5851 11.6961 2
    endloop
  endfacet
  facet normal 0.595794 0.803137 -0
    outer loop
      vertex 27.7777 9.42244 0.0213881
      vertex 27.5334 9.60367 2
      vertex 27.7777 9.42244 2
    endloop
  endfacet
  facet normal 0.595794 0.803137 0
    outer loop
      vertex 27.5334 9.60367 2
      vertex 27.7777 9.42244 0.0213881
      vertex 27.5334 9.60367 0.0213881
    endloop
  endfacet
  facet normal 0.989145 0.146942 0
    outer loop
      vertex 26.4596 11.3952 2
      vertex 26.4149 11.6961 0.0213881
      vertex 26.4149 11.6961 2
    endloop
  endfacet
  facet normal 0.989145 0.146942 0
    outer loop
      vertex 26.4149 11.6961 0.0213881
      vertex 26.4596 11.3952 2
      vertex 26.4596 11.3952 0.0213881
    endloop
  endfacet
  facet normal 0.595943 -0.803027 0
    outer loop
      vertex 27.5334 14.3963 0.0213881
      vertex 27.7777 14.5776 2
      vertex 27.5334 14.3963 2
    endloop
  endfacet
  facet normal 0.595943 -0.803027 0
    outer loop
      vertex 27.7777 14.5776 2
      vertex 27.5334 14.3963 0.0213881
      vertex 27.7777 14.5776 0.0213881
    endloop
  endfacet
  facet normal -0.595943 -0.803027 0
    outer loop
      vertex 31.2223 14.5776 0.0213881
      vertex 31.4666 14.3963 2
      vertex 31.2223 14.5776 2
    endloop
  endfacet
  facet normal -0.595943 -0.803027 -0
    outer loop
      vertex 31.4666 14.3963 2
      vertex 31.2223 14.5776 0.0213881
      vertex 31.4666 14.3963 0.0213881
    endloop
  endfacet
  facet normal -0.74098 0.671527 0
    outer loop
      vertex 31.692 9.80797 0.0213881
      vertex 31.8963 10.0334 2
      vertex 31.8963 10.0334 0.0213881
    endloop
  endfacet
  facet normal -0.74098 0.671527 0
    outer loop
      vertex 31.8963 10.0334 2
      vertex 31.692 9.80797 0.0213881
      vertex 31.692 9.80797 2
    endloop
  endfacet
  facet normal 0.941519 0.336961 0
    outer loop
      vertex 26.636 10.8137 2
      vertex 26.5335 11.1001 0.0213881
      vertex 26.5335 11.1001 2
    endloop
  endfacet
  facet normal 0.941519 0.336961 0
    outer loop
      vertex 26.5335 11.1001 0.0213881
      vertex 26.636 10.8137 2
      vertex 26.636 10.8137 0.0213881
    endloop
  endfacet
  facet normal -0.989145 0.146942 0
    outer loop
      vertex 32.5404 11.3952 0.0213881
      vertex 32.5851 11.6961 2
      vertex 32.5851 11.6961 0.0213881
    endloop
  endfacet
  facet normal -0.989145 0.146942 0
    outer loop
      vertex 32.5851 11.6961 2
      vertex 32.5404 11.3952 0.0213881
      vertex 32.5404 11.3952 2
    endloop
  endfacet
  facet normal 0.857783 -0.514012 0
    outer loop
      vertex 26.766 13.4613 2
      vertex 26.9224 13.7223 0.0213881
      vertex 26.9224 13.7223 2
    endloop
  endfacet
  facet normal 0.857783 -0.514012 0
    outer loop
      vertex 26.9224 13.7223 0.0213881
      vertex 26.766 13.4613 2
      vertex 26.766 13.4613 0.0213881
    endloop
  endfacet
  facet normal -0.970046 0.242922 0
    outer loop
      vertex 32.4665 11.1001 0.0213881
      vertex 32.5404 11.3952 2
      vertex 32.5404 11.3952 0.0213881
    endloop
  endfacet
  facet normal -0.970046 0.242922 0
    outer loop
      vertex 32.5404 11.3952 2
      vertex 32.4665 11.1001 0.0213881
      vertex 32.4665 11.1001 2
    endloop
  endfacet
  facet normal -0.427568 0.903983 0
    outer loop
      vertex 30.9613 9.26604 0.0213881
      vertex 30.6863 9.13597 2
      vertex 30.9613 9.26604 2
    endloop
  endfacet
  facet normal -0.427568 0.903983 0
    outer loop
      vertex 30.6863 9.13597 2
      vertex 30.9613 9.26604 0.0213881
      vertex 30.6863 9.13597 0.0213881
    endloop
  endfacet
  facet normal 0 0 -1
    outer loop
      vertex 31.1 12 2
      vertex 32.6 12 2
      vertex 32.5851 11.6961 2
    endloop
  endfacet
  facet normal 0 0 -1
    outer loop
      vertex 31.0923 11.8432 2
      vertex 32.5851 11.6961 2
      vertex 32.5404 11.3952 2
    endloop
  endfacet
  facet normal 0 0 -1
    outer loop
      vertex 32.6 12 2
      vertex 31.1 12 2
      vertex 32.5851 12.3039 2
    endloop
  endfacet
  facet normal 0 0 -1
    outer loop
      vertex 31.0693 11.6879 2
      vertex 32.5404 11.3952 2
      vertex 32.4665 11.1001 2
    endloop
  endfacet
  facet normal 0 0 -1
    outer loop
      vertex 31.0923 12.1568 2
      vertex 32.5851 12.3039 2
      vertex 31.1 12 2
    endloop
  endfacet
  facet normal 0 0 -1
    outer loop
      vertex 31.0311 11.5355 2
      vertex 32.4665 11.1001 2
      vertex 32.364 10.8137 2
    endloop
  endfacet
  facet normal -0 0 -1
    outer loop
      vertex 32.5851 12.3039 2
      vertex 31.0923 12.1568 2
      vertex 32.5404 12.6048 2
    endloop
  endfacet
  facet normal 0 0 -1
    outer loop
      vertex 30.9782 11.3877 2
      vertex 32.364 10.8137 2
      vertex 32.234 10.5387 2
    endloop
  endfacet
  facet normal 0 0 -1
    outer loop
      vertex 31.0693 12.3121 2
      vertex 32.5404 12.6048 2
      vertex 31.0923 12.1568 2
    endloop
  endfacet
  facet normal 0 0 -1
    outer loop
      vertex 30.9111 11.2458 2
      vertex 32.234 10.5387 2
      vertex 32.0776 10.2777 2
    endloop
  endfacet
  facet normal -0 0 -1
    outer loop
      vertex 32.5404 12.6048 2
      vertex 31.0693 12.3121 2
      vertex 32.4665 12.8999 2
    endloop
  endfacet
  facet normal 0 0 -1
    outer loop
      vertex 30.8304 11.1111 2
      vertex 32.0776 10.2777 2
      vertex 31.8963 10.0334 2
    endloop
  endfacet
  facet normal 0 0 -1
    outer loop
      vertex 31.0311 12.4645 2
      vertex 32.4665 12.8999 2
      vertex 31.0693 12.3121 2
    endloop
  endfacet
  facet normal 0 0 -1
    outer loop
      vertex 30.7368 10.985 2
      vertex 31.8963 10.0334 2
      vertex 31.692 9.80797 2
    endloop
  endfacet
  facet normal -0 0 -1
    outer loop
      vertex 32.4665 12.8999 2
      vertex 31.0311 12.4645 2
      vertex 32.364 13.1863 2
    endloop
  endfacet
  facet normal 0 0 -1
    outer loop
      vertex 30.6314 10.8686 2
      vertex 31.692 9.80797 2
      vertex 31.4666 9.60367 2
    endloop
  endfacet
  facet normal 0 0 -1
    outer loop
      vertex 30.9782 12.6123 2
      vertex 32.364 13.1863 2
      vertex 31.0311 12.4645 2
    endloop
  endfacet
  facet normal 0 0 -1
    outer loop
      vertex 30.515 10.7632 2
      vertex 31.4666 9.60367 2
      vertex 31.2223 9.42244 2
    endloop
  endfacet
  facet normal -0 0 -1
    outer loop
      vertex 32.364 13.1863 2
      vertex 30.9782 12.6123 2
      vertex 32.234 13.4613 2
    endloop
  endfacet
  facet normal 0 0 -1
    outer loop
      vertex 30.9111 12.7542 2
      vertex 32.234 13.4613 2
      vertex 30.9782 12.6123 2
    endloop
  endfacet
  facet normal 0 0 -1
    outer loop
      vertex 32.5851 11.6961 2
      vertex 31.0923 11.8432 2
      vertex 31.1 12 2
    endloop
  endfacet
  facet normal 0 0 -1
    outer loop
      vertex 32.5404 11.3952 2
      vertex 31.0693 11.6879 2
      vertex 31.0923 11.8432 2
    endloop
  endfacet
  facet normal 0 0 -1
    outer loop
      vertex 32.4665 11.1001 2
      vertex 31.0311 11.5355 2
      vertex 31.0693 11.6879 2
    endloop
  endfacet
  facet normal 0 0 -1
    outer loop
      vertex 32.364 10.8137 2
      vertex 30.9782 11.3877 2
      vertex 31.0311 11.5355 2
    endloop
  endfacet
  facet normal 0 0 -1
    outer loop
      vertex 30.3889 10.6696 2
      vertex 31.2223 9.42244 2
      vertex 30.9613 9.26604 2
    endloop
  endfacet
  facet normal 0 0 -1
    outer loop
      vertex 32.234 10.5387 2
      vertex 30.9111 11.2458 2
      vertex 30.9782 11.3877 2
    endloop
  endfacet
  facet normal 0 0 -1
    outer loop
      vertex 32.0776 10.2777 2
      vertex 30.8304 11.1111 2
      vertex 30.9111 11.2458 2
    endloop
  endfacet
  facet normal 0 0 -1
    outer loop
      vertex 31.8963 10.0334 2
      vertex 30.7368 10.985 2
      vertex 30.8304 11.1111 2
    endloop
  endfacet
  facet normal 0 0 -1
    outer loop
      vertex 30.2542 10.5889 2
      vertex 30.9613 9.26604 2
      vertex 30.6863 9.13597 2
    endloop
  endfacet
  facet normal 0 0 -1
    outer loop
      vertex 31.692 9.80797 2
      vertex 30.6314 10.8686 2
      vertex 30.7368 10.985 2
    endloop
  endfacet
  facet normal 0 0 -1
    outer loop
      vertex 31.4666 9.60367 2
      vertex 30.515 10.7632 2
      vertex 30.6314 10.8686 2
    endloop
  endfacet
  facet normal 0 0 -1
    outer loop
      vertex 30.1123 10.5218 2
      vertex 30.6863 9.13597 2
      vertex 30.3999 9.03349 2
    endloop
  endfacet
  facet normal 0 0 -1
    outer loop
      vertex 31.2223 9.42244 2
      vertex 30.3889 10.6696 2
      vertex 30.515 10.7632 2
    endloop
  endfacet
  facet normal 0 0 -1
    outer loop
      vertex 30.9613 9.26604 2
      vertex 30.2542 10.5889 2
      vertex 30.3889 10.6696 2
    endloop
  endfacet
  facet normal 0 0 -1
    outer loop
      vertex 30.6863 9.13597 2
      vertex 30.1123 10.5218 2
      vertex 30.2542 10.5889 2
    endloop
  endfacet
  facet normal 0 0 -1
    outer loop
      vertex 29.9645 10.4689 2
      vertex 30.3999 9.03349 2
      vertex 30.1048 8.95957 2
    endloop
  endfacet
  facet normal 0 0 -1
    outer loop
      vertex 30.3999 9.03349 2
      vertex 29.9645 10.4689 2
      vertex 30.1123 10.5218 2
    endloop
  endfacet
  facet normal 0 0 -1
    outer loop
      vertex 30.1048 8.95957 2
      vertex 29.8121 10.4307 2
      vertex 29.9645 10.4689 2
    endloop
  endfacet
  facet normal 0 0 -1
    outer loop
      vertex 29.8039 8.91493 2
      vertex 29.8121 10.4307 2
      vertex 30.1048 8.95957 2
    endloop
  endfacet
  facet normal 0 0 -1
    outer loop
      vertex 29.8039 8.91493 2
      vertex 29.6568 10.4077 2
      vertex 29.8121 10.4307 2
    endloop
  endfacet
  facet normal 0 0 -1
    outer loop
      vertex 29.5 8.9 2
      vertex 29.6568 10.4077 2
      vertex 29.8039 8.91493 2
    endloop
  endfacet
  facet normal 0 0 -1
    outer loop
      vertex 29.5 8.9 2
      vertex 29.5 10.4 2
      vertex 29.6568 10.4077 2
    endloop
  endfacet
  facet normal 0 0 -1
    outer loop
      vertex 29.5 8.9 2
      vertex 29.3432 10.4077 2
      vertex 29.5 10.4 2
    endloop
  endfacet
  facet normal 0 0 -1
    outer loop
      vertex 29.1961 8.91493 2
      vertex 29.3432 10.4077 2
      vertex 29.5 8.9 2
    endloop
  endfacet
  facet normal 0 0 -1
    outer loop
      vertex 29.1961 8.91493 2
      vertex 29.1879 10.4307 2
      vertex 29.3432 10.4077 2
    endloop
  endfacet
  facet normal 0 0 -1
    outer loop
      vertex 28.8952 8.95957 2
      vertex 29.1879 10.4307 2
      vertex 29.1961 8.91493 2
    endloop
  endfacet
  facet normal -0 0 -1
    outer loop
      vertex 29.1879 10.4307 2
      vertex 28.8952 8.95957 2
      vertex 29.0355 10.4689 2
    endloop
  endfacet
  facet normal 0 0 -1
    outer loop
      vertex 28.6001 9.03349 2
      vertex 29.0355 10.4689 2
      vertex 28.8952 8.95957 2
    endloop
  endfacet
  facet normal -0 0 -1
    outer loop
      vertex 29.0355 10.4689 2
      vertex 28.6001 9.03349 2
      vertex 28.8877 10.5218 2
    endloop
  endfacet
  facet normal 0 0 -1
    outer loop
      vertex 28.3137 9.13597 2
      vertex 28.8877 10.5218 2
      vertex 28.6001 9.03349 2
    endloop
  endfacet
  facet normal -0 0 -1
    outer loop
      vertex 28.8877 10.5218 2
      vertex 28.3137 9.13597 2
      vertex 28.7458 10.5889 2
    endloop
  endfacet
  facet normal 0 0 -1
    outer loop
      vertex 28.0387 9.26604 2
      vertex 28.7458 10.5889 2
      vertex 28.3137 9.13597 2
    endloop
  endfacet
  facet normal -0 0 -1
    outer loop
      vertex 28.7458 10.5889 2
      vertex 28.0387 9.26604 2
      vertex 28.6111 10.6696 2
    endloop
  endfacet
  facet normal 0 0 -1
    outer loop
      vertex 27.7777 9.42244 2
      vertex 28.6111 10.6696 2
      vertex 28.0387 9.26604 2
    endloop
  endfacet
  facet normal -0 0 -1
    outer loop
      vertex 28.6111 10.6696 2
      vertex 27.7777 9.42244 2
      vertex 28.485 10.7632 2
    endloop
  endfacet
  facet normal 0 0 -1
    outer loop
      vertex 27.5334 9.60367 2
      vertex 28.485 10.7632 2
      vertex 27.7777 9.42244 2
    endloop
  endfacet
  facet normal -0 0 -1
    outer loop
      vertex 28.485 10.7632 2
      vertex 27.5334 9.60367 2
      vertex 28.3686 10.8686 2
    endloop
  endfacet
  facet normal 0 0 -1
    outer loop
      vertex 27.308 9.80797 2
      vertex 28.3686 10.8686 2
      vertex 27.5334 9.60367 2
    endloop
  endfacet
  facet normal -0 0 -1
    outer loop
      vertex 28.3686 10.8686 2
      vertex 27.308 9.80797 2
      vertex 28.2632 10.985 2
    endloop
  endfacet
  facet normal 0 0 -1
    outer loop
      vertex 27.1037 10.0334 2
      vertex 28.2632 10.985 2
      vertex 27.308 9.80797 2
    endloop
  endfacet
  facet normal -0 0 -1
    outer loop
      vertex 28.2632 10.985 2
      vertex 27.1037 10.0334 2
      vertex 28.1696 11.1111 2
    endloop
  endfacet
  facet normal 0 0 -1
    outer loop
      vertex 26.9224 10.2777 2
      vertex 28.1696 11.1111 2
      vertex 27.1037 10.0334 2
    endloop
  endfacet
  facet normal 0 0 -1
    outer loop
      vertex 26.766 10.5387 2
      vertex 28.0889 11.2458 2
      vertex 26.9224 10.2777 2
    endloop
  endfacet
  facet normal -0 0 -1
    outer loop
      vertex 28.1696 11.1111 2
      vertex 26.9224 10.2777 2
      vertex 28.0889 11.2458 2
    endloop
  endfacet
  facet normal -0 0 -1
    outer loop
      vertex 32.234 13.4613 2
      vertex 30.9111 12.7542 2
      vertex 32.0776 13.7223 2
    endloop
  endfacet
  facet normal 0 0 -1
    outer loop
      vertex 30.8304 12.8889 2
      vertex 32.0776 13.7223 2
      vertex 30.9111 12.7542 2
    endloop
  endfacet
  facet normal -0 0 -1
    outer loop
      vertex 32.0776 13.7223 2
      vertex 30.8304 12.8889 2
      vertex 31.8963 13.9666 2
    endloop
  endfacet
  facet normal 0 0 -1
    outer loop
      vertex 30.7368 13.015 2
      vertex 31.8963 13.9666 2
      vertex 30.8304 12.8889 2
    endloop
  endfacet
  facet normal -0 0 -1
    outer loop
      vertex 31.8963 13.9666 2
      vertex 30.7368 13.015 2
      vertex 31.692 14.192 2
    endloop
  endfacet
  facet normal 0 0 -1
    outer loop
      vertex 30.6314 13.1314 2
      vertex 31.692 14.192 2
      vertex 30.7368 13.015 2
    endloop
  endfacet
  facet normal -0 0 -1
    outer loop
      vertex 31.692 14.192 2
      vertex 30.6314 13.1314 2
      vertex 31.4666 14.3963 2
    endloop
  endfacet
  facet normal 0 0 -1
    outer loop
      vertex 30.515 13.2368 2
      vertex 31.4666 14.3963 2
      vertex 30.6314 13.1314 2
    endloop
  endfacet
  facet normal -0 0 -1
    outer loop
      vertex 31.4666 14.3963 2
      vertex 30.515 13.2368 2
      vertex 31.2223 14.5776 2
    endloop
  endfacet
  facet normal 0 0 -1
    outer loop
      vertex 30.3889 13.3304 2
      vertex 31.2223 14.5776 2
      vertex 30.515 13.2368 2
    endloop
  endfacet
  facet normal -0 0 -1
    outer loop
      vertex 31.2223 14.5776 2
      vertex 30.3889 13.3304 2
      vertex 30.9613 14.734 2
    endloop
  endfacet
  facet normal 0 0 -1
    outer loop
      vertex 30.2542 13.4111 2
      vertex 30.9613 14.734 2
      vertex 30.3889 13.3304 2
    endloop
  endfacet
  facet normal -0 0 -1
    outer loop
      vertex 30.9613 14.734 2
      vertex 30.2542 13.4111 2
      vertex 30.6863 14.864 2
    endloop
  endfacet
  facet normal 0 0 -1
    outer loop
      vertex 30.1123 13.4782 2
      vertex 30.6863 14.864 2
      vertex 30.2542 13.4111 2
    endloop
  endfacet
  facet normal -0 0 -1
    outer loop
      vertex 30.6863 14.864 2
      vertex 30.1123 13.4782 2
      vertex 30.3999 14.9665 2
    endloop
  endfacet
  facet normal 0 0 -1
    outer loop
      vertex 29.9645 13.5311 2
      vertex 30.3999 14.9665 2
      vertex 30.1123 13.4782 2
    endloop
  endfacet
  facet normal -0 0 -1
    outer loop
      vertex 30.3999 14.9665 2
      vertex 29.9645 13.5311 2
      vertex 30.1048 15.0404 2
    endloop
  endfacet
  facet normal 0 0 -1
    outer loop
      vertex 29.8121 13.5693 2
      vertex 30.1048 15.0404 2
      vertex 29.9645 13.5311 2
    endloop
  endfacet
  facet normal 0 0 -1
    outer loop
      vertex 29.8121 13.5693 2
      vertex 29.8039 15.0851 2
      vertex 30.1048 15.0404 2
    endloop
  endfacet
  facet normal 0 0 -1
    outer loop
      vertex 29.6568 13.5923 2
      vertex 29.8039 15.0851 2
      vertex 29.8121 13.5693 2
    endloop
  endfacet
  facet normal 0 0 -1
    outer loop
      vertex 29.5 13.6 2
      vertex 29.8039 15.0851 2
      vertex 29.6568 13.5923 2
    endloop
  endfacet
  facet normal 0 0 -1
    outer loop
      vertex 29.5 13.6 2
      vertex 29.5 15.1 2
      vertex 29.8039 15.0851 2
    endloop
  endfacet
  facet normal 0 0 -1
    outer loop
      vertex 29.3432 13.5923 2
      vertex 29.5 15.1 2
      vertex 29.5 13.6 2
    endloop
  endfacet
  facet normal 0 0 -1
    outer loop
      vertex 29.3432 13.5923 2
      vertex 29.1961 15.0851 2
      vertex 29.5 15.1 2
    endloop
  endfacet
  facet normal 0 0 -1
    outer loop
      vertex 29.1879 13.5693 2
      vertex 29.1961 15.0851 2
      vertex 29.3432 13.5923 2
    endloop
  endfacet
  facet normal 0 0 -1
    outer loop
      vertex 28.8952 15.0404 2
      vertex 29.1879 13.5693 2
      vertex 29.0355 13.5311 2
    endloop
  endfacet
  facet normal 0 0 -1
    outer loop
      vertex 29.1879 13.5693 2
      vertex 28.8952 15.0404 2
      vertex 29.1961 15.0851 2
    endloop
  endfacet
  facet normal 0 0 -1
    outer loop
      vertex 28.6001 14.9665 2
      vertex 29.0355 13.5311 2
      vertex 28.8877 13.4782 2
    endloop
  endfacet
  facet normal 0 0 -1
    outer loop
      vertex 28.3137 14.864 2
      vertex 28.8877 13.4782 2
      vertex 28.7458 13.4111 2
    endloop
  endfacet
  facet normal 0 0 -1
    outer loop
      vertex 28.0387 14.734 2
      vertex 28.7458 13.4111 2
      vertex 28.6111 13.3304 2
    endloop
  endfacet
  facet normal 0 0 -1
    outer loop
      vertex 29.0355 13.5311 2
      vertex 28.6001 14.9665 2
      vertex 28.8952 15.0404 2
    endloop
  endfacet
  facet normal 0 0 -1
    outer loop
      vertex 27.7777 14.5776 2
      vertex 28.6111 13.3304 2
      vertex 28.485 13.2368 2
    endloop
  endfacet
  facet normal 0 0 -1
    outer loop
      vertex 27.5334 14.3963 2
      vertex 28.485 13.2368 2
      vertex 28.3686 13.1314 2
    endloop
  endfacet
  facet normal 0 0 -1
    outer loop
      vertex 28.8877 13.4782 2
      vertex 28.3137 14.864 2
      vertex 28.6001 14.9665 2
    endloop
  endfacet
  facet normal 0 0 -1
    outer loop
      vertex 27.308 14.192 2
      vertex 28.3686 13.1314 2
      vertex 28.2632 13.015 2
    endloop
  endfacet
  facet normal 0 0 -1
    outer loop
      vertex 27.1037 13.9666 2
      vertex 28.2632 13.015 2
      vertex 28.1696 12.8889 2
    endloop
  endfacet
  facet normal 0 0 -1
    outer loop
      vertex 26.9224 13.7223 2
      vertex 28.1696 12.8889 2
      vertex 28.0889 12.7542 2
    endloop
  endfacet
  facet normal 0 0 -1
    outer loop
      vertex 28.7458 13.4111 2
      vertex 28.0387 14.734 2
      vertex 28.3137 14.864 2
    endloop
  endfacet
  facet normal 0 0 -1
    outer loop
      vertex 26.766 13.4613 2
      vertex 28.0889 12.7542 2
      vertex 28.0218 12.6123 2
    endloop
  endfacet
  facet normal 0 0 -1
    outer loop
      vertex 26.636 13.1863 2
      vertex 28.0218 12.6123 2
      vertex 27.9689 12.4645 2
    endloop
  endfacet
  facet normal 0 0 -1
    outer loop
      vertex 26.5335 12.8999 2
      vertex 27.9689 12.4645 2
      vertex 27.9307 12.3121 2
    endloop
  endfacet
  facet normal 0 0 -1
    outer loop
      vertex 26.4596 12.6048 2
      vertex 27.9307 12.3121 2
      vertex 27.9077 12.1568 2
    endloop
  endfacet
  facet normal 0 0 -1
    outer loop
      vertex 28.6111 13.3304 2
      vertex 27.7777 14.5776 2
      vertex 28.0387 14.734 2
    endloop
  endfacet
  facet normal 0 0 -1
    outer loop
      vertex 26.4149 12.3039 2
      vertex 27.9077 12.1568 2
      vertex 27.9 12 2
    endloop
  endfacet
  facet normal -0 0 -1
    outer loop
      vertex 28.0889 11.2458 2
      vertex 26.766 10.5387 2
      vertex 28.0218 11.3877 2
    endloop
  endfacet
  facet normal 0 0 -1
    outer loop
      vertex 26.636 10.8137 2
      vertex 28.0218 11.3877 2
      vertex 26.766 10.5387 2
    endloop
  endfacet
  facet normal 0 0 -1
    outer loop
      vertex 28.485 13.2368 2
      vertex 27.5334 14.3963 2
      vertex 27.7777 14.5776 2
    endloop
  endfacet
  facet normal -0 0 -1
    outer loop
      vertex 28.0218 11.3877 2
      vertex 26.636 10.8137 2
      vertex 27.9689 11.5355 2
    endloop
  endfacet
  facet normal 0 0 -1
    outer loop
      vertex 28.3686 13.1314 2
      vertex 27.308 14.192 2
      vertex 27.5334 14.3963 2
    endloop
  endfacet
  facet normal 0 0 -1
    outer loop
      vertex 26.5335 11.1001 2
      vertex 27.9689 11.5355 2
      vertex 26.636 10.8137 2
    endloop
  endfacet
  facet normal 0 0 -1
    outer loop
      vertex 28.2632 13.015 2
      vertex 27.1037 13.9666 2
      vertex 27.308 14.192 2
    endloop
  endfacet
  facet normal -0 0 -1
    outer loop
      vertex 27.9689 11.5355 2
      vertex 26.5335 11.1001 2
      vertex 27.9307 11.6879 2
    endloop
  endfacet
  facet normal 0 0 -1
    outer loop
      vertex 28.1696 12.8889 2
      vertex 26.9224 13.7223 2
      vertex 27.1037 13.9666 2
    endloop
  endfacet
  facet normal 0 0 -1
    outer loop
      vertex 26.4596 11.3952 2
      vertex 27.9307 11.6879 2
      vertex 26.5335 11.1001 2
    endloop
  endfacet
  facet normal 0 0 -1
    outer loop
      vertex 28.0889 12.7542 2
      vertex 26.766 13.4613 2
      vertex 26.9224 13.7223 2
    endloop
  endfacet
  facet normal -0 0 -1
    outer loop
      vertex 27.9307 11.6879 2
      vertex 26.4596 11.3952 2
      vertex 27.9077 11.8432 2
    endloop
  endfacet
  facet normal 0 0 -1
    outer loop
      vertex 28.0218 12.6123 2
      vertex 26.636 13.1863 2
      vertex 26.766 13.4613 2
    endloop
  endfacet
  facet normal 0 0 -1
    outer loop
      vertex 26.4149 11.6961 2
      vertex 27.9077 11.8432 2
      vertex 26.4596 11.3952 2
    endloop
  endfacet
  facet normal 0 0 -1
    outer loop
      vertex 27.9689 12.4645 2
      vertex 26.5335 12.8999 2
      vertex 26.636 13.1863 2
    endloop
  endfacet
  facet normal -0 0 -1
    outer loop
      vertex 27.9077 11.8432 2
      vertex 26.4149 11.6961 2
      vertex 27.9 12 2
    endloop
  endfacet
  facet normal 0 0 -1
    outer loop
      vertex 27.9307 12.3121 2
      vertex 26.4596 12.6048 2
      vertex 26.5335 12.8999 2
    endloop
  endfacet
  facet normal 0 0 -1
    outer loop
      vertex 26.4 12 2
      vertex 27.9 12 2
      vertex 26.4149 11.6961 2
    endloop
  endfacet
  facet normal 0 0 -1
    outer loop
      vertex 27.9077 12.1568 2
      vertex 26.4149 12.3039 2
      vertex 26.4596 12.6048 2
    endloop
  endfacet
  facet normal 0 0 -1
    outer loop
      vertex 27.9 12 2
      vertex 26.4 12 2
      vertex 26.4149 12.3039 2
    endloop
  endfacet
  facet normal -0.671576 -0.740936 0
    outer loop
      vertex 31.4666 14.3963 0.0213881
      vertex 31.692 14.192 2
      vertex 31.4666 14.3963 2
    endloop
  endfacet
  facet normal -0.671576 -0.740936 -0
    outer loop
      vertex 31.692 14.192 2
      vertex 31.4666 14.3963 0.0213881
      vertex 31.692 14.192 0.0213881
    endloop
  endfacet
  facet normal 0.336961 -0.941519 0
    outer loop
      vertex 28.3137 14.864 0.0213881
      vertex 28.6001 14.9665 2
      vertex 28.3137 14.864 2
    endloop
  endfacet
  facet normal 0.336961 -0.941519 0
    outer loop
      vertex 28.6001 14.9665 2
      vertex 28.3137 14.864 0.0213881
      vertex 28.6001 14.9665 0.0213881
    endloop
  endfacet
  facet normal -0.42738 -0.904072 0
    outer loop
      vertex 30.6863 14.864 0.0213881
      vertex 30.9613 14.734 2
      vertex 30.6863 14.864 2
    endloop
  endfacet
  facet normal -0.42738 -0.904072 -0
    outer loop
      vertex 30.9613 14.734 2
      vertex 30.6863 14.864 0.0213881
      vertex 30.9613 14.734 0.0213881
    endloop
  endfacet
  facet normal 0.9988 -0.0489705 0
    outer loop
      vertex 26.4 12 2
      vertex 26.4149 12.3039 0.0213881
      vertex 26.4149 12.3039 2
    endloop
  endfacet
  facet normal 0.9988 -0.0489705 0
    outer loop
      vertex 26.4149 12.3039 0.0213881
      vertex 26.4 12 2
      vertex 26.4 12 0.0213881
    endloop
  endfacet
  facet normal -0.803027 -0.595943 0
    outer loop
      vertex 32.0776 13.7223 0.0213881
      vertex 31.8963 13.9666 2
      vertex 31.8963 13.9666 0.0213881
    endloop
  endfacet
  facet normal -0.803027 -0.595943 0
    outer loop
      vertex 31.8963 13.9666 2
      vertex 32.0776 13.7223 0.0213881
      vertex 32.0776 13.7223 2
    endloop
  endfacet
  facet normal -0.0489705 -0.9988 0
    outer loop
      vertex 29.5 15.1 0.0213881
      vertex 29.8039 15.0851 2
      vertex 29.5 15.1 2
    endloop
  endfacet
  facet normal -0.0489705 -0.9988 -0
    outer loop
      vertex 29.8039 15.0851 2
      vertex 29.5 15.1 0.0213881
      vertex 29.8039 15.0851 0.0213881
    endloop
  endfacet
  facet normal 0.671576 -0.740936 0
    outer loop
      vertex 27.308 14.192 0.0213881
      vertex 27.5334 14.3963 2
      vertex 27.308 14.192 2
    endloop
  endfacet
  facet normal 0.671576 -0.740936 0
    outer loop
      vertex 27.5334 14.3963 2
      vertex 27.308 14.192 0.0213881
      vertex 27.5334 14.3963 0.0213881
    endloop
  endfacet
  facet normal -0.336903 0.941539 0
    outer loop
      vertex 30.6863 9.13597 0.0213881
      vertex 30.3999 9.03349 2
      vertex 30.6863 9.13597 2
    endloop
  endfacet
  facet normal -0.336903 0.941539 0
    outer loop
      vertex 30.3999 9.03349 2
      vertex 30.6863 9.13597 0.0213881
      vertex 30.3999 9.03349 0.0213881
    endloop
  endfacet
  facet normal -0.740936 -0.671576 0
    outer loop
      vertex 31.8963 13.9666 0.0213881
      vertex 31.692 14.192 2
      vertex 31.692 14.192 0.0213881
    endloop
  endfacet
  facet normal -0.740936 -0.671576 0
    outer loop
      vertex 31.692 14.192 2
      vertex 31.8963 13.9666 0.0213881
      vertex 31.8963 13.9666 2
    endloop
  endfacet
  facet normal 0.242984 0.97003 -0
    outer loop
      vertex 28.8952 8.95957 0.0213881
      vertex 28.6001 9.03349 2
      vertex 28.8952 8.95957 2
    endloop
  endfacet
  facet normal 0.242984 0.97003 0
    outer loop
      vertex 28.6001 9.03349 2
      vertex 28.8952 8.95957 0.0213881
      vertex 28.6001 9.03349 0.0213881
    endloop
  endfacet
  facet normal -0.904072 -0.42738 0
    outer loop
      vertex 32.364 13.1863 0.0213881
      vertex 32.234 13.4613 2
      vertex 32.234 13.4613 0.0213881
    endloop
  endfacet
  facet normal -0.904072 -0.42738 0
    outer loop
      vertex 32.234 13.4613 2
      vertex 32.364 13.1863 0.0213881
      vertex 32.364 13.1863 2
    endloop
  endfacet
  facet normal -0.857783 0.514012 0
    outer loop
      vertex 32.0776 10.2777 0.0213881
      vertex 32.234 10.5387 2
      vertex 32.234 10.5387 0.0213881
    endloop
  endfacet
  facet normal -0.857783 0.514012 0
    outer loop
      vertex 32.234 10.5387 2
      vertex 32.0776 10.2777 0.0213881
      vertex 32.0776 10.2777 2
    endloop
  endfacet
  facet normal -0.336961 -0.941519 0
    outer loop
      vertex 30.3999 14.9665 0.0213881
      vertex 30.6863 14.864 2
      vertex 30.3999 14.9665 2
    endloop
  endfacet
  facet normal -0.336961 -0.941519 -0
    outer loop
      vertex 30.6863 14.864 2
      vertex 30.3999 14.9665 0.0213881
      vertex 30.6863 14.864 0.0213881
    endloop
  endfacet
  facet normal 0.242922 -0.970046 0
    outer loop
      vertex 28.6001 14.9665 0.0213881
      vertex 28.8952 15.0404 2
      vertex 28.6001 14.9665 2
    endloop
  endfacet
  facet normal 0.242922 -0.970046 0
    outer loop
      vertex 28.8952 15.0404 2
      vertex 28.6001 14.9665 0.0213881
      vertex 28.8952 15.0404 0.0213881
    endloop
  endfacet
  facet normal 0.514012 -0.857783 0
    outer loop
      vertex 27.7777 14.5776 0.0213881
      vertex 28.0387 14.734 2
      vertex 27.7777 14.5776 2
    endloop
  endfacet
  facet normal 0.514012 -0.857783 0
    outer loop
      vertex 28.0387 14.734 2
      vertex 27.7777 14.5776 0.0213881
      vertex 28.0387 14.734 0.0213881
    endloop
  endfacet
  facet normal -0.857783 -0.514012 0
    outer loop
      vertex 32.234 13.4613 0.0213881
      vertex 32.0776 13.7223 2
      vertex 32.0776 13.7223 0.0213881
    endloop
  endfacet
  facet normal -0.857783 -0.514012 0
    outer loop
      vertex 32.0776 13.7223 2
      vertex 32.234 13.4613 0.0213881
      vertex 32.234 13.4613 2
    endloop
  endfacet
  facet normal 0.970046 -0.242922 0
    outer loop
      vertex 26.4596 12.6048 2
      vertex 26.5335 12.8999 0.0213881
      vertex 26.5335 12.8999 2
    endloop
  endfacet
  facet normal 0.970046 -0.242922 0
    outer loop
      vertex 26.5335 12.8999 0.0213881
      vertex 26.4596 12.6048 2
      vertex 26.4596 12.6048 0.0213881
    endloop
  endfacet
  facet normal 0.146942 -0.989145 0
    outer loop
      vertex 28.8952 15.0404 0.0213881
      vertex 29.1961 15.0851 2
      vertex 28.8952 15.0404 2
    endloop
  endfacet
  facet normal 0.146942 -0.989145 0
    outer loop
      vertex 29.1961 15.0851 2
      vertex 28.8952 15.0404 0.0213881
      vertex 29.1961 15.0851 0.0213881
    endloop
  endfacet
  facet normal 0.904072 0.42738 0
    outer loop
      vertex 26.766 10.5387 2
      vertex 26.636 10.8137 0.0213881
      vertex 26.636 10.8137 2
    endloop
  endfacet
  facet normal 0.904072 0.42738 0
    outer loop
      vertex 26.636 10.8137 0.0213881
      vertex 26.766 10.5387 2
      vertex 26.766 10.5387 0.0213881
    endloop
  endfacet
  facet normal 0.146749 0.989174 -0
    outer loop
      vertex 29.1961 8.91493 0.0213881
      vertex 28.8952 8.95957 2
      vertex 29.1961 8.91493 2
    endloop
  endfacet
  facet normal 0.146749 0.989174 0
    outer loop
      vertex 28.8952 8.95957 2
      vertex 29.1961 8.91493 0.0213881
      vertex 28.8952 8.95957 0.0213881
    endloop
  endfacet
  facet normal -0.146749 0.989174 0
    outer loop
      vertex 30.1048 8.95957 0.0213881
      vertex 29.8039 8.91493 2
      vertex 30.1048 8.95957 2
    endloop
  endfacet
  facet normal -0.146749 0.989174 0
    outer loop
      vertex 29.8039 8.91493 2
      vertex 30.1048 8.95957 0.0213881
      vertex 29.8039 8.91493 0.0213881
    endloop
  endfacet
  facet normal 0.336903 0.941539 -0
    outer loop
      vertex 28.6001 9.03349 0.0213881
      vertex 28.3137 9.13597 2
      vertex 28.6001 9.03349 2
    endloop
  endfacet
  facet normal 0.336903 0.941539 0
    outer loop
      vertex 28.3137 9.13597 2
      vertex 28.6001 9.03349 0.0213881
      vertex 28.3137 9.13597 0.0213881
    endloop
  endfacet
  facet normal 0.671576 0.740936 -0
    outer loop
      vertex 27.5334 9.60367 0.0213881
      vertex 27.308 9.80797 2
      vertex 27.5334 9.60367 2
    endloop
  endfacet
  facet normal 0.671576 0.740936 0
    outer loop
      vertex 27.308 9.80797 2
      vertex 27.5334 9.60367 0.0213881
      vertex 27.308 9.80797 0.0213881
    endloop
  endfacet
  facet normal -0.671576 0.740936 0
    outer loop
      vertex 31.692 9.80797 0.0213881
      vertex 31.4666 9.60367 2
      vertex 31.692 9.80797 2
    endloop
  endfacet
  facet normal -0.671576 0.740936 0
    outer loop
      vertex 31.4666 9.60367 2
      vertex 31.692 9.80797 0.0213881
      vertex 31.4666 9.60367 0.0213881
    endloop
  endfacet
  facet normal 0.970046 0.242922 0
    outer loop
      vertex 26.5335 11.1001 2
      vertex 26.4596 11.3952 0.0213881
      vertex 26.4596 11.3952 2
    endloop
  endfacet
  facet normal 0.970046 0.242922 0
    outer loop
      vertex 26.4596 11.3952 0.0213881
      vertex 26.5335 11.1001 2
      vertex 26.5335 11.1001 0.0213881
    endloop
  endfacet
  facet normal 0.74098 0.671527 0
    outer loop
      vertex 27.308 9.80797 2
      vertex 27.1037 10.0334 0.0213881
      vertex 27.1037 10.0334 2
    endloop
  endfacet
  facet normal 0.74098 0.671527 0
    outer loop
      vertex 27.1037 10.0334 0.0213881
      vertex 27.308 9.80797 2
      vertex 27.308 9.80797 0.0213881
    endloop
  endfacet
  facet normal 0.989145 -0.146942 0
    outer loop
      vertex 26.4149 12.3039 2
      vertex 26.4596 12.6048 0.0213881
      vertex 26.4596 12.6048 2
    endloop
  endfacet
  facet normal 0.989145 -0.146942 0
    outer loop
      vertex 26.4596 12.6048 0.0213881
      vertex 26.4149 12.3039 2
      vertex 26.4149 12.3039 0.0213881
    endloop
  endfacet
  facet normal -0.242922 -0.970046 0
    outer loop
      vertex 30.1048 15.0404 0.0213881
      vertex 30.3999 14.9665 2
      vertex 30.1048 15.0404 2
    endloop
  endfacet
  facet normal -0.242922 -0.970046 -0
    outer loop
      vertex 30.3999 14.9665 2
      vertex 30.1048 15.0404 0.0213881
      vertex 30.3999 14.9665 0.0213881
    endloop
  endfacet
  facet normal 0.9988 0.0489705 0
    outer loop
      vertex 26.4149 11.6961 2
      vertex 26.4 12 0.0213881
      vertex 26.4 12 2
    endloop
  endfacet
  facet normal 0.9988 0.0489705 0
    outer loop
      vertex 26.4 12 0.0213881
      vertex 26.4149 11.6961 2
      vertex 26.4149 11.6961 0.0213881
    endloop
  endfacet
  facet normal 0.941519 -0.336961 0
    outer loop
      vertex 26.5335 12.8999 2
      vertex 26.636 13.1863 0.0213881
      vertex 26.636 13.1863 2
    endloop
  endfacet
  facet normal 0.941519 -0.336961 0
    outer loop
      vertex 26.636 13.1863 0.0213881
      vertex 26.5335 12.8999 2
      vertex 26.5335 12.8999 0.0213881
    endloop
  endfacet
  facet normal -0.595794 0.803137 0
    outer loop
      vertex 31.4666 9.60367 0.0213881
      vertex 31.2223 9.42244 2
      vertex 31.4666 9.60367 2
    endloop
  endfacet
  facet normal -0.595794 0.803137 0
    outer loop
      vertex 31.2223 9.42244 2
      vertex 31.4666 9.60367 0.0213881
      vertex 31.2223 9.42244 0.0213881
    endloop
  endfacet
  facet normal 0.803027 -0.595943 0
    outer loop
      vertex 26.9224 13.7223 2
      vertex 27.1037 13.9666 0.0213881
      vertex 27.1037 13.9666 2
    endloop
  endfacet
  facet normal 0.803027 -0.595943 0
    outer loop
      vertex 27.1037 13.9666 0.0213881
      vertex 26.9224 13.7223 2
      vertex 26.9224 13.7223 0.0213881
    endloop
  endfacet
  facet normal 0.514012 0.857783 -0
    outer loop
      vertex 28.0387 9.26604 0.0213881
      vertex 27.7777 9.42244 2
      vertex 28.0387 9.26604 2
    endloop
  endfacet
  facet normal 0.514012 0.857783 0
    outer loop
      vertex 27.7777 9.42244 2
      vertex 28.0387 9.26604 0.0213881
      vertex 27.7777 9.42244 0.0213881
    endloop
  endfacet
  facet normal 0.904072 -0.42738 0
    outer loop
      vertex 26.636 13.1863 2
      vertex 26.766 13.4613 0.0213881
      vertex 26.766 13.4613 2
    endloop
  endfacet
  facet normal 0.904072 -0.42738 0
    outer loop
      vertex 26.766 13.4613 0.0213881
      vertex 26.636 13.1863 2
      vertex 26.636 13.1863 0.0213881
    endloop
  endfacet
  facet normal -0.904072 0.42738 0
    outer loop
      vertex 32.234 10.5387 0.0213881
      vertex 32.364 10.8137 2
      vertex 32.364 10.8137 0.0213881
    endloop
  endfacet
  facet normal -0.904072 0.42738 0
    outer loop
      vertex 32.364 10.8137 2
      vertex 32.234 10.5387 0.0213881
      vertex 32.234 10.5387 2
    endloop
  endfacet
  facet normal 0.0490688 0.998795 -0
    outer loop
      vertex 29.5 8.9 0.0213881
      vertex 29.1961 8.91493 2
      vertex 29.5 8.9 2
    endloop
  endfacet
  facet normal 0.0490688 0.998795 0
    outer loop
      vertex 29.1961 8.91493 2
      vertex 29.5 8.9 0.0213881
      vertex 29.1961 8.91493 0.0213881
    endloop
  endfacet
  facet normal -0.146942 -0.989145 0
    outer loop
      vertex 29.8039 15.0851 0.0213881
      vertex 30.1048 15.0404 2
      vertex 29.8039 15.0851 2
    endloop
  endfacet
  facet normal -0.146942 -0.989145 -0
    outer loop
      vertex 30.1048 15.0404 2
      vertex 29.8039 15.0851 0.0213881
      vertex 30.1048 15.0404 0.0213881
    endloop
  endfacet
  facet normal 0.427568 0.903983 -0
    outer loop
      vertex 28.3137 9.13597 0.0213881
      vertex 28.0387 9.26604 2
      vertex 28.3137 9.13597 2
    endloop
  endfacet
  facet normal 0.427568 0.903983 0
    outer loop
      vertex 28.0387 9.26604 2
      vertex 28.3137 9.13597 0.0213881
      vertex 28.0387 9.26604 0.0213881
    endloop
  endfacet
  facet normal 0.740936 -0.671576 0
    outer loop
      vertex 27.1037 13.9666 2
      vertex 27.308 14.192 0.0213881
      vertex 27.308 14.192 2
    endloop
  endfacet
  facet normal 0.740936 -0.671576 0
    outer loop
      vertex 27.308 14.192 0.0213881
      vertex 27.1037 13.9666 2
      vertex 27.1037 13.9666 0.0213881
    endloop
  endfacet
  facet normal -0.969993 0.243135 0
    outer loop
      vertex 31.0311 73.5355 2
      vertex 31.0693 73.6879 7
      vertex 31.0693 73.6879 2
    endloop
  endfacet
  facet normal -0.969993 0.243135 0
    outer loop
      vertex 31.0693 73.6879 7
      vertex 31.0311 73.5355 2
      vertex 31.0311 73.5355 7
    endloop
  endfacet
  facet normal -0.741264 -0.671213 0
    outer loop
      vertex 30.7368 75.015 2
      vertex 30.6314 75.1314 7
      vertex 30.6314 75.1314 2
    endloop
  endfacet
  facet normal -0.741264 -0.671213 0
    outer loop
      vertex 30.6314 75.1314 7
      vertex 30.7368 75.015 2
      vertex 30.7368 75.015 7
    endloop
  endfacet
  facet normal -0.049048 0.998796 0
    outer loop
      vertex 29.6568 72.4077 2
      vertex 29.5 72.4 7
      vertex 29.6568 72.4077 7
    endloop
  endfacet
  facet normal -0.049048 0.998796 0
    outer loop
      vertex 29.5 72.4 7
      vertex 29.6568 72.4077 2
      vertex 29.5 72.4 2
    endloop
  endfacet
  facet normal 0.049048 -0.998796 0
    outer loop
      vertex 29.3432 75.5923 2
      vertex 29.5 75.6 7
      vertex 29.3432 75.5923 7
    endloop
  endfacet
  facet normal 0.049048 -0.998796 0
    outer loop
      vertex 29.5 75.6 7
      vertex 29.3432 75.5923 2
      vertex 29.5 75.6 2
    endloop
  endfacet
  facet normal 0.969993 -0.243135 0
    outer loop
      vertex 27.9307 74.3121 7
      vertex 27.9689 74.4645 2
      vertex 27.9689 74.4645 7
    endloop
  endfacet
  facet normal 0.969993 -0.243135 0
    outer loop
      vertex 27.9689 74.4645 2
      vertex 27.9307 74.3121 7
      vertex 27.9307 74.3121 2
    endloop
  endfacet
  facet normal 0.741264 -0.671213 0
    outer loop
      vertex 28.2632 75.015 7
      vertex 28.3686 75.1314 2
      vertex 28.3686 75.1314 7
    endloop
  endfacet
  facet normal 0.741264 -0.671213 0
    outer loop
      vertex 28.3686 75.1314 2
      vertex 28.2632 75.015 7
      vertex 28.2632 75.015 2
    endloop
  endfacet
  facet normal -0.904023 0.427484 0
    outer loop
      vertex 30.9111 73.2458 2
      vertex 30.9782 73.3877 7
      vertex 30.9782 73.3877 2
    endloop
  endfacet
  facet normal -0.904023 0.427484 0
    outer loop
      vertex 30.9782 73.3877 7
      vertex 30.9111 73.2458 2
      vertex 30.9111 73.2458 7
    endloop
  endfacet
  facet normal -0.427484 0.904023 0
    outer loop
      vertex 30.2542 72.5889 2
      vertex 30.1123 72.5218 7
      vertex 30.2542 72.5889 7
    endloop
  endfacet
  facet normal -0.427484 0.904023 0
    outer loop
      vertex 30.1123 72.5218 7
      vertex 30.2542 72.5889 2
      vertex 30.1123 72.5218 2
    endloop
  endfacet
  facet normal 0.146502 0.98921 -0
    outer loop
      vertex 29.3432 72.4077 2
      vertex 29.1879 72.4307 7
      vertex 29.3432 72.4077 7
    endloop
  endfacet
  facet normal 0.146502 0.98921 0
    outer loop
      vertex 29.1879 72.4307 7
      vertex 29.3432 72.4077 2
      vertex 29.1879 72.4307 2
    endloop
  endfacet
  facet normal -0.941511 -0.336982 0
    outer loop
      vertex 31.0311 74.4645 2
      vertex 30.9782 74.6123 7
      vertex 30.9782 74.6123 2
    endloop
  endfacet
  facet normal -0.941511 -0.336982 0
    outer loop
      vertex 30.9782 74.6123 7
      vertex 31.0311 74.4645 2
      vertex 31.0311 74.4645 7
    endloop
  endfacet
  facet normal -0.998796 0.049048 0
    outer loop
      vertex 31.0923 73.8432 2
      vertex 31.1 74 7
      vertex 31.1 74 2
    endloop
  endfacet
  facet normal -0.998796 0.049048 0
    outer loop
      vertex 31.1 74 7
      vertex 31.0923 73.8432 2
      vertex 31.0923 73.8432 7
    endloop
  endfacet
  facet normal 0.941511 -0.336982 0
    outer loop
      vertex 27.9689 74.4645 7
      vertex 28.0218 74.6123 2
      vertex 28.0218 74.6123 7
    endloop
  endfacet
  facet normal 0.941511 -0.336982 0
    outer loop
      vertex 28.0218 74.6123 2
      vertex 27.9689 74.4645 7
      vertex 27.9689 74.4645 2
    endloop
  endfacet
  facet normal -0.049048 -0.998796 0
    outer loop
      vertex 29.5 75.6 2
      vertex 29.6568 75.5923 7
      vertex 29.5 75.6 7
    endloop
  endfacet
  facet normal -0.049048 -0.998796 -0
    outer loop
      vertex 29.6568 75.5923 7
      vertex 29.5 75.6 2
      vertex 29.6568 75.5923 2
    endloop
  endfacet
  facet normal -0.513934 -0.85783 0
    outer loop
      vertex 30.2542 75.4111 2
      vertex 30.3889 75.3304 7
      vertex 30.2542 75.4111 7
    endloop
  endfacet
  facet normal -0.513934 -0.85783 -0
    outer loop
      vertex 30.3889 75.3304 7
      vertex 30.2542 75.4111 2
      vertex 30.3889 75.3304 2
    endloop
  endfacet
  facet normal 0.98921 0.146502 0
    outer loop
      vertex 27.9307 73.6879 7
      vertex 27.9077 73.8432 2
      vertex 27.9077 73.8432 7
    endloop
  endfacet
  facet normal 0.98921 0.146502 0
    outer loop
      vertex 27.9077 73.8432 2
      vertex 27.9307 73.6879 7
      vertex 27.9307 73.6879 2
    endloop
  endfacet
  facet normal -0.98921 -0.146502 0
    outer loop
      vertex 31.0923 74.1568 2
      vertex 31.0693 74.3121 7
      vertex 31.0693 74.3121 2
    endloop
  endfacet
  facet normal -0.98921 -0.146502 0
    outer loop
      vertex 31.0693 74.3121 7
      vertex 31.0923 74.1568 2
      vertex 31.0923 74.1568 7
    endloop
  endfacet
  facet normal 0.427484 -0.904023 0
    outer loop
      vertex 28.7458 75.4111 2
      vertex 28.8877 75.4782 7
      vertex 28.7458 75.4111 7
    endloop
  endfacet
  facet normal 0.427484 -0.904023 0
    outer loop
      vertex 28.8877 75.4782 7
      vertex 28.7458 75.4111 2
      vertex 28.8877 75.4782 2
    endloop
  endfacet
  facet normal -0.998796 -0.049048 0
    outer loop
      vertex 31.1 74 2
      vertex 31.0923 74.1568 7
      vertex 31.0923 74.1568 2
    endloop
  endfacet
  facet normal -0.998796 -0.049048 0
    outer loop
      vertex 31.0923 74.1568 7
      vertex 31.1 74 2
      vertex 31.1 74 7
    endloop
  endfacet
  facet normal -0.513934 0.85783 0
    outer loop
      vertex 30.3889 72.6696 2
      vertex 30.2542 72.5889 7
      vertex 30.3889 72.6696 7
    endloop
  endfacet
  facet normal -0.513934 0.85783 0
    outer loop
      vertex 30.2542 72.5889 7
      vertex 30.3889 72.6696 2
      vertex 30.2542 72.5889 2
    endloop
  endfacet
  facet normal -0.741264 0.671213 0
    outer loop
      vertex 30.6314 72.8686 2
      vertex 30.7368 72.985 7
      vertex 30.7368 72.985 2
    endloop
  endfacet
  facet normal -0.741264 0.671213 0
    outer loop
      vertex 30.7368 72.985 7
      vertex 30.6314 72.8686 2
      vertex 30.6314 72.8686 7
    endloop
  endfacet
  facet normal 0.336982 -0.941511 0
    outer loop
      vertex 28.8877 75.4782 2
      vertex 29.0355 75.5311 7
      vertex 28.8877 75.4782 7
    endloop
  endfacet
  facet normal 0.336982 -0.941511 0
    outer loop
      vertex 29.0355 75.5311 7
      vertex 28.8877 75.4782 2
      vertex 29.0355 75.5311 2
    endloop
  endfacet
  facet normal 0.998796 0.049048 0
    outer loop
      vertex 27.9077 73.8432 7
      vertex 27.9 74 2
      vertex 27.9 74 7
    endloop
  endfacet
  facet normal 0.998796 0.049048 0
    outer loop
      vertex 27.9 74 2
      vertex 27.9077 73.8432 7
      vertex 27.9077 73.8432 2
    endloop
  endfacet
  facet normal 0.85783 -0.513934 0
    outer loop
      vertex 28.0889 74.7542 7
      vertex 28.1696 74.8889 2
      vertex 28.1696 74.8889 7
    endloop
  endfacet
  facet normal 0.85783 -0.513934 0
    outer loop
      vertex 28.1696 74.8889 2
      vertex 28.0889 74.7542 7
      vertex 28.0889 74.7542 2
    endloop
  endfacet
  facet normal -0.941511 0.336982 0
    outer loop
      vertex 30.9782 73.3877 2
      vertex 31.0311 73.5355 7
      vertex 31.0311 73.5355 2
    endloop
  endfacet
  facet normal -0.941511 0.336982 0
    outer loop
      vertex 31.0311 73.5355 7
      vertex 30.9782 73.3877 2
      vertex 30.9782 73.3877 7
    endloop
  endfacet
  facet normal -0.969993 -0.243135 0
    outer loop
      vertex 31.0693 74.3121 2
      vertex 31.0311 74.4645 7
      vertex 31.0311 74.4645 2
    endloop
  endfacet
  facet normal -0.969993 -0.243135 0
    outer loop
      vertex 31.0311 74.4645 7
      vertex 31.0693 74.3121 2
      vertex 31.0693 74.3121 7
    endloop
  endfacet
  facet normal -0.146502 -0.98921 0
    outer loop
      vertex 29.6568 75.5923 2
      vertex 29.8121 75.5693 7
      vertex 29.6568 75.5923 7
    endloop
  endfacet
  facet normal -0.146502 -0.98921 -0
    outer loop
      vertex 29.8121 75.5693 7
      vertex 29.6568 75.5923 2
      vertex 29.8121 75.5693 2
    endloop
  endfacet
  facet normal -0.243135 0.969993 0
    outer loop
      vertex 29.9645 72.4689 2
      vertex 29.8121 72.4307 7
      vertex 29.9645 72.4689 7
    endloop
  endfacet
  facet normal -0.243135 0.969993 0
    outer loop
      vertex 29.8121 72.4307 7
      vertex 29.9645 72.4689 2
      vertex 29.8121 72.4307 2
    endloop
  endfacet
  facet normal -0.596019 -0.80297 0
    outer loop
      vertex 30.3889 75.3304 2
      vertex 30.515 75.2368 7
      vertex 30.3889 75.3304 7
    endloop
  endfacet
  facet normal -0.596019 -0.80297 -0
    outer loop
      vertex 30.515 75.2368 7
      vertex 30.3889 75.3304 2
      vertex 30.515 75.2368 2
    endloop
  endfacet
  facet normal 0.243135 -0.969993 0
    outer loop
      vertex 29.0355 75.5311 2
      vertex 29.1879 75.5693 7
      vertex 29.0355 75.5311 7
    endloop
  endfacet
  facet normal 0.243135 -0.969993 0
    outer loop
      vertex 29.1879 75.5693 7
      vertex 29.0355 75.5311 2
      vertex 29.1879 75.5693 2
    endloop
  endfacet
  facet normal 0.596019 0.80297 -0
    outer loop
      vertex 28.6111 72.6696 2
      vertex 28.485 72.7632 7
      vertex 28.6111 72.6696 7
    endloop
  endfacet
  facet normal 0.596019 0.80297 0
    outer loop
      vertex 28.485 72.7632 7
      vertex 28.6111 72.6696 2
      vertex 28.485 72.7632 2
    endloop
  endfacet
  facet normal 0.969993 0.243135 0
    outer loop
      vertex 27.9689 73.5355 7
      vertex 27.9307 73.6879 2
      vertex 27.9307 73.6879 7
    endloop
  endfacet
  facet normal 0.969993 0.243135 0
    outer loop
      vertex 27.9307 73.6879 2
      vertex 27.9689 73.5355 7
      vertex 27.9689 73.5355 2
    endloop
  endfacet
  facet normal -0.427484 -0.904023 0
    outer loop
      vertex 30.1123 75.4782 2
      vertex 30.2542 75.4111 7
      vertex 30.1123 75.4782 7
    endloop
  endfacet
  facet normal -0.427484 -0.904023 -0
    outer loop
      vertex 30.2542 75.4111 7
      vertex 30.1123 75.4782 2
      vertex 30.2542 75.4111 2
    endloop
  endfacet
  facet normal 0.80297 -0.596019 0
    outer loop
      vertex 28.1696 74.8889 7
      vertex 28.2632 75.015 2
      vertex 28.2632 75.015 7
    endloop
  endfacet
  facet normal 0.80297 -0.596019 0
    outer loop
      vertex 28.2632 75.015 2
      vertex 28.1696 74.8889 7
      vertex 28.1696 74.8889 2
    endloop
  endfacet
  facet normal -0.85783 -0.513934 0
    outer loop
      vertex 30.9111 74.7542 2
      vertex 30.8304 74.8889 7
      vertex 30.8304 74.8889 2
    endloop
  endfacet
  facet normal -0.85783 -0.513934 0
    outer loop
      vertex 30.8304 74.8889 7
      vertex 30.9111 74.7542 2
      vertex 30.9111 74.7542 7
    endloop
  endfacet
  facet normal 0.596019 -0.80297 0
    outer loop
      vertex 28.485 75.2368 2
      vertex 28.6111 75.3304 7
      vertex 28.485 75.2368 7
    endloop
  endfacet
  facet normal 0.596019 -0.80297 0
    outer loop
      vertex 28.6111 75.3304 7
      vertex 28.485 75.2368 2
      vertex 28.6111 75.3304 2
    endloop
  endfacet
  facet normal 0.513934 0.85783 -0
    outer loop
      vertex 28.7458 72.5889 2
      vertex 28.6111 72.6696 7
      vertex 28.7458 72.5889 7
    endloop
  endfacet
  facet normal 0.513934 0.85783 0
    outer loop
      vertex 28.6111 72.6696 7
      vertex 28.7458 72.5889 2
      vertex 28.6111 72.6696 2
    endloop
  endfacet
  facet normal -0.146502 0.98921 0
    outer loop
      vertex 29.8121 72.4307 2
      vertex 29.6568 72.4077 7
      vertex 29.8121 72.4307 7
    endloop
  endfacet
  facet normal -0.146502 0.98921 0
    outer loop
      vertex 29.6568 72.4077 7
      vertex 29.8121 72.4307 2
      vertex 29.6568 72.4077 2
    endloop
  endfacet
  facet normal -0.98921 0.146502 0
    outer loop
      vertex 31.0693 73.6879 2
      vertex 31.0923 73.8432 7
      vertex 31.0923 73.8432 2
    endloop
  endfacet
  facet normal -0.98921 0.146502 0
    outer loop
      vertex 31.0923 73.8432 7
      vertex 31.0693 73.6879 2
      vertex 31.0693 73.6879 7
    endloop
  endfacet
  facet normal 0.98921 -0.146502 0
    outer loop
      vertex 27.9077 74.1568 7
      vertex 27.9307 74.3121 2
      vertex 27.9307 74.3121 7
    endloop
  endfacet
  facet normal 0.98921 -0.146502 0
    outer loop
      vertex 27.9307 74.3121 2
      vertex 27.9077 74.1568 7
      vertex 27.9077 74.1568 2
    endloop
  endfacet
  facet normal -0.904023 -0.427484 0
    outer loop
      vertex 30.9782 74.6123 2
      vertex 30.9111 74.7542 7
      vertex 30.9111 74.7542 2
    endloop
  endfacet
  facet normal -0.904023 -0.427484 0
    outer loop
      vertex 30.9111 74.7542 7
      vertex 30.9782 74.6123 2
      vertex 30.9782 74.6123 7
    endloop
  endfacet
  facet normal -0.80297 -0.596019 0
    outer loop
      vertex 30.8304 74.8889 2
      vertex 30.7368 75.015 7
      vertex 30.7368 75.015 2
    endloop
  endfacet
  facet normal -0.80297 -0.596019 0
    outer loop
      vertex 30.7368 75.015 7
      vertex 30.8304 74.8889 2
      vertex 30.8304 74.8889 7
    endloop
  endfacet
  facet normal -0.671213 -0.741264 0
    outer loop
      vertex 30.515 75.2368 2
      vertex 30.6314 75.1314 7
      vertex 30.515 75.2368 7
    endloop
  endfacet
  facet normal -0.671213 -0.741264 -0
    outer loop
      vertex 30.6314 75.1314 7
      vertex 30.515 75.2368 2
      vertex 30.6314 75.1314 2
    endloop
  endfacet
  facet normal -0.336982 -0.941511 0
    outer loop
      vertex 29.9645 75.5311 2
      vertex 30.1123 75.4782 7
      vertex 29.9645 75.5311 7
    endloop
  endfacet
  facet normal -0.336982 -0.941511 -0
    outer loop
      vertex 30.1123 75.4782 7
      vertex 29.9645 75.5311 2
      vertex 30.1123 75.4782 2
    endloop
  endfacet
  facet normal 0.671213 -0.741264 0
    outer loop
      vertex 28.3686 75.1314 2
      vertex 28.485 75.2368 7
      vertex 28.3686 75.1314 7
    endloop
  endfacet
  facet normal 0.671213 -0.741264 0
    outer loop
      vertex 28.485 75.2368 7
      vertex 28.3686 75.1314 2
      vertex 28.485 75.2368 2
    endloop
  endfacet
  facet normal 0.243135 0.969993 -0
    outer loop
      vertex 29.1879 72.4307 2
      vertex 29.0355 72.4689 7
      vertex 29.1879 72.4307 7
    endloop
  endfacet
  facet normal 0.243135 0.969993 0
    outer loop
      vertex 29.0355 72.4689 7
      vertex 29.1879 72.4307 2
      vertex 29.0355 72.4689 2
    endloop
  endfacet
  facet normal 0.146502 -0.98921 0
    outer loop
      vertex 29.1879 75.5693 2
      vertex 29.3432 75.5923 7
      vertex 29.1879 75.5693 7
    endloop
  endfacet
  facet normal 0.146502 -0.98921 0
    outer loop
      vertex 29.3432 75.5923 7
      vertex 29.1879 75.5693 2
      vertex 29.3432 75.5923 2
    endloop
  endfacet
  facet normal 0.80297 0.596019 0
    outer loop
      vertex 28.2632 72.985 7
      vertex 28.1696 73.1111 2
      vertex 28.1696 73.1111 7
    endloop
  endfacet
  facet normal 0.80297 0.596019 0
    outer loop
      vertex 28.1696 73.1111 2
      vertex 28.2632 72.985 7
      vertex 28.2632 72.985 2
    endloop
  endfacet
  facet normal 0.741264 0.671213 0
    outer loop
      vertex 28.3686 72.8686 7
      vertex 28.2632 72.985 2
      vertex 28.2632 72.985 7
    endloop
  endfacet
  facet normal 0.741264 0.671213 0
    outer loop
      vertex 28.2632 72.985 2
      vertex 28.3686 72.8686 7
      vertex 28.3686 72.8686 2
    endloop
  endfacet
  facet normal -0.243135 -0.969993 0
    outer loop
      vertex 29.8121 75.5693 2
      vertex 29.9645 75.5311 7
      vertex 29.8121 75.5693 7
    endloop
  endfacet
  facet normal -0.243135 -0.969993 -0
    outer loop
      vertex 29.9645 75.5311 7
      vertex 29.8121 75.5693 2
      vertex 29.9645 75.5311 2
    endloop
  endfacet
  facet normal 0.049048 0.998796 -0
    outer loop
      vertex 29.5 72.4 2
      vertex 29.3432 72.4077 7
      vertex 29.5 72.4 7
    endloop
  endfacet
  facet normal 0.049048 0.998796 0
    outer loop
      vertex 29.3432 72.4077 7
      vertex 29.5 72.4 2
      vertex 29.3432 72.4077 2
    endloop
  endfacet
  facet normal 0.941511 0.336982 0
    outer loop
      vertex 28.0218 73.3877 7
      vertex 27.9689 73.5355 2
      vertex 27.9689 73.5355 7
    endloop
  endfacet
  facet normal 0.941511 0.336982 0
    outer loop
      vertex 27.9689 73.5355 2
      vertex 28.0218 73.3877 7
      vertex 28.0218 73.3877 2
    endloop
  endfacet
  facet normal 0.427484 0.904023 -0
    outer loop
      vertex 28.8877 72.5218 2
      vertex 28.7458 72.5889 7
      vertex 28.8877 72.5218 7
    endloop
  endfacet
  facet normal 0.427484 0.904023 0
    outer loop
      vertex 28.7458 72.5889 7
      vertex 28.8877 72.5218 2
      vertex 28.7458 72.5889 2
    endloop
  endfacet
  facet normal 0.513934 -0.85783 0
    outer loop
      vertex 28.6111 75.3304 2
      vertex 28.7458 75.4111 7
      vertex 28.6111 75.3304 7
    endloop
  endfacet
  facet normal 0.513934 -0.85783 0
    outer loop
      vertex 28.7458 75.4111 7
      vertex 28.6111 75.3304 2
      vertex 28.7458 75.4111 2
    endloop
  endfacet
  facet normal 0.671213 0.741264 -0
    outer loop
      vertex 28.485 72.7632 2
      vertex 28.3686 72.8686 7
      vertex 28.485 72.7632 7
    endloop
  endfacet
  facet normal 0.671213 0.741264 0
    outer loop
      vertex 28.3686 72.8686 7
      vertex 28.485 72.7632 2
      vertex 28.3686 72.8686 2
    endloop
  endfacet
  facet normal -0.80297 0.596019 0
    outer loop
      vertex 30.7368 72.985 2
      vertex 30.8304 73.1111 7
      vertex 30.8304 73.1111 2
    endloop
  endfacet
  facet normal -0.80297 0.596019 0
    outer loop
      vertex 30.8304 73.1111 7
      vertex 30.7368 72.985 2
      vertex 30.7368 72.985 7
    endloop
  endfacet
  facet normal -0.336982 0.941511 0
    outer loop
      vertex 30.1123 72.5218 2
      vertex 29.9645 72.4689 7
      vertex 30.1123 72.5218 7
    endloop
  endfacet
  facet normal -0.336982 0.941511 0
    outer loop
      vertex 29.9645 72.4689 7
      vertex 30.1123 72.5218 2
      vertex 29.9645 72.4689 2
    endloop
  endfacet
  facet normal 0.904023 -0.427484 0
    outer loop
      vertex 28.0218 74.6123 7
      vertex 28.0889 74.7542 2
      vertex 28.0889 74.7542 7
    endloop
  endfacet
  facet normal 0.904023 -0.427484 0
    outer loop
      vertex 28.0889 74.7542 2
      vertex 28.0218 74.6123 7
      vertex 28.0218 74.6123 2
    endloop
  endfacet
  facet normal 0.998796 -0.049048 0
    outer loop
      vertex 27.9 74 7
      vertex 27.9077 74.1568 2
      vertex 27.9077 74.1568 7
    endloop
  endfacet
  facet normal 0.998796 -0.049048 0
    outer loop
      vertex 27.9077 74.1568 2
      vertex 27.9 74 7
      vertex 27.9 74 2
    endloop
  endfacet
  facet normal 0.85783 0.513934 0
    outer loop
      vertex 28.1696 73.1111 7
      vertex 28.0889 73.2458 2
      vertex 28.0889 73.2458 7
    endloop
  endfacet
  facet normal 0.85783 0.513934 0
    outer loop
      vertex 28.0889 73.2458 2
      vertex 28.1696 73.1111 7
      vertex 28.1696 73.1111 2
    endloop
  endfacet
  facet normal 0.904023 0.427484 0
    outer loop
      vertex 28.0889 73.2458 7
      vertex 28.0218 73.3877 2
      vertex 28.0218 73.3877 7
    endloop
  endfacet
  facet normal 0.904023 0.427484 0
    outer loop
      vertex 28.0218 73.3877 2
      vertex 28.0889 73.2458 7
      vertex 28.0889 73.2458 2
    endloop
  endfacet
  facet normal 0.336982 0.941511 -0
    outer loop
      vertex 29.0355 72.4689 2
      vertex 28.8877 72.5218 7
      vertex 29.0355 72.4689 7
    endloop
  endfacet
  facet normal 0.336982 0.941511 0
    outer loop
      vertex 28.8877 72.5218 7
      vertex 29.0355 72.4689 2
      vertex 28.8877 72.5218 2
    endloop
  endfacet
  facet normal -0.85783 0.513934 0
    outer loop
      vertex 30.8304 73.1111 2
      vertex 30.9111 73.2458 7
      vertex 30.9111 73.2458 2
    endloop
  endfacet
  facet normal -0.85783 0.513934 0
    outer loop
      vertex 30.9111 73.2458 7
      vertex 30.8304 73.1111 2
      vertex 30.8304 73.1111 7
    endloop
  endfacet
  facet normal -0.671213 0.741264 0
    outer loop
      vertex 30.6314 72.8686 2
      vertex 30.515 72.7632 7
      vertex 30.6314 72.8686 7
    endloop
  endfacet
  facet normal -0.671213 0.741264 0
    outer loop
      vertex 30.515 72.7632 7
      vertex 30.6314 72.8686 2
      vertex 30.515 72.7632 2
    endloop
  endfacet
  facet normal -0.596019 0.80297 0
    outer loop
      vertex 30.515 72.7632 2
      vertex 30.3889 72.6696 7
      vertex 30.515 72.7632 7
    endloop
  endfacet
  facet normal -0.596019 0.80297 0
    outer loop
      vertex 30.3889 72.6696 7
      vertex 30.515 72.7632 2
      vertex 30.3889 72.6696 2
    endloop
  endfacet
  facet normal -0.989145 -0.146942 0
    outer loop
      vertex 32.5851 74.3039 0.0213881
      vertex 32.5404 74.6048 2
      vertex 32.5404 74.6048 0.0213881
    endloop
  endfacet
  facet normal -0.989145 -0.146942 0
    outer loop
      vertex 32.5404 74.6048 2
      vertex 32.5851 74.3039 0.0213881
      vertex 32.5851 74.3039 2
    endloop
  endfacet
  facet normal -0.9988 -0.0489705 0
    outer loop
      vertex 32.6 74 0.0213881
      vertex 32.5851 74.3039 2
      vertex 32.5851 74.3039 0.0213881
    endloop
  endfacet
  facet normal -0.9988 -0.0489705 0
    outer loop
      vertex 32.5851 74.3039 2
      vertex 32.6 74 0.0213881
      vertex 32.6 74 2
    endloop
  endfacet
  facet normal -0.970046 -0.242922 0
    outer loop
      vertex 32.5404 74.6048 0.0213881
      vertex 32.4665 74.8999 2
      vertex 32.4665 74.8999 0.0213881
    endloop
  endfacet
  facet normal -0.970046 -0.242922 0
    outer loop
      vertex 32.4665 74.8999 2
      vertex 32.5404 74.6048 0.0213881
      vertex 32.5404 74.6048 2
    endloop
  endfacet
  facet normal -0.803027 0.595943 0
    outer loop
      vertex 31.8963 72.0334 0.0213881
      vertex 32.0776 72.2777 2
      vertex 32.0776 72.2777 0.0213881
    endloop
  endfacet
  facet normal -0.803027 0.595943 0
    outer loop
      vertex 32.0776 72.2777 2
      vertex 31.8963 72.0334 0.0213881
      vertex 31.8963 72.0334 2
    endloop
  endfacet
  facet normal -0.0489705 0.9988 0
    outer loop
      vertex 29.8039 70.9149 0.0213881
      vertex 29.5 70.9 2
      vertex 29.8039 70.9149 2
    endloop
  endfacet
  facet normal -0.0489705 0.9988 0
    outer loop
      vertex 29.5 70.9 2
      vertex 29.8039 70.9149 0.0213881
      vertex 29.5 70.9 0.0213881
    endloop
  endfacet
  facet normal -0.514012 0.857783 0
    outer loop
      vertex 31.2223 71.4224 0.0213881
      vertex 30.9613 71.266 2
      vertex 31.2223 71.4224 2
    endloop
  endfacet
  facet normal -0.514012 0.857783 0
    outer loop
      vertex 30.9613 71.266 2
      vertex 31.2223 71.4224 0.0213881
      vertex 30.9613 71.266 0.0213881
    endloop
  endfacet
  facet normal 0.42738 -0.904072 0
    outer loop
      vertex 28.0387 76.734 0.0213881
      vertex 28.3137 76.864 2
      vertex 28.0387 76.734 2
    endloop
  endfacet
  facet normal 0.42738 -0.904072 0
    outer loop
      vertex 28.3137 76.864 2
      vertex 28.0387 76.734 0.0213881
      vertex 28.3137 76.864 0.0213881
    endloop
  endfacet
  facet normal -0.514012 -0.857783 0
    outer loop
      vertex 30.9613 76.734 0.0213881
      vertex 31.2223 76.5776 2
      vertex 30.9613 76.734 2
    endloop
  endfacet
  facet normal -0.514012 -0.857783 -0
    outer loop
      vertex 31.2223 76.5776 2
      vertex 30.9613 76.734 0.0213881
      vertex 31.2223 76.5776 0.0213881
    endloop
  endfacet
  facet normal 0.0489705 -0.9988 0
    outer loop
      vertex 29.1961 77.0851 0.0213881
      vertex 29.5 77.1 2
      vertex 29.1961 77.0851 2
    endloop
  endfacet
  facet normal 0.0489705 -0.9988 0
    outer loop
      vertex 29.5 77.1 2
      vertex 29.1961 77.0851 0.0213881
      vertex 29.5 77.1 0.0213881
    endloop
  endfacet
  facet normal 0.803027 0.595943 0
    outer loop
      vertex 27.1037 72.0334 2
      vertex 26.9224 72.2777 0.0213881
      vertex 26.9224 72.2777 2
    endloop
  endfacet
  facet normal 0.803027 0.595943 0
    outer loop
      vertex 26.9224 72.2777 0.0213881
      vertex 27.1037 72.0334 2
      vertex 27.1037 72.0334 0.0213881
    endloop
  endfacet
  facet normal -0.941519 -0.336961 0
    outer loop
      vertex 32.4665 74.8999 0.0213881
      vertex 32.364 75.1863 2
      vertex 32.364 75.1863 0.0213881
    endloop
  endfacet
  facet normal -0.941519 -0.336961 0
    outer loop
      vertex 32.364 75.1863 2
      vertex 32.4665 74.8999 0.0213881
      vertex 32.4665 74.8999 2
    endloop
  endfacet
  facet normal -0.941519 0.336961 0
    outer loop
      vertex 32.364 72.8137 0.0213881
      vertex 32.4665 73.1001 2
      vertex 32.4665 73.1001 0.0213881
    endloop
  endfacet
  facet normal -0.941519 0.336961 0
    outer loop
      vertex 32.4665 73.1001 2
      vertex 32.364 72.8137 0.0213881
      vertex 32.364 72.8137 2
    endloop
  endfacet
  facet normal 0.857783 0.514012 0
    outer loop
      vertex 26.9224 72.2777 2
      vertex 26.766 72.5387 0.0213881
      vertex 26.766 72.5387 2
    endloop
  endfacet
  facet normal 0.857783 0.514012 0
    outer loop
      vertex 26.766 72.5387 0.0213881
      vertex 26.9224 72.2777 2
      vertex 26.9224 72.2777 0.0213881
    endloop
  endfacet
  facet normal -0.242922 0.970046 0
    outer loop
      vertex 30.3999 71.0335 0.0213881
      vertex 30.1048 70.9596 2
      vertex 30.3999 71.0335 2
    endloop
  endfacet
  facet normal -0.242922 0.970046 0
    outer loop
      vertex 30.1048 70.9596 2
      vertex 30.3999 71.0335 0.0213881
      vertex 30.1048 70.9596 0.0213881
    endloop
  endfacet
  facet normal -0.9988 0.0489705 0
    outer loop
      vertex 32.5851 73.6961 0.0213881
      vertex 32.6 74 2
      vertex 32.6 74 0.0213881
    endloop
  endfacet
  facet normal -0.9988 0.0489705 0
    outer loop
      vertex 32.6 74 2
      vertex 32.5851 73.6961 0.0213881
      vertex 32.5851 73.6961 2
    endloop
  endfacet
  facet normal 0.989145 0.146942 0
    outer loop
      vertex 26.4596 73.3952 2
      vertex 26.4149 73.6961 0.0213881
      vertex 26.4149 73.6961 2
    endloop
  endfacet
  facet normal 0.989145 0.146942 0
    outer loop
      vertex 26.4149 73.6961 0.0213881
      vertex 26.4596 73.3952 2
      vertex 26.4596 73.3952 0.0213881
    endloop
  endfacet
  facet normal 0.595943 -0.803027 0
    outer loop
      vertex 27.5334 76.3963 0.0213881
      vertex 27.7777 76.5776 2
      vertex 27.5334 76.3963 2
    endloop
  endfacet
  facet normal 0.595943 -0.803027 0
    outer loop
      vertex 27.7777 76.5776 2
      vertex 27.5334 76.3963 0.0213881
      vertex 27.7777 76.5776 0.0213881
    endloop
  endfacet
  facet normal -0.595943 -0.803027 0
    outer loop
      vertex 31.2223 76.5776 0.0213881
      vertex 31.4666 76.3963 2
      vertex 31.2223 76.5776 2
    endloop
  endfacet
  facet normal -0.595943 -0.803027 -0
    outer loop
      vertex 31.4666 76.3963 2
      vertex 31.2223 76.5776 0.0213881
      vertex 31.4666 76.3963 0.0213881
    endloop
  endfacet
  facet normal -0.740936 0.671576 0
    outer loop
      vertex 31.692 71.808 0.0213881
      vertex 31.8963 72.0334 2
      vertex 31.8963 72.0334 0.0213881
    endloop
  endfacet
  facet normal -0.740936 0.671576 0
    outer loop
      vertex 31.8963 72.0334 2
      vertex 31.692 71.808 0.0213881
      vertex 31.692 71.808 2
    endloop
  endfacet
  facet normal 0.941519 0.336961 0
    outer loop
      vertex 26.636 72.8137 2
      vertex 26.5335 73.1001 0.0213881
      vertex 26.5335 73.1001 2
    endloop
  endfacet
  facet normal 0.941519 0.336961 0
    outer loop
      vertex 26.5335 73.1001 0.0213881
      vertex 26.636 72.8137 2
      vertex 26.636 72.8137 0.0213881
    endloop
  endfacet
  facet normal -0.989145 0.146942 0
    outer loop
      vertex 32.5404 73.3952 0.0213881
      vertex 32.5851 73.6961 2
      vertex 32.5851 73.6961 0.0213881
    endloop
  endfacet
  facet normal -0.989145 0.146942 0
    outer loop
      vertex 32.5851 73.6961 2
      vertex 32.5404 73.3952 0.0213881
      vertex 32.5404 73.3952 2
    endloop
  endfacet
  facet normal 0.857783 -0.514012 0
    outer loop
      vertex 26.766 75.4613 2
      vertex 26.9224 75.7223 0.0213881
      vertex 26.9224 75.7223 2
    endloop
  endfacet
  facet normal 0.857783 -0.514012 0
    outer loop
      vertex 26.9224 75.7223 0.0213881
      vertex 26.766 75.4613 2
      vertex 26.766 75.4613 0.0213881
    endloop
  endfacet
  facet normal -0.970046 0.242922 0
    outer loop
      vertex 32.4665 73.1001 0.0213881
      vertex 32.5404 73.3952 2
      vertex 32.5404 73.3952 0.0213881
    endloop
  endfacet
  facet normal -0.970046 0.242922 0
    outer loop
      vertex 32.5404 73.3952 2
      vertex 32.4665 73.1001 0.0213881
      vertex 32.4665 73.1001 2
    endloop
  endfacet
  facet normal -0.42738 0.904072 0
    outer loop
      vertex 30.9613 71.266 0.0213881
      vertex 30.6863 71.136 2
      vertex 30.9613 71.266 2
    endloop
  endfacet
  facet normal -0.42738 0.904072 0
    outer loop
      vertex 30.6863 71.136 2
      vertex 30.9613 71.266 0.0213881
      vertex 30.6863 71.136 0.0213881
    endloop
  endfacet
  facet normal 0 0 -1
    outer loop
      vertex 31.1 74 2
      vertex 32.6 74 2
      vertex 32.5851 73.6961 2
    endloop
  endfacet
  facet normal 0 0 -1
    outer loop
      vertex 31.0923 73.8432 2
      vertex 32.5851 73.6961 2
      vertex 32.5404 73.3952 2
    endloop
  endfacet
  facet normal 0 0 -1
    outer loop
      vertex 32.6 74 2
      vertex 31.1 74 2
      vertex 32.5851 74.3039 2
    endloop
  endfacet
  facet normal 0 0 -1
    outer loop
      vertex 31.0693 73.6879 2
      vertex 32.5404 73.3952 2
      vertex 32.4665 73.1001 2
    endloop
  endfacet
  facet normal 0 0 -1
    outer loop
      vertex 31.0923 74.1568 2
      vertex 32.5851 74.3039 2
      vertex 31.1 74 2
    endloop
  endfacet
  facet normal 0 0 -1
    outer loop
      vertex 31.0311 73.5355 2
      vertex 32.4665 73.1001 2
      vertex 32.364 72.8137 2
    endloop
  endfacet
  facet normal -0 0 -1
    outer loop
      vertex 32.5851 74.3039 2
      vertex 31.0923 74.1568 2
      vertex 32.5404 74.6048 2
    endloop
  endfacet
  facet normal 0 0 -1
    outer loop
      vertex 30.9782 73.3877 2
      vertex 32.364 72.8137 2
      vertex 32.234 72.5387 2
    endloop
  endfacet
  facet normal 0 0 -1
    outer loop
      vertex 31.0693 74.3121 2
      vertex 32.5404 74.6048 2
      vertex 31.0923 74.1568 2
    endloop
  endfacet
  facet normal 0 0 -1
    outer loop
      vertex 30.9111 73.2458 2
      vertex 32.234 72.5387 2
      vertex 32.0776 72.2777 2
    endloop
  endfacet
  facet normal -0 0 -1
    outer loop
      vertex 32.5404 74.6048 2
      vertex 31.0693 74.3121 2
      vertex 32.4665 74.8999 2
    endloop
  endfacet
  facet normal 0 0 -1
    outer loop
      vertex 30.8304 73.1111 2
      vertex 32.0776 72.2777 2
      vertex 31.8963 72.0334 2
    endloop
  endfacet
  facet normal 0 0 -1
    outer loop
      vertex 31.0311 74.4645 2
      vertex 32.4665 74.8999 2
      vertex 31.0693 74.3121 2
    endloop
  endfacet
  facet normal 0 0 -1
    outer loop
      vertex 30.7368 72.985 2
      vertex 31.8963 72.0334 2
      vertex 31.692 71.808 2
    endloop
  endfacet
  facet normal -0 0 -1
    outer loop
      vertex 32.4665 74.8999 2
      vertex 31.0311 74.4645 2
      vertex 32.364 75.1863 2
    endloop
  endfacet
  facet normal 0 0 -1
    outer loop
      vertex 30.6314 72.8686 2
      vertex 31.692 71.808 2
      vertex 31.4666 71.6037 2
    endloop
  endfacet
  facet normal 0 0 -1
    outer loop
      vertex 30.9782 74.6123 2
      vertex 32.364 75.1863 2
      vertex 31.0311 74.4645 2
    endloop
  endfacet
  facet normal 0 0 -1
    outer loop
      vertex 30.515 72.7632 2
      vertex 31.4666 71.6037 2
      vertex 31.2223 71.4224 2
    endloop
  endfacet
  facet normal -0 0 -1
    outer loop
      vertex 32.364 75.1863 2
      vertex 30.9782 74.6123 2
      vertex 32.234 75.4613 2
    endloop
  endfacet
  facet normal 0 0 -1
    outer loop
      vertex 30.9111 74.7542 2
      vertex 32.234 75.4613 2
      vertex 30.9782 74.6123 2
    endloop
  endfacet
  facet normal 0 0 -1
    outer loop
      vertex 32.5851 73.6961 2
      vertex 31.0923 73.8432 2
      vertex 31.1 74 2
    endloop
  endfacet
  facet normal 0 0 -1
    outer loop
      vertex 32.5404 73.3952 2
      vertex 31.0693 73.6879 2
      vertex 31.0923 73.8432 2
    endloop
  endfacet
  facet normal 0 0 -1
    outer loop
      vertex 32.4665 73.1001 2
      vertex 31.0311 73.5355 2
      vertex 31.0693 73.6879 2
    endloop
  endfacet
  facet normal 0 0 -1
    outer loop
      vertex 32.364 72.8137 2
      vertex 30.9782 73.3877 2
      vertex 31.0311 73.5355 2
    endloop
  endfacet
  facet normal 0 0 -1
    outer loop
      vertex 30.3889 72.6696 2
      vertex 31.2223 71.4224 2
      vertex 30.9613 71.266 2
    endloop
  endfacet
  facet normal 0 0 -1
    outer loop
      vertex 32.234 72.5387 2
      vertex 30.9111 73.2458 2
      vertex 30.9782 73.3877 2
    endloop
  endfacet
  facet normal 0 0 -1
    outer loop
      vertex 32.0776 72.2777 2
      vertex 30.8304 73.1111 2
      vertex 30.9111 73.2458 2
    endloop
  endfacet
  facet normal 0 0 -1
    outer loop
      vertex 31.8963 72.0334 2
      vertex 30.7368 72.985 2
      vertex 30.8304 73.1111 2
    endloop
  endfacet
  facet normal 0 0 -1
    outer loop
      vertex 30.2542 72.5889 2
      vertex 30.9613 71.266 2
      vertex 30.6863 71.136 2
    endloop
  endfacet
  facet normal 0 0 -1
    outer loop
      vertex 31.692 71.808 2
      vertex 30.6314 72.8686 2
      vertex 30.7368 72.985 2
    endloop
  endfacet
  facet normal 0 0 -1
    outer loop
      vertex 31.4666 71.6037 2
      vertex 30.515 72.7632 2
      vertex 30.6314 72.8686 2
    endloop
  endfacet
  facet normal 0 0 -1
    outer loop
      vertex 30.1123 72.5218 2
      vertex 30.6863 71.136 2
      vertex 30.3999 71.0335 2
    endloop
  endfacet
  facet normal 0 0 -1
    outer loop
      vertex 31.2223 71.4224 2
      vertex 30.3889 72.6696 2
      vertex 30.515 72.7632 2
    endloop
  endfacet
  facet normal 0 0 -1
    outer loop
      vertex 30.9613 71.266 2
      vertex 30.2542 72.5889 2
      vertex 30.3889 72.6696 2
    endloop
  endfacet
  facet normal 0 0 -1
    outer loop
      vertex 30.6863 71.136 2
      vertex 30.1123 72.5218 2
      vertex 30.2542 72.5889 2
    endloop
  endfacet
  facet normal 0 0 -1
    outer loop
      vertex 29.9645 72.4689 2
      vertex 30.3999 71.0335 2
      vertex 30.1048 70.9596 2
    endloop
  endfacet
  facet normal 0 0 -1
    outer loop
      vertex 30.3999 71.0335 2
      vertex 29.9645 72.4689 2
      vertex 30.1123 72.5218 2
    endloop
  endfacet
  facet normal 0 0 -1
    outer loop
      vertex 30.1048 70.9596 2
      vertex 29.8121 72.4307 2
      vertex 29.9645 72.4689 2
    endloop
  endfacet
  facet normal 0 0 -1
    outer loop
      vertex 29.8039 70.9149 2
      vertex 29.8121 72.4307 2
      vertex 30.1048 70.9596 2
    endloop
  endfacet
  facet normal 0 0 -1
    outer loop
      vertex 29.8039 70.9149 2
      vertex 29.6568 72.4077 2
      vertex 29.8121 72.4307 2
    endloop
  endfacet
  facet normal 0 0 -1
    outer loop
      vertex 29.5 70.9 2
      vertex 29.6568 72.4077 2
      vertex 29.8039 70.9149 2
    endloop
  endfacet
  facet normal 0 0 -1
    outer loop
      vertex 29.5 70.9 2
      vertex 29.5 72.4 2
      vertex 29.6568 72.4077 2
    endloop
  endfacet
  facet normal 0 0 -1
    outer loop
      vertex 29.5 70.9 2
      vertex 29.3432 72.4077 2
      vertex 29.5 72.4 2
    endloop
  endfacet
  facet normal 0 0 -1
    outer loop
      vertex 29.1961 70.9149 2
      vertex 29.3432 72.4077 2
      vertex 29.5 70.9 2
    endloop
  endfacet
  facet normal 0 0 -1
    outer loop
      vertex 29.1961 70.9149 2
      vertex 29.1879 72.4307 2
      vertex 29.3432 72.4077 2
    endloop
  endfacet
  facet normal 0 0 -1
    outer loop
      vertex 28.8952 70.9596 2
      vertex 29.1879 72.4307 2
      vertex 29.1961 70.9149 2
    endloop
  endfacet
  facet normal -0 0 -1
    outer loop
      vertex 29.1879 72.4307 2
      vertex 28.8952 70.9596 2
      vertex 29.0355 72.4689 2
    endloop
  endfacet
  facet normal 0 0 -1
    outer loop
      vertex 28.6001 71.0335 2
      vertex 29.0355 72.4689 2
      vertex 28.8952 70.9596 2
    endloop
  endfacet
  facet normal -0 0 -1
    outer loop
      vertex 29.0355 72.4689 2
      vertex 28.6001 71.0335 2
      vertex 28.8877 72.5218 2
    endloop
  endfacet
  facet normal 0 0 -1
    outer loop
      vertex 28.3137 71.136 2
      vertex 28.8877 72.5218 2
      vertex 28.6001 71.0335 2
    endloop
  endfacet
  facet normal -0 0 -1
    outer loop
      vertex 28.8877 72.5218 2
      vertex 28.3137 71.136 2
      vertex 28.7458 72.5889 2
    endloop
  endfacet
  facet normal 0 0 -1
    outer loop
      vertex 28.0387 71.266 2
      vertex 28.7458 72.5889 2
      vertex 28.3137 71.136 2
    endloop
  endfacet
  facet normal -0 0 -1
    outer loop
      vertex 28.7458 72.5889 2
      vertex 28.0387 71.266 2
      vertex 28.6111 72.6696 2
    endloop
  endfacet
  facet normal 0 0 -1
    outer loop
      vertex 27.7777 71.4224 2
      vertex 28.6111 72.6696 2
      vertex 28.0387 71.266 2
    endloop
  endfacet
  facet normal -0 0 -1
    outer loop
      vertex 28.6111 72.6696 2
      vertex 27.7777 71.4224 2
      vertex 28.485 72.7632 2
    endloop
  endfacet
  facet normal 0 0 -1
    outer loop
      vertex 27.5334 71.6037 2
      vertex 28.485 72.7632 2
      vertex 27.7777 71.4224 2
    endloop
  endfacet
  facet normal -0 0 -1
    outer loop
      vertex 28.485 72.7632 2
      vertex 27.5334 71.6037 2
      vertex 28.3686 72.8686 2
    endloop
  endfacet
  facet normal 0 0 -1
    outer loop
      vertex 27.308 71.808 2
      vertex 28.3686 72.8686 2
      vertex 27.5334 71.6037 2
    endloop
  endfacet
  facet normal -0 0 -1
    outer loop
      vertex 28.3686 72.8686 2
      vertex 27.308 71.808 2
      vertex 28.2632 72.985 2
    endloop
  endfacet
  facet normal 0 0 -1
    outer loop
      vertex 27.1037 72.0334 2
      vertex 28.2632 72.985 2
      vertex 27.308 71.808 2
    endloop
  endfacet
  facet normal -0 0 -1
    outer loop
      vertex 28.2632 72.985 2
      vertex 27.1037 72.0334 2
      vertex 28.1696 73.1111 2
    endloop
  endfacet
  facet normal 0 0 -1
    outer loop
      vertex 26.9224 72.2777 2
      vertex 28.1696 73.1111 2
      vertex 27.1037 72.0334 2
    endloop
  endfacet
  facet normal 0 0 -1
    outer loop
      vertex 26.766 72.5387 2
      vertex 28.0889 73.2458 2
      vertex 26.9224 72.2777 2
    endloop
  endfacet
  facet normal -0 0 -1
    outer loop
      vertex 28.1696 73.1111 2
      vertex 26.9224 72.2777 2
      vertex 28.0889 73.2458 2
    endloop
  endfacet
  facet normal -0 0 -1
    outer loop
      vertex 32.234 75.4613 2
      vertex 30.9111 74.7542 2
      vertex 32.0776 75.7223 2
    endloop
  endfacet
  facet normal 0 0 -1
    outer loop
      vertex 30.8304 74.8889 2
      vertex 32.0776 75.7223 2
      vertex 30.9111 74.7542 2
    endloop
  endfacet
  facet normal -0 0 -1
    outer loop
      vertex 32.0776 75.7223 2
      vertex 30.8304 74.8889 2
      vertex 31.8963 75.9666 2
    endloop
  endfacet
  facet normal 0 0 -1
    outer loop
      vertex 30.7368 75.015 2
      vertex 31.8963 75.9666 2
      vertex 30.8304 74.8889 2
    endloop
  endfacet
  facet normal -0 0 -1
    outer loop
      vertex 31.8963 75.9666 2
      vertex 30.7368 75.015 2
      vertex 31.692 76.192 2
    endloop
  endfacet
  facet normal 0 0 -1
    outer loop
      vertex 30.6314 75.1314 2
      vertex 31.692 76.192 2
      vertex 30.7368 75.015 2
    endloop
  endfacet
  facet normal -0 0 -1
    outer loop
      vertex 31.692 76.192 2
      vertex 30.6314 75.1314 2
      vertex 31.4666 76.3963 2
    endloop
  endfacet
  facet normal 0 0 -1
    outer loop
      vertex 30.515 75.2368 2
      vertex 31.4666 76.3963 2
      vertex 30.6314 75.1314 2
    endloop
  endfacet
  facet normal -0 0 -1
    outer loop
      vertex 31.4666 76.3963 2
      vertex 30.515 75.2368 2
      vertex 31.2223 76.5776 2
    endloop
  endfacet
  facet normal 0 0 -1
    outer loop
      vertex 30.3889 75.3304 2
      vertex 31.2223 76.5776 2
      vertex 30.515 75.2368 2
    endloop
  endfacet
  facet normal -0 0 -1
    outer loop
      vertex 31.2223 76.5776 2
      vertex 30.3889 75.3304 2
      vertex 30.9613 76.734 2
    endloop
  endfacet
  facet normal 0 0 -1
    outer loop
      vertex 30.2542 75.4111 2
      vertex 30.9613 76.734 2
      vertex 30.3889 75.3304 2
    endloop
  endfacet
  facet normal -0 0 -1
    outer loop
      vertex 30.9613 76.734 2
      vertex 30.2542 75.4111 2
      vertex 30.6863 76.864 2
    endloop
  endfacet
  facet normal 0 0 -1
    outer loop
      vertex 30.1123 75.4782 2
      vertex 30.6863 76.864 2
      vertex 30.2542 75.4111 2
    endloop
  endfacet
  facet normal -0 0 -1
    outer loop
      vertex 30.6863 76.864 2
      vertex 30.1123 75.4782 2
      vertex 30.3999 76.9665 2
    endloop
  endfacet
  facet normal 0 0 -1
    outer loop
      vertex 29.9645 75.5311 2
      vertex 30.3999 76.9665 2
      vertex 30.1123 75.4782 2
    endloop
  endfacet
  facet normal -0 0 -1
    outer loop
      vertex 30.3999 76.9665 2
      vertex 29.9645 75.5311 2
      vertex 30.1048 77.0404 2
    endloop
  endfacet
  facet normal 0 0 -1
    outer loop
      vertex 29.8121 75.5693 2
      vertex 30.1048 77.0404 2
      vertex 29.9645 75.5311 2
    endloop
  endfacet
  facet normal 0 0 -1
    outer loop
      vertex 29.8121 75.5693 2
      vertex 29.8039 77.0851 2
      vertex 30.1048 77.0404 2
    endloop
  endfacet
  facet normal 0 0 -1
    outer loop
      vertex 29.6568 75.5923 2
      vertex 29.8039 77.0851 2
      vertex 29.8121 75.5693 2
    endloop
  endfacet
  facet normal 0 0 -1
    outer loop
      vertex 29.5 75.6 2
      vertex 29.8039 77.0851 2
      vertex 29.6568 75.5923 2
    endloop
  endfacet
  facet normal 0 0 -1
    outer loop
      vertex 29.5 75.6 2
      vertex 29.5 77.1 2
      vertex 29.8039 77.0851 2
    endloop
  endfacet
  facet normal 0 0 -1
    outer loop
      vertex 29.3432 75.5923 2
      vertex 29.5 77.1 2
      vertex 29.5 75.6 2
    endloop
  endfacet
  facet normal 0 0 -1
    outer loop
      vertex 29.3432 75.5923 2
      vertex 29.1961 77.0851 2
      vertex 29.5 77.1 2
    endloop
  endfacet
  facet normal 0 0 -1
    outer loop
      vertex 29.1879 75.5693 2
      vertex 29.1961 77.0851 2
      vertex 29.3432 75.5923 2
    endloop
  endfacet
  facet normal 0 0 -1
    outer loop
      vertex 28.8952 77.0404 2
      vertex 29.1879 75.5693 2
      vertex 29.0355 75.5311 2
    endloop
  endfacet
  facet normal 0 0 -1
    outer loop
      vertex 29.1879 75.5693 2
      vertex 28.8952 77.0404 2
      vertex 29.1961 77.0851 2
    endloop
  endfacet
  facet normal 0 0 -1
    outer loop
      vertex 28.6001 76.9665 2
      vertex 29.0355 75.5311 2
      vertex 28.8877 75.4782 2
    endloop
  endfacet
  facet normal 0 0 -1
    outer loop
      vertex 28.3137 76.864 2
      vertex 28.8877 75.4782 2
      vertex 28.7458 75.4111 2
    endloop
  endfacet
  facet normal 0 0 -1
    outer loop
      vertex 28.0387 76.734 2
      vertex 28.7458 75.4111 2
      vertex 28.6111 75.3304 2
    endloop
  endfacet
  facet normal 0 0 -1
    outer loop
      vertex 29.0355 75.5311 2
      vertex 28.6001 76.9665 2
      vertex 28.8952 77.0404 2
    endloop
  endfacet
  facet normal 0 0 -1
    outer loop
      vertex 27.7777 76.5776 2
      vertex 28.6111 75.3304 2
      vertex 28.485 75.2368 2
    endloop
  endfacet
  facet normal 0 0 -1
    outer loop
      vertex 27.5334 76.3963 2
      vertex 28.485 75.2368 2
      vertex 28.3686 75.1314 2
    endloop
  endfacet
  facet normal 0 0 -1
    outer loop
      vertex 28.8877 75.4782 2
      vertex 28.3137 76.864 2
      vertex 28.6001 76.9665 2
    endloop
  endfacet
  facet normal 0 0 -1
    outer loop
      vertex 27.308 76.192 2
      vertex 28.3686 75.1314 2
      vertex 28.2632 75.015 2
    endloop
  endfacet
  facet normal 0 0 -1
    outer loop
      vertex 27.1037 75.9666 2
      vertex 28.2632 75.015 2
      vertex 28.1696 74.8889 2
    endloop
  endfacet
  facet normal 0 0 -1
    outer loop
      vertex 26.9224 75.7223 2
      vertex 28.1696 74.8889 2
      vertex 28.0889 74.7542 2
    endloop
  endfacet
  facet normal 0 0 -1
    outer loop
      vertex 28.7458 75.4111 2
      vertex 28.0387 76.734 2
      vertex 28.3137 76.864 2
    endloop
  endfacet
  facet normal 0 0 -1
    outer loop
      vertex 26.766 75.4613 2
      vertex 28.0889 74.7542 2
      vertex 28.0218 74.6123 2
    endloop
  endfacet
  facet normal 0 0 -1
    outer loop
      vertex 26.636 75.1863 2
      vertex 28.0218 74.6123 2
      vertex 27.9689 74.4645 2
    endloop
  endfacet
  facet normal 0 0 -1
    outer loop
      vertex 26.5335 74.8999 2
      vertex 27.9689 74.4645 2
      vertex 27.9307 74.3121 2
    endloop
  endfacet
  facet normal 0 0 -1
    outer loop
      vertex 26.4596 74.6048 2
      vertex 27.9307 74.3121 2
      vertex 27.9077 74.1568 2
    endloop
  endfacet
  facet normal 0 0 -1
    outer loop
      vertex 28.6111 75.3304 2
      vertex 27.7777 76.5776 2
      vertex 28.0387 76.734 2
    endloop
  endfacet
  facet normal 0 0 -1
    outer loop
      vertex 26.4149 74.3039 2
      vertex 27.9077 74.1568 2
      vertex 27.9 74 2
    endloop
  endfacet
  facet normal -0 0 -1
    outer loop
      vertex 28.0889 73.2458 2
      vertex 26.766 72.5387 2
      vertex 28.0218 73.3877 2
    endloop
  endfacet
  facet normal 0 0 -1
    outer loop
      vertex 26.636 72.8137 2
      vertex 28.0218 73.3877 2
      vertex 26.766 72.5387 2
    endloop
  endfacet
  facet normal 0 0 -1
    outer loop
      vertex 28.485 75.2368 2
      vertex 27.5334 76.3963 2
      vertex 27.7777 76.5776 2
    endloop
  endfacet
  facet normal -0 0 -1
    outer loop
      vertex 28.0218 73.3877 2
      vertex 26.636 72.8137 2
      vertex 27.9689 73.5355 2
    endloop
  endfacet
  facet normal 0 0 -1
    outer loop
      vertex 28.3686 75.1314 2
      vertex 27.308 76.192 2
      vertex 27.5334 76.3963 2
    endloop
  endfacet
  facet normal 0 0 -1
    outer loop
      vertex 26.5335 73.1001 2
      vertex 27.9689 73.5355 2
      vertex 26.636 72.8137 2
    endloop
  endfacet
  facet normal 0 0 -1
    outer loop
      vertex 28.2632 75.015 2
      vertex 27.1037 75.9666 2
      vertex 27.308 76.192 2
    endloop
  endfacet
  facet normal -0 0 -1
    outer loop
      vertex 27.9689 73.5355 2
      vertex 26.5335 73.1001 2
      vertex 27.9307 73.6879 2
    endloop
  endfacet
  facet normal 0 0 -1
    outer loop
      vertex 28.1696 74.8889 2
      vertex 26.9224 75.7223 2
      vertex 27.1037 75.9666 2
    endloop
  endfacet
  facet normal 0 0 -1
    outer loop
      vertex 26.4596 73.3952 2
      vertex 27.9307 73.6879 2
      vertex 26.5335 73.1001 2
    endloop
  endfacet
  facet normal 0 0 -1
    outer loop
      vertex 28.0889 74.7542 2
      vertex 26.766 75.4613 2
      vertex 26.9224 75.7223 2
    endloop
  endfacet
  facet normal -0 0 -1
    outer loop
      vertex 27.9307 73.6879 2
      vertex 26.4596 73.3952 2
      vertex 27.9077 73.8432 2
    endloop
  endfacet
  facet normal 0 0 -1
    outer loop
      vertex 28.0218 74.6123 2
      vertex 26.636 75.1863 2
      vertex 26.766 75.4613 2
    endloop
  endfacet
  facet normal 0 0 -1
    outer loop
      vertex 26.4149 73.6961 2
      vertex 27.9077 73.8432 2
      vertex 26.4596 73.3952 2
    endloop
  endfacet
  facet normal 0 0 -1
    outer loop
      vertex 27.9689 74.4645 2
      vertex 26.5335 74.8999 2
      vertex 26.636 75.1863 2
    endloop
  endfacet
  facet normal -0 0 -1
    outer loop
      vertex 27.9077 73.8432 2
      vertex 26.4149 73.6961 2
      vertex 27.9 74 2
    endloop
  endfacet
  facet normal 0 0 -1
    outer loop
      vertex 27.9307 74.3121 2
      vertex 26.4596 74.6048 2
      vertex 26.5335 74.8999 2
    endloop
  endfacet
  facet normal 0 0 -1
    outer loop
      vertex 26.4 74 2
      vertex 27.9 74 2
      vertex 26.4149 73.6961 2
    endloop
  endfacet
  facet normal 0 0 -1
    outer loop
      vertex 27.9077 74.1568 2
      vertex 26.4149 74.3039 2
      vertex 26.4596 74.6048 2
    endloop
  endfacet
  facet normal 0 0 -1
    outer loop
      vertex 27.9 74 2
      vertex 26.4 74 2
      vertex 26.4149 74.3039 2
    endloop
  endfacet
  facet normal -0.671576 -0.740936 0
    outer loop
      vertex 31.4666 76.3963 0.0213881
      vertex 31.692 76.192 2
      vertex 31.4666 76.3963 2
    endloop
  endfacet
  facet normal -0.671576 -0.740936 -0
    outer loop
      vertex 31.692 76.192 2
      vertex 31.4666 76.3963 0.0213881
      vertex 31.692 76.192 0.0213881
    endloop
  endfacet
  facet normal 0.336961 -0.941519 0
    outer loop
      vertex 28.3137 76.864 0.0213881
      vertex 28.6001 76.9665 2
      vertex 28.3137 76.864 2
    endloop
  endfacet
  facet normal 0.336961 -0.941519 0
    outer loop
      vertex 28.6001 76.9665 2
      vertex 28.3137 76.864 0.0213881
      vertex 28.6001 76.9665 0.0213881
    endloop
  endfacet
  facet normal -0.42738 -0.904072 0
    outer loop
      vertex 30.6863 76.864 0.0213881
      vertex 30.9613 76.734 2
      vertex 30.6863 76.864 2
    endloop
  endfacet
  facet normal -0.42738 -0.904072 -0
    outer loop
      vertex 30.9613 76.734 2
      vertex 30.6863 76.864 0.0213881
      vertex 30.9613 76.734 0.0213881
    endloop
  endfacet
  facet normal 0.9988 -0.0489705 0
    outer loop
      vertex 26.4 74 2
      vertex 26.4149 74.3039 0.0213881
      vertex 26.4149 74.3039 2
    endloop
  endfacet
  facet normal 0.9988 -0.0489705 0
    outer loop
      vertex 26.4149 74.3039 0.0213881
      vertex 26.4 74 2
      vertex 26.4 74 0.0213881
    endloop
  endfacet
  facet normal -0.803027 -0.595943 0
    outer loop
      vertex 32.0776 75.7223 0.0213881
      vertex 31.8963 75.9666 2
      vertex 31.8963 75.9666 0.0213881
    endloop
  endfacet
  facet normal -0.803027 -0.595943 0
    outer loop
      vertex 31.8963 75.9666 2
      vertex 32.0776 75.7223 0.0213881
      vertex 32.0776 75.7223 2
    endloop
  endfacet
  facet normal -0.0489705 -0.9988 0
    outer loop
      vertex 29.5 77.1 0.0213881
      vertex 29.8039 77.0851 2
      vertex 29.5 77.1 2
    endloop
  endfacet
  facet normal -0.0489705 -0.9988 -0
    outer loop
      vertex 29.8039 77.0851 2
      vertex 29.5 77.1 0.0213881
      vertex 29.8039 77.0851 0.0213881
    endloop
  endfacet
  facet normal 0.671576 -0.740936 0
    outer loop
      vertex 27.308 76.192 0.0213881
      vertex 27.5334 76.3963 2
      vertex 27.308 76.192 2
    endloop
  endfacet
  facet normal 0.671576 -0.740936 0
    outer loop
      vertex 27.5334 76.3963 2
      vertex 27.308 76.192 0.0213881
      vertex 27.5334 76.3963 0.0213881
    endloop
  endfacet
  facet normal -0.336961 0.941519 0
    outer loop
      vertex 30.6863 71.136 0.0213881
      vertex 30.3999 71.0335 2
      vertex 30.6863 71.136 2
    endloop
  endfacet
  facet normal -0.336961 0.941519 0
    outer loop
      vertex 30.3999 71.0335 2
      vertex 30.6863 71.136 0.0213881
      vertex 30.3999 71.0335 0.0213881
    endloop
  endfacet
  facet normal -0.740936 -0.671576 0
    outer loop
      vertex 31.8963 75.9666 0.0213881
      vertex 31.692 76.192 2
      vertex 31.692 76.192 0.0213881
    endloop
  endfacet
  facet normal -0.740936 -0.671576 0
    outer loop
      vertex 31.692 76.192 2
      vertex 31.8963 75.9666 0.0213881
      vertex 31.8963 75.9666 2
    endloop
  endfacet
  facet normal 0.242922 0.970046 -0
    outer loop
      vertex 28.8952 70.9596 0.0213881
      vertex 28.6001 71.0335 2
      vertex 28.8952 70.9596 2
    endloop
  endfacet
  facet normal 0.242922 0.970046 0
    outer loop
      vertex 28.6001 71.0335 2
      vertex 28.8952 70.9596 0.0213881
      vertex 28.6001 71.0335 0.0213881
    endloop
  endfacet
  facet normal -0.904072 -0.42738 0
    outer loop
      vertex 32.364 75.1863 0.0213881
      vertex 32.234 75.4613 2
      vertex 32.234 75.4613 0.0213881
    endloop
  endfacet
  facet normal -0.904072 -0.42738 0
    outer loop
      vertex 32.234 75.4613 2
      vertex 32.364 75.1863 0.0213881
      vertex 32.364 75.1863 2
    endloop
  endfacet
  facet normal -0.857783 0.514012 0
    outer loop
      vertex 32.0776 72.2777 0.0213881
      vertex 32.234 72.5387 2
      vertex 32.234 72.5387 0.0213881
    endloop
  endfacet
  facet normal -0.857783 0.514012 0
    outer loop
      vertex 32.234 72.5387 2
      vertex 32.0776 72.2777 0.0213881
      vertex 32.0776 72.2777 2
    endloop
  endfacet
  facet normal -0.336961 -0.941519 0
    outer loop
      vertex 30.3999 76.9665 0.0213881
      vertex 30.6863 76.864 2
      vertex 30.3999 76.9665 2
    endloop
  endfacet
  facet normal -0.336961 -0.941519 -0
    outer loop
      vertex 30.6863 76.864 2
      vertex 30.3999 76.9665 0.0213881
      vertex 30.6863 76.864 0.0213881
    endloop
  endfacet
  facet normal 0.242922 -0.970046 0
    outer loop
      vertex 28.6001 76.9665 0.0213881
      vertex 28.8952 77.0404 2
      vertex 28.6001 76.9665 2
    endloop
  endfacet
  facet normal 0.242922 -0.970046 0
    outer loop
      vertex 28.8952 77.0404 2
      vertex 28.6001 76.9665 0.0213881
      vertex 28.8952 77.0404 0.0213881
    endloop
  endfacet
  facet normal 0.514012 -0.857783 0
    outer loop
      vertex 27.7777 76.5776 0.0213881
      vertex 28.0387 76.734 2
      vertex 27.7777 76.5776 2
    endloop
  endfacet
  facet normal 0.514012 -0.857783 0
    outer loop
      vertex 28.0387 76.734 2
      vertex 27.7777 76.5776 0.0213881
      vertex 28.0387 76.734 0.0213881
    endloop
  endfacet
  facet normal 0.740936 -0.671576 0
    outer loop
      vertex 27.1037 75.9666 2
      vertex 27.308 76.192 0.0213881
      vertex 27.308 76.192 2
    endloop
  endfacet
  facet normal 0.740936 -0.671576 0
    outer loop
      vertex 27.308 76.192 0.0213881
      vertex 27.1037 75.9666 2
      vertex 27.1037 75.9666 0.0213881
    endloop
  endfacet
  facet normal -0.857783 -0.514012 0
    outer loop
      vertex 32.234 75.4613 0.0213881
      vertex 32.0776 75.7223 2
      vertex 32.0776 75.7223 0.0213881
    endloop
  endfacet
  facet normal -0.857783 -0.514012 0
    outer loop
      vertex 32.0776 75.7223 2
      vertex 32.234 75.4613 0.0213881
      vertex 32.234 75.4613 2
    endloop
  endfacet
  facet normal 0.970046 -0.242922 0
    outer loop
      vertex 26.4596 74.6048 2
      vertex 26.5335 74.8999 0.0213881
      vertex 26.5335 74.8999 2
    endloop
  endfacet
  facet normal 0.970046 -0.242922 0
    outer loop
      vertex 26.5335 74.8999 0.0213881
      vertex 26.4596 74.6048 2
      vertex 26.4596 74.6048 0.0213881
    endloop
  endfacet
  facet normal 0.146942 -0.989145 0
    outer loop
      vertex 28.8952 77.0404 0.0213881
      vertex 29.1961 77.0851 2
      vertex 28.8952 77.0404 2
    endloop
  endfacet
  facet normal 0.146942 -0.989145 0
    outer loop
      vertex 29.1961 77.0851 2
      vertex 28.8952 77.0404 0.0213881
      vertex 29.1961 77.0851 0.0213881
    endloop
  endfacet
  facet normal 0.904072 0.42738 0
    outer loop
      vertex 26.766 72.5387 2
      vertex 26.636 72.8137 0.0213881
      vertex 26.636 72.8137 2
    endloop
  endfacet
  facet normal 0.904072 0.42738 0
    outer loop
      vertex 26.636 72.8137 0.0213881
      vertex 26.766 72.5387 2
      vertex 26.766 72.5387 0.0213881
    endloop
  endfacet
  facet normal -0.146942 0.989145 0
    outer loop
      vertex 30.1048 70.9596 0.0213881
      vertex 29.8039 70.9149 2
      vertex 30.1048 70.9596 2
    endloop
  endfacet
  facet normal -0.146942 0.989145 0
    outer loop
      vertex 29.8039 70.9149 2
      vertex 30.1048 70.9596 0.0213881
      vertex 29.8039 70.9149 0.0213881
    endloop
  endfacet
  facet normal 0.336961 0.941519 -0
    outer loop
      vertex 28.6001 71.0335 0.0213881
      vertex 28.3137 71.136 2
      vertex 28.6001 71.0335 2
    endloop
  endfacet
  facet normal 0.336961 0.941519 0
    outer loop
      vertex 28.3137 71.136 2
      vertex 28.6001 71.0335 0.0213881
      vertex 28.3137 71.136 0.0213881
    endloop
  endfacet
  facet normal 0.671576 0.740936 -0
    outer loop
      vertex 27.5334 71.6037 0.0213881
      vertex 27.308 71.808 2
      vertex 27.5334 71.6037 2
    endloop
  endfacet
  facet normal 0.671576 0.740936 0
    outer loop
      vertex 27.308 71.808 2
      vertex 27.5334 71.6037 0.0213881
      vertex 27.308 71.808 0.0213881
    endloop
  endfacet
  facet normal 0.970046 0.242922 0
    outer loop
      vertex 26.5335 73.1001 2
      vertex 26.4596 73.3952 0.0213881
      vertex 26.4596 73.3952 2
    endloop
  endfacet
  facet normal 0.970046 0.242922 0
    outer loop
      vertex 26.4596 73.3952 0.0213881
      vertex 26.5335 73.1001 2
      vertex 26.5335 73.1001 0.0213881
    endloop
  endfacet
  facet normal 0.740936 0.671576 0
    outer loop
      vertex 27.308 71.808 2
      vertex 27.1037 72.0334 0.0213881
      vertex 27.1037 72.0334 2
    endloop
  endfacet
  facet normal 0.740936 0.671576 0
    outer loop
      vertex 27.1037 72.0334 0.0213881
      vertex 27.308 71.808 2
      vertex 27.308 71.808 0.0213881
    endloop
  endfacet
  facet normal 0.989145 -0.146942 0
    outer loop
      vertex 26.4149 74.3039 2
      vertex 26.4596 74.6048 0.0213881
      vertex 26.4596 74.6048 2
    endloop
  endfacet
  facet normal 0.989145 -0.146942 0
    outer loop
      vertex 26.4596 74.6048 0.0213881
      vertex 26.4149 74.3039 2
      vertex 26.4149 74.3039 0.0213881
    endloop
  endfacet
  facet normal -0.242922 -0.970046 0
    outer loop
      vertex 30.1048 77.0404 0.0213881
      vertex 30.3999 76.9665 2
      vertex 30.1048 77.0404 2
    endloop
  endfacet
  facet normal -0.242922 -0.970046 -0
    outer loop
      vertex 30.3999 76.9665 2
      vertex 30.1048 77.0404 0.0213881
      vertex 30.3999 76.9665 0.0213881
    endloop
  endfacet
  facet normal 0.9988 0.0489705 0
    outer loop
      vertex 26.4149 73.6961 2
      vertex 26.4 74 0.0213881
      vertex 26.4 74 2
    endloop
  endfacet
  facet normal 0.9988 0.0489705 0
    outer loop
      vertex 26.4 74 0.0213881
      vertex 26.4149 73.6961 2
      vertex 26.4149 73.6961 0.0213881
    endloop
  endfacet
  facet normal 0.941519 -0.336961 0
    outer loop
      vertex 26.5335 74.8999 2
      vertex 26.636 75.1863 0.0213881
      vertex 26.636 75.1863 2
    endloop
  endfacet
  facet normal 0.941519 -0.336961 0
    outer loop
      vertex 26.636 75.1863 0.0213881
      vertex 26.5335 74.8999 2
      vertex 26.5335 74.8999 0.0213881
    endloop
  endfacet
  facet normal -0.595943 0.803027 0
    outer loop
      vertex 31.4666 71.6037 0.0213881
      vertex 31.2223 71.4224 2
      vertex 31.4666 71.6037 2
    endloop
  endfacet
  facet normal -0.595943 0.803027 0
    outer loop
      vertex 31.2223 71.4224 2
      vertex 31.4666 71.6037 0.0213881
      vertex 31.2223 71.4224 0.0213881
    endloop
  endfacet
  facet normal 0.803027 -0.595943 0
    outer loop
      vertex 26.9224 75.7223 2
      vertex 27.1037 75.9666 0.0213881
      vertex 27.1037 75.9666 2
    endloop
  endfacet
  facet normal 0.803027 -0.595943 0
    outer loop
      vertex 27.1037 75.9666 0.0213881
      vertex 26.9224 75.7223 2
      vertex 26.9224 75.7223 0.0213881
    endloop
  endfacet
  facet normal 0.514012 0.857783 -0
    outer loop
      vertex 28.0387 71.266 0.0213881
      vertex 27.7777 71.4224 2
      vertex 28.0387 71.266 2
    endloop
  endfacet
  facet normal 0.514012 0.857783 0
    outer loop
      vertex 27.7777 71.4224 2
      vertex 28.0387 71.266 0.0213881
      vertex 27.7777 71.4224 0.0213881
    endloop
  endfacet
  facet normal 0.595943 0.803027 -0
    outer loop
      vertex 27.7777 71.4224 0.0213881
      vertex 27.5334 71.6037 2
      vertex 27.7777 71.4224 2
    endloop
  endfacet
  facet normal 0.595943 0.803027 0
    outer loop
      vertex 27.5334 71.6037 2
      vertex 27.7777 71.4224 0.0213881
      vertex 27.5334 71.6037 0.0213881
    endloop
  endfacet
  facet normal 0.904072 -0.42738 0
    outer loop
      vertex 26.636 75.1863 2
      vertex 26.766 75.4613 0.0213881
      vertex 26.766 75.4613 2
    endloop
  endfacet
  facet normal 0.904072 -0.42738 0
    outer loop
      vertex 26.766 75.4613 0.0213881
      vertex 26.636 75.1863 2
      vertex 26.636 75.1863 0.0213881
    endloop
  endfacet
  facet normal -0.904072 0.42738 0
    outer loop
      vertex 32.234 72.5387 0.0213881
      vertex 32.364 72.8137 2
      vertex 32.364 72.8137 0.0213881
    endloop
  endfacet
  facet normal -0.904072 0.42738 0
    outer loop
      vertex 32.364 72.8137 2
      vertex 32.234 72.5387 0.0213881
      vertex 32.234 72.5387 2
    endloop
  endfacet
  facet normal 0.0489705 0.9988 -0
    outer loop
      vertex 29.5 70.9 0.0213881
      vertex 29.1961 70.9149 2
      vertex 29.5 70.9 2
    endloop
  endfacet
  facet normal 0.0489705 0.9988 0
    outer loop
      vertex 29.1961 70.9149 2
      vertex 29.5 70.9 0.0213881
      vertex 29.1961 70.9149 0.0213881
    endloop
  endfacet
  facet normal 0.146942 0.989145 -0
    outer loop
      vertex 29.1961 70.9149 0.0213881
      vertex 28.8952 70.9596 2
      vertex 29.1961 70.9149 2
    endloop
  endfacet
  facet normal 0.146942 0.989145 0
    outer loop
      vertex 28.8952 70.9596 2
      vertex 29.1961 70.9149 0.0213881
      vertex 28.8952 70.9596 0.0213881
    endloop
  endfacet
  facet normal -0.671576 0.740936 0
    outer loop
      vertex 31.692 71.808 0.0213881
      vertex 31.4666 71.6037 2
      vertex 31.692 71.808 2
    endloop
  endfacet
  facet normal -0.671576 0.740936 0
    outer loop
      vertex 31.4666 71.6037 2
      vertex 31.692 71.808 0.0213881
      vertex 31.4666 71.6037 0.0213881
    endloop
  endfacet
  facet normal -0.146942 -0.989145 0
    outer loop
      vertex 29.8039 77.0851 0.0213881
      vertex 30.1048 77.0404 2
      vertex 29.8039 77.0851 2
    endloop
  endfacet
  facet normal -0.146942 -0.989145 -0
    outer loop
      vertex 30.1048 77.0404 2
      vertex 29.8039 77.0851 0.0213881
      vertex 30.1048 77.0404 0.0213881
    endloop
  endfacet
  facet normal 0.42738 0.904072 -0
    outer loop
      vertex 28.3137 71.136 0.0213881
      vertex 28.0387 71.266 2
      vertex 28.3137 71.136 2
    endloop
  endfacet
  facet normal 0.42738 0.904072 0
    outer loop
      vertex 28.0387 71.266 2
      vertex 28.3137 71.136 0.0213881
      vertex 28.0387 71.266 0.0213881
    endloop
  endfacet
  facet normal -0 -0.989175 -0.14674
    outer loop
      vertex 33 7.69181 3.66663
      vertex 9.49413 7.66733 3.83165
      vertex 9.44652 7.69181 3.66663
    endloop
  endfacet
  facet normal 0 -0.989175 -0.14674
    outer loop
      vertex 9.49413 7.66733 3.83165
      vertex 33 7.69181 3.66663
      vertex 33 7.66733 3.83165
    endloop
  endfacet
  facet normal 0 0.14674 -0.989175
    outer loop
      vertex 33 5.66835 5.16733
      vertex 9.8866 5.83337 5.19181
      vertex 33 5.83337 5.19181
    endloop
  endfacet
  facet normal 0 0.14674 -0.989175
    outer loop
      vertex 9.8866 5.83337 5.19181
      vertex 33 5.66835 5.16733
      vertex 9.87953 5.66835 5.16733
    endloop
  endfacet
  facet normal 0 -0.14674 0.989175
    outer loop
      vertex 8.91734 6.33165 1.83267
      vertex 33 6.16663 1.80819
      vertex 33 6.33165 1.83267
    endloop
  endfacet
  facet normal 0 -0.14674 0.989175
    outer loop
      vertex 33 6.16663 1.80819
      vertex 8.91734 6.33165 1.83267
      vertex 8.91027 6.16663 1.80819
    endloop
  endfacet
  facet normal 0 0.67158 0.740932
    outer loop
      vertex 33 4.92153 2.18588
      vertex 9.05158 4.79792 2.29792
      vertex 33 4.79792 2.29792
    endloop
  endfacet
  facet normal 0 0.67158 0.740932
    outer loop
      vertex 9.05158 4.79792 2.29792
      vertex 33 4.92153 2.18588
      vertex 9.01926 4.92153 2.18588
    endloop
  endfacet
  facet normal 0 -0.998794 0.0490916
    outer loop
      vertex 33 7.69181 3.33337
      vertex 9.39844 7.7 3.5
      vertex 9.35036 7.69181 3.33337
    endloop
  endfacet
  facet normal 0 -0.998794 0.0490916
    outer loop
      vertex 9.39844 7.7 3.5
      vertex 33 7.69181 3.33337
      vertex 33 7.7 3.5
    endloop
  endfacet
  facet normal -0 -0.941533 -0.336921
    outer loop
      vertex 33 7.6268 3.99348
      vertex 9.58615 7.57059 4.15056
      vertex 9.54083 7.6268 3.99348
    endloop
  endfacet
  facet normal 0 -0.941533 -0.336921
    outer loop
      vertex 9.58615 7.57059 4.15056
      vertex 33 7.6268 3.99348
      vertex 33 7.57059 4.15056
    endloop
  endfacet
  facet normal -0 -0.803211 -0.595695
    outer loop
      vertex 33 7.4135 4.44447
      vertex 9.70962 7.31412 4.57847
      vertex 9.67096 7.4135 4.44447
    endloop
  endfacet
  facet normal 0 -0.803211 -0.595695
    outer loop
      vertex 9.70962 7.31412 4.57847
      vertex 33 7.4135 4.44447
      vertex 33 7.31412 4.57847
    endloop
  endfacet
  facet normal 0 0.14674 0.989175
    outer loop
      vertex 33 5.83337 1.80819
      vertex 8.91734 5.66835 1.83267
      vertex 33 5.66835 1.83267
    endloop
  endfacet
  facet normal 0 0.14674 0.989175
    outer loop
      vertex 8.91734 5.66835 1.83267
      vertex 33 5.83337 1.80819
      vertex 8.91027 5.83337 1.80819
    endloop
  endfacet
  facet normal 0 0.998794 -0.0490916
    outer loop
      vertex 33 4.3 3.5
      vertex 9.44652 4.30819 3.66663
      vertex 33 4.30819 3.66663
    endloop
  endfacet
  facet normal 0 0.998794 -0.0490916
    outer loop
      vertex 9.44652 4.30819 3.66663
      vertex 33 4.3 3.5
      vertex 9.39844 4.3 3.5
    endloop
  endfacet
  facet normal 0 0.740932 -0.67158
    outer loop
      vertex 33 4.68588 4.57847
      vertex 9.74529 4.79792 4.70208
      vertex 33 4.79792 4.70208
    endloop
  endfacet
  facet normal 0 0.740932 -0.67158
    outer loop
      vertex 9.74529 4.79792 4.70208
      vertex 33 4.68588 4.57847
      vertex 9.70962 4.68588 4.57847
    endloop
  endfacet
  facet normal 0 0.595695 0.803211
    outer loop
      vertex 33 5.05553 2.0865
      vertex 9.01926 4.92153 2.18588
      vertex 33 4.92153 2.18588
    endloop
  endfacet
  facet normal 0 0.595695 0.803211
    outer loop
      vertex 9.01926 4.92153 2.18588
      vertex 33 5.05553 2.0865
      vertex 8.99058 5.05553 2.0865
    endloop
  endfacet
  facet normal 0 -0.336921 -0.941533
    outer loop
      vertex 9.86784 6.49348 5.1268
      vertex 33 6.65056 5.07059
      vertex 33 6.49348 5.1268
    endloop
  endfacet
  facet normal -0 -0.336921 -0.941533
    outer loop
      vertex 33 6.65056 5.07059
      vertex 9.86784 6.49348 5.1268
      vertex 9.85162 6.65056 5.07059
    endloop
  endfacet
  facet normal 0 -0.0490916 0.998794
    outer loop
      vertex 8.91027 6.16663 1.80819
      vertex 33 6 1.8
      vertex 33 6.16663 1.80819
    endloop
  endfacet
  facet normal 0 -0.0490916 0.998794
    outer loop
      vertex 33 6 1.8
      vertex 8.91027 6.16663 1.80819
      vertex 8.90791 6 1.8
    endloop
  endfacet
  facet normal 0 -0.740932 0.67158
    outer loop
      vertex 33 7.20208 2.29792
      vertex 9.08725 7.31412 2.42153
      vertex 9.05158 7.20208 2.29792
    endloop
  endfacet
  facet normal 0 -0.740932 0.67158
    outer loop
      vertex 9.08725 7.31412 2.42153
      vertex 33 7.20208 2.29792
      vertex 33 7.31412 2.42153
    endloop
  endfacet
  facet normal 0 0.336921 -0.941533
    outer loop
      vertex 33 5.34944 5.07059
      vertex 9.86784 5.50652 5.1268
      vertex 33 5.50652 5.1268
    endloop
  endfacet
  facet normal 0 0.336921 -0.941533
    outer loop
      vertex 9.86784 5.50652 5.1268
      vertex 33 5.34944 5.07059
      vertex 9.85162 5.34944 5.07059
    endloop
  endfacet
  facet normal 0 -0.242945 0.97004
    outer loop
      vertex 8.92903 6.49348 1.8732
      vertex 33 6.33165 1.83267
      vertex 33 6.49348 1.8732
    endloop
  endfacet
  facet normal 0 -0.242945 0.97004
    outer loop
      vertex 33 6.33165 1.83267
      vertex 8.92903 6.49348 1.8732
      vertex 8.91734 6.33165 1.83267
    endloop
  endfacet
  facet normal 0 0.97004 -0.242945
    outer loop
      vertex 33 4.33267 3.83165
      vertex 9.54083 4.3732 3.99348
      vertex 33 4.3732 3.99348
    endloop
  endfacet
  facet normal 0 0.97004 -0.242945
    outer loop
      vertex 9.54083 4.3732 3.99348
      vertex 33 4.33267 3.83165
      vertex 9.49413 4.33267 3.83165
    endloop
  endfacet
  facet normal 0 -0.0490916 -0.998794
    outer loop
      vertex 9.88896 6 5.2
      vertex 33 6.16663 5.19181
      vertex 33 6 5.2
    endloop
  endfacet
  facet normal -0 -0.0490916 -0.998794
    outer loop
      vertex 33 6.16663 5.19181
      vertex 9.88896 6 5.2
      vertex 9.8866 6.16663 5.19181
    endloop
  endfacet
  facet normal 0 0.904007 -0.427517
    outer loop
      vertex 33 4.42941 4.15056
      vertex 9.62967 4.50073 4.30137
      vertex 33 4.50073 4.30137
    endloop
  endfacet
  facet normal 0 0.904007 -0.427517
    outer loop
      vertex 9.62967 4.50073 4.30137
      vertex 33 4.42941 4.15056
      vertex 9.58615 4.42941 4.15056
    endloop
  endfacet
  facet normal 0 -0.14674 -0.989175
    outer loop
      vertex 9.8866 6.16663 5.19181
      vertex 33 6.33165 5.16733
      vertex 33 6.16663 5.19181
    endloop
  endfacet
  facet normal -0 -0.14674 -0.989175
    outer loop
      vertex 33 6.33165 5.16733
      vertex 9.8866 6.16663 5.19181
      vertex 9.87953 6.33165 5.16733
    endloop
  endfacet
  facet normal 0 -0.67158 -0.740932
    outer loop
      vertex 9.77762 7.07847 4.81412
      vertex 33 7.20208 4.70208
      vertex 33 7.07847 4.81412
    endloop
  endfacet
  facet normal -0 -0.67158 -0.740932
    outer loop
      vertex 33 7.20208 4.70208
      vertex 9.77762 7.07847 4.81412
      vertex 9.74529 7.20208 4.70208
    endloop
  endfacet
  facet normal 0 0.904007 0.427517
    outer loop
      vertex 33 4.50073 2.69863
      vertex 9.21072 4.42941 2.84944
      vertex 33 4.42941 2.84944
    endloop
  endfacet
  facet normal 0 0.904007 0.427517
    outer loop
      vertex 9.21072 4.42941 2.84944
      vertex 33 4.50073 2.69863
      vertex 9.1672 4.50073 2.69863
    endloop
  endfacet
  facet normal 0 -0.904007 0.427517
    outer loop
      vertex 33 7.49927 2.69863
      vertex 9.21072 7.57059 2.84944
      vertex 9.1672 7.49927 2.69863
    endloop
  endfacet
  facet normal 0 -0.904007 0.427517
    outer loop
      vertex 9.21072 7.57059 2.84944
      vertex 33 7.49927 2.69863
      vertex 33 7.57059 2.84944
    endloop
  endfacet
  facet normal 0 0.242945 0.97004
    outer loop
      vertex 33 5.66835 1.83267
      vertex 8.92903 5.50652 1.8732
      vertex 33 5.50652 1.8732
    endloop
  endfacet
  facet normal 0 0.242945 0.97004
    outer loop
      vertex 8.92903 5.50652 1.8732
      vertex 33 5.66835 1.83267
      vertex 8.91734 5.66835 1.83267
    endloop
  endfacet
  facet normal 0 0.336921 0.941533
    outer loop
      vertex 33 5.50652 1.8732
      vertex 8.94525 5.34944 1.92941
      vertex 33 5.34944 1.92941
    endloop
  endfacet
  facet normal 0 0.336921 0.941533
    outer loop
      vertex 8.94525 5.34944 1.92941
      vertex 33 5.50652 1.8732
      vertex 8.92903 5.50652 1.8732
    endloop
  endfacet
  facet normal 0 0.0490916 0.998794
    outer loop
      vertex 33 6 1.8
      vertex 8.91027 5.83337 1.80819
      vertex 33 5.83337 1.80819
    endloop
  endfacet
  facet normal 0 0.0490916 0.998794
    outer loop
      vertex 8.91027 5.83337 1.80819
      vertex 33 6 1.8
      vertex 8.90791 6 1.8
    endloop
  endfacet
  facet normal 0 -0.595695 -0.803211
    outer loop
      vertex 9.80629 6.94447 4.9135
      vertex 33 7.07847 4.81412
      vertex 33 6.94447 4.9135
    endloop
  endfacet
  facet normal -0 -0.595695 -0.803211
    outer loop
      vertex 33 7.07847 4.81412
      vertex 9.80629 6.94447 4.9135
      vertex 9.77762 7.07847 4.81412
    endloop
  endfacet
  facet normal 0 0.989175 0.14674
    outer loop
      vertex 33 4.33267 3.16835
      vertex 9.35036 4.30819 3.33337
      vertex 33 4.30819 3.33337
    endloop
  endfacet
  facet normal 0 0.989175 0.14674
    outer loop
      vertex 9.35036 4.30819 3.33337
      vertex 33 4.33267 3.16835
      vertex 9.30274 4.33267 3.16835
    endloop
  endfacet
  facet normal 0 -0.336921 0.941533
    outer loop
      vertex 8.94525 6.65056 1.92941
      vertex 33 6.49348 1.8732
      vertex 33 6.65056 1.92941
    endloop
  endfacet
  facet normal 0 -0.336921 0.941533
    outer loop
      vertex 33 6.49348 1.8732
      vertex 8.94525 6.65056 1.92941
      vertex 8.92903 6.49348 1.8732
    endloop
  endfacet
  facet normal 0 -0.857731 0.514099
    outer loop
      vertex 33 7.4135 2.55553
      vertex 9.1672 7.49927 2.69863
      vertex 9.12592 7.4135 2.55553
    endloop
  endfacet
  facet normal 0 -0.857731 0.514099
    outer loop
      vertex 9.1672 7.49927 2.69863
      vertex 33 7.4135 2.55553
      vertex 33 7.49927 2.69863
    endloop
  endfacet
  facet normal 0 -0.427517 0.904007
    outer loop
      vertex 8.96583 6.80137 2.00073
      vertex 33 6.65056 1.92941
      vertex 33 6.80137 2.00073
    endloop
  endfacet
  facet normal 0 -0.427517 0.904007
    outer loop
      vertex 33 6.65056 1.92941
      vertex 8.96583 6.80137 2.00073
      vertex 8.94525 6.65056 1.92941
    endloop
  endfacet
  facet normal 0 0.998794 0.0490916
    outer loop
      vertex 33 4.30819 3.33337
      vertex 9.39844 4.3 3.5
      vertex 33 4.3 3.5
    endloop
  endfacet
  facet normal 0 0.998794 0.0490916
    outer loop
      vertex 9.39844 4.3 3.5
      vertex 33 4.30819 3.33337
      vertex 9.35036 4.30819 3.33337
    endloop
  endfacet
  facet normal 0 0.0490916 -0.998794
    outer loop
      vertex 33 5.83337 5.19181
      vertex 9.88896 6 5.2
      vertex 33 6 5.2
    endloop
  endfacet
  facet normal 0 0.0490916 -0.998794
    outer loop
      vertex 9.88896 6 5.2
      vertex 33 5.83337 5.19181
      vertex 9.8866 5.83337 5.19181
    endloop
  endfacet
  facet normal 0 -0.941533 0.336921
    outer loop
      vertex 33 7.57059 2.84944
      vertex 9.25604 7.6268 3.00652
      vertex 9.21072 7.57059 2.84944
    endloop
  endfacet
  facet normal 0 -0.941533 0.336921
    outer loop
      vertex 9.25604 7.6268 3.00652
      vertex 33 7.57059 2.84944
      vertex 33 7.6268 3.00652
    endloop
  endfacet
  facet normal 0 0.595695 -0.803211
    outer loop
      vertex 33 4.92153 4.81412
      vertex 9.80629 5.05553 4.9135
      vertex 33 5.05553 4.9135
    endloop
  endfacet
  facet normal 0 0.595695 -0.803211
    outer loop
      vertex 9.80629 5.05553 4.9135
      vertex 33 4.92153 4.81412
      vertex 9.77762 4.92153 4.81412
    endloop
  endfacet
  facet normal -0 -0.740932 -0.67158
    outer loop
      vertex 33 7.31412 4.57847
      vertex 9.74529 7.20208 4.70208
      vertex 9.70962 7.31412 4.57847
    endloop
  endfacet
  facet normal 0 -0.740932 -0.67158
    outer loop
      vertex 9.74529 7.20208 4.70208
      vertex 33 7.31412 4.57847
      vertex 33 7.20208 4.70208
    endloop
  endfacet
  facet normal 0 0.97004 0.242945
    outer loop
      vertex 33 4.3732 3.00652
      vertex 9.30274 4.33267 3.16835
      vertex 33 4.33267 3.16835
    endloop
  endfacet
  facet normal 0 0.97004 0.242945
    outer loop
      vertex 9.30274 4.33267 3.16835
      vertex 33 4.3732 3.00652
      vertex 9.25604 4.3732 3.00652
    endloop
  endfacet
  facet normal -0 -0.998794 -0.0490916
    outer loop
      vertex 33 7.7 3.5
      vertex 9.44652 7.69181 3.66663
      vertex 9.39844 7.7 3.5
    endloop
  endfacet
  facet normal 0 -0.998794 -0.0490916
    outer loop
      vertex 9.44652 7.69181 3.66663
      vertex 33 7.7 3.5
      vertex 33 7.69181 3.66663
    endloop
  endfacet
  facet normal 0 -0.595695 0.803211
    outer loop
      vertex 9.01926 7.07847 2.18588
      vertex 33 6.94447 2.0865
      vertex 33 7.07847 2.18588
    endloop
  endfacet
  facet normal 0 -0.595695 0.803211
    outer loop
      vertex 33 6.94447 2.0865
      vertex 9.01926 7.07847 2.18588
      vertex 8.99058 6.94447 2.0865
    endloop
  endfacet
  facet normal 0 0.427517 0.904007
    outer loop
      vertex 33 5.34944 1.92941
      vertex 8.96583 5.19863 2.00073
      vertex 33 5.19863 2.00073
    endloop
  endfacet
  facet normal 0 0.427517 0.904007
    outer loop
      vertex 8.96583 5.19863 2.00073
      vertex 33 5.34944 1.92941
      vertex 8.94525 5.34944 1.92941
    endloop
  endfacet
  facet normal 0 -0.514099 0.857731
    outer loop
      vertex 8.99058 6.94447 2.0865
      vertex 33 6.80137 2.00073
      vertex 33 6.94447 2.0865
    endloop
  endfacet
  facet normal 0 -0.514099 0.857731
    outer loop
      vertex 33 6.80137 2.00073
      vertex 8.99058 6.94447 2.0865
      vertex 8.96583 6.80137 2.00073
    endloop
  endfacet
  facet normal 0 -0.67158 0.740932
    outer loop
      vertex 9.05158 7.20208 2.29792
      vertex 33 7.07847 2.18588
      vertex 33 7.20208 2.29792
    endloop
  endfacet
  facet normal 0 -0.67158 0.740932
    outer loop
      vertex 33 7.07847 2.18588
      vertex 9.05158 7.20208 2.29792
      vertex 9.01926 7.07847 2.18588
    endloop
  endfacet
  facet normal 0 -0.803211 0.595695
    outer loop
      vertex 33 7.31412 2.42153
      vertex 9.12592 7.4135 2.55553
      vertex 9.08725 7.31412 2.42153
    endloop
  endfacet
  facet normal 0 -0.803211 0.595695
    outer loop
      vertex 9.12592 7.4135 2.55553
      vertex 33 7.31412 2.42153
      vertex 33 7.4135 2.55553
    endloop
  endfacet
  facet normal 0 0.989175 -0.14674
    outer loop
      vertex 33 4.30819 3.66663
      vertex 9.49413 4.33267 3.83165
      vertex 33 4.33267 3.83165
    endloop
  endfacet
  facet normal 0 0.989175 -0.14674
    outer loop
      vertex 9.49413 4.33267 3.83165
      vertex 33 4.30819 3.66663
      vertex 9.44652 4.30819 3.66663
    endloop
  endfacet
  facet normal 0 0.740932 0.67158
    outer loop
      vertex 33 4.79792 2.29792
      vertex 9.08725 4.68588 2.42153
      vertex 33 4.68588 2.42153
    endloop
  endfacet
  facet normal 0 0.740932 0.67158
    outer loop
      vertex 9.08725 4.68588 2.42153
      vertex 33 4.79792 2.29792
      vertex 9.05158 4.79792 2.29792
    endloop
  endfacet
  facet normal 0 0.857731 0.514099
    outer loop
      vertex 33 4.5865 2.55553
      vertex 9.1672 4.50073 2.69863
      vertex 33 4.50073 2.69863
    endloop
  endfacet
  facet normal 0 0.857731 0.514099
    outer loop
      vertex 9.1672 4.50073 2.69863
      vertex 33 4.5865 2.55553
      vertex 9.12592 4.5865 2.55553
    endloop
  endfacet
  facet normal 0 0.941533 -0.336921
    outer loop
      vertex 33 4.3732 3.99348
      vertex 9.58615 4.42941 4.15056
      vertex 33 4.42941 4.15056
    endloop
  endfacet
  facet normal 0 0.941533 -0.336921
    outer loop
      vertex 9.58615 4.42941 4.15056
      vertex 33 4.3732 3.99348
      vertex 9.54083 4.3732 3.99348
    endloop
  endfacet
  facet normal 0 0.242945 -0.97004
    outer loop
      vertex 33 5.50652 5.1268
      vertex 9.87953 5.66835 5.16733
      vertex 33 5.66835 5.16733
    endloop
  endfacet
  facet normal 0 0.242945 -0.97004
    outer loop
      vertex 9.87953 5.66835 5.16733
      vertex 33 5.50652 5.1268
      vertex 9.86784 5.50652 5.1268
    endloop
  endfacet
  facet normal 0 0.941533 0.336921
    outer loop
      vertex 33 4.42941 2.84944
      vertex 9.25604 4.3732 3.00652
      vertex 33 4.3732 3.00652
    endloop
  endfacet
  facet normal 0 0.941533 0.336921
    outer loop
      vertex 9.25604 4.3732 3.00652
      vertex 33 4.42941 2.84944
      vertex 9.21072 4.42941 2.84944
    endloop
  endfacet
  facet normal 0 0.514099 0.857731
    outer loop
      vertex 33 5.19863 2.00073
      vertex 8.99058 5.05553 2.0865
      vertex 33 5.05553 2.0865
    endloop
  endfacet
  facet normal 0 0.514099 0.857731
    outer loop
      vertex 8.99058 5.05553 2.0865
      vertex 33 5.19863 2.00073
      vertex 8.96583 5.19863 2.00073
    endloop
  endfacet
  facet normal -0 -0.97004 -0.242945
    outer loop
      vertex 33 7.66733 3.83165
      vertex 9.54083 7.6268 3.99348
      vertex 9.49413 7.66733 3.83165
    endloop
  endfacet
  facet normal 0 -0.97004 -0.242945
    outer loop
      vertex 9.54083 7.6268 3.99348
      vertex 33 7.66733 3.83165
      vertex 33 7.6268 3.99348
    endloop
  endfacet
  facet normal 0 -0.989175 0.14674
    outer loop
      vertex 33 7.66733 3.16835
      vertex 9.35036 7.69181 3.33337
      vertex 9.30274 7.66733 3.16835
    endloop
  endfacet
  facet normal 0 -0.989175 0.14674
    outer loop
      vertex 9.35036 7.69181 3.33337
      vertex 33 7.66733 3.16835
      vertex 33 7.69181 3.33337
    endloop
  endfacet
  facet normal 0 0.67158 -0.740932
    outer loop
      vertex 33 4.79792 4.70208
      vertex 9.77762 4.92153 4.81412
      vertex 33 4.92153 4.81412
    endloop
  endfacet
  facet normal 0 0.67158 -0.740932
    outer loop
      vertex 9.77762 4.92153 4.81412
      vertex 33 4.79792 4.70208
      vertex 9.74529 4.79792 4.70208
    endloop
  endfacet
  facet normal 0 -0.427517 -0.904007
    outer loop
      vertex 9.85162 6.65056 5.07059
      vertex 33 6.80137 4.99927
      vertex 33 6.65056 5.07059
    endloop
  endfacet
  facet normal -0 -0.427517 -0.904007
    outer loop
      vertex 33 6.80137 4.99927
      vertex 9.85162 6.65056 5.07059
      vertex 9.83104 6.80137 4.99927
    endloop
  endfacet
  facet normal 0 0.514099 -0.857731
    outer loop
      vertex 33 5.05553 4.9135
      vertex 9.83104 5.19863 4.99927
      vertex 33 5.19863 4.99927
    endloop
  endfacet
  facet normal 0 0.514099 -0.857731
    outer loop
      vertex 9.83104 5.19863 4.99927
      vertex 33 5.05553 4.9135
      vertex 9.80629 5.05553 4.9135
    endloop
  endfacet
  facet normal 0 0.857731 -0.514099
    outer loop
      vertex 33 4.50073 4.30137
      vertex 9.67096 4.5865 4.44447
      vertex 33 4.5865 4.44447
    endloop
  endfacet
  facet normal 0 0.857731 -0.514099
    outer loop
      vertex 9.67096 4.5865 4.44447
      vertex 33 4.50073 4.30137
      vertex 9.62967 4.50073 4.30137
    endloop
  endfacet
  facet normal 0 -0.242945 -0.97004
    outer loop
      vertex 9.87953 6.33165 5.16733
      vertex 33 6.49348 5.1268
      vertex 33 6.33165 5.16733
    endloop
  endfacet
  facet normal -0 -0.242945 -0.97004
    outer loop
      vertex 33 6.49348 5.1268
      vertex 9.87953 6.33165 5.16733
      vertex 9.86784 6.49348 5.1268
    endloop
  endfacet
  facet normal 0 -0.97004 0.242945
    outer loop
      vertex 33 7.6268 3.00652
      vertex 9.30274 7.66733 3.16835
      vertex 9.25604 7.6268 3.00652
    endloop
  endfacet
  facet normal 0 -0.97004 0.242945
    outer loop
      vertex 9.30274 7.66733 3.16835
      vertex 33 7.6268 3.00652
      vertex 33 7.66733 3.16835
    endloop
  endfacet
  facet normal 0 0.803211 -0.595695
    outer loop
      vertex 33 4.5865 4.44447
      vertex 9.70962 4.68588 4.57847
      vertex 33 4.68588 4.57847
    endloop
  endfacet
  facet normal 0 0.803211 -0.595695
    outer loop
      vertex 9.70962 4.68588 4.57847
      vertex 33 4.5865 4.44447
      vertex 9.67096 4.5865 4.44447
    endloop
  endfacet
  facet normal 0 0.803211 0.595695
    outer loop
      vertex 33 4.68588 2.42153
      vertex 9.12592 4.5865 2.55553
      vertex 33 4.5865 2.55553
    endloop
  endfacet
  facet normal 0 0.803211 0.595695
    outer loop
      vertex 9.12592 4.5865 2.55553
      vertex 33 4.68588 2.42153
      vertex 9.08725 4.68588 2.42153
    endloop
  endfacet
  facet normal 0 -0.514099 -0.857731
    outer loop
      vertex 9.83104 6.80137 4.99927
      vertex 33 6.94447 4.9135
      vertex 33 6.80137 4.99927
    endloop
  endfacet
  facet normal -0 -0.514099 -0.857731
    outer loop
      vertex 33 6.94447 4.9135
      vertex 9.83104 6.80137 4.99927
      vertex 9.80629 6.94447 4.9135
    endloop
  endfacet
  facet normal 0 0.427517 -0.904007
    outer loop
      vertex 33 5.19863 4.99927
      vertex 9.85162 5.34944 5.07059
      vertex 33 5.34944 5.07059
    endloop
  endfacet
  facet normal 0 0.427517 -0.904007
    outer loop
      vertex 9.85162 5.34944 5.07059
      vertex 33 5.19863 4.99927
      vertex 9.83104 5.19863 4.99927
    endloop
  endfacet
  facet normal -0 -0.857731 -0.514099
    outer loop
      vertex 33 7.49927 4.30137
      vertex 9.67096 7.4135 4.44447
      vertex 9.62967 7.49927 4.30137
    endloop
  endfacet
  facet normal 0 -0.857731 -0.514099
    outer loop
      vertex 9.67096 7.4135 4.44447
      vertex 33 7.49927 4.30137
      vertex 33 7.4135 4.44447
    endloop
  endfacet
  facet normal -0 -0.904007 -0.427517
    outer loop
      vertex 33 7.57059 4.15056
      vertex 9.62967 7.49927 4.30137
      vertex 9.58615 7.57059 4.15056
    endloop
  endfacet
  facet normal 0 -0.904007 -0.427517
    outer loop
      vertex 9.62967 7.49927 4.30137
      vertex 33 7.57059 4.15056
      vertex 33 7.49927 4.30137
    endloop
  endfacet
  facet normal 0 -0.146731 0.989176
    outer loop
      vertex 33 6.60478 0.459566
      vertex 34.8458 6.30385 0.414927
      vertex 34.9231 6.60478 0.459566
    endloop
  endfacet
  facet normal 0 -0.146731 0.989176
    outer loop
      vertex 34.8458 6.30385 0.414927
      vertex 33 6.60478 0.459566
      vertex 33 6.30385 0.414927
    endloop
  endfacet
  facet normal 0 -0.0490638 0.998796
    outer loop
      vertex 33 6.30385 0.414927
      vertex 34.8199 6 0.400001
      vertex 34.8458 6.30385 0.414927
    endloop
  endfacet
  facet normal 0 -0.0490638 0.998796
    outer loop
      vertex 34.8199 6 0.400001
      vertex 33 6.30385 0.414927
      vertex 33 6 0.400001
    endloop
  endfacet
  facet normal 1.43011e-05 -0.242986 0.97003
    outer loop
      vertex 35.0388 6.89988 0.533485
      vertex 34.9231 6.60478 0.459566
      vertex 35.0219 6.83254 0.516617
    endloop
  endfacet
  facet normal 0 -0.242981 0.970031
    outer loop
      vertex 33 6.89988 0.533485
      vertex 34.9231 6.60478 0.459566
      vertex 35.0388 6.89988 0.533485
    endloop
  endfacet
  facet normal 0 -0.242981 0.970031
    outer loop
      vertex 34.9231 6.60478 0.459566
      vertex 33 6.89988 0.533485
      vertex 33 6.60478 0.459566
    endloop
  endfacet
  facet normal 0.000135493 0.595737 0.80318
    outer loop
      vertex 35.366 4.25115 0.942158
      vertex 35.4426 4.03338 1.10367
      vertex 35.3949 4.20269 0.978097
    endloop
  endfacet
  facet normal -6.93571e-05 0.59569 0.803214
    outer loop
      vertex 35.3498 4.27773 0.922444
      vertex 35.4426 4.03338 1.10367
      vertex 35.366 4.25115 0.942158
    endloop
  endfacet
  facet normal 0 0.595707 0.803202
    outer loop
      vertex 33 4.03338 1.10367
      vertex 35.3498 4.27773 0.922444
      vertex 33 4.27773 0.922444
    endloop
  endfacet
  facet normal 0 0.595707 0.803202
    outer loop
      vertex 35.3498 4.27773 0.922444
      vertex 33 4.03338 1.10367
      vertex 35.4426 4.03338 1.10367
    endloop
  endfacet
  facet normal -0 0.998795 0.0490769
    outer loop
      vertex 33 2.91493 3.19615
      vertex 35.4927 2.9 3.5
      vertex 35.4989 2.91493 3.19615
    endloop
  endfacet
  facet normal 0 0.998795 0.0490769
    outer loop
      vertex 35.4927 2.9 3.5
      vertex 33 2.91493 3.19615
      vertex 33 2.9 3.5
    endloop
  endfacet
  facet normal 0 0.857732 0.514098
    outer loop
      vertex 35.6048 3.27744 2.01965
      vertex 33 3.26604 2.03867
      vertex 35.6055 3.26604 2.03867
    endloop
  endfacet
  facet normal 1.63291e-08 0.857731 0.514099
    outer loop
      vertex 35.5953 3.42244 1.77773
      vertex 33 3.26604 2.03867
      vertex 35.6048 3.27744 2.01965
    endloop
  endfacet
  facet normal 0 0.857731 0.514099
    outer loop
      vertex 33 3.26604 2.03867
      vertex 35.5953 3.42244 1.77773
      vertex 33 3.42244 1.77773
    endloop
  endfacet
  facet normal 0 -0.903989 -0.427555
    outer loop
      vertex 33 8.86403 4.68632
      vertex 35.9786 8.73396 4.96133
      vertex 33 8.73396 4.96133
    endloop
  endfacet
  facet normal 0 -0.903989 -0.427555
    outer loop
      vertex 35.9786 8.73396 4.96133
      vertex 33 8.86403 4.68632
      vertex 35.9786 8.86403 4.68632
    endloop
  endfacet
  facet normal 0 -0.857731 0.514099
    outer loop
      vertex 35.8725 8.57756 1.77773
      vertex 33 8.73396 2.03867
      vertex 33 8.57756 1.77773
    endloop
  endfacet
  facet normal 0 -0.857731 0.514099
    outer loop
      vertex 33 8.73396 2.03867
      vertex 35.8725 8.57756 1.77773
      vertex 35.9424 8.73396 2.03867
    endloop
  endfacet
  facet normal 0 -0.998795 -0.0490769
    outer loop
      vertex 33 9.1 3.5
      vertex 35.9786 9.08507 3.80385
      vertex 33 9.08507 3.80385
    endloop
  endfacet
  facet normal 0 -0.998795 -0.0490769
    outer loop
      vertex 35.9786 9.08507 3.80385
      vertex 33 9.1 3.5
      vertex 35.9786 9.1 3.5
    endloop
  endfacet
  facet normal -5.94815e-06 0.595671 -0.803229
    outer loop
      vertex 33 4.27773 6.07756
      vertex 35.8791 4.11368 5.95588
      vertex 35.8672 4.03338 5.89633
    endloop
  endfacet
  facet normal 0 0.595716 -0.803195
    outer loop
      vertex 33 4.27773 6.07756
      vertex 35.8672 4.03338 5.89633
      vertex 33 4.03338 5.89633
    endloop
  endfacet
  facet normal 0 0.595738 -0.803179
    outer loop
      vertex 35.8791 4.11368 5.95588
      vertex 33 4.27773 6.07756
      vertex 35.9007 4.27773 6.07756
    endloop
  endfacet
  facet normal 0 -0.336887 0.941545
    outer loop
      vertex 33 7.18632 0.635974
      vertex 35.0388 6.89988 0.533485
      vertex 35.1413 7.18632 0.635974
    endloop
  endfacet
  facet normal 0 -0.336887 0.941545
    outer loop
      vertex 35.0388 6.89988 0.533485
      vertex 33 7.18632 0.635974
      vertex 33 6.89988 0.533485
    endloop
  endfacet
  facet normal 2.99193e-06 0.336868 0.941552
    outer loop
      vertex 33 4.81368 0.635974
      vertex 35.0526 5.06149 0.547306
      vertex 35.0388 5.10012 0.533485
    endloop
  endfacet
  facet normal 0 0.336887 0.941545
    outer loop
      vertex 33 4.81368 0.635974
      vertex 35.0388 5.10012 0.533485
      vertex 33 5.10012 0.533485
    endloop
  endfacet
  facet normal 0 0.33689 0.941544
    outer loop
      vertex 35.0526 5.06149 0.547306
      vertex 33 4.81368 0.635974
      vertex 35.1291 4.81368 0.635974
    endloop
  endfacet
  facet normal 0 0.514099 -0.857731
    outer loop
      vertex 33 4.53867 6.23396
      vertex 35.9007 4.27773 6.07756
      vertex 33 4.27773 6.07756
    endloop
  endfacet
  facet normal 0 0.514099 -0.857731
    outer loop
      vertex 35.9007 4.27773 6.07756
      vertex 33 4.53867 6.23396
      vertex 35.9351 4.53867 6.23396
    endloop
  endfacet
  facet normal -0 0.97003 0.242984
    outer loop
      vertex 33 3.03349 2.60012
      vertex 35.5174 2.95957 2.89522
      vertex 35.548 3.03349 2.60012
    endloop
  endfacet
  facet normal 0 0.97003 0.242984
    outer loop
      vertex 35.5174 2.95957 2.89522
      vertex 33 3.03349 2.60012
      vertex 33 2.95957 2.89522
    endloop
  endfacet
  facet normal 0 0.0490638 0.998796
    outer loop
      vertex 33 5.69615 0.414927
      vertex 34.8199 6 0.400001
      vertex 33 6 0.400001
    endloop
  endfacet
  facet normal 0 0.0490638 0.998796
    outer loop
      vertex 34.8199 6 0.400001
      vertex 33 5.69615 0.414927
      vertex 34.8458 5.69615 0.414927
    endloop
  endfacet
  facet normal 0 0.803195 -0.595716
    outer loop
      vertex 35.708 3.42244 5.22227
      vertex 33 3.60367 5.46662
      vertex 35.7729 3.60367 5.46662
    endloop
  endfacet
  facet normal 0 0.803195 -0.595716
    outer loop
      vertex 33 3.60367 5.46662
      vertex 35.708 3.42244 5.22227
      vertex 33 3.42244 5.22227
    endloop
  endfacet
  facet normal 0 0.146734 -0.989176
    outer loop
      vertex 33 5.39522 6.54043
      vertex 35.9786 5.69615 6.58507
      vertex 35.9786 5.39522 6.54043
    endloop
  endfacet
  facet normal 0 0.146734 -0.989176
    outer loop
      vertex 35.9786 5.69615 6.58507
      vertex 33 5.39522 6.54043
      vertex 33 5.69615 6.58507
    endloop
  endfacet
  facet normal 0 -0.803195 -0.595716
    outer loop
      vertex 33 8.57756 5.22227
      vertex 35.9786 8.39633 5.46662
      vertex 33 8.39633 5.46662
    endloop
  endfacet
  facet normal 0 -0.803195 -0.595716
    outer loop
      vertex 35.9786 8.39633 5.46662
      vertex 33 8.57756 5.22227
      vertex 35.9786 8.57756 5.22227
    endloop
  endfacet
  facet normal 0 -0.803195 0.595716
    outer loop
      vertex 35.804 8.39633 1.53338
      vertex 35.8725 8.57756 1.77773
      vertex 33 8.57756 1.77773
    endloop
  endfacet
  facet normal 0 -0.803195 0.595716
    outer loop
      vertex 35.804 8.39633 1.53338
      vertex 33 8.57756 1.77773
      vertex 33 8.39633 1.53338
    endloop
  endfacet
  facet normal -1.88997e-05 -0.803193 0.595719
    outer loop
      vertex 35.8725 8.57756 1.77773
      vertex 35.804 8.39633 1.53338
      vertex 35.8097 8.40368 1.54329
    endloop
  endfacet
  facet normal -1.63605e-06 0.671569 0.740942
    outer loop
      vertex 33 3.80797 1.30797
      vertex 35.4656 3.9725 1.15885
      vertex 35.4426 4.03338 1.10367
    endloop
  endfacet
  facet normal 0 0.671559 0.740951
    outer loop
      vertex 33 3.80797 1.30797
      vertex 35.4426 4.03338 1.10367
      vertex 33 4.03338 1.10367
    endloop
  endfacet
  facet normal 0 0.671556 0.740954
    outer loop
      vertex 35.4656 3.9725 1.15885
      vertex 33 3.80797 1.30797
      vertex 35.5131 3.80797 1.30797
    endloop
  endfacet
  facet normal 2.56997e-07 0.336863 -0.941554
    outer loop
      vertex 33 5.10012 6.46651
      vertex 35.9786 5.06149 6.45269
      vertex 35.9664 4.81368 6.36403
    endloop
  endfacet
  facet normal 0 0.336861 -0.941554
    outer loop
      vertex 33 5.10012 6.46651
      vertex 35.9664 4.81368 6.36403
      vertex 33 4.81368 6.36403
    endloop
  endfacet
  facet normal 0 0.336846 -0.94156
    outer loop
      vertex 35.9786 5.06149 6.45269
      vertex 33 5.10012 6.46651
      vertex 35.9786 5.10012 6.46651
    endloop
  endfacet
  facet normal 0 0.146731 0.989176
    outer loop
      vertex 33 5.39522 0.459566
      vertex 34.8458 5.69615 0.414927
      vertex 33 5.69615 0.414927
    endloop
  endfacet
  facet normal 0 0.146731 0.989176
    outer loop
      vertex 34.8458 5.69615 0.414927
      vertex 33 5.39522 0.459566
      vertex 34.9231 5.39522 0.459566
    endloop
  endfacet
  facet normal 0 -0.514099 -0.857731
    outer loop
      vertex 33 7.46133 6.23396
      vertex 35.9786 7.72227 6.07756
      vertex 35.9786 7.46133 6.23396
    endloop
  endfacet
  facet normal -0 -0.514099 -0.857731
    outer loop
      vertex 35.9786 7.72227 6.07756
      vertex 33 7.46133 6.23396
      vertex 33 7.72227 6.07756
    endloop
  endfacet
  facet normal 1.43011e-05 0.242986 0.97003
    outer loop
      vertex 34.9231 5.39522 0.459566
      vertex 35.0388 5.10012 0.533485
      vertex 35.0219 5.16746 0.516617
    endloop
  endfacet
  facet normal 0 0.242981 0.970031
    outer loop
      vertex 33 5.10012 0.533485
      vertex 34.9231 5.39522 0.459566
      vertex 33 5.39522 0.459566
    endloop
  endfacet
  facet normal 0 0.242981 0.970031
    outer loop
      vertex 34.9231 5.39522 0.459566
      vertex 33 5.10012 0.533485
      vertex 35.0388 5.10012 0.533485
    endloop
  endfacet
  facet normal -0.000442883 0.903999 0.427535
    outer loop
      vertex 35.6055 3.26604 2.03867
      vertex 35.5905 3.13597 2.31368
      vertex 35.6179 3.20219 2.17369
    endloop
  endfacet
  facet normal -0 0.903989 0.427555
    outer loop
      vertex 33 3.26604 2.03867
      vertex 35.5905 3.13597 2.31368
      vertex 35.6055 3.26604 2.03867
    endloop
  endfacet
  facet normal 0 0.903989 0.427555
    outer loop
      vertex 35.5905 3.13597 2.31368
      vertex 33 3.26604 2.03867
      vertex 33 3.13597 2.31368
    endloop
  endfacet
  facet normal 0 -0.740951 0.671559
    outer loop
      vertex 35.6738 8.19203 1.30797
      vertex 33 8.39633 1.53338
      vertex 33 8.19203 1.30797
    endloop
  endfacet
  facet normal 0 -0.740951 0.671559
    outer loop
      vertex 33 8.39633 1.53338
      vertex 35.6738 8.19203 1.30797
      vertex 35.804 8.39633 1.53338
    endloop
  endfacet
  facet normal 0 -0.941554 -0.336861
    outer loop
      vertex 33 8.96651 4.39988
      vertex 35.9786 8.86403 4.68632
      vertex 33 8.86403 4.68632
    endloop
  endfacet
  facet normal 0 -0.941554 -0.336861
    outer loop
      vertex 35.9786 8.86403 4.68632
      vertex 33 8.96651 4.39988
      vertex 35.9786 8.96651 4.39988
    endloop
  endfacet
  facet normal 0 -0.903989 0.427555
    outer loop
      vertex 35.9424 8.73396 2.03867
      vertex 35.9786 8.86403 2.31368
      vertex 33 8.86403 2.31368
    endloop
  endfacet
  facet normal 0 -0.903989 0.427555
    outer loop
      vertex 35.9424 8.73396 2.03867
      vertex 33 8.86403 2.31368
      vertex 33 8.73396 2.03867
    endloop
  endfacet
  facet normal -0.000475008 -0.903965 0.427606
    outer loop
      vertex 35.9786 8.86403 2.31368
      vertex 35.9424 8.73396 2.03867
      vertex 35.9786 8.79781 2.17369
    endloop
  endfacet
  facet normal 0 -0.0490769 -0.998795
    outer loop
      vertex 33 6 6.6
      vertex 35.9786 6.30385 6.58507
      vertex 35.9786 6 6.6
    endloop
  endfacet
  facet normal -0 -0.0490769 -0.998795
    outer loop
      vertex 35.9786 6.30385 6.58507
      vertex 33 6 6.6
      vertex 33 6.30385 6.58507
    endloop
  endfacet
  facet normal 7.81993e-05 -0.595734 0.803182
    outer loop
      vertex 35.5559 7.96662 1.10367
      vertex 35.4277 7.72227 0.922444
      vertex 35.4834 7.79731 0.978097
    endloop
  endfacet
  facet normal 0 -0.595707 0.803202
    outer loop
      vertex 33 7.96662 1.10367
      vertex 35.4277 7.72227 0.922444
      vertex 35.5559 7.96662 1.10367
    endloop
  endfacet
  facet normal 0 -0.595707 0.803202
    outer loop
      vertex 35.4277 7.72227 0.922444
      vertex 33 7.96662 1.10367
      vertex 33 7.72227 0.922444
    endloop
  endfacet
  facet normal 0 -0.998795 0.0490769
    outer loop
      vertex 33 9.08507 3.19615
      vertex 35.9786 9.1 3.5
      vertex 33 9.1 3.5
    endloop
  endfacet
  facet normal 0 -0.998795 0.0490769
    outer loop
      vertex 35.9786 9.1 3.5
      vertex 33 9.08507 3.19615
      vertex 35.9786 9.08507 3.19615
    endloop
  endfacet
  facet normal 0 -0.740951 -0.671559
    outer loop
      vertex 33 8.39633 5.46662
      vertex 35.9786 8.19203 5.69203
      vertex 33 8.19203 5.69203
    endloop
  endfacet
  facet normal 0 -0.740951 -0.671559
    outer loop
      vertex 35.9786 8.19203 5.69203
      vertex 33 8.39633 5.46662
      vertex 35.9786 8.39633 5.46662
    endloop
  endfacet
  facet normal -0 0.941554 0.336861
    outer loop
      vertex 33 3.13597 2.31368
      vertex 35.548 3.03349 2.60012
      vertex 35.5905 3.13597 2.31368
    endloop
  endfacet
  facet normal 0 0.941554 0.336861
    outer loop
      vertex 35.548 3.03349 2.60012
      vertex 33 3.13597 2.31368
      vertex 33 3.03349 2.60012
    endloop
  endfacet
  facet normal 0 -0.671559 0.740951
    outer loop
      vertex 33 8.19203 1.30797
      vertex 35.5559 7.96662 1.10367
      vertex 35.6738 8.19203 1.30797
    endloop
  endfacet
  facet normal 0 -0.671559 0.740951
    outer loop
      vertex 35.5559 7.96662 1.10367
      vertex 33 8.19203 1.30797
      vertex 33 7.96662 1.10367
    endloop
  endfacet
  facet normal 0 0.97003 -0.242984
    outer loop
      vertex 35.5174 2.95957 4.10478
      vertex 33 3.03349 4.39988
      vertex 35.548 3.03349 4.39988
    endloop
  endfacet
  facet normal 0 0.97003 -0.242984
    outer loop
      vertex 33 3.03349 4.39988
      vertex 35.5174 2.95957 4.10478
      vertex 33 2.95957 4.10478
    endloop
  endfacet
  facet normal 0 -0.427558 0.903988
    outer loop
      vertex 33 7.46133 0.766045
      vertex 35.1413 7.18632 0.635974
      vertex 35.2713 7.46133 0.766045
    endloop
  endfacet
  facet normal 0 -0.427558 0.903988
    outer loop
      vertex 35.1413 7.18632 0.635974
      vertex 33 7.46133 0.766045
      vertex 33 7.18632 0.635974
    endloop
  endfacet
  facet normal -8.44606e-07 0.514102 0.857729
    outer loop
      vertex 33 4.27773 0.922444
      vertex 35.3133 4.35582 0.875641
      vertex 35.2278 4.53867 0.766045
    endloop
  endfacet
  facet normal 0 0.514097 0.857732
    outer loop
      vertex 33 4.27773 0.922444
      vertex 35.2278 4.53867 0.766045
      vertex 33 4.53867 0.766045
    endloop
  endfacet
  facet normal 0 0.514084 0.85774
    outer loop
      vertex 35.3133 4.35582 0.875641
      vertex 33 4.27773 0.922444
      vertex 35.3498 4.27773 0.922444
    endloop
  endfacet
  facet normal 0 -0.941554 0.336861
    outer loop
      vertex 33 8.86403 2.31368
      vertex 35.9786 8.96651 2.60012
      vertex 33 8.96651 2.60012
    endloop
  endfacet
  facet normal 0 -0.941554 0.336861
    outer loop
      vertex 35.9786 8.96651 2.60012
      vertex 33 8.86403 2.31368
      vertex 35.9786 8.86403 2.31368
    endloop
  endfacet
  facet normal 0 -0.97003 -0.242984
    outer loop
      vertex 33 9.04043 4.10478
      vertex 35.9786 8.96651 4.39988
      vertex 33 8.96651 4.39988
    endloop
  endfacet
  facet normal 0 -0.97003 -0.242984
    outer loop
      vertex 35.9786 8.96651 4.39988
      vertex 33 9.04043 4.10478
      vertex 35.9786 9.04043 4.10478
    endloop
  endfacet
  facet normal 0 -0.857731 -0.514099
    outer loop
      vertex 33 8.73396 4.96133
      vertex 35.9786 8.57756 5.22227
      vertex 33 8.57756 5.22227
    endloop
  endfacet
  facet normal 0 -0.857731 -0.514099
    outer loop
      vertex 35.9786 8.57756 5.22227
      vertex 33 8.73396 4.96133
      vertex 35.9786 8.73396 4.96133
    endloop
  endfacet
  facet normal 0 -0.514097 0.857732
    outer loop
      vertex 33 7.72227 0.922444
      vertex 35.2713 7.46133 0.766045
      vertex 35.4277 7.72227 0.922444
    endloop
  endfacet
  facet normal 0 -0.514097 0.857732
    outer loop
      vertex 35.2713 7.46133 0.766045
      vertex 33 7.72227 0.922444
      vertex 33 7.46133 0.766045
    endloop
  endfacet
  facet normal 0 -0.242984 -0.97003
    outer loop
      vertex 33 6.60478 6.54043
      vertex 35.9786 6.89988 6.46651
      vertex 35.9786 6.60478 6.54043
    endloop
  endfacet
  facet normal -0 -0.242984 -0.97003
    outer loop
      vertex 35.9786 6.89988 6.46651
      vertex 33 6.60478 6.54043
      vertex 33 6.89988 6.46651
    endloop
  endfacet
  facet normal 0 -0.989176 -0.146734
    outer loop
      vertex 33 9.08507 3.80385
      vertex 35.9786 9.04043 4.10478
      vertex 33 9.04043 4.10478
    endloop
  endfacet
  facet normal 0 -0.989176 -0.146734
    outer loop
      vertex 35.9786 9.04043 4.10478
      vertex 33 9.08507 3.80385
      vertex 35.9786 9.08507 3.80385
    endloop
  endfacet
  facet normal -2.43429e-06 0.427534 -0.903999
    outer loop
      vertex 33 4.81368 6.36403
      vertex 35.9636 4.75519 6.33636
      vertex 35.9351 4.53867 6.23396
    endloop
  endfacet
  facet normal 0 0.427555 -0.903989
    outer loop
      vertex 33 4.81368 6.36403
      vertex 35.9351 4.53867 6.23396
      vertex 33 4.53867 6.23396
    endloop
  endfacet
  facet normal 0 0.427635 -0.903952
    outer loop
      vertex 35.9636 4.75519 6.33636
      vertex 33 4.81368 6.36403
      vertex 35.9664 4.81368 6.36403
    endloop
  endfacet
  facet normal -0 0.989176 0.146734
    outer loop
      vertex 33 2.95957 2.89522
      vertex 35.4989 2.91493 3.19615
      vertex 35.5174 2.95957 2.89522
    endloop
  endfacet
  facet normal 0 0.989176 0.146734
    outer loop
      vertex 35.4989 2.91493 3.19615
      vertex 33 2.95957 2.89522
      vertex 33 2.91493 3.19615
    endloop
  endfacet
  facet normal 0 0.941554 -0.336861
    outer loop
      vertex 35.548 3.03349 4.39988
      vertex 33 3.13597 4.68632
      vertex 35.5905 3.13597 4.68632
    endloop
  endfacet
  facet normal 0 0.941554 -0.336861
    outer loop
      vertex 33 3.13597 4.68632
      vertex 35.548 3.03349 4.39988
      vertex 33 3.03349 4.39988
    endloop
  endfacet
  facet normal 0 0.740961 -0.671548
    outer loop
      vertex 35.7836 3.63373 5.49978
      vertex 33 3.80797 5.69203
      vertex 35.8273 3.80797 5.69203
    endloop
  endfacet
  facet normal -9.70935e-06 0.740891 -0.671625
    outer loop
      vertex 35.7729 3.60367 5.46662
      vertex 33 3.80797 5.69203
      vertex 35.7836 3.63373 5.49978
    endloop
  endfacet
  facet normal 0 0.740951 -0.671559
    outer loop
      vertex 33 3.80797 5.69203
      vertex 35.7729 3.60367 5.46662
      vertex 33 3.60367 5.46662
    endloop
  endfacet
  facet normal 0 0.740948 0.671563
    outer loop
      vertex 35.5595 3.69378 1.43396
      vertex 33 3.60367 1.53338
      vertex 35.588 3.60367 1.53338
    endloop
  endfacet
  facet normal -4.28373e-07 0.740953 0.671557
    outer loop
      vertex 35.5131 3.80797 1.30797
      vertex 33 3.60367 1.53338
      vertex 35.5595 3.69378 1.43396
    endloop
  endfacet
  facet normal 0 0.740951 0.671559
    outer loop
      vertex 33 3.60367 1.53338
      vertex 35.5131 3.80797 1.30797
      vertex 33 3.80797 1.30797
    endloop
  endfacet
  facet normal 0 0.242984 -0.97003
    outer loop
      vertex 33 5.10012 6.46651
      vertex 35.9786 5.39522 6.54043
      vertex 35.9786 5.10012 6.46651
    endloop
  endfacet
  facet normal 0 0.242984 -0.97003
    outer loop
      vertex 35.9786 5.39522 6.54043
      vertex 33 5.10012 6.46651
      vertex 33 5.39522 6.54043
    endloop
  endfacet
  facet normal -0.000838539 0.671641 -0.740877
    outer loop
      vertex 35.8273 3.80797 5.69203
      vertex 35.8672 4.03338 5.89633
      vertex 35.8432 3.87134 5.74946
    endloop
  endfacet
  facet normal 0 0.671559 -0.740951
    outer loop
      vertex 33 4.03338 5.89633
      vertex 35.8273 3.80797 5.69203
      vertex 33 3.80797 5.69203
    endloop
  endfacet
  facet normal 0 0.671559 -0.740951
    outer loop
      vertex 35.8273 3.80797 5.69203
      vertex 33 4.03338 5.89633
      vertex 35.8672 4.03338 5.89633
    endloop
  endfacet
  facet normal 0 -0.146734 -0.989176
    outer loop
      vertex 33 6.30385 6.58507
      vertex 35.9786 6.60478 6.54043
      vertex 35.9786 6.30385 6.58507
    endloop
  endfacet
  facet normal -0 -0.146734 -0.989176
    outer loop
      vertex 35.9786 6.60478 6.54043
      vertex 33 6.30385 6.58507
      vertex 33 6.60478 6.54043
    endloop
  endfacet
  facet normal 0 -0.97003 0.242984
    outer loop
      vertex 33 8.96651 2.60012
      vertex 35.9786 9.04043 2.89522
      vertex 33 9.04043 2.89522
    endloop
  endfacet
  facet normal 0 -0.97003 0.242984
    outer loop
      vertex 35.9786 9.04043 2.89522
      vertex 33 8.96651 2.60012
      vertex 35.9786 8.96651 2.60012
    endloop
  endfacet
  facet normal 0 0.0490769 -0.998795
    outer loop
      vertex 33 5.69615 6.58507
      vertex 35.9786 6 6.6
      vertex 35.9786 5.69615 6.58507
    endloop
  endfacet
  facet normal 0 0.0490769 -0.998795
    outer loop
      vertex 35.9786 6 6.6
      vertex 33 5.69615 6.58507
      vertex 33 6 6.6
    endloop
  endfacet
  facet normal 0 -0.336861 -0.941554
    outer loop
      vertex 33 6.89988 6.46651
      vertex 35.9786 7.18632 6.36403
      vertex 35.9786 6.89988 6.46651
    endloop
  endfacet
  facet normal -0 -0.336861 -0.941554
    outer loop
      vertex 35.9786 7.18632 6.36403
      vertex 33 6.89988 6.46651
      vertex 33 7.18632 6.36403
    endloop
  endfacet
  facet normal 0 0.802866 0.59616
    outer loop
      vertex 35.5955 3.43115 1.766
      vertex 33 3.42244 1.77773
      vertex 35.5953 3.42244 1.77773
    endloop
  endfacet
  facet normal 9.39309e-05 0.803214 0.595691
    outer loop
      vertex 35.588 3.60367 1.53338
      vertex 35.5955 3.43115 1.766
      vertex 35.5914 3.59632 1.54329
    endloop
  endfacet
  facet normal -3.27295e-06 0.803212 0.595693
    outer loop
      vertex 35.5955 3.43115 1.766
      vertex 35.588 3.60367 1.53338
      vertex 33 3.42244 1.77773
    endloop
  endfacet
  facet normal 0 0.803195 0.595716
    outer loop
      vertex 33 3.42244 1.77773
      vertex 35.588 3.60367 1.53338
      vertex 33 3.60367 1.53338
    endloop
  endfacet
  facet normal 0 -0.595716 -0.803195
    outer loop
      vertex 33 7.72227 6.07756
      vertex 35.9786 7.96662 5.89633
      vertex 35.9786 7.72227 6.07756
    endloop
  endfacet
  facet normal -0 -0.595716 -0.803195
    outer loop
      vertex 35.9786 7.96662 5.89633
      vertex 33 7.72227 6.07756
      vertex 33 7.96662 5.89633
    endloop
  endfacet
  facet normal 0 0.85784 -0.513916
    outer loop
      vertex 35.701 3.40288 5.18962
      vertex 33 3.42244 5.22227
      vertex 35.708 3.42244 5.22227
    endloop
  endfacet
  facet normal -3.43053e-06 0.857715 -0.514125
    outer loop
      vertex 35.6444 3.26604 4.96133
      vertex 33 3.42244 5.22227
      vertex 35.701 3.40288 5.18962
    endloop
  endfacet
  facet normal 0 0.857731 -0.514099
    outer loop
      vertex 33 3.42244 5.22227
      vertex 35.6444 3.26604 4.96133
      vertex 33 3.26604 4.96133
    endloop
  endfacet
  facet normal 0 -0.427555 -0.903989
    outer loop
      vertex 33 7.18632 6.36403
      vertex 35.9786 7.46133 6.23396
      vertex 35.9786 7.18632 6.36403
    endloop
  endfacet
  facet normal -0 -0.427555 -0.903989
    outer loop
      vertex 35.9786 7.46133 6.23396
      vertex 33 7.18632 6.36403
      vertex 33 7.46133 6.23396
    endloop
  endfacet
  facet normal -2.05681e-06 0.427571 0.903982
    outer loop
      vertex 33 4.53867 0.766045
      vertex 35.1539 4.75519 0.663639
      vertex 35.1291 4.81368 0.635974
    endloop
  endfacet
  facet normal 0 0.427558 0.903988
    outer loop
      vertex 33 4.53867 0.766045
      vertex 35.1291 4.81368 0.635974
      vertex 33 4.81368 0.635974
    endloop
  endfacet
  facet normal 0 0.427554 0.90399
    outer loop
      vertex 35.1539 4.75519 0.663639
      vertex 33 4.53867 0.766045
      vertex 35.2278 4.53867 0.766045
    endloop
  endfacet
  facet normal 0 0.998795 -0.0490769
    outer loop
      vertex 35.4927 2.9 3.5
      vertex 33 2.91493 3.80385
      vertex 35.4989 2.91493 3.80385
    endloop
  endfacet
  facet normal 0 0.998795 -0.0490769
    outer loop
      vertex 33 2.91493 3.80385
      vertex 35.4927 2.9 3.5
      vertex 33 2.9 3.5
    endloop
  endfacet
  facet normal 0 0.989176 -0.146734
    outer loop
      vertex 35.4989 2.91493 3.80385
      vertex 33 2.95957 4.10478
      vertex 35.5174 2.95957 4.10478
    endloop
  endfacet
  facet normal 0 0.989176 -0.146734
    outer loop
      vertex 33 2.95957 4.10478
      vertex 35.4989 2.91493 3.80385
      vertex 33 2.91493 3.80385
    endloop
  endfacet
  facet normal 0 -0.989176 0.146734
    outer loop
      vertex 33 9.04043 2.89522
      vertex 35.9786 9.08507 3.19615
      vertex 33 9.08507 3.19615
    endloop
  endfacet
  facet normal 0 -0.989176 0.146734
    outer loop
      vertex 35.9786 9.08507 3.19615
      vertex 33 9.04043 2.89522
      vertex 35.9786 9.04043 2.89522
    endloop
  endfacet
  facet normal 0 0.903989 -0.427555
    outer loop
      vertex 35.5905 3.13597 4.68632
      vertex 33 3.26604 4.96133
      vertex 35.6444 3.26604 4.96133
    endloop
  endfacet
  facet normal 0 0.903989 -0.427555
    outer loop
      vertex 33 3.26604 4.96133
      vertex 35.5905 3.13597 4.68632
      vertex 33 3.13597 4.68632
    endloop
  endfacet
  facet normal 0 -0.671559 -0.740951
    outer loop
      vertex 33 7.96662 5.89633
      vertex 35.9786 8.19203 5.69203
      vertex 35.9786 7.96662 5.89633
    endloop
  endfacet
  facet normal -0 -0.671559 -0.740951
    outer loop
      vertex 35.9786 8.19203 5.69203
      vertex 33 7.96662 5.89633
      vertex 33 8.19203 5.69203
    endloop
  endfacet
  facet normal 1 0 0
    outer loop
      vertex 33 7.7 3.5
      vertex 33 9.1 3.5
      vertex 33 9.08507 3.80385
    endloop
  endfacet
  facet normal 1 0 0
    outer loop
      vertex 33 7.69181 3.66663
      vertex 33 9.08507 3.80385
      vertex 33 9.04043 4.10478
    endloop
  endfacet
  facet normal 1 0 0
    outer loop
      vertex 33 9.1 3.5
      vertex 33 7.7 3.5
      vertex 33 9.08507 3.19615
    endloop
  endfacet
  facet normal 1 0 0
    outer loop
      vertex 33 7.66733 3.83165
      vertex 33 9.04043 4.10478
      vertex 33 8.96651 4.39988
    endloop
  endfacet
  facet normal 1 -0 0
    outer loop
      vertex 33 7.69181 3.33337
      vertex 33 9.08507 3.19615
      vertex 33 7.7 3.5
    endloop
  endfacet
  facet normal 1 0 0
    outer loop
      vertex 33 7.6268 3.99348
      vertex 33 8.96651 4.39988
      vertex 33 8.86403 4.68632
    endloop
  endfacet
  facet normal 1 0 0
    outer loop
      vertex 33 9.08507 3.19615
      vertex 33 7.69181 3.33337
      vertex 33 9.04043 2.89522
    endloop
  endfacet
  facet normal 1 0 0
    outer loop
      vertex 33 7.57059 4.15056
      vertex 33 8.86403 4.68632
      vertex 33 8.73396 4.96133
    endloop
  endfacet
  facet normal 1 -0 0
    outer loop
      vertex 33 7.66733 3.16835
      vertex 33 9.04043 2.89522
      vertex 33 7.69181 3.33337
    endloop
  endfacet
  facet normal 1 0 0
    outer loop
      vertex 33 7.49927 4.30137
      vertex 33 8.73396 4.96133
      vertex 33 8.57756 5.22227
    endloop
  endfacet
  facet normal 1 0 0
    outer loop
      vertex 33 9.04043 2.89522
      vertex 33 7.66733 3.16835
      vertex 33 8.96651 2.60012
    endloop
  endfacet
  facet normal 1 0 0
    outer loop
      vertex 33 7.4135 4.44447
      vertex 33 8.57756 5.22227
      vertex 33 8.39633 5.46662
    endloop
  endfacet
  facet normal 1 -0 0
    outer loop
      vertex 33 7.6268 3.00652
      vertex 33 8.96651 2.60012
      vertex 33 7.66733 3.16835
    endloop
  endfacet
  facet normal 1 0 0
    outer loop
      vertex 33 7.31412 4.57847
      vertex 33 8.39633 5.46662
      vertex 33 8.19203 5.69203
    endloop
  endfacet
  facet normal 1 0 0
    outer loop
      vertex 33 8.96651 2.60012
      vertex 33 7.6268 3.00652
      vertex 33 8.86403 2.31368
    endloop
  endfacet
  facet normal 1 0 0
    outer loop
      vertex 33 7.20208 4.70208
      vertex 33 8.19203 5.69203
      vertex 33 7.96662 5.89633
    endloop
  endfacet
  facet normal 1 -0 0
    outer loop
      vertex 33 7.57059 2.84944
      vertex 33 8.86403 2.31368
      vertex 33 7.6268 3.00652
    endloop
  endfacet
  facet normal 1 0 0
    outer loop
      vertex 33 7.07847 4.81412
      vertex 33 7.96662 5.89633
      vertex 33 7.72227 6.07756
    endloop
  endfacet
  facet normal 1 0 0
    outer loop
      vertex 33 8.86403 2.31368
      vertex 33 7.57059 2.84944
      vertex 33 8.73396 2.03867
    endloop
  endfacet
  facet normal 1 -0 0
    outer loop
      vertex 33 7.49927 2.69863
      vertex 33 8.73396 2.03867
      vertex 33 7.57059 2.84944
    endloop
  endfacet
  facet normal 1 0 0
    outer loop
      vertex 33 9.08507 3.80385
      vertex 33 7.69181 3.66663
      vertex 33 7.7 3.5
    endloop
  endfacet
  facet normal 1 0 0
    outer loop
      vertex 33 9.04043 4.10478
      vertex 33 7.66733 3.83165
      vertex 33 7.69181 3.66663
    endloop
  endfacet
  facet normal 1 0 0
    outer loop
      vertex 33 8.96651 4.39988
      vertex 33 7.6268 3.99348
      vertex 33 7.66733 3.83165
    endloop
  endfacet
  facet normal 1 0 0
    outer loop
      vertex 33 8.86403 4.68632
      vertex 33 7.57059 4.15056
      vertex 33 7.6268 3.99348
    endloop
  endfacet
  facet normal 1 0 0
    outer loop
      vertex 33 8.73396 4.96133
      vertex 33 7.49927 4.30137
      vertex 33 7.57059 4.15056
    endloop
  endfacet
  facet normal 1 0 0
    outer loop
      vertex 33 6.94447 4.9135
      vertex 33 7.72227 6.07756
      vertex 33 7.46133 6.23396
    endloop
  endfacet
  facet normal 1 0 0
    outer loop
      vertex 33 8.57756 5.22227
      vertex 33 7.4135 4.44447
      vertex 33 7.49927 4.30137
    endloop
  endfacet
  facet normal 1 0 0
    outer loop
      vertex 33 8.39633 5.46662
      vertex 33 7.31412 4.57847
      vertex 33 7.4135 4.44447
    endloop
  endfacet
  facet normal 1 0 0
    outer loop
      vertex 33 8.19203 5.69203
      vertex 33 7.20208 4.70208
      vertex 33 7.31412 4.57847
    endloop
  endfacet
  facet normal 1 0 0
    outer loop
      vertex 33 6.80137 4.99927
      vertex 33 7.46133 6.23396
      vertex 33 7.18632 6.36403
    endloop
  endfacet
  facet normal 1 0 0
    outer loop
      vertex 33 7.96662 5.89633
      vertex 33 7.07847 4.81412
      vertex 33 7.20208 4.70208
    endloop
  endfacet
  facet normal 1 0 0
    outer loop
      vertex 33 7.72227 6.07756
      vertex 33 6.94447 4.9135
      vertex 33 7.07847 4.81412
    endloop
  endfacet
  facet normal 1 0 0
    outer loop
      vertex 33 6.65056 5.07059
      vertex 33 7.18632 6.36403
      vertex 33 6.89988 6.46651
    endloop
  endfacet
  facet normal 1 0 0
    outer loop
      vertex 33 7.46133 6.23396
      vertex 33 6.80137 4.99927
      vertex 33 6.94447 4.9135
    endloop
  endfacet
  facet normal 1 0 0
    outer loop
      vertex 33 7.18632 6.36403
      vertex 33 6.65056 5.07059
      vertex 33 6.80137 4.99927
    endloop
  endfacet
  facet normal 1 0 0
    outer loop
      vertex 33 6.49348 5.1268
      vertex 33 6.89988 6.46651
      vertex 33 6.60478 6.54043
    endloop
  endfacet
  facet normal 1 0 0
    outer loop
      vertex 33 6.89988 6.46651
      vertex 33 6.49348 5.1268
      vertex 33 6.65056 5.07059
    endloop
  endfacet
  facet normal 1 0 0
    outer loop
      vertex 33 6.60478 6.54043
      vertex 33 6.33165 5.16733
      vertex 33 6.49348 5.1268
    endloop
  endfacet
  facet normal 1 0 0
    outer loop
      vertex 33 6.30385 6.58507
      vertex 33 6.33165 5.16733
      vertex 33 6.60478 6.54043
    endloop
  endfacet
  facet normal 1 0 0
    outer loop
      vertex 33 6.30385 6.58507
      vertex 33 6.16663 5.19181
      vertex 33 6.33165 5.16733
    endloop
  endfacet
  facet normal 1 0 0
    outer loop
      vertex 33 6 6.6
      vertex 33 6.16663 5.19181
      vertex 33 6.30385 6.58507
    endloop
  endfacet
  facet normal 1 0 0
    outer loop
      vertex 33 6 6.6
      vertex 33 6 5.2
      vertex 33 6.16663 5.19181
    endloop
  endfacet
  facet normal 1 0 0
    outer loop
      vertex 33 6 6.6
      vertex 33 5.83337 5.19181
      vertex 33 6 5.2
    endloop
  endfacet
  facet normal 1 -0 0
    outer loop
      vertex 33 5.69615 6.58507
      vertex 33 5.83337 5.19181
      vertex 33 6 6.6
    endloop
  endfacet
  facet normal 1 0 0
    outer loop
      vertex 33 5.69615 6.58507
      vertex 33 5.66835 5.16733
      vertex 33 5.83337 5.19181
    endloop
  endfacet
  facet normal 1 -0 0
    outer loop
      vertex 33 5.39522 6.54043
      vertex 33 5.66835 5.16733
      vertex 33 5.69615 6.58507
    endloop
  endfacet
  facet normal 1 0 0
    outer loop
      vertex 33 5.66835 5.16733
      vertex 33 5.39522 6.54043
      vertex 33 5.50652 5.1268
    endloop
  endfacet
  facet normal 1 -0 0
    outer loop
      vertex 33 5.10012 6.46651
      vertex 33 5.50652 5.1268
      vertex 33 5.39522 6.54043
    endloop
  endfacet
  facet normal 1 0 0
    outer loop
      vertex 33 5.50652 5.1268
      vertex 33 5.10012 6.46651
      vertex 33 5.34944 5.07059
    endloop
  endfacet
  facet normal 1 -0 0
    outer loop
      vertex 33 4.81368 6.36403
      vertex 33 5.34944 5.07059
      vertex 33 5.10012 6.46651
    endloop
  endfacet
  facet normal 1 0 0
    outer loop
      vertex 33 5.34944 5.07059
      vertex 33 4.81368 6.36403
      vertex 33 5.19863 4.99927
    endloop
  endfacet
  facet normal 1 -0 0
    outer loop
      vertex 33 4.53867 6.23396
      vertex 33 5.19863 4.99927
      vertex 33 4.81368 6.36403
    endloop
  endfacet
  facet normal 1 0 0
    outer loop
      vertex 33 5.19863 4.99927
      vertex 33 4.53867 6.23396
      vertex 33 5.05553 4.9135
    endloop
  endfacet
  facet normal 1 -0 0
    outer loop
      vertex 33 4.27773 6.07756
      vertex 33 5.05553 4.9135
      vertex 33 4.53867 6.23396
    endloop
  endfacet
  facet normal 1 0 0
    outer loop
      vertex 33 5.05553 4.9135
      vertex 33 4.27773 6.07756
      vertex 33 4.92153 4.81412
    endloop
  endfacet
  facet normal 1 -0 0
    outer loop
      vertex 33 4.03338 5.89633
      vertex 33 4.92153 4.81412
      vertex 33 4.27773 6.07756
    endloop
  endfacet
  facet normal 1 0 0
    outer loop
      vertex 33 4.92153 4.81412
      vertex 33 4.03338 5.89633
      vertex 33 4.79792 4.70208
    endloop
  endfacet
  facet normal 1 -0 0
    outer loop
      vertex 33 3.80797 5.69203
      vertex 33 4.79792 4.70208
      vertex 33 4.03338 5.89633
    endloop
  endfacet
  facet normal 1 0 0
    outer loop
      vertex 33 4.79792 4.70208
      vertex 33 3.80797 5.69203
      vertex 33 4.68588 4.57847
    endloop
  endfacet
  facet normal 1 -0 0
    outer loop
      vertex 33 3.60367 5.46662
      vertex 33 4.68588 4.57847
      vertex 33 3.80797 5.69203
    endloop
  endfacet
  facet normal 1 0 0
    outer loop
      vertex 33 4.68588 4.57847
      vertex 33 3.60367 5.46662
      vertex 33 4.5865 4.44447
    endloop
  endfacet
  facet normal 1 -0 0
    outer loop
      vertex 33 3.42244 5.22227
      vertex 33 4.5865 4.44447
      vertex 33 3.60367 5.46662
    endloop
  endfacet
  facet normal 1 -0 0
    outer loop
      vertex 33 3.26604 4.96133
      vertex 33 4.50073 4.30137
      vertex 33 3.42244 5.22227
    endloop
  endfacet
  facet normal 1 0 0
    outer loop
      vertex 33 4.5865 4.44447
      vertex 33 3.42244 5.22227
      vertex 33 4.50073 4.30137
    endloop
  endfacet
  facet normal 1 0 0
    outer loop
      vertex 33 8.73396 2.03867
      vertex 33 7.49927 2.69863
      vertex 33 8.57756 1.77773
    endloop
  endfacet
  facet normal 1 -0 0
    outer loop
      vertex 33 7.4135 2.55553
      vertex 33 8.57756 1.77773
      vertex 33 7.49927 2.69863
    endloop
  endfacet
  facet normal 1 0 0
    outer loop
      vertex 33 8.57756 1.77773
      vertex 33 7.4135 2.55553
      vertex 33 8.39633 1.53338
    endloop
  endfacet
  facet normal 1 -0 0
    outer loop
      vertex 33 7.31412 2.42153
      vertex 33 8.39633 1.53338
      vertex 33 7.4135 2.55553
    endloop
  endfacet
  facet normal 1 0 0
    outer loop
      vertex 33 8.39633 1.53338
      vertex 33 7.31412 2.42153
      vertex 33 8.19203 1.30797
    endloop
  endfacet
  facet normal 1 -0 0
    outer loop
      vertex 33 7.20208 2.29792
      vertex 33 8.19203 1.30797
      vertex 33 7.31412 2.42153
    endloop
  endfacet
  facet normal 1 0 0
    outer loop
      vertex 33 8.19203 1.30797
      vertex 33 7.20208 2.29792
      vertex 33 7.96662 1.10367
    endloop
  endfacet
  facet normal 1 -0 0
    outer loop
      vertex 33 7.07847 2.18588
      vertex 33 7.96662 1.10367
      vertex 33 7.20208 2.29792
    endloop
  endfacet
  facet normal 1 0 0
    outer loop
      vertex 33 7.96662 1.10367
      vertex 33 7.07847 2.18588
      vertex 33 7.72227 0.922444
    endloop
  endfacet
  facet normal 1 -0 0
    outer loop
      vertex 33 6.94447 2.0865
      vertex 33 7.72227 0.922444
      vertex 33 7.07847 2.18588
    endloop
  endfacet
  facet normal 1 0 0
    outer loop
      vertex 33 7.72227 0.922444
      vertex 33 6.94447 2.0865
      vertex 33 7.46133 0.766045
    endloop
  endfacet
  facet normal 1 -0 0
    outer loop
      vertex 33 6.80137 2.00073
      vertex 33 7.46133 0.766045
      vertex 33 6.94447 2.0865
    endloop
  endfacet
  facet normal 1 0 0
    outer loop
      vertex 33 7.46133 0.766045
      vertex 33 6.80137 2.00073
      vertex 33 7.18632 0.635974
    endloop
  endfacet
  facet normal 1 -0 0
    outer loop
      vertex 33 6.65056 1.92941
      vertex 33 7.18632 0.635974
      vertex 33 6.80137 2.00073
    endloop
  endfacet
  facet normal 1 0 0
    outer loop
      vertex 33 7.18632 0.635974
      vertex 33 6.65056 1.92941
      vertex 33 6.89988 0.533485
    endloop
  endfacet
  facet normal 1 -0 0
    outer loop
      vertex 33 6.49348 1.8732
      vertex 33 6.89988 0.533485
      vertex 33 6.65056 1.92941
    endloop
  endfacet
  facet normal 1 0 0
    outer loop
      vertex 33 6.89988 0.533485
      vertex 33 6.49348 1.8732
      vertex 33 6.60478 0.459566
    endloop
  endfacet
  facet normal 1 -0 0
    outer loop
      vertex 33 6.33165 1.83267
      vertex 33 6.60478 0.459566
      vertex 33 6.49348 1.8732
    endloop
  endfacet
  facet normal 1 0 0
    outer loop
      vertex 33 6.33165 1.83267
      vertex 33 6.30385 0.414927
      vertex 33 6.60478 0.459566
    endloop
  endfacet
  facet normal 1 -0 0
    outer loop
      vertex 33 6.16663 1.80819
      vertex 33 6.30385 0.414927
      vertex 33 6.33165 1.83267
    endloop
  endfacet
  facet normal 1 -0 0
    outer loop
      vertex 33 6 1.8
      vertex 33 6.30385 0.414927
      vertex 33 6.16663 1.80819
    endloop
  endfacet
  facet normal 1 0 0
    outer loop
      vertex 33 6 1.8
      vertex 33 6 0.400001
      vertex 33 6.30385 0.414927
    endloop
  endfacet
  facet normal 1 0 0
    outer loop
      vertex 33 5.83337 1.80819
      vertex 33 6 0.400001
      vertex 33 6 1.8
    endloop
  endfacet
  facet normal 1 0 0
    outer loop
      vertex 33 5.83337 1.80819
      vertex 33 5.69615 0.414927
      vertex 33 6 0.400001
    endloop
  endfacet
  facet normal 1 0 0
    outer loop
      vertex 33 5.66835 1.83267
      vertex 33 5.69615 0.414927
      vertex 33 5.83337 1.80819
    endloop
  endfacet
  facet normal 1 0 0
    outer loop
      vertex 33 5.39522 0.459566
      vertex 33 5.66835 1.83267
      vertex 33 5.50652 1.8732
    endloop
  endfacet
  facet normal 1 0 0
    outer loop
      vertex 33 5.66835 1.83267
      vertex 33 5.39522 0.459566
      vertex 33 5.69615 0.414927
    endloop
  endfacet
  facet normal 1 0 0
    outer loop
      vertex 33 5.10012 0.533485
      vertex 33 5.50652 1.8732
      vertex 33 5.34944 1.92941
    endloop
  endfacet
  facet normal 1 0 0
    outer loop
      vertex 33 4.81368 0.635974
      vertex 33 5.34944 1.92941
      vertex 33 5.19863 2.00073
    endloop
  endfacet
  facet normal 1 0 0
    outer loop
      vertex 33 5.50652 1.8732
      vertex 33 5.10012 0.533485
      vertex 33 5.39522 0.459566
    endloop
  endfacet
  facet normal 1 0 0
    outer loop
      vertex 33 4.53867 0.766045
      vertex 33 5.19863 2.00073
      vertex 33 5.05553 2.0865
    endloop
  endfacet
  facet normal 1 0 0
    outer loop
      vertex 33 4.27773 0.922444
      vertex 33 5.05553 2.0865
      vertex 33 4.92153 2.18588
    endloop
  endfacet
  facet normal 1 0 0
    outer loop
      vertex 33 5.34944 1.92941
      vertex 33 4.81368 0.635974
      vertex 33 5.10012 0.533485
    endloop
  endfacet
  facet normal 1 0 0
    outer loop
      vertex 33 4.03338 1.10367
      vertex 33 4.92153 2.18588
      vertex 33 4.79792 2.29792
    endloop
  endfacet
  facet normal 1 0 0
    outer loop
      vertex 33 3.80797 1.30797
      vertex 33 4.79792 2.29792
      vertex 33 4.68588 2.42153
    endloop
  endfacet
  facet normal 1 0 0
    outer loop
      vertex 33 3.60367 1.53338
      vertex 33 4.68588 2.42153
      vertex 33 4.5865 2.55553
    endloop
  endfacet
  facet normal 1 0 0
    outer loop
      vertex 33 5.19863 2.00073
      vertex 33 4.53867 0.766045
      vertex 33 4.81368 0.635974
    endloop
  endfacet
  facet normal 1 0 0
    outer loop
      vertex 33 3.42244 1.77773
      vertex 33 4.5865 2.55553
      vertex 33 4.50073 2.69863
    endloop
  endfacet
  facet normal 1 0 0
    outer loop
      vertex 33 3.26604 2.03867
      vertex 33 4.50073 2.69863
      vertex 33 4.42941 2.84944
    endloop
  endfacet
  facet normal 1 0 0
    outer loop
      vertex 33 3.13597 2.31368
      vertex 33 4.42941 2.84944
      vertex 33 4.3732 3.00652
    endloop
  endfacet
  facet normal 1 0 0
    outer loop
      vertex 33 3.03349 2.60012
      vertex 33 4.3732 3.00652
      vertex 33 4.33267 3.16835
    endloop
  endfacet
  facet normal 1 0 0
    outer loop
      vertex 33 2.95957 2.89522
      vertex 33 4.33267 3.16835
      vertex 33 4.30819 3.33337
    endloop
  endfacet
  facet normal 1 0 0
    outer loop
      vertex 33 5.05553 2.0865
      vertex 33 4.27773 0.922444
      vertex 33 4.53867 0.766045
    endloop
  endfacet
  facet normal 1 0 0
    outer loop
      vertex 33 2.91493 3.19615
      vertex 33 4.30819 3.33337
      vertex 33 4.3 3.5
    endloop
  endfacet
  facet normal 1 0 0
    outer loop
      vertex 33 4.50073 4.30137
      vertex 33 3.26604 4.96133
      vertex 33 4.42941 4.15056
    endloop
  endfacet
  facet normal 1 -0 0
    outer loop
      vertex 33 3.13597 4.68632
      vertex 33 4.42941 4.15056
      vertex 33 3.26604 4.96133
    endloop
  endfacet
  facet normal 1 0 0
    outer loop
      vertex 33 4.92153 2.18588
      vertex 33 4.03338 1.10367
      vertex 33 4.27773 0.922444
    endloop
  endfacet
  facet normal 1 0 0
    outer loop
      vertex 33 4.42941 4.15056
      vertex 33 3.13597 4.68632
      vertex 33 4.3732 3.99348
    endloop
  endfacet
  facet normal 1 0 0
    outer loop
      vertex 33 4.79792 2.29792
      vertex 33 3.80797 1.30797
      vertex 33 4.03338 1.10367
    endloop
  endfacet
  facet normal 1 -0 0
    outer loop
      vertex 33 3.03349 4.39988
      vertex 33 4.3732 3.99348
      vertex 33 3.13597 4.68632
    endloop
  endfacet
  facet normal 1 0 0
    outer loop
      vertex 33 4.68588 2.42153
      vertex 33 3.60367 1.53338
      vertex 33 3.80797 1.30797
    endloop
  endfacet
  facet normal 1 0 0
    outer loop
      vertex 33 4.3732 3.99348
      vertex 33 3.03349 4.39988
      vertex 33 4.33267 3.83165
    endloop
  endfacet
  facet normal 1 0 0
    outer loop
      vertex 33 4.5865 2.55553
      vertex 33 3.42244 1.77773
      vertex 33 3.60367 1.53338
    endloop
  endfacet
  facet normal 1 -0 0
    outer loop
      vertex 33 2.95957 4.10478
      vertex 33 4.33267 3.83165
      vertex 33 3.03349 4.39988
    endloop
  endfacet
  facet normal 1 0 0
    outer loop
      vertex 33 4.50073 2.69863
      vertex 33 3.26604 2.03867
      vertex 33 3.42244 1.77773
    endloop
  endfacet
  facet normal 1 0 0
    outer loop
      vertex 33 4.33267 3.83165
      vertex 33 2.95957 4.10478
      vertex 33 4.30819 3.66663
    endloop
  endfacet
  facet normal 1 0 0
    outer loop
      vertex 33 4.42941 2.84944
      vertex 33 3.13597 2.31368
      vertex 33 3.26604 2.03867
    endloop
  endfacet
  facet normal 1 -0 0
    outer loop
      vertex 33 2.91493 3.80385
      vertex 33 4.30819 3.66663
      vertex 33 2.95957 4.10478
    endloop
  endfacet
  facet normal 1 0 0
    outer loop
      vertex 33 4.3732 3.00652
      vertex 33 3.03349 2.60012
      vertex 33 3.13597 2.31368
    endloop
  endfacet
  facet normal 1 0 0
    outer loop
      vertex 33 4.30819 3.66663
      vertex 33 2.91493 3.80385
      vertex 33 4.3 3.5
    endloop
  endfacet
  facet normal 1 0 0
    outer loop
      vertex 33 4.33267 3.16835
      vertex 33 2.95957 2.89522
      vertex 33 3.03349 2.60012
    endloop
  endfacet
  facet normal 1 0 0
    outer loop
      vertex 33 2.9 3.5
      vertex 33 4.3 3.5
      vertex 33 2.91493 3.80385
    endloop
  endfacet
  facet normal 1 0 0
    outer loop
      vertex 33 4.30819 3.33337
      vertex 33 2.91493 3.19615
      vertex 33 2.95957 2.89522
    endloop
  endfacet
  facet normal 1 0 0
    outer loop
      vertex 33 4.3 3.5
      vertex 33 2.9 3.5
      vertex 33 2.91493 3.19615
    endloop
  endfacet
  facet normal -0.960803 1.24905e-08 0.277233
    outer loop
      vertex 9.44652 7.69181 3.66663
      vertex 8.39471 68 0.0213881
      vertex 9.39844 7.7 3.5
    endloop
  endfacet
  facet normal -0.960803 1.24199e-08 0.277233
    outer loop
      vertex 8.39471 68 0.0213881
      vertex 9.35036 7.69181 3.33337
      vertex 9.39844 7.7 3.5
    endloop
  endfacet
  facet normal -0.960796 1.45703e-06 0.277258
    outer loop
      vertex 8.39471 68 0.0213881
      vertex 9.30274 7.66733 3.16835
      vertex 9.35036 7.69181 3.33337
    endloop
  endfacet
  facet normal -0.960795 1.61497e-06 0.27726
    outer loop
      vertex 8.39471 68 0.0213881
      vertex 9.25604 7.6268 3.00652
      vertex 9.30274 7.66733 3.16835
    endloop
  endfacet
  facet normal -0.96081 -1.14871e-06 0.277209
    outer loop
      vertex 8.39471 68 0.0213881
      vertex 9.21072 7.57059 2.84944
      vertex 9.25604 7.6268 3.00652
    endloop
  endfacet
  facet normal -0.960795 1.48018e-06 0.277261
    outer loop
      vertex 8.39471 68 0.0213881
      vertex 9.1672 7.49927 2.69863
      vertex 9.21072 7.57059 2.84944
    endloop
  endfacet
  facet normal -0.960821 -2.89452e-06 0.277169
    outer loop
      vertex 8.39471 68 0.0213881
      vertex 9.12592 7.4135 2.55553
      vertex 9.1672 7.49927 2.69863
    endloop
  endfacet
  facet normal -0.960793 1.5068e-06 0.277267
    outer loop
      vertex 8.39471 68 0.0213881
      vertex 9.08725 7.31412 2.42153
      vertex 9.12592 7.4135 2.55553
    endloop
  endfacet
  facet normal -0.960796 1.01296e-06 0.277255
    outer loop
      vertex 8.39471 68 0.0213881
      vertex 9.05158 7.20208 2.29792
      vertex 9.08725 7.31412 2.42153
    endloop
  endfacet
  facet normal -0.960821 -2.46582e-06 0.277169
    outer loop
      vertex 8.39471 68 0.0213881
      vertex 9.01926 7.07847 2.18588
      vertex 9.05158 7.20208 2.29792
    endloop
  endfacet
  facet normal -0.960791 1.49147e-06 0.277272
    outer loop
      vertex 8.39471 68 0.0213881
      vertex 8.99058 6.94447 2.0865
      vertex 9.01926 7.07847 2.18588
    endloop
  endfacet
  facet normal -0.960798 6.51206e-07 0.277249
    outer loop
      vertex 8.39471 68 0.0213881
      vertex 8.96583 6.80137 2.00073
      vertex 8.99058 6.94447 2.0865
    endloop
  endfacet
  facet normal -0.960799 5.31148e-07 0.277246
    outer loop
      vertex 8.39471 68 0.0213881
      vertex 8.94525 6.65056 1.92941
      vertex 8.96583 6.80137 2.00073
    endloop
  endfacet
  facet normal -0.960804 0 0.27723
    outer loop
      vertex 8.39471 2.17369 0.0213881
      vertex 8.94525 6.65056 1.92941
      vertex 8.39471 68 0.0213881
    endloop
  endfacet
  facet normal -0.960832 4.52122e-05 0.277132
    outer loop
      vertex 8.94525 6.65056 1.92941
      vertex 8.39471 2.17369 0.0213881
      vertex 8.92903 6.49348 1.8732
    endloop
  endfacet
  facet normal -0.960764 -6.40662e-05 0.277367
    outer loop
      vertex 8.92903 6.49348 1.8732
      vertex 8.39471 2.17369 0.0213881
      vertex 8.91734 6.33165 1.83267
    endloop
  endfacet
  facet normal -0.960838 5.7426e-05 0.27711
    outer loop
      vertex 8.91734 6.33165 1.83267
      vertex 8.39471 2.17369 0.0213881
      vertex 8.91027 6.16663 1.80819
    endloop
  endfacet
  facet normal -0.960802 -3.46432e-06 0.277236
    outer loop
      vertex 8.67076 0.516617 0.978097
      vertex 9.25604 4.3732 3.00652
      vertex 8.5376 0.978097 0.516617
    endloop
  endfacet
  facet normal -0.960802 -4.3999e-06 0.277237
    outer loop
      vertex 8.5376 0.978097 0.516617
      vertex 9.25604 4.3732 3.00652
      vertex 8.44344 1.54329 0.190302
    endloop
  endfacet
  facet normal -0.960808 1.94581e-05 0.277215
    outer loop
      vertex 9.21072 4.42941 2.84944
      vertex 8.44344 1.54329 0.190302
      vertex 9.25604 4.3732 3.00652
    endloop
  endfacet
  facet normal -0.960805 1.08621e-05 0.277223
    outer loop
      vertex 8.44344 1.54329 0.190302
      vertex 9.21072 4.42941 2.84944
      vertex 8.39471 2.17369 0.0213881
    endloop
  endfacet
  facet normal -0.960798 -2.54447e-05 0.27725
    outer loop
      vertex 9.1672 4.50073 2.69863
      vertex 8.39471 2.17369 0.0213881
      vertex 9.21072 4.42941 2.84944
    endloop
  endfacet
  facet normal -0.960814 4.57217e-05 0.277193
    outer loop
      vertex 9.12592 4.5865 2.55553
      vertex 8.39471 2.17369 0.0213881
      vertex 9.1672 4.50073 2.69863
    endloop
  endfacet
  facet normal -0.960797 -2.1929e-05 0.277253
    outer loop
      vertex 9.08725 4.68588 2.42153
      vertex 8.39471 2.17369 0.0213881
      vertex 9.12592 4.5865 2.55553
    endloop
  endfacet
  facet normal -0.960799 -1.35838e-05 0.277245
    outer loop
      vertex 9.05158 4.79792 2.29792
      vertex 8.39471 2.17369 0.0213881
      vertex 9.08725 4.68588 2.42153
    endloop
  endfacet
  facet normal -0.960813 3.03959e-05 0.277198
    outer loop
      vertex 9.01926 4.92153 2.18588
      vertex 8.39471 2.17369 0.0213881
      vertex 9.05158 4.79792 2.29792
    endloop
  endfacet
  facet normal -0.960797 -1.68038e-05 0.277253
    outer loop
      vertex 8.99058 5.05553 2.0865
      vertex 8.39471 2.17369 0.0213881
      vertex 9.01926 4.92153 2.18588
    endloop
  endfacet
  facet normal -0.960801 -6.63845e-06 0.27724
    outer loop
      vertex 8.96583 5.19863 2.00073
      vertex 8.39471 2.17369 0.0213881
      vertex 8.99058 5.05553 2.0865
    endloop
  endfacet
  facet normal -0.960801 -4.8165e-06 0.277237
    outer loop
      vertex 8.94525 5.34944 1.92941
      vertex 8.39471 2.17369 0.0213881
      vertex 8.96583 5.19863 2.00073
    endloop
  endfacet
  facet normal -0.960802 -4.54426e-06 0.277237
    outer loop
      vertex 8.92903 5.50652 1.8732
      vertex 8.39471 2.17369 0.0213881
      vertex 8.94525 5.34944 1.92941
    endloop
  endfacet
  facet normal -0.960813 1.83617e-05 0.277199
    outer loop
      vertex 8.91734 5.66835 1.83267
      vertex 8.39471 2.17369 0.0213881
      vertex 8.92903 5.50652 1.8732
    endloop
  endfacet
  facet normal -0.960788 -2.94415e-05 0.277284
    outer loop
      vertex 8.91027 5.83337 1.80819
      vertex 8.39471 2.17369 0.0213881
      vertex 8.91734 5.66835 1.83267
    endloop
  endfacet
  facet normal -0.960813 1.63716e-05 0.277197
    outer loop
      vertex 8.90791 6 1.8
      vertex 8.39471 2.17369 0.0213881
      vertex 8.91027 5.83337 1.80819
    endloop
  endfacet
  facet normal -0.960792 -2.02427e-05 0.27727
    outer loop
      vertex 8.91027 6.16663 1.80819
      vertex 8.39471 2.17369 0.0213881
      vertex 8.90791 6 1.8
    endloop
  endfacet
  facet normal -0.960802 7.20693e-08 0.277234
    outer loop
      vertex 8.39471 68 0.0213881
      vertex 9.44652 7.69181 3.66663
      vertex 12.1 68 12.8627
    endloop
  endfacet
  facet normal -0.960811 4.94482e-06 0.277205
    outer loop
      vertex 9.49413 7.66733 3.83165
      vertex 12.1 68 12.8627
      vertex 9.44652 7.69181 3.66663
    endloop
  endfacet
  facet normal -0.960795 -3.9925e-06 0.27726
    outer loop
      vertex 9.54083 7.6268 3.99348
      vertex 12.1 68 12.8627
      vertex 9.49413 7.66733 3.83165
    endloop
  endfacet
  facet normal -0.960809 3.98236e-06 0.27721
    outer loop
      vertex 9.58615 7.57059 4.15056
      vertex 12.1 68 12.8627
      vertex 9.54083 7.6268 3.99348
    endloop
  endfacet
  facet normal -0.960795 -3.81115e-06 0.27726
    outer loop
      vertex 9.62967 7.49927 4.30137
      vertex 12.1 68 12.8627
      vertex 9.58615 7.57059 4.15056
    endloop
  endfacet
  facet normal -0.960804 7.06621e-07 0.27723
    outer loop
      vertex 9.67096 7.4135 4.44447
      vertex 12.1 68 12.8627
      vertex 9.62967 7.49927 4.30137
    endloop
  endfacet
  facet normal -0.960811 4.56933e-06 0.277205
    outer loop
      vertex 9.70962 7.31412 4.57847
      vertex 12.1 68 12.8627
      vertex 9.67096 7.4135 4.44447
    endloop
  endfacet
  facet normal -0.960797 -2.69132e-06 0.277254
    outer loop
      vertex 9.74529 7.20208 4.70208
      vertex 12.1 68 12.8627
      vertex 9.70962 7.31412 4.57847
    endloop
  endfacet
  facet normal -0.960799 -1.36815e-06 0.277245
    outer loop
      vertex 9.77762 7.07847 4.81412
      vertex 12.1 68 12.8627
      vertex 9.74529 7.20208 4.70208
    endloop
  endfacet
  facet normal -0.960775 0.000116137 0.277329
    outer loop
      vertex 12.1 0 12.8627
      vertex 9.77762 7.07847 4.81412
      vertex 9.80629 6.94447 4.9135
    endloop
  endfacet
  facet normal -0.960807 -1.9846e-05 0.27722
    outer loop
      vertex 12.1 0 12.8627
      vertex 9.80629 6.94447 4.9135
      vertex 9.83104 6.80137 4.99927
    endloop
  endfacet
  facet normal -0.960804 -9.81931e-06 0.277228
    outer loop
      vertex 12.1 0 12.8627
      vertex 9.83104 6.80137 4.99927
      vertex 9.85162 6.65056 5.07059
    endloop
  endfacet
  facet normal -0.960804 -7.44135e-06 0.277229
    outer loop
      vertex 12.1 0 12.8627
      vertex 9.85162 6.65056 5.07059
      vertex 9.86784 6.49348 5.1268
    endloop
  endfacet
  facet normal -0.960794 3.57351e-05 0.277263
    outer loop
      vertex 12.1 0 12.8627
      vertex 9.86784 6.49348 5.1268
      vertex 9.87953 6.33165 5.16733
    endloop
  endfacet
  facet normal -0.960811 -4.23663e-05 0.277204
    outer loop
      vertex 12.1 0 12.8627
      vertex 9.87953 6.33165 5.16733
      vertex 9.8866 6.16663 5.19181
    endloop
  endfacet
  facet normal -0.960798 1.91312e-05 0.277249
    outer loop
      vertex 12.1 0 12.8627
      vertex 9.8866 6.16663 5.19181
      vertex 9.88896 6 5.2
    endloop
  endfacet
  facet normal -0.960806 -1.77134e-05 0.277223
    outer loop
      vertex 12.1 0 12.8627
      vertex 9.88896 6 5.2
      vertex 9.8866 5.83337 5.19181
    endloop
  endfacet
  facet normal -0.960804 3.16547e-07 0.277229
    outer loop
      vertex 8.83384 0.190302 1.54329
      vertex 9.25604 4.3732 3.00652
      vertex 8.67076 0.516617 0.978097
    endloop
  endfacet
  facet normal -0.960802 -2.21773e-06 0.277236
    outer loop
      vertex 9.01574 0.0213881 2.17369
      vertex 9.25604 4.3732 3.00652
      vertex 8.83384 0.190302 1.54329
    endloop
  endfacet
  facet normal -0.960795 -7.04575e-06 0.277259
    outer loop
      vertex 9.25604 4.3732 3.00652
      vertex 9.01574 0.0213881 2.17369
      vertex 9.30274 4.33267 3.16835
    endloop
  endfacet
  facet normal -0.960796 -6.48873e-06 0.277257
    outer loop
      vertex 9.30274 4.33267 3.16835
      vertex 9.01574 0.0213881 2.17369
      vertex 9.35036 4.30819 3.33337
    endloop
  endfacet
  facet normal -0.960805 3.67591e-06 0.277226
    outer loop
      vertex 10.4083 0.0213881 7
      vertex 9.54083 4.3732 3.99348
      vertex 9.01574 0.0213881 2.17369
    endloop
  endfacet
  facet normal -0.960803 4.19733e-07 0.277233
    outer loop
      vertex 9.35036 4.30819 3.33337
      vertex 9.01574 0.0213881 2.17369
      vertex 9.39844 4.3 3.5
    endloop
  endfacet
  facet normal -0.960809 -7.55188e-06 0.277211
    outer loop
      vertex 9.54083 4.3732 3.99348
      vertex 10.4083 0.0213881 7
      vertex 9.58615 4.42941 4.15056
    endloop
  endfacet
  facet normal -0.960794 -1.35293e-05 0.277264
    outer loop
      vertex 9.49413 4.33267 3.83165
      vertex 9.01574 0.0213881 2.17369
      vertex 9.54083 4.3732 3.99348
    endloop
  endfacet
  facet normal -0.960797 2.12387e-05 0.277252
    outer loop
      vertex 9.58615 4.42941 4.15056
      vertex 10.4083 0.0213881 7
      vertex 9.62967 4.50073 4.30137
    endloop
  endfacet
  facet normal -0.960804 4.93334e-06 0.277227
    outer loop
      vertex 9.62967 4.50073 4.30137
      vertex 10.4083 0.0213881 7
      vertex 9.67096 4.5865 4.44447
    endloop
  endfacet
  facet normal -0.960803 4.32721e-07 0.277233
    outer loop
      vertex 9.39844 4.3 3.5
      vertex 9.01574 0.0213881 2.17369
      vertex 9.44652 4.30819 3.66663
    endloop
  endfacet
  facet normal -0.96081 -7.51407e-06 0.277207
    outer loop
      vertex 9.67096 4.5865 4.44447
      vertex 10.4083 0.0213881 7
      vertex 9.70962 4.68588 4.57847
    endloop
  endfacet
  facet normal -0.960812 1.2091e-05 0.277202
    outer loop
      vertex 9.44652 4.30819 3.66663
      vertex 9.01574 0.0213881 2.17369
      vertex 9.49413 4.33267 3.83165
    endloop
  endfacet
  facet normal -0.960799 1.3757e-05 0.277244
    outer loop
      vertex 9.70962 4.68588 4.57847
      vertex 10.4083 0.0213881 7
      vertex 9.74529 4.79792 4.70208
    endloop
  endfacet
  facet normal -0.960802 9.5155e-06 0.277236
    outer loop
      vertex 9.74529 4.79792 4.70208
      vertex 10.4083 0.0213881 7
      vertex 9.77762 4.92153 4.81412
    endloop
  endfacet
  facet normal -0.960813 -9.60808e-06 0.277197
    outer loop
      vertex 9.77762 4.92153 4.81412
      vertex 10.4083 0.0213881 7
      vertex 9.80629 5.05553 4.9135
    endloop
  endfacet
  facet normal -0.960802 8.52104e-06 0.277237
    outer loop
      vertex 9.80629 5.05553 4.9135
      vertex 10.4083 0.0213881 7
      vertex 9.83104 5.19863 4.99927
    endloop
  endfacet
  facet normal -0.960803 6.93097e-06 0.277233
    outer loop
      vertex 10.4083 0.0213881 7
      vertex 9.85162 5.34944 5.07059
      vertex 9.83104 5.19863 4.99927
    endloop
  endfacet
  facet normal -0.960803 6.4537e-06 0.277232
    outer loop
      vertex 10.4083 0.0213881 7
      vertex 9.86784 5.50652 5.1268
      vertex 9.85162 5.34944 5.07059
    endloop
  endfacet
  facet normal -0.9608 1.00993e-05 0.277242
    outer loop
      vertex 12.1 0 12.8627
      vertex 9.86784 5.50652 5.1268
      vertex 10.4083 0.0213881 7
    endloop
  endfacet
  facet normal -0.960807 -2.39529e-05 0.277219
    outer loop
      vertex 9.86784 5.50652 5.1268
      vertex 12.1 0 12.8627
      vertex 9.87953 5.66835 5.16733
    endloop
  endfacet
  facet normal -0.960795 3.35306e-05 0.277259
    outer loop
      vertex 9.87953 5.66835 5.16733
      vertex 12.1 0 12.8627
      vertex 9.8866 5.83337 5.19181
    endloop
  endfacet
  facet normal -0.9608 0 0.277242
    outer loop
      vertex 12.1 0 12.8627
      vertex 10.4083 0.0213881 7
      vertex 10.4083 0 7
    endloop
  endfacet
  facet normal -0.960802 0 0.277235
    outer loop
      vertex 9.77762 7.07847 4.81412
      vertex 12.1 0 12.8627
      vertex 12.1 68 12.8627
    endloop
  endfacet
  facet normal 0 -1 0
    outer loop
      vertex -12.1 68 12.8627
      vertex -3 68 4
      vertex 12.1 68 12.8627
    endloop
  endfacet
  facet normal 0 -1 0
    outer loop
      vertex -8.39471 68 0.0213881
      vertex -3 68 4
      vertex -12.1 68 12.8627
    endloop
  endfacet
  facet normal 0 -1 -0
    outer loop
      vertex -3 68 4
      vertex -8.39471 68 0.0213881
      vertex -3 68 0.0213881
    endloop
  endfacet
  facet normal 0 -1 0
    outer loop
      vertex 3 68 4
      vertex 12.1 68 12.8627
      vertex -3 68 4
    endloop
  endfacet
  facet normal 0 -1 0
    outer loop
      vertex 8.39471 68 0.0213881
      vertex 3 68 4
      vertex 3 68 0.0213881
    endloop
  endfacet
  facet normal 0 -1 0
    outer loop
      vertex 3 68 4
      vertex 8.39471 68 0.0213881
      vertex 12.1 68 12.8627
    endloop
  endfacet
  facet normal 0 0 -1
    outer loop
      vertex -12.1 0 12.8627
      vertex 12.1 68 12.8627
      vertex 12.1 0 12.8627
    endloop
  endfacet
  facet normal -0 0 -1
    outer loop
      vertex 12.1 68 12.8627
      vertex -12.1 0 12.8627
      vertex -12.1 68 12.8627
    endloop
  endfacet
  facet normal 0.960802 0 0.277234
    outer loop
      vertex -12.1 68 12.8627
      vertex -8.39471 2.17369 0.0213881
      vertex -8.39471 68 0.0213881
    endloop
  endfacet
  facet normal 0.960802 -0 0.277234
    outer loop
      vertex -12.1 0 12.8627
      vertex -8.39471 2.17369 0.0213881
      vertex -12.1 68 12.8627
    endloop
  endfacet
  facet normal 0.9608 4.9597e-05 0.277242
    outer loop
      vertex -10.4083 0.0213881 7
      vertex -8.39471 2.17369 0.0213881
      vertex -12.1 0 12.8627
    endloop
  endfacet
  facet normal 0.960798 1.83092e-05 0.277249
    outer loop
      vertex -8.39471 2.17369 0.0213881
      vertex -9.01574 0.0213881 2.17369
      vertex -8.44344 1.54329 0.190302
    endloop
  endfacet
  facet normal 0.960804 -8.83217e-06 0.27723
    outer loop
      vertex -8.44344 1.54329 0.190302
      vertex -9.01574 0.0213881 2.17369
      vertex -8.5376 0.978097 0.516617
    endloop
  endfacet
  facet normal 0.960804 -1.12771e-05 0.277229
    outer loop
      vertex -8.5376 0.978097 0.516617
      vertex -9.01574 0.0213881 2.17369
      vertex -8.67076 0.516617 0.978097
    endloop
  endfacet
  facet normal 0.960805 -6.82291e-06 0.277226
    outer loop
      vertex -9.01574 0.0213881 2.17369
      vertex -8.39471 2.17369 0.0213881
      vertex -10.4083 0.0213881 7
    endloop
  endfacet
  facet normal 0.9608 0 0.277242
    outer loop
      vertex -10.4083 0.0213881 7
      vertex -12.1 0 12.8627
      vertex -10.4083 0 7
    endloop
  endfacet
  facet normal 0.9608 2.59261e-05 0.277243
    outer loop
      vertex -8.67076 0.516617 0.978097
      vertex -9.01574 0.0213881 2.17369
      vertex -8.83384 0.190302 1.54329
    endloop
  endfacet
  facet normal -1 0 0
    outer loop
      vertex 3 68 0.0213881
      vertex 3 105.811 4
      vertex 3 105.811 0.0213881
    endloop
  endfacet
  facet normal -1 -0 0
    outer loop
      vertex 3 105.811 4
      vertex 3 68 0.0213881
      vertex 3 68 4
    endloop
  endfacet
  facet normal 0 0 -1
    outer loop
      vertex 3 68 4
      vertex 2.82838 105.708 4
      vertex 3 105.811 4
    endloop
  endfacet
  facet normal 0 0 -1
    outer loop
      vertex 3 68 4
      vertex 2.2961 105.457 4
      vertex 2.82838 105.708 4
    endloop
  endfacet
  facet normal 0 0 -1
    outer loop
      vertex 3 68 4
      vertex 1.74171 105.258 4
      vertex 2.2961 105.457 4
    endloop
  endfacet
  facet normal 0 0 -1
    outer loop
      vertex 3 68 4
      vertex 1.17054 105.115 4
      vertex 1.74171 105.258 4
    endloop
  endfacet
  facet normal 0 0 -1
    outer loop
      vertex 3 68 4
      vertex 0.588102 105.029 4
      vertex 1.17054 105.115 4
    endloop
  endfacet
  facet normal 0 0 -1
    outer loop
      vertex 3 68 4
      vertex 0 105 4
      vertex 0.588102 105.029 4
    endloop
  endfacet
  facet normal 0 0 -1
    outer loop
      vertex -3 68 4
      vertex 0 105 4
      vertex 3 68 4
    endloop
  endfacet
  facet normal -0 0 -1
    outer loop
      vertex 0 105 4
      vertex -3 68 4
      vertex -0.588102 105.029 4
    endloop
  endfacet
  facet normal -0 0 -1
    outer loop
      vertex -0.588102 105.029 4
      vertex -3 68 4
      vertex -1.17054 105.115 4
    endloop
  endfacet
  facet normal -0 0 -1
    outer loop
      vertex -1.17054 105.115 4
      vertex -3 68 4
      vertex -1.74171 105.258 4
    endloop
  endfacet
  facet normal -0 0 -1
    outer loop
      vertex -1.74171 105.258 4
      vertex -3 68 4
      vertex -2.2961 105.457 4
    endloop
  endfacet
  facet normal -0 0 -1
    outer loop
      vertex -2.2961 105.457 4
      vertex -3 68 4
      vertex -2.82838 105.708 4
    endloop
  endfacet
  facet normal -0 0 -1
    outer loop
      vertex -2.82838 105.708 4
      vertex -3 68 4
      vertex -3 105.811 4
    endloop
  endfacet
  facet normal 1 -0 0
    outer loop
      vertex -3 68 4
      vertex -3 105.811 0.0213881
      vertex -3 105.811 4
    endloop
  endfacet
  facet normal 1 0 0
    outer loop
      vertex -3 105.811 0.0213881
      vertex -3 68 4
      vertex -3 68 0.0213881
    endloop
  endfacet
  facet normal 0.337847 0.941201 -0
    outer loop
      vertex -1.74171 105.258 4
      vertex -2.2961 105.457 7
      vertex -1.74171 105.258 7
    endloop
  endfacet
  facet normal 0.337847 0.941201 0
    outer loop
      vertex -2.2961 105.457 7
      vertex -1.74171 105.258 4
      vertex -2.2961 105.457 4
    endloop
  endfacet
  facet normal -0.989196 -0.146598 0
    outer loop
      vertex 5.97111 111.588 0.0213881
      vertex 5.88471 112.171 7
      vertex 5.88471 112.171 0.0213881
    endloop
  endfacet
  facet normal -0.989196 -0.146598 0
    outer loop
      vertex 5.88471 112.171 7
      vertex 5.97111 111.588 0.0213881
      vertex 5.97111 111.588 7
    endloop
  endfacet
  facet normal -0.998795 -0.0490735 0
    outer loop
      vertex 6 111 0.0213881
      vertex 5.97111 111.588 7
      vertex 5.97111 111.588 0.0213881
    endloop
  endfacet
  facet normal -0.998795 -0.0490735 0
    outer loop
      vertex 5.97111 111.588 7
      vertex 6 111 0.0213881
      vertex 6 111 7
    endloop
  endfacet
  facet normal -0.970014 -0.243047 0
    outer loop
      vertex 5.88471 112.171 0.0213881
      vertex 5.74164 112.742 7
      vertex 5.74164 112.742 0.0213881
    endloop
  endfacet
  facet normal -0.970014 -0.243047 0
    outer loop
      vertex 5.74164 112.742 7
      vertex 5.88471 112.171 0.0213881
      vertex 5.88471 112.171 7
    endloop
  endfacet
  facet normal 0.989196 -0.146598 0
    outer loop
      vertex -5.97111 111.588 7
      vertex -5.88471 112.171 0.0213881
      vertex -5.88471 112.171 7
    endloop
  endfacet
  facet normal 0.989196 -0.146598 0
    outer loop
      vertex -5.88471 112.171 0.0213881
      vertex -5.97111 111.588 7
      vertex -5.97111 111.588 0.0213881
    endloop
  endfacet
  facet normal 0.242867 0.97006 -0
    outer loop
      vertex -1.17054 105.115 4
      vertex -1.74171 105.258 7
      vertex -1.17054 105.115 7
    endloop
  endfacet
  facet normal 0.242867 0.97006 0
    outer loop
      vertex -1.74171 105.258 7
      vertex -1.17054 105.115 4
      vertex -1.74171 105.258 4
    endloop
  endfacet
  facet normal -0.337847 -0.941201 0
    outer loop
      vertex 1.74171 116.742 0.0213881
      vertex 2.2961 116.543 7
      vertex 1.74171 116.742 7
    endloop
  endfacet
  facet normal -0.337847 -0.941201 -0
    outer loop
      vertex 2.2961 116.543 7
      vertex 1.74171 116.742 0.0213881
      vertex 2.2961 116.543 0.0213881
    endloop
  endfacet
  facet normal 0.514466 -0.857511 0
    outer loop
      vertex -3.33342 115.989 0.0213881
      vertex -2.82838 116.292 7
      vertex -3.33342 115.989 7
    endloop
  endfacet
  facet normal 0.514466 -0.857511 0
    outer loop
      vertex -2.82838 116.292 7
      vertex -3.33342 115.989 0.0213881
      vertex -2.82838 116.292 0.0213881
    endloop
  endfacet
  facet normal 0.903902 0.427739 0
    outer loop
      vertex -5.29153 108.172 7
      vertex -5.54328 108.704 0.0213881
      vertex -5.54328 108.704 7
    endloop
  endfacet
  facet normal 0.903902 0.427739 0
    outer loop
      vertex -5.54328 108.704 0.0213881
      vertex -5.29153 108.172 7
      vertex -5.29153 108.172 0.0213881
    endloop
  endfacet
  facet normal 0.242867 -0.97006 0
    outer loop
      vertex -1.74171 116.742 0.0213881
      vertex -1.17054 116.885 7
      vertex -1.74171 116.742 7
    endloop
  endfacet
  facet normal 0.242867 -0.97006 0
    outer loop
      vertex -1.17054 116.885 7
      vertex -1.74171 116.742 0.0213881
      vertex -1.17054 116.885 0.0213881
    endloop
  endfacet
  facet normal 0.85771 0.514134 0
    outer loop
      vertex -4.98882 107.667 7
      vertex -5.29153 108.172 0.0213881
      vertex -5.29153 108.172 7
    endloop
  endfacet
  facet normal 0.85771 0.514134 0
    outer loop
      vertex -5.29153 108.172 0.0213881
      vertex -4.98882 107.667 7
      vertex -4.98882 107.667 0.0213881
    endloop
  endfacet
  facet normal -0.242867 0.97006 0
    outer loop
      vertex 1.74171 105.258 4
      vertex 1.17054 105.115 7
      vertex 1.74171 105.258 7
    endloop
  endfacet
  facet normal -0.242867 0.97006 0
    outer loop
      vertex 1.17054 105.115 7
      vertex 1.74171 105.258 4
      vertex 1.17054 105.115 4
    endloop
  endfacet
  facet normal 0.595966 0.803009 -0
    outer loop
      vertex -3.33342 106.011 0.0213881
      vertex -3.80636 106.362 7
      vertex -3.33342 106.011 7
    endloop
  endfacet
  facet normal 0.595966 0.803009 0
    outer loop
      vertex -3.80636 106.362 7
      vertex -3.33342 106.011 0.0213881
      vertex -3.80636 106.362 0.0213881
    endloop
  endfacet
  facet normal -0.514466 0.857511 1.03346e-05
    outer loop
      vertex 3.33342 106.011 7
      vertex 3 105.811 4
      vertex 2.82838 105.708 7
    endloop
  endfacet
  facet normal -0.514397 0.857552 0
    outer loop
      vertex 3.33342 106.011 0.0213881
      vertex 3 105.811 4
      vertex 3.33342 106.011 7
    endloop
  endfacet
  facet normal -0.514397 0.857552 0
    outer loop
      vertex 3 105.811 4
      vertex 3.33342 106.011 0.0213881
      vertex 3 105.811 0.0213881
    endloop
  endfacet
  facet normal -0.514599 0.857431 0
    outer loop
      vertex 2.82838 105.708 7
      vertex 3 105.811 4
      vertex 2.82838 105.708 4
    endloop
  endfacet
  facet normal -0.803241 0.595655 0
    outer loop
      vertex 4.63806 107.194 0.0213881
      vertex 4.98882 107.667 7
      vertex 4.98882 107.667 0.0213881
    endloop
  endfacet
  facet normal -0.803241 0.595655 0
    outer loop
      vertex 4.98882 107.667 7
      vertex 4.63806 107.194 0.0213881
      vertex 4.63806 107.194 7
    endloop
  endfacet
  facet normal -0.146071 -0.989274 0
    outer loop
      vertex 0.588102 116.971 0.0213881
      vertex 1.17054 116.885 7
      vertex 0.588102 116.971 7
    endloop
  endfacet
  facet normal -0.146071 -0.989274 -0
    outer loop
      vertex 1.17054 116.885 7
      vertex 0.588102 116.971 0.0213881
      vertex 1.17054 116.885 0.0213881
    endloop
  endfacet
  facet normal 0.595966 -0.803009 0
    outer loop
      vertex -3.80636 115.638 0.0213881
      vertex -3.33342 115.989 7
      vertex -3.80636 115.638 7
    endloop
  endfacet
  facet normal 0.595966 -0.803009 0
    outer loop
      vertex -3.33342 115.989 7
      vertex -3.80636 115.638 0.0213881
      vertex -3.33342 115.989 0.0213881
    endloop
  endfacet
  facet normal 0.803241 -0.595655 0
    outer loop
      vertex -4.98882 114.333 7
      vertex -4.63806 114.806 0.0213881
      vertex -4.63806 114.806 7
    endloop
  endfacet
  facet normal 0.803241 -0.595655 0
    outer loop
      vertex -4.63806 114.806 0.0213881
      vertex -4.98882 114.333 7
      vertex -4.98882 114.333 0.0213881
    endloop
  endfacet
  facet normal -0.989196 0.146598 0
    outer loop
      vertex 5.88471 109.829 0.0213881
      vertex 5.97111 110.412 7
      vertex 5.97111 110.412 0.0213881
    endloop
  endfacet
  facet normal -0.989196 0.146598 0
    outer loop
      vertex 5.97111 110.412 7
      vertex 5.88471 109.829 0.0213881
      vertex 5.88471 109.829 7
    endloop
  endfacet
  facet normal 0.941471 -0.337094 0
    outer loop
      vertex -5.74164 112.742 7
      vertex -5.54328 113.296 0.0213881
      vertex -5.54328 113.296 7
    endloop
  endfacet
  facet normal 0.941471 -0.337094 0
    outer loop
      vertex -5.54328 113.296 0.0213881
      vertex -5.74164 112.742 7
      vertex -5.74164 112.742 0.0213881
    endloop
  endfacet
  facet normal -0.426514 -0.904481 0
    outer loop
      vertex 2.2961 116.543 0.0213881
      vertex 2.82838 116.292 7
      vertex 2.2961 116.543 7
    endloop
  endfacet
  facet normal -0.426514 -0.904481 -0
    outer loop
      vertex 2.82838 116.292 7
      vertex 2.2961 116.543 0.0213881
      vertex 2.82838 116.292 0.0213881
    endloop
  endfacet
  facet normal 0.941471 0.337094 0
    outer loop
      vertex -5.54328 108.704 7
      vertex -5.74164 109.258 0.0213881
      vertex -5.74164 109.258 7
    endloop
  endfacet
  facet normal 0.941471 0.337094 0
    outer loop
      vertex -5.74164 109.258 0.0213881
      vertex -5.54328 108.704 7
      vertex -5.54328 108.704 0.0213881
    endloop
  endfacet
  facet normal -0.970014 0.243047 0
    outer loop
      vertex 5.74164 109.258 0.0213881
      vertex 5.88471 109.829 7
      vertex 5.88471 109.829 0.0213881
    endloop
  endfacet
  facet normal -0.970014 0.243047 0
    outer loop
      vertex 5.88471 109.829 7
      vertex 5.74164 109.258 0.0213881
      vertex 5.74164 109.258 7
    endloop
  endfacet
  facet normal 0.0492513 -0.998786 0
    outer loop
      vertex -0.588102 116.971 0.0213881
      vertex 0 117 7
      vertex -0.588102 116.971 7
    endloop
  endfacet
  facet normal 0.0492513 -0.998786 0
    outer loop
      vertex 0 117 7
      vertex -0.588102 116.971 0.0213881
      vertex 0 117 0.0213881
    endloop
  endfacet
  facet normal 0.426514 -0.904481 0
    outer loop
      vertex -2.82838 116.292 0.0213881
      vertex -2.2961 116.543 7
      vertex -2.82838 116.292 7
    endloop
  endfacet
  facet normal 0.426514 -0.904481 0
    outer loop
      vertex -2.2961 116.543 7
      vertex -2.82838 116.292 0.0213881
      vertex -2.2961 116.543 0.0213881
    endloop
  endfacet
  facet normal 0.671166 -0.741307 0
    outer loop
      vertex -4.24264 115.243 0.0213881
      vertex -3.80636 115.638 7
      vertex -4.24264 115.243 7
    endloop
  endfacet
  facet normal 0.671166 -0.741307 0
    outer loop
      vertex -3.80636 115.638 7
      vertex -4.24264 115.243 0.0213881
      vertex -3.80636 115.638 0.0213881
    endloop
  endfacet
  facet normal -0.337847 0.941201 0
    outer loop
      vertex 2.2961 105.457 4
      vertex 1.74171 105.258 7
      vertex 2.2961 105.457 7
    endloop
  endfacet
  facet normal -0.337847 0.941201 0
    outer loop
      vertex 1.74171 105.258 7
      vertex 2.2961 105.457 4
      vertex 1.74171 105.258 4
    endloop
  endfacet
  facet normal 0.337847 -0.941201 0
    outer loop
      vertex -2.2961 116.543 0.0213881
      vertex -1.74171 116.742 7
      vertex -2.2961 116.543 7
    endloop
  endfacet
  facet normal 0.337847 -0.941201 0
    outer loop
      vertex -1.74171 116.742 7
      vertex -2.2961 116.543 0.0213881
      vertex -1.74171 116.742 0.0213881
    endloop
  endfacet
  facet normal -0.803241 -0.595655 0
    outer loop
      vertex 4.98882 114.333 0.0213881
      vertex 4.63806 114.806 7
      vertex 4.63806 114.806 0.0213881
    endloop
  endfacet
  facet normal -0.803241 -0.595655 0
    outer loop
      vertex 4.63806 114.806 7
      vertex 4.98882 114.333 0.0213881
      vertex 4.98882 114.333 7
    endloop
  endfacet
  facet normal 0.85771 -0.514134 0
    outer loop
      vertex -5.29153 113.828 7
      vertex -4.98882 114.333 0.0213881
      vertex -4.98882 114.333 7
    endloop
  endfacet
  facet normal 0.85771 -0.514134 0
    outer loop
      vertex -4.98882 114.333 0.0213881
      vertex -5.29153 113.828 7
      vertex -5.29153 113.828 0.0213881
    endloop
  endfacet
  facet normal -0.998795 0.0490735 0
    outer loop
      vertex 5.97111 110.412 0.0213881
      vertex 6 111 7
      vertex 6 111 0.0213881
    endloop
  endfacet
  facet normal -0.998795 0.0490735 0
    outer loop
      vertex 6 111 7
      vertex 5.97111 110.412 0.0213881
      vertex 5.97111 110.412 7
    endloop
  endfacet
  facet normal -0.903902 0.427739 0
    outer loop
      vertex 5.29153 108.172 0.0213881
      vertex 5.54328 108.704 7
      vertex 5.54328 108.704 0.0213881
    endloop
  endfacet
  facet normal -0.903902 0.427739 0
    outer loop
      vertex 5.54328 108.704 7
      vertex 5.29153 108.172 0.0213881
      vertex 5.29153 108.172 7
    endloop
  endfacet
  facet normal -0.595966 -0.803009 0
    outer loop
      vertex 3.33342 115.989 0.0213881
      vertex 3.80636 115.638 7
      vertex 3.33342 115.989 7
    endloop
  endfacet
  facet normal -0.595966 -0.803009 -0
    outer loop
      vertex 3.80636 115.638 7
      vertex 3.33342 115.989 0.0213881
      vertex 3.80636 115.638 0.0213881
    endloop
  endfacet
  facet normal 0.514599 0.857431 0
    outer loop
      vertex -3 105.811 4
      vertex -2.82838 105.708 7
      vertex -2.82838 105.708 4
    endloop
  endfacet
  facet normal 0.514466 0.857511 1.03346e-05
    outer loop
      vertex -2.82838 105.708 7
      vertex -3 105.811 4
      vertex -3.33342 106.011 7
    endloop
  endfacet
  facet normal 0.514397 0.857552 0
    outer loop
      vertex -3.33342 106.011 0.0213881
      vertex -3 105.811 4
      vertex -3 105.811 0.0213881
    endloop
  endfacet
  facet normal 0.514397 0.857552 0
    outer loop
      vertex -3 105.811 4
      vertex -3.33342 106.011 0.0213881
      vertex -3.33342 106.011 7
    endloop
  endfacet
  facet normal -0.514466 -0.857511 0
    outer loop
      vertex 2.82838 116.292 0.0213881
      vertex 3.33342 115.989 7
      vertex 2.82838 116.292 7
    endloop
  endfacet
  facet normal -0.514466 -0.857511 -0
    outer loop
      vertex 3.33342 115.989 7
      vertex 2.82838 116.292 0.0213881
      vertex 3.33342 115.989 0.0213881
    endloop
  endfacet
  facet normal -0.146071 0.989274 0
    outer loop
      vertex 1.17054 105.115 4
      vertex 0.588102 105.029 7
      vertex 1.17054 105.115 7
    endloop
  endfacet
  facet normal -0.146071 0.989274 0
    outer loop
      vertex 0.588102 105.029 7
      vertex 1.17054 105.115 4
      vertex 0.588102 105.029 4
    endloop
  endfacet
  facet normal -0.941471 -0.337094 0
    outer loop
      vertex 5.74164 112.742 0.0213881
      vertex 5.54328 113.296 7
      vertex 5.54328 113.296 0.0213881
    endloop
  endfacet
  facet normal -0.941471 -0.337094 0
    outer loop
      vertex 5.54328 113.296 7
      vertex 5.74164 112.742 0.0213881
      vertex 5.74164 112.742 7
    endloop
  endfacet
  facet normal -0.85771 0.514134 0
    outer loop
      vertex 4.98882 107.667 0.0213881
      vertex 5.29153 108.172 7
      vertex 5.29153 108.172 0.0213881
    endloop
  endfacet
  facet normal -0.85771 0.514134 0
    outer loop
      vertex 5.29153 108.172 7
      vertex 4.98882 107.667 0.0213881
      vertex 4.98882 107.667 7
    endloop
  endfacet
  facet normal 0.998795 0.0490735 0
    outer loop
      vertex -5.97111 110.412 7
      vertex -6 111 0.0213881
      vertex -6 111 7
    endloop
  endfacet
  facet normal 0.998795 0.0490735 0
    outer loop
      vertex -6 111 0.0213881
      vertex -5.97111 110.412 7
      vertex -5.97111 110.412 0.0213881
    endloop
  endfacet
  facet normal -0.941471 0.337094 0
    outer loop
      vertex 5.54328 108.704 0.0213881
      vertex 5.74164 109.258 7
      vertex 5.74164 109.258 0.0213881
    endloop
  endfacet
  facet normal -0.941471 0.337094 0
    outer loop
      vertex 5.74164 109.258 7
      vertex 5.54328 108.704 0.0213881
      vertex 5.54328 108.704 7
    endloop
  endfacet
  facet normal 0.146071 -0.989274 0
    outer loop
      vertex -1.17054 116.885 0.0213881
      vertex -0.588102 116.971 7
      vertex -1.17054 116.885 7
    endloop
  endfacet
  facet normal 0.146071 -0.989274 0
    outer loop
      vertex -0.588102 116.971 7
      vertex -1.17054 116.885 0.0213881
      vertex -0.588102 116.971 0.0213881
    endloop
  endfacet
  facet normal -0.741503 -0.67095 0
    outer loop
      vertex 4.63806 114.806 0.0213881
      vertex 4.24264 115.243 7
      vertex 4.24264 115.243 0.0213881
    endloop
  endfacet
  facet normal -0.741503 -0.67095 0
    outer loop
      vertex 4.24264 115.243 7
      vertex 4.63806 114.806 0.0213881
      vertex 4.63806 114.806 7
    endloop
  endfacet
  facet normal -0.0492513 -0.998786 0
    outer loop
      vertex 0 117 0.0213881
      vertex 0.588102 116.971 7
      vertex 0 117 7
    endloop
  endfacet
  facet normal -0.0492513 -0.998786 -0
    outer loop
      vertex 0.588102 116.971 7
      vertex 0 117 0.0213881
      vertex 0.588102 116.971 0.0213881
    endloop
  endfacet
  facet normal -0.903902 -0.427739 0
    outer loop
      vertex 5.54328 113.296 0.0213881
      vertex 5.29153 113.828 7
      vertex 5.29153 113.828 0.0213881
    endloop
  endfacet
  facet normal -0.903902 -0.427739 0
    outer loop
      vertex 5.29153 113.828 7
      vertex 5.54328 113.296 0.0213881
      vertex 5.54328 113.296 7
    endloop
  endfacet
  facet normal 0.146071 0.989274 -0
    outer loop
      vertex -0.588102 105.029 4
      vertex -1.17054 105.115 7
      vertex -0.588102 105.029 7
    endloop
  endfacet
  facet normal 0.146071 0.989274 0
    outer loop
      vertex -1.17054 105.115 7
      vertex -0.588102 105.029 4
      vertex -1.17054 105.115 4
    endloop
  endfacet
  facet normal -0.671166 0.741307 0
    outer loop
      vertex 4.24264 106.757 0.0213881
      vertex 3.80636 106.362 7
      vertex 4.24264 106.757 7
    endloop
  endfacet
  facet normal -0.671166 0.741307 0
    outer loop
      vertex 3.80636 106.362 7
      vertex 4.24264 106.757 0.0213881
      vertex 3.80636 106.362 0.0213881
    endloop
  endfacet
  facet normal -0.85771 -0.514134 0
    outer loop
      vertex 5.29153 113.828 0.0213881
      vertex 4.98882 114.333 7
      vertex 4.98882 114.333 0.0213881
    endloop
  endfacet
  facet normal -0.85771 -0.514134 0
    outer loop
      vertex 4.98882 114.333 7
      vertex 5.29153 113.828 0.0213881
      vertex 5.29153 113.828 7
    endloop
  endfacet
  facet normal 0.0492513 0.998786 -0
    outer loop
      vertex 0 105 4
      vertex -0.588102 105.029 7
      vertex 0 105 7
    endloop
  endfacet
  facet normal 0.0492513 0.998786 0
    outer loop
      vertex -0.588102 105.029 7
      vertex 0 105 4
      vertex -0.588102 105.029 4
    endloop
  endfacet
  facet normal 0.741503 -0.67095 0
    outer loop
      vertex -4.63806 114.806 7
      vertex -4.24264 115.243 0.0213881
      vertex -4.24264 115.243 7
    endloop
  endfacet
  facet normal 0.741503 -0.67095 0
    outer loop
      vertex -4.24264 115.243 0.0213881
      vertex -4.63806 114.806 7
      vertex -4.63806 114.806 0.0213881
    endloop
  endfacet
  facet normal -0.671166 -0.741307 0
    outer loop
      vertex 3.80636 115.638 0.0213881
      vertex 4.24264 115.243 7
      vertex 3.80636 115.638 7
    endloop
  endfacet
  facet normal -0.671166 -0.741307 -0
    outer loop
      vertex 4.24264 115.243 7
      vertex 3.80636 115.638 0.0213881
      vertex 4.24264 115.243 0.0213881
    endloop
  endfacet
  facet normal 0.903902 -0.427739 0
    outer loop
      vertex -5.54328 113.296 7
      vertex -5.29153 113.828 0.0213881
      vertex -5.29153 113.828 7
    endloop
  endfacet
  facet normal 0.903902 -0.427739 0
    outer loop
      vertex -5.29153 113.828 0.0213881
      vertex -5.54328 113.296 7
      vertex -5.54328 113.296 0.0213881
    endloop
  endfacet
  facet normal 0.671166 0.741307 -0
    outer loop
      vertex -3.80636 106.362 0.0213881
      vertex -4.24264 106.757 7
      vertex -3.80636 106.362 7
    endloop
  endfacet
  facet normal 0.671166 0.741307 0
    outer loop
      vertex -4.24264 106.757 7
      vertex -3.80636 106.362 0.0213881
      vertex -4.24264 106.757 0.0213881
    endloop
  endfacet
  facet normal 0.970014 -0.243047 0
    outer loop
      vertex -5.88471 112.171 7
      vertex -5.74164 112.742 0.0213881
      vertex -5.74164 112.742 7
    endloop
  endfacet
  facet normal 0.970014 -0.243047 0
    outer loop
      vertex -5.74164 112.742 0.0213881
      vertex -5.88471 112.171 7
      vertex -5.88471 112.171 0.0213881
    endloop
  endfacet
  facet normal -0.242867 -0.97006 0
    outer loop
      vertex 1.17054 116.885 0.0213881
      vertex 1.74171 116.742 7
      vertex 1.17054 116.885 7
    endloop
  endfacet
  facet normal -0.242867 -0.97006 -0
    outer loop
      vertex 1.74171 116.742 7
      vertex 1.17054 116.885 0.0213881
      vertex 1.74171 116.742 0.0213881
    endloop
  endfacet
  facet normal 0.970014 0.243047 0
    outer loop
      vertex -5.74164 109.258 7
      vertex -5.88471 109.829 0.0213881
      vertex -5.88471 109.829 7
    endloop
  endfacet
  facet normal 0.970014 0.243047 0
    outer loop
      vertex -5.88471 109.829 0.0213881
      vertex -5.74164 109.258 7
      vertex -5.74164 109.258 0.0213881
    endloop
  endfacet
  facet normal 0.426514 0.904481 -0
    outer loop
      vertex -2.2961 105.457 4
      vertex -2.82838 105.708 7
      vertex -2.2961 105.457 7
    endloop
  endfacet
  facet normal 0.426514 0.904481 0
    outer loop
      vertex -2.82838 105.708 7
      vertex -2.2961 105.457 4
      vertex -2.82838 105.708 4
    endloop
  endfacet
  facet normal 0.741503 0.67095 0
    outer loop
      vertex -4.24264 106.757 7
      vertex -4.63806 107.194 0.0213881
      vertex -4.63806 107.194 7
    endloop
  endfacet
  facet normal 0.741503 0.67095 0
    outer loop
      vertex -4.63806 107.194 0.0213881
      vertex -4.24264 106.757 7
      vertex -4.24264 106.757 0.0213881
    endloop
  endfacet
  facet normal -0.426514 0.904481 0
    outer loop
      vertex 2.82838 105.708 4
      vertex 2.2961 105.457 7
      vertex 2.82838 105.708 7
    endloop
  endfacet
  facet normal -0.426514 0.904481 0
    outer loop
      vertex 2.2961 105.457 7
      vertex 2.82838 105.708 4
      vertex 2.2961 105.457 4
    endloop
  endfacet
  facet normal -0.0492513 0.998786 0
    outer loop
      vertex 0.588102 105.029 4
      vertex 0 105 7
      vertex 0.588102 105.029 7
    endloop
  endfacet
  facet normal -0.0492513 0.998786 0
    outer loop
      vertex 0 105 7
      vertex 0.588102 105.029 4
      vertex 0 105 4
    endloop
  endfacet
  facet normal 0.989196 0.146598 0
    outer loop
      vertex -5.88471 109.829 7
      vertex -5.97111 110.412 0.0213881
      vertex -5.97111 110.412 7
    endloop
  endfacet
  facet normal 0.989196 0.146598 0
    outer loop
      vertex -5.97111 110.412 0.0213881
      vertex -5.88471 109.829 7
      vertex -5.88471 109.829 0.0213881
    endloop
  endfacet
  facet normal -0.595966 0.803009 0
    outer loop
      vertex 3.80636 106.362 0.0213881
      vertex 3.33342 106.011 7
      vertex 3.80636 106.362 7
    endloop
  endfacet
  facet normal -0.595966 0.803009 0
    outer loop
      vertex 3.33342 106.011 7
      vertex 3.80636 106.362 0.0213881
      vertex 3.33342 106.011 0.0213881
    endloop
  endfacet
  facet normal 0.803241 0.595655 0
    outer loop
      vertex -4.63806 107.194 7
      vertex -4.98882 107.667 0.0213881
      vertex -4.98882 107.667 7
    endloop
  endfacet
  facet normal 0.803241 0.595655 0
    outer loop
      vertex -4.98882 107.667 0.0213881
      vertex -4.63806 107.194 7
      vertex -4.63806 107.194 0.0213881
    endloop
  endfacet
  facet normal 0.998795 -0.0490735 0
    outer loop
      vertex -6 111 7
      vertex -5.97111 111.588 0.0213881
      vertex -5.97111 111.588 7
    endloop
  endfacet
  facet normal 0.998795 -0.0490735 0
    outer loop
      vertex -5.97111 111.588 0.0213881
      vertex -6 111 7
      vertex -6 111 0.0213881
    endloop
  endfacet
  facet normal -0.741503 0.67095 0
    outer loop
      vertex 4.24264 106.757 0.0213881
      vertex 4.63806 107.194 7
      vertex 4.63806 107.194 0.0213881
    endloop
  endfacet
  facet normal -0.741503 0.67095 0
    outer loop
      vertex 4.63806 107.194 7
      vertex 4.24264 106.757 0.0213881
      vertex 4.24264 106.757 7
    endloop
  endfacet
endsolid OpenSCAD_Model
