solid OpenSCAD_Model
  facet normal -0.841513 0.540238 0
    outer loop
      vertex -35.2171 81.1748 2.17369
      vertex -34.8547 81.7393 7
      vertex -34.8547 81.7393 2.17369
    endloop
  endfacet
  facet normal -0.841513 0.540238 0
    outer loop
      vertex -34.8547 81.7393 7
      vertex -35.2171 81.1748 2.17369
      vertex -35.2171 81.1748 7
    endloop
  endfacet
  facet normal 0 0.499996 -0.866028
    outer loop
      vertex 22.9386 81.4567 0.190302
      vertex 30.9385 82.0219 0.516617
      vertex 30.9385 81.4567 0.190302
    endloop
  endfacet
  facet normal 0 0.499996 -0.866028
    outer loop
      vertex 30.9385 82.0219 0.516617
      vertex 22.9386 81.4567 0.190302
      vertex 22.9386 82.0219 0.516617
    endloop
  endfacet
  facet normal 0.257586 0.0382711 -0.965497
    outer loop
      vertex 33.7642 78.5716 0.0213881
      vertex 34.4091 78.4924 0.190302
      vertex 33.8002 78.3293 0.0213881
    endloop
  endfacet
  facet normal 0.257584 0.038255 -0.965498
    outer loop
      vertex 34.4091 78.4924 0.190302
      vertex 33.7642 78.5716 0.0213881
      vertex 34.3731 78.7348 0.190302
    endloop
  endfacet
  facet normal 0.369921 0.892907 -0.25666
    outer loop
      vertex 33.1105 82.3071 1.54329
      vertex 32.5534 82.5379 1.54329
      vertex 32.5971 82.701 2.17369
    endloop
  endfacet
  facet normal 0.258796 0.0126737 -0.965849
    outer loop
      vertex 33.8263 77.9385 0.0213881
      vertex 34.4417 78.2448 0.190302
      vertex 34.4567 77.9385 0.190302
    endloop
  endfacet
  facet normal 0.258796 0.0126737 -0.965849
    outer loop
      vertex 34.4417 78.2448 0.190302
      vertex 33.8263 77.9385 0.0213881
      vertex 33.8113 78.2448 0.0213881
    endloop
  endfacet
  facet normal -0.126149 -0.95821 -0.256749
    outer loop
      vertex -31.2448 0.0364332 2.17369
      vertex -31.8426 0.284048 1.54329
      vertex -31.2448 0.205347 1.54329
    endloop
  endfacet
  facet normal 0.453152 -0.214247 -0.865304
    outer loop
      vertex 34.0307 3.34458 0.190302
      vertex 34.6249 3.28344 0.516617
      vertex 34.5202 3.06199 0.516617
    endloop
  endfacet
  facet normal 0.453152 -0.214247 -0.865304
    outer loop
      vertex 34.6249 3.28344 0.516617
      vertex 34.0307 3.34458 0.190302
      vertex 34.1354 3.56603 0.190302
    endloop
  endfacet
  facet normal 0.581662 -0.641931 -0.499594
    outer loop
      vertex 34.1681 1.8319 0.978097
      vertex 34.2173 1.43661 1.54329
      vertex 33.9865 1.66735 0.978097
    endloop
  endfacet
  facet normal 0.581866 -0.641803 -0.499521
    outer loop
      vertex 34.2173 1.43661 1.54329
      vertex 34.1681 1.8319 0.978097
      vertex 34.3988 1.60116 1.54329
    endloop
  endfacet
  facet normal -0.821085 0.276878 -0.499157
    outer loop
      vertex -35.2399 79.9596 0.978097
      vertex -35.6333 79.8119 1.54329
      vertex -35.555 80.0441 1.54329
    endloop
  endfacet
  facet normal -0.821128 0.276538 -0.499275
    outer loop
      vertex -35.6333 79.8119 1.54329
      vertex -35.2399 79.9596 0.978097
      vertex -35.3181 79.7274 0.978097
    endloop
  endfacet
  facet normal -1 0 0
    outer loop
      vertex -35.9786 78.4834 2.17369
      vertex -35.9786 9.1 3.5
      vertex -35.9786 78.4834 7
    endloop
  endfacet
  facet normal -1 0 0
    outer loop
      vertex -35.9786 78.4834 2.17369
      vertex -35.9786 9.08507 3.19615
      vertex -35.9786 9.1 3.5
    endloop
  endfacet
  facet normal -1 0 0
    outer loop
      vertex -35.9786 78.4834 2.17369
      vertex -35.9786 9.04043 2.89522
      vertex -35.9786 9.08507 3.19615
    endloop
  endfacet
  facet normal -1 0 0
    outer loop
      vertex -35.9786 78.4834 2.17369
      vertex -35.9786 8.96651 2.60012
      vertex -35.9786 9.04043 2.89522
    endloop
  endfacet
  facet normal -1 0 0
    outer loop
      vertex -35.9786 78.4834 2.17369
      vertex -35.9786 8.86403 2.31368
      vertex -35.9786 8.96651 2.60012
    endloop
  endfacet
  facet normal -1 0 -0
    outer loop
      vertex -35.9786 8.86403 2.31368
      vertex -35.9786 78.4834 2.17369
      vertex -35.9786 8.79781 2.17369
    endloop
  endfacet
  facet normal -1 0 0
    outer loop
      vertex -35.9786 9.08507 3.80385
      vertex -35.9786 78.4834 7
      vertex -35.9786 9.1 3.5
    endloop
  endfacet
  facet normal -1 0 0
    outer loop
      vertex -35.9786 9.04043 4.10478
      vertex -35.9786 78.4834 7
      vertex -35.9786 9.08507 3.80385
    endloop
  endfacet
  facet normal -1 0 0
    outer loop
      vertex -35.9786 8.96651 4.39988
      vertex -35.9786 78.4834 7
      vertex -35.9786 9.04043 4.10478
    endloop
  endfacet
  facet normal -1 0 0
    outer loop
      vertex -35.9786 8.86403 4.68632
      vertex -35.9786 78.4834 7
      vertex -35.9786 8.96651 4.39988
    endloop
  endfacet
  facet normal -1 0 0
    outer loop
      vertex -35.9786 8.73396 4.96133
      vertex -35.9786 78.4834 7
      vertex -35.9786 8.86403 4.68632
    endloop
  endfacet
  facet normal -1 0 0
    outer loop
      vertex -35.9786 8.57756 5.22227
      vertex -35.9786 78.4834 7
      vertex -35.9786 8.73396 4.96133
    endloop
  endfacet
  facet normal -1 0 0
    outer loop
      vertex -35.9786 8.39633 5.46662
      vertex -35.9786 78.4834 7
      vertex -35.9786 8.57756 5.22227
    endloop
  endfacet
  facet normal -1 0 0
    outer loop
      vertex -35.9786 8.19203 5.69203
      vertex -35.9786 78.4834 7
      vertex -35.9786 8.39633 5.46662
    endloop
  endfacet
  facet normal -1 0 0
    outer loop
      vertex -35.9786 7.96662 5.89633
      vertex -35.9786 78.4834 7
      vertex -35.9786 8.19203 5.69203
    endloop
  endfacet
  facet normal -1 0 0
    outer loop
      vertex -35.9786 7.72227 6.07756
      vertex -35.9786 78.4834 7
      vertex -35.9786 7.96662 5.89633
    endloop
  endfacet
  facet normal -1 0 0
    outer loop
      vertex -35.9786 7.46133 6.23396
      vertex -35.9786 78.4834 7
      vertex -35.9786 7.72227 6.07756
    endloop
  endfacet
  facet normal -1 0 0
    outer loop
      vertex -35.9786 7.18632 6.36403
      vertex -35.9786 78.4834 7
      vertex -35.9786 7.46133 6.23396
    endloop
  endfacet
  facet normal -1 0 0
    outer loop
      vertex -35.9786 6.89988 6.46651
      vertex -35.9786 78.4834 7
      vertex -35.9786 7.18632 6.36403
    endloop
  endfacet
  facet normal -1 0 0
    outer loop
      vertex -35.9786 5.06149 7
      vertex -35.9786 6.89988 6.46651
      vertex -35.9786 6.60478 6.54043
    endloop
  endfacet
  facet normal -1 0 0
    outer loop
      vertex -35.9786 5.06149 7
      vertex -35.9786 6.60478 6.54043
      vertex -35.9786 6.30385 6.58507
    endloop
  endfacet
  facet normal -1 0 0
    outer loop
      vertex -35.9786 5.06149 7
      vertex -35.9786 6.30385 6.58507
      vertex -35.9786 6 6.6
    endloop
  endfacet
  facet normal -1 0 0
    outer loop
      vertex -35.9786 6.89988 6.46651
      vertex -35.9786 5.06149 7
      vertex -35.9786 78.4834 7
    endloop
  endfacet
  facet normal -1 0 0
    outer loop
      vertex -35.9786 5.69615 6.58507
      vertex -35.9786 5.06149 7
      vertex -35.9786 6 6.6
    endloop
  endfacet
  facet normal -1 0 0
    outer loop
      vertex -35.9786 5.39522 6.54043
      vertex -35.9786 5.06149 7
      vertex -35.9786 5.69615 6.58507
    endloop
  endfacet
  facet normal -1 0 0
    outer loop
      vertex -35.9786 5.10012 6.46651
      vertex -35.9786 5.06149 7
      vertex -35.9786 5.39522 6.54043
    endloop
  endfacet
  facet normal -1 0 0
    outer loop
      vertex -35.9786 5.06149 7
      vertex -35.9786 5.10012 6.46651
      vertex -35.9786 5.06149 6.45269
    endloop
  endfacet
  facet normal 1 -0 0
    outer loop
      vertex 35.9786 5.06149 7
      vertex 35.9786 77.9385 2.17369
      vertex 35.9786 77.9385 7
    endloop
  endfacet
  facet normal 1 0 0
    outer loop
      vertex 35.9786 77.9385 2.17369
      vertex 35.9786 5.06149 7
      vertex 35.9786 5.06149 2.17369
    endloop
  endfacet
  facet normal 0.998803 0.048913 0
    outer loop
      vertex 35.9786 77.9385 7
      vertex 35.9636 78.2448 2.17369
      vertex 35.9636 78.2448 7
    endloop
  endfacet
  facet normal 0.998803 0.048913 0
    outer loop
      vertex 35.9636 78.2448 2.17369
      vertex 35.9786 77.9385 7
      vertex 35.9786 77.9385 2.17369
    endloop
  endfacet
  facet normal -0.0490597 -0.998796 0
    outer loop
      vertex -31.2448 0.0364332 2.17369
      vertex -30.9385 0.0213881 7
      vertex -31.2448 0.0364332 7
    endloop
  endfacet
  facet normal -0.0490597 -0.998796 -0
    outer loop
      vertex -30.9385 0.0213881 7
      vertex -31.2448 0.0364332 2.17369
      vertex -30.9385 0.0213881 2.17369
    endloop
  endfacet
  facet normal -0.741102 -0.671392 0
    outer loop
      vertex -34.5183 1.48172 2.17369
      vertex -34.6828 1.6633 7
      vertex -34.6828 1.6633 2.17369
    endloop
  endfacet
  facet normal -0.741102 -0.671392 0
    outer loop
      vertex -34.6828 1.6633 7
      vertex -34.5183 1.48172 2.17369
      vertex -34.5183 1.48172 7
    endloop
  endfacet
  facet normal -0.696875 -0.516532 -0.497554
    outer loop
      vertex -34.6479 2.42425 0.978097
      vertex -35.0764 2.45793 1.54329
      vertex -34.7938 2.62109 0.978097
    endloop
  endfacet
  facet normal -0.696875 -0.516532 -0.497554
    outer loop
      vertex -35.0764 2.45793 1.54329
      vertex -34.6479 2.42425 0.978097
      vertex -34.9305 2.26109 1.54329
    endloop
  endfacet
  facet normal 0 -1 0
    outer loop
      vertex -30.9385 0.0213881 2.17369
      vertex -21.2 0.0213881 7
      vertex -30.9385 0.0213881 7
    endloop
  endfacet
  facet normal 0 -1 0
    outer loop
      vertex -9.06402 0.0213881 2.17369
      vertex -21.2 0.0213881 7
      vertex -30.9385 0.0213881 2.17369
    endloop
  endfacet
  facet normal 0 -1 0
    outer loop
      vertex -21.2 0.0213881 7
      vertex -9.06402 0.0213881 2.17369
      vertex -10.454 0.0213881 7
    endloop
  endfacet
  facet normal 0 -1 0
    outer loop
      vertex 9.06402 0.0213881 2.17369
      vertex 21.2 0.0213881 7
      vertex 10.454 0.0213881 7
    endloop
  endfacet
  facet normal 0 -1 -0
    outer loop
      vertex 21.2 0.0213881 7
      vertex 9.06402 0.0213881 2.17369
      vertex 30.9385 0.0213881 2.17369
    endloop
  endfacet
  facet normal 0 -1 0
    outer loop
      vertex 21.2 0.0213881 7
      vertex 30.9385 0.0213881 2.17369
      vertex 30.9385 0.0213881 7
    endloop
  endfacet
  facet normal 0.258817 0 -0.965926
    outer loop
      vertex 33.8263 5.06149 0.0213881
      vertex 34.4567 77.9385 0.190302
      vertex 34.4567 5.06149 0.190302
    endloop
  endfacet
  facet normal 0.258817 0 -0.965926
    outer loop
      vertex 34.4567 77.9385 0.190302
      vertex 33.8263 5.06149 0.0213881
      vertex 33.8263 77.9385 0.0213881
    endloop
  endfacet
  facet normal -0.498932 -0.0657389 -0.864144
    outer loop
      vertex -34.955 4.36129 0.516617
      vertex -35.0069 4.75519 0.516617
      vertex -34.4091 4.50757 0.190302
    endloop
  endfacet
  facet normal 0.210464 -0.840101 -0.499935
    outer loop
      vertex 32.2381 0.694718 0.978097
      vertex 32.0849 0.319998 1.54329
      vertex 32.0005 0.635194 0.978097
    endloop
  endfacet
  facet normal 0.210377 -0.840107 -0.499962
    outer loop
      vertex 32.0849 0.319998 1.54329
      vertex 32.2381 0.694718 0.978097
      vertex 32.3226 0.379522 1.54329
    endloop
  endfacet
  facet normal 0.111028 -0.234692 -0.965708
    outer loop
      vertex 32.434 1.86458 0.190302
      vertex 32.3402 2.51525 0.0213881
      vertex 32.6554 1.96932 0.190302
    endloop
  endfacet
  facet normal 0.111018 -0.234694 -0.965709
    outer loop
      vertex 32.3402 2.51525 0.0213881
      vertex 32.434 1.86458 0.190302
      vertex 32.1188 2.41052 0.0213881
    endloop
  endfacet
  facet normal -0.71572 -0.648791 -0.258485
    outer loop
      vertex -34.3988 1.60116 1.54329
      vertex -34.6828 1.6633 2.17369
      vertex -34.5634 1.78274 1.54329
    endloop
  endfacet
  facet normal -0.715896 -0.648557 -0.258587
    outer loop
      vertex -34.6828 1.6633 2.17369
      vertex -34.3988 1.60116 1.54329
      vertex -34.5183 1.48172 2.17369
    endloop
  endfacet
  facet normal -0.464884 -0.19261 -0.864167
    outer loop
      vertex -34.1354 3.56603 0.190302
      vertex -34.6249 3.28344 0.516617
      vertex -34.231 3.79677 0.190302
    endloop
  endfacet
  facet normal 0 1 -0
    outer loop
      vertex 30.9385 82.9786 2.17369
      vertex 22.9386 82.9786 7
      vertex 30.9385 82.9786 7
    endloop
  endfacet
  facet normal 0 1 0
    outer loop
      vertex 22.9386 82.9786 7
      vertex 30.9385 82.9786 2.17369
      vertex 22.9386 82.9786 2.17369
    endloop
  endfacet
  facet normal 0.498916 0.0656893 -0.864157
    outer loop
      vertex 34.4417 78.2448 0.190302
      vertex 34.4091 78.4924 0.190302
      vertex 35.0069 78.2448 0.516617
    endloop
  endfacet
  facet normal -0.251104 -0.062879 -0.965916
    outer loop
      vertex -34.3731 4.26523 0.190302
      vertex -33.7047 4.19078 0.0213881
      vertex -34.3136 4.02762 0.190302
    endloop
  endfacet
  facet normal -0.251104 -0.062879 -0.965916
    outer loop
      vertex -33.7047 4.19078 0.0213881
      vertex -34.3731 4.26523 0.190302
      vertex -33.7642 4.42839 0.0213881
    endloop
  endfacet
  facet normal -0.860617 0.111681 -0.496856
    outer loop
      vertex -35.4739 78.721 0.978097
      vertex -35.7672 78.9753 1.54329
      vertex -35.4409 78.9753 0.978097
    endloop
  endfacet
  facet normal -0.860617 0.111681 -0.496856
    outer loop
      vertex -35.7672 78.9753 1.54329
      vertex -35.4739 78.721 0.978097
      vertex -35.8002 78.721 1.54329
    endloop
  endfacet
  facet normal 0.514316 0.857601 -0
    outer loop
      vertex 33.6265 82.2227 2.17369
      vertex 33.4164 82.3487 7
      vertex 33.6265 82.2227 7
    endloop
  endfacet
  facet normal 0.514316 0.857601 0
    outer loop
      vertex 33.4164 82.3487 7
      vertex 33.6265 82.2227 2.17369
      vertex 33.4164 82.3487 2.17369
    endloop
  endfacet
  facet normal -0.258689 -0.0339978 -0.965362
    outer loop
      vertex -33.8002 4.67073 0.0213881
      vertex -34.4091 4.50757 0.190302
      vertex -33.8113 4.75519 0.0213881
    endloop
  endfacet
  facet normal 0 -0.500001 -0.866025
    outer loop
      vertex -30.9385 1.54329 0.190302
      vertex -8.58678 0.978097 0.516617
      vertex -30.9385 0.978097 0.516617
    endloop
  endfacet
  facet normal 0 -0.500001 -0.866025
    outer loop
      vertex -8.58678 0.978097 0.516617
      vertex -30.9385 1.54329 0.190302
      vertex -8.4928 1.54329 0.190302
    endloop
  endfacet
  facet normal 0 -0.500001 -0.866025
    outer loop
      vertex 8.58678 0.978097 0.516617
      vertex 30.9385 1.54329 0.190302
      vertex 30.9385 0.978097 0.516617
    endloop
  endfacet
  facet normal -0 -0.500001 -0.866025
    outer loop
      vertex 30.9385 1.54329 0.190302
      vertex 8.58678 0.978097 0.516617
      vertex 8.4928 1.54329 0.190302
    endloop
  endfacet
  facet normal 0.453128 0.214284 -0.865308
    outer loop
      vertex 34.0307 79.6554 0.190302
      vertex 34.6249 79.7166 0.516617
      vertex 34.1354 79.434 0.190302
    endloop
  endfacet
  facet normal 0.453128 0.214284 -0.865308
    outer loop
      vertex 34.6249 79.7166 0.516617
      vertex 34.0307 79.6554 0.190302
      vertex 34.5202 79.938 0.516617
    endloop
  endfacet
  facet normal -0.38268 -0.923881 0
    outer loop
      vertex -33.1949 0.546575 2.17369
      vertex -32.5971 0.298961 7
      vertex -33.1949 0.546575 7
    endloop
  endfacet
  facet normal -0.38268 -0.923881 -0
    outer loop
      vertex -32.5971 0.298961 7
      vertex -33.1949 0.546575 2.17369
      vertex -32.5971 0.298961 2.17369
    endloop
  endfacet
  facet normal 0.127257 -0.858054 -0.497544
    outer loop
      vertex 32.0005 0.635194 0.978097
      vertex 31.8426 0.284048 1.54329
      vertex 31.7581 0.599244 0.978097
    endloop
  endfacet
  facet normal 0.127309 -0.858054 -0.497529
    outer loop
      vertex 31.8426 0.284048 1.54329
      vertex 32.0005 0.635194 0.978097
      vertex 32.0849 0.319998 1.54329
    endloop
  endfacet
  facet normal 0.0657387 0.49893 -0.864145
    outer loop
      vertex 31.4924 81.4091 0.190302
      vertex 31.2448 82.0069 0.516617
      vertex 31.6387 81.955 0.516617
    endloop
  endfacet
  facet normal -0.837482 0.481261 -0.258868
    outer loop
      vertex -35.0708 81.0903 1.54329
      vertex -35.3699 80.9089 2.17369
      vertex -35.2171 81.1748 2.17369
    endloop
  endfacet
  facet normal -0.837374 0.481514 -0.258744
    outer loop
      vertex -35.3699 80.9089 2.17369
      vertex -35.0708 81.0903 1.54329
      vertex -35.2237 80.8244 1.54329
    endloop
  endfacet
  facet normal -0.969938 -0.243354 -1.19764e-05
    outer loop
      vertex -35.7836 3.63373 7
      vertex -35.8432 3.87134 5.74946
      vertex -35.8273 3.80797 5.69203
    endloop
  endfacet
  facet normal -0.969959 -0.243269 -0
    outer loop
      vertex -35.7836 3.63373 7
      vertex -35.8273 3.80797 5.69203
      vertex -35.7836 3.63373 5.49978
    endloop
  endfacet
  facet normal -0.969953 -0.243294 0
    outer loop
      vertex -35.8432 3.87134 5.74946
      vertex -35.7836 3.63373 7
      vertex -35.8432 3.87134 7
    endloop
  endfacet
  facet normal -0.911593 0.411094 0
    outer loop
      vertex -35.4706 80.6856 2.17369
      vertex -35.3699 80.9089 7
      vertex -35.3699 80.9089 2.17369
    endloop
  endfacet
  facet normal -0.911593 0.411094 0
    outer loop
      vertex -35.3699 80.9089 7
      vertex -35.4706 80.6856 2.17369
      vertex -35.4706 80.6856 7
    endloop
  endfacet
  facet normal 0.958215 0.126148 -0.25673
    outer loop
      vertex 35.7947 78.2448 1.54329
      vertex 35.716 78.8426 1.54329
      vertex 35.9636 78.2448 2.17369
    endloop
  endfacet
  facet normal 0.706739 0.0348409 -0.706616
    outer loop
      vertex 35.4834 77.9385 0.978097
      vertex 35.0069 78.2448 0.516617
      vertex 35.4683 78.2448 0.978097
    endloop
  endfacet
  facet normal 0.706668 0.0346067 -0.706699
    outer loop
      vertex 35.0069 78.2448 0.516617
      vertex 35.4834 77.9385 0.978097
      vertex 35.0219 77.9385 0.516617
    endloop
  endfacet
  facet normal 0.965932 0 -0.258797
    outer loop
      vertex 35.9786 5.06149 2.17369
      vertex 35.8097 77.9385 1.54329
      vertex 35.9786 77.9385 2.17369
    endloop
  endfacet
  facet normal 0.965932 0 -0.258797
    outer loop
      vertex 35.8097 77.9385 1.54329
      vertex 35.9786 5.06149 2.17369
      vertex 35.8097 5.06149 1.54329
    endloop
  endfacet
  facet normal 0.904049 -0.427428 0
    outer loop
      vertex 35.3487 2.58363 7
      vertex 35.4534 2.80508 2.17369
      vertex 35.4534 2.80508 7
    endloop
  endfacet
  facet normal 0.904049 -0.427428 0
    outer loop
      vertex 35.4534 2.80508 2.17369
      vertex 35.3487 2.58363 7
      vertex 35.3487 2.58363 2.17369
    endloop
  endfacet
  facet normal 0.49893 0.0657387 -0.864145
    outer loop
      vertex 35.0069 78.2448 0.516617
      vertex 34.4091 78.4924 0.190302
      vertex 34.955 78.6387 0.516617
    endloop
  endfacet
  facet normal -0.606533 -0.363642 -0.707024
    outer loop
      vertex -34.7938 2.62109 0.978097
      vertex -34.5202 3.06199 0.516617
      vertex -34.3942 2.85183 0.516617
    endloop
  endfacet
  facet normal -0.606533 -0.363642 -0.707024
    outer loop
      vertex -34.5202 3.06199 0.516617
      vertex -34.7938 2.62109 0.978097
      vertex -34.9198 2.83125 0.978097
    endloop
  endfacet
  facet normal 0.0347111 -0.706681 -0.706681
    outer loop
      vertex 30.9385 0.978097 0.516617
      vertex 31.2448 0.531662 0.978097
      vertex 30.9385 0.516617 0.978097
    endloop
  endfacet
  facet normal 0.0347111 -0.706681 -0.706681
    outer loop
      vertex 31.2448 0.531662 0.978097
      vertex 30.9385 0.978097 0.516617
      vertex 31.2448 0.993142 0.516617
    endloop
  endfacet
  facet normal -0.793347 -0.608769 0
    outer loop
      vertex -34.6828 1.6633 2.17369
      vertex -35.0767 2.17663 7
      vertex -35.0767 2.17663 2.17369
    endloop
  endfacet
  facet normal -0.793347 -0.608769 0
    outer loop
      vertex -35.0767 2.17663 7
      vertex -34.6828 1.6633 2.17369
      vertex -34.6828 1.6633 7
    endloop
  endfacet
  facet normal -0.828444 -0.496688 -0.258807
    outer loop
      vertex -35.0764 2.45793 1.54329
      vertex -35.3487 2.58363 2.17369
      vertex -35.2024 2.66809 1.54329
    endloop
  endfacet
  facet normal -0.828444 -0.496688 -0.258807
    outer loop
      vertex -35.3487 2.58363 2.17369
      vertex -35.0764 2.45793 1.54329
      vertex -35.2227 2.37347 2.17369
    endloop
  endfacet
  facet normal -0.569777 -0.422614 -0.704806
    outer loop
      vertex -34.6479 2.42425 0.978097
      vertex -34.3942 2.85183 0.516617
      vertex -34.2482 2.65499 0.516617
    endloop
  endfacet
  facet normal -0.569954 -0.422456 -0.704757
    outer loop
      vertex -34.3942 2.85183 0.516617
      vertex -34.6479 2.42425 0.978097
      vertex -34.7938 2.62109 0.978097
    endloop
  endfacet
  facet normal -0.258796 -0.0126737 -0.965849
    outer loop
      vertex -34.4417 4.75519 0.190302
      vertex -33.8263 5.06149 0.0213881
      vertex -33.8113 4.75519 0.0213881
    endloop
  endfacet
  facet normal -0.258796 -0.0126737 -0.965849
    outer loop
      vertex -33.8263 5.06149 0.0213881
      vertex -34.4417 4.75519 0.190302
      vertex -34.4567 5.06149 0.190302
    endloop
  endfacet
  facet normal -0.0347111 -0.706681 -0.706681
    outer loop
      vertex -31.2448 0.993142 0.516617
      vertex -30.9385 0.516617 0.978097
      vertex -31.2448 0.531662 0.978097
    endloop
  endfacet
  facet normal -0.0347111 -0.706681 -0.706681
    outer loop
      vertex -30.9385 0.516617 0.978097
      vertex -31.2448 0.993142 0.516617
      vertex -30.9385 0.978097 0.516617
    endloop
  endfacet
  facet normal 0.1467 -0.989181 0
    outer loop
      vertex 31.8863 0.120891 2.17369
      vertex 32.1287 0.15684 7
      vertex 31.8863 0.120891 7
    endloop
  endfacet
  facet normal 0.1467 -0.989181 0
    outer loop
      vertex 32.1287 0.15684 7
      vertex 31.8863 0.120891 2.17369
      vertex 32.1287 0.15684 2.17369
    endloop
  endfacet
  facet normal 0.141825 -0.955886 -0.257229
    outer loop
      vertex 32.0849 0.319998 1.54329
      vertex 31.8863 0.120891 2.17369
      vertex 31.8426 0.284048 1.54329
    endloop
  endfacet
  facet normal 0.141763 -0.95589 -0.25725
    outer loop
      vertex 31.8863 0.120891 2.17369
      vertex 32.0849 0.319998 1.54329
      vertex 32.1287 0.15684 2.17369
    endloop
  endfacet
  facet normal 0.146504 0.98921 -0
    outer loop
      vertex 32.1287 82.8432 2.17369
      vertex 31.8863 82.8791 7
      vertex 32.1287 82.8432 7
    endloop
  endfacet
  facet normal 0.146504 0.98921 0
    outer loop
      vertex 31.8863 82.8791 7
      vertex 32.1287 82.8432 2.17369
      vertex 31.8863 82.8791 2.17369
    endloop
  endfacet
  facet normal 0 0.866035 -0.499984
    outer loop
      vertex 30.9385 82.4834 0.978097
      vertex 22.9386 82.8097 1.54329
      vertex 30.9385 82.8097 1.54329
    endloop
  endfacet
  facet normal 0 0.866035 -0.499984
    outer loop
      vertex 22.9386 82.8097 1.54329
      vertex 30.9385 82.4834 0.978097
      vertex 22.9386 82.4834 0.978097
    endloop
  endfacet
  facet normal 0.048913 0.998803 -0
    outer loop
      vertex 31.2448 82.9636 2.17369
      vertex 30.9385 82.9786 7
      vertex 31.2448 82.9636 7
    endloop
  endfacet
  facet normal 0.048913 0.998803 0
    outer loop
      vertex 30.9385 82.9786 7
      vertex 31.2448 82.9636 2.17369
      vertex 30.9385 82.9786 2.17369
    endloop
  endfacet
  facet normal 0.936931 0.235021 -0.258699
    outer loop
      vertex 35.8432 79.1287 2.17369
      vertex 35.6205 79.3226 1.54329
      vertex 35.7836 79.3663 2.17369
    endloop
  endfacet
  facet normal 0.937003 0.234546 -0.258871
    outer loop
      vertex 35.6205 79.3226 1.54329
      vertex 35.8432 79.1287 2.17369
      vertex 35.68 79.0849 1.54329
    endloop
  endfacet
  facet normal 0.816051 0.292053 -0.498764
    outer loop
      vertex 35.6205 79.3226 1.54329
      vertex 35.2227 79.4689 0.978097
      vertex 35.5379 79.5534 1.54329
    endloop
  endfacet
  facet normal 0.816051 0.292053 -0.498764
    outer loop
      vertex 35.2227 79.4689 0.978097
      vertex 35.6205 79.3226 1.54329
      vertex 35.3053 79.2381 0.978097
    endloop
  endfacet
  facet normal 0.866035 0 -0.499984
    outer loop
      vertex 35.8097 5.06149 1.54329
      vertex 35.4834 77.9385 0.978097
      vertex 35.8097 77.9385 1.54329
    endloop
  endfacet
  facet normal 0.866035 0 -0.499984
    outer loop
      vertex 35.4834 77.9385 0.978097
      vertex 35.8097 5.06149 1.54329
      vertex 35.4834 5.06149 0.978097
    endloop
  endfacet
  facet normal 0.80178 0.332168 -0.496803
    outer loop
      vertex 35.5379 79.5534 1.54329
      vertex 35.2227 79.4689 0.978097
      vertex 35.3071 80.1105 1.54329
    endloop
  endfacet
  facet normal -0.192526 -0.464947 -0.864151
    outer loop
      vertex -32.2032 1.76901 0.190302
      vertex -32.7166 1.37511 0.516617
      vertex -32.434 1.86458 0.190302
    endloop
  endfacet
  facet normal 0.0342736 0.258582 -0.965381
    outer loop
      vertex 31.3293 80.8001 0.0213881
      vertex 31.2448 80.8113 0.0213881
      vertex 31.4924 81.4091 0.190302
    endloop
  endfacet
  facet normal 0.155165 0.209154 -0.965494
    outer loop
      vertex 32.5504 80.3588 0.0213881
      vertex 33.0624 80.7587 0.190302
      vertex 32.7472 80.2128 0.0213881
    endloop
  endfacet
  facet normal 0.155165 0.209154 -0.965494
    outer loop
      vertex 33.0624 80.7587 0.190302
      vertex 32.5504 80.3588 0.0213881
      vertex 32.8656 80.9047 0.190302
    endloop
  endfacet
  facet normal 0 0.258817 -0.965926
    outer loop
      vertex 22.9386 80.8263 0.0213881
      vertex 30.9385 81.4567 0.190302
      vertex 30.9385 80.8263 0.0213881
    endloop
  endfacet
  facet normal 0 0.258817 -0.965926
    outer loop
      vertex 30.9385 81.4567 0.190302
      vertex 22.9386 80.8263 0.0213881
      vertex 22.9386 81.4567 0.190302
    endloop
  endfacet
  facet normal 0.865257 -0.042373 -0.499534
    outer loop
      vertex 35.7947 4.75519 1.54329
      vertex 35.4834 5.06149 0.978097
      vertex 35.8097 5.06149 1.54329
    endloop
  endfacet
  facet normal 0.865181 -0.0426517 -0.499643
    outer loop
      vertex 35.4834 5.06149 0.978097
      vertex 35.7947 4.75519 1.54329
      vertex 35.4683 4.75519 0.978097
    endloop
  endfacet
  facet normal 0.666856 -0.238606 -0.705954
    outer loop
      vertex 35.2227 3.53105 0.978097
      vertex 34.8595 3.88134 0.516617
      vertex 35.3053 3.7619 0.978097
    endloop
  endfacet
  facet normal 0.666856 -0.238606 -0.705954
    outer loop
      vertex 34.8595 3.88134 0.516617
      vertex 35.2227 3.53105 0.978097
      vertex 34.7769 3.65049 0.516617
    endloop
  endfacet
  facet normal -0.241052 -0.0998511 -0.965362
    outer loop
      vertex -33.5895 3.88123 0.0213881
      vertex -34.1354 3.56603 0.190302
      vertex -33.6221 3.95993 0.0213881
    endloop
  endfacet
  facet normal 0.955881 -0.141998 -0.257156
    outer loop
      vertex 35.8791 4.11368 2.17369
      vertex 35.68 3.91505 1.54329
      vertex 35.716 4.15739 1.54329
    endloop
  endfacet
  facet normal 0.955904 -0.141607 -0.257286
    outer loop
      vertex 35.68 3.91505 1.54329
      vertex 35.8791 4.11368 2.17369
      vertex 35.8432 3.87134 2.17369
    endloop
  endfacet
  facet normal 0.471977 -0.168877 -0.865285
    outer loop
      vertex 34.7769 3.65049 0.516617
      vertex 34.3136 4.02762 0.190302
      vertex 34.8595 3.88134 0.516617
    endloop
  endfacet
  facet normal 0.471977 -0.168877 -0.865285
    outer loop
      vertex 34.3136 4.02762 0.190302
      vertex 34.7769 3.65049 0.516617
      vertex 34.231 3.79677 0.190302
    endloop
  endfacet
  facet normal 0.464953 -0.192543 -0.864144
    outer loop
      vertex 34.6249 3.28344 0.516617
      vertex 34.231 3.79677 0.190302
      vertex 34.7769 3.65049 0.516617
    endloop
  endfacet
  facet normal 0.0628995 -0.251091 -0.965918
    outer loop
      vertex 31.7348 1.62689 0.190302
      vertex 31.8092 2.29532 0.0213881
      vertex 31.9724 1.68641 0.190302
    endloop
  endfacet
  facet normal 0.0628995 -0.251091 -0.965918
    outer loop
      vertex 31.8092 2.29532 0.0213881
      vertex 31.7348 1.62689 0.190302
      vertex 31.5716 2.2358 0.0213881
    endloop
  endfacet
  facet normal 0.241039 -0.0998673 -0.965363
    outer loop
      vertex 34.1354 3.56603 0.190302
      vertex 33.6221 3.95993 0.0213881
      vertex 34.231 3.79677 0.190302
    endloop
  endfacet
  facet normal 0.0926922 -0.704066 -0.704059
    outer loop
      vertex 31.7581 0.599244 0.978097
      vertex 31.2448 0.993142 0.516617
      vertex 31.6387 1.045 0.516617
    endloop
  endfacet
  facet normal 0 -0.866025 -0.500001
    outer loop
      vertex -30.9385 0.516617 0.978097
      vertex -8.88247 0.190302 1.54329
      vertex -30.9385 0.190302 1.54329
    endloop
  endfacet
  facet normal 0 -0.866025 -0.500001
    outer loop
      vertex -8.88247 0.190302 1.54329
      vertex -30.9385 0.516617 0.978097
      vertex -8.71969 0.516617 0.978097
    endloop
  endfacet
  facet normal -0 -0.866025 -0.500001
    outer loop
      vertex 30.9385 0.516617 0.978097
      vertex 8.88247 0.190302 1.54329
      vertex 8.71969 0.516617 0.978097
    endloop
  endfacet
  facet normal 0 -0.866025 -0.500001
    outer loop
      vertex 8.88247 0.190302 1.54329
      vertex 30.9385 0.516617 0.978097
      vertex 30.9385 0.190302 1.54329
    endloop
  endfacet
  facet normal -0.403554 -0.299339 -0.864604
    outer loop
      vertex -34.2482 2.65499 0.516617
      vertex -33.9047 3.13442 0.190302
      vertex -33.7587 2.93759 0.190302
    endloop
  endfacet
  facet normal -0.403564 -0.299331 -0.864602
    outer loop
      vertex -33.9047 3.13442 0.190302
      vertex -34.2482 2.65499 0.516617
      vertex -34.3942 2.85183 0.516617
    endloop
  endfacet
  facet normal -0.974309 0.225217 0
    outer loop
      vertex -35.8517 79.6168 2.17369
      vertex -35.7965 79.8556 7
      vertex -35.7965 79.8556 2.17369
    endloop
  endfacet
  facet normal -0.974309 0.225217 0
    outer loop
      vertex -35.7965 79.8556 7
      vertex -35.8517 79.6168 2.17369
      vertex -35.8517 79.6168 7
    endloop
  endfacet
  facet normal -0.866035 0 -0.499984
    outer loop
      vertex -35.4834 78.4834 0.978097
      vertex -35.8097 8.40368 1.54329
      vertex -35.8097 78.4834 1.54329
    endloop
  endfacet
  facet normal -0.866835 1.49297e-05 -0.498594
    outer loop
      vertex -35.4834 78.4834 0.978097
      vertex -35.804 8.39633 1.53338
      vertex -35.8097 8.40368 1.54329
    endloop
  endfacet
  facet normal -0.865927 -1.70884e-06 -0.50017
    outer loop
      vertex -35.4834 78.4834 0.978097
      vertex -35.6738 8.19203 1.30797
      vertex -35.804 8.39633 1.53338
    endloop
  endfacet
  facet normal -0.866122 4.01611e-07 -0.499833
    outer loop
      vertex -35.4834 78.4834 0.978097
      vertex -35.5559 7.96662 1.10367
      vertex -35.6738 8.19203 1.30797
    endloop
  endfacet
  facet normal -0.866024 0 -0.500002
    outer loop
      vertex -35.5559 7.96662 1.10367
      vertex -35.4834 78.4834 0.978097
      vertex -35.4834 7.79731 0.978097
    endloop
  endfacet
  facet normal -0.244457 -0.0874687 -0.965707
    outer loop
      vertex -34.231 3.79677 0.190302
      vertex -33.7047 4.19078 0.0213881
      vertex -33.6221 3.95993 0.0213881
    endloop
  endfacet
  facet normal -0.244457 -0.0874687 -0.965707
    outer loop
      vertex -33.7047 4.19078 0.0213881
      vertex -34.231 3.79677 0.190302
      vertex -34.3136 4.02762 0.190302
    endloop
  endfacet
  facet normal 0.37087 -0.335984 -0.865777
    outer loop
      vertex 33.4421 2.55787 0.190302
      vertex 34.0063 2.33979 0.516617
      vertex 33.8418 2.15821 0.516617
    endloop
  endfacet
  facet normal 0.370794 -0.336139 -0.86575
    outer loop
      vertex 34.0063 2.33979 0.516617
      vertex 33.4421 2.55787 0.190302
      vertex 33.6067 2.73944 0.190302
    endloop
  endfacet
  facet normal 0.94152 0.336957 0
    outer loop
      vertex 35.7836 79.3663 7
      vertex 35.701 79.5971 2.17369
      vertex 35.701 79.5971 7
    endloop
  endfacet
  facet normal 0.94152 0.336957 0
    outer loop
      vertex 35.701 79.5971 2.17369
      vertex 35.7836 79.3663 7
      vertex 35.7836 79.3663 2.17369
    endloop
  endfacet
  facet normal 0.766753 0.588397 -0.25667
    outer loop
      vertex 35.0767 80.8234 2.17369
      vertex 34.5634 81.2173 1.54329
      vertex 34.6828 81.3367 2.17369
    endloop
  endfacet
  facet normal 0.581975 0.641728 -0.49949
    outer loop
      vertex 34.1681 81.1681 0.978097
      vertex 34.2173 81.5634 1.54329
      vertex 34.3988 81.3988 1.54329
    endloop
  endfacet
  facet normal 0.581771 0.641857 -0.499562
    outer loop
      vertex 34.2173 81.5634 1.54329
      vertex 34.1681 81.1681 0.978097
      vertex 33.9865 81.3327 0.978097
    endloop
  endfacet
  facet normal 0.0925945 0.70413 -0.704008
    outer loop
      vertex 31.7581 82.4008 0.978097
      vertex 31.2448 82.0069 0.516617
      vertex 31.2448 82.4683 0.978097
    endloop
  endfacet
  facet normal 0.857601 0.514316 0
    outer loop
      vertex 35.3487 80.4164 7
      vertex 35.2227 80.6265 2.17369
      vertex 35.2227 80.6265 7
    endloop
  endfacet
  facet normal 0.857601 0.514316 0
    outer loop
      vertex 35.2227 80.6265 2.17369
      vertex 35.3487 80.4164 7
      vertex 35.3487 80.4164 2.17369
    endloop
  endfacet
  facet normal 0.671351 0.741139 -0
    outer loop
      vertex 34.5183 81.5183 2.17369
      vertex 34.3367 81.6828 7
      vertex 34.5183 81.5183 7
    endloop
  endfacet
  facet normal 0.671351 0.741139 0
    outer loop
      vertex 34.3367 81.6828 7
      vertex 34.5183 81.5183 2.17369
      vertex 34.3367 81.6828 2.17369
    endloop
  endfacet
  facet normal 0.648507 0.71592 -0.258644
    outer loop
      vertex 34.3988 81.3988 1.54329
      vertex 34.3367 81.6828 2.17369
      vertex 34.5183 81.5183 2.17369
    endloop
  endfacet
  facet normal 0.648955 0.715585 -0.258449
    outer loop
      vertex 34.3367 81.6828 2.17369
      vertex 34.3988 81.3988 1.54329
      vertex 34.2173 81.5634 1.54329
    endloop
  endfacet
  facet normal 0.427349 0.904087 -0
    outer loop
      vertex 33.4164 82.3487 2.17369
      vertex 33.1949 82.4534 7
      vertex 33.4164 82.3487 7
    endloop
  endfacet
  facet normal 0.427349 0.904087 0
    outer loop
      vertex 33.1949 82.4534 7
      vertex 33.4164 82.3487 2.17369
      vertex 33.1949 82.4534 2.17369
    endloop
  endfacet
  facet normal 0.70413 -0.0925874 -0.704008
    outer loop
      vertex 35.4008 4.24185 0.978097
      vertex 35.0069 4.75519 0.516617
      vertex 35.4683 4.75519 0.978097
    endloop
  endfacet
  facet normal 0.998803 -0.048913 0
    outer loop
      vertex 35.9636 4.75519 7
      vertex 35.9786 5.06149 2.17369
      vertex 35.9786 5.06149 7
    endloop
  endfacet
  facet normal 0.998803 -0.048913 0
    outer loop
      vertex 35.9786 5.06149 2.17369
      vertex 35.9636 4.75519 7
      vertex 35.9636 4.75519 2.17369
    endloop
  endfacet
  facet normal 0.801771 -0.332207 -0.496792
    outer loop
      vertex 35.3071 2.88954 1.54329
      vertex 35.0245 3.0527 0.978097
      vertex 35.2227 3.53105 0.978097
    endloop
  endfacet
  facet normal 0.80178 -0.332198 -0.496783
    outer loop
      vertex 35.3071 2.88954 1.54329
      vertex 35.2227 3.53105 0.978097
      vertex 35.5379 3.44659 1.54329
    endloop
  endfacet
  facet normal 0.399262 -0.306272 -0.864169
    outer loop
      vertex 34.2482 2.65499 0.516617
      vertex 33.6067 2.73944 0.190302
      vertex 33.7587 2.93759 0.190302
    endloop
  endfacet
  facet normal -0.524218 -0.475197 -0.70667
    outer loop
      vertex -34.3327 2.01348 0.978097
      vertex -33.8418 2.15821 0.516617
      vertex -34.1681 1.8319 0.978097
    endloop
  endfacet
  facet normal -0.524324 -0.475004 -0.706722
    outer loop
      vertex -33.8418 2.15821 0.516617
      vertex -34.3327 2.01348 0.978097
      vertex -34.0063 2.33979 0.516617
    endloop
  endfacet
  facet normal -0.336163 -0.370768 -0.865752
    outer loop
      vertex -33.6602 1.99366 0.516617
      vertex -33.4421 2.55787 0.190302
      vertex -33.2606 2.39331 0.190302
    endloop
  endfacet
  facet normal -0.33602 -0.370837 -0.865777
    outer loop
      vertex -33.4421 2.55787 0.190302
      vertex -33.6602 1.99366 0.516617
      vertex -33.8418 2.15821 0.516617
    endloop
  endfacet
  facet normal -0.271741 -0.656102 -0.70405
    outer loop
      vertex -32.4689 0.777314 0.978097
      vertex -32.9473 0.975455 0.978097
      vertex -32.7166 1.37511 0.516617
    endloop
  endfacet
  facet normal -0.989198 -0.146585 -1.08307e-05
    outer loop
      vertex -35.8432 3.87134 7
      vertex -35.8791 4.11368 5.95588
      vertex -35.8672 4.03338 5.89633
    endloop
  endfacet
  facet normal -0.989209 -0.146513 -0
    outer loop
      vertex -35.8432 3.87134 7
      vertex -35.8672 4.03338 5.89633
      vertex -35.8432 3.87134 5.74946
    endloop
  endfacet
  facet normal -0.989205 -0.14654 0
    outer loop
      vertex -35.8791 4.11368 5.95588
      vertex -35.8432 3.87134 7
      vertex -35.8791 4.11368 7
    endloop
  endfacet
  facet normal -0.8161 -0.292007 -0.498711
    outer loop
      vertex -35.2227 3.53105 0.978097
      vertex -35.5595 3.69378 1.43396
      vertex -35.3053 3.7619 0.978097
    endloop
  endfacet
  facet normal -0.816109 -0.291908 -0.498754
    outer loop
      vertex -35.5379 3.44659 1.54329
      vertex -35.5595 3.69378 1.43396
      vertex -35.2227 3.53105 0.978097
    endloop
  endfacet
  facet normal -0.816309 -0.291807 -0.498487
    outer loop
      vertex -35.5595 3.69378 1.43396
      vertex -35.5379 3.44659 1.54329
      vertex -35.588 3.60367 1.53338
    endloop
  endfacet
  facet normal -0.817191 -0.29199 -0.49693
    outer loop
      vertex -35.588 3.60367 1.53338
      vertex -35.5379 3.44659 1.54329
      vertex -35.5914 3.59632 1.54329
    endloop
  endfacet
  facet normal -0.942016 -0.335568 0.000229666
    outer loop
      vertex -35.701 3.40288 7
      vertex -35.7836 3.63373 5.49978
      vertex -35.7729 3.60367 5.46662
    endloop
  endfacet
  facet normal -0.941455 -0.33714 -2.40145e-06
    outer loop
      vertex -35.701 3.40288 7
      vertex -35.7729 3.60367 5.46662
      vertex -35.708 3.42244 5.22227
    endloop
  endfacet
  facet normal -0.941524 -0.336946 -0
    outer loop
      vertex -35.701 3.40288 7
      vertex -35.708 3.42244 5.22227
      vertex -35.701 3.40288 5.18962
    endloop
  endfacet
  facet normal -0.941543 -0.336892 0
    outer loop
      vertex -35.7836 3.63373 5.49978
      vertex -35.701 3.40288 7
      vertex -35.7836 3.63373 7
    endloop
  endfacet
  facet normal -0.500206 -0.000101441 -0.865906
    outer loop
      vertex -34.8458 6.30385 0.414927
      vertex -34.4567 5.06149 0.190302
      vertex -34.8199 6 0.400001
    endloop
  endfacet
  facet normal -0.499884 6.48345e-05 -0.866092
    outer loop
      vertex -34.4567 5.06149 0.190302
      vertex -34.8458 5.69615 0.414927
      vertex -34.8199 6 0.400001
    endloop
  endfacet
  facet normal -0.499999 -2.87843e-05 -0.866026
    outer loop
      vertex -34.4567 5.06149 0.190302
      vertex -34.9231 5.39522 0.459566
      vertex -34.8458 5.69615 0.414927
    endloop
  endfacet
  facet normal -0.499996 -0 -0.866028
    outer loop
      vertex -35.0219 5.16746 0.516617
      vertex -34.4567 5.06149 0.190302
      vertex -35.0219 5.06149 0.516617
    endloop
  endfacet
  facet normal -0.500001 -3.29936e-05 -0.866025
    outer loop
      vertex -34.4567 5.06149 0.190302
      vertex -35.0219 5.16746 0.516617
      vertex -34.9231 5.39522 0.459566
    endloop
  endfacet
  facet normal -0.499419 0.000227207 -0.866361
    outer loop
      vertex -34.9231 6.60478 0.459566
      vertex -34.4567 5.06149 0.190302
      vertex -34.8458 6.30385 0.414927
    endloop
  endfacet
  facet normal -0.499983 0 -0.866035
    outer loop
      vertex -34.4567 5.06149 0.190302
      vertex -34.9231 6.60478 0.459566
      vertex -34.4567 78.4834 0.190302
    endloop
  endfacet
  facet normal -0.500057 6.37158e-07 -0.865993
    outer loop
      vertex -35.0219 6.83254 0.516617
      vertex -34.4567 78.4834 0.190302
      vertex -34.9231 6.60478 0.459566
    endloop
  endfacet
  facet normal -0.499996 0 -0.866028
    outer loop
      vertex -34.4567 78.4834 0.190302
      vertex -35.0219 6.83254 0.516617
      vertex -35.0219 78.4834 0.516617
    endloop
  endfacet
  facet normal -0.656072 -0.271688 -0.704099
    outer loop
      vertex -34.6249 3.28344 0.516617
      vertex -35.2227 3.53105 0.978097
      vertex -34.7769 3.65049 0.516617
    endloop
  endfacet
  facet normal -0.210377 -0.840107 -0.499962
    outer loop
      vertex -32.2381 0.694718 0.978097
      vertex -32.0849 0.319998 1.54329
      vertex -32.3226 0.379522 1.54329
    endloop
  endfacet
  facet normal -0.210464 -0.840101 -0.499935
    outer loop
      vertex -32.0849 0.319998 1.54329
      vertex -32.2381 0.694718 0.978097
      vertex -32.0005 0.635194 0.978097
    endloop
  endfacet
  facet normal 0.113279 -0.860451 -0.496782
    outer loop
      vertex 31.8426 0.284048 1.54329
      vertex 31.2448 0.205347 1.54329
      vertex 31.2448 0.531662 0.978097
    endloop
  endfacet
  facet normal 0.413153 -0.873358 -0.257975
    outer loop
      vertex 33.3319 0.797594 1.54329
      vertex 33.1949 0.546575 2.17369
      vertex 33.1105 0.692858 1.54329
    endloop
  endfacet
  facet normal 0.412994 -0.873416 -0.258033
    outer loop
      vertex 33.1949 0.546575 2.17369
      vertex 33.3319 0.797594 1.54329
      vertex 33.4164 0.651311 2.17369
    endloop
  endfacet
  facet normal 0.113271 0.860395 -0.49688
    outer loop
      vertex 31.8426 82.716 1.54329
      vertex 31.2448 82.4683 0.978097
      vertex 31.2448 82.7947 1.54329
    endloop
  endfacet
  facet normal -0.0628995 -0.251091 -0.965918
    outer loop
      vertex -31.7348 1.62689 0.190302
      vertex -31.8092 2.29532 0.0213881
      vertex -31.5716 2.2358 0.0213881
    endloop
  endfacet
  facet normal -0.0628995 -0.251091 -0.965918
    outer loop
      vertex -31.8092 2.29532 0.0213881
      vertex -31.7348 1.62689 0.190302
      vertex -31.9724 1.68641 0.190302
    endloop
  endfacet
  facet normal 0.801775 0.332173 -0.496808
    outer loop
      vertex 35.2227 79.4689 0.978097
      vertex 35.0245 79.9473 0.978097
      vertex 35.3071 80.1105 1.54329
    endloop
  endfacet
  facet normal 0.892907 0.369921 -0.25666
    outer loop
      vertex 35.5379 79.5534 1.54329
      vertex 35.3071 80.1105 1.54329
      vertex 35.701 79.5971 2.17369
    endloop
  endfacet
  facet normal 0.68595 0.172065 -0.707013
    outer loop
      vertex 34.8595 79.1187 0.516617
      vertex 35.3648 79.0005 0.978097
      vertex 34.9191 78.8811 0.516617
    endloop
  endfacet
  facet normal 0.685948 0.171776 -0.707085
    outer loop
      vertex 35.3648 79.0005 0.978097
      vertex 34.8595 79.1187 0.516617
      vertex 35.3053 79.2381 0.978097
    endloop
  endfacet
  facet normal 0.858021 0.127481 -0.497543
    outer loop
      vertex 35.716 78.8426 1.54329
      vertex 35.3648 79.0005 0.978097
      vertex 35.68 79.0849 1.54329
    endloop
  endfacet
  facet normal 0.85802 0.127429 -0.497557
    outer loop
      vertex 35.3648 79.0005 0.978097
      vertex 35.716 78.8426 1.54329
      vertex 35.4008 78.7581 0.978097
    endloop
  endfacet
  facet normal 0.499996 0 -0.866028
    outer loop
      vertex 34.4567 5.06149 0.190302
      vertex 35.0219 77.9385 0.516617
      vertex 35.0219 5.06149 0.516617
    endloop
  endfacet
  facet normal 0.499996 0 -0.866028
    outer loop
      vertex 35.0219 77.9385 0.516617
      vertex 34.4567 5.06149 0.190302
      vertex 34.4567 77.9385 0.190302
    endloop
  endfacet
  facet normal 0.528352 0.688542 -0.496744
    outer loop
      vertex 34.2173 81.5634 1.54329
      vertex 33.5758 81.6479 0.978097
      vertex 33.7389 81.9305 1.54329
    endloop
  endfacet
  facet normal 0.336957 0.94152 -0
    outer loop
      vertex 32.5971 82.701 2.17369
      vertex 32.3663 82.7836 7
      vertex 32.5971 82.701 7
    endloop
  endfacet
  facet normal 0.336957 0.94152 0
    outer loop
      vertex 32.3663 82.7836 7
      vertex 32.5971 82.701 2.17369
      vertex 32.3663 82.7836 2.17369
    endloop
  endfacet
  facet normal 0.292053 0.816051 -0.498764
    outer loop
      vertex 32.4689 82.2227 0.978097
      vertex 32.3226 82.6205 1.54329
      vertex 32.5534 82.5379 1.54329
    endloop
  endfacet
  facet normal 0.292053 0.816051 -0.498764
    outer loop
      vertex 32.3226 82.6205 1.54329
      vertex 32.4689 82.2227 0.978097
      vertex 32.2381 82.3053 0.978097
    endloop
  endfacet
  facet normal 0.766762 0.588375 -0.256692
    outer loop
      vertex 34.9305 80.7389 1.54329
      vertex 34.5634 81.2173 1.54329
      vertex 35.0767 80.8234 2.17369
    endloop
  endfacet
  facet normal -0.801771 -0.332207 -0.496792
    outer loop
      vertex -35.0245 3.0527 0.978097
      vertex -35.3071 2.88954 1.54329
      vertex -35.2227 3.53105 0.978097
    endloop
  endfacet
  facet normal -0.894401 -0.36626 -0.256713
    outer loop
      vertex -35.5379 3.44659 1.54329
      vertex -35.5953 3.42244 1.77773
      vertex -35.5955 3.43115 1.766
    endloop
  endfacet
  facet normal -0.892881 -0.369943 -0.25672
    outer loop
      vertex -35.3071 2.88954 1.54329
      vertex -35.5953 3.42244 1.77773
      vertex -35.5379 3.44659 1.54329
    endloop
  endfacet
  facet normal -0.892876 -0.369915 -0.256779
    outer loop
      vertex -35.5953 3.42244 1.77773
      vertex -35.3071 2.88954 1.54329
      vertex -35.6048 3.27744 2.01965
    endloop
  endfacet
  facet normal -0.656083 -0.271842 -0.704029
    outer loop
      vertex -35.0245 3.0527 0.978097
      vertex -35.2227 3.53105 0.978097
      vertex -34.6249 3.28344 0.516617
    endloop
  endfacet
  facet normal -0.241039 -0.0998673 -0.965363
    outer loop
      vertex -34.1354 3.56603 0.190302
      vertex -34.231 3.79677 0.190302
      vertex -33.6221 3.95993 0.0213881
    endloop
  endfacet
  facet normal 0.214284 0.453128 -0.865308
    outer loop
      vertex 32.6554 81.0307 0.190302
      vertex 32.7166 81.6249 0.516617
      vertex 32.938 81.5202 0.516617
    endloop
  endfacet
  facet normal 0.214284 0.453128 -0.865308
    outer loop
      vertex 32.7166 81.6249 0.516617
      vertex 32.6554 81.0307 0.190302
      vertex 32.434 81.1354 0.190302
    endloop
  endfacet
  facet normal -0.245669 0.0828774 -0.965804
    outer loop
      vertex -33.7175 79.2986 0.0213881
      vertex -34.2482 79.6939 0.190302
      vertex -33.6392 79.5307 0.0213881
    endloop
  endfacet
  facet normal -0.245689 0.0828487 -0.965802
    outer loop
      vertex -34.2482 79.6939 0.190302
      vertex -33.7175 79.2986 0.0213881
      vertex -34.3265 79.4617 0.190302
    endloop
  endfacet
  facet normal 0.104223 0.70177 -0.704739
    outer loop
      vertex 31.8811 81.9191 0.516617
      vertex 31.7581 82.4008 0.978097
      vertex 32.0005 82.3648 0.978097
    endloop
  endfacet
  facet normal 0.103931 0.701753 -0.704799
    outer loop
      vertex 31.7581 82.4008 0.978097
      vertex 31.8811 81.9191 0.516617
      vertex 31.6387 81.955 0.516617
    endloop
  endfacet
  facet normal 0.087483 -0.244444 -0.965709
    outer loop
      vertex 31.8092 2.29532 0.0213881
      vertex 32.2032 1.76901 0.190302
      vertex 31.9724 1.68641 0.190302
    endloop
  endfacet
  facet normal 0.0874529 -0.244466 -0.965706
    outer loop
      vertex 32.2032 1.76901 0.190302
      vertex 31.8092 2.29532 0.0213881
      vertex 32.0401 2.37792 0.0213881
    endloop
  endfacet
  facet normal 0.2511 0.0628806 -0.965917
    outer loop
      vertex 33.7047 78.8092 0.0213881
      vertex 34.3731 78.7348 0.190302
      vertex 33.7642 78.5716 0.0213881
    endloop
  endfacet
  facet normal 0.2511 0.0628806 -0.965917
    outer loop
      vertex 34.3731 78.7348 0.190302
      vertex 33.7047 78.8092 0.0213881
      vertex 34.3136 78.9724 0.190302
    endloop
  endfacet
  facet normal 0.332091 -0.801814 -0.496799
    outer loop
      vertex 33.1105 0.692858 1.54329
      vertex 32.4689 0.777314 0.978097
      vertex 32.9473 0.975455 0.978097
    endloop
  endfacet
  facet normal 0.207002 -0.158791 -0.965368
    outer loop
      vertex 33.6067 2.73944 0.190302
      vertex 33.1609 3.1852 0.0213881
      vertex 33.7587 2.93759 0.190302
    endloop
  endfacet
  facet normal 0.403564 -0.299331 -0.864602
    outer loop
      vertex 34.2482 2.65499 0.516617
      vertex 33.9047 3.13442 0.190302
      vertex 34.3942 2.85183 0.516617
    endloop
  endfacet
  facet normal 0.403554 -0.299339 -0.864604
    outer loop
      vertex 33.9047 3.13442 0.190302
      vertex 34.2482 2.65499 0.516617
      vertex 33.7587 2.93759 0.190302
    endloop
  endfacet
  facet normal -0.258667 -0.0340544 -0.965366
    outer loop
      vertex -34.4091 4.50757 0.190302
      vertex -34.4417 4.75519 0.190302
      vertex -33.8113 4.75519 0.0213881
    endloop
  endfacet
  facet normal 0.271741 -0.656102 -0.70405
    outer loop
      vertex 32.9473 0.975455 0.978097
      vertex 32.4689 0.777314 0.978097
      vertex 32.7166 1.37511 0.516617
    endloop
  endfacet
  facet normal 0 -0.258817 -0.965926
    outer loop
      vertex 8.4928 1.54329 0.190302
      vertex 30.9385 2.17369 0.0213881
      vertex 30.9385 1.54329 0.190302
    endloop
  endfacet
  facet normal -0 -0.258817 -0.965926
    outer loop
      vertex 30.9385 2.17369 0.0213881
      vertex 8.4928 1.54329 0.190302
      vertex 8.44415 2.17369 0.0213881
    endloop
  endfacet
  facet normal 0 -0.258817 -0.965926
    outer loop
      vertex -30.9385 2.17369 0.0213881
      vertex -8.4928 1.54329 0.190302
      vertex -30.9385 1.54329 0.190302
    endloop
  endfacet
  facet normal 0 -0.258817 -0.965926
    outer loop
      vertex -8.4928 1.54329 0.190302
      vertex -30.9385 2.17369 0.0213881
      vertex -8.44415 2.17369 0.0213881
    endloop
  endfacet
  facet normal 0.0656836 -0.498916 -0.864158
    outer loop
      vertex 31.6387 1.045 0.516617
      vertex 31.2448 0.993142 0.516617
      vertex 31.4924 1.59094 0.190302
    endloop
  endfacet
  facet normal -0.613099 0.352319 -0.707093
    outer loop
      vertex -34.5414 80.4305 0.516617
      vertex -34.7882 80.9272 0.978097
      vertex -34.3886 80.6964 0.516617
    endloop
  endfacet
  facet normal -0.612942 0.352459 -0.70716
    outer loop
      vertex -34.7882 80.9272 0.978097
      vertex -34.5414 80.4305 0.516617
      vertex -34.9411 80.6613 0.978097
    endloop
  endfacet
  facet normal -0.801864 0.332119 -0.4967
    outer loop
      vertex -35.2399 79.9596 0.978097
      vertex -35.555 80.0441 1.54329
      vertex -35.3243 80.6011 1.54329
    endloop
  endfacet
  facet normal -0.218046 0.139957 -0.965851
    outer loop
      vertex -33.3532 80.0986 0.0213881
      vertex -33.5367 80.9784 0.190302
      vertex -32.9908 80.6632 0.0213881
    endloop
  endfacet
  facet normal -0.218046 0.139957 -0.965851
    outer loop
      vertex -33.5367 80.9784 0.190302
      vertex -33.3532 80.0986 0.0213881
      vertex -33.8991 80.4138 0.190302
    endloop
  endfacet
  facet normal 0.0340576 -0.258671 -0.965365
    outer loop
      vertex 31.4924 1.59094 0.190302
      vertex 31.2448 1.55834 0.190302
      vertex 31.2448 2.18873 0.0213881
    endloop
  endfacet
  facet normal -0.497009 -0.0736265 -0.864616
    outer loop
      vertex -34.955 4.36129 0.516617
      vertex -34.3731 4.26523 0.190302
      vertex -34.9191 4.11895 0.516617
    endloop
  endfacet
  facet normal -0.497028 -0.0738343 -0.864588
    outer loop
      vertex -34.3731 4.26523 0.190302
      vertex -34.955 4.36129 0.516617
      vertex -34.4091 4.50757 0.190302
    endloop
  endfacet
  facet normal 0.77625 0.575584 -0.257177
    outer loop
      vertex 35.2227 80.6265 2.17369
      vertex 34.9305 80.7389 1.54329
      vertex 35.0767 80.8234 2.17369
    endloop
  endfacet
  facet normal 0.776291 0.575513 -0.257209
    outer loop
      vertex 34.9305 80.7389 1.54329
      vertex 35.2227 80.6265 2.17369
      vertex 35.0764 80.5421 1.54329
    endloop
  endfacet
  facet normal 0.79333 0.608792 0
    outer loop
      vertex 35.0767 80.8234 7
      vertex 34.6828 81.3367 2.17369
      vertex 34.6828 81.3367 7
    endloop
  endfacet
  facet normal 0.79333 0.608792 0
    outer loop
      vertex 34.6828 81.3367 2.17369
      vertex 35.0767 80.8234 7
      vertex 35.0767 80.8234 2.17369
    endloop
  endfacet
  facet normal 0.302698 0.640377 -0.705897
    outer loop
      vertex 32.938 81.5202 0.516617
      vertex 32.9473 82.0245 0.978097
      vertex 33.1688 81.9198 0.978097
    endloop
  endfacet
  facet normal 0.302821 0.64035 -0.705869
    outer loop
      vertex 32.9473 82.0245 0.978097
      vertex 32.938 81.5202 0.516617
      vertex 32.7166 81.6249 0.516617
    endloop
  endfacet
  facet normal 0.595618 0.803268 -0
    outer loop
      vertex 33.8234 82.0767 2.17369
      vertex 33.6265 82.2227 7
      vertex 33.8234 82.0767 7
    endloop
  endfacet
  facet normal 0.595618 0.803268 0
    outer loop
      vertex 33.6265 82.2227 7
      vertex 33.8234 82.0767 2.17369
      vertex 33.6265 82.2227 2.17369
    endloop
  endfacet
  facet normal 0.958215 -0.126148 -0.25673
    outer loop
      vertex 35.9636 4.75519 2.17369
      vertex 35.716 4.15739 1.54329
      vertex 35.7947 4.75519 1.54329
    endloop
  endfacet
  facet normal 0.704014 -0.0927605 -0.704102
    outer loop
      vertex 35.4008 4.24185 0.978097
      vertex 34.955 4.36129 0.516617
      vertex 35.0069 4.75519 0.516617
    endloop
  endfacet
  facet normal 0.793347 -0.608769 0
    outer loop
      vertex 34.6828 1.6633 7
      vertex 35.0767 2.17663 2.17369
      vertex 35.0767 2.17663 7
    endloop
  endfacet
  facet normal 0.793347 -0.608769 0
    outer loop
      vertex 35.0767 2.17663 2.17369
      vertex 34.6828 1.6633 7
      vertex 34.6828 1.6633 2.17369
    endloop
  endfacet
  facet normal 0.641844 -0.581824 -0.499517
    outer loop
      vertex 34.5634 1.78274 1.54329
      vertex 34.1681 1.8319 0.978097
      vertex 34.3327 2.01348 0.978097
    endloop
  endfacet
  facet normal 0.641844 -0.581824 -0.499517
    outer loop
      vertex 34.1681 1.8319 0.978097
      vertex 34.5634 1.78274 1.54329
      vertex 34.3988 1.60116 1.54329
    endloop
  endfacet
  facet normal 0.192526 -0.464947 -0.864151
    outer loop
      vertex 32.7166 1.37511 0.516617
      vertex 32.2032 1.76901 0.190302
      vertex 32.434 1.86458 0.190302
    endloop
  endfacet
  facet normal 0.306357 -0.399255 -0.864142
    outer loop
      vertex 33.345 1.7518 0.516617
      vertex 33.2606 2.39331 0.190302
      vertex 33.6602 1.99366 0.516617
    endloop
  endfacet
  facet normal 0.271734 -0.656102 -0.704053
    outer loop
      vertex 32.4689 0.777314 0.978097
      vertex 32.3495 1.22307 0.516617
      vertex 32.7166 1.37511 0.516617
    endloop
  endfacet
  facet normal -0.498916 -0.065684 -0.864157
    outer loop
      vertex -34.4091 4.50757 0.190302
      vertex -35.0069 4.75519 0.516617
      vertex -34.4417 4.75519 0.190302
    endloop
  endfacet
  facet normal -0.0998179 -0.241059 -0.965364
    outer loop
      vertex -32.2032 1.76901 0.190302
      vertex -32.434 1.86458 0.190302
      vertex -32.0401 2.37792 0.0213881
    endloop
  endfacet
  facet normal -0.306267 -0.399277 -0.864163
    outer loop
      vertex -33.0624 2.24128 0.190302
      vertex -33.345 1.7518 0.516617
      vertex -33.2606 2.39331 0.190302
    endloop
  endfacet
  facet normal -0.76674 -0.588419 -0.256655
    outer loop
      vertex -34.5634 1.78274 1.54329
      vertex -35.0767 2.17663 2.17369
      vertex -34.9305 2.26109 1.54329
    endloop
  endfacet
  facet normal -0.688497 -0.528373 -0.496784
    outer loop
      vertex -34.5634 1.78274 1.54329
      vertex -34.9305 2.26109 1.54329
      vertex -34.6479 2.42425 0.978097
    endloop
  endfacet
  facet normal -0.776336 -0.575429 -0.257263
    outer loop
      vertex -34.9305 2.26109 1.54329
      vertex -35.2227 2.37347 2.17369
      vertex -35.0764 2.45793 1.54329
    endloop
  endfacet
  facet normal -0.776174 -0.575703 -0.257139
    outer loop
      vertex -35.2227 2.37347 2.17369
      vertex -34.9305 2.26109 1.54329
      vertex -35.0767 2.17663 2.17369
    endloop
  endfacet
  facet normal -0.998792 -0.0491286 -0.000120933
    outer loop
      vertex -35.9636 4.75519 7
      vertex -35.9786 5.06149 6.45269
      vertex -35.9664 4.81368 6.36403
    endloop
  endfacet
  facet normal -0.998856 -0.0478167 -0
    outer loop
      vertex -35.9636 4.75519 7
      vertex -35.9664 4.81368 6.36403
      vertex -35.9636 4.75519 6.33636
    endloop
  endfacet
  facet normal -0.998803 -0.048913 0
    outer loop
      vertex -35.9786 5.06149 6.45269
      vertex -35.9636 4.75519 7
      vertex -35.9786 5.06149 7
    endloop
  endfacet
  facet normal -0.923774 -0.382938 3.33288e-05
    outer loop
      vertex -35.4989 2.91493 3.19615
      vertex -35.4534 2.80508 2.17369
      vertex -35.4927 2.9 3.5
    endloop
  endfacet
  facet normal -0.923841 -0.382777 1.29714e-05
    outer loop
      vertex -35.5174 2.95957 2.89522
      vertex -35.4534 2.80508 2.17369
      vertex -35.4989 2.91493 3.19615
    endloop
  endfacet
  facet normal -0.923916 -0.382595 -3.25575e-05
    outer loop
      vertex -35.548 3.03349 2.60012
      vertex -35.4534 2.80508 2.17369
      vertex -35.5174 2.95957 2.89522
    endloop
  endfacet
  facet normal -0.923823 -0.38282 0.000108504
    outer loop
      vertex -35.5905 3.13597 2.31368
      vertex -35.4534 2.80508 2.17369
      vertex -35.548 3.03349 2.60012
    endloop
  endfacet
  facet normal -0.92387 -0.382707 -0.000205676
    outer loop
      vertex -35.4534 2.80508 2.17369
      vertex -35.5905 3.13597 2.31368
      vertex -35.6179 3.20219 2.17369
    endloop
  endfacet
  facet normal -0.924007 -0.382375 0.00011088
    outer loop
      vertex -35.4534 2.80508 7
      vertex -35.701 3.40288 5.18962
      vertex -35.6444 3.26604 4.96133
    endloop
  endfacet
  facet normal -0.923825 -0.382814 -5.59568e-06
    outer loop
      vertex -35.4534 2.80508 7
      vertex -35.6444 3.26604 4.96133
      vertex -35.5905 3.13597 4.68632
    endloop
  endfacet
  facet normal -0.923751 -0.382994 -3.5674e-05
    outer loop
      vertex -35.4534 2.80508 7
      vertex -35.5905 3.13597 4.68632
      vertex -35.548 3.03349 4.39988
    endloop
  endfacet
  facet normal -0.923944 -0.382527 1.24068e-05
    outer loop
      vertex -35.4534 2.80508 7
      vertex -35.548 3.03349 4.39988
      vertex -35.5174 2.95957 4.10478
    endloop
  endfacet
  facet normal -0.923939 -0.382541 -0
    outer loop
      vertex -35.4534 2.80508 7
      vertex -35.4927 2.9 3.5
      vertex -35.4534 2.80508 2.17369
    endloop
  endfacet
  facet normal -0.923889 -0.382661 0
    outer loop
      vertex -35.701 3.40288 5.18962
      vertex -35.4534 2.80508 7
      vertex -35.701 3.40288 7
    endloop
  endfacet
  facet normal -0.923824 -0.382818 -5.80895e-06
    outer loop
      vertex -35.4989 2.91493 3.80385
      vertex -35.4534 2.80508 7
      vertex -35.5174 2.95957 4.10478
    endloop
  endfacet
  facet normal -0.923678 -0.38317 -1.99892e-05
    outer loop
      vertex -35.4927 2.9 3.5
      vertex -35.4534 2.80508 7
      vertex -35.4989 2.91493 3.80385
    endloop
  endfacet
  facet normal -0.909848 -0.325098 -0.257854
    outer loop
      vertex -35.5379 3.44659 1.54329
      vertex -35.5955 3.43115 1.766
      vertex -35.5914 3.59632 1.54329
    endloop
  endfacet
  facet normal -0.840119 -0.210374 -0.499943
    outer loop
      vertex -35.3053 3.7619 0.978097
      vertex -35.4656 3.9725 1.15885
      vertex -35.3648 3.99951 0.978097
    endloop
  endfacet
  facet normal -0.840149 -0.210479 -0.499848
    outer loop
      vertex -35.4656 3.9725 1.15885
      vertex -35.3053 3.7619 0.978097
      vertex -35.5131 3.80797 1.30797
    endloop
  endfacet
  facet normal -0.840187 -0.210172 -0.499914
    outer loop
      vertex -35.5131 3.80797 1.30797
      vertex -35.3053 3.7619 0.978097
      vertex -35.5595 3.69378 1.43396
    endloop
  endfacet
  facet normal -0.892907 0.369829 -0.256794
    outer loop
      vertex -35.3243 80.6011 1.54329
      vertex -35.7182 80.0878 2.17369
      vertex -35.4706 80.6856 2.17369
    endloop
  endfacet
  facet normal -0.85816 -0.127132 -0.497391
    outer loop
      vertex -35.3648 3.99951 0.978097
      vertex -35.4426 4.03338 1.10367
      vertex -35.3949 4.20269 0.978097
    endloop
  endfacet
  facet normal -0.858158 -0.126717 -0.497502
    outer loop
      vertex -35.4426 4.03338 1.10367
      vertex -35.3648 3.99951 0.978097
      vertex -35.4656 3.9725 1.15885
    endloop
  endfacet
  facet normal -0.704118 -0.092651 -0.704013
    outer loop
      vertex -35.0069 4.75519 0.516617
      vertex -35.2278 4.53867 0.766045
      vertex -35.1539 4.75519 0.663639
    endloop
  endfacet
  facet normal -0.704041 -0.0927964 -0.704071
    outer loop
      vertex -35.2278 4.53867 0.766045
      vertex -35.0069 4.75519 0.516617
      vertex -35.3133 4.35582 0.875641
    endloop
  endfacet
  facet normal -0.336942 -0.941525 0
    outer loop
      vertex -32.5971 0.298961 2.17369
      vertex -32.3663 0.216365 7
      vertex -32.5971 0.298961 7
    endloop
  endfacet
  facet normal -0.336942 -0.941525 -0
    outer loop
      vertex -32.3663 0.216365 7
      vertex -32.5971 0.298961 2.17369
      vertex -32.3663 0.216365 2.17369
    endloop
  endfacet
  facet normal -0.113279 -0.860451 -0.496782
    outer loop
      vertex -31.2448 0.205347 1.54329
      vertex -31.8426 0.284048 1.54329
      vertex -31.2448 0.531662 0.978097
    endloop
  endfacet
  facet normal 0.126155 -0.95821 -0.256744
    outer loop
      vertex 31.8863 0.120891 2.17369
      vertex 31.2448 0.0364332 2.17369
      vertex 31.8426 0.284048 1.54329
    endloop
  endfacet
  facet normal 0 -0.965926 -0.258817
    outer loop
      vertex -30.9385 0.190302 1.54329
      vertex -9.06402 0.0213881 2.17369
      vertex -30.9385 0.0213881 2.17369
    endloop
  endfacet
  facet normal 0 -0.965926 -0.258817
    outer loop
      vertex -9.06402 0.0213881 2.17369
      vertex -30.9385 0.190302 1.54329
      vertex -8.88247 0.190302 1.54329
    endloop
  endfacet
  facet normal -0 -0.965926 -0.258817
    outer loop
      vertex 30.9385 0.190302 1.54329
      vertex 9.06402 0.0213881 2.17369
      vertex 8.88247 0.190302 1.54329
    endloop
  endfacet
  facet normal 0 -0.965926 -0.258817
    outer loop
      vertex 9.06402 0.0213881 2.17369
      vertex 30.9385 0.190302 1.54329
      vertex 30.9385 0.0213881 2.17369
    endloop
  endfacet
  facet normal 0.113288 -0.860445 -0.496789
    outer loop
      vertex 31.8426 0.284048 1.54329
      vertex 31.2448 0.531662 0.978097
      vertex 31.7581 0.599244 0.978097
    endloop
  endfacet
  facet normal 0.0656895 -0.498918 -0.864156
    outer loop
      vertex 31.4924 1.59094 0.190302
      vertex 31.2448 0.993142 0.516617
      vertex 31.2448 1.55834 0.190302
    endloop
  endfacet
  facet normal 0.332094 -0.801811 -0.496803
    outer loop
      vertex 32.5534 0.462118 1.54329
      vertex 32.4689 0.777314 0.978097
      vertex 33.1105 0.692858 1.54329
    endloop
  endfacet
  facet normal 0.325535 -0.909651 -0.257998
    outer loop
      vertex 32.5534 0.462118 1.54329
      vertex 32.3663 0.216365 2.17369
      vertex 32.3226 0.379522 1.54329
    endloop
  endfacet
  facet normal 0.325535 -0.909651 -0.257998
    outer loop
      vertex 32.3663 0.216365 2.17369
      vertex 32.5534 0.462118 1.54329
      vertex 32.5971 0.298961 2.17369
    endloop
  endfacet
  facet normal 0.369855 -0.892919 -0.256717
    outer loop
      vertex 33.1949 0.546575 2.17369
      vertex 32.5971 0.298961 2.17369
      vertex 33.1105 0.692858 1.54329
    endloop
  endfacet
  facet normal 0.0348409 0.706739 -0.706616
    outer loop
      vertex 31.2448 82.0069 0.516617
      vertex 30.9385 82.4834 0.978097
      vertex 31.2448 82.4683 0.978097
    endloop
  endfacet
  facet normal 0.0346067 0.706668 -0.706699
    outer loop
      vertex 30.9385 82.4834 0.978097
      vertex 31.2448 82.0069 0.516617
      vertex 30.9385 82.0219 0.516617
    endloop
  endfacet
  facet normal 0.0423698 0.865191 -0.499649
    outer loop
      vertex 31.2448 82.4683 0.978097
      vertex 30.9385 82.8097 1.54329
      vertex 31.2448 82.7947 1.54329
    endloop
  endfacet
  facet normal 0.042655 0.865247 -0.499528
    outer loop
      vertex 30.9385 82.8097 1.54329
      vertex 31.2448 82.4683 0.978097
      vertex 30.9385 82.4834 0.978097
    endloop
  endfacet
  facet normal 0.092761 0.704018 -0.704098
    outer loop
      vertex 31.6387 81.955 0.516617
      vertex 31.2448 82.0069 0.516617
      vertex 31.7581 82.4008 0.978097
    endloop
  endfacet
  facet normal 0.991436 0.130594 0
    outer loop
      vertex 35.9636 78.2448 7
      vertex 35.8791 78.8863 2.17369
      vertex 35.8791 78.8863 7
    endloop
  endfacet
  facet normal 0.991436 0.130594 0
    outer loop
      vertex 35.8791 78.8863 2.17369
      vertex 35.9636 78.2448 7
      vertex 35.9636 78.2448 2.17369
    endloop
  endfacet
  facet normal 0.860395 0.113271 -0.49688
    outer loop
      vertex 35.7947 78.2448 1.54329
      vertex 35.4683 78.2448 0.978097
      vertex 35.716 78.8426 1.54329
    endloop
  endfacet
  facet normal 0.873466 0.412875 -0.258052
    outer loop
      vertex 35.4534 80.1949 2.17369
      vertex 35.2024 80.3319 1.54329
      vertex 35.3487 80.4164 2.17369
    endloop
  endfacet
  facet normal 0.873408 0.413034 -0.257994
    outer loop
      vertex 35.2024 80.3319 1.54329
      vertex 35.4534 80.1949 2.17369
      vertex 35.3071 80.1105 1.54329
    endloop
  endfacet
  facet normal 0.783565 0.370548 -0.498718
    outer loop
      vertex 35.3071 80.1105 1.54329
      vertex 34.9198 80.1688 0.978097
      vertex 35.2024 80.3319 1.54329
    endloop
  endfacet
  facet normal 0.783607 0.3704 -0.498762
    outer loop
      vertex 34.9198 80.1688 0.978097
      vertex 35.3071 80.1105 1.54329
      vertex 35.0245 79.9473 0.978097
    endloop
  endfacet
  facet normal 0.588397 0.766753 -0.25667
    outer loop
      vertex 34.2173 81.5634 1.54329
      vertex 33.8234 82.0767 2.17369
      vertex 34.3367 81.6828 2.17369
    endloop
  endfacet
  facet normal 0.475173 0.524249 -0.706664
    outer loop
      vertex 33.8418 80.8418 0.516617
      vertex 33.9865 81.3327 0.978097
      vertex 34.1681 81.1681 0.978097
    endloop
  endfacet
  facet normal 0.47498 0.524354 -0.706716
    outer loop
      vertex 33.9865 81.3327 0.978097
      vertex 33.8418 80.8418 0.516617
      vertex 33.6602 81.0063 0.516617
    endloop
  endfacet
  facet normal 0.70176 -0.104248 -0.704745
    outer loop
      vertex 34.9191 4.11895 0.516617
      vertex 35.4008 4.24185 0.978097
      vertex 35.3648 3.99951 0.978097
    endloop
  endfacet
  facet normal 0.701743 -0.103955 -0.704805
    outer loop
      vertex 35.4008 4.24185 0.978097
      vertex 34.9191 4.11895 0.516617
      vertex 34.955 4.36129 0.516617
    endloop
  endfacet
  facet normal 0.49703 0.0738163 -0.864588
    outer loop
      vertex 34.3731 78.7348 0.190302
      vertex 34.955 78.6387 0.516617
      vertex 34.4091 78.4924 0.190302
    endloop
  endfacet
  facet normal 0.497012 0.0736086 -0.864616
    outer loop
      vertex 34.955 78.6387 0.516617
      vertex 34.3731 78.7348 0.190302
      vertex 34.9191 78.8811 0.516617
    endloop
  endfacet
  facet normal 0.471963 0.168909 -0.865287
    outer loop
      vertex 34.3136 78.9724 0.190302
      vertex 34.7769 79.3495 0.516617
      vertex 34.8595 79.1187 0.516617
    endloop
  endfacet
  facet normal 0.471963 0.168909 -0.865287
    outer loop
      vertex 34.7769 79.3495 0.516617
      vertex 34.3136 78.9724 0.190302
      vertex 34.231 79.2032 0.190302
    endloop
  endfacet
  facet normal 0.464956 0.192518 -0.864149
    outer loop
      vertex 34.7769 79.3495 0.516617
      vertex 34.231 79.2032 0.190302
      vertex 34.6249 79.7166 0.516617
    endloop
  endfacet
  facet normal 0.70413 0.0925945 -0.704008
    outer loop
      vertex 35.4683 78.2448 0.978097
      vertex 35.0069 78.2448 0.516617
      vertex 35.4008 78.7581 0.978097
    endloop
  endfacet
  facet normal 0.257584 -0.0382645 -0.965498
    outer loop
      vertex 33.7642 4.42839 0.0213881
      vertex 34.4091 4.50757 0.190302
      vertex 34.3731 4.26523 0.190302
    endloop
  endfacet
  facet normal 0.257584 -0.0382645 -0.965498
    outer loop
      vertex 34.4091 4.50757 0.190302
      vertex 33.7642 4.42839 0.0213881
      vertex 33.8002 4.67073 0.0213881
    endloop
  endfacet
  facet normal 0.498932 -0.0657389 -0.864144
    outer loop
      vertex 34.955 4.36129 0.516617
      vertex 34.4091 4.50757 0.190302
      vertex 35.0069 4.75519 0.516617
    endloop
  endfacet
  facet normal 0.382661 0.923889 -0
    outer loop
      vertex 33.1949 82.4534 2.17369
      vertex 32.5971 82.701 7
      vertex 33.1949 82.4534 7
    endloop
  endfacet
  facet normal 0.382661 0.923889 0
    outer loop
      vertex 32.5971 82.701 7
      vertex 33.1949 82.4534 2.17369
      vertex 32.5971 82.701 2.17369
    endloop
  endfacet
  facet normal 0.528387 0.688479 -0.496793
    outer loop
      vertex 33.9865 81.3327 0.978097
      vertex 33.5758 81.6479 0.978097
      vertex 34.2173 81.5634 1.54329
    endloop
  endfacet
  facet normal 0.2347 -0.110965 -0.965714
    outer loop
      vertex 33.4847 3.65978 0.0213881
      vertex 34.1354 3.56603 0.190302
      vertex 34.0307 3.34458 0.190302
    endloop
  endfacet
  facet normal 0.234684 -0.111063 -0.965706
    outer loop
      vertex 34.1354 3.56603 0.190302
      vertex 33.4847 3.65978 0.0213881
      vertex 33.5895 3.88123 0.0213881
    endloop
  endfacet
  facet normal 0.588375 0.766762 -0.256692
    outer loop
      vertex 34.2173 81.5634 1.54329
      vertex 33.7389 81.9305 1.54329
      vertex 33.8234 82.0767 2.17369
    endloop
  endfacet
  facet normal -0.471977 -0.168877 -0.865285
    outer loop
      vertex -34.7769 3.65049 0.516617
      vertex -34.3136 4.02762 0.190302
      vertex -34.231 3.79677 0.190302
    endloop
  endfacet
  facet normal -0.471977 -0.168877 -0.865285
    outer loop
      vertex -34.3136 4.02762 0.190302
      vertex -34.7769 3.65049 0.516617
      vertex -34.8595 3.88134 0.516617
    endloop
  endfacet
  facet normal 0.207017 0.158762 -0.96537
    outer loop
      vertex 33.7587 80.0624 0.190302
      vertex 33.1609 79.8148 0.0213881
      vertex 33.6067 80.2606 0.190302
    endloop
  endfacet
  facet normal 0.174051 -0.191968 -0.965844
    outer loop
      vertex 33.2606 2.39331 0.190302
      vertex 32.9964 3.00362 0.0213881
      vertex 33.4421 2.55787 0.190302
    endloop
  endfacet
  facet normal 0.173976 -0.192003 -0.965851
    outer loop
      vertex 32.9964 3.00362 0.0213881
      vertex 33.2606 2.39331 0.190302
      vertex 32.8148 2.83907 0.0213881
    endloop
  endfacet
  facet normal 0.0245519 -0.49985 -0.865764
    outer loop
      vertex 30.9385 1.54329 0.190302
      vertex 31.2448 0.993142 0.516617
      vertex 30.9385 0.978097 0.516617
    endloop
  endfacet
  facet normal 0.0245599 -0.499847 -0.865766
    outer loop
      vertex 31.2448 0.993142 0.516617
      vertex 30.9385 1.54329 0.190302
      vertex 31.2448 1.55834 0.190302
    endloop
  endfacet
  facet normal 0.258689 -0.0339978 -0.965362
    outer loop
      vertex 34.4091 4.50757 0.190302
      vertex 33.8002 4.67073 0.0213881
      vertex 33.8113 4.75519 0.0213881
    endloop
  endfacet
  facet normal -0.173976 -0.192003 -0.965851
    outer loop
      vertex -33.2606 2.39331 0.190302
      vertex -32.9964 3.00362 0.0213881
      vertex -32.8148 2.83907 0.0213881
    endloop
  endfacet
  facet normal -0.174051 -0.191968 -0.965844
    outer loop
      vertex -32.9964 3.00362 0.0213881
      vertex -33.2606 2.39331 0.190302
      vertex -33.4421 2.55787 0.190302
    endloop
  endfacet
  facet normal -0.0737134 -0.497027 -0.864598
    outer loop
      vertex -31.6387 1.045 0.516617
      vertex -31.7348 1.62689 0.190302
      vertex -31.4924 1.59094 0.190302
    endloop
  endfacet
  facet normal -0.0737134 -0.497027 -0.864598
    outer loop
      vertex -31.7348 1.62689 0.190302
      vertex -31.6387 1.045 0.516617
      vertex -31.8811 1.08095 0.516617
    endloop
  endfacet
  facet normal 0.363601 -0.606484 -0.707087
    outer loop
      vertex 32.938 1.47985 0.516617
      vertex 33.3789 1.20615 0.978097
      vertex 33.1688 1.08019 0.978097
    endloop
  endfacet
  facet normal 0.363494 -0.606593 -0.707049
    outer loop
      vertex 33.3789 1.20615 0.978097
      vertex 32.938 1.47985 0.516617
      vertex 33.1482 1.60581 0.516617
    endloop
  endfacet
  facet normal 0.158894 0.20696 -0.96536
    outer loop
      vertex 32.8148 80.1609 0.0213881
      vertex 32.7472 80.2128 0.0213881
      vertex 33.0624 80.7587 0.190302
    endloop
  endfacet
  facet normal -0.0656895 -0.498918 -0.864156
    outer loop
      vertex -31.2448 0.993142 0.516617
      vertex -31.4924 1.59094 0.190302
      vertex -31.2448 1.55834 0.190302
    endloop
  endfacet
  facet normal 0.0998456 -0.241038 -0.965366
    outer loop
      vertex 32.434 1.86458 0.190302
      vertex 32.0401 2.37792 0.0213881
      vertex 32.1188 2.41052 0.0213881
    endloop
  endfacet
  facet normal 0.941543 -0.336892 0
    outer loop
      vertex 35.701 3.40288 7
      vertex 35.7836 3.63373 2.17369
      vertex 35.7836 3.63373 7
    endloop
  endfacet
  facet normal 0.941543 -0.336892 0
    outer loop
      vertex 35.7836 3.63373 2.17369
      vertex 35.701 3.40288 7
      vertex 35.701 3.40288 2.17369
    endloop
  endfacet
  facet normal 0.860395 -0.113271 -0.49688
    outer loop
      vertex 35.716 4.15739 1.54329
      vertex 35.4683 4.75519 0.978097
      vertex 35.7947 4.75519 1.54329
    endloop
  endfacet
  facet normal -0.0340413 -0.258677 -0.965364
    outer loop
      vertex -31.2448 2.18873 0.0213881
      vertex -31.4924 1.59094 0.190302
      vertex -31.3293 2.19985 0.0213881
    endloop
  endfacet
  facet normal 0.214357 -0.453109 -0.8653
    outer loop
      vertex 32.7166 1.37511 0.516617
      vertex 32.6554 1.96932 0.190302
      vertex 32.938 1.47985 0.516617
    endloop
  endfacet
  facet normal 0.214357 -0.453109 -0.8653
    outer loop
      vertex 32.6554 1.96932 0.190302
      vertex 32.7166 1.37511 0.516617
      vertex 32.434 1.86458 0.190302
    endloop
  endfacet
  facet normal 0.428865 -0.257123 -0.866004
    outer loop
      vertex 34.3942 2.85183 0.516617
      vertex 34.0307 3.34458 0.190302
      vertex 34.5202 3.06199 0.516617
    endloop
  endfacet
  facet normal 0.428865 -0.257123 -0.866004
    outer loop
      vertex 34.0307 3.34458 0.190302
      vertex 34.3942 2.85183 0.516617
      vertex 33.9047 3.13442 0.190302
    endloop
  endfacet
  facet normal -0.0473919 -0.964841 -0.258526
    outer loop
      vertex -31.2448 0.205347 1.54329
      vertex -30.9385 0.0213881 2.17369
      vertex -31.2448 0.0364332 2.17369
    endloop
  endfacet
  facet normal -0.0473916 -0.964841 -0.258526
    outer loop
      vertex -30.9385 0.0213881 2.17369
      vertex -31.2448 0.205347 1.54329
      vertex -30.9385 0.190302 1.54329
    endloop
  endfacet
  facet normal -0.1467 -0.989181 0
    outer loop
      vertex -32.1287 0.15684 2.17369
      vertex -31.8863 0.120891 7
      vertex -32.1287 0.15684 7
    endloop
  endfacet
  facet normal -0.1467 -0.989181 -0
    outer loop
      vertex -31.8863 0.120891 7
      vertex -32.1287 0.15684 2.17369
      vertex -31.8863 0.120891 2.17369
    endloop
  endfacet
  facet normal -0.516836 -0.696691 -0.497495
    outer loop
      vertex -33.5758 1.35215 0.978097
      vertex -33.5421 0.923555 1.54329
      vertex -33.7389 1.06955 1.54329
    endloop
  endfacet
  facet normal -0.516653 -0.696774 -0.497569
    outer loop
      vertex -33.5421 0.923555 1.54329
      vertex -33.5758 1.35215 0.978097
      vertex -33.3789 1.20615 0.978097
    endloop
  endfacet
  facet normal -0.671463 -0.741038 0
    outer loop
      vertex -34.5183 1.48172 2.17369
      vertex -34.3367 1.31717 7
      vertex -34.5183 1.48172 7
    endloop
  endfacet
  facet normal -0.671463 -0.741038 -0
    outer loop
      vertex -34.3367 1.31717 7
      vertex -34.5183 1.48172 2.17369
      vertex -34.3367 1.31717 2.17369
    endloop
  endfacet
  facet normal 0 -0.707107 -0.707107
    outer loop
      vertex -30.9385 0.978097 0.516617
      vertex -8.71969 0.516617 0.978097
      vertex -30.9385 0.516617 0.978097
    endloop
  endfacet
  facet normal 0 -0.707107 -0.707107
    outer loop
      vertex -8.71969 0.516617 0.978097
      vertex -30.9385 0.978097 0.516617
      vertex -8.58678 0.978097 0.516617
    endloop
  endfacet
  facet normal -0 -0.707107 -0.707107
    outer loop
      vertex 30.9385 0.978097 0.516617
      vertex 8.71969 0.516617 0.978097
      vertex 8.58678 0.978097 0.516617
    endloop
  endfacet
  facet normal 0 -0.707107 -0.707107
    outer loop
      vertex 8.71969 0.516617 0.978097
      vertex 30.9385 0.978097 0.516617
      vertex 30.9385 0.516617 0.978097
    endloop
  endfacet
  facet normal 0.209164 -0.155149 -0.965494
    outer loop
      vertex 33.7587 2.93759 0.190302
      vertex 33.3588 3.44962 0.0213881
      vertex 33.9047 3.13442 0.190302
    endloop
  endfacet
  facet normal 0.209169 -0.155145 -0.965494
    outer loop
      vertex 33.3588 3.44962 0.0213881
      vertex 33.7587 2.93759 0.190302
      vertex 33.2128 3.25278 0.0213881
    endloop
  endfacet
  facet normal -0.965212 0.0385922 -0.258605
    outer loop
      vertex -35.8097 78.4834 1.54329
      vertex -35.9691 78.721 2.17369
      vertex -35.8002 78.721 1.54329
    endloop
  endfacet
  facet normal -0.965212 0.0385922 -0.258605
    outer loop
      vertex -35.9691 78.721 2.17369
      vertex -35.8097 78.4834 1.54329
      vertex -35.9786 78.4834 2.17369
    endloop
  endfacet
  facet normal -0.880846 0.397229 -0.257528
    outer loop
      vertex -35.2237 80.8244 1.54329
      vertex -35.4706 80.6856 2.17369
      vertex -35.3699 80.9089 2.17369
    endloop
  endfacet
  facet normal -0.880964 0.396887 -0.257649
    outer loop
      vertex -35.4706 80.6856 2.17369
      vertex -35.2237 80.8244 1.54329
      vertex -35.3243 80.6011 1.54329
    endloop
  endfacet
  facet normal -0.923889 0.382661 0
    outer loop
      vertex -35.7182 80.0878 2.17369
      vertex -35.4706 80.6856 7
      vertex -35.4706 80.6856 2.17369
    endloop
  endfacet
  facet normal -0.923889 0.382661 0
    outer loop
      vertex -35.4706 80.6856 7
      vertex -35.7182 80.0878 2.17369
      vertex -35.7182 80.0878 7
    endloop
  endfacet
  facet normal -0.474521 0.160013 -0.865578
    outer loop
      vertex -34.3265 79.4617 0.190302
      vertex -34.7941 79.8402 0.516617
      vertex -34.2482 79.6939 0.190302
    endloop
  endfacet
  facet normal -0.474521 0.160013 -0.865578
    outer loop
      vertex -34.7941 79.8402 0.516617
      vertex -34.3265 79.4617 0.190302
      vertex -34.8724 79.608 0.516617
    endloop
  endfacet
  facet normal -0.087483 -0.244444 -0.965709
    outer loop
      vertex -32.2032 1.76901 0.190302
      vertex -31.8092 2.29532 0.0213881
      vertex -31.9724 1.68641 0.190302
    endloop
  endfacet
  facet normal -0.0874529 -0.244466 -0.965706
    outer loop
      vertex -31.8092 2.29532 0.0213881
      vertex -32.2032 1.76901 0.190302
      vertex -32.0401 2.37792 0.0213881
    endloop
  endfacet
  facet normal -0.0382193 -0.257595 -0.965497
    outer loop
      vertex -31.4924 1.59094 0.190302
      vertex -31.5716 2.2358 0.0213881
      vertex -31.3293 2.19985 0.0213881
    endloop
  endfacet
  facet normal -0.0382033 -0.257593 -0.965498
    outer loop
      vertex -31.5716 2.2358 0.0213881
      vertex -31.4924 1.59094 0.190302
      vertex -31.7348 1.62689 0.190302
    endloop
  endfacet
  facet normal 0.0340413 -0.258677 -0.965364
    outer loop
      vertex 31.4924 1.59094 0.190302
      vertex 31.2448 2.18873 0.0213881
      vertex 31.3293 2.19985 0.0213881
    endloop
  endfacet
  facet normal -0.595378 0.382223 -0.706704
    outer loop
      vertex -34.3886 80.6964 0.516617
      vertex -34.4258 81.4917 0.978097
      vertex -34.0262 81.2609 0.516617
    endloop
  endfacet
  facet normal -0.595378 0.382223 -0.706704
    outer loop
      vertex -34.4258 81.4917 0.978097
      vertex -34.3886 80.6964 0.516617
      vertex -34.7882 80.9272 0.978097
    endloop
  endfacet
  facet normal -0.801798 0.332183 -0.496763
    outer loop
      vertex -35.2399 79.9596 0.978097
      vertex -35.3243 80.6011 1.54329
      vertex -35.0417 80.438 0.978097
    endloop
  endfacet
  facet normal 0.168909 0.471963 -0.865287
    outer loop
      vertex 31.9724 81.3136 0.190302
      vertex 32.3495 81.7769 0.516617
      vertex 32.2032 81.231 0.190302
    endloop
  endfacet
  facet normal 0.168909 0.471963 -0.865287
    outer loop
      vertex 32.3495 81.7769 0.516617
      vertex 31.9724 81.3136 0.190302
      vertex 32.1187 81.8595 0.516617
    endloop
  endfacet
  facet normal 0.909665 0.325556 -0.257921
    outer loop
      vertex 35.7836 79.3663 2.17369
      vertex 35.5379 79.5534 1.54329
      vertex 35.701 79.5971 2.17369
    endloop
  endfacet
  facet normal 0.909665 0.325556 -0.257921
    outer loop
      vertex 35.5379 79.5534 1.54329
      vertex 35.7836 79.3663 2.17369
      vertex 35.6205 79.3226 1.54329
    endloop
  endfacet
  facet normal 0.964853 0.0472504 -0.258508
    outer loop
      vertex 35.9786 77.9385 2.17369
      vertex 35.7947 78.2448 1.54329
      vertex 35.9636 78.2448 2.17369
    endloop
  endfacet
  facet normal 0.964853 0.0472504 -0.258508
    outer loop
      vertex 35.7947 78.2448 1.54329
      vertex 35.9786 77.9385 2.17369
      vertex 35.8097 77.9385 1.54329
    endloop
  endfacet
  facet normal 0.955904 0.141572 -0.257304
    outer loop
      vertex 35.8791 78.8863 2.17369
      vertex 35.68 79.0849 1.54329
      vertex 35.8432 79.1287 2.17369
    endloop
  endfacet
  facet normal 0.955878 0.142021 -0.257154
    outer loop
      vertex 35.68 79.0849 1.54329
      vertex 35.8791 78.8863 2.17369
      vertex 35.716 78.8426 1.54329
    endloop
  endfacet
  facet normal 0.958223 0.12622 -0.256666
    outer loop
      vertex 35.9636 78.2448 2.17369
      vertex 35.716 78.8426 1.54329
      vertex 35.8791 78.8863 2.17369
    endloop
  endfacet
  facet normal 0.671463 -0.741038 0
    outer loop
      vertex 34.3367 1.31717 2.17369
      vertex 34.5183 1.48172 7
      vertex 34.3367 1.31717 7
    endloop
  endfacet
  facet normal 0.671463 -0.741038 0
    outer loop
      vertex 34.5183 1.48172 7
      vertex 34.3367 1.31717 2.17369
      vertex 34.5183 1.48172 2.17369
    endloop
  endfacet
  facet normal 0.904087 0.427349 0
    outer loop
      vertex 35.4534 80.1949 7
      vertex 35.3487 80.4164 2.17369
      vertex 35.3487 80.4164 7
    endloop
  endfacet
  facet normal 0.904087 0.427349 0
    outer loop
      vertex 35.3487 80.4164 2.17369
      vertex 35.4534 80.1949 7
      vertex 35.4534 80.1949 2.17369
    endloop
  endfacet
  facet normal 0.496799 0.828392 -0.258762
    outer loop
      vertex 33.5421 82.0764 1.54329
      vertex 33.4164 82.3487 2.17369
      vertex 33.6265 82.2227 2.17369
    endloop
  endfacet
  facet normal 0.496615 0.828479 -0.258836
    outer loop
      vertex 33.4164 82.3487 2.17369
      vertex 33.5421 82.0764 1.54329
      vertex 33.3319 82.2024 1.54329
    endloop
  endfacet
  facet normal 0.445261 0.742808 -0.499978
    outer loop
      vertex 33.3789 81.7938 0.978097
      vertex 33.3319 82.2024 1.54329
      vertex 33.5421 82.0764 1.54329
    endloop
  endfacet
  facet normal 0.445435 0.742745 -0.499918
    outer loop
      vertex 33.3319 82.2024 1.54329
      vertex 33.3789 81.7938 0.978097
      vertex 33.1688 81.9198 0.978097
    endloop
  endfacet
  facet normal 0.923889 -0.382661 0
    outer loop
      vertex 35.4534 2.80508 7
      vertex 35.701 3.40288 2.17369
      vertex 35.701 3.40288 7
    endloop
  endfacet
  facet normal 0.923889 -0.382661 0
    outer loop
      vertex 35.701 3.40288 2.17369
      vertex 35.4534 2.80508 7
      vertex 35.4534 2.80508 2.17369
    endloop
  endfacet
  facet normal 0.964853 -0.0472504 -0.258508
    outer loop
      vertex 35.9636 4.75519 2.17369
      vertex 35.8097 5.06149 1.54329
      vertex 35.9786 5.06149 2.17369
    endloop
  endfacet
  facet normal 0.964853 -0.0472504 -0.258508
    outer loop
      vertex 35.8097 5.06149 1.54329
      vertex 35.9636 4.75519 2.17369
      vertex 35.7947 4.75519 1.54329
    endloop
  endfacet
  facet normal 0.569954 -0.422456 -0.704757
    outer loop
      vertex 34.6479 2.42425 0.978097
      vertex 34.3942 2.85183 0.516617
      vertex 34.7938 2.62109 0.978097
    endloop
  endfacet
  facet normal 0.569777 -0.422614 -0.704806
    outer loop
      vertex 34.3942 2.85183 0.516617
      vertex 34.6479 2.42425 0.978097
      vertex 34.2482 2.65499 0.516617
    endloop
  endfacet
  facet normal 0.766762 -0.588369 -0.256704
    outer loop
      vertex 34.6828 1.6633 2.17369
      vertex 34.5634 1.78274 1.54329
      vertex 35.0767 2.17663 2.17369
    endloop
  endfacet
  facet normal 0.0340571 0.258667 -0.965366
    outer loop
      vertex 31.4924 81.4091 0.190302
      vertex 31.2448 80.8113 0.0213881
      vertex 31.2448 81.4417 0.190302
    endloop
  endfacet
  facet normal 0.221991 -0.133093 -0.965923
    outer loop
      vertex 33.9047 3.13442 0.190302
      vertex 33.4847 3.65978 0.0213881
      vertex 34.0307 3.34458 0.190302
    endloop
  endfacet
  facet normal 0.222064 -0.133031 -0.965914
    outer loop
      vertex 33.4847 3.65978 0.0213881
      vertex 33.9047 3.13442 0.190302
      vertex 33.3588 3.44962 0.0213881
    endloop
  endfacet
  facet normal 0.688544 -0.528347 -0.496747
    outer loop
      vertex 34.5634 1.78274 1.54329
      vertex 34.3327 2.01348 0.978097
      vertex 34.6479 2.42425 0.978097
    endloop
  endfacet
  facet normal 0.575759 -0.776118 -0.257181
    outer loop
      vertex 33.7389 1.06955 1.54329
      vertex 33.6265 0.777272 2.17369
      vertex 33.5421 0.923555 1.54329
    endloop
  endfacet
  facet normal 0.575559 -0.776237 -0.257272
    outer loop
      vertex 33.6265 0.777272 2.17369
      vertex 33.7389 1.06955 1.54329
      vertex 33.8234 0.923268 2.17369
    endloop
  endfacet
  facet normal 0.158804 -0.207002 -0.965366
    outer loop
      vertex 33.0624 2.24128 0.190302
      vertex 32.7472 2.78721 0.0213881
      vertex 32.8148 2.83907 0.0213881
    endloop
  endfacet
  facet normal -0.222064 -0.133031 -0.965914
    outer loop
      vertex -33.9047 3.13442 0.190302
      vertex -33.4847 3.65978 0.0213881
      vertex -33.3588 3.44962 0.0213881
    endloop
  endfacet
  facet normal -0.221991 -0.133093 -0.965923
    outer loop
      vertex -33.4847 3.65978 0.0213881
      vertex -33.9047 3.13442 0.190302
      vertex -34.0307 3.34458 0.190302
    endloop
  endfacet
  facet normal -0.121509 -0.485057 -0.866
    outer loop
      vertex -31.8811 1.08095 0.516617
      vertex -31.9724 1.68641 0.190302
      vertex -31.7348 1.62689 0.190302
    endloop
  endfacet
  facet normal -0.121509 -0.485057 -0.866
    outer loop
      vertex -31.9724 1.68641 0.190302
      vertex -31.8811 1.08095 0.516617
      vertex -32.1187 1.14047 0.516617
    endloop
  endfacet
  facet normal -0.432359 -0.563357 -0.704056
    outer loop
      vertex -33.5758 1.35215 0.978097
      vertex -33.9865 1.66735 0.978097
      vertex -33.6602 1.99366 0.516617
    endloop
  endfacet
  facet normal -0.207002 -0.158791 -0.965368
    outer loop
      vertex -33.6067 2.73944 0.190302
      vertex -33.7587 2.93759 0.190302
      vertex -33.1609 3.1852 0.0213881
    endloop
  endfacet
  facet normal -0.688544 -0.528347 -0.496747
    outer loop
      vertex -34.5634 1.78274 1.54329
      vertex -34.6479 2.42425 0.978097
      vertex -34.3327 2.01348 0.978097
    endloop
  endfacet
  facet normal -0.706552 -0.0347838 -0.706805
    outer loop
      vertex -35.0219 5.06149 0.516617
      vertex -35.1291 4.81368 0.635974
      vertex -35.0526 5.06149 0.547306
    endloop
  endfacet
  facet normal -0.706746 -0.0346105 -0.70662
    outer loop
      vertex -35.0069 4.75519 0.516617
      vertex -35.1291 4.81368 0.635974
      vertex -35.0219 5.06149 0.516617
    endloop
  endfacet
  facet normal -0.706737 -0.0345679 -0.706631
    outer loop
      vertex -35.1291 4.81368 0.635974
      vertex -35.0069 4.75519 0.516617
      vertex -35.1539 4.75519 0.663639
    endloop
  endfacet
  facet normal -0.965932 0 -0.258797
    outer loop
      vertex -35.8097 78.4834 1.54329
      vertex -35.9786 8.79781 2.17369
      vertex -35.9786 78.4834 2.17369
    endloop
  endfacet
  facet normal -0.965888 -1.59482e-06 -0.258962
    outer loop
      vertex -35.8097 78.4834 1.54329
      vertex -35.9424 8.73396 2.03867
      vertex -35.9786 8.79781 2.17369
    endloop
  endfacet
  facet normal -0.965943 -1.71226e-08 -0.258755
    outer loop
      vertex -35.8097 78.4834 1.54329
      vertex -35.8725 8.57756 1.77773
      vertex -35.9424 8.73396 2.03867
    endloop
  endfacet
  facet normal -0.965944 0 -0.25875
    outer loop
      vertex -35.8725 8.57756 1.77773
      vertex -35.8097 78.4834 1.54329
      vertex -35.8097 8.40368 1.54329
    endloop
  endfacet
  facet normal -0.904049 -0.427428 0
    outer loop
      vertex -35.3487 2.58363 2.17369
      vertex -35.4534 2.80508 7
      vertex -35.4534 2.80508 2.17369
    endloop
  endfacet
  facet normal -0.904049 -0.427428 0
    outer loop
      vertex -35.4534 2.80508 7
      vertex -35.3487 2.58363 2.17369
      vertex -35.3487 2.58363 7
    endloop
  endfacet
  facet normal -0.892651 -0.371379 -0.255446
    outer loop
      vertex -35.3071 2.88954 1.54329
      vertex -35.6055 3.26604 2.03867
      vertex -35.6048 3.27744 2.01965
    endloop
  endfacet
  facet normal -0.892909 -0.369839 -0.256772
    outer loop
      vertex -35.4534 2.80508 2.17369
      vertex -35.6055 3.26604 2.03867
      vertex -35.3071 2.88954 1.54329
    endloop
  endfacet
  facet normal -0.892862 -0.369862 -0.256904
    outer loop
      vertex -35.6055 3.26604 2.03867
      vertex -35.4534 2.80508 2.17369
      vertex -35.6179 3.20219 2.17369
    endloop
  endfacet
  facet normal -0.666856 -0.238606 -0.705954
    outer loop
      vertex -35.2227 3.53105 0.978097
      vertex -34.8595 3.88134 0.516617
      vertex -34.7769 3.65049 0.516617
    endloop
  endfacet
  facet normal -0.666856 -0.238606 -0.705954
    outer loop
      vertex -34.8595 3.88134 0.516617
      vertex -35.2227 3.53105 0.978097
      vertex -35.3053 3.7619 0.978097
    endloop
  endfacet
  facet normal -0.958206 0.126068 -0.256803
    outer loop
      vertex -35.6885 79.5731 1.54329
      vertex -35.9361 78.9753 2.17369
      vertex -35.8517 79.6168 2.17369
    endloop
  endfacet
  facet normal -0.485046 -0.121665 -0.865984
    outer loop
      vertex -34.9191 4.11895 0.516617
      vertex -34.3136 4.02762 0.190302
      vertex -34.8595 3.88134 0.516617
    endloop
  endfacet
  facet normal -0.485034 -0.121457 -0.86602
    outer loop
      vertex -34.3136 4.02762 0.190302
      vertex -34.9191 4.11895 0.516617
      vertex -34.3731 4.26523 0.190302
    endloop
  endfacet
  facet normal -0.991448 -0.130502 0
    outer loop
      vertex -35.9351 4.53867 6.23396
      vertex -35.9636 4.75519 7
      vertex -35.9636 4.75519 6.33636
    endloop
  endfacet
  facet normal -0.991424 -0.130685 -2.61145e-05
    outer loop
      vertex -35.8791 4.11368 7
      vertex -35.9351 4.53867 6.23396
      vertex -35.9007 4.27773 6.07756
    endloop
  endfacet
  facet normal -0.991443 -0.13054 -0
    outer loop
      vertex -35.8791 4.11368 7
      vertex -35.9007 4.27773 6.07756
      vertex -35.8791 4.11368 5.95588
    endloop
  endfacet
  facet normal -0.991436 -0.130592 2.60356e-05
    outer loop
      vertex -35.9351 4.53867 6.23396
      vertex -35.8791 4.11368 7
      vertex -35.9636 4.75519 7
    endloop
  endfacet
  facet normal 0.0473919 -0.964841 -0.258526
    outer loop
      vertex 30.9385 0.190302 1.54329
      vertex 31.2448 0.0364332 2.17369
      vertex 30.9385 0.0213881 2.17369
    endloop
  endfacet
  facet normal 0.0473916 -0.964841 -0.258526
    outer loop
      vertex 31.2448 0.0364332 2.17369
      vertex 30.9385 0.190302 1.54329
      vertex 31.2448 0.205347 1.54329
    endloop
  endfacet
  facet normal 0.0424994 -0.865242 -0.499549
    outer loop
      vertex 30.9385 0.516617 0.978097
      vertex 31.2448 0.205347 1.54329
      vertex 30.9385 0.190302 1.54329
    endloop
  endfacet
  facet normal 0.0424994 -0.865242 -0.499549
    outer loop
      vertex 31.2448 0.205347 1.54329
      vertex 30.9385 0.516617 0.978097
      vertex 31.2448 0.531662 0.978097
    endloop
  endfacet
  facet normal 0.0737134 -0.497027 -0.864598
    outer loop
      vertex 31.6387 1.045 0.516617
      vertex 31.7348 1.62689 0.190302
      vertex 31.8811 1.08095 0.516617
    endloop
  endfacet
  facet normal 0.0737134 -0.497027 -0.864598
    outer loop
      vertex 31.7348 1.62689 0.190302
      vertex 31.6387 1.045 0.516617
      vertex 31.4924 1.59094 0.190302
    endloop
  endfacet
  facet normal 0.104077 -0.701757 -0.704774
    outer loop
      vertex 31.7581 0.599244 0.978097
      vertex 31.8811 1.08095 0.516617
      vertex 32.0005 0.635194 0.978097
    endloop
  endfacet
  facet normal 0.104077 -0.701757 -0.704774
    outer loop
      vertex 31.8811 1.08095 0.516617
      vertex 31.7581 0.599244 0.978097
      vertex 31.6387 1.045 0.516617
    endloop
  endfacet
  facet normal 0.0490597 -0.998796 0
    outer loop
      vertex 30.9385 0.0213881 2.17369
      vertex 31.2448 0.0364332 7
      vertex 30.9385 0.0213881 7
    endloop
  endfacet
  facet normal 0.0490597 -0.998796 0
    outer loop
      vertex 31.2448 0.0364332 7
      vertex 30.9385 0.0213881 2.17369
      vertex 31.2448 0.0364332 2.17369
    endloop
  endfacet
  facet normal 0.13053 -0.991444 0
    outer loop
      vertex 31.2448 0.0364332 2.17369
      vertex 31.8863 0.120891 7
      vertex 31.2448 0.0364332 7
    endloop
  endfacet
  facet normal 0.13053 -0.991444 0
    outer loop
      vertex 31.8863 0.120891 7
      vertex 31.2448 0.0364332 2.17369
      vertex 31.8863 0.120891 2.17369
    endloop
  endfacet
  facet normal 0.38268 -0.923881 0
    outer loop
      vertex 32.5971 0.298961 2.17369
      vertex 33.1949 0.546575 7
      vertex 32.5971 0.298961 7
    endloop
  endfacet
  facet normal 0.38268 -0.923881 0
    outer loop
      vertex 33.1949 0.546575 7
      vertex 32.5971 0.298961 2.17369
      vertex 33.1949 0.546575 2.17369
    endloop
  endfacet
  facet normal 0.130594 0.991436 -0
    outer loop
      vertex 31.8863 82.8791 2.17369
      vertex 31.2448 82.9636 7
      vertex 31.8863 82.8791 7
    endloop
  endfacet
  facet normal 0.130594 0.991436 0
    outer loop
      vertex 31.2448 82.9636 7
      vertex 31.8863 82.8791 2.17369
      vertex 31.2448 82.9636 2.17369
    endloop
  endfacet
  facet normal 0.133013 0.222075 -0.965914
    outer loop
      vertex 32.3402 80.4847 0.0213881
      vertex 32.8656 80.9047 0.190302
      vertex 32.5504 80.3588 0.0213881
    endloop
  endfacet
  facet normal 0.133074 0.222001 -0.965923
    outer loop
      vertex 32.8656 80.9047 0.190302
      vertex 32.3402 80.4847 0.0213881
      vertex 32.6554 81.0307 0.190302
    endloop
  endfacet
  facet normal 0.0382033 -0.257593 -0.965498
    outer loop
      vertex 31.4924 1.59094 0.190302
      vertex 31.5716 2.2358 0.0213881
      vertex 31.7348 1.62689 0.190302
    endloop
  endfacet
  facet normal 0.0382193 -0.257595 -0.965497
    outer loop
      vertex 31.5716 2.2358 0.0213881
      vertex 31.4924 1.59094 0.190302
      vertex 31.3293 2.19985 0.0213881
    endloop
  endfacet
  facet normal 0.923889 0.382661 0
    outer loop
      vertex 35.701 79.5971 7
      vertex 35.4534 80.1949 2.17369
      vertex 35.4534 80.1949 7
    endloop
  endfacet
  facet normal 0.923889 0.382661 0
    outer loop
      vertex 35.4534 80.1949 2.17369
      vertex 35.701 79.5971 7
      vertex 35.701 79.5971 2.17369
    endloop
  endfacet
  facet normal 0.71592 0.648507 -0.258644
    outer loop
      vertex 34.6828 81.3367 2.17369
      vertex 34.3988 81.3988 1.54329
      vertex 34.5183 81.5183 2.17369
    endloop
  endfacet
  facet normal 0.715585 0.648955 -0.258449
    outer loop
      vertex 34.3988 81.3988 1.54329
      vertex 34.6828 81.3367 2.17369
      vertex 34.5634 81.2173 1.54329
    endloop
  endfacet
  facet normal 0.741139 0.671351 0
    outer loop
      vertex 34.6828 81.3367 7
      vertex 34.5183 81.5183 2.17369
      vertex 34.5183 81.5183 7
    endloop
  endfacet
  facet normal 0.741139 0.671351 0
    outer loop
      vertex 34.5183 81.5183 2.17369
      vertex 34.6828 81.3367 7
      vertex 34.6828 81.3367 2.17369
    endloop
  endfacet
  facet normal 0.399248 0.306403 -0.864129
    outer loop
      vertex 34.2482 80.345 0.516617
      vertex 33.6067 80.2606 0.190302
      vertex 34.0063 80.6602 0.516617
    endloop
  endfacet
  facet normal 0.258667 -0.0340544 -0.965366
    outer loop
      vertex 34.4091 4.50757 0.190302
      vertex 33.8113 4.75519 0.0213881
      vertex 34.4417 4.75519 0.190302
    endloop
  endfacet
  facet normal 0.656094 0.27166 -0.704089
    outer loop
      vertex 34.7769 79.3495 0.516617
      vertex 34.6249 79.7166 0.516617
      vertex 35.2227 79.4689 0.978097
    endloop
  endfacet
  facet normal 0.258667 0.0340571 -0.965366
    outer loop
      vertex 34.4417 78.2448 0.190302
      vertex 33.8113 78.2448 0.0213881
      vertex 34.4091 78.4924 0.190302
    endloop
  endfacet
  facet normal 0.656105 0.271823 -0.704016
    outer loop
      vertex 35.2227 79.4689 0.978097
      vertex 34.6249 79.7166 0.516617
      vertex 35.0245 79.9473 0.978097
    endloop
  endfacet
  facet normal 0.860465 0.113153 -0.496786
    outer loop
      vertex 35.4683 78.2448 0.978097
      vertex 35.4008 78.7581 0.978097
      vertex 35.716 78.8426 1.54329
    endloop
  endfacet
  facet normal 0.701753 0.103931 -0.704799
    outer loop
      vertex 34.9191 78.8811 0.516617
      vertex 35.4008 78.7581 0.978097
      vertex 34.955 78.6387 0.516617
    endloop
  endfacet
  facet normal 0.70177 0.104223 -0.704739
    outer loop
      vertex 35.4008 78.7581 0.978097
      vertex 34.9191 78.8811 0.516617
      vertex 35.3648 79.0005 0.978097
    endloop
  endfacet
  facet normal 0.707091 0 -0.707122
    outer loop
      vertex 35.4834 5.06149 0.978097
      vertex 35.0219 77.9385 0.516617
      vertex 35.4834 77.9385 0.978097
    endloop
  endfacet
  facet normal 0.707091 0 -0.707122
    outer loop
      vertex 35.0219 77.9385 0.516617
      vertex 35.4834 5.06149 0.978097
      vertex 35.0219 5.06149 0.516617
    endloop
  endfacet
  facet normal -0.0340576 -0.258671 -0.965365
    outer loop
      vertex -31.2448 1.55834 0.190302
      vertex -31.4924 1.59094 0.190302
      vertex -31.2448 2.18873 0.0213881
    endloop
  endfacet
  facet normal 0 0.707091 -0.707122
    outer loop
      vertex 30.9385 82.0219 0.516617
      vertex 22.9386 82.4834 0.978097
      vertex 30.9385 82.4834 0.978097
    endloop
  endfacet
  facet normal 0 0.707091 -0.707122
    outer loop
      vertex 22.9386 82.4834 0.978097
      vertex 30.9385 82.0219 0.516617
      vertex 22.9386 82.0219 0.516617
    endloop
  endfacet
  facet normal 0.369835 0.892921 -0.256739
    outer loop
      vertex 33.1105 82.3071 1.54329
      vertex 32.5971 82.701 2.17369
      vertex 33.1949 82.4534 2.17369
    endloop
  endfacet
  facet normal 0.243304 0.96995 -0
    outer loop
      vertex 32.3663 82.7836 2.17369
      vertex 32.1287 82.8432 7
      vertex 32.3663 82.7836 7
    endloop
  endfacet
  facet normal 0.243304 0.96995 0
    outer loop
      vertex 32.1287 82.8432 7
      vertex 32.3663 82.7836 2.17369
      vertex 32.1287 82.8432 2.17369
    endloop
  endfacet
  facet normal 0.688479 0.528387 -0.496793
    outer loop
      vertex 34.6479 80.5758 0.978097
      vertex 34.3327 80.9865 0.978097
      vertex 34.5634 81.2173 1.54329
    endloop
  endfacet
  facet normal 0.432316 0.563315 -0.704116
    outer loop
      vertex 33.6602 81.0063 0.516617
      vertex 33.345 81.2482 0.516617
      vertex 33.5758 81.6479 0.978097
    endloop
  endfacet
  facet normal 0.206943 -0.158928 -0.965358
    outer loop
      vertex 33.7587 2.93759 0.190302
      vertex 33.1609 3.1852 0.0213881
      vertex 33.2128 3.25278 0.0213881
    endloop
  endfacet
  facet normal -0.464953 -0.192543 -0.864144
    outer loop
      vertex -34.6249 3.28344 0.516617
      vertex -34.7769 3.65049 0.516617
      vertex -34.231 3.79677 0.190302
    endloop
  endfacet
  facet normal 0.258796 -0.0126737 -0.965849
    outer loop
      vertex 34.4417 4.75519 0.190302
      vertex 33.8263 5.06149 0.0213881
      vertex 34.4567 5.06149 0.190302
    endloop
  endfacet
  facet normal 0.258796 -0.0126737 -0.965849
    outer loop
      vertex 33.8263 5.06149 0.0213881
      vertex 34.4417 4.75519 0.190302
      vertex 33.8113 4.75519 0.0213881
    endloop
  endfacet
  facet normal -0.0245519 -0.49985 -0.865764
    outer loop
      vertex -31.2448 0.993142 0.516617
      vertex -30.9385 1.54329 0.190302
      vertex -30.9385 0.978097 0.516617
    endloop
  endfacet
  facet normal -0.0245599 -0.499847 -0.865766
    outer loop
      vertex -30.9385 1.54329 0.190302
      vertex -31.2448 0.993142 0.516617
      vertex -31.2448 1.55834 0.190302
    endloop
  endfacet
  facet normal -0.0998456 -0.241038 -0.965366
    outer loop
      vertex -32.0401 2.37792 0.0213881
      vertex -32.434 1.86458 0.190302
      vertex -32.1188 2.41052 0.0213881
    endloop
  endfacet
  facet normal 0.155158 -0.209144 -0.965497
    outer loop
      vertex 32.5504 2.64122 0.0213881
      vertex 33.0624 2.24128 0.190302
      vertex 32.8656 2.09528 0.190302
    endloop
  endfacet
  facet normal 0.155152 -0.209151 -0.965497
    outer loop
      vertex 33.0624 2.24128 0.190302
      vertex 32.5504 2.64122 0.0213881
      vertex 32.7472 2.78721 0.0213881
    endloop
  endfacet
  facet normal 0.685942 -0.171767 -0.707092
    outer loop
      vertex 34.8595 3.88134 0.516617
      vertex 35.3648 3.99951 0.978097
      vertex 35.3053 3.7619 0.978097
    endloop
  endfacet
  facet normal 0.685944 -0.172056 -0.70702
    outer loop
      vertex 35.3648 3.99951 0.978097
      vertex 34.8595 3.88134 0.516617
      vertex 34.9191 4.11895 0.516617
    endloop
  endfacet
  facet normal 0.909686 -0.325493 -0.257927
    outer loop
      vertex 35.7836 3.63373 2.17369
      vertex 35.5379 3.44659 1.54329
      vertex 35.6205 3.67744 1.54329
    endloop
  endfacet
  facet normal 0.909686 -0.325493 -0.257927
    outer loop
      vertex 35.5379 3.44659 1.54329
      vertex 35.7836 3.63373 2.17369
      vertex 35.701 3.40288 2.17369
    endloop
  endfacet
  facet normal 0.840112 -0.210373 -0.499955
    outer loop
      vertex 35.68 3.91505 1.54329
      vertex 35.3053 3.7619 0.978097
      vertex 35.3648 3.99951 0.978097
    endloop
  endfacet
  facet normal 0.840112 -0.210373 -0.499955
    outer loop
      vertex 35.3053 3.7619 0.978097
      vertex 35.68 3.91505 1.54329
      vertex 35.6205 3.67744 1.54329
    endloop
  endfacet
  facet normal 0.857666 -0.514208 0
    outer loop
      vertex 35.2227 2.37347 7
      vertex 35.3487 2.58363 2.17369
      vertex 35.3487 2.58363 7
    endloop
  endfacet
  facet normal 0.857666 -0.514208 0
    outer loop
      vertex 35.3487 2.58363 2.17369
      vertex 35.2227 2.37347 7
      vertex 35.2227 2.37347 2.17369
    endloop
  endfacet
  facet normal 0.873436 -0.412954 -0.258029
    outer loop
      vertex 35.4534 2.80508 2.17369
      vertex 35.2024 2.66809 1.54329
      vertex 35.3071 2.88954 1.54329
    endloop
  endfacet
  facet normal 0.873436 -0.412954 -0.258029
    outer loop
      vertex 35.2024 2.66809 1.54329
      vertex 35.4534 2.80508 2.17369
      vertex 35.3487 2.58363 2.17369
    endloop
  endfacet
  facet normal -0.25862 0.0342786 -0.965371
    outer loop
      vertex -33.7839 78.9753 0.0213881
      vertex -34.3816 79.2229 0.190302
      vertex -33.7727 79.0598 0.0213881
    endloop
  endfacet
  facet normal 0.110984 0.234689 -0.965714
    outer loop
      vertex 32.3402 80.4847 0.0213881
      vertex 32.434 81.1354 0.190302
      vertex 32.6554 81.0307 0.190302
    endloop
  endfacet
  facet normal 0.111083 0.234673 -0.965707
    outer loop
      vertex 32.434 81.1354 0.190302
      vertex 32.3402 80.4847 0.0213881
      vertex 32.1188 80.5895 0.0213881
    endloop
  endfacet
  facet normal 0.432359 -0.563357 -0.704056
    outer loop
      vertex 33.9865 1.66735 0.978097
      vertex 33.5758 1.35215 0.978097
      vertex 33.6602 1.99366 0.516617
    endloop
  endfacet
  facet normal 0.133055 -0.222039 -0.965917
    outer loop
      vertex 32.3402 2.51525 0.0213881
      vertex 32.8656 2.09528 0.190302
      vertex 32.6554 1.96932 0.190302
    endloop
  endfacet
  facet normal 0.133061 -0.222032 -0.965918
    outer loop
      vertex 32.8656 2.09528 0.190302
      vertex 32.3402 2.51525 0.0213881
      vertex 32.5504 2.64122 0.0213881
    endloop
  endfacet
  facet normal -0.240996 0.0998668 -0.965374
    outer loop
      vertex -33.6392 79.5307 0.0213881
      vertex -34.2482 79.6939 0.190302
      vertex -34.1526 79.9246 0.190302
    endloop
  endfacet
  facet normal -0.427469 -0.90403 0
    outer loop
      vertex -33.4164 0.651311 2.17369
      vertex -33.1949 0.546575 7
      vertex -33.4164 0.651311 7
    endloop
  endfacet
  facet normal -0.427469 -0.90403 -0
    outer loop
      vertex -33.1949 0.546575 7
      vertex -33.4164 0.651311 2.17369
      vertex -33.1949 0.546575 2.17369
    endloop
  endfacet
  facet normal -0.648626 -0.715834 -0.258582
    outer loop
      vertex -34.3988 1.60116 1.54329
      vertex -34.3367 1.31717 2.17369
      vertex -34.5183 1.48172 2.17369
    endloop
  endfacet
  facet normal -0.648839 -0.715675 -0.258489
    outer loop
      vertex -34.3367 1.31717 2.17369
      vertex -34.3988 1.60116 1.54329
      vertex -34.2173 1.43661 1.54329
    endloop
  endfacet
  facet normal -0.363601 -0.606484 -0.707087
    outer loop
      vertex -33.3789 1.20615 0.978097
      vertex -32.938 1.47985 0.516617
      vertex -33.1688 1.08019 0.978097
    endloop
  endfacet
  facet normal -0.363494 -0.606593 -0.707049
    outer loop
      vertex -32.938 1.47985 0.516617
      vertex -33.3789 1.20615 0.978097
      vertex -33.1482 1.60581 0.516617
    endloop
  endfacet
  facet normal -0.292041 -0.816058 -0.49876
    outer loop
      vertex -32.4689 0.777314 0.978097
      vertex -32.3226 0.379522 1.54329
      vertex -32.5534 0.462118 1.54329
    endloop
  endfacet
  facet normal -0.292041 -0.816058 -0.49876
    outer loop
      vertex -32.3226 0.379522 1.54329
      vertex -32.4689 0.777314 0.978097
      vertex -32.2381 0.694718 0.978097
    endloop
  endfacet
  facet normal 0.0926981 -0.704062 -0.704062
    outer loop
      vertex 31.7581 0.599244 0.978097
      vertex 31.2448 0.531662 0.978097
      vertex 31.2448 0.993142 0.516617
    endloop
  endfacet
  facet normal -0.991456 0.130443 0
    outer loop
      vertex -35.9361 78.9753 2.17369
      vertex -35.8517 79.6168 7
      vertex -35.8517 79.6168 2.17369
    endloop
  endfacet
  facet normal -0.991456 0.130443 0
    outer loop
      vertex -35.8517 79.6168 7
      vertex -35.9361 78.9753 2.17369
      vertex -35.9361 78.9753 7
    endloop
  endfacet
  facet normal -0.991685 0.128689 0
    outer loop
      vertex -35.9691 78.721 2.17369
      vertex -35.9361 78.9753 7
      vertex -35.9361 78.9753 2.17369
    endloop
  endfacet
  facet normal -0.991685 0.128689 0
    outer loop
      vertex -35.9361 78.9753 7
      vertex -35.9691 78.721 2.17369
      vertex -35.9691 78.721 7
    endloop
  endfacet
  facet normal -0.892908 0.369827 -0.256796
    outer loop
      vertex -35.555 80.0441 1.54329
      vertex -35.7182 80.0878 2.17369
      vertex -35.3243 80.6011 1.54329
    endloop
  endfacet
  facet normal -0.947576 0.319531 0
    outer loop
      vertex -35.7965 79.8556 2.17369
      vertex -35.7182 80.0878 7
      vertex -35.7182 80.0878 2.17369
    endloop
  endfacet
  facet normal -0.947576 0.319531 0
    outer loop
      vertex -35.7182 80.0878 7
      vertex -35.7965 79.8556 2.17369
      vertex -35.7965 79.8556 7
    endloop
  endfacet
  facet normal -0.258817 0 -0.965926
    outer loop
      vertex -34.4567 5.06149 0.190302
      vertex -33.8263 78.4834 0.0213881
      vertex -33.8263 5.06149 0.0213881
    endloop
  endfacet
  facet normal -0.258817 0 -0.965926
    outer loop
      vertex -33.8263 78.4834 0.0213881
      vertex -34.4567 5.06149 0.190302
      vertex -34.4567 78.4834 0.190302
    endloop
  endfacet
  facet normal 0.158787 -0.207009 -0.965367
    outer loop
      vertex 33.0624 2.24128 0.190302
      vertex 32.8148 2.83907 0.0213881
      vertex 33.2606 2.39331 0.190302
    endloop
  endfacet
  facet normal 0.96995 0.243304 0
    outer loop
      vertex 35.8432 79.1287 7
      vertex 35.7836 79.3663 2.17369
      vertex 35.7836 79.3663 7
    endloop
  endfacet
  facet normal 0.96995 0.243304 0
    outer loop
      vertex 35.7836 79.3663 2.17369
      vertex 35.8432 79.1287 7
      vertex 35.8432 79.1287 2.17369
    endloop
  endfacet
  facet normal 0.803181 -0.595735 0
    outer loop
      vertex 35.0767 2.17663 7
      vertex 35.2227 2.37347 2.17369
      vertex 35.2227 2.37347 7
    endloop
  endfacet
  facet normal 0.803181 -0.595735 0
    outer loop
      vertex 35.2227 2.37347 2.17369
      vertex 35.0767 2.17663 7
      vertex 35.0767 2.17663 2.17369
    endloop
  endfacet
  facet normal 0.93699 -0.234632 -0.25884
    outer loop
      vertex 35.8432 3.87134 2.17369
      vertex 35.6205 3.67744 1.54329
      vertex 35.68 3.91505 1.54329
    endloop
  endfacet
  facet normal 0.936932 -0.235012 -0.258702
    outer loop
      vertex 35.6205 3.67744 1.54329
      vertex 35.8432 3.87134 2.17369
      vertex 35.7836 3.63373 2.17369
    endloop
  endfacet
  facet normal 0.991436 -0.130592 0
    outer loop
      vertex 35.8791 4.11368 7
      vertex 35.9636 4.75519 2.17369
      vertex 35.9636 4.75519 7
    endloop
  endfacet
  facet normal 0.991436 -0.130592 0
    outer loop
      vertex 35.9636 4.75519 2.17369
      vertex 35.8791 4.11368 7
      vertex 35.8791 4.11368 2.17369
    endloop
  endfacet
  facet normal 0.958223 -0.126218 -0.256667
    outer loop
      vertex 35.8791 4.11368 2.17369
      vertex 35.716 4.15739 1.54329
      vertex 35.9636 4.75519 2.17369
    endloop
  endfacet
  facet normal 0.648839 -0.715675 -0.258489
    outer loop
      vertex 34.3988 1.60116 1.54329
      vertex 34.3367 1.31717 2.17369
      vertex 34.2173 1.43661 1.54329
    endloop
  endfacet
  facet normal 0.648626 -0.715834 -0.258582
    outer loop
      vertex 34.3367 1.31717 2.17369
      vertex 34.3988 1.60116 1.54329
      vertex 34.5183 1.48172 2.17369
    endloop
  endfacet
  facet normal 0.76674 -0.588419 -0.256655
    outer loop
      vertex 35.0767 2.17663 2.17369
      vertex 34.5634 1.78274 1.54329
      vertex 34.9305 2.26109 1.54329
    endloop
  endfacet
  facet normal 0.776336 -0.575429 -0.257263
    outer loop
      vertex 35.2227 2.37347 2.17369
      vertex 34.9305 2.26109 1.54329
      vertex 35.0764 2.45793 1.54329
    endloop
  endfacet
  facet normal 0.776174 -0.575703 -0.257139
    outer loop
      vertex 34.9305 2.26109 1.54329
      vertex 35.2227 2.37347 2.17369
      vertex 35.0767 2.17663 2.17369
    endloop
  endfacet
  facet normal -0.498916 0.0656893 -0.864157
    outer loop
      vertex -34.4142 78.9753 0.190302
      vertex -34.9794 78.9753 0.516617
      vertex -34.3816 79.2229 0.190302
    endloop
  endfacet
  facet normal 0.496504 -0.828552 -0.258816
    outer loop
      vertex 33.5421 0.923555 1.54329
      vertex 33.4164 0.651311 2.17369
      vertex 33.3319 0.797594 1.54329
    endloop
  endfacet
  facet normal 0.496688 -0.828465 -0.258742
    outer loop
      vertex 33.4164 0.651311 2.17369
      vertex 33.5421 0.923555 1.54329
      vertex 33.6265 0.777272 2.17369
    endloop
  endfacet
  facet normal -0.399262 -0.306272 -0.864169
    outer loop
      vertex -33.6067 2.73944 0.190302
      vertex -34.2482 2.65499 0.516617
      vertex -33.7587 2.93759 0.190302
    endloop
  endfacet
  facet normal -0.141763 -0.95589 -0.25725
    outer loop
      vertex -32.0849 0.319998 1.54329
      vertex -31.8863 0.120891 2.17369
      vertex -32.1287 0.15684 2.17369
    endloop
  endfacet
  facet normal -0.141825 -0.955886 -0.257229
    outer loop
      vertex -31.8863 0.120891 2.17369
      vertex -32.0849 0.319998 1.54329
      vertex -31.8426 0.284048 1.54329
    endloop
  endfacet
  facet normal -0.238658 -0.666887 -0.705907
    outer loop
      vertex -32.4689 0.777314 0.978097
      vertex -32.1187 1.14047 0.516617
      vertex -32.2381 0.694718 0.978097
    endloop
  endfacet
  facet normal -0.238667 -0.666881 -0.705909
    outer loop
      vertex -32.1187 1.14047 0.516617
      vertex -32.4689 0.777314 0.978097
      vertex -32.3495 1.22307 0.516617
    endloop
  endfacet
  facet normal -0.113288 -0.860445 -0.496789
    outer loop
      vertex -31.2448 0.531662 0.978097
      vertex -31.8426 0.284048 1.54329
      vertex -31.7581 0.599244 0.978097
    endloop
  endfacet
  facet normal 0.0998474 0.241054 -0.965362
    outer loop
      vertex 32.434 81.1354 0.190302
      vertex 32.0401 80.6221 0.0213881
      vertex 32.2032 81.231 0.190302
    endloop
  endfacet
  facet normal -0.422553 -0.569868 -0.704769
    outer loop
      vertex -33.5758 1.35215 0.978097
      vertex -33.1482 1.60581 0.516617
      vertex -33.3789 1.20615 0.978097
    endloop
  endfacet
  facet normal -0.422655 -0.569754 -0.7048
    outer loop
      vertex -33.1482 1.60581 0.516617
      vertex -33.5758 1.35215 0.978097
      vertex -33.345 1.7518 0.516617
    endloop
  endfacet
  facet normal -0.2347 -0.110965 -0.965714
    outer loop
      vertex -34.1354 3.56603 0.190302
      vertex -33.4847 3.65978 0.0213881
      vertex -34.0307 3.34458 0.190302
    endloop
  endfacet
  facet normal -0.234684 -0.111063 -0.965706
    outer loop
      vertex -33.4847 3.65978 0.0213881
      vertex -34.1354 3.56603 0.190302
      vertex -33.5895 3.88123 0.0213881
    endloop
  endfacet
  facet normal -0.803181 -0.595735 0
    outer loop
      vertex -35.0767 2.17663 2.17369
      vertex -35.2227 2.37347 7
      vertex -35.2227 2.37347 2.17369
    endloop
  endfacet
  facet normal -0.803181 -0.595735 0
    outer loop
      vertex -35.2227 2.37347 7
      vertex -35.0767 2.17663 2.17369
      vertex -35.0767 2.17663 7
    endloop
  endfacet
  facet normal -0.766762 -0.588369 -0.256704
    outer loop
      vertex -34.6828 1.6633 2.17369
      vertex -35.0767 2.17663 2.17369
      vertex -34.5634 1.78274 1.54329
    endloop
  endfacet
  facet normal -0.641844 -0.581824 -0.499517
    outer loop
      vertex -34.1681 1.8319 0.978097
      vertex -34.5634 1.78274 1.54329
      vertex -34.3327 2.01348 0.978097
    endloop
  endfacet
  facet normal -0.641844 -0.581824 -0.499517
    outer loop
      vertex -34.5634 1.78274 1.54329
      vertex -34.1681 1.8319 0.978097
      vertex -34.3988 1.60116 1.54329
    endloop
  endfacet
  facet normal -0.873436 -0.412954 -0.258029
    outer loop
      vertex -35.2024 2.66809 1.54329
      vertex -35.4534 2.80508 2.17369
      vertex -35.3071 2.88954 1.54329
    endloop
  endfacet
  facet normal -0.873436 -0.412954 -0.258029
    outer loop
      vertex -35.4534 2.80508 2.17369
      vertex -35.2024 2.66809 1.54329
      vertex -35.3487 2.58363 2.17369
    endloop
  endfacet
  facet normal -0.563337 -0.432333 -0.704088
    outer loop
      vertex -34.0063 2.33979 0.516617
      vertex -34.6479 2.42425 0.978097
      vertex -34.2482 2.65499 0.516617
    endloop
  endfacet
  facet normal -0.399232 -0.30639 -0.86414
    outer loop
      vertex -34.0063 2.33979 0.516617
      vertex -34.2482 2.65499 0.516617
      vertex -33.6067 2.73944 0.190302
    endloop
  endfacet
  facet normal -0.742783 -0.44533 -0.499954
    outer loop
      vertex -34.7938 2.62109 0.978097
      vertex -35.2024 2.66809 1.54329
      vertex -34.9198 2.83125 0.978097
    endloop
  endfacet
  facet normal -0.742783 -0.44533 -0.499954
    outer loop
      vertex -35.2024 2.66809 1.54329
      vertex -34.7938 2.62109 0.978097
      vertex -35.0764 2.45793 1.54329
    endloop
  endfacet
  facet normal -0.704061 -0.0927666 -0.704054
    outer loop
      vertex -34.955 4.36129 0.516617
      vertex -35.3133 4.35582 0.875641
      vertex -35.0069 4.75519 0.516617
    endloop
  endfacet
  facet normal -0.704052 -0.0928881 -0.704047
    outer loop
      vertex -34.955 4.36129 0.516617
      vertex -35.3498 4.27773 0.922444
      vertex -35.3133 4.35582 0.875641
    endloop
  endfacet
  facet normal -0.704015 -0.0931045 -0.704056
    outer loop
      vertex -35.3498 4.27773 0.922444
      vertex -34.955 4.36129 0.516617
      vertex -35.366 4.25115 0.942158
    endloop
  endfacet
  facet normal -0.783584 -0.370473 -0.498745
    outer loop
      vertex -34.9198 2.83125 0.978097
      vertex -35.3071 2.88954 1.54329
      vertex -35.0245 3.0527 0.978097
    endloop
  endfacet
  facet normal -0.783584 -0.370473 -0.498745
    outer loop
      vertex -35.3071 2.88954 1.54329
      vertex -34.9198 2.83125 0.978097
      vertex -35.2024 2.66809 1.54329
    endloop
  endfacet
  facet normal -0.80178 -0.332198 -0.496783
    outer loop
      vertex -35.3071 2.88954 1.54329
      vertex -35.5379 3.44659 1.54329
      vertex -35.2227 3.53105 0.978097
    endloop
  endfacet
  facet normal -0.685942 -0.171767 -0.707092
    outer loop
      vertex -35.3648 3.99951 0.978097
      vertex -34.8595 3.88134 0.516617
      vertex -35.3053 3.7619 0.978097
    endloop
  endfacet
  facet normal -0.685944 -0.172056 -0.70702
    outer loop
      vertex -34.8595 3.88134 0.516617
      vertex -35.3648 3.99951 0.978097
      vertex -34.9191 4.11895 0.516617
    endloop
  endfacet
  facet normal -0.499846 -0.0244783 -0.865768
    outer loop
      vertex -35.0069 4.75519 0.516617
      vertex -34.4567 5.06149 0.190302
      vertex -34.4417 4.75519 0.190302
    endloop
  endfacet
  facet normal -0.499846 -0.0244783 -0.865768
    outer loop
      vertex -34.4567 5.06149 0.190302
      vertex -35.0069 4.75519 0.516617
      vertex -35.0219 5.06149 0.516617
    endloop
  endfacet
  facet normal -0.243016 -0.970022 0
    outer loop
      vertex -32.3663 0.216365 2.17369
      vertex -32.1287 0.15684 7
      vertex -32.3663 0.216365 7
    endloop
  endfacet
  facet normal -0.243016 -0.970022 -0
    outer loop
      vertex -32.1287 0.15684 7
      vertex -32.3663 0.216365 2.17369
      vertex -32.1287 0.15684 2.17369
    endloop
  endfacet
  facet normal 0.126149 -0.95821 -0.256749
    outer loop
      vertex 31.8426 0.284048 1.54329
      vertex 31.2448 0.0364332 2.17369
      vertex 31.2448 0.205347 1.54329
    endloop
  endfacet
  facet normal 0.234639 -0.936995 -0.258813
    outer loop
      vertex 32.3226 0.379522 1.54329
      vertex 32.1287 0.15684 2.17369
      vertex 32.0849 0.319998 1.54329
    endloop
  endfacet
  facet normal 0.234738 -0.936981 -0.258777
    outer loop
      vertex 32.1287 0.15684 2.17369
      vertex 32.3226 0.379522 1.54329
      vertex 32.3663 0.216365 2.17369
    endloop
  endfacet
  facet normal 0.292041 -0.816058 -0.49876
    outer loop
      vertex 32.4689 0.777314 0.978097
      vertex 32.3226 0.379522 1.54329
      vertex 32.2381 0.694718 0.978097
    endloop
  endfacet
  facet normal 0.292041 -0.816058 -0.49876
    outer loop
      vertex 32.3226 0.379522 1.54329
      vertex 32.4689 0.777314 0.978097
      vertex 32.5534 0.462118 1.54329
    endloop
  endfacet
  facet normal 0.516653 -0.696774 -0.497569
    outer loop
      vertex 33.5758 1.35215 0.978097
      vertex 33.5421 0.923555 1.54329
      vertex 33.3789 1.20615 0.978097
    endloop
  endfacet
  facet normal 0.516836 -0.696691 -0.497495
    outer loop
      vertex 33.5421 0.923555 1.54329
      vertex 33.5758 1.35215 0.978097
      vertex 33.7389 1.06955 1.54329
    endloop
  endfacet
  facet normal 0 0.965932 -0.258797
    outer loop
      vertex 30.9385 82.8097 1.54329
      vertex 22.9386 82.9786 2.17369
      vertex 30.9385 82.9786 2.17369
    endloop
  endfacet
  facet normal 0 0.965932 -0.258797
    outer loop
      vertex 22.9386 82.9786 2.17369
      vertex 30.9385 82.8097 1.54329
      vertex 22.9386 82.8097 1.54329
    endloop
  endfacet
  facet normal -0.812888 0.521861 -0.258602
    outer loop
      vertex -34.7084 81.6548 1.54329
      vertex -35.2171 81.1748 2.17369
      vertex -34.8547 81.7393 2.17369
    endloop
  endfacet
  facet normal -0.812888 0.521861 -0.258602
    outer loop
      vertex -35.2171 81.1748 2.17369
      vertex -34.7084 81.6548 1.54329
      vertex -35.0708 81.0903 1.54329
    endloop
  endfacet
  facet normal 0.0628806 0.2511 -0.965917
    outer loop
      vertex 31.8092 80.7047 0.0213881
      vertex 31.7348 81.3731 0.190302
      vertex 31.9724 81.3136 0.190302
    endloop
  endfacet
  facet normal 0.0628806 0.2511 -0.965917
    outer loop
      vertex 31.7348 81.3731 0.190302
      vertex 31.8092 80.7047 0.0213881
      vertex 31.5716 80.7642 0.0213881
    endloop
  endfacet
  facet normal 0.30622 0.399294 -0.864172
    outer loop
      vertex 33.2606 80.6067 0.190302
      vertex 33.0624 80.7587 0.190302
      vertex 33.345 81.2482 0.516617
    endloop
  endfacet
  facet normal 0.244457 -0.0874687 -0.965707
    outer loop
      vertex 34.231 3.79677 0.190302
      vertex 33.7047 4.19078 0.0213881
      vertex 34.3136 4.02762 0.190302
    endloop
  endfacet
  facet normal 0.244457 -0.0874687 -0.965707
    outer loop
      vertex 33.7047 4.19078 0.0213881
      vertex 34.231 3.79677 0.190302
      vertex 33.6221 3.95993 0.0213881
    endloop
  endfacet
  facet normal 0.828392 0.496799 -0.258762
    outer loop
      vertex 35.3487 80.4164 2.17369
      vertex 35.0764 80.5421 1.54329
      vertex 35.2227 80.6265 2.17369
    endloop
  endfacet
  facet normal 0.828479 0.496615 -0.258836
    outer loop
      vertex 35.0764 80.5421 1.54329
      vertex 35.3487 80.4164 2.17369
      vertex 35.2024 80.3319 1.54329
    endloop
  endfacet
  facet normal 0.641728 0.581975 -0.49949
    outer loop
      vertex 34.5634 81.2173 1.54329
      vertex 34.1681 81.1681 0.978097
      vertex 34.3988 81.3988 1.54329
    endloop
  endfacet
  facet normal 0.641857 0.581771 -0.499562
    outer loop
      vertex 34.1681 81.1681 0.978097
      vertex 34.5634 81.2173 1.54329
      vertex 34.3327 80.9865 0.978097
    endloop
  endfacet
  facet normal 0.241052 -0.0998511 -0.965362
    outer loop
      vertex 34.1354 3.56603 0.190302
      vertex 33.5895 3.88123 0.0213881
      vertex 33.6221 3.95993 0.0213881
    endloop
  endfacet
  facet normal 0.335953 0.370876 -0.865787
    outer loop
      vertex 33.4421 80.4421 0.190302
      vertex 33.6602 81.0063 0.516617
      vertex 33.8418 80.8418 0.516617
    endloop
  endfacet
  facet normal 0.336222 0.370743 -0.865739
    outer loop
      vertex 33.6602 81.0063 0.516617
      vertex 33.4421 80.4421 0.190302
      vertex 33.2606 80.6067 0.190302
    endloop
  endfacet
  facet normal 0.563315 0.432316 -0.704116
    outer loop
      vertex 34.2482 80.345 0.516617
      vertex 34.0063 80.6602 0.516617
      vertex 34.6479 80.5758 0.978097
    endloop
  endfacet
  facet normal 0.399294 0.30622 -0.864172
    outer loop
      vertex 33.7587 80.0624 0.190302
      vertex 33.6067 80.2606 0.190302
      vertex 34.2482 80.345 0.516617
    endloop
  endfacet
  facet normal 0.0998179 -0.241059 -0.965364
    outer loop
      vertex 32.2032 1.76901 0.190302
      vertex 32.0401 2.37792 0.0213881
      vertex 32.434 1.86458 0.190302
    endloop
  endfacet
  facet normal 0.241052 0.0998511 -0.965362
    outer loop
      vertex 33.6221 79.0401 0.0213881
      vertex 33.5895 79.1188 0.0213881
      vertex 34.1354 79.434 0.190302
    endloop
  endfacet
  facet normal 0.234673 0.111083 -0.965707
    outer loop
      vertex 33.4847 79.3402 0.0213881
      vertex 34.1354 79.434 0.190302
      vertex 33.5895 79.1188 0.0213881
    endloop
  endfacet
  facet normal 0.234689 0.110984 -0.965714
    outer loop
      vertex 34.1354 79.434 0.190302
      vertex 33.4847 79.3402 0.0213881
      vertex 34.0307 79.6554 0.190302
    endloop
  endfacet
  facet normal 0.244447 0.0874842 -0.965708
    outer loop
      vertex 33.7047 78.8092 0.0213881
      vertex 34.231 79.2032 0.190302
      vertex 34.3136 78.9724 0.190302
    endloop
  endfacet
  facet normal 0.244469 0.0874541 -0.965705
    outer loop
      vertex 34.231 79.2032 0.190302
      vertex 33.7047 78.8092 0.0213881
      vertex 33.6221 79.0401 0.0213881
    endloop
  endfacet
  facet normal 0.704018 0.092761 -0.704098
    outer loop
      vertex 35.0069 78.2448 0.516617
      vertex 34.955 78.6387 0.516617
      vertex 35.4008 78.7581 0.978097
    endloop
  endfacet
  facet normal 0.485029 0.121461 -0.866022
    outer loop
      vertex 34.3136 78.9724 0.190302
      vertex 34.9191 78.8811 0.516617
      vertex 34.3731 78.7348 0.190302
    endloop
  endfacet
  facet normal 0.485041 0.121669 -0.865986
    outer loop
      vertex 34.9191 78.8811 0.516617
      vertex 34.3136 78.9724 0.190302
      vertex 34.8595 79.1187 0.516617
    endloop
  endfacet
  facet normal 0.892921 0.369835 -0.256739
    outer loop
      vertex 35.701 79.5971 2.17369
      vertex 35.3071 80.1105 1.54329
      vertex 35.4534 80.1949 2.17369
    endloop
  endfacet
  facet normal 0.64035 0.302821 -0.705869
    outer loop
      vertex 34.5202 79.938 0.516617
      vertex 35.0245 79.9473 0.978097
      vertex 34.6249 79.7166 0.516617
    endloop
  endfacet
  facet normal 0.640377 0.302698 -0.705897
    outer loop
      vertex 35.0245 79.9473 0.978097
      vertex 34.5202 79.938 0.516617
      vertex 34.9198 80.1688 0.978097
    endloop
  endfacet
  facet normal 0.98921 0.146504 0
    outer loop
      vertex 35.8791 78.8863 7
      vertex 35.8432 79.1287 2.17369
      vertex 35.8432 79.1287 7
    endloop
  endfacet
  facet normal 0.98921 0.146504 0
    outer loop
      vertex 35.8432 79.1287 2.17369
      vertex 35.8791 78.8863 7
      vertex 35.8791 78.8863 2.17369
    endloop
  endfacet
  facet normal 0.141572 0.955904 -0.257304
    outer loop
      vertex 32.0849 82.68 1.54329
      vertex 31.8863 82.8791 2.17369
      vertex 32.1287 82.8432 2.17369
    endloop
  endfacet
  facet normal 0.142021 0.955878 -0.257154
    outer loop
      vertex 31.8863 82.8791 2.17369
      vertex 32.0849 82.68 1.54329
      vertex 31.8426 82.716 1.54329
    endloop
  endfacet
  facet normal -0.241018 0.0998373 -0.965372
    outer loop
      vertex -33.6392 79.5307 0.0213881
      vertex -34.1526 79.9246 0.190302
      vertex -33.6066 79.6094 0.0213881
    endloop
  endfacet
  facet normal 0.575584 0.77625 -0.257177
    outer loop
      vertex 33.7389 81.9305 1.54329
      vertex 33.6265 82.2227 2.17369
      vertex 33.8234 82.0767 2.17369
    endloop
  endfacet
  facet normal 0.575513 0.776291 -0.257209
    outer loop
      vertex 33.6265 82.2227 2.17369
      vertex 33.7389 81.9305 1.54329
      vertex 33.5421 82.0764 1.54329
    endloop
  endfacet
  facet normal 0.325556 0.909665 -0.257921
    outer loop
      vertex 32.5534 82.5379 1.54329
      vertex 32.3663 82.7836 2.17369
      vertex 32.5971 82.701 2.17369
    endloop
  endfacet
  facet normal 0.325556 0.909665 -0.257921
    outer loop
      vertex 32.3663 82.7836 2.17369
      vertex 32.5534 82.5379 1.54329
      vertex 32.3226 82.6205 1.54329
    endloop
  endfacet
  facet normal 0.332173 0.801775 -0.496808
    outer loop
      vertex 32.9473 82.0245 0.978097
      vertex 32.4689 82.2227 0.978097
      vertex 33.1105 82.3071 1.54329
    endloop
  endfacet
  facet normal 0.524218 -0.475197 -0.70667
    outer loop
      vertex 33.8418 2.15821 0.516617
      vertex 34.3327 2.01348 0.978097
      vertex 34.1681 1.8319 0.978097
    endloop
  endfacet
  facet normal 0.524324 -0.475004 -0.706722
    outer loop
      vertex 34.3327 2.01348 0.978097
      vertex 33.8418 2.15821 0.516617
      vertex 34.0063 2.33979 0.516617
    endloop
  endfacet
  facet normal 0.399232 -0.30639 -0.86414
    outer loop
      vertex 34.0063 2.33979 0.516617
      vertex 33.6067 2.73944 0.190302
      vertex 34.2482 2.65499 0.516617
    endloop
  endfacet
  facet normal 0.306267 -0.399277 -0.864163
    outer loop
      vertex 33.345 1.7518 0.516617
      vertex 33.0624 2.24128 0.190302
      vertex 33.2606 2.39331 0.190302
    endloop
  endfacet
  facet normal 0.192553 -0.464919 -0.86416
    outer loop
      vertex 32.3495 1.22307 0.516617
      vertex 32.2032 1.76901 0.190302
      vertex 32.7166 1.37511 0.516617
    endloop
  endfacet
  facet normal 0.485046 -0.121665 -0.865984
    outer loop
      vertex 34.3136 4.02762 0.190302
      vertex 34.9191 4.11895 0.516617
      vertex 34.8595 3.88134 0.516617
    endloop
  endfacet
  facet normal 0.485034 -0.121457 -0.86602
    outer loop
      vertex 34.9191 4.11895 0.516617
      vertex 34.3136 4.02762 0.190302
      vertex 34.3731 4.26523 0.190302
    endloop
  endfacet
  facet normal 0.251104 -0.062879 -0.965916
    outer loop
      vertex 33.7047 4.19078 0.0213881
      vertex 34.3731 4.26523 0.190302
      vertex 34.3136 4.02762 0.190302
    endloop
  endfacet
  facet normal 0.251104 -0.062879 -0.965916
    outer loop
      vertex 34.3731 4.26523 0.190302
      vertex 33.7047 4.19078 0.0213881
      vertex 33.7642 4.42839 0.0213881
    endloop
  endfacet
  facet normal 0.696875 -0.516532 -0.497554
    outer loop
      vertex 35.0764 2.45793 1.54329
      vertex 34.6479 2.42425 0.978097
      vertex 34.7938 2.62109 0.978097
    endloop
  endfacet
  facet normal 0.696875 -0.516532 -0.497554
    outer loop
      vertex 34.6479 2.42425 0.978097
      vertex 35.0764 2.45793 1.54329
      vertex 34.9305 2.26109 1.54329
    endloop
  endfacet
  facet normal 0.464884 -0.19261 -0.864167
    outer loop
      vertex 34.6249 3.28344 0.516617
      vertex 34.1354 3.56603 0.190302
      vertex 34.231 3.79677 0.190302
    endloop
  endfacet
  facet normal 0.706662 -0.0348371 -0.706693
    outer loop
      vertex 35.4683 4.75519 0.978097
      vertex 35.0219 5.06149 0.516617
      vertex 35.4834 5.06149 0.978097
    endloop
  endfacet
  facet normal 0.706744 -0.0346104 -0.706622
    outer loop
      vertex 35.0219 5.06149 0.516617
      vertex 35.4683 4.75519 0.978097
      vertex 35.0069 4.75519 0.516617
    endloop
  endfacet
  facet normal 0.989205 -0.14654 0
    outer loop
      vertex 35.8432 3.87134 7
      vertex 35.8791 4.11368 2.17369
      vertex 35.8791 4.11368 7
    endloop
  endfacet
  facet normal 0.989205 -0.14654 0
    outer loop
      vertex 35.8791 4.11368 2.17369
      vertex 35.8432 3.87134 7
      vertex 35.8432 3.87134 2.17369
    endloop
  endfacet
  facet normal 0.86047 -0.113145 -0.49678
    outer loop
      vertex 35.716 4.15739 1.54329
      vertex 35.4008 4.24185 0.978097
      vertex 35.4683 4.75519 0.978097
    endloop
  endfacet
  facet normal -0.258803 0.0103478 -0.965875
    outer loop
      vertex -33.8263 78.4834 0.0213881
      vertex -34.4472 78.721 0.190302
      vertex -33.8168 78.721 0.0213881
    endloop
  endfacet
  facet normal -0.258803 0.0103478 -0.965875
    outer loop
      vertex -34.4472 78.721 0.190302
      vertex -33.8263 78.4834 0.0213881
      vertex -34.4567 78.4834 0.190302
    endloop
  endfacet
  facet normal -0.865516 0.0346061 -0.499684
    outer loop
      vertex -35.4834 78.4834 0.978097
      vertex -35.8002 78.721 1.54329
      vertex -35.4739 78.721 0.978097
    endloop
  endfacet
  facet normal -0.865516 0.0346061 -0.499684
    outer loop
      vertex -35.8002 78.721 1.54329
      vertex -35.4834 78.4834 0.978097
      vertex -35.8097 78.4834 1.54329
    endloop
  endfacet
  facet normal -0.155158 -0.209144 -0.965497
    outer loop
      vertex -33.0624 2.24128 0.190302
      vertex -32.5504 2.64122 0.0213881
      vertex -32.8656 2.09528 0.190302
    endloop
  endfacet
  facet normal -0.155152 -0.209151 -0.965497
    outer loop
      vertex -32.5504 2.64122 0.0213881
      vertex -33.0624 2.24128 0.190302
      vertex -32.7472 2.78721 0.0213881
    endloop
  endfacet
  facet normal 0.0126737 0.258796 -0.965849
    outer loop
      vertex 30.9385 80.8263 0.0213881
      vertex 31.2448 81.4417 0.190302
      vertex 31.2448 80.8113 0.0213881
    endloop
  endfacet
  facet normal 0.0126737 0.258796 -0.965849
    outer loop
      vertex 31.2448 81.4417 0.190302
      vertex 30.9385 80.8263 0.0213881
      vertex 30.9385 81.4567 0.190302
    endloop
  endfacet
  facet normal -0.13053 -0.991444 0
    outer loop
      vertex -31.8863 0.120891 2.17369
      vertex -31.2448 0.0364332 7
      vertex -31.8863 0.120891 7
    endloop
  endfacet
  facet normal -0.13053 -0.991444 -0
    outer loop
      vertex -31.2448 0.0364332 7
      vertex -31.8863 0.120891 2.17369
      vertex -31.2448 0.0364332 2.17369
    endloop
  endfacet
  facet normal -0.528374 -0.688463 -0.49683
    outer loop
      vertex -33.5758 1.35215 0.978097
      vertex -34.2173 1.43661 1.54329
      vertex -33.9865 1.66735 0.978097
    endloop
  endfacet
  facet normal -0.0926981 -0.704062 -0.704062
    outer loop
      vertex -31.2448 0.531662 0.978097
      vertex -31.7581 0.599244 0.978097
      vertex -31.2448 0.993142 0.516617
    endloop
  endfacet
  facet normal -0.271734 -0.656102 -0.704053
    outer loop
      vertex -32.4689 0.777314 0.978097
      vertex -32.7166 1.37511 0.516617
      vertex -32.3495 1.22307 0.516617
    endloop
  endfacet
  facet normal -0.588391 -0.766742 -0.256716
    outer loop
      vertex -33.8234 0.923268 2.17369
      vertex -34.3367 1.31717 2.17369
      vertex -34.2173 1.43661 1.54329
    endloop
  endfacet
  facet normal -0.595607 -0.803276 0
    outer loop
      vertex -33.8234 0.923268 2.17369
      vertex -33.6265 0.777272 7
      vertex -33.8234 0.923268 7
    endloop
  endfacet
  facet normal -0.595607 -0.803276 -0
    outer loop
      vertex -33.6265 0.777272 7
      vertex -33.8234 0.923268 2.17369
      vertex -33.6265 0.777272 2.17369
    endloop
  endfacet
  facet normal 0.0127159 -0.258796 -0.965848
    outer loop
      vertex 30.9385 2.17369 0.0213881
      vertex 31.2448 1.55834 0.190302
      vertex 30.9385 1.54329 0.190302
    endloop
  endfacet
  facet normal 0.0127077 -0.2588 -0.965847
    outer loop
      vertex 31.2448 1.55834 0.190302
      vertex 30.9385 2.17369 0.0213881
      vertex 31.2448 2.18873 0.0213881
    endloop
  endfacet
  facet normal -0.843893 0.195071 -0.499791
    outer loop
      vertex -35.3181 79.7274 0.978097
      vertex -35.6885 79.5731 1.54329
      vertex -35.6333 79.8119 1.54329
    endloop
  endfacet
  facet normal -0.843893 0.195071 -0.499791
    outer loop
      vertex -35.6885 79.5731 1.54329
      vertex -35.3181 79.7274 0.978097
      vertex -35.3733 79.4886 0.978097
    endloop
  endfacet
  facet normal -0.999202 0.0399512 0
    outer loop
      vertex -35.9786 78.4834 2.17369
      vertex -35.9691 78.721 7
      vertex -35.9691 78.721 2.17369
    endloop
  endfacet
  facet normal -0.999202 0.0399512 0
    outer loop
      vertex -35.9691 78.721 7
      vertex -35.9786 78.4834 2.17369
      vertex -35.9786 78.4834 7
    endloop
  endfacet
  facet normal -0.915399 0.308681 -0.25838
    outer loop
      vertex -35.555 80.0441 1.54329
      vertex -35.7965 79.8556 2.17369
      vertex -35.7182 80.0878 2.17369
    endloop
  endfacet
  facet normal -0.915399 0.308681 -0.25838
    outer loop
      vertex -35.7965 79.8556 2.17369
      vertex -35.555 80.0441 1.54329
      vertex -35.6333 79.8119 1.54329
    endloop
  endfacet
  facet normal -0.867037 0.498244 0
    outer loop
      vertex -35.3699 80.9089 2.17369
      vertex -35.2171 81.1748 7
      vertex -35.2171 81.1748 2.17369
    endloop
  endfacet
  facet normal -0.867037 0.498244 0
    outer loop
      vertex -35.2171 81.1748 7
      vertex -35.3699 80.9089 2.17369
      vertex -35.3699 80.9089 7
    endloop
  endfacet
  facet normal -0.237069 0.106803 -0.965604
    outer loop
      vertex -34.1526 79.9246 0.190302
      vertex -33.506 79.8327 0.0213881
      vertex -33.6066 79.6094 0.0213881
    endloop
  endfacet
  facet normal -0.237053 0.106902 -0.965597
    outer loop
      vertex -33.506 79.8327 0.0213881
      vertex -34.1526 79.9246 0.190302
      vertex -34.0519 80.1479 0.190302
    endloop
  endfacet
  facet normal 0.403535 0.299371 -0.864602
    outer loop
      vertex 33.9047 79.8656 0.190302
      vertex 34.2482 80.345 0.516617
      vertex 34.3942 80.1482 0.516617
    endloop
  endfacet
  facet normal 0.403535 0.299371 -0.864602
    outer loop
      vertex 34.2482 80.345 0.516617
      vertex 33.9047 79.8656 0.190302
      vertex 33.7587 80.0624 0.190302
    endloop
  endfacet
  facet normal 0.803268 0.595618 0
    outer loop
      vertex 35.2227 80.6265 7
      vertex 35.0767 80.8234 2.17369
      vertex 35.0767 80.8234 7
    endloop
  endfacet
  facet normal 0.803268 0.595618 0
    outer loop
      vertex 35.0767 80.8234 2.17369
      vertex 35.2227 80.6265 7
      vertex 35.2227 80.6265 2.17369
    endloop
  endfacet
  facet normal 0.608792 0.79333 -0
    outer loop
      vertex 34.3367 81.6828 2.17369
      vertex 33.8234 82.0767 7
      vertex 34.3367 81.6828 7
    endloop
  endfacet
  facet normal 0.608792 0.79333 0
    outer loop
      vertex 33.8234 82.0767 7
      vertex 34.3367 81.6828 2.17369
      vertex 33.8234 82.0767 2.17369
    endloop
  endfacet
  facet normal 0.969953 -0.243294 0
    outer loop
      vertex 35.7836 3.63373 7
      vertex 35.8432 3.87134 2.17369
      vertex 35.8432 3.87134 7
    endloop
  endfacet
  facet normal 0.969953 -0.243294 0
    outer loop
      vertex 35.8432 3.87134 2.17369
      vertex 35.7836 3.63373 7
      vertex 35.7836 3.63373 2.17369
    endloop
  endfacet
  facet normal 0.828444 -0.496688 -0.258807
    outer loop
      vertex 35.3487 2.58363 2.17369
      vertex 35.0764 2.45793 1.54329
      vertex 35.2024 2.66809 1.54329
    endloop
  endfacet
  facet normal 0.828444 -0.496688 -0.258807
    outer loop
      vertex 35.0764 2.45793 1.54329
      vertex 35.3487 2.58363 2.17369
      vertex 35.2227 2.37347 2.17369
    endloop
  endfacet
  facet normal 0.71572 -0.648791 -0.258485
    outer loop
      vertex 34.6828 1.6633 2.17369
      vertex 34.3988 1.60116 1.54329
      vertex 34.5634 1.78274 1.54329
    endloop
  endfacet
  facet normal 0.715896 -0.648557 -0.258587
    outer loop
      vertex 34.3988 1.60116 1.54329
      vertex 34.6828 1.6633 2.17369
      vertex 34.5183 1.48172 2.17369
    endloop
  endfacet
  facet normal 0.588319 -0.766773 -0.256786
    outer loop
      vertex 33.8234 0.923268 2.17369
      vertex 33.7389 1.06955 1.54329
      vertex 34.2173 1.43661 1.54329
    endloop
  endfacet
  facet normal 0.588391 -0.766742 -0.256716
    outer loop
      vertex 34.3367 1.31717 2.17369
      vertex 33.8234 0.923268 2.17369
      vertex 34.2173 1.43661 1.54329
    endloop
  endfacet
  facet normal -0.0127159 -0.258796 -0.965848
    outer loop
      vertex -31.2448 1.55834 0.190302
      vertex -30.9385 2.17369 0.0213881
      vertex -30.9385 1.54329 0.190302
    endloop
  endfacet
  facet normal -0.0127077 -0.2588 -0.965847
    outer loop
      vertex -30.9385 2.17369 0.0213881
      vertex -31.2448 1.55834 0.190302
      vertex -31.2448 2.18873 0.0213881
    endloop
  endfacet
  facet normal 0.192022 0.173941 -0.965853
    outer loop
      vertex 32.9964 79.9964 0.0213881
      vertex 33.6067 80.2606 0.190302
      vertex 33.1609 79.8148 0.0213881
    endloop
  endfacet
  facet normal 0.191957 0.174083 -0.96584
    outer loop
      vertex 33.6067 80.2606 0.190302
      vertex 32.9964 79.9964 0.0213881
      vertex 33.4421 80.4421 0.190302
    endloop
  endfacet
  facet normal 0.0998511 0.241052 -0.965362
    outer loop
      vertex 32.1188 80.5895 0.0213881
      vertex 32.0401 80.6221 0.0213881
      vertex 32.434 81.1354 0.190302
    endloop
  endfacet
  facet normal -0.133055 -0.222039 -0.965917
    outer loop
      vertex -32.8656 2.09528 0.190302
      vertex -32.3402 2.51525 0.0213881
      vertex -32.6554 1.96932 0.190302
    endloop
  endfacet
  facet normal -0.133061 -0.222032 -0.965918
    outer loop
      vertex -32.3402 2.51525 0.0213881
      vertex -32.8656 2.09528 0.190302
      vertex -32.5504 2.64122 0.0213881
    endloop
  endfacet
  facet normal -0.1689 -0.471939 -0.865301
    outer loop
      vertex -32.3495 1.22307 0.516617
      vertex -31.9724 1.68641 0.190302
      vertex -32.1187 1.14047 0.516617
    endloop
  endfacet
  facet normal -0.1689 -0.471939 -0.865301
    outer loop
      vertex -31.9724 1.68641 0.190302
      vertex -32.3495 1.22307 0.516617
      vertex -32.2032 1.76901 0.190302
    endloop
  endfacet
  facet normal -0.192553 -0.464919 -0.86416
    outer loop
      vertex -32.3495 1.22307 0.516617
      vertex -32.7166 1.37511 0.516617
      vertex -32.2032 1.76901 0.190302
    endloop
  endfacet
  facet normal -0.640367 -0.302761 -0.70588
    outer loop
      vertex -35.0245 3.0527 0.978097
      vertex -34.5202 3.06199 0.516617
      vertex -34.9198 2.83125 0.978097
    endloop
  endfacet
  facet normal -0.640367 -0.302761 -0.70588
    outer loop
      vertex -34.5202 3.06199 0.516617
      vertex -35.0245 3.0527 0.978097
      vertex -34.6249 3.28344 0.516617
    endloop
  endfacet
  facet normal -0.428865 -0.257123 -0.866004
    outer loop
      vertex -34.3942 2.85183 0.516617
      vertex -34.0307 3.34458 0.190302
      vertex -33.9047 3.13442 0.190302
    endloop
  endfacet
  facet normal -0.428865 -0.257123 -0.866004
    outer loop
      vertex -34.0307 3.34458 0.190302
      vertex -34.3942 2.85183 0.516617
      vertex -34.5202 3.06199 0.516617
    endloop
  endfacet
  facet normal -0.299366 -0.403557 -0.864593
    outer loop
      vertex -33.345 1.7518 0.516617
      vertex -32.8656 2.09528 0.190302
      vertex -33.1482 1.60581 0.516617
    endloop
  endfacet
  facet normal -0.299377 -0.403544 -0.864596
    outer loop
      vertex -32.8656 2.09528 0.190302
      vertex -33.345 1.7518 0.516617
      vertex -33.0624 2.24128 0.190302
    endloop
  endfacet
  facet normal -0.475091 -0.524318 -0.706667
    outer loop
      vertex -33.9865 1.66735 0.978097
      vertex -33.8418 2.15821 0.516617
      vertex -33.6602 1.99366 0.516617
    endloop
  endfacet
  facet normal -0.475091 -0.524318 -0.706667
    outer loop
      vertex -33.8418 2.15821 0.516617
      vertex -33.9865 1.66735 0.978097
      vertex -34.1681 1.8319 0.978097
    endloop
  endfacet
  facet normal -0.528315 -0.688568 -0.496746
    outer loop
      vertex -33.7389 1.06955 1.54329
      vertex -34.2173 1.43661 1.54329
      vertex -33.5758 1.35215 0.978097
    endloop
  endfacet
  facet normal -0.563348 -0.432279 -0.704112
    outer loop
      vertex -34.3327 2.01348 0.978097
      vertex -34.6479 2.42425 0.978097
      vertex -34.0063 2.33979 0.516617
    endloop
  endfacet
  facet normal -0.191982 -0.174039 -0.965843
    outer loop
      vertex -33.6067 2.73944 0.190302
      vertex -32.9964 3.00362 0.0213881
      vertex -33.4421 2.55787 0.190302
    endloop
  endfacet
  facet normal -0.192019 -0.173958 -0.965851
    outer loop
      vertex -32.9964 3.00362 0.0213881
      vertex -33.6067 2.73944 0.190302
      vertex -33.1609 3.1852 0.0213881
    endloop
  endfacet
  facet normal -0.37087 -0.335984 -0.865777
    outer loop
      vertex -34.0063 2.33979 0.516617
      vertex -33.4421 2.55787 0.190302
      vertex -33.8418 2.15821 0.516617
    endloop
  endfacet
  facet normal -0.370794 -0.336139 -0.86575
    outer loop
      vertex -33.4421 2.55787 0.190302
      vertex -34.0063 2.33979 0.516617
      vertex -33.6067 2.73944 0.190302
    endloop
  endfacet
  facet normal -0.857666 -0.514208 0
    outer loop
      vertex -35.2227 2.37347 2.17369
      vertex -35.3487 2.58363 7
      vertex -35.3487 2.58363 2.17369
    endloop
  endfacet
  facet normal -0.857666 -0.514208 0
    outer loop
      vertex -35.3487 2.58363 7
      vertex -35.2227 2.37347 2.17369
      vertex -35.2227 2.37347 7
    endloop
  endfacet
  facet normal -0.689194 0.159311 -0.706846
    outer loop
      vertex -35.3733 79.4886 0.978097
      vertex -34.8724 79.608 0.516617
      vertex -34.9276 79.3692 0.516617
    endloop
  endfacet
  facet normal -0.689194 0.159311 -0.706846
    outer loop
      vertex -34.8724 79.608 0.516617
      vertex -35.3733 79.4886 0.978097
      vertex -35.3181 79.7274 0.978097
    endloop
  endfacet
  facet normal -0.498947 0.0647473 -0.86421
    outer loop
      vertex -34.4472 78.721 0.190302
      vertex -34.9794 78.9753 0.516617
      vertex -34.4142 78.9753 0.190302
    endloop
  endfacet
  facet normal -0.498947 0.0647473 -0.86421
    outer loop
      vertex -34.9794 78.9753 0.516617
      vertex -34.4472 78.721 0.190302
      vertex -35.0124 78.721 0.516617
    endloop
  endfacet
  facet normal -0.464867 0.192637 -0.86417
    outer loop
      vertex -34.2482 79.6939 0.190302
      vertex -34.6421 80.2072 0.516617
      vertex -34.1526 79.9246 0.190302
    endloop
  endfacet
  facet normal -0.257584 -0.0382645 -0.965498
    outer loop
      vertex -34.4091 4.50757 0.190302
      vertex -33.7642 4.42839 0.0213881
      vertex -34.3731 4.26523 0.190302
    endloop
  endfacet
  facet normal -0.257584 -0.0382645 -0.965498
    outer loop
      vertex -33.7642 4.42839 0.0213881
      vertex -34.4091 4.50757 0.190302
      vertex -33.8002 4.67073 0.0213881
    endloop
  endfacet
  facet normal 0.595607 -0.803276 0
    outer loop
      vertex 33.6265 0.777272 2.17369
      vertex 33.8234 0.923268 7
      vertex 33.6265 0.777272 7
    endloop
  endfacet
  facet normal 0.595607 -0.803276 0
    outer loop
      vertex 33.8234 0.923268 7
      vertex 33.6265 0.777272 2.17369
      vertex 33.8234 0.923268 2.17369
    endloop
  endfacet
  facet normal 0.741102 -0.671392 0
    outer loop
      vertex 34.5183 1.48172 7
      vertex 34.6828 1.6633 2.17369
      vertex 34.6828 1.6633 7
    endloop
  endfacet
  facet normal 0.741102 -0.671392 0
    outer loop
      vertex 34.6828 1.6633 2.17369
      vertex 34.5183 1.48172 7
      vertex 34.5183 1.48172 2.17369
    endloop
  endfacet
  facet normal 0.243016 -0.970022 0
    outer loop
      vertex 32.1287 0.15684 2.17369
      vertex 32.3663 0.216365 7
      vertex 32.1287 0.15684 7
    endloop
  endfacet
  facet normal 0.243016 -0.970022 0
    outer loop
      vertex 32.3663 0.216365 7
      vertex 32.1287 0.15684 2.17369
      vertex 32.3663 0.216365 2.17369
    endloop
  endfacet
  facet normal 0.369831 -0.892922 -0.256739
    outer loop
      vertex 32.5971 0.298961 2.17369
      vertex 32.5534 0.462118 1.54329
      vertex 33.1105 0.692858 1.54329
    endloop
  endfacet
  facet normal 0.299371 0.403535 -0.864602
    outer loop
      vertex 32.8656 80.9047 0.190302
      vertex 33.345 81.2482 0.516617
      vertex 33.0624 80.7587 0.190302
    endloop
  endfacet
  facet normal 0.299371 0.403535 -0.864602
    outer loop
      vertex 33.345 81.2482 0.516617
      vertex 32.8656 80.9047 0.190302
      vertex 33.1482 81.3942 0.516617
    endloop
  endfacet
  facet normal 0.257085 0.428883 -0.866006
    outer loop
      vertex 32.6554 81.0307 0.190302
      vertex 33.1482 81.3942 0.516617
      vertex 32.8656 80.9047 0.190302
    endloop
  endfacet
  facet normal 0.257085 0.428883 -0.866006
    outer loop
      vertex 33.1482 81.3942 0.516617
      vertex 32.6554 81.0307 0.190302
      vertex 32.938 81.5202 0.516617
    endloop
  endfacet
  facet normal 0.038255 0.257584 -0.965498
    outer loop
      vertex 31.5716 80.7642 0.0213881
      vertex 31.4924 81.4091 0.190302
      vertex 31.7348 81.3731 0.190302
    endloop
  endfacet
  facet normal 0.0381631 0.257574 -0.965505
    outer loop
      vertex 31.4924 81.4091 0.190302
      vertex 31.5716 80.7642 0.0213881
      vertex 31.3293 80.8001 0.0213881
    endloop
  endfacet
  facet normal 0.27166 0.656094 -0.704089
    outer loop
      vertex 32.7166 81.6249 0.516617
      vertex 32.3495 81.7769 0.516617
      vertex 32.4689 82.2227 0.978097
    endloop
  endfacet
  facet normal 0.171776 0.685948 -0.707085
    outer loop
      vertex 32.1187 81.8595 0.516617
      vertex 32.0005 82.3648 0.978097
      vertex 32.2381 82.3053 0.978097
    endloop
  endfacet
  facet normal 0.172065 0.68595 -0.707013
    outer loop
      vertex 32.0005 82.3648 0.978097
      vertex 32.1187 81.8595 0.516617
      vertex 31.8811 81.9191 0.516617
    endloop
  endfacet
  facet normal 0.306403 0.399248 -0.864129
    outer loop
      vertex 33.6602 81.0063 0.516617
      vertex 33.2606 80.6067 0.190302
      vertex 33.345 81.2482 0.516617
    endloop
  endfacet
  facet normal 0.688542 0.528352 -0.496744
    outer loop
      vertex 34.6479 80.5758 0.978097
      vertex 34.5634 81.2173 1.54329
      vertex 34.9305 80.7389 1.54329
    endloop
  endfacet
  facet normal 0.0874541 0.244469 -0.965705
    outer loop
      vertex 31.8092 80.7047 0.0213881
      vertex 32.2032 81.231 0.190302
      vertex 32.0401 80.6221 0.0213881
    endloop
  endfacet
  facet normal 0.0874842 0.244447 -0.965708
    outer loop
      vertex 32.2032 81.231 0.190302
      vertex 31.8092 80.7047 0.0213881
      vertex 31.9724 81.3136 0.190302
    endloop
  endfacet
  facet normal 0.222001 0.133074 -0.965923
    outer loop
      vertex 33.4847 79.3402 0.0213881
      vertex 33.9047 79.8656 0.190302
      vertex 34.0307 79.6554 0.190302
    endloop
  endfacet
  facet normal 0.222075 0.133013 -0.965914
    outer loop
      vertex 33.9047 79.8656 0.190302
      vertex 33.4847 79.3402 0.0213881
      vertex 33.3588 79.5504 0.0213881
    endloop
  endfacet
  facet normal 0.606467 0.363707 -0.707047
    outer loop
      vertex 34.5202 79.938 0.516617
      vertex 34.7938 80.3789 0.978097
      vertex 34.9198 80.1688 0.978097
    endloop
  endfacet
  facet normal 0.606576 0.363599 -0.707008
    outer loop
      vertex 34.7938 80.3789 0.978097
      vertex 34.5202 79.938 0.516617
      vertex 34.3942 80.1482 0.516617
    endloop
  endfacet
  facet normal 0.370743 0.336222 -0.865739
    outer loop
      vertex 33.4421 80.4421 0.190302
      vertex 34.0063 80.6602 0.516617
      vertex 33.6067 80.2606 0.190302
    endloop
  endfacet
  facet normal 0.370876 0.335953 -0.865787
    outer loop
      vertex 34.0063 80.6602 0.516617
      vertex 33.4421 80.4421 0.190302
      vertex 33.8418 80.8418 0.516617
    endloop
  endfacet
  facet normal 0.696846 0.516615 -0.497509
    outer loop
      vertex 35.0764 80.5421 1.54329
      vertex 34.6479 80.5758 0.978097
      vertex 34.9305 80.7389 1.54329
    endloop
  endfacet
  facet normal 0.696935 0.516418 -0.497588
    outer loop
      vertex 34.6479 80.5758 0.978097
      vertex 35.0764 80.5421 1.54329
      vertex 34.7938 80.3789 0.978097
    endloop
  endfacet
  facet normal 0.570026 0.422381 -0.704745
    outer loop
      vertex 34.3942 80.1482 0.516617
      vertex 34.6479 80.5758 0.978097
      vertex 34.7938 80.3789 0.978097
    endloop
  endfacet
  facet normal 0.569717 0.422656 -0.70483
    outer loop
      vertex 34.6479 80.5758 0.978097
      vertex 34.3942 80.1482 0.516617
      vertex 34.2482 80.345 0.516617
    endloop
  endfacet
  facet normal 0.464904 0.192568 -0.864165
    outer loop
      vertex 34.231 79.2032 0.190302
      vertex 34.1354 79.434 0.190302
      vertex 34.6249 79.7166 0.516617
    endloop
  endfacet
  facet normal 0.241054 0.0998474 -0.965362
    outer loop
      vertex 34.231 79.2032 0.190302
      vertex 33.6221 79.0401 0.0213881
      vertex 34.1354 79.434 0.190302
    endloop
  endfacet
  facet normal 0.499846 0.0244783 -0.865768
    outer loop
      vertex 34.4567 77.9385 0.190302
      vertex 35.0069 78.2448 0.516617
      vertex 35.0219 77.9385 0.516617
    endloop
  endfacet
  facet normal 0.499846 0.0244783 -0.865768
    outer loop
      vertex 35.0069 78.2448 0.516617
      vertex 34.4567 77.9385 0.190302
      vertex 34.4417 78.2448 0.190302
    endloop
  endfacet
  facet normal 0.865191 0.0423698 -0.499649
    outer loop
      vertex 35.8097 77.9385 1.54329
      vertex 35.4683 78.2448 0.978097
      vertex 35.7947 78.2448 1.54329
    endloop
  endfacet
  facet normal 0.865247 0.042655 -0.499528
    outer loop
      vertex 35.4683 78.2448 0.978097
      vertex 35.8097 77.9385 1.54329
      vertex 35.4834 77.9385 0.978097
    endloop
  endfacet
  facet normal 0.840125 0.210296 -0.499966
    outer loop
      vertex 35.68 79.0849 1.54329
      vertex 35.3053 79.2381 0.978097
      vertex 35.6205 79.3226 1.54329
    endloop
  endfacet
  facet normal 0.840119 0.210383 -0.499939
    outer loop
      vertex 35.3053 79.2381 0.978097
      vertex 35.68 79.0849 1.54329
      vertex 35.3648 79.0005 0.978097
    endloop
  endfacet
  facet normal 0.666851 0.238656 -0.705941
    outer loop
      vertex 34.8595 79.1187 0.516617
      vertex 35.2227 79.4689 0.978097
      vertex 35.3053 79.2381 0.978097
    endloop
  endfacet
  facet normal 0.666851 0.238656 -0.705941
    outer loop
      vertex 35.2227 79.4689 0.978097
      vertex 34.8595 79.1187 0.516617
      vertex 34.7769 79.3495 0.516617
    endloop
  endfacet
  facet normal 0.0472504 0.964853 -0.258508
    outer loop
      vertex 31.2448 82.7947 1.54329
      vertex 30.9385 82.9786 2.17369
      vertex 31.2448 82.9636 2.17369
    endloop
  endfacet
  facet normal 0.0472504 0.964853 -0.258508
    outer loop
      vertex 30.9385 82.9786 2.17369
      vertex 31.2448 82.7947 1.54329
      vertex 30.9385 82.8097 1.54329
    endloop
  endfacet
  facet normal 0.126148 0.958215 -0.25673
    outer loop
      vertex 31.8426 82.716 1.54329
      vertex 31.2448 82.7947 1.54329
      vertex 31.2448 82.9636 2.17369
    endloop
  endfacet
  facet normal 0.432326 0.563313 -0.704111
    outer loop
      vertex 33.6602 81.0063 0.516617
      vertex 33.5758 81.6479 0.978097
      vertex 33.9865 81.3327 0.978097
    endloop
  endfacet
  facet normal 0.210296 0.840125 -0.499966
    outer loop
      vertex 32.2381 82.3053 0.978097
      vertex 32.0849 82.68 1.54329
      vertex 32.3226 82.6205 1.54329
    endloop
  endfacet
  facet normal 0.210383 0.840119 -0.499939
    outer loop
      vertex 32.0849 82.68 1.54329
      vertex 32.2381 82.3053 0.978097
      vertex 32.0005 82.3648 0.978097
    endloop
  endfacet
  facet normal 0.235021 0.936931 -0.258699
    outer loop
      vertex 32.3226 82.6205 1.54329
      vertex 32.1287 82.8432 2.17369
      vertex 32.3663 82.7836 2.17369
    endloop
  endfacet
  facet normal 0.234546 0.937003 -0.258871
    outer loop
      vertex 32.1287 82.8432 2.17369
      vertex 32.3226 82.6205 1.54329
      vertex 32.0849 82.68 1.54329
    endloop
  endfacet
  facet normal 0.191982 -0.174039 -0.965843
    outer loop
      vertex 32.9964 3.00362 0.0213881
      vertex 33.6067 2.73944 0.190302
      vertex 33.4421 2.55787 0.190302
    endloop
  endfacet
  facet normal 0.192019 -0.173958 -0.965851
    outer loop
      vertex 33.6067 2.73944 0.190302
      vertex 32.9964 3.00362 0.0213881
      vertex 33.1609 3.1852 0.0213881
    endloop
  endfacet
  facet normal 0.302761 -0.640297 -0.705943
    outer loop
      vertex 32.9473 0.975455 0.978097
      vertex 32.938 1.47985 0.516617
      vertex 33.1688 1.08019 0.978097
    endloop
  endfacet
  facet normal 0.302898 -0.640267 -0.705912
    outer loop
      vertex 32.938 1.47985 0.516617
      vertex 32.9473 0.975455 0.978097
      vertex 32.7166 1.37511 0.516617
    endloop
  endfacet
  facet normal 0.432287 -0.563371 -0.704089
    outer loop
      vertex 33.5758 1.35215 0.978097
      vertex 33.345 1.7518 0.516617
      vertex 33.6602 1.99366 0.516617
    endloop
  endfacet
  facet normal 0.33602 -0.370837 -0.865777
    outer loop
      vertex 33.6602 1.99366 0.516617
      vertex 33.4421 2.55787 0.190302
      vertex 33.8418 2.15821 0.516617
    endloop
  endfacet
  facet normal 0.336163 -0.370768 -0.865752
    outer loop
      vertex 33.4421 2.55787 0.190302
      vertex 33.6602 1.99366 0.516617
      vertex 33.2606 2.39331 0.190302
    endloop
  endfacet
  facet normal 0 0 -1
    outer loop
      vertex -26.5335 12.8999 0.0213881
      vertex -8.44415 2.17369 0.0213881
      vertex -26.4596 12.6048 0.0213881
    endloop
  endfacet
  facet normal 0 0 -1
    outer loop
      vertex -8.44415 68.05 0.0213881
      vertex -26.4149 73.6961 0.0213881
      vertex -26.4 74 0.0213881
    endloop
  endfacet
  facet normal 0 0 -1
    outer loop
      vertex -26.636 13.1863 0.0213881
      vertex -8.44415 2.17369 0.0213881
      vertex -26.5335 12.8999 0.0213881
    endloop
  endfacet
  facet normal 0 0 -1
    outer loop
      vertex -8.44415 68.05 0.0213881
      vertex -26.4596 73.3952 0.0213881
      vertex -26.4149 73.6961 0.0213881
    endloop
  endfacet
  facet normal 0 0 -1
    outer loop
      vertex -26.766 13.4613 0.0213881
      vertex -8.44415 2.17369 0.0213881
      vertex -26.636 13.1863 0.0213881
    endloop
  endfacet
  facet normal 0 0 -1
    outer loop
      vertex -8.44415 68.05 0.0213881
      vertex -26.5335 73.1001 0.0213881
      vertex -26.4596 73.3952 0.0213881
    endloop
  endfacet
  facet normal 0 0 -1
    outer loop
      vertex -26.9224 13.7223 0.0213881
      vertex -8.44415 2.17369 0.0213881
      vertex -26.766 13.4613 0.0213881
    endloop
  endfacet
  facet normal 0 0 -1
    outer loop
      vertex -8.44415 68.05 0.0213881
      vertex -26.636 72.8137 0.0213881
      vertex -26.5335 73.1001 0.0213881
    endloop
  endfacet
  facet normal 0 0 -1
    outer loop
      vertex -27.1037 13.9666 0.0213881
      vertex -8.44415 2.17369 0.0213881
      vertex -26.9224 13.7223 0.0213881
    endloop
  endfacet
  facet normal 0 0 -1
    outer loop
      vertex -8.44415 68.05 0.0213881
      vertex -26.766 72.5387 0.0213881
      vertex -26.636 72.8137 0.0213881
    endloop
  endfacet
  facet normal 0 0 -1
    outer loop
      vertex -8.44415 2.17369 0.0213881
      vertex -27.1037 13.9666 0.0213881
      vertex -8.44415 68.05 0.0213881
    endloop
  endfacet
  facet normal 0 0 -1
    outer loop
      vertex -8.44415 68.05 0.0213881
      vertex -26.9224 72.2777 0.0213881
      vertex -26.766 72.5387 0.0213881
    endloop
  endfacet
  facet normal 0 0 -1
    outer loop
      vertex -27.308 14.192 0.0213881
      vertex -8.44415 68.05 0.0213881
      vertex -27.1037 13.9666 0.0213881
    endloop
  endfacet
  facet normal 0 0 -1
    outer loop
      vertex -8.44415 68.05 0.0213881
      vertex -27.1037 72.0334 0.0213881
      vertex -26.9224 72.2777 0.0213881
    endloop
  endfacet
  facet normal 0 0 -1
    outer loop
      vertex -27.5334 14.3963 0.0213881
      vertex -8.44415 68.05 0.0213881
      vertex -27.308 14.192 0.0213881
    endloop
  endfacet
  facet normal 0 0 -1
    outer loop
      vertex -8.44415 68.05 0.0213881
      vertex -27.308 71.808 0.0213881
      vertex -27.1037 72.0334 0.0213881
    endloop
  endfacet
  facet normal 0 0 -1
    outer loop
      vertex -27.7777 14.5776 0.0213881
      vertex -8.44415 68.05 0.0213881
      vertex -27.5334 14.3963 0.0213881
    endloop
  endfacet
  facet normal 0 0 -1
    outer loop
      vertex -8.44415 68.05 0.0213881
      vertex -27.5334 71.6037 0.0213881
      vertex -27.308 71.808 0.0213881
    endloop
  endfacet
  facet normal 0 0 -1
    outer loop
      vertex -28.0387 14.734 0.0213881
      vertex -8.44415 68.05 0.0213881
      vertex -27.7777 14.5776 0.0213881
    endloop
  endfacet
  facet normal 0 0 -1
    outer loop
      vertex -8.44415 68.05 0.0213881
      vertex -27.7777 71.4224 0.0213881
      vertex -27.5334 71.6037 0.0213881
    endloop
  endfacet
  facet normal 0 0 -1
    outer loop
      vertex -28.3137 14.864 0.0213881
      vertex -8.44415 68.05 0.0213881
      vertex -28.0387 14.734 0.0213881
    endloop
  endfacet
  facet normal 0 0 -1
    outer loop
      vertex -8.44415 68.05 0.0213881
      vertex -28.0387 71.266 0.0213881
      vertex -27.7777 71.4224 0.0213881
    endloop
  endfacet
  facet normal 0 0 -1
    outer loop
      vertex -28.6001 14.9665 0.0213881
      vertex -8.44415 68.05 0.0213881
      vertex -28.3137 14.864 0.0213881
    endloop
  endfacet
  facet normal 0 0 -1
    outer loop
      vertex -8.44415 68.05 0.0213881
      vertex -28.3137 71.136 0.0213881
      vertex -28.0387 71.266 0.0213881
    endloop
  endfacet
  facet normal 0 0 -1
    outer loop
      vertex -28.8952 15.0404 0.0213881
      vertex -8.44415 68.05 0.0213881
      vertex -28.6001 14.9665 0.0213881
    endloop
  endfacet
  facet normal 0 0 -1
    outer loop
      vertex -8.44415 68.05 0.0213881
      vertex -28.6001 71.0335 0.0213881
      vertex -28.3137 71.136 0.0213881
    endloop
  endfacet
  facet normal 0 0 -1
    outer loop
      vertex -28.8952 70.9596 0.0213881
      vertex -8.44415 68.05 0.0213881
      vertex -28.8952 15.0404 0.0213881
    endloop
  endfacet
  facet normal 0 0 -1
    outer loop
      vertex -8.44415 68.05 0.0213881
      vertex -28.8952 70.9596 0.0213881
      vertex -28.6001 71.0335 0.0213881
    endloop
  endfacet
  facet normal 0 0 -1
    outer loop
      vertex -29.1961 15.0851 0.0213881
      vertex -28.8952 70.9596 0.0213881
      vertex -28.8952 15.0404 0.0213881
    endloop
  endfacet
  facet normal 0 0 -1
    outer loop
      vertex -29.1961 15.0851 0.0213881
      vertex -29.1961 70.9149 0.0213881
      vertex -28.8952 70.9596 0.0213881
    endloop
  endfacet
  facet normal 0 0 -1
    outer loop
      vertex -29.5 15.1 0.0213881
      vertex -29.1961 70.9149 0.0213881
      vertex -29.1961 15.0851 0.0213881
    endloop
  endfacet
  facet normal 0 0 -1
    outer loop
      vertex -29.5 15.1 0.0213881
      vertex -29.5 70.9 0.0213881
      vertex -29.1961 70.9149 0.0213881
    endloop
  endfacet
  facet normal 0 0 -1
    outer loop
      vertex -29.8039 15.0851 0.0213881
      vertex -29.5 70.9 0.0213881
      vertex -29.5 15.1 0.0213881
    endloop
  endfacet
  facet normal 0 0 -1
    outer loop
      vertex -29.8039 15.0851 0.0213881
      vertex -29.8039 70.9149 0.0213881
      vertex -29.5 70.9 0.0213881
    endloop
  endfacet
  facet normal 0 0 -1
    outer loop
      vertex -30.1048 15.0404 0.0213881
      vertex -29.8039 70.9149 0.0213881
      vertex -29.8039 15.0851 0.0213881
    endloop
  endfacet
  facet normal 0 0 -1
    outer loop
      vertex -30.1048 15.0404 0.0213881
      vertex -30.1048 70.9596 0.0213881
      vertex -29.8039 70.9149 0.0213881
    endloop
  endfacet
  facet normal 0 0 -1
    outer loop
      vertex -30.3999 14.9665 0.0213881
      vertex -30.1048 70.9596 0.0213881
      vertex -30.1048 15.0404 0.0213881
    endloop
  endfacet
  facet normal 0 0 -1
    outer loop
      vertex -30.3999 14.9665 0.0213881
      vertex -30.3999 71.0335 0.0213881
      vertex -30.1048 70.9596 0.0213881
    endloop
  endfacet
  facet normal 0 0 -1
    outer loop
      vertex -30.6863 14.864 0.0213881
      vertex -30.3999 71.0335 0.0213881
      vertex -30.3999 14.9665 0.0213881
    endloop
  endfacet
  facet normal 0 0 -1
    outer loop
      vertex -30.6863 14.864 0.0213881
      vertex -30.6863 71.136 0.0213881
      vertex -30.3999 71.0335 0.0213881
    endloop
  endfacet
  facet normal 0 0 -1
    outer loop
      vertex -30.9613 14.734 0.0213881
      vertex -30.6863 71.136 0.0213881
      vertex -30.6863 14.864 0.0213881
    endloop
  endfacet
  facet normal 0 0 -1
    outer loop
      vertex -30.9613 14.734 0.0213881
      vertex -30.9613 71.266 0.0213881
      vertex -30.6863 71.136 0.0213881
    endloop
  endfacet
  facet normal 0 0 -1
    outer loop
      vertex -31.2223 14.5776 0.0213881
      vertex -30.9613 71.266 0.0213881
      vertex -30.9613 14.734 0.0213881
    endloop
  endfacet
  facet normal 0 0 -1
    outer loop
      vertex -31.2223 14.5776 0.0213881
      vertex -31.2223 71.4224 0.0213881
      vertex -30.9613 71.266 0.0213881
    endloop
  endfacet
  facet normal 0 0 -1
    outer loop
      vertex -31.4666 14.3963 0.0213881
      vertex -31.2223 71.4224 0.0213881
      vertex -31.2223 14.5776 0.0213881
    endloop
  endfacet
  facet normal 0 0 -1
    outer loop
      vertex -31.4666 14.3963 0.0213881
      vertex -31.4666 71.6037 0.0213881
      vertex -31.2223 71.4224 0.0213881
    endloop
  endfacet
  facet normal 0 0 -1
    outer loop
      vertex -31.692 14.192 0.0213881
      vertex -31.4666 71.6037 0.0213881
      vertex -31.4666 14.3963 0.0213881
    endloop
  endfacet
  facet normal 0 0 -1
    outer loop
      vertex -31.692 14.192 0.0213881
      vertex -31.692 71.808 0.0213881
      vertex -31.4666 71.6037 0.0213881
    endloop
  endfacet
  facet normal 0 0 -1
    outer loop
      vertex -31.8963 13.9666 0.0213881
      vertex -31.692 71.808 0.0213881
      vertex -31.692 14.192 0.0213881
    endloop
  endfacet
  facet normal 0 0 -1
    outer loop
      vertex -31.8963 13.9666 0.0213881
      vertex -31.8963 72.0334 0.0213881
      vertex -31.692 71.808 0.0213881
    endloop
  endfacet
  facet normal 0 0 -1
    outer loop
      vertex -32.0776 13.7223 0.0213881
      vertex -31.8963 72.0334 0.0213881
      vertex -31.8963 13.9666 0.0213881
    endloop
  endfacet
  facet normal 0 0 -1
    outer loop
      vertex -32.0776 13.7223 0.0213881
      vertex -32.0776 72.2777 0.0213881
      vertex -31.8963 72.0334 0.0213881
    endloop
  endfacet
  facet normal 0 0 -1
    outer loop
      vertex -32.234 13.4613 0.0213881
      vertex -32.0776 72.2777 0.0213881
      vertex -32.0776 13.7223 0.0213881
    endloop
  endfacet
  facet normal 0 0 -1
    outer loop
      vertex -32.234 13.4613 0.0213881
      vertex -32.234 72.5387 0.0213881
      vertex -32.0776 72.2777 0.0213881
    endloop
  endfacet
  facet normal 0 0 -1
    outer loop
      vertex -32.364 13.1863 0.0213881
      vertex -32.234 72.5387 0.0213881
      vertex -32.234 13.4613 0.0213881
    endloop
  endfacet
  facet normal 0 0 -1
    outer loop
      vertex -32.364 13.1863 0.0213881
      vertex -32.364 72.8137 0.0213881
      vertex -32.234 72.5387 0.0213881
    endloop
  endfacet
  facet normal 0 0 -1
    outer loop
      vertex -32.4665 12.8999 0.0213881
      vertex -32.364 72.8137 0.0213881
      vertex -32.364 13.1863 0.0213881
    endloop
  endfacet
  facet normal 0 0 -1
    outer loop
      vertex -32.4665 12.8999 0.0213881
      vertex -32.4665 73.1001 0.0213881
      vertex -32.364 72.8137 0.0213881
    endloop
  endfacet
  facet normal 0 0 -1
    outer loop
      vertex -32.5404 12.6048 0.0213881
      vertex -32.4665 73.1001 0.0213881
      vertex -32.4665 12.8999 0.0213881
    endloop
  endfacet
  facet normal 0 0 -1
    outer loop
      vertex -32.5404 12.6048 0.0213881
      vertex -32.5404 73.3952 0.0213881
      vertex -32.4665 73.1001 0.0213881
    endloop
  endfacet
  facet normal 0 0 -1
    outer loop
      vertex -33.8263 78.4834 0.0213881
      vertex -32.5404 12.6048 0.0213881
      vertex -32.5851 12.3039 0.0213881
    endloop
  endfacet
  facet normal 0 0 -1
    outer loop
      vertex -32.5404 12.6048 0.0213881
      vertex -33.8263 78.4834 0.0213881
      vertex -32.5404 73.3952 0.0213881
    endloop
  endfacet
  facet normal 0 0 -1
    outer loop
      vertex -33.8263 5.06149 0.0213881
      vertex -32.5851 12.3039 0.0213881
      vertex -32.6 12 0.0213881
    endloop
  endfacet
  facet normal 0 0 -1
    outer loop
      vertex -32.5404 73.3952 0.0213881
      vertex -33.8263 78.4834 0.0213881
      vertex -32.5851 73.6961 0.0213881
    endloop
  endfacet
  facet normal 0 0 -1
    outer loop
      vertex -26.4149 12.3039 0.0213881
      vertex -8.44415 2.17369 0.0213881
      vertex -26.4 12 0.0213881
    endloop
  endfacet
  facet normal 0 0 -1
    outer loop
      vertex -26.4149 74.3039 0.0213881
      vertex -8.44415 68.05 0.0213881
      vertex -26.4 74 0.0213881
    endloop
  endfacet
  facet normal 0 0 -1
    outer loop
      vertex -8.44415 68.05 0.0213881
      vertex -9.69396 116.952 0.0213881
      vertex -8.60844 117.985 0.0213881
    endloop
  endfacet
  facet normal 0 -0 -1
    outer loop
      vertex -9.47329 117.256 0.0213881
      vertex -8.60844 117.985 0.0213881
      vertex -9.69396 116.952 0.0213881
    endloop
  endfacet
  facet normal 0 0 -1
    outer loop
      vertex -8.60844 117.985 0.0213881
      vertex -9.01544 117.713 0.0213881
      vertex -8.8186 117.859 0.0213881
    endloop
  endfacet
  facet normal 0 0 -1
    outer loop
      vertex -8.60844 117.985 0.0213881
      vertex -9.47329 117.256 0.0213881
      vertex -9.01544 117.713 0.0213881
    endloop
  endfacet
  facet normal 0 0 -1
    outer loop
      vertex -9.01544 117.713 0.0213881
      vertex -9.47329 117.256 0.0213881
      vertex -9.08302 117.661 0.0213881
    endloop
  endfacet
  facet normal 0 0 -1
    outer loop
      vertex -9.08302 117.661 0.0213881
      vertex -9.47329 117.256 0.0213881
      vertex -9.2646 117.496 0.0213881
    endloop
  endfacet
  facet normal 0 0 -1
    outer loop
      vertex -26.4596 12.6048 0.0213881
      vertex -8.44415 2.17369 0.0213881
      vertex -26.4149 12.3039 0.0213881
    endloop
  endfacet
  facet normal 0 0 -1
    outer loop
      vertex -8.44415 2.17369 0.0213881
      vertex -26.4149 11.6961 0.0213881
      vertex -26.4 12 0.0213881
    endloop
  endfacet
  facet normal 0 0 -1
    outer loop
      vertex -8.44415 2.17369 0.0213881
      vertex -26.4596 11.3952 0.0213881
      vertex -26.4149 11.6961 0.0213881
    endloop
  endfacet
  facet normal 0 0 -1
    outer loop
      vertex -8.44415 2.17369 0.0213881
      vertex -26.5335 11.1001 0.0213881
      vertex -26.4596 11.3952 0.0213881
    endloop
  endfacet
  facet normal 0 0 -1
    outer loop
      vertex -8.44415 2.17369 0.0213881
      vertex -26.636 10.8137 0.0213881
      vertex -26.5335 11.1001 0.0213881
    endloop
  endfacet
  facet normal 0 0 -1
    outer loop
      vertex -8.44415 2.17369 0.0213881
      vertex -26.766 10.5387 0.0213881
      vertex -26.636 10.8137 0.0213881
    endloop
  endfacet
  facet normal 0 0 -1
    outer loop
      vertex -8.44415 2.17369 0.0213881
      vertex -26.9224 10.2777 0.0213881
      vertex -26.766 10.5387 0.0213881
    endloop
  endfacet
  facet normal 0 0 -1
    outer loop
      vertex -8.44415 2.17369 0.0213881
      vertex -27.1037 10.0334 0.0213881
      vertex -26.9224 10.2777 0.0213881
    endloop
  endfacet
  facet normal 0 0 -1
    outer loop
      vertex -8.44415 2.17369 0.0213881
      vertex -27.308 9.80797 0.0213881
      vertex -27.1037 10.0334 0.0213881
    endloop
  endfacet
  facet normal 0 0 -1
    outer loop
      vertex -30.9385 2.17369 0.0213881
      vertex -27.308 9.80797 0.0213881
      vertex -8.44415 2.17369 0.0213881
    endloop
  endfacet
  facet normal 0 0 -1
    outer loop
      vertex -27.308 9.80797 0.0213881
      vertex -30.9385 2.17369 0.0213881
      vertex -27.5334 9.60367 0.0213881
    endloop
  endfacet
  facet normal 0 0 -1
    outer loop
      vertex -27.5334 9.60367 0.0213881
      vertex -30.9385 2.17369 0.0213881
      vertex -27.7777 9.42244 0.0213881
    endloop
  endfacet
  facet normal 0 0 -1
    outer loop
      vertex -27.7777 9.42244 0.0213881
      vertex -30.9385 2.17369 0.0213881
      vertex -28.0387 9.26604 0.0213881
    endloop
  endfacet
  facet normal 0 0 -1
    outer loop
      vertex -28.0387 9.26604 0.0213881
      vertex -30.9385 2.17369 0.0213881
      vertex -28.3137 9.13597 0.0213881
    endloop
  endfacet
  facet normal 0 0 -1
    outer loop
      vertex -28.3137 9.13597 0.0213881
      vertex -30.9385 2.17369 0.0213881
      vertex -28.6001 9.03349 0.0213881
    endloop
  endfacet
  facet normal 0 0 -1
    outer loop
      vertex -28.6001 9.03349 0.0213881
      vertex -30.9385 2.17369 0.0213881
      vertex -28.8952 8.95957 0.0213881
    endloop
  endfacet
  facet normal 0 0 -1
    outer loop
      vertex -28.8952 8.95957 0.0213881
      vertex -30.9385 2.17369 0.0213881
      vertex -29.1961 8.91493 0.0213881
    endloop
  endfacet
  facet normal 0 0 -1
    outer loop
      vertex -29.1961 8.91493 0.0213881
      vertex -30.9385 2.17369 0.0213881
      vertex -29.5 8.9 0.0213881
    endloop
  endfacet
  facet normal -0 0 -1
    outer loop
      vertex -29.5 8.9 0.0213881
      vertex -30.9385 2.17369 0.0213881
      vertex -29.8039 8.91493 0.0213881
    endloop
  endfacet
  facet normal -0 0 -1
    outer loop
      vertex -29.8039 8.91493 0.0213881
      vertex -30.9385 2.17369 0.0213881
      vertex -30.1048 8.95957 0.0213881
    endloop
  endfacet
  facet normal 0 0 -1
    outer loop
      vertex -33.8263 5.06149 0.0213881
      vertex -30.1048 8.95957 0.0213881
      vertex -30.9385 2.17369 0.0213881
    endloop
  endfacet
  facet normal -0 0 -1
    outer loop
      vertex -30.1048 8.95957 0.0213881
      vertex -33.8263 5.06149 0.0213881
      vertex -30.3999 9.03349 0.0213881
    endloop
  endfacet
  facet normal -0 0 -1
    outer loop
      vertex -30.3999 9.03349 0.0213881
      vertex -33.8263 5.06149 0.0213881
      vertex -30.6863 9.13597 0.0213881
    endloop
  endfacet
  facet normal -0 0 -1
    outer loop
      vertex -30.6863 9.13597 0.0213881
      vertex -33.8263 5.06149 0.0213881
      vertex -30.9613 9.26604 0.0213881
    endloop
  endfacet
  facet normal 0 0 -1
    outer loop
      vertex -31.3293 2.19985 0.0213881
      vertex -30.9385 2.17369 0.0213881
      vertex -31.2448 2.18873 0.0213881
    endloop
  endfacet
  facet normal 0 0 -1
    outer loop
      vertex -30.9385 2.17369 0.0213881
      vertex -31.3293 2.19985 0.0213881
      vertex -33.8263 5.06149 0.0213881
    endloop
  endfacet
  facet normal -0 0 -1
    outer loop
      vertex -30.9613 9.26604 0.0213881
      vertex -33.8263 5.06149 0.0213881
      vertex -31.2223 9.42244 0.0213881
    endloop
  endfacet
  facet normal 0 0 -1
    outer loop
      vertex -32.0401 2.37792 0.0213881
      vertex -31.3293 2.19985 0.0213881
      vertex -31.5716 2.2358 0.0213881
    endloop
  endfacet
  facet normal -0 0 -1
    outer loop
      vertex -31.2223 9.42244 0.0213881
      vertex -33.8263 5.06149 0.0213881
      vertex -31.4666 9.60367 0.0213881
    endloop
  endfacet
  facet normal 0 0 -1
    outer loop
      vertex -32.0401 2.37792 0.0213881
      vertex -31.5716 2.2358 0.0213881
      vertex -31.8092 2.29532 0.0213881
    endloop
  endfacet
  facet normal -0 0 -1
    outer loop
      vertex -31.4666 9.60367 0.0213881
      vertex -33.8263 5.06149 0.0213881
      vertex -31.692 9.80797 0.0213881
    endloop
  endfacet
  facet normal 0 0 -1
    outer loop
      vertex -31.3293 2.19985 0.0213881
      vertex -32.0401 2.37792 0.0213881
      vertex -33.8002 4.67073 0.0213881
    endloop
  endfacet
  facet normal -0 0 -1
    outer loop
      vertex -31.692 9.80797 0.0213881
      vertex -33.8263 5.06149 0.0213881
      vertex -31.8963 10.0334 0.0213881
    endloop
  endfacet
  facet normal 0 0 -1
    outer loop
      vertex -33.8002 4.67073 0.0213881
      vertex -32.0401 2.37792 0.0213881
      vertex -32.1188 2.41052 0.0213881
    endloop
  endfacet
  facet normal -0 0 -1
    outer loop
      vertex -31.8963 10.0334 0.0213881
      vertex -33.8263 5.06149 0.0213881
      vertex -32.0776 10.2777 0.0213881
    endloop
  endfacet
  facet normal 0 0 -1
    outer loop
      vertex -32.7472 2.78721 0.0213881
      vertex -32.1188 2.41052 0.0213881
      vertex -32.3402 2.51525 0.0213881
    endloop
  endfacet
  facet normal -0 0 -1
    outer loop
      vertex -32.0776 10.2777 0.0213881
      vertex -33.8263 5.06149 0.0213881
      vertex -32.234 10.5387 0.0213881
    endloop
  endfacet
  facet normal -0 0 -1
    outer loop
      vertex -32.234 10.5387 0.0213881
      vertex -33.8263 5.06149 0.0213881
      vertex -32.364 10.8137 0.0213881
    endloop
  endfacet
  facet normal -0 0 -1
    outer loop
      vertex -32.364 10.8137 0.0213881
      vertex -33.8263 5.06149 0.0213881
      vertex -32.4665 11.1001 0.0213881
    endloop
  endfacet
  facet normal 0 0 -1
    outer loop
      vertex -32.7472 2.78721 0.0213881
      vertex -32.3402 2.51525 0.0213881
      vertex -32.5504 2.64122 0.0213881
    endloop
  endfacet
  facet normal -0 0 -1
    outer loop
      vertex -32.4665 11.1001 0.0213881
      vertex -33.8263 5.06149 0.0213881
      vertex -32.5404 11.3952 0.0213881
    endloop
  endfacet
  facet normal -0 0 -1
    outer loop
      vertex -32.5404 11.3952 0.0213881
      vertex -33.8263 5.06149 0.0213881
      vertex -32.5851 11.6961 0.0213881
    endloop
  endfacet
  facet normal 0 0 -1
    outer loop
      vertex -32.5851 73.6961 0.0213881
      vertex -33.8263 78.4834 0.0213881
      vertex -32.6 74 0.0213881
    endloop
  endfacet
  facet normal 0 0 -1
    outer loop
      vertex -32.1188 2.41052 0.0213881
      vertex -32.7472 2.78721 0.0213881
      vertex -33.8002 4.67073 0.0213881
    endloop
  endfacet
  facet normal -0 0 -1
    outer loop
      vertex -32.5851 11.6961 0.0213881
      vertex -33.8263 5.06149 0.0213881
      vertex -32.6 12 0.0213881
    endloop
  endfacet
  facet normal 0 -0 -1
    outer loop
      vertex -32.9695 80.6963 0.0213881
      vertex -32.6 74 0.0213881
      vertex -33.8263 78.4834 0.0213881
    endloop
  endfacet
  facet normal 0 0 -1
    outer loop
      vertex -32.9964 3.00362 0.0213881
      vertex -32.7472 2.78721 0.0213881
      vertex -32.8148 2.83907 0.0213881
    endloop
  endfacet
  facet normal 0 0 -1
    outer loop
      vertex -32.6 74 0.0213881
      vertex -32.7853 80.9833 0.0213881
      vertex -32.6261 81.2312 0.0213881
    endloop
  endfacet
  facet normal 0 0 -1
    outer loop
      vertex -32.6 74 0.0213881
      vertex -32.9002 80.8043 0.0213881
      vertex -32.7853 80.9833 0.0213881
    endloop
  endfacet
  facet normal 0 0 -1
    outer loop
      vertex -32.6 74 0.0213881
      vertex -32.9695 80.6963 0.0213881
      vertex -32.9002 80.8043 0.0213881
    endloop
  endfacet
  facet normal 0 0 -1
    outer loop
      vertex -32.7472 2.78721 0.0213881
      vertex -32.9964 3.00362 0.0213881
      vertex -33.2128 3.25278 0.0213881
    endloop
  endfacet
  facet normal 0 0 -1
    outer loop
      vertex -33.2128 3.25278 0.0213881
      vertex -32.9964 3.00362 0.0213881
      vertex -33.1609 3.1852 0.0213881
    endloop
  endfacet
  facet normal 0 0 -1
    outer loop
      vertex -32.7472 2.78721 0.0213881
      vertex -33.2128 3.25278 0.0213881
      vertex -33.8002 4.67073 0.0213881
    endloop
  endfacet
  facet normal -0 0 -1
    outer loop
      vertex -32.5851 12.3039 0.0213881
      vertex -33.8263 5.06149 0.0213881
      vertex -33.8263 78.4834 0.0213881
    endloop
  endfacet
  facet normal 0 0 -1
    outer loop
      vertex -33.5895 3.88123 0.0213881
      vertex -33.2128 3.25278 0.0213881
      vertex -33.3588 3.44962 0.0213881
    endloop
  endfacet
  facet normal 0 0 -1
    outer loop
      vertex -33.5895 3.88123 0.0213881
      vertex -33.3588 3.44962 0.0213881
      vertex -33.4847 3.65978 0.0213881
    endloop
  endfacet
  facet normal 0 0 -1
    outer loop
      vertex -32.9695 80.6963 0.0213881
      vertex -33.8263 78.4834 0.0213881
      vertex -32.9908 80.6632 0.0213881
    endloop
  endfacet
  facet normal 0 0 -1
    outer loop
      vertex -33.2128 3.25278 0.0213881
      vertex -33.5895 3.88123 0.0213881
      vertex -33.8002 4.67073 0.0213881
    endloop
  endfacet
  facet normal 0 0 -1
    outer loop
      vertex -32.9908 80.6632 0.0213881
      vertex -33.8263 78.4834 0.0213881
      vertex -33.3532 80.0986 0.0213881
    endloop
  endfacet
  facet normal 0 0 -1
    outer loop
      vertex -33.8002 4.67073 0.0213881
      vertex -33.5895 3.88123 0.0213881
      vertex -33.6221 3.95993 0.0213881
    endloop
  endfacet
  facet normal 0 0 -1
    outer loop
      vertex -33.3532 80.0986 0.0213881
      vertex -33.8263 78.4834 0.0213881
      vertex -33.506 79.8327 0.0213881
    endloop
  endfacet
  facet normal 0 0 -1
    outer loop
      vertex -33.8002 4.67073 0.0213881
      vertex -33.6221 3.95993 0.0213881
      vertex -33.7047 4.19078 0.0213881
    endloop
  endfacet
  facet normal 0 0 -1
    outer loop
      vertex -33.506 79.8327 0.0213881
      vertex -33.8263 78.4834 0.0213881
      vertex -33.6066 79.6094 0.0213881
    endloop
  endfacet
  facet normal 0 0 -1
    outer loop
      vertex -33.8002 4.67073 0.0213881
      vertex -33.7047 4.19078 0.0213881
      vertex -33.7642 4.42839 0.0213881
    endloop
  endfacet
  facet normal 0 -0 -1
    outer loop
      vertex -33.7839 78.9753 0.0213881
      vertex -33.6066 79.6094 0.0213881
      vertex -33.8263 78.4834 0.0213881
    endloop
  endfacet
  facet normal 0 0 -1
    outer loop
      vertex -33.6392 79.5307 0.0213881
      vertex -33.7839 78.9753 0.0213881
      vertex -33.7175 79.2986 0.0213881
    endloop
  endfacet
  facet normal 0 0 -1
    outer loop
      vertex -31.3293 2.19985 0.0213881
      vertex -33.8002 4.67073 0.0213881
      vertex -33.8263 5.06149 0.0213881
    endloop
  endfacet
  facet normal 0 0 -1
    outer loop
      vertex -33.8263 5.06149 0.0213881
      vertex -33.8002 4.67073 0.0213881
      vertex -33.8113 4.75519 0.0213881
    endloop
  endfacet
  facet normal 0 0 -1
    outer loop
      vertex -33.6066 79.6094 0.0213881
      vertex -33.7839 78.9753 0.0213881
      vertex -33.6392 79.5307 0.0213881
    endloop
  endfacet
  facet normal 0 0 -1
    outer loop
      vertex -33.7175 79.2986 0.0213881
      vertex -33.7839 78.9753 0.0213881
      vertex -33.7727 79.0598 0.0213881
    endloop
  endfacet
  facet normal 0 0 -1
    outer loop
      vertex -33.7839 78.9753 0.0213881
      vertex -33.8263 78.4834 0.0213881
      vertex -33.8168 78.721 0.0213881
    endloop
  endfacet
  facet normal 0 0 -1
    outer loop
      vertex -8.44415 68.05 0.0213881
      vertex -3 105.811 0.0213881
      vertex -3 68.05 0.0213881
    endloop
  endfacet
  facet normal -0 0 -1
    outer loop
      vertex -3 105.811 0.0213881
      vertex -8.44415 68.05 0.0213881
      vertex -3.33342 106.011 0.0213881
    endloop
  endfacet
  facet normal -0 0 -1
    outer loop
      vertex -3.33342 106.011 0.0213881
      vertex -8.44415 68.05 0.0213881
      vertex -3.80636 106.362 0.0213881
    endloop
  endfacet
  facet normal -0 0 -1
    outer loop
      vertex -3.80636 106.362 0.0213881
      vertex -8.44415 68.05 0.0213881
      vertex -4.24264 106.757 0.0213881
    endloop
  endfacet
  facet normal -0 0 -1
    outer loop
      vertex -4.24264 106.757 0.0213881
      vertex -8.44415 68.05 0.0213881
      vertex -4.63806 107.194 0.0213881
    endloop
  endfacet
  facet normal -0 0 -1
    outer loop
      vertex -4.63806 107.194 0.0213881
      vertex -8.44415 68.05 0.0213881
      vertex -4.98882 107.667 0.0213881
    endloop
  endfacet
  facet normal -0 0 -1
    outer loop
      vertex -4.98882 107.667 0.0213881
      vertex -8.44415 68.05 0.0213881
      vertex -5.29153 108.172 0.0213881
    endloop
  endfacet
  facet normal -0 0 -1
    outer loop
      vertex -5.29153 108.172 0.0213881
      vertex -8.44415 68.05 0.0213881
      vertex -5.54328 108.704 0.0213881
    endloop
  endfacet
  facet normal -0 0 -1
    outer loop
      vertex -5.54328 108.704 0.0213881
      vertex -8.44415 68.05 0.0213881
      vertex -5.74164 109.258 0.0213881
    endloop
  endfacet
  facet normal -0 0 -1
    outer loop
      vertex -5.74164 109.258 0.0213881
      vertex -8.44415 68.05 0.0213881
      vertex -5.88471 109.829 0.0213881
    endloop
  endfacet
  facet normal 0 0 -1
    outer loop
      vertex -8.60844 117.985 0.0213881
      vertex -6 111 0.0213881
      vertex -5.97111 110.412 0.0213881
    endloop
  endfacet
  facet normal 0 0 -1
    outer loop
      vertex -8.60844 117.985 0.0213881
      vertex -5.88471 109.829 0.0213881
      vertex -8.44415 68.05 0.0213881
    endloop
  endfacet
  facet normal 0 0 -1
    outer loop
      vertex -6 111 0.0213881
      vertex -8.60844 117.985 0.0213881
      vertex -7.20673 118.326 0.0213881
    endloop
  endfacet
  facet normal 0 -0 -1
    outer loop
      vertex -7.59749 118.3 0.0213881
      vertex -7.20673 118.326 0.0213881
      vertex -8.60844 117.985 0.0213881
    endloop
  endfacet
  facet normal 0 0 -1
    outer loop
      vertex -7.20673 118.326 0.0213881
      vertex -7.59749 118.3 0.0213881
      vertex -7.51303 118.311 0.0213881
    endloop
  endfacet
  facet normal 0 -0 -1
    outer loop
      vertex -8.30829 118.122 0.0213881
      vertex -7.59749 118.3 0.0213881
      vertex -8.60844 117.985 0.0213881
    endloop
  endfacet
  facet normal 0 0 -1
    outer loop
      vertex -7.59749 118.3 0.0213881
      vertex -8.30829 118.122 0.0213881
      vertex -7.83983 118.264 0.0213881
    endloop
  endfacet
  facet normal 0 0 -1
    outer loop
      vertex -7.83983 118.264 0.0213881
      vertex -8.30829 118.122 0.0213881
      vertex -8.07744 118.205 0.0213881
    endloop
  endfacet
  facet normal 0 0 -1
    outer loop
      vertex -5.88471 109.829 0.0213881
      vertex -8.60844 117.985 0.0213881
      vertex -5.97111 110.412 0.0213881
    endloop
  endfacet
  facet normal 0 0 -1
    outer loop
      vertex -8.30829 118.122 0.0213881
      vertex -8.60844 117.985 0.0213881
      vertex -8.38699 118.089 0.0213881
    endloop
  endfacet
  facet normal 0 0 -1
    outer loop
      vertex 32.5404 12.6048 0.0213881
      vertex 33.8263 77.9385 0.0213881
      vertex 32.5851 12.3039 0.0213881
    endloop
  endfacet
  facet normal 0 0 -1
    outer loop
      vertex 33.8263 77.9385 0.0213881
      vertex 32.5851 73.6961 0.0213881
      vertex 32.6 74 0.0213881
    endloop
  endfacet
  facet normal 0 0 -1
    outer loop
      vertex 32.5404 73.3952 0.0213881
      vertex 33.8263 77.9385 0.0213881
      vertex 32.5404 12.6048 0.0213881
    endloop
  endfacet
  facet normal 0 0 -1
    outer loop
      vertex 33.8263 77.9385 0.0213881
      vertex 32.5404 73.3952 0.0213881
      vertex 32.5851 73.6961 0.0213881
    endloop
  endfacet
  facet normal 0 0 -1
    outer loop
      vertex 32.4665 12.8999 0.0213881
      vertex 32.5404 73.3952 0.0213881
      vertex 32.5404 12.6048 0.0213881
    endloop
  endfacet
  facet normal 0 0 -1
    outer loop
      vertex 32.4665 12.8999 0.0213881
      vertex 32.4665 73.1001 0.0213881
      vertex 32.5404 73.3952 0.0213881
    endloop
  endfacet
  facet normal 0 0 -1
    outer loop
      vertex 32.364 13.1863 0.0213881
      vertex 32.4665 73.1001 0.0213881
      vertex 32.4665 12.8999 0.0213881
    endloop
  endfacet
  facet normal 0 0 -1
    outer loop
      vertex 32.364 13.1863 0.0213881
      vertex 32.364 72.8137 0.0213881
      vertex 32.4665 73.1001 0.0213881
    endloop
  endfacet
  facet normal 0 0 -1
    outer loop
      vertex 32.234 13.4613 0.0213881
      vertex 32.364 72.8137 0.0213881
      vertex 32.364 13.1863 0.0213881
    endloop
  endfacet
  facet normal 0 0 -1
    outer loop
      vertex 32.234 13.4613 0.0213881
      vertex 32.234 72.5387 0.0213881
      vertex 32.364 72.8137 0.0213881
    endloop
  endfacet
  facet normal 0 0 -1
    outer loop
      vertex 32.0776 13.7223 0.0213881
      vertex 32.234 72.5387 0.0213881
      vertex 32.234 13.4613 0.0213881
    endloop
  endfacet
  facet normal 0 0 -1
    outer loop
      vertex 32.0776 13.7223 0.0213881
      vertex 32.0776 72.2777 0.0213881
      vertex 32.234 72.5387 0.0213881
    endloop
  endfacet
  facet normal 0 0 -1
    outer loop
      vertex 31.8963 13.9666 0.0213881
      vertex 32.0776 72.2777 0.0213881
      vertex 32.0776 13.7223 0.0213881
    endloop
  endfacet
  facet normal 0 0 -1
    outer loop
      vertex 31.8963 13.9666 0.0213881
      vertex 31.8963 72.0334 0.0213881
      vertex 32.0776 72.2777 0.0213881
    endloop
  endfacet
  facet normal 0 0 -1
    outer loop
      vertex 31.692 14.192 0.0213881
      vertex 31.8963 72.0334 0.0213881
      vertex 31.8963 13.9666 0.0213881
    endloop
  endfacet
  facet normal 0 0 -1
    outer loop
      vertex 31.692 14.192 0.0213881
      vertex 31.692 71.808 0.0213881
      vertex 31.8963 72.0334 0.0213881
    endloop
  endfacet
  facet normal 0 0 -1
    outer loop
      vertex 31.4666 14.3963 0.0213881
      vertex 31.692 71.808 0.0213881
      vertex 31.692 14.192 0.0213881
    endloop
  endfacet
  facet normal 0 0 -1
    outer loop
      vertex 31.4666 14.3963 0.0213881
      vertex 31.4666 71.6037 0.0213881
      vertex 31.692 71.808 0.0213881
    endloop
  endfacet
  facet normal 0 0 -1
    outer loop
      vertex 31.2223 14.5776 0.0213881
      vertex 31.4666 71.6037 0.0213881
      vertex 31.4666 14.3963 0.0213881
    endloop
  endfacet
  facet normal 0 0 -1
    outer loop
      vertex 31.2223 14.5776 0.0213881
      vertex 31.2223 71.4224 0.0213881
      vertex 31.4666 71.6037 0.0213881
    endloop
  endfacet
  facet normal 0 0 -1
    outer loop
      vertex 30.9613 14.734 0.0213881
      vertex 31.2223 71.4224 0.0213881
      vertex 31.2223 14.5776 0.0213881
    endloop
  endfacet
  facet normal 0 0 -1
    outer loop
      vertex 30.9613 14.734 0.0213881
      vertex 30.9613 71.266 0.0213881
      vertex 31.2223 71.4224 0.0213881
    endloop
  endfacet
  facet normal 0 0 -1
    outer loop
      vertex 30.6863 14.864 0.0213881
      vertex 30.9613 71.266 0.0213881
      vertex 30.9613 14.734 0.0213881
    endloop
  endfacet
  facet normal 0 0 -1
    outer loop
      vertex 30.6863 14.864 0.0213881
      vertex 30.6863 71.136 0.0213881
      vertex 30.9613 71.266 0.0213881
    endloop
  endfacet
  facet normal 0 0 -1
    outer loop
      vertex 30.3999 14.9665 0.0213881
      vertex 30.6863 71.136 0.0213881
      vertex 30.6863 14.864 0.0213881
    endloop
  endfacet
  facet normal 0 0 -1
    outer loop
      vertex 30.3999 14.9665 0.0213881
      vertex 30.3999 71.0335 0.0213881
      vertex 30.6863 71.136 0.0213881
    endloop
  endfacet
  facet normal 0 0 -1
    outer loop
      vertex 30.1048 15.0404 0.0213881
      vertex 30.3999 71.0335 0.0213881
      vertex 30.3999 14.9665 0.0213881
    endloop
  endfacet
  facet normal 0 0 -1
    outer loop
      vertex 30.1048 15.0404 0.0213881
      vertex 30.1048 70.9596 0.0213881
      vertex 30.3999 71.0335 0.0213881
    endloop
  endfacet
  facet normal 0 0 -1
    outer loop
      vertex 29.8039 15.0851 0.0213881
      vertex 30.1048 70.9596 0.0213881
      vertex 30.1048 15.0404 0.0213881
    endloop
  endfacet
  facet normal 0 0 -1
    outer loop
      vertex 29.8039 15.0851 0.0213881
      vertex 29.8039 70.9149 0.0213881
      vertex 30.1048 70.9596 0.0213881
    endloop
  endfacet
  facet normal 0 0 -1
    outer loop
      vertex 29.5 15.1 0.0213881
      vertex 29.8039 70.9149 0.0213881
      vertex 29.8039 15.0851 0.0213881
    endloop
  endfacet
  facet normal 0 0 -1
    outer loop
      vertex 29.5 15.1 0.0213881
      vertex 29.5 70.9 0.0213881
      vertex 29.8039 70.9149 0.0213881
    endloop
  endfacet
  facet normal 0 0 -1
    outer loop
      vertex 29.1961 15.0851 0.0213881
      vertex 29.5 70.9 0.0213881
      vertex 29.5 15.1 0.0213881
    endloop
  endfacet
  facet normal 0 0 -1
    outer loop
      vertex 29.1961 15.0851 0.0213881
      vertex 29.1961 70.9149 0.0213881
      vertex 29.5 70.9 0.0213881
    endloop
  endfacet
  facet normal 0 0 -1
    outer loop
      vertex 28.8952 15.0404 0.0213881
      vertex 29.1961 70.9149 0.0213881
      vertex 29.1961 15.0851 0.0213881
    endloop
  endfacet
  facet normal 0 0 -1
    outer loop
      vertex 28.8952 15.0404 0.0213881
      vertex 28.8952 70.9596 0.0213881
      vertex 29.1961 70.9149 0.0213881
    endloop
  endfacet
  facet normal 0 0 -1
    outer loop
      vertex 8.44415 68.05 0.0213881
      vertex 28.8952 15.0404 0.0213881
      vertex 28.6001 14.9665 0.0213881
    endloop
  endfacet
  facet normal 0 0 -1
    outer loop
      vertex 28.8952 15.0404 0.0213881
      vertex 8.44415 68.05 0.0213881
      vertex 28.8952 70.9596 0.0213881
    endloop
  endfacet
  facet normal 0 0 -1
    outer loop
      vertex 8.44415 68.05 0.0213881
      vertex 28.6001 14.9665 0.0213881
      vertex 28.3137 14.864 0.0213881
    endloop
  endfacet
  facet normal -0 0 -1
    outer loop
      vertex 28.8952 70.9596 0.0213881
      vertex 8.44415 68.05 0.0213881
      vertex 28.6001 71.0335 0.0213881
    endloop
  endfacet
  facet normal 0 0 -1
    outer loop
      vertex 8.44415 68.05 0.0213881
      vertex 28.3137 14.864 0.0213881
      vertex 28.0387 14.734 0.0213881
    endloop
  endfacet
  facet normal -0 0 -1
    outer loop
      vertex 28.6001 71.0335 0.0213881
      vertex 8.44415 68.05 0.0213881
      vertex 28.3137 71.136 0.0213881
    endloop
  endfacet
  facet normal 0 0 -1
    outer loop
      vertex 8.44415 68.05 0.0213881
      vertex 28.0387 14.734 0.0213881
      vertex 27.7777 14.5776 0.0213881
    endloop
  endfacet
  facet normal -0 0 -1
    outer loop
      vertex 28.3137 71.136 0.0213881
      vertex 8.44415 68.05 0.0213881
      vertex 28.0387 71.266 0.0213881
    endloop
  endfacet
  facet normal 0 0 -1
    outer loop
      vertex 8.44415 68.05 0.0213881
      vertex 27.7777 14.5776 0.0213881
      vertex 27.5334 14.3963 0.0213881
    endloop
  endfacet
  facet normal -0 0 -1
    outer loop
      vertex 28.0387 71.266 0.0213881
      vertex 8.44415 68.05 0.0213881
      vertex 27.7777 71.4224 0.0213881
    endloop
  endfacet
  facet normal 0 0 -1
    outer loop
      vertex 8.44415 68.05 0.0213881
      vertex 27.5334 14.3963 0.0213881
      vertex 27.308 14.192 0.0213881
    endloop
  endfacet
  facet normal -0 0 -1
    outer loop
      vertex 27.7777 71.4224 0.0213881
      vertex 8.44415 68.05 0.0213881
      vertex 27.5334 71.6037 0.0213881
    endloop
  endfacet
  facet normal 0 0 -1
    outer loop
      vertex 8.44415 68.05 0.0213881
      vertex 27.308 14.192 0.0213881
      vertex 27.1037 13.9666 0.0213881
    endloop
  endfacet
  facet normal -0 0 -1
    outer loop
      vertex 27.5334 71.6037 0.0213881
      vertex 8.44415 68.05 0.0213881
      vertex 27.308 71.808 0.0213881
    endloop
  endfacet
  facet normal 0 0 -1
    outer loop
      vertex 8.44415 2.17369 0.0213881
      vertex 27.1037 13.9666 0.0213881
      vertex 26.9224 13.7223 0.0213881
    endloop
  endfacet
  facet normal -0 0 -1
    outer loop
      vertex 27.308 71.808 0.0213881
      vertex 8.44415 68.05 0.0213881
      vertex 27.1037 72.0334 0.0213881
    endloop
  endfacet
  facet normal 0 0 -1
    outer loop
      vertex 8.44415 2.17369 0.0213881
      vertex 26.9224 13.7223 0.0213881
      vertex 26.766 13.4613 0.0213881
    endloop
  endfacet
  facet normal -0 0 -1
    outer loop
      vertex 27.1037 72.0334 0.0213881
      vertex 8.44415 68.05 0.0213881
      vertex 26.9224 72.2777 0.0213881
    endloop
  endfacet
  facet normal 0 0 -1
    outer loop
      vertex 8.44415 2.17369 0.0213881
      vertex 26.766 13.4613 0.0213881
      vertex 26.636 13.1863 0.0213881
    endloop
  endfacet
  facet normal -0 0 -1
    outer loop
      vertex 26.9224 72.2777 0.0213881
      vertex 8.44415 68.05 0.0213881
      vertex 26.766 72.5387 0.0213881
    endloop
  endfacet
  facet normal 0 0 -1
    outer loop
      vertex 8.44415 2.17369 0.0213881
      vertex 26.636 13.1863 0.0213881
      vertex 26.5335 12.8999 0.0213881
    endloop
  endfacet
  facet normal -0 0 -1
    outer loop
      vertex 26.766 72.5387 0.0213881
      vertex 8.44415 68.05 0.0213881
      vertex 26.636 72.8137 0.0213881
    endloop
  endfacet
  facet normal 0 0 -1
    outer loop
      vertex 8.44415 2.17369 0.0213881
      vertex 26.5335 12.8999 0.0213881
      vertex 26.4596 12.6048 0.0213881
    endloop
  endfacet
  facet normal -0 0 -1
    outer loop
      vertex 26.636 72.8137 0.0213881
      vertex 8.44415 68.05 0.0213881
      vertex 26.5335 73.1001 0.0213881
    endloop
  endfacet
  facet normal 0 0 -1
    outer loop
      vertex 8.44415 2.17369 0.0213881
      vertex 26.4596 12.6048 0.0213881
      vertex 26.4149 12.3039 0.0213881
    endloop
  endfacet
  facet normal -0 0 -1
    outer loop
      vertex 26.5335 73.1001 0.0213881
      vertex 8.44415 68.05 0.0213881
      vertex 26.4596 73.3952 0.0213881
    endloop
  endfacet
  facet normal 0 0 -1
    outer loop
      vertex 8.44415 2.17369 0.0213881
      vertex 26.4149 12.3039 0.0213881
      vertex 26.4 12 0.0213881
    endloop
  endfacet
  facet normal -0 0 -1
    outer loop
      vertex 26.4596 73.3952 0.0213881
      vertex 8.44415 68.05 0.0213881
      vertex 26.4149 73.6961 0.0213881
    endloop
  endfacet
  facet normal 0 0 -1
    outer loop
      vertex 33.8002 4.67073 0.0213881
      vertex 33.8263 5.06149 0.0213881
      vertex 33.8113 4.75519 0.0213881
    endloop
  endfacet
  facet normal 0 0 -1
    outer loop
      vertex 32.5851 12.3039 0.0213881
      vertex 33.8263 5.06149 0.0213881
      vertex 32.6 12 0.0213881
    endloop
  endfacet
  facet normal 0 0 -1
    outer loop
      vertex 33.8263 5.06149 0.0213881
      vertex 33.8002 4.67073 0.0213881
      vertex 30.9385 2.17369 0.0213881
    endloop
  endfacet
  facet normal 0 0 -1
    outer loop
      vertex 33.8263 5.06149 0.0213881
      vertex 32.5851 12.3039 0.0213881
      vertex 33.8263 77.9385 0.0213881
    endloop
  endfacet
  facet normal 0 0 -1
    outer loop
      vertex 33.6221 3.95993 0.0213881
      vertex 33.8002 4.67073 0.0213881
      vertex 33.7642 4.42839 0.0213881
    endloop
  endfacet
  facet normal 0 0 -1
    outer loop
      vertex 32.5851 74.3039 0.0213881
      vertex 33.8263 77.9385 0.0213881
      vertex 32.6 74 0.0213881
    endloop
  endfacet
  facet normal 0 0 -1
    outer loop
      vertex 33.6221 3.95993 0.0213881
      vertex 33.7642 4.42839 0.0213881
      vertex 33.7047 4.19078 0.0213881
    endloop
  endfacet
  facet normal 0 0 -1
    outer loop
      vertex 32.5404 74.6048 0.0213881
      vertex 33.8263 77.9385 0.0213881
      vertex 32.5851 74.3039 0.0213881
    endloop
  endfacet
  facet normal 0 0 -1
    outer loop
      vertex 33.8002 4.67073 0.0213881
      vertex 33.6221 3.95993 0.0213881
      vertex 31.3293 2.19985 0.0213881
    endloop
  endfacet
  facet normal 0 0 -1
    outer loop
      vertex 32.4665 74.8999 0.0213881
      vertex 33.8263 77.9385 0.0213881
      vertex 32.5404 74.6048 0.0213881
    endloop
  endfacet
  facet normal 0 0 -1
    outer loop
      vertex 31.3293 2.19985 0.0213881
      vertex 33.6221 3.95993 0.0213881
      vertex 33.5895 3.88123 0.0213881
    endloop
  endfacet
  facet normal 0 0 -1
    outer loop
      vertex 32.364 75.1863 0.0213881
      vertex 33.8263 77.9385 0.0213881
      vertex 32.4665 74.8999 0.0213881
    endloop
  endfacet
  facet normal 0 0 -1
    outer loop
      vertex 33.2128 3.25278 0.0213881
      vertex 33.5895 3.88123 0.0213881
      vertex 33.4847 3.65978 0.0213881
    endloop
  endfacet
  facet normal 0 0 -1
    outer loop
      vertex 32.234 75.4613 0.0213881
      vertex 33.8263 77.9385 0.0213881
      vertex 32.364 75.1863 0.0213881
    endloop
  endfacet
  facet normal 0 0 -1
    outer loop
      vertex 33.2128 3.25278 0.0213881
      vertex 33.4847 3.65978 0.0213881
      vertex 33.3588 3.44962 0.0213881
    endloop
  endfacet
  facet normal 0 0 -1
    outer loop
      vertex 32.0776 75.7223 0.0213881
      vertex 33.8263 77.9385 0.0213881
      vertex 32.234 75.4613 0.0213881
    endloop
  endfacet
  facet normal 0 0 -1
    outer loop
      vertex 33.5895 3.88123 0.0213881
      vertex 33.2128 3.25278 0.0213881
      vertex 31.3293 2.19985 0.0213881
    endloop
  endfacet
  facet normal 0 0 -1
    outer loop
      vertex 31.8963 75.9666 0.0213881
      vertex 33.8263 77.9385 0.0213881
      vertex 32.0776 75.7223 0.0213881
    endloop
  endfacet
  facet normal 0 0 -1
    outer loop
      vertex 32.9964 3.00362 0.0213881
      vertex 33.2128 3.25278 0.0213881
      vertex 33.1609 3.1852 0.0213881
    endloop
  endfacet
  facet normal 0 0 -1
    outer loop
      vertex 31.692 76.192 0.0213881
      vertex 33.8263 77.9385 0.0213881
      vertex 31.8963 75.9666 0.0213881
    endloop
  endfacet
  facet normal 0 0 -1
    outer loop
      vertex 33.2128 3.25278 0.0213881
      vertex 32.9964 3.00362 0.0213881
      vertex 32.7472 2.78721 0.0213881
    endloop
  endfacet
  facet normal 0 0 -1
    outer loop
      vertex 31.4666 76.3963 0.0213881
      vertex 33.8263 77.9385 0.0213881
      vertex 31.692 76.192 0.0213881
    endloop
  endfacet
  facet normal 0 0 -1
    outer loop
      vertex 32.7472 2.78721 0.0213881
      vertex 32.9964 3.00362 0.0213881
      vertex 32.8148 2.83907 0.0213881
    endloop
  endfacet
  facet normal 0 0 -1
    outer loop
      vertex 31.2223 76.5776 0.0213881
      vertex 33.8263 77.9385 0.0213881
      vertex 31.4666 76.3963 0.0213881
    endloop
  endfacet
  facet normal 0 0 -1
    outer loop
      vertex 33.2128 3.25278 0.0213881
      vertex 32.7472 2.78721 0.0213881
      vertex 31.3293 2.19985 0.0213881
    endloop
  endfacet
  facet normal -0 0 -1
    outer loop
      vertex 33.8263 77.9385 0.0213881
      vertex 31.2223 76.5776 0.0213881
      vertex 33.8113 78.2448 0.0213881
    endloop
  endfacet
  facet normal -0 0 -1
    outer loop
      vertex 33.8113 78.2448 0.0213881
      vertex 31.2223 76.5776 0.0213881
      vertex 33.8002 78.3293 0.0213881
    endloop
  endfacet
  facet normal 0 0 -1
    outer loop
      vertex 33.8263 5.06149 0.0213881
      vertex 32.5851 11.6961 0.0213881
      vertex 32.6 12 0.0213881
    endloop
  endfacet
  facet normal 0 0 -1
    outer loop
      vertex 32.1188 2.41052 0.0213881
      vertex 32.7472 2.78721 0.0213881
      vertex 32.5504 2.64122 0.0213881
    endloop
  endfacet
  facet normal 0 0 -1
    outer loop
      vertex 33.8263 5.06149 0.0213881
      vertex 32.5404 11.3952 0.0213881
      vertex 32.5851 11.6961 0.0213881
    endloop
  endfacet
  facet normal 0 0 -1
    outer loop
      vertex 33.8263 5.06149 0.0213881
      vertex 32.4665 11.1001 0.0213881
      vertex 32.5404 11.3952 0.0213881
    endloop
  endfacet
  facet normal 0 0 -1
    outer loop
      vertex 33.8263 5.06149 0.0213881
      vertex 32.364 10.8137 0.0213881
      vertex 32.4665 11.1001 0.0213881
    endloop
  endfacet
  facet normal 0 0 -1
    outer loop
      vertex 32.1188 2.41052 0.0213881
      vertex 32.5504 2.64122 0.0213881
      vertex 32.3402 2.51525 0.0213881
    endloop
  endfacet
  facet normal 0 0 -1
    outer loop
      vertex 33.8263 5.06149 0.0213881
      vertex 32.234 10.5387 0.0213881
      vertex 32.364 10.8137 0.0213881
    endloop
  endfacet
  facet normal 0 0 -1
    outer loop
      vertex 32.7472 2.78721 0.0213881
      vertex 32.1188 2.41052 0.0213881
      vertex 31.3293 2.19985 0.0213881
    endloop
  endfacet
  facet normal 0 0 -1
    outer loop
      vertex 33.8263 5.06149 0.0213881
      vertex 32.0776 10.2777 0.0213881
      vertex 32.234 10.5387 0.0213881
    endloop
  endfacet
  facet normal 0 0 -1
    outer loop
      vertex 31.3293 2.19985 0.0213881
      vertex 32.1188 2.41052 0.0213881
      vertex 32.0401 2.37792 0.0213881
    endloop
  endfacet
  facet normal 0 0 -1
    outer loop
      vertex 33.8263 5.06149 0.0213881
      vertex 31.8963 10.0334 0.0213881
      vertex 32.0776 10.2777 0.0213881
    endloop
  endfacet
  facet normal 0 0 -1
    outer loop
      vertex 31.3293 2.19985 0.0213881
      vertex 32.0401 2.37792 0.0213881
      vertex 31.8092 2.29532 0.0213881
    endloop
  endfacet
  facet normal 0 0 -1
    outer loop
      vertex 33.8263 5.06149 0.0213881
      vertex 31.692 9.80797 0.0213881
      vertex 31.8963 10.0334 0.0213881
    endloop
  endfacet
  facet normal 0 0 -1
    outer loop
      vertex 31.3293 2.19985 0.0213881
      vertex 31.8092 2.29532 0.0213881
      vertex 31.5716 2.2358 0.0213881
    endloop
  endfacet
  facet normal 0 0 -1
    outer loop
      vertex 33.8263 5.06149 0.0213881
      vertex 31.4666 9.60367 0.0213881
      vertex 31.692 9.80797 0.0213881
    endloop
  endfacet
  facet normal 0 0 -1
    outer loop
      vertex 33.8002 4.67073 0.0213881
      vertex 31.3293 2.19985 0.0213881
      vertex 30.9385 2.17369 0.0213881
    endloop
  endfacet
  facet normal 0 0 -1
    outer loop
      vertex 30.9385 2.17369 0.0213881
      vertex 31.3293 2.19985 0.0213881
      vertex 31.2448 2.18873 0.0213881
    endloop
  endfacet
  facet normal 0 0 -1
    outer loop
      vertex 33.8263 5.06149 0.0213881
      vertex 31.2223 9.42244 0.0213881
      vertex 31.4666 9.60367 0.0213881
    endloop
  endfacet
  facet normal 0 0 -1
    outer loop
      vertex 33.8263 5.06149 0.0213881
      vertex 30.9613 9.26604 0.0213881
      vertex 31.2223 9.42244 0.0213881
    endloop
  endfacet
  facet normal -0 0 -1
    outer loop
      vertex 33.8263 5.06149 0.0213881
      vertex 30.9385 2.17369 0.0213881
      vertex 30.1048 8.95957 0.0213881
    endloop
  endfacet
  facet normal 0 0 -1
    outer loop
      vertex 33.8263 5.06149 0.0213881
      vertex 30.6863 9.13597 0.0213881
      vertex 30.9613 9.26604 0.0213881
    endloop
  endfacet
  facet normal 0 0 -1
    outer loop
      vertex 33.8263 5.06149 0.0213881
      vertex 30.3999 9.03349 0.0213881
      vertex 30.6863 9.13597 0.0213881
    endloop
  endfacet
  facet normal 0 0 -1
    outer loop
      vertex 33.8263 5.06149 0.0213881
      vertex 30.1048 8.95957 0.0213881
      vertex 30.3999 9.03349 0.0213881
    endloop
  endfacet
  facet normal 0 0 -1
    outer loop
      vertex 30.9385 2.17369 0.0213881
      vertex 29.8039 8.91493 0.0213881
      vertex 30.1048 8.95957 0.0213881
    endloop
  endfacet
  facet normal 0 0 -1
    outer loop
      vertex 30.9385 2.17369 0.0213881
      vertex 29.5 8.9 0.0213881
      vertex 29.8039 8.91493 0.0213881
    endloop
  endfacet
  facet normal 0 0 -1
    outer loop
      vertex 30.9385 2.17369 0.0213881
      vertex 29.1961 8.91493 0.0213881
      vertex 29.5 8.9 0.0213881
    endloop
  endfacet
  facet normal 0 0 -1
    outer loop
      vertex 30.9385 2.17369 0.0213881
      vertex 28.8952 8.95957 0.0213881
      vertex 29.1961 8.91493 0.0213881
    endloop
  endfacet
  facet normal 0 0 -1
    outer loop
      vertex 30.9385 2.17369 0.0213881
      vertex 28.6001 9.03349 0.0213881
      vertex 28.8952 8.95957 0.0213881
    endloop
  endfacet
  facet normal 0 0 -1
    outer loop
      vertex 30.9385 2.17369 0.0213881
      vertex 28.3137 9.13597 0.0213881
      vertex 28.6001 9.03349 0.0213881
    endloop
  endfacet
  facet normal 0 0 -1
    outer loop
      vertex 30.9385 2.17369 0.0213881
      vertex 28.0387 9.26604 0.0213881
      vertex 28.3137 9.13597 0.0213881
    endloop
  endfacet
  facet normal 0 0 -1
    outer loop
      vertex 30.9385 2.17369 0.0213881
      vertex 27.7777 9.42244 0.0213881
      vertex 28.0387 9.26604 0.0213881
    endloop
  endfacet
  facet normal 0 0 -1
    outer loop
      vertex 30.9385 2.17369 0.0213881
      vertex 27.5334 9.60367 0.0213881
      vertex 27.7777 9.42244 0.0213881
    endloop
  endfacet
  facet normal 0 0 -1
    outer loop
      vertex 30.9385 2.17369 0.0213881
      vertex 27.308 9.80797 0.0213881
      vertex 27.5334 9.60367 0.0213881
    endloop
  endfacet
  facet normal 0 0 -1
    outer loop
      vertex 8.44415 2.17369 0.0213881
      vertex 27.308 9.80797 0.0213881
      vertex 30.9385 2.17369 0.0213881
    endloop
  endfacet
  facet normal -0 0 -1
    outer loop
      vertex 27.308 9.80797 0.0213881
      vertex 8.44415 2.17369 0.0213881
      vertex 27.1037 10.0334 0.0213881
    endloop
  endfacet
  facet normal -0 0 -1
    outer loop
      vertex 27.1037 10.0334 0.0213881
      vertex 8.44415 2.17369 0.0213881
      vertex 26.9224 10.2777 0.0213881
    endloop
  endfacet
  facet normal 0 -0 -1
    outer loop
      vertex 20.2534 81.3689 0.0213881
      vertex 26.4149 73.6961 0.0213881
      vertex 8.44415 68.05 0.0213881
    endloop
  endfacet
  facet normal 0 0 -1
    outer loop
      vertex 8.44415 2.17369 0.0213881
      vertex 26.4 12 0.0213881
      vertex 26.4149 11.6961 0.0213881
    endloop
  endfacet
  facet normal -0 -0 -1
    outer loop
      vertex 20.9064 81.1353 0.0213881
      vertex 26.4149 73.6961 0.0213881
      vertex 20.2534 81.3689 0.0213881
    endloop
  endfacet
  facet normal 0 0 -1
    outer loop
      vertex 26.4 74 0.0213881
      vertex 22.2788 80.8587 0.0213881
      vertex 22.9386 80.8263 0.0213881
    endloop
  endfacet
  facet normal 0 0 -1
    outer loop
      vertex 26.4 74 0.0213881
      vertex 21.6207 80.9563 0.0213881
      vertex 22.2788 80.8587 0.0213881
    endloop
  endfacet
  facet normal 0 0 -1
    outer loop
      vertex 26.4 74 0.0213881
      vertex 20.9064 81.1353 0.0213881
      vertex 21.6207 80.9563 0.0213881
    endloop
  endfacet
  facet normal 0 0 -1
    outer loop
      vertex 26.4149 73.6961 0.0213881
      vertex 20.9064 81.1353 0.0213881
      vertex 26.4 74 0.0213881
    endloop
  endfacet
  facet normal -0 0 -1
    outer loop
      vertex 20.2534 81.3689 0.0213881
      vertex 8.44415 68.05 0.0213881
      vertex 19.6263 81.6655 0.0213881
    endloop
  endfacet
  facet normal -0 0 -1
    outer loop
      vertex 19.6263 81.6655 0.0213881
      vertex 8.44415 68.05 0.0213881
      vertex 18.9946 82.0441 0.0213881
    endloop
  endfacet
  facet normal -0 0 -1
    outer loop
      vertex 18.9946 82.0441 0.0213881
      vertex 8.44415 68.05 0.0213881
      vertex 18.4604 82.4403 0.0213881
    endloop
  endfacet
  facet normal -0 0 -1
    outer loop
      vertex 18.4604 82.4403 0.0213881
      vertex 8.44415 68.05 0.0213881
      vertex 17.9253 82.9253 0.0213881
    endloop
  endfacet
  facet normal -0 0 -1
    outer loop
      vertex 17.9253 82.9253 0.0213881
      vertex 8.44415 68.05 0.0213881
      vertex 17.4403 83.4604 0.0213881
    endloop
  endfacet
  facet normal -0 0 -1
    outer loop
      vertex 17.4403 83.4604 0.0213881
      vertex 8.44415 68.05 0.0213881
      vertex 17.0441 83.9946 0.0213881
    endloop
  endfacet
  facet normal -0 0 -1
    outer loop
      vertex 17.0441 83.9946 0.0213881
      vertex 8.44415 68.05 0.0213881
      vertex 16.6655 84.6263 0.0213881
    endloop
  endfacet
  facet normal -0 0 -1
    outer loop
      vertex 16.6655 84.6263 0.0213881
      vertex 8.44415 68.05 0.0213881
      vertex 16.3689 85.2534 0.0213881
    endloop
  endfacet
  facet normal 0 0 -1
    outer loop
      vertex 3 68.05 0.0213881
      vertex 16.3689 85.2534 0.0213881
      vertex 8.44415 68.05 0.0213881
    endloop
  endfacet
  facet normal -0 0 -1
    outer loop
      vertex 16.3689 85.2534 0.0213881
      vertex 3 68.05 0.0213881
      vertex 16.1353 85.9064 0.0213881
    endloop
  endfacet
  facet normal 0 0 -1
    outer loop
      vertex 3.33342 106.011 0.0213881
      vertex 15.8263 106.51 0.0213881
      vertex 15.8263 87.9386 0.0213881
    endloop
  endfacet
  facet normal 0 -0 -1
    outer loop
      vertex 4.24264 106.757 0.0213881
      vertex 15.8263 106.51 0.0213881
      vertex 3.80636 106.362 0.0213881
    endloop
  endfacet
  facet normal 0 -0 -1
    outer loop
      vertex 4.63806 107.194 0.0213881
      vertex 15.8263 106.51 0.0213881
      vertex 4.24264 106.757 0.0213881
    endloop
  endfacet
  facet normal 0 -0 -1
    outer loop
      vertex 4.98882 107.667 0.0213881
      vertex 15.8263 106.51 0.0213881
      vertex 4.63806 107.194 0.0213881
    endloop
  endfacet
  facet normal 0 -0 -1
    outer loop
      vertex 5.29153 108.172 0.0213881
      vertex 15.8263 106.51 0.0213881
      vertex 4.98882 107.667 0.0213881
    endloop
  endfacet
  facet normal -0 -0 -1
    outer loop
      vertex 15.3594 108.127 0.0213881
      vertex 15.8263 106.51 0.0213881
      vertex 5.29153 108.172 0.0213881
    endloop
  endfacet
  facet normal -0 -0 -1
    outer loop
      vertex 15.8002 106.901 0.0213881
      vertex 15.8263 106.51 0.0213881
      vertex 15.3594 108.127 0.0213881
    endloop
  endfacet
  facet normal 0 0 -1
    outer loop
      vertex 15.8263 106.51 0.0213881
      vertex 15.8002 106.901 0.0213881
      vertex 15.8113 106.816 0.0213881
    endloop
  endfacet
  facet normal -0 -0 -1
    outer loop
      vertex 15.6221 107.612 0.0213881
      vertex 15.8002 106.901 0.0213881
      vertex 15.3594 108.127 0.0213881
    endloop
  endfacet
  facet normal 0 0 -1
    outer loop
      vertex 3 68.05 0.0213881
      vertex 15.8263 87.9386 0.0213881
      vertex 15.8587 87.2788 0.0213881
    endloop
  endfacet
  facet normal -0 0 -1
    outer loop
      vertex 16.1353 85.9064 0.0213881
      vertex 3 68.05 0.0213881
      vertex 15.9563 86.6207 0.0213881
    endloop
  endfacet
  facet normal 0 0 -1
    outer loop
      vertex 8.44415 2.17369 0.0213881
      vertex 26.4149 11.6961 0.0213881
      vertex 26.4596 11.3952 0.0213881
    endloop
  endfacet
  facet normal -0 0 -1
    outer loop
      vertex 15.9563 86.6207 0.0213881
      vertex 3 68.05 0.0213881
      vertex 15.8587 87.2788 0.0213881
    endloop
  endfacet
  facet normal 0 0 -1
    outer loop
      vertex 15.3594 108.127 0.0213881
      vertex 5.54328 108.704 0.0213881
      vertex 5.74164 109.258 0.0213881
    endloop
  endfacet
  facet normal 0 -0 -1
    outer loop
      vertex 5.97111 110.412 0.0213881
      vertex 15.3594 108.127 0.0213881
      vertex 5.88471 109.829 0.0213881
    endloop
  endfacet
  facet normal 0 -0 -1
    outer loop
      vertex 6 111 0.0213881
      vertex 15.3594 108.127 0.0213881
      vertex 5.97111 110.412 0.0213881
    endloop
  endfacet
  facet normal 0 0 -1
    outer loop
      vertex 5.97111 111.588 0.0213881
      vertex 15.3594 108.127 0.0213881
      vertex 6 111 0.0213881
    endloop
  endfacet
  facet normal 0 0 -1
    outer loop
      vertex 15.3594 108.127 0.0213881
      vertex 5.97111 111.588 0.0213881
      vertex 9.68776 116.962 0.0213881
    endloop
  endfacet
  facet normal 0 0 -1
    outer loop
      vertex 5.88471 112.171 0.0213881
      vertex 9.68776 116.962 0.0213881
      vertex 5.97111 111.588 0.0213881
    endloop
  endfacet
  facet normal -0 0 -1
    outer loop
      vertex 26.9224 10.2777 0.0213881
      vertex 8.44415 2.17369 0.0213881
      vertex 26.766 10.5387 0.0213881
    endloop
  endfacet
  facet normal 0 0 -1
    outer loop
      vertex 8.44415 2.17369 0.0213881
      vertex 26.636 10.8137 0.0213881
      vertex 26.766 10.5387 0.0213881
    endloop
  endfacet
  facet normal 0 0 -1
    outer loop
      vertex 8.44415 2.17369 0.0213881
      vertex 26.5335 11.1001 0.0213881
      vertex 26.636 10.8137 0.0213881
    endloop
  endfacet
  facet normal 0 0 -1
    outer loop
      vertex 8.44415 2.17369 0.0213881
      vertex 26.4596 11.3952 0.0213881
      vertex 26.5335 11.1001 0.0213881
    endloop
  endfacet
  facet normal -0 0 -1
    outer loop
      vertex 27.1037 13.9666 0.0213881
      vertex 8.44415 2.17369 0.0213881
      vertex 8.44415 68.05 0.0213881
    endloop
  endfacet
  facet normal 0 0 -1
    outer loop
      vertex 5.74164 112.742 0.0213881
      vertex 9.68776 116.962 0.0213881
      vertex 5.88471 112.171 0.0213881
    endloop
  endfacet
  facet normal 0 0 -1
    outer loop
      vertex 5.54328 113.296 0.0213881
      vertex 9.68776 116.962 0.0213881
      vertex 5.74164 112.742 0.0213881
    endloop
  endfacet
  facet normal 0 0 -1
    outer loop
      vertex 4.98882 114.333 0.0213881
      vertex 9.68776 116.962 0.0213881
      vertex 5.29153 113.828 0.0213881
    endloop
  endfacet
  facet normal -0 0 -1
    outer loop
      vertex 9.68776 116.962 0.0213881
      vertex 4.98882 114.333 0.0213881
      vertex 9.50974 117.212 0.0213881
    endloop
  endfacet
  facet normal -0 0 -1
    outer loop
      vertex 9.50974 117.212 0.0213881
      vertex 4.98882 114.333 0.0213881
      vertex 9.45788 117.279 0.0213881
    endloop
  endfacet
  facet normal -0 0 -1
    outer loop
      vertex 9.45788 117.279 0.0213881
      vertex 4.98882 114.333 0.0213881
      vertex 9.29669 117.464 0.0213881
    endloop
  endfacet
  facet normal -0 0 -1
    outer loop
      vertex 9.29669 117.464 0.0213881
      vertex 4.98882 114.333 0.0213881
      vertex 9.11804 117.632 0.0213881
    endloop
  endfacet
  facet normal 0 -0 -1
    outer loop
      vertex 8.35031 118.104 0.0213881
      vertex 8.92413 117.781 0.0213881
      vertex 4.98882 114.333 0.0213881
    endloop
  endfacet
  facet normal 0 0 -1
    outer loop
      vertex 8.92413 117.781 0.0213881
      vertex 8.64857 117.963 0.0213881
      vertex 8.85655 117.833 0.0213881
    endloop
  endfacet
  facet normal 0 0 -1
    outer loop
      vertex 8.92413 117.781 0.0213881
      vertex 8.42901 118.072 0.0213881
      vertex 8.64857 117.963 0.0213881
    endloop
  endfacet
  facet normal -0 0 -1
    outer loop
      vertex 9.11804 117.632 0.0213881
      vertex 4.98882 114.333 0.0213881
      vertex 8.92413 117.781 0.0213881
    endloop
  endfacet
  facet normal 0 0 -1
    outer loop
      vertex 5.29153 113.828 0.0213881
      vertex 9.68776 116.962 0.0213881
      vertex 5.54328 113.296 0.0213881
    endloop
  endfacet
  facet normal 0 -0 -1
    outer loop
      vertex 5.88471 109.829 0.0213881
      vertex 15.3594 108.127 0.0213881
      vertex 5.74164 109.258 0.0213881
    endloop
  endfacet
  facet normal 0 0 -1
    outer loop
      vertex 15.3594 108.127 0.0213881
      vertex 5.29153 108.172 0.0213881
      vertex 5.54328 108.704 0.0213881
    endloop
  endfacet
  facet normal 0 0 -1
    outer loop
      vertex 15.5895 107.69 0.0213881
      vertex 15.3594 108.127 0.0213881
      vertex 15.4799 107.922 0.0213881
    endloop
  endfacet
  facet normal 0 0 -1
    outer loop
      vertex 15.6221 107.612 0.0213881
      vertex 15.3594 108.127 0.0213881
      vertex 15.5895 107.69 0.0213881
    endloop
  endfacet
  facet normal 0 0 -1
    outer loop
      vertex 15.7642 107.143 0.0213881
      vertex 15.6221 107.612 0.0213881
      vertex 15.7047 107.381 0.0213881
    endloop
  endfacet
  facet normal 0 0 -1
    outer loop
      vertex 15.8002 106.901 0.0213881
      vertex 15.6221 107.612 0.0213881
      vertex 15.7642 107.143 0.0213881
    endloop
  endfacet
  facet normal 0 0 -1
    outer loop
      vertex 15.8263 106.51 0.0213881
      vertex 3.33342 106.011 0.0213881
      vertex 3.80636 106.362 0.0213881
    endloop
  endfacet
  facet normal -0 0 -1
    outer loop
      vertex 15.8263 87.9386 0.0213881
      vertex 3 68.05 0.0213881
      vertex 3 105.811 0.0213881
    endloop
  endfacet
  facet normal 0 0 -1
    outer loop
      vertex 15.8263 87.9386 0.0213881
      vertex 3 105.811 0.0213881
      vertex 3.33342 106.011 0.0213881
    endloop
  endfacet
  facet normal -0 0 -1
    outer loop
      vertex 33.8002 78.3293 0.0213881
      vertex 31.2223 76.5776 0.0213881
      vertex 33.7642 78.5716 0.0213881
    endloop
  endfacet
  facet normal 0 0 -1
    outer loop
      vertex 30.9613 76.734 0.0213881
      vertex 33.7642 78.5716 0.0213881
      vertex 31.2223 76.5776 0.0213881
    endloop
  endfacet
  facet normal -0 0 -1
    outer loop
      vertex 33.7642 78.5716 0.0213881
      vertex 30.9613 76.734 0.0213881
      vertex 33.7047 78.8092 0.0213881
    endloop
  endfacet
  facet normal -0 0 -1
    outer loop
      vertex 33.7047 78.8092 0.0213881
      vertex 30.9613 76.734 0.0213881
      vertex 33.6221 79.0401 0.0213881
    endloop
  endfacet
  facet normal -0 0 -1
    outer loop
      vertex 33.6221 79.0401 0.0213881
      vertex 30.9613 76.734 0.0213881
      vertex 33.5895 79.1188 0.0213881
    endloop
  endfacet
  facet normal -0 0 -1
    outer loop
      vertex 33.5895 79.1188 0.0213881
      vertex 30.9613 76.734 0.0213881
      vertex 33.4847 79.3402 0.0213881
    endloop
  endfacet
  facet normal -0 0 -1
    outer loop
      vertex 33.4847 79.3402 0.0213881
      vertex 30.9613 76.734 0.0213881
      vertex 33.3588 79.5504 0.0213881
    endloop
  endfacet
  facet normal -0 0 -1
    outer loop
      vertex 33.3588 79.5504 0.0213881
      vertex 30.9613 76.734 0.0213881
      vertex 33.2128 79.7472 0.0213881
    endloop
  endfacet
  facet normal 0 0 -1
    outer loop
      vertex 30.6863 76.864 0.0213881
      vertex 33.2128 79.7472 0.0213881
      vertex 30.9613 76.734 0.0213881
    endloop
  endfacet
  facet normal -0 0 -1
    outer loop
      vertex 33.2128 79.7472 0.0213881
      vertex 30.6863 76.864 0.0213881
      vertex 33.1609 79.8148 0.0213881
    endloop
  endfacet
  facet normal -0 0 -1
    outer loop
      vertex 33.1609 79.8148 0.0213881
      vertex 30.6863 76.864 0.0213881
      vertex 32.9964 79.9964 0.0213881
    endloop
  endfacet
  facet normal -0 0 -1
    outer loop
      vertex 32.9964 79.9964 0.0213881
      vertex 30.6863 76.864 0.0213881
      vertex 32.8148 80.1609 0.0213881
    endloop
  endfacet
  facet normal -0 0 -1
    outer loop
      vertex 32.8148 80.1609 0.0213881
      vertex 30.6863 76.864 0.0213881
      vertex 32.7472 80.2128 0.0213881
    endloop
  endfacet
  facet normal -0 0 -1
    outer loop
      vertex 32.7472 80.2128 0.0213881
      vertex 30.6863 76.864 0.0213881
      vertex 32.5504 80.3588 0.0213881
    endloop
  endfacet
  facet normal -0 0 -1
    outer loop
      vertex 32.5504 80.3588 0.0213881
      vertex 30.6863 76.864 0.0213881
      vertex 32.3402 80.4847 0.0213881
    endloop
  endfacet
  facet normal -0 0 -1
    outer loop
      vertex 32.3402 80.4847 0.0213881
      vertex 30.6863 76.864 0.0213881
      vertex 32.1188 80.5895 0.0213881
    endloop
  endfacet
  facet normal -0 0 -1
    outer loop
      vertex 32.1188 80.5895 0.0213881
      vertex 30.6863 76.864 0.0213881
      vertex 32.0401 80.6221 0.0213881
    endloop
  endfacet
  facet normal -0 0 -1
    outer loop
      vertex 32.0401 80.6221 0.0213881
      vertex 30.6863 76.864 0.0213881
      vertex 31.8092 80.7047 0.0213881
    endloop
  endfacet
  facet normal -0 0 -1
    outer loop
      vertex 31.8092 80.7047 0.0213881
      vertex 30.6863 76.864 0.0213881
      vertex 31.5716 80.7642 0.0213881
    endloop
  endfacet
  facet normal 0 0 -1
    outer loop
      vertex 30.3999 76.9665 0.0213881
      vertex 31.5716 80.7642 0.0213881
      vertex 30.6863 76.864 0.0213881
    endloop
  endfacet
  facet normal -0 0 -1
    outer loop
      vertex 31.5716 80.7642 0.0213881
      vertex 30.3999 76.9665 0.0213881
      vertex 31.3293 80.8001 0.0213881
    endloop
  endfacet
  facet normal -0 0 -1
    outer loop
      vertex 31.3293 80.8001 0.0213881
      vertex 30.3999 76.9665 0.0213881
      vertex 31.2448 80.8113 0.0213881
    endloop
  endfacet
  facet normal -0 0 -1
    outer loop
      vertex 31.2448 80.8113 0.0213881
      vertex 30.3999 76.9665 0.0213881
      vertex 30.9385 80.8263 0.0213881
    endloop
  endfacet
  facet normal 0 0 -1
    outer loop
      vertex 30.1048 77.0404 0.0213881
      vertex 30.9385 80.8263 0.0213881
      vertex 30.3999 76.9665 0.0213881
    endloop
  endfacet
  facet normal 0 0 -1
    outer loop
      vertex 29.8039 77.0851 0.0213881
      vertex 30.9385 80.8263 0.0213881
      vertex 30.1048 77.0404 0.0213881
    endloop
  endfacet
  facet normal 0 0 -1
    outer loop
      vertex 29.5 77.1 0.0213881
      vertex 30.9385 80.8263 0.0213881
      vertex 29.8039 77.0851 0.0213881
    endloop
  endfacet
  facet normal 0 0 -1
    outer loop
      vertex 29.1961 77.0851 0.0213881
      vertex 30.9385 80.8263 0.0213881
      vertex 29.5 77.1 0.0213881
    endloop
  endfacet
  facet normal 0 0 -1
    outer loop
      vertex 28.8952 77.0404 0.0213881
      vertex 30.9385 80.8263 0.0213881
      vertex 29.1961 77.0851 0.0213881
    endloop
  endfacet
  facet normal 0 0 -1
    outer loop
      vertex 28.6001 76.9665 0.0213881
      vertex 30.9385 80.8263 0.0213881
      vertex 28.8952 77.0404 0.0213881
    endloop
  endfacet
  facet normal 0 0 -1
    outer loop
      vertex 28.3137 76.864 0.0213881
      vertex 30.9385 80.8263 0.0213881
      vertex 28.6001 76.9665 0.0213881
    endloop
  endfacet
  facet normal 0 0 -1
    outer loop
      vertex 22.9386 80.8263 0.0213881
      vertex 28.3137 76.864 0.0213881
      vertex 28.0387 76.734 0.0213881
    endloop
  endfacet
  facet normal 0 0 -1
    outer loop
      vertex 22.9386 80.8263 0.0213881
      vertex 28.0387 76.734 0.0213881
      vertex 27.7777 76.5776 0.0213881
    endloop
  endfacet
  facet normal 0 0 -1
    outer loop
      vertex 22.9386 80.8263 0.0213881
      vertex 27.7777 76.5776 0.0213881
      vertex 27.5334 76.3963 0.0213881
    endloop
  endfacet
  facet normal 0 0 -1
    outer loop
      vertex 22.9386 80.8263 0.0213881
      vertex 27.5334 76.3963 0.0213881
      vertex 27.308 76.192 0.0213881
    endloop
  endfacet
  facet normal 0 0 -1
    outer loop
      vertex 22.9386 80.8263 0.0213881
      vertex 27.308 76.192 0.0213881
      vertex 27.1037 75.9666 0.0213881
    endloop
  endfacet
  facet normal 0 0 -1
    outer loop
      vertex 28.3137 76.864 0.0213881
      vertex 22.9386 80.8263 0.0213881
      vertex 30.9385 80.8263 0.0213881
    endloop
  endfacet
  facet normal 0 0 -1
    outer loop
      vertex 26.9224 75.7223 0.0213881
      vertex 22.9386 80.8263 0.0213881
      vertex 27.1037 75.9666 0.0213881
    endloop
  endfacet
  facet normal 0 0 -1
    outer loop
      vertex 26.766 75.4613 0.0213881
      vertex 22.9386 80.8263 0.0213881
      vertex 26.9224 75.7223 0.0213881
    endloop
  endfacet
  facet normal 0 0 -1
    outer loop
      vertex 26.636 75.1863 0.0213881
      vertex 22.9386 80.8263 0.0213881
      vertex 26.766 75.4613 0.0213881
    endloop
  endfacet
  facet normal 0 0 -1
    outer loop
      vertex 26.5335 74.8999 0.0213881
      vertex 22.9386 80.8263 0.0213881
      vertex 26.636 75.1863 0.0213881
    endloop
  endfacet
  facet normal 0 0 -1
    outer loop
      vertex 26.4596 74.6048 0.0213881
      vertex 22.9386 80.8263 0.0213881
      vertex 26.5335 74.8999 0.0213881
    endloop
  endfacet
  facet normal 0 0 -1
    outer loop
      vertex 26.4149 74.3039 0.0213881
      vertex 22.9386 80.8263 0.0213881
      vertex 26.4596 74.6048 0.0213881
    endloop
  endfacet
  facet normal 0 0 -1
    outer loop
      vertex 22.9386 80.8263 0.0213881
      vertex 26.4149 74.3039 0.0213881
      vertex 26.4 74 0.0213881
    endloop
  endfacet
  facet normal 0 0 -1
    outer loop
      vertex 8.92413 117.781 0.0213881
      vertex 8.35031 118.104 0.0213881
      vertex 8.42901 118.072 0.0213881
    endloop
  endfacet
  facet normal -0 0 -1
    outer loop
      vertex 8.35031 118.104 0.0213881
      vertex 4.98882 114.333 0.0213881
      vertex 8.12121 118.191 0.0213881
    endloop
  endfacet
  facet normal -0 0 -1
    outer loop
      vertex 8.12121 118.191 0.0213881
      vertex 4.98882 114.333 0.0213881
      vertex 7.88463 118.255 0.0213881
    endloop
  endfacet
  facet normal -0 0 -1
    outer loop
      vertex 7.88463 118.255 0.0213881
      vertex 4.98882 114.333 0.0213881
      vertex 7.65434 118.293 0.0213881
    endloop
  endfacet
  facet normal -0 0 -1
    outer loop
      vertex 7.65434 118.293 0.0213881
      vertex 4.98882 114.333 0.0213881
      vertex 7.56989 118.304 0.0213881
    endloop
  endfacet
  facet normal -0 0 -1
    outer loop
      vertex 7.56989 118.304 0.0213881
      vertex 4.98882 114.333 0.0213881
      vertex 7.19536 118.326 0.0213881
    endloop
  endfacet
  facet normal 0 0 -1
    outer loop
      vertex 4.63806 114.806 0.0213881
      vertex 7.19536 118.326 0.0213881
      vertex 4.98882 114.333 0.0213881
    endloop
  endfacet
  facet normal 0 0 -1
    outer loop
      vertex 4.24264 115.243 0.0213881
      vertex 7.19536 118.326 0.0213881
      vertex 4.63806 114.806 0.0213881
    endloop
  endfacet
  facet normal 0 0 -1
    outer loop
      vertex 3.80636 115.638 0.0213881
      vertex 7.19536 118.326 0.0213881
      vertex 4.24264 115.243 0.0213881
    endloop
  endfacet
  facet normal 0 0 -1
    outer loop
      vertex 3.33342 115.989 0.0213881
      vertex 7.19536 118.326 0.0213881
      vertex 3.80636 115.638 0.0213881
    endloop
  endfacet
  facet normal 0 0 -1
    outer loop
      vertex 2.82838 116.292 0.0213881
      vertex 7.19536 118.326 0.0213881
      vertex 3.33342 115.989 0.0213881
    endloop
  endfacet
  facet normal 0 0 -1
    outer loop
      vertex 2.2961 116.543 0.0213881
      vertex 7.19536 118.326 0.0213881
      vertex 2.82838 116.292 0.0213881
    endloop
  endfacet
  facet normal 0 0 -1
    outer loop
      vertex 1.74171 116.742 0.0213881
      vertex 7.19536 118.326 0.0213881
      vertex 2.2961 116.543 0.0213881
    endloop
  endfacet
  facet normal 0 0 -1
    outer loop
      vertex 1.17054 116.885 0.0213881
      vertex 7.19536 118.326 0.0213881
      vertex 1.74171 116.742 0.0213881
    endloop
  endfacet
  facet normal 0 0 -1
    outer loop
      vertex 0.588102 116.971 0.0213881
      vertex 7.19536 118.326 0.0213881
      vertex 1.17054 116.885 0.0213881
    endloop
  endfacet
  facet normal 0 0 -1
    outer loop
      vertex 0 117 0.0213881
      vertex 7.19536 118.326 0.0213881
      vertex 0.588102 116.971 0.0213881
    endloop
  endfacet
  facet normal 0 0 -1
    outer loop
      vertex -7.20673 118.326 0.0213881
      vertex 0 117 0.0213881
      vertex -0.588102 116.971 0.0213881
    endloop
  endfacet
  facet normal 0 0 -1
    outer loop
      vertex -7.20673 118.326 0.0213881
      vertex -0.588102 116.971 0.0213881
      vertex -1.17054 116.885 0.0213881
    endloop
  endfacet
  facet normal 0 0 -1
    outer loop
      vertex 0 117 0.0213881
      vertex -7.20673 118.326 0.0213881
      vertex 7.19536 118.326 0.0213881
    endloop
  endfacet
  facet normal 0 0 -1
    outer loop
      vertex -1.74171 116.742 0.0213881
      vertex -7.20673 118.326 0.0213881
      vertex -1.17054 116.885 0.0213881
    endloop
  endfacet
  facet normal 0 0 -1
    outer loop
      vertex -2.2961 116.543 0.0213881
      vertex -7.20673 118.326 0.0213881
      vertex -1.74171 116.742 0.0213881
    endloop
  endfacet
  facet normal 0 0 -1
    outer loop
      vertex -2.82838 116.292 0.0213881
      vertex -7.20673 118.326 0.0213881
      vertex -2.2961 116.543 0.0213881
    endloop
  endfacet
  facet normal 0 0 -1
    outer loop
      vertex -3.33342 115.989 0.0213881
      vertex -7.20673 118.326 0.0213881
      vertex -2.82838 116.292 0.0213881
    endloop
  endfacet
  facet normal 0 0 -1
    outer loop
      vertex -3.80636 115.638 0.0213881
      vertex -7.20673 118.326 0.0213881
      vertex -3.33342 115.989 0.0213881
    endloop
  endfacet
  facet normal 0 0 -1
    outer loop
      vertex -4.24264 115.243 0.0213881
      vertex -7.20673 118.326 0.0213881
      vertex -3.80636 115.638 0.0213881
    endloop
  endfacet
  facet normal 0 0 -1
    outer loop
      vertex -4.63806 114.806 0.0213881
      vertex -7.20673 118.326 0.0213881
      vertex -4.24264 115.243 0.0213881
    endloop
  endfacet
  facet normal 0 0 -1
    outer loop
      vertex -4.98882 114.333 0.0213881
      vertex -7.20673 118.326 0.0213881
      vertex -4.63806 114.806 0.0213881
    endloop
  endfacet
  facet normal 0 0 -1
    outer loop
      vertex -5.29153 113.828 0.0213881
      vertex -7.20673 118.326 0.0213881
      vertex -4.98882 114.333 0.0213881
    endloop
  endfacet
  facet normal 0 0 -1
    outer loop
      vertex -5.54328 113.296 0.0213881
      vertex -7.20673 118.326 0.0213881
      vertex -5.29153 113.828 0.0213881
    endloop
  endfacet
  facet normal 0 0 -1
    outer loop
      vertex -5.74164 112.742 0.0213881
      vertex -7.20673 118.326 0.0213881
      vertex -5.54328 113.296 0.0213881
    endloop
  endfacet
  facet normal 0 0 -1
    outer loop
      vertex -5.88471 112.171 0.0213881
      vertex -7.20673 118.326 0.0213881
      vertex -5.74164 112.742 0.0213881
    endloop
  endfacet
  facet normal 0 0 -1
    outer loop
      vertex -5.97111 111.588 0.0213881
      vertex -7.20673 118.326 0.0213881
      vertex -5.88471 112.171 0.0213881
    endloop
  endfacet
  facet normal 0 0 -1
    outer loop
      vertex -7.20673 118.326 0.0213881
      vertex -5.97111 111.588 0.0213881
      vertex -6 111 0.0213881
    endloop
  endfacet
  facet normal 0 0 -1
    outer loop
      vertex -9.2646 117.496 0.0213881
      vertex -9.47329 117.256 0.0213881
      vertex -9.42143 117.323 0.0213881
    endloop
  endfacet
  facet normal 0 0 -1
    outer loop
      vertex -26.4596 74.6048 0.0213881
      vertex -8.44415 68.05 0.0213881
      vertex -26.4149 74.3039 0.0213881
    endloop
  endfacet
  facet normal 0 0 -1
    outer loop
      vertex -26.5335 74.8999 0.0213881
      vertex -8.44415 68.05 0.0213881
      vertex -26.4596 74.6048 0.0213881
    endloop
  endfacet
  facet normal 0 0 -1
    outer loop
      vertex -26.636 75.1863 0.0213881
      vertex -8.44415 68.05 0.0213881
      vertex -26.5335 74.8999 0.0213881
    endloop
  endfacet
  facet normal 0 0 -1
    outer loop
      vertex -26.766 75.4613 0.0213881
      vertex -8.44415 68.05 0.0213881
      vertex -26.636 75.1863 0.0213881
    endloop
  endfacet
  facet normal 0 0 -1
    outer loop
      vertex -8.44415 68.05 0.0213881
      vertex -26.766 75.4613 0.0213881
      vertex -28.2154 88.1017 0.0213881
    endloop
  endfacet
  facet normal 0 0 -1
    outer loop
      vertex -28.2154 88.1017 0.0213881
      vertex -26.766 75.4613 0.0213881
      vertex -26.9224 75.7223 0.0213881
    endloop
  endfacet
  facet normal 0 0 -1
    outer loop
      vertex -28.2154 88.1017 0.0213881
      vertex -26.9224 75.7223 0.0213881
      vertex -27.1037 75.9666 0.0213881
    endloop
  endfacet
  facet normal 0 0 -1
    outer loop
      vertex -28.2154 88.1017 0.0213881
      vertex -27.1037 75.9666 0.0213881
      vertex -27.308 76.192 0.0213881
    endloop
  endfacet
  facet normal 0 0 -1
    outer loop
      vertex -28.648 87.4278 0.0213881
      vertex -27.308 76.192 0.0213881
      vertex -27.5334 76.3963 0.0213881
    endloop
  endfacet
  facet normal 0 0 -1
    outer loop
      vertex -29.5742 85.9851 0.0213881
      vertex -27.5334 76.3963 0.0213881
      vertex -27.7777 76.5776 0.0213881
    endloop
  endfacet
  facet normal 0 0 -1
    outer loop
      vertex -30.0192 85.292 0.0213881
      vertex -27.7777 76.5776 0.0213881
      vertex -28.0387 76.734 0.0213881
    endloop
  endfacet
  facet normal 0 0 -1
    outer loop
      vertex -8.44415 68.05 0.0213881
      vertex -28.2154 88.1017 0.0213881
      vertex -9.69396 116.952 0.0213881
    endloop
  endfacet
  facet normal 0 0 -1
    outer loop
      vertex -30.4466 84.6263 0.0213881
      vertex -28.0387 76.734 0.0213881
      vertex -28.3137 76.864 0.0213881
    endloop
  endfacet
  facet normal 0 0 -1
    outer loop
      vertex -30.852 83.9946 0.0213881
      vertex -28.3137 76.864 0.0213881
      vertex -28.6001 76.9665 0.0213881
    endloop
  endfacet
  facet normal 0 0 -1
    outer loop
      vertex -27.308 76.192 0.0213881
      vertex -28.648 87.4278 0.0213881
      vertex -28.2154 88.1017 0.0213881
    endloop
  endfacet
  facet normal 0 0 -1
    outer loop
      vertex -31.2316 83.4034 0.0213881
      vertex -28.6001 76.9665 0.0213881
      vertex -28.8952 77.0404 0.0213881
    endloop
  endfacet
  facet normal 0 0 -1
    outer loop
      vertex -27.5334 76.3963 0.0213881
      vertex -29.1157 86.6994 0.0213881
      vertex -28.648 87.4278 0.0213881
    endloop
  endfacet
  facet normal 0 0 -1
    outer loop
      vertex -31.5819 82.8577 0.0213881
      vertex -28.8952 77.0404 0.0213881
      vertex -29.1961 77.0851 0.0213881
    endloop
  endfacet
  facet normal 0 0 -1
    outer loop
      vertex -31.8994 82.3632 0.0213881
      vertex -29.1961 77.0851 0.0213881
      vertex -29.5 77.1 0.0213881
    endloop
  endfacet
  facet normal 0 0 -1
    outer loop
      vertex -27.5334 76.3963 0.0213881
      vertex -29.5742 85.9851 0.0213881
      vertex -29.1157 86.6994 0.0213881
    endloop
  endfacet
  facet normal 0 0 -1
    outer loop
      vertex -32.4239 81.5461 0.0213881
      vertex -29.5 77.1 0.0213881
      vertex -29.8039 77.0851 0.0213881
    endloop
  endfacet
  facet normal 0 0 -1
    outer loop
      vertex -27.7777 76.5776 0.0213881
      vertex -30.0192 85.292 0.0213881
      vertex -29.5742 85.9851 0.0213881
    endloop
  endfacet
  facet normal 0 0 -1
    outer loop
      vertex -32.6261 81.2312 0.0213881
      vertex -29.8039 77.0851 0.0213881
      vertex -30.1048 77.0404 0.0213881
    endloop
  endfacet
  facet normal 0 0 -1
    outer loop
      vertex -32.6261 81.2312 0.0213881
      vertex -30.1048 77.0404 0.0213881
      vertex -30.3999 76.9665 0.0213881
    endloop
  endfacet
  facet normal 0 0 -1
    outer loop
      vertex -28.0387 76.734 0.0213881
      vertex -30.4466 84.6263 0.0213881
      vertex -30.0192 85.292 0.0213881
    endloop
  endfacet
  facet normal 0 0 -1
    outer loop
      vertex -32.6261 81.2312 0.0213881
      vertex -30.3999 76.9665 0.0213881
      vertex -30.6863 76.864 0.0213881
    endloop
  endfacet
  facet normal 0 0 -1
    outer loop
      vertex -28.3137 76.864 0.0213881
      vertex -30.852 83.9946 0.0213881
      vertex -30.4466 84.6263 0.0213881
    endloop
  endfacet
  facet normal 0 0 -1
    outer loop
      vertex -32.6261 81.2312 0.0213881
      vertex -30.6863 76.864 0.0213881
      vertex -30.9613 76.734 0.0213881
    endloop
  endfacet
  facet normal 0 0 -1
    outer loop
      vertex -32.6261 81.2312 0.0213881
      vertex -30.9613 76.734 0.0213881
      vertex -31.2223 76.5776 0.0213881
    endloop
  endfacet
  facet normal 0 0 -1
    outer loop
      vertex -28.6001 76.9665 0.0213881
      vertex -31.2316 83.4034 0.0213881
      vertex -30.852 83.9946 0.0213881
    endloop
  endfacet
  facet normal 0 0 -1
    outer loop
      vertex -32.6261 81.2312 0.0213881
      vertex -31.2223 76.5776 0.0213881
      vertex -31.4666 76.3963 0.0213881
    endloop
  endfacet
  facet normal 0 0 -1
    outer loop
      vertex -28.8952 77.0404 0.0213881
      vertex -31.5819 82.8577 0.0213881
      vertex -31.2316 83.4034 0.0213881
    endloop
  endfacet
  facet normal 0 0 -1
    outer loop
      vertex -32.6261 81.2312 0.0213881
      vertex -31.4666 76.3963 0.0213881
      vertex -31.692 76.192 0.0213881
    endloop
  endfacet
  facet normal 0 0 -1
    outer loop
      vertex -32.6261 81.2312 0.0213881
      vertex -31.692 76.192 0.0213881
      vertex -31.8963 75.9666 0.0213881
    endloop
  endfacet
  facet normal 0 0 -1
    outer loop
      vertex -29.1961 77.0851 0.0213881
      vertex -31.8994 82.3632 0.0213881
      vertex -31.5819 82.8577 0.0213881
    endloop
  endfacet
  facet normal 0 0 -1
    outer loop
      vertex -32.6261 81.2312 0.0213881
      vertex -31.8963 75.9666 0.0213881
      vertex -32.0776 75.7223 0.0213881
    endloop
  endfacet
  facet normal 0 0 -1
    outer loop
      vertex -29.5 77.1 0.0213881
      vertex -32.1809 81.9247 0.0213881
      vertex -31.8994 82.3632 0.0213881
    endloop
  endfacet
  facet normal 0 0 -1
    outer loop
      vertex -32.6261 81.2312 0.0213881
      vertex -32.0776 75.7223 0.0213881
      vertex -32.234 75.4613 0.0213881
    endloop
  endfacet
  facet normal 0 0 -1
    outer loop
      vertex -32.6261 81.2312 0.0213881
      vertex -32.234 75.4613 0.0213881
      vertex -32.364 75.1863 0.0213881
    endloop
  endfacet
  facet normal 0 0 -1
    outer loop
      vertex -29.5 77.1 0.0213881
      vertex -32.4239 81.5461 0.0213881
      vertex -32.1809 81.9247 0.0213881
    endloop
  endfacet
  facet normal 0 0 -1
    outer loop
      vertex -32.6261 81.2312 0.0213881
      vertex -32.364 75.1863 0.0213881
      vertex -32.4665 74.8999 0.0213881
    endloop
  endfacet
  facet normal 0 0 -1
    outer loop
      vertex -32.6261 81.2312 0.0213881
      vertex -32.4665 74.8999 0.0213881
      vertex -32.5404 74.6048 0.0213881
    endloop
  endfacet
  facet normal 0 0 -1
    outer loop
      vertex -32.6261 81.2312 0.0213881
      vertex -32.5404 74.6048 0.0213881
      vertex -32.5851 74.3039 0.0213881
    endloop
  endfacet
  facet normal 0 0 -1
    outer loop
      vertex -32.6261 81.2312 0.0213881
      vertex -32.5851 74.3039 0.0213881
      vertex -32.6 74 0.0213881
    endloop
  endfacet
  facet normal 0 0 -1
    outer loop
      vertex -29.8039 77.0851 0.0213881
      vertex -32.6261 81.2312 0.0213881
      vertex -32.4239 81.5461 0.0213881
    endloop
  endfacet
  facet normal 0.858019 -0.12746 -0.497552
    outer loop
      vertex 35.716 4.15739 1.54329
      vertex 35.3648 3.99951 0.978097
      vertex 35.4008 4.24185 0.978097
    endloop
  endfacet
  facet normal 0.858019 -0.12746 -0.497552
    outer loop
      vertex 35.3648 3.99951 0.978097
      vertex 35.716 4.15739 1.54329
      vertex 35.68 3.91505 1.54329
    endloop
  endfacet
  facet normal 0.892895 -0.369949 -0.256665
    outer loop
      vertex 35.701 3.40288 2.17369
      vertex 35.3071 2.88954 1.54329
      vertex 35.5379 3.44659 1.54329
    endloop
  endfacet
  facet normal 0.892913 -0.369831 -0.256772
    outer loop
      vertex 35.4534 2.80508 2.17369
      vertex 35.3071 2.88954 1.54329
      vertex 35.701 3.40288 2.17369
    endloop
  endfacet
  facet normal 0.656083 -0.271842 -0.704029
    outer loop
      vertex 35.0245 3.0527 0.978097
      vertex 34.6249 3.28344 0.516617
      vertex 35.2227 3.53105 0.978097
    endloop
  endfacet
  facet normal 0.498916 -0.065684 -0.864157
    outer loop
      vertex 35.0069 4.75519 0.516617
      vertex 34.4091 4.50757 0.190302
      vertex 34.4417 4.75519 0.190302
    endloop
  endfacet
  facet normal 0.499846 -0.0244783 -0.865768
    outer loop
      vertex 35.0069 4.75519 0.516617
      vertex 34.4567 5.06149 0.190302
      vertex 35.0219 5.06149 0.516617
    endloop
  endfacet
  facet normal 0.499846 -0.0244783 -0.865768
    outer loop
      vertex 34.4567 5.06149 0.190302
      vertex 35.0069 4.75519 0.516617
      vertex 34.4417 4.75519 0.190302
    endloop
  endfacet
  facet normal -0.0424994 -0.865242 -0.499549
    outer loop
      vertex -31.2448 0.531662 0.978097
      vertex -30.9385 0.190302 1.54329
      vertex -31.2448 0.205347 1.54329
    endloop
  endfacet
  facet normal -0.0424994 -0.865242 -0.499549
    outer loop
      vertex -30.9385 0.190302 1.54329
      vertex -31.2448 0.531662 0.978097
      vertex -30.9385 0.516617 0.978097
    endloop
  endfacet
  facet normal -0.608794 -0.793329 0
    outer loop
      vertex -34.3367 1.31717 2.17369
      vertex -33.8234 0.923268 7
      vertex -34.3367 1.31717 7
    endloop
  endfacet
  facet normal -0.608794 -0.793329 -0
    outer loop
      vertex -33.8234 0.923268 7
      vertex -34.3367 1.31717 2.17369
      vertex -33.8234 0.923268 2.17369
    endloop
  endfacet
  facet normal 0.121509 -0.485057 -0.866
    outer loop
      vertex 31.8811 1.08095 0.516617
      vertex 31.9724 1.68641 0.190302
      vertex 32.1187 1.14047 0.516617
    endloop
  endfacet
  facet normal 0.121509 -0.485057 -0.866
    outer loop
      vertex 31.9724 1.68641 0.190302
      vertex 31.8811 1.08095 0.516617
      vertex 31.7348 1.62689 0.190302
    endloop
  endfacet
  facet normal -0.941134 0.217549 -0.258725
    outer loop
      vertex -35.6333 79.8119 1.54329
      vertex -35.8517 79.6168 2.17369
      vertex -35.7965 79.8556 2.17369
    endloop
  endfacet
  facet normal -0.941134 0.217549 -0.258725
    outer loop
      vertex -35.8517 79.6168 2.17369
      vertex -35.6333 79.8119 1.54329
      vertex -35.6885 79.5731 1.54329
    endloop
  endfacet
  facet normal -0.224417 0.128962 -0.965922
    outer loop
      vertex -33.506 79.8327 0.0213881
      vertex -33.8991 80.4138 0.190302
      vertex -33.3532 80.0986 0.0213881
    endloop
  endfacet
  facet normal -0.224417 0.128962 -0.965922
    outer loop
      vertex -33.8991 80.4138 0.190302
      vertex -33.506 79.8327 0.0213881
      vertex -34.0519 80.1479 0.190302
    endloop
  endfacet
  facet normal -0.498893 0.0656071 -0.864177
    outer loop
      vertex -34.3816 79.2229 0.190302
      vertex -34.9794 78.9753 0.516617
      vertex -34.9276 79.3692 0.516617
    endloop
  endfacet
  facet normal 0.742783 -0.44533 -0.499954
    outer loop
      vertex 35.2024 2.66809 1.54329
      vertex 34.7938 2.62109 0.978097
      vertex 34.9198 2.83125 0.978097
    endloop
  endfacet
  facet normal 0.742783 -0.44533 -0.499954
    outer loop
      vertex 34.7938 2.62109 0.978097
      vertex 35.2024 2.66809 1.54329
      vertex 35.0764 2.45793 1.54329
    endloop
  endfacet
  facet normal 0.688497 -0.528373 -0.496784
    outer loop
      vertex 34.9305 2.26109 1.54329
      vertex 34.5634 1.78274 1.54329
      vertex 34.6479 2.42425 0.978097
    endloop
  endfacet
  facet normal 0.606533 -0.363642 -0.707024
    outer loop
      vertex 34.7938 2.62109 0.978097
      vertex 34.5202 3.06199 0.516617
      vertex 34.9198 2.83125 0.978097
    endloop
  endfacet
  facet normal 0.606533 -0.363642 -0.707024
    outer loop
      vertex 34.5202 3.06199 0.516617
      vertex 34.7938 2.62109 0.978097
      vertex 34.3942 2.85183 0.516617
    endloop
  endfacet
  facet normal -0.0656836 -0.498916 -0.864158
    outer loop
      vertex -31.2448 0.993142 0.516617
      vertex -31.6387 1.045 0.516617
      vertex -31.4924 1.59094 0.190302
    endloop
  endfacet
  facet normal -0.111018 -0.234694 -0.965709
    outer loop
      vertex -32.434 1.86458 0.190302
      vertex -32.3402 2.51525 0.0213881
      vertex -32.1188 2.41052 0.0213881
    endloop
  endfacet
  facet normal -0.111028 -0.234692 -0.965708
    outer loop
      vertex -32.3402 2.51525 0.0213881
      vertex -32.434 1.86458 0.190302
      vertex -32.6554 1.96932 0.190302
    endloop
  endfacet
  facet normal -0.257033 -0.428933 -0.865997
    outer loop
      vertex -33.1482 1.60581 0.516617
      vertex -32.6554 1.96932 0.190302
      vertex -32.938 1.47985 0.516617
    endloop
  endfacet
  facet normal -0.257033 -0.428933 -0.865997
    outer loop
      vertex -32.6554 1.96932 0.190302
      vertex -33.1482 1.60581 0.516617
      vertex -32.8656 2.09528 0.190302
    endloop
  endfacet
  facet normal -0.158787 -0.207009 -0.965367
    outer loop
      vertex -33.0624 2.24128 0.190302
      vertex -33.2606 2.39331 0.190302
      vertex -32.8148 2.83907 0.0213881
    endloop
  endfacet
  facet normal -0.158804 -0.207002 -0.965366
    outer loop
      vertex -32.7472 2.78721 0.0213881
      vertex -33.0624 2.24128 0.190302
      vertex -32.8148 2.83907 0.0213881
    endloop
  endfacet
  facet normal -0.206943 -0.158928 -0.965358
    outer loop
      vertex -33.1609 3.1852 0.0213881
      vertex -33.7587 2.93759 0.190302
      vertex -33.2128 3.25278 0.0213881
    endloop
  endfacet
  facet normal -0.209169 -0.155145 -0.965494
    outer loop
      vertex -33.7587 2.93759 0.190302
      vertex -33.3588 3.44962 0.0213881
      vertex -33.2128 3.25278 0.0213881
    endloop
  endfacet
  facet normal -0.209164 -0.155149 -0.965494
    outer loop
      vertex -33.3588 3.44962 0.0213881
      vertex -33.7587 2.93759 0.190302
      vertex -33.9047 3.13442 0.190302
    endloop
  endfacet
  facet normal -0.575559 -0.776237 -0.257272
    outer loop
      vertex -33.7389 1.06955 1.54329
      vertex -33.6265 0.777272 2.17369
      vertex -33.8234 0.923268 2.17369
    endloop
  endfacet
  facet normal -0.575759 -0.776118 -0.257181
    outer loop
      vertex -33.6265 0.777272 2.17369
      vertex -33.7389 1.06955 1.54329
      vertex -33.5421 0.923555 1.54329
    endloop
  endfacet
  facet normal -0.369855 -0.892919 -0.256717
    outer loop
      vertex -32.5971 0.298961 2.17369
      vertex -33.1949 0.546575 2.17369
      vertex -33.1105 0.692858 1.54329
    endloop
  endfacet
  facet normal -0.370652 -0.783516 -0.498718
    outer loop
      vertex -33.1688 1.08019 0.978097
      vertex -33.1105 0.692858 1.54329
      vertex -33.3319 0.797594 1.54329
    endloop
  endfacet
  facet normal -0.370501 -0.783559 -0.498763
    outer loop
      vertex -33.1105 0.692858 1.54329
      vertex -33.1688 1.08019 0.978097
      vertex -32.9473 0.975455 0.978097
    endloop
  endfacet
  facet normal -0.701812 -0.103996 -0.70473
    outer loop
      vertex -35.366 4.25115 0.942158
      vertex -34.9191 4.11895 0.516617
      vertex -35.3648 3.99951 0.978097
    endloop
  endfacet
  facet normal -0.70181 -0.103965 -0.704737
    outer loop
      vertex -34.9191 4.11895 0.516617
      vertex -35.366 4.25115 0.942158
      vertex -34.955 4.36129 0.516617
    endloop
  endfacet
  facet normal -0.701904 -0.103983 -0.70464
    outer loop
      vertex -35.366 4.25115 0.942158
      vertex -35.3648 3.99951 0.978097
      vertex -35.3949 4.20269 0.978097
    endloop
  endfacet
  facet normal -0.656078 0.271812 -0.704045
    outer loop
      vertex -34.6421 80.2072 0.516617
      vertex -35.2399 79.9596 0.978097
      vertex -35.0417 80.438 0.978097
    endloop
  endfacet
  facet normal -0.728989 0.467999 -0.499551
    outer loop
      vertex -34.4258 81.4917 0.978097
      vertex -35.0708 81.0903 1.54329
      vertex -34.7084 81.6548 1.54329
    endloop
  endfacet
  facet normal -0.728989 0.467999 -0.499551
    outer loop
      vertex -35.0708 81.0903 1.54329
      vertex -34.4258 81.4917 0.978097
      vertex -34.7882 80.9272 0.978097
    endloop
  endfacet
  facet normal -0.750769 0.431713 -0.49997
    outer loop
      vertex -34.7882 80.9272 0.978097
      vertex -35.2237 80.8244 1.54329
      vertex -35.0708 81.0903 1.54329
    endloop
  endfacet
  facet normal -0.750769 0.431713 -0.49997
    outer loop
      vertex -35.2237 80.8244 1.54329
      vertex -34.7882 80.9272 0.978097
      vertex -34.9411 80.6613 0.978097
    endloop
  endfacet
  facet normal -0.457492 0.206312 -0.864949
    outer loop
      vertex -34.6421 80.2072 0.516617
      vertex -34.0519 80.1479 0.190302
      vertex -34.1526 79.9246 0.190302
    endloop
  endfacet
  facet normal -0.457492 0.206312 -0.864949
    outer loop
      vertex -34.0519 80.1479 0.190302
      vertex -34.6421 80.2072 0.516617
      vertex -34.5414 80.4305 0.516617
    endloop
  endfacet
  facet normal 0.608794 -0.793329 0
    outer loop
      vertex 33.8234 0.923268 2.17369
      vertex 34.3367 1.31717 7
      vertex 33.8234 0.923268 7
    endloop
  endfacet
  facet normal 0.608794 -0.793329 0
    outer loop
      vertex 34.3367 1.31717 7
      vertex 33.8234 0.923268 2.17369
      vertex 34.3367 1.31717 2.17369
    endloop
  endfacet
  facet normal 0.336942 -0.941525 0
    outer loop
      vertex 32.3663 0.216365 2.17369
      vertex 32.5971 0.298961 7
      vertex 32.3663 0.216365 7
    endloop
  endfacet
  facet normal 0.336942 -0.941525 0
    outer loop
      vertex 32.5971 0.298961 7
      vertex 32.3663 0.216365 2.17369
      vertex 32.5971 0.298961 2.17369
    endloop
  endfacet
  facet normal 0.422656 0.569717 -0.70483
    outer loop
      vertex 33.1482 81.3942 0.516617
      vertex 33.5758 81.6479 0.978097
      vertex 33.345 81.2482 0.516617
    endloop
  endfacet
  facet normal 0.422381 0.570026 -0.704745
    outer loop
      vertex 33.5758 81.6479 0.978097
      vertex 33.1482 81.3942 0.516617
      vertex 33.3789 81.7938 0.978097
    endloop
  endfacet
  facet normal 0.192568 0.464904 -0.864165
    outer loop
      vertex 32.434 81.1354 0.190302
      vertex 32.2032 81.231 0.190302
      vertex 32.7166 81.6249 0.516617
    endloop
  endfacet
  facet normal 0.192518 0.464956 -0.864149
    outer loop
      vertex 32.7166 81.6249 0.516617
      vertex 32.2032 81.231 0.190302
      vertex 32.3495 81.7769 0.516617
    endloop
  endfacet
  facet normal 0.370548 0.783565 -0.498718
    outer loop
      vertex 33.1688 81.9198 0.978097
      vertex 33.1105 82.3071 1.54329
      vertex 33.3319 82.2024 1.54329
    endloop
  endfacet
  facet normal 0.3704 0.783607 -0.498762
    outer loop
      vertex 33.1105 82.3071 1.54329
      vertex 33.1688 81.9198 0.978097
      vertex 32.9473 82.0245 0.978097
    endloop
  endfacet
  facet normal 0.121669 0.485041 -0.865986
    outer loop
      vertex 31.9724 81.3136 0.190302
      vertex 31.8811 81.9191 0.516617
      vertex 32.1187 81.8595 0.516617
    endloop
  endfacet
  facet normal 0.121461 0.485029 -0.866022
    outer loop
      vertex 31.8811 81.9191 0.516617
      vertex 31.9724 81.3136 0.190302
      vertex 31.7348 81.3731 0.190302
    endloop
  endfacet
  facet normal 0.0656893 0.498916 -0.864157
    outer loop
      vertex 31.4924 81.4091 0.190302
      vertex 31.2448 81.4417 0.190302
      vertex 31.2448 82.0069 0.516617
    endloop
  endfacet
  facet normal 0.0244783 0.499846 -0.865768
    outer loop
      vertex 30.9385 81.4567 0.190302
      vertex 31.2448 82.0069 0.516617
      vertex 31.2448 81.4417 0.190302
    endloop
  endfacet
  facet normal 0.0244783 0.499846 -0.865768
    outer loop
      vertex 31.2448 82.0069 0.516617
      vertex 30.9385 81.4567 0.190302
      vertex 30.9385 82.0219 0.516617
    endloop
  endfacet
  facet normal 0.174083 0.191957 -0.96584
    outer loop
      vertex 32.9964 79.9964 0.0213881
      vertex 33.2606 80.6067 0.190302
      vertex 33.4421 80.4421 0.190302
    endloop
  endfacet
  facet normal 0.173941 0.192022 -0.965853
    outer loop
      vertex 33.2606 80.6067 0.190302
      vertex 32.9964 79.9964 0.0213881
      vertex 32.8148 80.1609 0.0213881
    endloop
  endfacet
  facet normal 0.158762 0.207017 -0.96537
    outer loop
      vertex 33.2606 80.6067 0.190302
      vertex 32.8148 80.1609 0.0213881
      vertex 33.0624 80.7587 0.190302
    endloop
  endfacet
  facet normal 0.428883 0.257085 -0.866006
    outer loop
      vertex 34.0307 79.6554 0.190302
      vertex 34.3942 80.1482 0.516617
      vertex 34.5202 79.938 0.516617
    endloop
  endfacet
  facet normal 0.428883 0.257085 -0.866006
    outer loop
      vertex 34.3942 80.1482 0.516617
      vertex 34.0307 79.6554 0.190302
      vertex 33.9047 79.8656 0.190302
    endloop
  endfacet
  facet normal 0.742808 0.445261 -0.499978
    outer loop
      vertex 35.2024 80.3319 1.54329
      vertex 34.7938 80.3789 0.978097
      vertex 35.0764 80.5421 1.54329
    endloop
  endfacet
  facet normal 0.742745 0.445435 -0.499918
    outer loop
      vertex 34.7938 80.3789 0.978097
      vertex 35.2024 80.3319 1.54329
      vertex 34.9198 80.1688 0.978097
    endloop
  endfacet
  facet normal 0.563313 0.432326 -0.704111
    outer loop
      vertex 34.6479 80.5758 0.978097
      vertex 34.0063 80.6602 0.516617
      vertex 34.3327 80.9865 0.978097
    endloop
  endfacet
  facet normal 0.524354 0.47498 -0.706716
    outer loop
      vertex 33.8418 80.8418 0.516617
      vertex 34.3327 80.9865 0.978097
      vertex 34.0063 80.6602 0.516617
    endloop
  endfacet
  facet normal 0.524249 0.475173 -0.706664
    outer loop
      vertex 34.3327 80.9865 0.978097
      vertex 33.8418 80.8418 0.516617
      vertex 34.1681 81.1681 0.978097
    endloop
  endfacet
  facet normal 0.258696 0.0339826 -0.965361
    outer loop
      vertex 33.8113 78.2448 0.0213881
      vertex 33.8002 78.3293 0.0213881
      vertex 34.4091 78.4924 0.190302
    endloop
  endfacet
  facet normal 0.12622 0.958223 -0.256666
    outer loop
      vertex 31.8426 82.716 1.54329
      vertex 31.2448 82.9636 2.17369
      vertex 31.8863 82.8791 2.17369
    endloop
  endfacet
  facet normal 0.516615 0.696846 -0.497509
    outer loop
      vertex 33.5758 81.6479 0.978097
      vertex 33.5421 82.0764 1.54329
      vertex 33.7389 81.9305 1.54329
    endloop
  endfacet
  facet normal 0.516418 0.696935 -0.497588
    outer loop
      vertex 33.5421 82.0764 1.54329
      vertex 33.5758 81.6479 0.978097
      vertex 33.3789 81.7938 0.978097
    endloop
  endfacet
  facet normal 0.412875 0.873466 -0.258052
    outer loop
      vertex 33.3319 82.2024 1.54329
      vertex 33.1949 82.4534 2.17369
      vertex 33.4164 82.3487 2.17369
    endloop
  endfacet
  facet normal 0.413034 0.873408 -0.257994
    outer loop
      vertex 33.1949 82.4534 2.17369
      vertex 33.3319 82.2024 1.54329
      vertex 33.1105 82.3071 1.54329
    endloop
  endfacet
  facet normal 0.238658 -0.666887 -0.705907
    outer loop
      vertex 32.1187 1.14047 0.516617
      vertex 32.4689 0.777314 0.978097
      vertex 32.2381 0.694718 0.978097
    endloop
  endfacet
  facet normal 0.238667 -0.666881 -0.705909
    outer loop
      vertex 32.4689 0.777314 0.978097
      vertex 32.1187 1.14047 0.516617
      vertex 32.3495 1.22307 0.516617
    endloop
  endfacet
  facet normal 0.475091 -0.524318 -0.706667
    outer loop
      vertex 33.9865 1.66735 0.978097
      vertex 33.8418 2.15821 0.516617
      vertex 34.1681 1.8319 0.978097
    endloop
  endfacet
  facet normal 0.475091 -0.524318 -0.706667
    outer loop
      vertex 33.8418 2.15821 0.516617
      vertex 33.9865 1.66735 0.978097
      vertex 33.6602 1.99366 0.516617
    endloop
  endfacet
  facet normal 0.656072 -0.271688 -0.704099
    outer loop
      vertex 35.2227 3.53105 0.978097
      vertex 34.6249 3.28344 0.516617
      vertex 34.7769 3.65049 0.516617
    endloop
  endfacet
  facet normal 0.816079 -0.292 -0.49875
    outer loop
      vertex 35.6205 3.67744 1.54329
      vertex 35.2227 3.53105 0.978097
      vertex 35.3053 3.7619 0.978097
    endloop
  endfacet
  facet normal 0.816079 -0.292 -0.49875
    outer loop
      vertex 35.2227 3.53105 0.978097
      vertex 35.6205 3.67744 1.54329
      vertex 35.5379 3.44659 1.54329
    endloop
  endfacet
  facet normal 0.497009 -0.0736265 -0.864616
    outer loop
      vertex 34.3731 4.26523 0.190302
      vertex 34.955 4.36129 0.516617
      vertex 34.9191 4.11895 0.516617
    endloop
  endfacet
  facet normal 0.497028 -0.0738343 -0.864588
    outer loop
      vertex 34.955 4.36129 0.516617
      vertex 34.3731 4.26523 0.190302
      vertex 34.4091 4.50757 0.190302
    endloop
  endfacet
  facet normal -0.126155 -0.95821 -0.256744
    outer loop
      vertex -31.2448 0.0364332 2.17369
      vertex -31.8863 0.120891 2.17369
      vertex -31.8426 0.284048 1.54329
    endloop
  endfacet
  facet normal -0.514199 -0.857671 0
    outer loop
      vertex -33.6265 0.777272 2.17369
      vertex -33.4164 0.651311 7
      vertex -33.6265 0.777272 7
    endloop
  endfacet
  facet normal -0.514199 -0.857671 -0
    outer loop
      vertex -33.4164 0.651311 7
      vertex -33.6265 0.777272 2.17369
      vertex -33.4164 0.651311 2.17369
    endloop
  endfacet
  facet normal -0.958432 0.124374 -0.256788
    outer loop
      vertex -35.8002 78.721 1.54329
      vertex -35.9361 78.9753 2.17369
      vertex -35.7672 78.9753 1.54329
    endloop
  endfacet
  facet normal -0.958432 0.124374 -0.256788
    outer loop
      vertex -35.9361 78.9753 2.17369
      vertex -35.8002 78.721 1.54329
      vertex -35.9691 78.721 2.17369
    endloop
  endfacet
  facet normal -0.958215 0.126148 -0.25673
    outer loop
      vertex -35.7672 78.9753 1.54329
      vertex -35.9361 78.9753 2.17369
      vertex -35.6885 79.5731 1.54329
    endloop
  endfacet
  facet normal 0.563348 -0.432279 -0.704112
    outer loop
      vertex 34.3327 2.01348 0.978097
      vertex 34.0063 2.33979 0.516617
      vertex 34.6479 2.42425 0.978097
    endloop
  endfacet
  facet normal 0.563337 -0.432333 -0.704088
    outer loop
      vertex 34.6479 2.42425 0.978097
      vertex 34.0063 2.33979 0.516617
      vertex 34.2482 2.65499 0.516617
    endloop
  endfacet
  facet normal -0.214357 -0.453109 -0.8653
    outer loop
      vertex -32.7166 1.37511 0.516617
      vertex -32.6554 1.96932 0.190302
      vertex -32.434 1.86458 0.190302
    endloop
  endfacet
  facet normal -0.214357 -0.453109 -0.8653
    outer loop
      vertex -32.6554 1.96932 0.190302
      vertex -32.7166 1.37511 0.516617
      vertex -32.938 1.47985 0.516617
    endloop
  endfacet
  facet normal -0.432287 -0.563371 -0.704089
    outer loop
      vertex -33.5758 1.35215 0.978097
      vertex -33.6602 1.99366 0.516617
      vertex -33.345 1.7518 0.516617
    endloop
  endfacet
  facet normal -0.306357 -0.399255 -0.864142
    outer loop
      vertex -33.345 1.7518 0.516617
      vertex -33.6602 1.99366 0.516617
      vertex -33.2606 2.39331 0.190302
    endloop
  endfacet
  facet normal -0.581866 -0.641803 -0.499521
    outer loop
      vertex -34.1681 1.8319 0.978097
      vertex -34.2173 1.43661 1.54329
      vertex -34.3988 1.60116 1.54329
    endloop
  endfacet
  facet normal -0.581662 -0.641931 -0.499594
    outer loop
      vertex -34.2173 1.43661 1.54329
      vertex -34.1681 1.8319 0.978097
      vertex -33.9865 1.66735 0.978097
    endloop
  endfacet
  facet normal -0.588319 -0.766773 -0.256786
    outer loop
      vertex -33.8234 0.923268 2.17369
      vertex -34.2173 1.43661 1.54329
      vertex -33.7389 1.06955 1.54329
    endloop
  endfacet
  facet normal -0.0926922 -0.704066 -0.704059
    outer loop
      vertex -31.2448 0.993142 0.516617
      vertex -31.7581 0.599244 0.978097
      vertex -31.6387 1.045 0.516617
    endloop
  endfacet
  facet normal -0.234738 -0.936981 -0.258777
    outer loop
      vertex -32.3226 0.379522 1.54329
      vertex -32.1287 0.15684 2.17369
      vertex -32.3663 0.216365 2.17369
    endloop
  endfacet
  facet normal -0.234639 -0.936995 -0.258813
    outer loop
      vertex -32.1287 0.15684 2.17369
      vertex -32.3226 0.379522 1.54329
      vertex -32.0849 0.319998 1.54329
    endloop
  endfacet
  facet normal -0.496688 -0.828465 -0.258742
    outer loop
      vertex -33.5421 0.923555 1.54329
      vertex -33.4164 0.651311 2.17369
      vertex -33.6265 0.777272 2.17369
    endloop
  endfacet
  facet normal -0.496504 -0.828552 -0.258816
    outer loop
      vertex -33.4164 0.651311 2.17369
      vertex -33.5421 0.923555 1.54329
      vertex -33.3319 0.797594 1.54329
    endloop
  endfacet
  facet normal -0.453152 -0.214247 -0.865304
    outer loop
      vertex -34.6249 3.28344 0.516617
      vertex -34.0307 3.34458 0.190302
      vertex -34.5202 3.06199 0.516617
    endloop
  endfacet
  facet normal -0.453152 -0.214247 -0.865304
    outer loop
      vertex -34.0307 3.34458 0.190302
      vertex -34.6249 3.28344 0.516617
      vertex -34.1354 3.56603 0.190302
    endloop
  endfacet
  facet normal -0.252321 0.0583255 -0.965884
    outer loop
      vertex -34.3816 79.2229 0.190302
      vertex -33.7175 79.2986 0.0213881
      vertex -33.7727 79.0598 0.0213881
    endloop
  endfacet
  facet normal -0.252311 0.0582175 -0.965893
    outer loop
      vertex -33.7175 79.2986 0.0213881
      vertex -34.3816 79.2229 0.190302
      vertex -34.3265 79.4617 0.190302
    endloop
  endfacet
  facet normal -0.707091 0 -0.707122
    outer loop
      vertex -35.0219 78.4834 0.516617
      vertex -35.4834 7.79731 0.978097
      vertex -35.4834 78.4834 0.978097
    endloop
  endfacet
  facet normal -0.706811 -3.66476e-06 -0.707403
    outer loop
      vertex -35.0219 78.4834 0.516617
      vertex -35.4277 7.72227 0.922444
      vertex -35.4834 7.79731 0.978097
    endloop
  endfacet
  facet normal -0.707105 -2.92933e-07 -0.707109
    outer loop
      vertex -35.0219 78.4834 0.516617
      vertex -35.2713 7.46133 0.766045
      vertex -35.4277 7.72227 0.922444
    endloop
  endfacet
  facet normal -0.707299 1.06913e-06 -0.706915
    outer loop
      vertex -35.0219 78.4834 0.516617
      vertex -35.1413 7.18632 0.635974
      vertex -35.2713 7.46133 0.766045
    endloop
  endfacet
  facet normal -0.707068 2.98002e-07 -0.707145
    outer loop
      vertex -35.0219 78.4834 0.516617
      vertex -35.0388 6.89988 0.533485
      vertex -35.1413 7.18632 0.635974
    endloop
  endfacet
  facet normal -0.706436 0 -0.707777
    outer loop
      vertex -35.0388 6.89988 0.533485
      vertex -35.0219 78.4834 0.516617
      vertex -35.0219 6.83254 0.516617
    endloop
  endfacet
  facet normal -0.706436 0 -0.707777
    outer loop
      vertex -35.0219 5.06149 0.516617
      vertex -35.0388 5.10012 0.533485
      vertex -35.0219 5.16746 0.516617
    endloop
  endfacet
  facet normal -0.70698 -0.000474991 -0.707233
    outer loop
      vertex -35.0388 5.10012 0.533485
      vertex -35.0219 5.06149 0.516617
      vertex -35.0526 5.06149 0.547306
    endloop
  endfacet
  facet normal -0.433504 0.249114 -0.866035
    outer loop
      vertex -34.0519 80.1479 0.190302
      vertex -34.3886 80.6964 0.516617
      vertex -33.8991 80.4138 0.190302
    endloop
  endfacet
  facet normal -0.433504 0.249114 -0.866035
    outer loop
      vertex -34.3886 80.6964 0.516617
      vertex -34.0519 80.1479 0.190302
      vertex -34.5414 80.4305 0.516617
    endloop
  endfacet
  facet normal 0.514199 -0.857671 0
    outer loop
      vertex 33.4164 0.651311 2.17369
      vertex 33.6265 0.777272 7
      vertex 33.4164 0.651311 7
    endloop
  endfacet
  facet normal 0.514199 -0.857671 0
    outer loop
      vertex 33.6265 0.777272 7
      vertex 33.4164 0.651311 2.17369
      vertex 33.6265 0.777272 2.17369
    endloop
  endfacet
  facet normal 0.427469 -0.90403 0
    outer loop
      vertex 33.1949 0.546575 2.17369
      vertex 33.4164 0.651311 7
      vertex 33.1949 0.546575 7
    endloop
  endfacet
  facet normal 0.427469 -0.90403 0
    outer loop
      vertex 33.4164 0.651311 7
      vertex 33.1949 0.546575 2.17369
      vertex 33.4164 0.651311 2.17369
    endloop
  endfacet
  facet normal 0.271823 0.656105 -0.704016
    outer loop
      vertex 32.7166 81.6249 0.516617
      vertex 32.4689 82.2227 0.978097
      vertex 32.9473 82.0245 0.978097
    endloop
  endfacet
  facet normal 0.332168 0.80178 -0.496803
    outer loop
      vertex 33.1105 82.3071 1.54329
      vertex 32.4689 82.2227 0.978097
      vertex 32.5534 82.5379 1.54329
    endloop
  endfacet
  facet normal 0.113153 0.860465 -0.496786
    outer loop
      vertex 31.7581 82.4008 0.978097
      vertex 31.2448 82.4683 0.978097
      vertex 31.8426 82.716 1.54329
    endloop
  endfacet
  facet normal 0.127481 0.858021 -0.497543
    outer loop
      vertex 32.0005 82.3648 0.978097
      vertex 31.8426 82.716 1.54329
      vertex 32.0849 82.68 1.54329
    endloop
  endfacet
  facet normal 0.127429 0.85802 -0.497557
    outer loop
      vertex 31.8426 82.716 1.54329
      vertex 32.0005 82.3648 0.978097
      vertex 31.7581 82.4008 0.978097
    endloop
  endfacet
  facet normal 0.209154 0.155165 -0.965494
    outer loop
      vertex 33.3588 79.5504 0.0213881
      vertex 33.7587 80.0624 0.190302
      vertex 33.9047 79.8656 0.190302
    endloop
  endfacet
  facet normal 0.209154 0.155165 -0.965494
    outer loop
      vertex 33.7587 80.0624 0.190302
      vertex 33.3588 79.5504 0.0213881
      vertex 33.2128 79.7472 0.0213881
    endloop
  endfacet
  facet normal 0.20696 0.158894 -0.96536
    outer loop
      vertex 33.2128 79.7472 0.0213881
      vertex 33.1609 79.8148 0.0213881
      vertex 33.7587 80.0624 0.190302
    endloop
  endfacet
  facet normal 0.370501 -0.783559 -0.498763
    outer loop
      vertex 33.1688 1.08019 0.978097
      vertex 33.1105 0.692858 1.54329
      vertex 32.9473 0.975455 0.978097
    endloop
  endfacet
  facet normal 0.370652 -0.783516 -0.498718
    outer loop
      vertex 33.1105 0.692858 1.54329
      vertex 33.1688 1.08019 0.978097
      vertex 33.3319 0.797594 1.54329
    endloop
  endfacet
  facet normal 0.171849 -0.685965 -0.70705
    outer loop
      vertex 32.0005 0.635194 0.978097
      vertex 32.1187 1.14047 0.516617
      vertex 32.2381 0.694718 0.978097
    endloop
  endfacet
  facet normal 0.171838 -0.685965 -0.707053
    outer loop
      vertex 32.1187 1.14047 0.516617
      vertex 32.0005 0.635194 0.978097
      vertex 31.8811 1.08095 0.516617
    endloop
  endfacet
  facet normal 0.528374 -0.688463 -0.49683
    outer loop
      vertex 34.2173 1.43661 1.54329
      vertex 33.5758 1.35215 0.978097
      vertex 33.9865 1.66735 0.978097
    endloop
  endfacet
  facet normal 0.528315 -0.688568 -0.496746
    outer loop
      vertex 33.7389 1.06955 1.54329
      vertex 33.5758 1.35215 0.978097
      vertex 34.2173 1.43661 1.54329
    endloop
  endfacet
  facet normal 0.783584 -0.370473 -0.498745
    outer loop
      vertex 35.3071 2.88954 1.54329
      vertex 34.9198 2.83125 0.978097
      vertex 35.0245 3.0527 0.978097
    endloop
  endfacet
  facet normal 0.783584 -0.370473 -0.498745
    outer loop
      vertex 34.9198 2.83125 0.978097
      vertex 35.3071 2.88954 1.54329
      vertex 35.2024 2.66809 1.54329
    endloop
  endfacet
  facet normal 0.640367 -0.302761 -0.70588
    outer loop
      vertex 34.5202 3.06199 0.516617
      vertex 35.0245 3.0527 0.978097
      vertex 34.9198 2.83125 0.978097
    endloop
  endfacet
  facet normal 0.640367 -0.302761 -0.70588
    outer loop
      vertex 35.0245 3.0527 0.978097
      vertex 34.5202 3.06199 0.516617
      vertex 34.6249 3.28344 0.516617
    endloop
  endfacet
  facet normal -0.499896 0.0199874 -0.865855
    outer loop
      vertex -34.4567 78.4834 0.190302
      vertex -35.0124 78.721 0.516617
      vertex -34.4472 78.721 0.190302
    endloop
  endfacet
  facet normal -0.499896 0.0199874 -0.865855
    outer loop
      vertex -35.0124 78.721 0.516617
      vertex -34.4567 78.4834 0.190302
      vertex -35.0219 78.4834 0.516617
    endloop
  endfacet
  facet normal -0.86046 0.113279 -0.496765
    outer loop
      vertex -35.4409 78.9753 0.978097
      vertex -35.7672 78.9753 1.54329
      vertex -35.6885 79.5731 1.54329
    endloop
  endfacet
  facet normal -0.445161 -0.742871 -0.499974
    outer loop
      vertex -33.3789 1.20615 0.978097
      vertex -33.3319 0.797594 1.54329
      vertex -33.5421 0.923555 1.54329
    endloop
  endfacet
  facet normal -0.445332 -0.742809 -0.499915
    outer loop
      vertex -33.3319 0.797594 1.54329
      vertex -33.3789 1.20615 0.978097
      vertex -33.1688 1.08019 0.978097
    endloop
  endfacet
  facet normal -0.332091 -0.801814 -0.496799
    outer loop
      vertex -32.4689 0.777314 0.978097
      vertex -33.1105 0.692858 1.54329
      vertex -32.9473 0.975455 0.978097
    endloop
  endfacet
  facet normal -0.171838 -0.685965 -0.707053
    outer loop
      vertex -32.0005 0.635194 0.978097
      vertex -32.1187 1.14047 0.516617
      vertex -31.8811 1.08095 0.516617
    endloop
  endfacet
  facet normal -0.171849 -0.685965 -0.70705
    outer loop
      vertex -32.1187 1.14047 0.516617
      vertex -32.0005 0.635194 0.978097
      vertex -32.2381 0.694718 0.978097
    endloop
  endfacet
  facet normal -0.325535 -0.909651 -0.257998
    outer loop
      vertex -32.5534 0.462118 1.54329
      vertex -32.3663 0.216365 2.17369
      vertex -32.5971 0.298961 2.17369
    endloop
  endfacet
  facet normal -0.325535 -0.909651 -0.257998
    outer loop
      vertex -32.3663 0.216365 2.17369
      vertex -32.5534 0.462118 1.54329
      vertex -32.3226 0.379522 1.54329
    endloop
  endfacet
  facet normal -0.67069 0.226163 -0.706417
    outer loop
      vertex -34.8724 79.608 0.516617
      vertex -35.2399 79.9596 0.978097
      vertex -34.7941 79.8402 0.516617
    endloop
  endfacet
  facet normal -0.670838 0.225924 -0.706353
    outer loop
      vertex -35.2399 79.9596 0.978097
      vertex -34.8724 79.608 0.516617
      vertex -35.3181 79.7274 0.978097
    endloop
  endfacet
  facet normal -0.656072 0.271725 -0.704084
    outer loop
      vertex -34.7941 79.8402 0.516617
      vertex -35.2399 79.9596 0.978097
      vertex -34.6421 80.2072 0.516617
    endloop
  endfacet
  facet normal -0.48738 0.112457 -0.865918
    outer loop
      vertex -34.9276 79.3692 0.516617
      vertex -34.3265 79.4617 0.190302
      vertex -34.3816 79.2229 0.190302
    endloop
  endfacet
  facet normal -0.487393 0.112664 -0.865884
    outer loop
      vertex -34.3265 79.4617 0.190302
      vertex -34.9276 79.3692 0.516617
      vertex -34.8724 79.608 0.516617
    endloop
  endfacet
  facet normal -0.646221 0.291421 -0.705317
    outer loop
      vertex -35.0417 80.438 0.978097
      vertex -34.5414 80.4305 0.516617
      vertex -34.6421 80.2072 0.516617
    endloop
  endfacet
  facet normal -0.646277 0.291158 -0.705374
    outer loop
      vertex -34.5414 80.4305 0.516617
      vertex -35.0417 80.438 0.978097
      vertex -34.9411 80.6613 0.978097
    endloop
  endfacet
  facet normal -0.790599 0.356177 -0.498088
    outer loop
      vertex -34.9411 80.6613 0.978097
      vertex -35.3243 80.6011 1.54329
      vertex -35.2237 80.8244 1.54329
    endloop
  endfacet
  facet normal -0.790599 0.356177 -0.498088
    outer loop
      vertex -35.3243 80.6011 1.54329
      vertex -34.9411 80.6613 0.978097
      vertex -35.0417 80.438 0.978097
    endloop
  endfacet
  facet normal -0.421144 0.27032 -0.865774
    outer loop
      vertex -33.8991 80.4138 0.190302
      vertex -34.0262 81.2609 0.516617
      vertex -33.5367 80.9784 0.190302
    endloop
  endfacet
  facet normal -0.421093 0.270335 -0.865794
    outer loop
      vertex -34.0262 81.2609 0.516617
      vertex -33.8991 80.4138 0.190302
      vertex -34.3886 80.6964 0.516617
    endloop
  endfacet
  facet normal 0.238656 0.666851 -0.705941
    outer loop
      vertex 32.1187 81.8595 0.516617
      vertex 32.4689 82.2227 0.978097
      vertex 32.3495 81.7769 0.516617
    endloop
  endfacet
  facet normal 0.238656 0.666851 -0.705941
    outer loop
      vertex 32.4689 82.2227 0.978097
      vertex 32.1187 81.8595 0.516617
      vertex 32.2381 82.3053 0.978097
    endloop
  endfacet
  facet normal 0.363599 0.606576 -0.707008
    outer loop
      vertex 32.938 81.5202 0.516617
      vertex 33.3789 81.7938 0.978097
      vertex 33.1482 81.3942 0.516617
    endloop
  endfacet
  facet normal 0.363707 0.606467 -0.707047
    outer loop
      vertex 33.3789 81.7938 0.978097
      vertex 32.938 81.5202 0.516617
      vertex 33.1688 81.9198 0.978097
    endloop
  endfacet
  facet normal 0.0736086 0.497012 -0.864616
    outer loop
      vertex 31.7348 81.3731 0.190302
      vertex 31.6387 81.955 0.516617
      vertex 31.8811 81.9191 0.516617
    endloop
  endfacet
  facet normal 0.0738163 0.49703 -0.864588
    outer loop
      vertex 31.6387 81.955 0.516617
      vertex 31.7348 81.3731 0.190302
      vertex 31.4924 81.4091 0.190302
    endloop
  endfacet
  facet normal 0.422553 -0.569868 -0.704769
    outer loop
      vertex 33.1482 1.60581 0.516617
      vertex 33.5758 1.35215 0.978097
      vertex 33.3789 1.20615 0.978097
    endloop
  endfacet
  facet normal 0.422655 -0.569754 -0.7048
    outer loop
      vertex 33.5758 1.35215 0.978097
      vertex 33.1482 1.60581 0.516617
      vertex 33.345 1.7518 0.516617
    endloop
  endfacet
  facet normal 0.299366 -0.403557 -0.864593
    outer loop
      vertex 32.8656 2.09528 0.190302
      vertex 33.345 1.7518 0.516617
      vertex 33.1482 1.60581 0.516617
    endloop
  endfacet
  facet normal 0.299377 -0.403544 -0.864596
    outer loop
      vertex 33.345 1.7518 0.516617
      vertex 32.8656 2.09528 0.190302
      vertex 33.0624 2.24128 0.190302
    endloop
  endfacet
  facet normal 0.257033 -0.428933 -0.865997
    outer loop
      vertex 32.6554 1.96932 0.190302
      vertex 33.1482 1.60581 0.516617
      vertex 32.938 1.47985 0.516617
    endloop
  endfacet
  facet normal 0.257033 -0.428933 -0.865997
    outer loop
      vertex 33.1482 1.60581 0.516617
      vertex 32.6554 1.96932 0.190302
      vertex 32.8656 2.09528 0.190302
    endloop
  endfacet
  facet normal 0.1689 -0.471939 -0.865301
    outer loop
      vertex 31.9724 1.68641 0.190302
      vertex 32.3495 1.22307 0.516617
      vertex 32.1187 1.14047 0.516617
    endloop
  endfacet
  facet normal 0.1689 -0.471939 -0.865301
    outer loop
      vertex 32.3495 1.22307 0.516617
      vertex 31.9724 1.68641 0.190302
      vertex 32.2032 1.76901 0.190302
    endloop
  endfacet
  facet normal -0.704133 0.091374 -0.704164
    outer loop
      vertex -35.0124 78.721 0.516617
      vertex -35.4409 78.9753 0.978097
      vertex -34.9794 78.9753 0.516617
    endloop
  endfacet
  facet normal -0.704133 0.091374 -0.704164
    outer loop
      vertex -35.4409 78.9753 0.978097
      vertex -35.0124 78.721 0.516617
      vertex -35.4739 78.721 0.978097
    endloop
  endfacet
  facet normal -0.860438 0.113317 -0.496795
    outer loop
      vertex -35.4409 78.9753 0.978097
      vertex -35.6885 79.5731 1.54329
      vertex -35.3733 79.4886 0.978097
    endloop
  endfacet
  facet normal -0.127309 -0.858054 -0.497529
    outer loop
      vertex -32.0005 0.635194 0.978097
      vertex -31.8426 0.284048 1.54329
      vertex -32.0849 0.319998 1.54329
    endloop
  endfacet
  facet normal -0.127257 -0.858054 -0.497544
    outer loop
      vertex -31.8426 0.284048 1.54329
      vertex -32.0005 0.635194 0.978097
      vertex -31.7581 0.599244 0.978097
    endloop
  endfacet
  facet normal -0.104077 -0.701757 -0.704774
    outer loop
      vertex -31.7581 0.599244 0.978097
      vertex -31.8811 1.08095 0.516617
      vertex -31.6387 1.045 0.516617
    endloop
  endfacet
  facet normal -0.104077 -0.701757 -0.704774
    outer loop
      vertex -31.8811 1.08095 0.516617
      vertex -31.7581 0.599244 0.978097
      vertex -32.0005 0.635194 0.978097
    endloop
  endfacet
  facet normal -0.332094 -0.801811 -0.496803
    outer loop
      vertex -32.5534 0.462118 1.54329
      vertex -33.1105 0.692858 1.54329
      vertex -32.4689 0.777314 0.978097
    endloop
  endfacet
  facet normal -0.369831 -0.892922 -0.256739
    outer loop
      vertex -32.5971 0.298961 2.17369
      vertex -33.1105 0.692858 1.54329
      vertex -32.5534 0.462118 1.54329
    endloop
  endfacet
  facet normal -0.258705 0.0340622 -0.965356
    outer loop
      vertex -33.7839 78.9753 0.0213881
      vertex -34.4142 78.9753 0.190302
      vertex -34.3816 79.2229 0.190302
    endloop
  endfacet
  facet normal -0.464942 0.192564 -0.864146
    outer loop
      vertex -34.2482 79.6939 0.190302
      vertex -34.7941 79.8402 0.516617
      vertex -34.6421 80.2072 0.516617
    endloop
  endfacet
  facet normal 0.445332 -0.742809 -0.499915
    outer loop
      vertex 33.3789 1.20615 0.978097
      vertex 33.3319 0.797594 1.54329
      vertex 33.1688 1.08019 0.978097
    endloop
  endfacet
  facet normal 0.445161 -0.742871 -0.499974
    outer loop
      vertex 33.3319 0.797594 1.54329
      vertex 33.3789 1.20615 0.978097
      vertex 33.5421 0.923555 1.54329
    endloop
  endfacet
  facet normal -0.412994 -0.873416 -0.258033
    outer loop
      vertex -33.3319 0.797594 1.54329
      vertex -33.1949 0.546575 2.17369
      vertex -33.4164 0.651311 2.17369
    endloop
  endfacet
  facet normal -0.413153 -0.873358 -0.257975
    outer loop
      vertex -33.1949 0.546575 2.17369
      vertex -33.3319 0.797594 1.54329
      vertex -33.1105 0.692858 1.54329
    endloop
  endfacet
  facet normal -0.302898 -0.640267 -0.705912
    outer loop
      vertex -32.9473 0.975455 0.978097
      vertex -32.938 1.47985 0.516617
      vertex -32.7166 1.37511 0.516617
    endloop
  endfacet
  facet normal -0.302761 -0.640297 -0.705943
    outer loop
      vertex -32.938 1.47985 0.516617
      vertex -32.9473 0.975455 0.978097
      vertex -33.1688 1.08019 0.978097
    endloop
  endfacet
  facet normal -0.706809 0.0282605 -0.70684
    outer loop
      vertex -35.0219 78.4834 0.516617
      vertex -35.4739 78.721 0.978097
      vertex -35.0124 78.721 0.516617
    endloop
  endfacet
  facet normal -0.706809 0.0282605 -0.70684
    outer loop
      vertex -35.4739 78.721 0.978097
      vertex -35.0219 78.4834 0.516617
      vertex -35.4834 78.4834 0.978097
    endloop
  endfacet
  facet normal -0.704045 0.0927206 -0.704076
    outer loop
      vertex -34.9794 78.9753 0.516617
      vertex -35.4409 78.9753 0.978097
      vertex -35.3733 79.4886 0.978097
    endloop
  endfacet
  facet normal -0.704129 0.0925967 -0.704009
    outer loop
      vertex -34.9794 78.9753 0.516617
      vertex -35.3733 79.4886 0.978097
      vertex -34.9276 79.3692 0.516617
    endloop
  endfacet
  facet normal -0.258711 0.0334706 -0.965375
    outer loop
      vertex -33.8168 78.721 0.0213881
      vertex -34.4142 78.9753 0.190302
      vertex -33.7839 78.9753 0.0213881
    endloop
  endfacet
  facet normal -0.258671 0.0335673 -0.965382
    outer loop
      vertex -34.4142 78.9753 0.190302
      vertex -33.8168 78.721 0.0213881
      vertex -34.4472 78.721 0.190302
    endloop
  endfacet
  facet normal 0.0473733 0.964847 -0.258507
    outer loop
      vertex 22.9386 82.8097 1.54329
      vertex 22.3724 83.0064 2.17369
      vertex 22.9386 82.9786 2.17369
    endloop
  endfacet
  facet normal 0.0474438 0.96486 -0.258447
    outer loop
      vertex 22.3724 83.0064 2.17369
      vertex 22.9386 82.8097 1.54329
      vertex 22.3651 82.8379 1.54329
    endloop
  endfacet
  facet normal 0.0425459 0.865251 -0.499531
    outer loop
      vertex 22.9386 82.4834 0.978097
      vertex 22.3651 82.8379 1.54329
      vertex 22.9386 82.8097 1.54329
    endloop
  endfacet
  facet normal 0.0425485 0.865252 -0.499529
    outer loop
      vertex 22.3651 82.8379 1.54329
      vertex 22.9386 82.4834 0.978097
      vertex 22.3509 82.5123 0.978097
    endloop
  endfacet
  facet normal -0.842087 0.539342 0
    outer loop
      vertex -34.8547 81.7393 2.17369
      vertex -34.8335 81.7724 7
      vertex -34.8335 81.7724 2.17369
    endloop
  endfacet
  facet normal -0.842087 0.539342 0
    outer loop
      vertex -34.8335 81.7724 7
      vertex -34.8547 81.7393 2.17369
      vertex -34.8547 81.7393 7
    endloop
  endfacet
  facet normal 0.03475 0.706664 -0.706695
    outer loop
      vertex 22.9386 82.0219 0.516617
      vertex 22.3509 82.5123 0.978097
      vertex 22.9386 82.4834 0.978097
    endloop
  endfacet
  facet normal 0.0347639 0.706673 -0.706686
    outer loop
      vertex 22.3509 82.5123 0.978097
      vertex 22.9386 82.0219 0.516617
      vertex 22.3308 82.0518 0.516617
    endloop
  endfacet
  facet normal -0.813457 0.521006 -0.258537
    outer loop
      vertex -34.6872 81.688 1.54329
      vertex -34.8547 81.7393 2.17369
      vertex -34.8335 81.7724 2.17369
    endloop
  endfacet
  facet normal -0.814149 0.519878 -0.258629
    outer loop
      vertex -34.8547 81.7393 2.17369
      vertex -34.6872 81.688 1.54329
      vertex -34.7084 81.6548 1.54329
    endloop
  endfacet
  facet normal -0.595467 0.382032 -0.706732
    outer loop
      vertex -34.0262 81.2609 0.516617
      vertex -34.4046 81.5248 0.978097
      vertex -34.0049 81.2941 0.516617
    endloop
  endfacet
  facet normal -0.595769 0.38158 -0.706722
    outer loop
      vertex -34.4046 81.5248 0.978097
      vertex -34.0262 81.2609 0.516617
      vertex -34.4258 81.4917 0.978097
    endloop
  endfacet
  facet normal -0.217868 0.140199 -0.965856
    outer loop
      vertex -32.9908 80.6632 0.0213881
      vertex -33.5155 81.0115 0.190302
      vertex -32.9695 80.6963 0.0213881
    endloop
  endfacet
  facet normal -0.218174 0.139737 -0.965854
    outer loop
      vertex -33.5155 81.0115 0.190302
      vertex -32.9908 80.6632 0.0213881
      vertex -33.5367 80.9784 0.190302
    endloop
  endfacet
  facet normal -0.730075 0.466192 -0.499655
    outer loop
      vertex -34.4046 81.5248 0.978097
      vertex -34.7084 81.6548 1.54329
      vertex -34.6872 81.688 1.54329
    endloop
  endfacet
  facet normal -0.729477 0.467218 -0.49957
    outer loop
      vertex -34.7084 81.6548 1.54329
      vertex -34.4046 81.5248 0.978097
      vertex -34.4258 81.4917 0.978097
    endloop
  endfacet
  facet normal 0.0127084 0.258796 -0.965848
    outer loop
      vertex 22.2788 80.8587 0.0213881
      vertex 22.9386 81.4567 0.190302
      vertex 22.9386 80.8263 0.0213881
    endloop
  endfacet
  facet normal 0.0127261 0.258778 -0.965853
    outer loop
      vertex 22.9386 81.4567 0.190302
      vertex 22.2788 80.8587 0.0213881
      vertex 22.3062 81.4878 0.190302
    endloop
  endfacet
  facet normal -0.421412 0.269907 -0.865773
    outer loop
      vertex -33.5367 80.9784 0.190302
      vertex -34.0049 81.2941 0.516617
      vertex -33.5155 81.0115 0.190302
    endloop
  endfacet
  facet normal -0.421199 0.270227 -0.865777
    outer loop
      vertex -34.0049 81.2941 0.516617
      vertex -33.5367 80.9784 0.190302
      vertex -34.0262 81.2609 0.516617
    endloop
  endfacet
  facet normal 0.0490402 0.998797 -0
    outer loop
      vertex 22.9386 82.9786 2.17369
      vertex 22.3724 83.0064 7
      vertex 22.9386 82.9786 7
    endloop
  endfacet
  facet normal 0.0490402 0.998797 0
    outer loop
      vertex 22.3724 83.0064 7
      vertex 22.9386 82.9786 2.17369
      vertex 22.3724 83.0064 2.17369
    endloop
  endfacet
  facet normal 0.0245812 0.499845 -0.865766
    outer loop
      vertex 22.3062 81.4878 0.190302
      vertex 22.9386 82.0219 0.516617
      vertex 22.9386 81.4567 0.190302
    endloop
  endfacet
  facet normal 0.0245889 0.499838 -0.86577
    outer loop
      vertex 22.9386 82.0219 0.516617
      vertex 22.3062 81.4878 0.190302
      vertex 22.3308 82.0518 0.516617
    endloop
  endfacet
  facet normal 0.146899 0.989152 -0
    outer loop
      vertex 22.3724 83.0064 2.17369
      vertex 22.1778 83.0353 7
      vertex 22.3724 83.0064 7
    endloop
  endfacet
  facet normal 0.146899 0.989152 0
    outer loop
      vertex 22.1778 83.0353 7
      vertex 22.3724 83.0064 2.17369
      vertex 22.1778 83.0353 2.17369
    endloop
  endfacet
  facet normal -0.420983 0.27052 -0.86579
    outer loop
      vertex -33.5155 81.0115 0.190302
      vertex -33.9356 81.4021 0.516617
      vertex -33.4461 81.1195 0.190302
    endloop
  endfacet
  facet normal -0.421197 0.270268 -0.865764
    outer loop
      vertex -33.9356 81.4021 0.516617
      vertex -33.5155 81.0115 0.190302
      vertex -34.0049 81.2941 0.516617
    endloop
  endfacet
  facet normal 0.126989 0.858101 -0.497531
    outer loop
      vertex 22.3509 82.5123 0.978097
      vertex 22.134 82.8721 1.54329
      vertex 22.3651 82.8379 1.54329
    endloop
  endfacet
  facet normal 0.127021 0.858103 -0.497519
    outer loop
      vertex 22.134 82.8721 1.54329
      vertex 22.3509 82.5123 0.978097
      vertex 22.0496 82.5569 0.978097
    endloop
  endfacet
  facet normal 0.0382193 0.257574 -0.965503
    outer loop
      vertex 22.2788 80.8587 0.0213881
      vertex 21.7839 81.5653 0.190302
      vertex 22.3062 81.4878 0.190302
    endloop
  endfacet
  facet normal 0.0381975 0.25756 -0.965507
    outer loop
      vertex 21.7839 81.5653 0.190302
      vertex 22.2788 80.8587 0.0213881
      vertex 21.6207 80.9563 0.0213881
    endloop
  endfacet
  facet normal -0.595495 0.382109 -0.706667
    outer loop
      vertex -34.0049 81.2941 0.516617
      vertex -34.3352 81.6328 0.978097
      vertex -33.9356 81.4021 0.516617
    endloop
  endfacet
  facet normal -0.5952 0.382471 -0.70672
    outer loop
      vertex -34.3352 81.6328 0.978097
      vertex -34.0049 81.2941 0.516617
      vertex -34.4046 81.5248 0.978097
    endloop
  endfacet
  facet normal -0.218065 0.139925 -0.965851
    outer loop
      vertex -32.9695 80.6963 0.0213881
      vertex -33.4461 81.1195 0.190302
      vertex -32.9002 80.8043 0.0213881
    endloop
  endfacet
  facet normal -0.217952 0.140054 -0.965858
    outer loop
      vertex -33.4461 81.1195 0.190302
      vertex -32.9695 80.6963 0.0213881
      vertex -33.5155 81.0115 0.190302
    endloop
  endfacet
  facet normal 0.103879 0.701763 -0.704797
    outer loop
      vertex 22.3308 82.0518 0.516617
      vertex 22.0496 82.5569 0.978097
      vertex 22.3509 82.5123 0.978097
    endloop
  endfacet
  facet normal 0.104035 0.701797 -0.704739
    outer loop
      vertex 22.0496 82.5569 0.978097
      vertex 22.3308 82.0518 0.516617
      vertex 21.9301 82.1112 0.516617
    endloop
  endfacet
  facet normal -0.812681 0.522223 -0.25852
    outer loop
      vertex -34.6178 81.796 1.54329
      vertex -34.8335 81.7724 2.17369
      vertex -34.7641 81.8804 2.17369
    endloop
  endfacet
  facet normal -0.812681 0.522223 -0.25852
    outer loop
      vertex -34.8335 81.7724 2.17369
      vertex -34.6178 81.796 1.54329
      vertex -34.6872 81.688 1.54329
    endloop
  endfacet
  facet normal -0.84128 0.5406 0
    outer loop
      vertex -34.8335 81.7724 2.17369
      vertex -34.7641 81.8804 7
      vertex -34.7641 81.8804 2.17369
    endloop
  endfacet
  facet normal -0.84128 0.5406 0
    outer loop
      vertex -34.7641 81.8804 7
      vertex -34.8335 81.7724 2.17369
      vertex -34.8335 81.7724 7
    endloop
  endfacet
  facet normal -0.728761 0.468296 -0.499606
    outer loop
      vertex -34.3352 81.6328 0.978097
      vertex -34.6872 81.688 1.54329
      vertex -34.6178 81.796 1.54329
    endloop
  endfacet
  facet normal -0.728761 0.468296 -0.499606
    outer loop
      vertex -34.6872 81.688 1.54329
      vertex -34.3352 81.6328 0.978097
      vertex -34.4046 81.5248 0.978097
    endloop
  endfacet
  facet normal 0.141959 0.955889 -0.257144
    outer loop
      vertex 22.3651 82.8379 1.54329
      vertex 22.1778 83.0353 2.17369
      vertex 22.3724 83.0064 2.17369
    endloop
  endfacet
  facet normal 0.141465 0.955921 -0.257301
    outer loop
      vertex 22.1778 83.0353 2.17369
      vertex 22.3651 82.8379 1.54329
      vertex 22.134 82.8721 1.54329
    endloop
  endfacet
  facet normal 0.0736789 0.497023 -0.864604
    outer loop
      vertex 22.3062 81.4878 0.190302
      vertex 21.9301 82.1112 0.516617
      vertex 22.3308 82.0518 0.516617
    endloop
  endfacet
  facet normal 0.0737541 0.497055 -0.864579
    outer loop
      vertex 21.9301 82.1112 0.516617
      vertex 22.3062 81.4878 0.190302
      vertex 21.7839 81.5653 0.190302
    endloop
  endfacet
  facet normal -0.841545 0.540187 0
    outer loop
      vertex -34.7641 81.8804 2.17369
      vertex -34.6492 82.0594 7
      vertex -34.6492 82.0594 2.17369
    endloop
  endfacet
  facet normal -0.841545 0.540187 0
    outer loop
      vertex -34.6492 82.0594 7
      vertex -34.7641 81.8804 2.17369
      vertex -34.7641 81.8804 7
    endloop
  endfacet
  facet normal 0.234762 0.936949 -0.258871
    outer loop
      vertex 22.134 82.8721 1.54329
      vertex 21.4634 83.2143 2.17369
      vertex 22.1778 83.0353 2.17369
    endloop
  endfacet
  facet normal 0.234795 0.93695 -0.258837
    outer loop
      vertex 21.4634 83.2143 2.17369
      vertex 22.134 82.8721 1.54329
      vertex 21.4197 83.0511 1.54329
    endloop
  endfacet
  facet normal -0.421138 0.270329 -0.865774
    outer loop
      vertex -33.4461 81.1195 0.190302
      vertex -33.8207 81.581 0.516617
      vertex -33.3312 81.2985 0.190302
    endloop
  endfacet
  facet normal -0.421043 0.270419 -0.865792
    outer loop
      vertex -33.8207 81.581 0.516617
      vertex -33.4461 81.1195 0.190302
      vertex -33.9356 81.4021 0.516617
    endloop
  endfacet
  facet normal 0.243047 0.970015 -0
    outer loop
      vertex 22.1778 83.0353 2.17369
      vertex 21.4634 83.2143 7
      vertex 22.1778 83.0353 7
    endloop
  endfacet
  facet normal 0.243047 0.970015 0
    outer loop
      vertex 21.4634 83.2143 7
      vertex 22.1778 83.0353 2.17369
      vertex 21.4634 83.2143 2.17369
    endloop
  endfacet
  facet normal -0.218043 0.139962 -0.965851
    outer loop
      vertex -32.9002 80.8043 0.0213881
      vertex -33.3312 81.2985 0.190302
      vertex -32.7853 80.9833 0.0213881
    endloop
  endfacet
  facet normal -0.218043 0.139962 -0.965851
    outer loop
      vertex -33.3312 81.2985 0.190302
      vertex -32.9002 80.8043 0.0213881
      vertex -33.4461 81.1195 0.190302
    endloop
  endfacet
  facet normal -0.812919 0.521812 -0.258603
    outer loop
      vertex -34.5029 81.9749 1.54329
      vertex -34.7641 81.8804 2.17369
      vertex -34.6492 82.0594 2.17369
    endloop
  endfacet
  facet normal -0.812804 0.52203 -0.258523
    outer loop
      vertex -34.7641 81.8804 2.17369
      vertex -34.5029 81.9749 1.54329
      vertex -34.6178 81.796 1.54329
    endloop
  endfacet
  facet normal 0.210521 0.840084 -0.49994
    outer loop
      vertex 22.0496 82.5569 0.978097
      vertex 21.4197 83.0511 1.54329
      vertex 22.134 82.8721 1.54329
    endloop
  endfacet
  facet normal 0.210521 0.840084 -0.49994
    outer loop
      vertex 21.4197 83.0511 1.54329
      vertex 22.0496 82.5569 0.978097
      vertex 21.3353 82.7359 0.978097
    endloop
  endfacet
  facet normal 0.121497 0.485103 -0.865975
    outer loop
      vertex 21.7839 81.5653 0.190302
      vertex 21.2158 82.2901 0.516617
      vertex 21.9301 82.1112 0.516617
    endloop
  endfacet
  facet normal 0.121477 0.485092 -0.865985
    outer loop
      vertex 21.2158 82.2901 0.516617
      vertex 21.7839 81.5653 0.190302
      vertex 21.0695 81.7442 0.190302
    endloop
  endfacet
  facet normal -0.7289 0.468142 -0.499548
    outer loop
      vertex -34.2203 81.8118 0.978097
      vertex -34.6178 81.796 1.54329
      vertex -34.5029 81.9749 1.54329
    endloop
  endfacet
  facet normal -0.728986 0.467936 -0.499615
    outer loop
      vertex -34.6178 81.796 1.54329
      vertex -34.2203 81.8118 0.978097
      vertex -34.3352 81.6328 0.978097
    endloop
  endfacet
  facet normal -0.595306 0.38234 -0.706701
    outer loop
      vertex -33.9356 81.4021 0.516617
      vertex -34.2203 81.8118 0.978097
      vertex -33.8207 81.581 0.516617
    endloop
  endfacet
  facet normal -0.595435 0.382209 -0.706664
    outer loop
      vertex -34.2203 81.8118 0.978097
      vertex -33.9356 81.4021 0.516617
      vertex -34.3352 81.6328 0.978097
    endloop
  endfacet
  facet normal 0.171901 0.685973 -0.70703
    outer loop
      vertex 21.9301 82.1112 0.516617
      vertex 21.3353 82.7359 0.978097
      vertex 22.0496 82.5569 0.978097
    endloop
  endfacet
  facet normal 0.171793 0.685924 -0.707104
    outer loop
      vertex 21.3353 82.7359 0.978097
      vertex 21.9301 82.1112 0.516617
      vertex 21.2158 82.2901 0.516617
    endloop
  endfacet
  facet normal 0.0628714 0.251064 -0.965927
    outer loop
      vertex 21.6207 80.9563 0.0213881
      vertex 21.0695 81.7442 0.190302
      vertex 21.7839 81.5653 0.190302
    endloop
  endfacet
  facet normal 0.0629239 0.251098 -0.965914
    outer loop
      vertex 21.0695 81.7442 0.190302
      vertex 21.6207 80.9563 0.0213881
      vertex 20.9064 81.1353 0.0213881
    endloop
  endfacet
  facet normal -0.841531 0.540209 0
    outer loop
      vertex -34.6492 82.0594 2.17369
      vertex -34.49 82.3074 7
      vertex -34.49 82.3074 2.17369
    endloop
  endfacet
  facet normal -0.841531 0.540209 0
    outer loop
      vertex -34.49 82.3074 7
      vertex -34.6492 82.0594 2.17369
      vertex -34.6492 82.0594 7
    endloop
  endfacet
  facet normal -0.729136 0.467764 -0.499557
    outer loop
      vertex -34.0612 82.0598 0.978097
      vertex -34.5029 81.9749 1.54329
      vertex -34.3438 82.2229 1.54329
    endloop
  endfacet
  facet normal -0.729136 0.467764 -0.499557
    outer loop
      vertex -34.5029 81.9749 1.54329
      vertex -34.0612 82.0598 0.978097
      vertex -34.2203 81.8118 0.978097
    endloop
  endfacet
  facet normal 0.168888 0.471969 -0.865287
    outer loop
      vertex 20.4941 81.9501 0.190302
      vertex 21.2158 82.2901 0.516617
      vertex 21.0695 81.7442 0.190302
    endloop
  endfacet
  facet normal 0.16887 0.471997 -0.865276
    outer loop
      vertex 21.2158 82.2901 0.516617
      vertex 20.4941 81.9501 0.190302
      vertex 20.7099 82.4711 0.516617
    endloop
  endfacet
  facet normal 0.325345 0.909701 -0.25806
    outer loop
      vertex 21.4197 83.0511 1.54329
      vertex 21.0753 83.3531 2.17369
      vertex 21.4634 83.2143 2.17369
    endloop
  endfacet
  facet normal 0.325473 0.909678 -0.257979
    outer loop
      vertex 21.0753 83.3531 2.17369
      vertex 21.4197 83.0511 1.54329
      vertex 21.0108 83.1974 1.54329
    endloop
  endfacet
  facet normal 0.336751 0.941594 -0
    outer loop
      vertex 21.4634 83.2143 2.17369
      vertex 21.0753 83.3531 7
      vertex 21.4634 83.2143 7
    endloop
  endfacet
  facet normal 0.336751 0.941594 0
    outer loop
      vertex 21.0753 83.3531 7
      vertex 21.4634 83.2143 2.17369
      vertex 21.0753 83.3531 2.17369
    endloop
  endfacet
  facet normal -0.812933 0.52185 -0.258482
    outer loop
      vertex -34.3438 82.2229 1.54329
      vertex -34.6492 82.0594 2.17369
      vertex -34.49 82.3074 2.17369
    endloop
  endfacet
  facet normal -0.813054 0.5216 -0.258606
    outer loop
      vertex -34.6492 82.0594 2.17369
      vertex -34.3438 82.2229 1.54329
      vertex -34.5029 81.9749 1.54329
    endloop
  endfacet
  facet normal 0.0874548 0.244469 -0.965705
    outer loop
      vertex 20.2534 81.3689 0.0213881
      vertex 21.0695 81.7442 0.190302
      vertex 20.9064 81.1353 0.0213881
    endloop
  endfacet
  facet normal 0.0874697 0.244439 -0.965711
    outer loop
      vertex 21.0695 81.7442 0.190302
      vertex 20.2534 81.3689 0.0213881
      vertex 20.4941 81.9501 0.190302
    endloop
  endfacet
  facet normal -0.218016 0.140009 -0.96585
    outer loop
      vertex -32.7853 80.9833 0.0213881
      vertex -33.172 81.5464 0.190302
      vertex -32.6261 81.2312 0.0213881
    endloop
  endfacet
  facet normal -0.218016 0.140009 -0.96585
    outer loop
      vertex -33.172 81.5464 0.190302
      vertex -32.7853 80.9833 0.0213881
      vertex -33.3312 81.2985 0.190302
    endloop
  endfacet
  facet normal -0.595336 0.382167 -0.70677
    outer loop
      vertex -33.8207 81.581 0.516617
      vertex -34.0612 82.0598 0.978097
      vertex -33.6615 81.829 0.516617
    endloop
  endfacet
  facet normal -0.595495 0.38203 -0.70671
    outer loop
      vertex -34.0612 82.0598 0.978097
      vertex -33.8207 81.581 0.516617
      vertex -34.2203 81.8118 0.978097
    endloop
  endfacet
  facet normal 0.238583 0.666847 -0.70597
    outer loop
      vertex 20.7099 82.4711 0.516617
      vertex 21.3353 82.7359 0.978097
      vertex 21.2158 82.2901 0.516617
    endloop
  endfacet
  facet normal 0.238606 0.666821 -0.705986
    outer loop
      vertex 21.3353 82.7359 0.978097
      vertex 20.7099 82.4711 0.516617
      vertex 20.8862 82.8966 0.978097
    endloop
  endfacet
  facet normal 0.29199 0.816096 -0.498728
    outer loop
      vertex 21.3353 82.7359 0.978097
      vertex 21.0108 83.1974 1.54329
      vertex 21.4197 83.0511 1.54329
    endloop
  endfacet
  facet normal 0.292021 0.816096 -0.49871
    outer loop
      vertex 21.0108 83.1974 1.54329
      vertex 21.3353 82.7359 0.978097
      vertex 20.8862 82.8966 0.978097
    endloop
  endfacet
  facet normal -0.421055 0.270399 -0.865793
    outer loop
      vertex -33.3312 81.2985 0.190302
      vertex -33.6615 81.829 0.516617
      vertex -33.172 81.5464 0.190302
    endloop
  endfacet
  facet normal -0.421132 0.27034 -0.865774
    outer loop
      vertex -33.6615 81.829 0.516617
      vertex -33.3312 81.2985 0.190302
      vertex -33.8207 81.581 0.516617
    endloop
  endfacet
  facet normal 0.427617 0.90396 -0
    outer loop
      vertex 21.0753 83.3531 2.17369
      vertex 20.7024 83.5295 7
      vertex 21.0753 83.3531 7
    endloop
  endfacet
  facet normal 0.427617 0.90396 0
    outer loop
      vertex 20.7024 83.5295 7
      vertex 21.0753 83.3531 2.17369
      vertex 20.7024 83.5295 2.17369
    endloop
  endfacet
  facet normal -0.841586 0.540123 0
    outer loop
      vertex -34.49 82.3074 2.17369
      vertex -34.2879 82.6223 7
      vertex -34.2879 82.6223 2.17369
    endloop
  endfacet
  facet normal -0.841586 0.540123 0
    outer loop
      vertex -34.2879 82.6223 7
      vertex -34.49 82.3074 2.17369
      vertex -34.49 82.3074 7
    endloop
  endfacet
  facet normal 0.413143 0.873361 -0.257979
    outer loop
      vertex 21.0108 83.1974 1.54329
      vertex 20.7024 83.5295 2.17369
      vertex 21.0753 83.3531 2.17369
    endloop
  endfacet
  facet normal 0.413116 0.873369 -0.257996
    outer loop
      vertex 20.7024 83.5295 2.17369
      vertex 21.0108 83.1974 1.54329
      vertex 20.618 83.3832 1.54329
    endloop
  endfacet
  facet normal -0.812959 0.52175 -0.258604
    outer loop
      vertex -34.1416 82.5378 1.54329
      vertex -34.49 82.3074 2.17369
      vertex -34.2879 82.6223 2.17369
    endloop
  endfacet
  facet normal -0.812869 0.52195 -0.258481
    outer loop
      vertex -34.49 82.3074 2.17369
      vertex -34.1416 82.5378 1.54329
      vertex -34.3438 82.2229 1.54329
    endloop
  endfacet
  facet normal 0.111016 0.234688 -0.965711
    outer loop
      vertex 20.2534 81.3689 0.0213881
      vertex 19.9415 82.2115 0.190302
      vertex 20.4941 81.9501 0.190302
    endloop
  endfacet
  facet normal 0.110998 0.234682 -0.965714
    outer loop
      vertex 19.9415 82.2115 0.190302
      vertex 20.2534 81.3689 0.0213881
      vertex 19.6263 81.6655 0.0213881
    endloop
  endfacet
  facet normal 0.370623 0.783535 -0.498709
    outer loop
      vertex 20.8862 82.8966 0.978097
      vertex 20.618 83.3832 1.54329
      vertex 21.0108 83.1974 1.54329
    endloop
  endfacet
  facet normal 0.370523 0.783546 -0.498767
    outer loop
      vertex 20.618 83.3832 1.54329
      vertex 20.8862 82.8966 0.978097
      vertex 20.4548 83.1006 0.978097
    endloop
  endfacet
  facet normal -0.728918 0.468045 -0.499612
    outer loop
      vertex -33.859 82.3746 0.978097
      vertex -34.3438 82.2229 1.54329
      vertex -34.1416 82.5378 1.54329
    endloop
  endfacet
  facet normal -0.728882 0.46817 -0.499547
    outer loop
      vertex -34.3438 82.2229 1.54329
      vertex -33.859 82.3746 0.978097
      vertex -34.0612 82.0598 0.978097
    endloop
  endfacet
  facet normal 0.214435 0.453122 -0.865273
    outer loop
      vertex 20.4941 81.9501 0.190302
      vertex 20.2241 82.701 0.516617
      vertex 20.7099 82.4711 0.516617
    endloop
  endfacet
  facet normal 0.214333 0.453101 -0.86531
    outer loop
      vertex 20.2241 82.701 0.516617
      vertex 20.4941 81.9501 0.190302
      vertex 19.9415 82.2115 0.190302
    endloop
  endfacet
  facet normal 0.302759 0.640245 -0.705991
    outer loop
      vertex 20.7099 82.4711 0.516617
      vertex 20.4548 83.1006 0.978097
      vertex 20.8862 82.8966 0.978097
    endloop
  endfacet
  facet normal 0.302996 0.640258 -0.705877
    outer loop
      vertex 20.4548 83.1006 0.978097
      vertex 20.7099 82.4711 0.516617
      vertex 20.2241 82.701 0.516617
    endloop
  endfacet
  facet normal -0.595463 0.382163 -0.706665
    outer loop
      vertex -33.6615 81.829 0.516617
      vertex -33.859 82.3746 0.978097
      vertex -33.4594 82.1439 0.516617
    endloop
  endfacet
  facet normal -0.595238 0.382329 -0.706765
    outer loop
      vertex -33.859 82.3746 0.978097
      vertex -33.6615 81.829 0.516617
      vertex -34.0612 82.0598 0.978097
    endloop
  endfacet
  facet normal -0.421128 0.270276 -0.865796
    outer loop
      vertex -33.172 81.5464 0.190302
      vertex -33.4594 82.1439 0.516617
      vertex -32.9699 81.8613 0.190302
    endloop
  endfacet
  facet normal -0.421128 0.270276 -0.865796
    outer loop
      vertex -33.4594 82.1439 0.516617
      vertex -33.172 81.5464 0.190302
      vertex -33.6615 81.829 0.516617
    endloop
  endfacet
  facet normal -0.217997 0.139977 -0.965859
    outer loop
      vertex -32.6261 81.2312 0.0213881
      vertex -32.9699 81.8613 0.190302
      vertex -32.4239 81.5461 0.0213881
    endloop
  endfacet
  facet normal -0.218053 0.139945 -0.965851
    outer loop
      vertex -32.9699 81.8613 0.190302
      vertex -32.6261 81.2312 0.0213881
      vertex -33.172 81.5464 0.190302
    endloop
  endfacet
  facet normal -0.421166 0.270321 -0.865763
    outer loop
      vertex -32.9699 81.8613 0.190302
      vertex -33.2163 82.5225 0.516617
      vertex -32.7269 82.2399 0.190302
    endloop
  endfacet
  facet normal -0.421072 0.270371 -0.865793
    outer loop
      vertex -33.2163 82.5225 0.516617
      vertex -32.9699 81.8613 0.190302
      vertex -33.4594 82.1439 0.516617
    endloop
  endfacet
  facet normal 0.445209 0.742839 -0.499979
    outer loop
      vertex 20.4548 83.1006 0.978097
      vertex 19.9863 83.7618 1.54329
      vertex 20.618 83.3832 1.54329
    endloop
  endfacet
  facet normal 0.445279 0.742837 -0.499919
    outer loop
      vertex 19.9863 83.7618 1.54329
      vertex 20.4548 83.1006 0.978097
      vertex 19.8232 83.4792 0.978097
    endloop
  endfacet
  facet normal 0.133059 0.22201 -0.965923
    outer loop
      vertex 18.9946 82.0441 0.0213881
      vertex 19.9415 82.2115 0.190302
      vertex 19.6263 81.6655 0.0213881
    endloop
  endfacet
  facet normal 0.133059 0.22201 -0.965923
    outer loop
      vertex 19.9415 82.2115 0.190302
      vertex 18.9946 82.0441 0.0213881
      vertex 19.3098 82.5901 0.190302
    endloop
  endfacet
  facet normal 0.363486 0.606643 -0.707009
    outer loop
      vertex 19.5924 83.0795 0.516617
      vertex 20.4548 83.1006 0.978097
      vertex 20.2241 82.701 0.516617
    endloop
  endfacet
  facet normal 0.363546 0.606486 -0.707113
    outer loop
      vertex 20.4548 83.1006 0.978097
      vertex 19.5924 83.0795 0.516617
      vertex 19.8232 83.4792 0.978097
    endloop
  endfacet
  facet normal 0.496625 0.828496 -0.258763
    outer loop
      vertex 20.618 83.3832 1.54329
      vertex 20.0708 83.9081 2.17369
      vertex 20.7024 83.5295 2.17369
    endloop
  endfacet
  facet normal 0.496557 0.828513 -0.258837
    outer loop
      vertex 20.0708 83.9081 2.17369
      vertex 20.618 83.3832 1.54329
      vertex 19.9863 83.7618 1.54329
    endloop
  endfacet
  facet normal -0.812896 0.521886 -0.258525
    outer loop
      vertex -33.8986 82.9164 1.54329
      vertex -34.2879 82.6223 2.17369
      vertex -34.0449 83.0008 2.17369
    endloop
  endfacet
  facet normal -0.812941 0.521777 -0.258603
    outer loop
      vertex -34.2879 82.6223 2.17369
      vertex -33.8986 82.9164 1.54329
      vertex -34.1416 82.5378 1.54329
    endloop
  endfacet
  facet normal -0.841503 0.540252 0
    outer loop
      vertex -34.2879 82.6223 2.17369
      vertex -34.0449 83.0008 7
      vertex -34.0449 83.0008 2.17369
    endloop
  endfacet
  facet normal -0.841503 0.540252 0
    outer loop
      vertex -34.0449 83.0008 7
      vertex -34.2879 82.6223 2.17369
      vertex -34.2879 82.6223 7
    endloop
  endfacet
  facet normal -0.729006 0.467904 -0.499615
    outer loop
      vertex -33.616 82.7532 0.978097
      vertex -34.1416 82.5378 1.54329
      vertex -33.8986 82.9164 1.54329
    endloop
  endfacet
  facet normal -0.729006 0.467904 -0.499615
    outer loop
      vertex -34.1416 82.5378 1.54329
      vertex -33.616 82.7532 0.978097
      vertex -33.859 82.3746 0.978097
    endloop
  endfacet
  facet normal 0.514136 0.857709 -0
    outer loop
      vertex 20.7024 83.5295 2.17369
      vertex 20.0708 83.9081 7
      vertex 20.7024 83.5295 7
    endloop
  endfacet
  facet normal 0.514136 0.857709 0
    outer loop
      vertex 20.0708 83.9081 7
      vertex 20.7024 83.5295 2.17369
      vertex 20.0708 83.9081 2.17369
    endloop
  endfacet
  facet normal 0.257055 0.428901 -0.866006
    outer loop
      vertex 19.3098 82.5901 0.190302
      vertex 20.2241 82.701 0.516617
      vertex 19.9415 82.2115 0.190302
    endloop
  endfacet
  facet normal 0.257034 0.428979 -0.865974
    outer loop
      vertex 20.2241 82.701 0.516617
      vertex 19.3098 82.5901 0.190302
      vertex 19.5924 83.0795 0.516617
    endloop
  endfacet
  facet normal -0.595327 0.382261 -0.706726
    outer loop
      vertex -33.4594 82.1439 0.516617
      vertex -33.616 82.7532 0.978097
      vertex -33.2163 82.5225 0.516617
    endloop
  endfacet
  facet normal -0.59545 0.382183 -0.706665
    outer loop
      vertex -33.616 82.7532 0.978097
      vertex -33.4594 82.1439 0.516617
      vertex -33.859 82.3746 0.978097
    endloop
  endfacet
  facet normal -0.218022 0.139935 -0.96586
    outer loop
      vertex -32.4239 81.5461 0.0213881
      vertex -32.7269 82.2399 0.190302
      vertex -32.1809 81.9247 0.0213881
    endloop
  endfacet
  facet normal -0.218022 0.139935 -0.96586
    outer loop
      vertex -32.7269 82.2399 0.190302
      vertex -32.4239 81.5461 0.0213881
      vertex -32.9699 81.8613 0.190302
    endloop
  endfacet
  facet normal 0.873361 0.413143 -0.257979
    outer loop
      vertex 18.5295 85.7024 2.17369
      vertex 18.1974 86.0108 1.54329
      vertex 18.3531 86.0753 2.17369
    endloop
  endfacet
  facet normal 0.873369 0.413116 -0.257996
    outer loop
      vertex 18.1974 86.0108 1.54329
      vertex 18.5295 85.7024 2.17369
      vertex 18.3832 85.618 1.54329
    endloop
  endfacet
  facet normal 0.640258 0.302996 -0.705877
    outer loop
      vertex 17.4711 85.7099 0.516617
      vertex 18.1006 85.4548 0.978097
      vertex 17.701 85.2241 0.516617
    endloop
  endfacet
  facet normal 0.640245 0.302759 -0.705991
    outer loop
      vertex 18.1006 85.4548 0.978097
      vertex 17.4711 85.7099 0.516617
      vertex 17.8966 85.8862 0.978097
    endloop
  endfacet
  facet normal -0.595286 0.382249 -0.706767
    outer loop
      vertex -31.482 85.2241 0.516617
      vertex -31.4543 86.1205 0.978097
      vertex -31.0546 85.8897 0.516617
    endloop
  endfacet
  facet normal -0.595439 0.382201 -0.706664
    outer loop
      vertex -31.4543 86.1205 0.978097
      vertex -31.482 85.2241 0.516617
      vertex -31.8816 85.4548 0.978097
    endloop
  endfacet
  facet normal 0.90396 0.427617 0
    outer loop
      vertex 18.5295 85.7024 7
      vertex 18.3531 86.0753 2.17369
      vertex 18.3531 86.0753 7
    endloop
  endfacet
  facet normal 0.90396 0.427617 0
    outer loop
      vertex 18.3531 86.0753 2.17369
      vertex 18.5295 85.7024 7
      vertex 18.5295 85.7024 2.17369
    endloop
  endfacet
  facet normal 0.453101 0.214333 -0.86531
    outer loop
      vertex 16.9501 85.4941 0.190302
      vertex 17.701 85.2241 0.516617
      vertex 17.2115 84.9415 0.190302
    endloop
  endfacet
  facet normal 0.453122 0.214435 -0.865273
    outer loop
      vertex 17.701 85.2241 0.516617
      vertex 16.9501 85.4941 0.190302
      vertex 17.4711 85.7099 0.516617
    endloop
  endfacet
  facet normal 0.234682 0.110998 -0.965714
    outer loop
      vertex 16.3689 85.2534 0.0213881
      vertex 17.2115 84.9415 0.190302
      vertex 16.6655 84.6263 0.0213881
    endloop
  endfacet
  facet normal 0.234688 0.111016 -0.965711
    outer loop
      vertex 17.2115 84.9415 0.190302
      vertex 16.3689 85.2534 0.0213881
      vertex 16.9501 85.4941 0.190302
    endloop
  endfacet
  facet normal 0.783535 0.370623 -0.498709
    outer loop
      vertex 18.3832 85.618 1.54329
      vertex 17.8966 85.8862 0.978097
      vertex 18.1974 86.0108 1.54329
    endloop
  endfacet
  facet normal 0.783546 0.370523 -0.498767
    outer loop
      vertex 17.8966 85.8862 0.978097
      vertex 18.3832 85.618 1.54329
      vertex 18.1006 85.4548 0.978097
    endloop
  endfacet
  facet normal -0.812897 0.521905 -0.258481
    outer loop
      vertex -31.7369 86.2836 1.54329
      vertex -32.3105 85.7024 2.17369
      vertex -31.8831 86.3681 2.17369
    endloop
  endfacet
  facet normal -0.812908 0.521868 -0.258525
    outer loop
      vertex -32.3105 85.7024 2.17369
      vertex -31.7369 86.2836 1.54329
      vertex -32.1642 85.618 1.54329
    endloop
  endfacet
  facet normal -0.728991 0.467996 -0.499552
    outer loop
      vertex -31.4543 86.1205 0.978097
      vertex -32.1642 85.618 1.54329
      vertex -31.7369 86.2836 1.54329
    endloop
  endfacet
  facet normal -0.728992 0.467926 -0.499615
    outer loop
      vertex -32.1642 85.618 1.54329
      vertex -31.4543 86.1205 0.978097
      vertex -31.8816 85.4548 0.978097
    endloop
  endfacet
  facet normal -0.218031 0.139983 -0.965851
    outer loop
      vertex -30.4466 84.6263 0.0213881
      vertex -30.5651 85.6072 0.190302
      vertex -30.0192 85.292 0.0213881
    endloop
  endfacet
  facet normal -0.218031 0.139983 -0.965851
    outer loop
      vertex -30.5651 85.6072 0.190302
      vertex -30.4466 84.6263 0.0213881
      vertex -30.9925 84.9415 0.190302
    endloop
  endfacet
  facet normal -0.841495 0.540266 0
    outer loop
      vertex -32.3105 85.7024 2.17369
      vertex -31.8831 86.3681 7
      vertex -31.8831 86.3681 2.17369
    endloop
  endfacet
  facet normal -0.841495 0.540266 0
    outer loop
      vertex -31.8831 86.3681 7
      vertex -32.3105 85.7024 2.17369
      vertex -32.3105 85.7024 7
    endloop
  endfacet
  facet normal -0.421115 0.270369 -0.865773
    outer loop
      vertex -30.9925 84.9415 0.190302
      vertex -31.0546 85.8897 0.516617
      vertex -30.5651 85.6072 0.190302
    endloop
  endfacet
  facet normal -0.421067 0.270379 -0.865793
    outer loop
      vertex -31.0546 85.8897 0.516617
      vertex -30.9925 84.9415 0.190302
      vertex -31.482 85.2241 0.516617
    endloop
  endfacet
  facet normal -0.841499 0.540259 0
    outer loop
      vertex -32.716 85.0708 2.17369
      vertex -32.3105 85.7024 7
      vertex -32.3105 85.7024 2.17369
    endloop
  endfacet
  facet normal -0.841499 0.540259 0
    outer loop
      vertex -32.3105 85.7024 7
      vertex -32.716 85.0708 2.17369
      vertex -32.716 85.0708 7
    endloop
  endfacet
  facet normal -0.421105 0.270315 -0.865795
    outer loop
      vertex -31.398 84.3098 0.190302
      vertex -31.482 85.2241 0.516617
      vertex -30.9925 84.9415 0.190302
    endloop
  endfacet
  facet normal -0.421105 0.270315 -0.865795
    outer loop
      vertex -31.482 85.2241 0.516617
      vertex -31.398 84.3098 0.190302
      vertex -31.8875 84.5924 0.516617
    endloop
  endfacet
  facet normal -0.812892 0.521893 -0.258524
    outer loop
      vertex -32.1642 85.618 1.54329
      vertex -32.716 85.0708 2.17369
      vertex -32.3105 85.7024 2.17369
    endloop
  endfacet
  facet normal -0.812912 0.521823 -0.258603
    outer loop
      vertex -32.716 85.0708 2.17369
      vertex -32.1642 85.618 1.54329
      vertex -32.5697 84.9863 1.54329
    endloop
  endfacet
  facet normal 0.857709 0.514136 0
    outer loop
      vertex 18.9081 85.0708 7
      vertex 18.5295 85.7024 2.17369
      vertex 18.5295 85.7024 7
    endloop
  endfacet
  facet normal 0.857709 0.514136 0
    outer loop
      vertex 18.5295 85.7024 2.17369
      vertex 18.9081 85.0708 7
      vertex 18.9081 85.0708 2.17369
    endloop
  endfacet
  facet normal -0.59543 0.382217 -0.706664
    outer loop
      vertex -31.8875 84.5924 0.516617
      vertex -31.8816 85.4548 0.978097
      vertex -31.482 85.2241 0.516617
    endloop
  endfacet
  facet normal -0.595368 0.382238 -0.706704
    outer loop
      vertex -31.8816 85.4548 0.978097
      vertex -31.8875 84.5924 0.516617
      vertex -32.2871 84.8232 0.978097
    endloop
  endfacet
  facet normal -0.72898 0.467946 -0.499614
    outer loop
      vertex -31.8816 85.4548 0.978097
      vertex -32.5697 84.9863 1.54329
      vertex -32.1642 85.618 1.54329
    endloop
  endfacet
  facet normal -0.728977 0.468018 -0.499551
    outer loop
      vertex -32.5697 84.9863 1.54329
      vertex -31.8816 85.4548 0.978097
      vertex -32.2871 84.8232 0.978097
    endloop
  endfacet
  facet normal 0.22201 0.133059 -0.965923
    outer loop
      vertex 17.0441 83.9946 0.0213881
      vertex 17.2115 84.9415 0.190302
      vertex 17.5901 84.3098 0.190302
    endloop
  endfacet
  facet normal 0.22201 0.133059 -0.965923
    outer loop
      vertex 17.2115 84.9415 0.190302
      vertex 17.0441 83.9946 0.0213881
      vertex 16.6655 84.6263 0.0213881
    endloop
  endfacet
  facet normal 0.606486 0.363546 -0.707113
    outer loop
      vertex 18.0795 84.5924 0.516617
      vertex 18.1006 85.4548 0.978097
      vertex 18.4792 84.8232 0.978097
    endloop
  endfacet
  facet normal 0.606643 0.363486 -0.707009
    outer loop
      vertex 18.1006 85.4548 0.978097
      vertex 18.0795 84.5924 0.516617
      vertex 17.701 85.2241 0.516617
    endloop
  endfacet
  facet normal 0.742839 0.445209 -0.499979
    outer loop
      vertex 18.7618 84.9863 1.54329
      vertex 18.1006 85.4548 0.978097
      vertex 18.3832 85.618 1.54329
    endloop
  endfacet
  facet normal 0.742837 0.445279 -0.499919
    outer loop
      vertex 18.1006 85.4548 0.978097
      vertex 18.7618 84.9863 1.54329
      vertex 18.4792 84.8232 0.978097
    endloop
  endfacet
  facet normal -0.218056 0.13994 -0.965851
    outer loop
      vertex -30.852 83.9946 0.0213881
      vertex -30.9925 84.9415 0.190302
      vertex -30.4466 84.6263 0.0213881
    endloop
  endfacet
  facet normal -0.218014 0.139947 -0.96586
    outer loop
      vertex -30.9925 84.9415 0.190302
      vertex -30.852 83.9946 0.0213881
      vertex -31.398 84.3098 0.190302
    endloop
  endfacet
  facet normal 0.828496 0.496625 -0.258763
    outer loop
      vertex 18.9081 85.0708 2.17369
      vertex 18.3832 85.618 1.54329
      vertex 18.5295 85.7024 2.17369
    endloop
  endfacet
  facet normal 0.828513 0.496557 -0.258837
    outer loop
      vertex 18.3832 85.618 1.54329
      vertex 18.9081 85.0708 2.17369
      vertex 18.7618 84.9863 1.54329
    endloop
  endfacet
  facet normal 0.428979 0.257034 -0.865974
    outer loop
      vertex 17.5901 84.3098 0.190302
      vertex 17.701 85.2241 0.516617
      vertex 18.0795 84.5924 0.516617
    endloop
  endfacet
  facet normal 0.428901 0.257055 -0.866006
    outer loop
      vertex 17.701 85.2241 0.516617
      vertex 17.5901 84.3098 0.190302
      vertex 17.2115 84.9415 0.190302
    endloop
  endfacet
  facet normal -0.0126624 0.258567 -0.96591
    outer loop
      vertex -7.51303 118.942 0.190302
      vertex -7.20673 118.326 0.0213881
      vertex -7.51303 118.311 0.0213881
    endloop
  endfacet
  facet normal -0.0126624 0.258567 -0.96591
    outer loop
      vertex -7.20673 118.326 0.0213881
      vertex -7.51303 118.942 0.190302
      vertex -7.20673 118.957 0.190302
    endloop
  endfacet
  facet normal 0 0.500129 -0.865951
    outer loop
      vertex -7.20673 118.957 0.190302
      vertex 7.19536 119.522 0.516617
      vertex 7.19536 118.957 0.190302
    endloop
  endfacet
  facet normal 0 0.500129 -0.865951
    outer loop
      vertex 7.19536 119.522 0.516617
      vertex -7.20673 118.957 0.190302
      vertex -7.20673 119.522 0.516617
    endloop
  endfacet
  facet normal 0.812962 0.521937 -0.258215
    outer loop
      vertex 17.2233 109.204 2.17369
      vertex 11.4054 117.954 1.54329
      vertex 11.5517 118.038 2.17369
    endloop
  endfacet
  facet normal 0.812814 0.521783 -0.258988
    outer loop
      vertex 11.4054 117.954 1.54329
      vertex 17.2233 109.204 2.17369
      vertex 17.077 109.119 1.54329
    endloop
  endfacet
  facet normal -0.514208 0.857666 0
    outer loop
      vertex -9.68459 119.849 2.17369
      vertex -9.89475 119.723 7
      vertex -9.68459 119.849 7
    endloop
  endfacet
  facet normal -0.514208 0.857666 0
    outer loop
      vertex -9.89475 119.723 7
      vertex -9.68459 119.849 2.17369
      vertex -9.89475 119.723 2.17369
    endloop
  endfacet
  facet normal 0.306478 0.398854 -0.864284
    outer loop
      vertex 9.56379 118.077 0.190302
      vertex 9.76954 118.626 0.516617
      vertex 9.96345 118.477 0.516617
    endloop
  endfacet
  facet normal 0.307996 0.398156 -0.864066
    outer loop
      vertex 9.76954 118.626 0.516617
      vertex 9.56379 118.077 0.190302
      vertex 9.36988 118.227 0.190302
    endloop
  endfacet
  facet normal -0.16959 0.471705 -0.865294
    outer loop
      vertex -8.61773 119.277 0.516617
      vertex -8.24059 118.814 0.190302
      vertex -8.47145 118.731 0.190302
    endloop
  endfacet
  facet normal -0.169596 0.471701 -0.865295
    outer loop
      vertex -8.24059 118.814 0.190302
      vertex -8.61773 119.277 0.516617
      vertex -8.38688 119.36 0.516617
    endloop
  endfacet
  facet normal 0.211766 0.150778 -0.96562
    outer loop
      vertex 9.68776 116.962 0.0213881
      vertex 10.0557 117.527 0.190302
      vertex 10.2337 117.277 0.190302
    endloop
  endfacet
  facet normal 0.211754 0.150786 -0.965621
    outer loop
      vertex 10.0557 117.527 0.190302
      vertex 9.68776 116.962 0.0213881
      vertex 9.50974 117.212 0.0213881
    endloop
  endfacet
  facet normal 0.251144 0.0627861 -0.965911
    outer loop
      vertex 15.7047 107.381 0.0213881
      vertex 16.3731 107.306 0.190302
      vertex 15.7642 107.143 0.0213881
    endloop
  endfacet
  facet normal 0.251144 0.0627861 -0.965911
    outer loop
      vertex 16.3731 107.306 0.190302
      vertex 15.7047 107.381 0.0213881
      vertex 16.3136 107.544 0.190302
    endloop
  endfacet
  facet normal 0.206457 0.159804 -0.965318
    outer loop
      vertex 9.50974 117.212 0.0213881
      vertex 9.45788 117.279 0.0213881
      vertex 10.0557 117.527 0.190302
    endloop
  endfacet
  facet normal 0 0.965893 -0.25894
    outer loop
      vertex 7.19536 120.31 1.54329
      vertex -7.20673 120.479 2.17369
      vertex 7.19536 120.479 2.17369
    endloop
  endfacet
  facet normal 0 0.965893 -0.25894
    outer loop
      vertex -7.20673 120.479 2.17369
      vertex 7.19536 120.31 1.54329
      vertex -7.20673 120.31 1.54329
    endloop
  endfacet
  facet normal 1 -0 0
    outer loop
      vertex 17.9786 87.9386 7
      vertex 17.9786 106.51 2.17369
      vertex 17.9786 106.51 7
    endloop
  endfacet
  facet normal 1 0 0
    outer loop
      vertex 17.9786 106.51 2.17369
      vertex 17.9786 87.9386 7
      vertex 17.9786 87.9386 2.17369
    endloop
  endfacet
  facet normal 0.563803 0.431417 -0.704276
    outer loop
      vertex 10.5451 117.809 0.516617
      vertex 10.3033 118.125 0.516617
      vertex 10.9448 118.04 0.978097
    endloop
  endfacet
  facet normal 0.595318 0.382162 -0.706788
    outer loop
      vertex 16.3948 108.725 0.516617
      vertex 11.1228 117.791 0.978097
      vertex 16.7944 108.956 0.978097
    endloop
  endfacet
  facet normal 0.595318 0.382162 -0.706788
    outer loop
      vertex 11.1228 117.791 0.978097
      vertex 16.3948 108.725 0.516617
      vertex 10.7232 117.56 0.516617
    endloop
  endfacet
  facet normal 0.766634 0.58865 -0.256444
    outer loop
      vertex 11.3737 118.288 2.17369
      vertex 10.8603 118.682 1.54329
      vertex 10.9798 118.801 2.17369
    endloop
  endfacet
  facet normal 0.86317 0.504913 0
    outer loop
      vertex 17.3438 108.998 7
      vertex 17.2233 109.204 2.17369
      vertex 17.2233 109.204 7
    endloop
  endfacet
  facet normal 0.86317 0.504913 0
    outer loop
      vertex 17.2233 109.204 2.17369
      vertex 17.3438 108.998 7
      vertex 17.3438 108.998 2.17369
    endloop
  endfacet
  facet normal -0.84152 0.540226 0
    outer loop
      vertex -30.0793 89.1779 2.17369
      vertex -11.5579 118.029 7
      vertex -11.5579 118.029 2.17369
    endloop
  endfacet
  facet normal -0.84152 0.540226 0
    outer loop
      vertex -11.5579 118.029 7
      vertex -30.0793 89.1779 2.17369
      vertex -30.0793 89.1779 7
    endloop
  endfacet
  facet normal 0.0586392 0.998279 -0
    outer loop
      vertex 7.56989 120.457 2.17369
      vertex 7.19536 120.479 7
      vertex 7.56989 120.457 7
    endloop
  endfacet
  facet normal 0.0586392 0.998279 0
    outer loop
      vertex 7.19536 120.479 7
      vertex 7.56989 120.457 2.17369
      vertex 7.19536 120.479 2.17369
    endloop
  endfacet
  facet normal 0.217892 0.139891 -0.965895
    outer loop
      vertex 15.3594 108.127 0.0213881
      vertex 10.2337 117.277 0.190302
      vertex 15.9053 108.443 0.190302
    endloop
  endfacet
  facet normal 0.218062 0.139985 -0.965843
    outer loop
      vertex 10.2337 117.277 0.190302
      vertex 15.3594 108.127 0.0213881
      vertex 9.68776 116.962 0.0213881
    endloop
  endfacet
  facet normal 0.444666 0.895696 -0
    outer loop
      vertex 9.72472 119.827 2.17369
      vertex 9.50516 119.936 7
      vertex 9.72472 119.827 7
    endloop
  endfacet
  facet normal 0.444666 0.895696 0
    outer loop
      vertex 9.50516 119.936 7
      vertex 9.72472 119.827 2.17369
      vertex 9.50516 119.936 2.17369
    endloop
  endfacet
  facet normal -0.49657 0.828247 -0.259665
    outer loop
      vertex -9.81029 119.576 1.54329
      vertex -9.68459 119.849 2.17369
      vertex -9.60013 119.702 1.54329
    endloop
  endfacet
  facet normal -0.49657 0.828247 -0.259665
    outer loop
      vertex -9.68459 119.849 2.17369
      vertex -9.81029 119.576 1.54329
      vertex -9.89475 119.723 2.17369
    endloop
  endfacet
  facet normal -0.120504 0.485285 -0.866012
    outer loop
      vertex -8.24059 118.814 0.190302
      vertex -8.14927 119.419 0.516617
      vertex -8.00299 118.873 0.190302
    endloop
  endfacet
  facet normal -0.120499 0.485284 -0.866013
    outer loop
      vertex -8.14927 119.419 0.516617
      vertex -8.24059 118.814 0.190302
      vertex -8.38688 119.36 0.516617
    endloop
  endfacet
  facet normal -0.212972 0.453506 -0.865433
    outer loop
      vertex -8.92364 118.531 0.190302
      vertex -8.98478 119.125 0.516617
      vertex -8.70218 118.635 0.190302
    endloop
  endfacet
  facet normal -0.214863 0.453156 -0.86515
    outer loop
      vertex -8.98478 119.125 0.516617
      vertex -8.92364 118.531 0.190302
      vertex -9.20623 119.02 0.516617
    endloop
  endfacet
  facet normal 0.801878 0.332268 -0.496578
    outer loop
      vertex 17.5379 108.125 1.54329
      vertex 17.2227 108.041 0.978097
      vertex 17.3071 108.682 1.54329
    endloop
  endfacet
  facet normal 0.707091 0 -0.707122
    outer loop
      vertex 17.4834 87.9386 0.978097
      vertex 17.0219 106.51 0.516617
      vertex 17.4834 106.51 0.978097
    endloop
  endfacet
  facet normal 0.707091 0 -0.707122
    outer loop
      vertex 17.0219 106.51 0.516617
      vertex 17.4834 87.9386 0.978097
      vertex 17.0219 87.9386 0.516617
    endloop
  endfacet
  facet normal 0.258796 0.0126861 -0.965849
    outer loop
      vertex 15.8263 106.51 0.0213881
      vertex 16.4417 106.816 0.190302
      vertex 16.4567 106.51 0.190302
    endloop
  endfacet
  facet normal 0.258796 0.0126861 -0.965849
    outer loop
      vertex 16.4417 106.816 0.190302
      vertex 15.8263 106.51 0.0213881
      vertex 15.8113 106.816 0.0213881
    endloop
  endfacet
  facet normal 0.226174 0.836101 -0.49978
    outer loop
      vertex 8.5501 119.792 0.978097
      vertex 8.39796 120.171 1.54329
      vertex 8.63455 120.107 1.54329
    endloop
  endfacet
  facet normal 0.222711 0.836366 -0.50089
    outer loop
      vertex 8.39796 120.171 1.54329
      vertex 8.5501 119.792 0.978097
      vertex 8.31351 119.855 0.978097
    endloop
  endfacet
  facet normal 0.499996 0 -0.866028
    outer loop
      vertex 16.4567 87.9386 0.190302
      vertex 17.0219 106.51 0.516617
      vertex 17.0219 87.9386 0.516617
    endloop
  endfacet
  facet normal 0.499996 0 -0.866028
    outer loop
      vertex 17.0219 106.51 0.516617
      vertex 16.4567 87.9386 0.190302
      vertex 16.4567 106.51 0.190302
    endloop
  endfacet
  facet normal 0.728266 0.634576 -0.258731
    outer loop
      vertex 10.9798 118.801 2.17369
      vertex 10.6992 118.866 1.54329
      vertex 10.8186 118.986 2.17369
    endloop
  endfacet
  facet normal 0.726915 0.636446 -0.257937
    outer loop
      vertex 10.6992 118.866 1.54329
      vertex 10.9798 118.801 2.17369
      vertex 10.8603 118.682 1.54329
    endloop
  endfacet
  facet normal 0.456414 0.735852 -0.500209
    outer loop
      vertex 9.68508 119.268 0.978097
      vertex 9.64026 119.68 1.54329
      vertex 9.84824 119.551 1.54329
    endloop
  endfacet
  facet normal 0.459272 0.734765 -0.49919
    outer loop
      vertex 9.64026 119.68 1.54329
      vertex 9.68508 119.268 0.978097
      vertex 9.4771 119.398 0.978097
    endloop
  endfacet
  facet normal 0.130552 0.482613 -0.866049
    outer loop
      vertex 8.28437 118.8 0.190302
      vertex 8.19407 119.41 0.516617
      vertex 8.43066 119.346 0.516617
    endloop
  endfacet
  facet normal 0.130552 0.482613 -0.866049
    outer loop
      vertex 8.19407 119.41 0.516617
      vertex 8.28437 118.8 0.190302
      vertex 8.04778 118.864 0.190302
    endloop
  endfacet
  facet normal 0.563638 0.43226 -0.703892
    outer loop
      vertex 10.9448 118.04 0.978097
      vertex 10.3033 118.125 0.516617
      vertex 10.6296 118.451 0.978097
    endloop
  endfacet
  facet normal 0 0.258588 -0.965988
    outer loop
      vertex -7.20673 118.326 0.0213881
      vertex 7.19536 118.957 0.190302
      vertex 7.19536 118.326 0.0213881
    endloop
  endfacet
  facet normal 0 0.258588 -0.965988
    outer loop
      vertex 7.19536 118.957 0.190302
      vertex -7.20673 118.326 0.0213881
      vertex -7.20673 118.957 0.190302
    endloop
  endfacet
  facet normal -0.812807 0.521794 -0.258988
    outer loop
      vertex -11.4116 117.944 1.54329
      vertex -30.0793 89.1779 2.17369
      vertex -11.5579 118.029 2.17369
    endloop
  endfacet
  facet normal -0.812916 0.521876 -0.258482
    outer loop
      vertex -30.0793 89.1779 2.17369
      vertex -11.4116 117.944 1.54329
      vertex -29.9331 89.0934 1.54329
    endloop
  endfacet
  facet normal -0.608889 0.793256 0
    outer loop
      vertex -10.0916 119.577 2.17369
      vertex -10.6049 119.183 7
      vertex -10.0916 119.577 7
    endloop
  endfacet
  facet normal -0.608889 0.793256 0
    outer loop
      vertex -10.6049 119.183 7
      vertex -10.0916 119.577 2.17369
      vertex -10.6049 119.183 2.17369
    endloop
  endfacet
  facet normal 0.113733 0.860613 -0.496397
    outer loop
      vertex 8.16768 120.209 1.54329
      vertex 7.56989 119.962 0.978097
      vertex 7.56989 120.288 1.54329
    endloop
  endfacet
  facet normal 0.240531 0.10053 -0.965422
    outer loop
      vertex 15.6221 107.612 0.0213881
      vertex 15.5895 107.69 0.0213881
      vertex 16.1354 108.006 0.190302
    endloop
  endfacet
  facet normal 0.909717 0.325293 -0.258071
    outer loop
      vertex 17.7836 107.938 2.17369
      vertex 17.5379 108.125 1.54329
      vertex 17.701 108.169 2.17369
    endloop
  endfacet
  facet normal 0.909717 0.325293 -0.258071
    outer loop
      vertex 17.5379 108.125 1.54329
      vertex 17.7836 107.938 2.17369
      vertex 17.6205 107.894 1.54329
    endloop
  endfacet
  facet normal 0.841499 0.540259 0
    outer loop
      vertex 17.2233 109.204 7
      vertex 11.5517 118.038 2.17369
      vertex 11.5517 118.038 7
    endloop
  endfacet
  facet normal 0.841499 0.540259 0
    outer loop
      vertex 11.5517 118.038 2.17369
      vertex 17.2233 109.204 7
      vertex 17.2233 109.204 2.17369
    endloop
  endfacet
  facet normal 0.801716 0.332427 -0.496734
    outer loop
      vertex 17.2227 108.041 0.978097
      vertex 17.0245 108.519 0.978097
      vertex 17.3071 108.682 1.54329
    endloop
  endfacet
  facet normal 0.833665 0.487653 -0.259225
    outer loop
      vertex 17.3438 108.998 2.17369
      vertex 17.077 109.119 1.54329
      vertex 17.2233 109.204 2.17369
    endloop
  endfacet
  facet normal 0.832795 0.489521 -0.258499
    outer loop
      vertex 17.077 109.119 1.54329
      vertex 17.3438 108.998 2.17369
      vertex 17.1975 108.914 1.54329
    endloop
  endfacet
  facet normal 0.258668 0.0340023 -0.965368
    outer loop
      vertex 16.4417 106.816 0.190302
      vertex 15.8113 106.816 0.0213881
      vertex 16.4091 107.064 0.190302
    endloop
  endfacet
  facet normal 0 1 -0
    outer loop
      vertex 7.19536 120.479 2.17369
      vertex -7.20673 120.479 7
      vertex 7.19536 120.479 7
    endloop
  endfacet
  facet normal 0 1 0
    outer loop
      vertex -7.20673 120.479 7
      vertex 7.19536 120.479 2.17369
      vertex -7.20673 120.479 2.17369
    endloop
  endfacet
  facet normal 0.66154 0.703674 -0.259246
    outer loop
      vertex 10.6992 118.866 1.54329
      vertex 10.6399 119.154 2.17369
      vertex 10.8186 118.986 2.17369
    endloop
  endfacet
  facet normal 0.66154 0.703674 -0.259246
    outer loop
      vertex 10.6399 119.154 2.17369
      vertex 10.6992 118.866 1.54329
      vertex 10.5205 119.034 1.54329
    endloop
  endfacet
  facet normal 0.753938 0.656945 0
    outer loop
      vertex 10.9798 118.801 7
      vertex 10.8186 118.986 2.17369
      vertex 10.8186 118.986 7
    endloop
  endfacet
  facet normal 0.753938 0.656945 0
    outer loop
      vertex 10.8186 118.986 2.17369
      vertex 10.9798 118.801 7
      vertex 10.9798 118.801 2.17369
    endloop
  endfacet
  facet normal 0.399585 0.305759 -0.864201
    outer loop
      vertex 10.5451 117.809 0.516617
      vertex 9.90364 117.725 0.190302
      vertex 10.3033 118.125 0.516617
    endloop
  endfacet
  facet normal 0 0.86557 -0.500787
    outer loop
      vertex 7.19536 119.983 0.978097
      vertex -7.20673 120.31 1.54329
      vertex 7.19536 120.31 1.54329
    endloop
  endfacet
  facet normal 0 0.86557 -0.500787
    outer loop
      vertex -7.20673 120.31 1.54329
      vertex 7.19536 119.983 0.978097
      vertex -7.20673 119.983 0.978097
    endloop
  endfacet
  facet normal 0.244491 0.087424 -0.965702
    outer loop
      vertex 15.7047 107.381 0.0213881
      vertex 16.231 107.775 0.190302
      vertex 16.3136 107.544 0.190302
    endloop
  endfacet
  facet normal 0.244491 0.087424 -0.965702
    outer loop
      vertex 16.231 107.775 0.190302
      vertex 15.7047 107.381 0.0213881
      vertex 15.6221 107.612 0.0213881
    endloop
  endfacet
  facet normal 0.258751 0.0337899 -0.965353
    outer loop
      vertex 15.8113 106.816 0.0213881
      vertex 15.8002 106.901 0.0213881
      vertex 16.4091 107.064 0.190302
    endloop
  endfacet
  facet normal 0.258817 0 -0.965926
    outer loop
      vertex 15.8263 87.9386 0.0213881
      vertex 16.4567 106.51 0.190302
      vertex 16.4567 87.9386 0.190302
    endloop
  endfacet
  facet normal 0.258817 0 -0.965926
    outer loop
      vertex 16.4567 106.51 0.190302
      vertex 15.8263 87.9386 0.0213881
      vertex 15.8263 106.51 0.0213881
    endloop
  endfacet
  facet normal 0.159119 0.206794 -0.965359
    outer loop
      vertex 8.92413 117.781 0.0213881
      vertex 8.85655 117.833 0.0213881
      vertex 9.17174 118.379 0.190302
    endloop
  endfacet
  facet normal -0.0878421 0.244317 -0.965708
    outer loop
      vertex -8.47145 118.731 0.190302
      vertex -8.07744 118.205 0.0213881
      vertex -8.30829 118.122 0.0213881
    endloop
  endfacet
  facet normal -0.087839 0.24432 -0.965708
    outer loop
      vertex -8.07744 118.205 0.0213881
      vertex -8.47145 118.731 0.190302
      vertex -8.24059 118.814 0.190302
    endloop
  endfacet
  facet normal -0.193157 0.46424 -0.864391
    outer loop
      vertex -8.70218 118.635 0.190302
      vertex -8.98478 119.125 0.516617
      vertex -8.47145 118.731 0.190302
    endloop
  endfacet
  facet normal -0.0472485 0.964815 -0.258651
    outer loop
      vertex -7.20673 120.31 1.54329
      vertex -7.51303 120.464 2.17369
      vertex -7.20673 120.479 2.17369
    endloop
  endfacet
  facet normal -0.0472485 0.964815 -0.258651
    outer loop
      vertex -7.51303 120.464 2.17369
      vertex -7.20673 120.31 1.54329
      vertex -7.51303 120.295 1.54329
    endloop
  endfacet
  facet normal 0.25162 0.662571 -0.70547
    outer loop
      vertex 8.43066 119.346 0.516617
      vertex 8.77919 119.705 0.978097
      vertex 8.65975 119.259 0.516617
    endloop
  endfacet
  facet normal 0.25162 0.662571 -0.70547
    outer loop
      vertex 8.77919 119.705 0.978097
      vertex 8.43066 119.346 0.516617
      vertex 8.5501 119.792 0.978097
    endloop
  endfacet
  facet normal -0.303337 0.639752 -0.70619
    outer loop
      vertex -9.20623 119.02 0.516617
      vertex -9.21552 119.525 0.978097
      vertex -8.98478 119.125 0.516617
    endloop
  endfacet
  facet normal -0.303337 0.639752 -0.70619
    outer loop
      vertex -9.21552 119.525 0.978097
      vertex -9.20623 119.02 0.516617
      vertex -9.43697 119.42 0.978097
    endloop
  endfacet
  facet normal -0.58838 0.766536 -0.257355
    outer loop
      vertex -10.4855 119.063 1.54329
      vertex -10.6049 119.183 2.17369
      vertex -10.0916 119.577 2.17369
    endloop
  endfacet
  facet normal 0.0508171 0.865115 -0.498993
    outer loop
      vertex 7.56989 119.962 0.978097
      vertex 7.19536 120.31 1.54329
      vertex 7.56989 120.288 1.54329
    endloop
  endfacet
  facet normal 0.0484757 0.864553 -0.500199
    outer loop
      vertex 7.19536 120.31 1.54329
      vertex 7.56989 119.962 0.978097
      vertex 7.19536 119.983 0.978097
    endloop
  endfacet
  facet normal -0.0919469 0.704478 -0.703745
    outer loop
      vertex -7.51303 119.507 0.516617
      vertex -8.02637 119.901 0.978097
      vertex -7.51303 119.968 0.978097
    endloop
  endfacet
  facet normal 0.666763 0.238418 -0.706105
    outer loop
      vertex 16.8595 107.69 0.516617
      vertex 17.2227 108.041 0.978097
      vertex 17.3053 107.81 0.978097
    endloop
  endfacet
  facet normal 0.666763 0.238418 -0.706105
    outer loop
      vertex 17.2227 108.041 0.978097
      vertex 16.8595 107.69 0.516617
      vertex 16.7769 107.921 0.516617
    endloop
  endfacet
  facet normal 0.421281 0.27044 -0.86567
    outer loop
      vertex 15.9053 108.443 0.190302
      vertex 10.7232 117.56 0.516617
      vertex 16.3948 108.725 0.516617
    endloop
  endfacet
  facet normal 0.420966 0.270268 -0.865877
    outer loop
      vertex 10.7232 117.56 0.516617
      vertex 15.9053 108.443 0.190302
      vertex 10.2337 117.277 0.190302
    endloop
  endfacet
  facet normal 0.998801 0.0489608 0
    outer loop
      vertex 17.9786 106.51 7
      vertex 17.9636 106.816 2.17369
      vertex 17.9636 106.816 7
    endloop
  endfacet
  facet normal 0.998801 0.0489608 0
    outer loop
      vertex 17.9636 106.816 2.17369
      vertex 17.9786 106.51 7
      vertex 17.9786 106.51 2.17369
    endloop
  endfacet
  facet normal 0.892844 0.369961 -0.256823
    outer loop
      vertex 17.5379 108.125 1.54329
      vertex 17.3071 108.682 1.54329
      vertex 17.701 108.169 2.17369
    endloop
  endfacet
  facet normal 0.729031 0.467999 -0.49949
    outer loop
      vertex 17.077 109.119 1.54329
      vertex 11.1228 117.791 0.978097
      vertex 11.4054 117.954 1.54329
    endloop
  endfacet
  facet normal 0.729031 0.467999 -0.49949
    outer loop
      vertex 11.1228 117.791 0.978097
      vertex 17.077 109.119 1.54329
      vertex 16.7944 108.956 0.978097
    endloop
  endfacet
  facet normal 0.206864 0.158868 -0.965385
    outer loop
      vertex 10.0557 117.527 0.190302
      vertex 9.45788 117.279 0.0213881
      vertex 9.90364 117.725 0.190302
    endloop
  endfacet
  facet normal 0.816232 0.291865 -0.498578
    outer loop
      vertex 17.6205 107.894 1.54329
      vertex 17.2227 108.041 0.978097
      vertex 17.5379 108.125 1.54329
    endloop
  endfacet
  facet normal 0.816232 0.291865 -0.498578
    outer loop
      vertex 17.2227 108.041 0.978097
      vertex 17.6205 107.894 1.54329
      vertex 17.3053 107.81 0.978097
    endloop
  endfacet
  facet normal 0.866035 0 -0.499984
    outer loop
      vertex 17.8097 87.9386 1.54329
      vertex 17.4834 106.51 0.978097
      vertex 17.8097 106.51 1.54329
    endloop
  endfacet
  facet normal 0.866035 0 -0.499984
    outer loop
      vertex 17.4834 106.51 0.978097
      vertex 17.8097 87.9386 1.54329
      vertex 17.4834 87.9386 0.978097
    endloop
  endfacet
  facet normal 0.965932 0 -0.258797
    outer loop
      vertex 17.9786 87.9386 2.17369
      vertex 17.8097 106.51 1.54329
      vertex 17.9786 106.51 2.17369
    endloop
  endfacet
  facet normal 0.965932 0 -0.258797
    outer loop
      vertex 17.8097 106.51 1.54329
      vertex 17.9786 87.9386 2.17369
      vertex 17.8097 87.9386 1.54329
    endloop
  endfacet
  facet normal -0.20689 0.158846 -0.965383
    outer loop
      vertex -9.42143 117.323 0.0213881
      vertex -10.0192 117.571 0.190302
      vertex -9.86718 117.769 0.190302
    endloop
  endfacet
  facet normal -0.159119 0.206794 -0.965359
    outer loop
      vertex -9.08302 117.661 0.0213881
      vertex -9.33063 118.259 0.190302
      vertex -9.01544 117.713 0.0213881
    endloop
  endfacet
  facet normal 0.39935 0.306693 -0.863979
    outer loop
      vertex 10.0557 117.527 0.190302
      vertex 9.90364 117.725 0.190302
      vertex 10.5451 117.809 0.516617
    endloop
  endfacet
  facet normal -0.306656 0.399413 -0.863963
    outer loop
      vertex -9.52877 118.107 0.190302
      vertex -9.92843 118.506 0.516617
      vertex -9.61323 118.748 0.516617
    endloop
  endfacet
  facet normal -0.595309 0.382176 -0.706787
    outer loop
      vertex -29.2508 88.6995 0.516617
      vertex -11.129 117.781 0.978097
      vertex -10.7294 117.55 0.516617
    endloop
  endfacet
  facet normal -0.595325 0.382185 -0.706769
    outer loop
      vertex -11.129 117.781 0.978097
      vertex -29.2508 88.6995 0.516617
      vertex -29.6505 88.9303 0.978097
    endloop
  endfacet
  facet normal -0.421278 0.270446 -0.86567
    outer loop
      vertex -28.7613 88.4169 0.190302
      vertex -10.7294 117.55 0.516617
      vertex -10.2399 117.268 0.190302
    endloop
  endfacet
  facet normal -0.421094 0.270333 -0.865794
    outer loop
      vertex -10.7294 117.55 0.516617
      vertex -28.7613 88.4169 0.190302
      vertex -29.2508 88.6995 0.516617
    endloop
  endfacet
  facet normal 0.705398 0.504261 -0.498131
    outer loop
      vertex 11.4054 117.954 1.54329
      vertex 10.9448 118.04 0.978097
      vertex 11.2274 118.203 1.54329
    endloop
  endfacet
  facet normal 0.705398 0.504261 -0.498131
    outer loop
      vertex 10.9448 118.04 0.978097
      vertex 11.4054 117.954 1.54329
      vertex 11.1228 117.791 0.978097
    endloop
  endfacet
  facet normal 0.786992 0.560338 -0.258194
    outer loop
      vertex 11.5517 118.038 2.17369
      vertex 11.2274 118.203 1.54329
      vertex 11.3737 118.288 2.17369
    endloop
  endfacet
  facet normal 0.786119 0.561964 -0.257319
    outer loop
      vertex 11.2274 118.203 1.54329
      vertex 11.5517 118.038 2.17369
      vertex 11.4054 117.954 1.54329
    endloop
  endfacet
  facet normal -0.808309 0.588758 0
    outer loop
      vertex -11.5579 118.029 2.17369
      vertex -11.3372 118.332 7
      vertex -11.3372 118.332 2.17369
    endloop
  endfacet
  facet normal -0.808309 0.588758 0
    outer loop
      vertex -11.3372 118.332 7
      vertex -11.5579 118.029 2.17369
      vertex -11.5579 118.029 7
    endloop
  endfacet
  facet normal 0.840054 0.2109 -0.49983
    outer loop
      vertex 17.68 107.657 1.54329
      vertex 17.3053 107.81 0.978097
      vertex 17.6205 107.894 1.54329
    endloop
  endfacet
  facet normal 0.84011 0.210028 -0.500104
    outer loop
      vertex 17.3053 107.81 0.978097
      vertex 17.68 107.657 1.54329
      vertex 17.3648 107.572 0.978097
    endloop
  endfacet
  facet normal 0.192519 0.464896 -0.86418
    outer loop
      vertex 9.0268 119.107 0.516617
      vertex 8.51347 118.713 0.190302
      vertex 8.65975 119.259 0.516617
    endloop
  endfacet
  facet normal 0.374787 0.599602 -0.707115
    outer loop
      vertex 9.24636 118.998 0.516617
      vertex 9.68508 119.268 0.978097
      vertex 9.45434 118.868 0.516617
    endloop
  endfacet
  facet normal 0.374787 0.599602 -0.707115
    outer loop
      vertex 9.68508 119.268 0.978097
      vertex 9.24636 118.998 0.516617
      vertex 9.4771 119.398 0.978097
    endloop
  endfacet
  facet normal 0.11529 0.232231 -0.965804
    outer loop
      vertex 8.64857 117.963 0.0213881
      vertex 8.74421 118.618 0.190302
      vertex 8.96377 118.509 0.190302
    endloop
  endfacet
  facet normal 0.11529 0.232231 -0.965804
    outer loop
      vertex 8.74421 118.618 0.190302
      vertex 8.64857 117.963 0.0213881
      vertex 8.42901 118.072 0.0213881
    endloop
  endfacet
  facet normal 0.159702 0.206452 -0.965335
    outer loop
      vertex 9.11804 117.632 0.0213881
      vertex 9.36988 118.227 0.190302
      vertex 9.56379 118.077 0.190302
    endloop
  endfacet
  facet normal 0.158908 0.206804 -0.965391
    outer loop
      vertex 9.36988 118.227 0.190302
      vertex 9.11804 117.632 0.0213881
      vertex 8.92413 117.781 0.0213881
    endloop
  endfacet
  facet normal 0.0923126 0.24309 -0.965601
    outer loop
      vertex 8.12121 118.191 0.0213881
      vertex 8.51347 118.713 0.190302
      vertex 8.35031 118.104 0.0213881
    endloop
  endfacet
  facet normal 0.0923126 0.24309 -0.965601
    outer loop
      vertex 8.51347 118.713 0.190302
      vertex 8.12121 118.191 0.0213881
      vertex 8.28437 118.8 0.190302
    endloop
  endfacet
  facet normal -0.405719 0.295519 -0.864905
    outer loop
      vertex -10.2399 117.268 0.190302
      vertex -10.5087 117.854 0.516617
      vertex -10.0192 117.571 0.190302
    endloop
  endfacet
  facet normal -0.40645 0.295077 -0.864713
    outer loop
      vertex -10.5087 117.854 0.516617
      vertex -10.2399 117.268 0.190302
      vertex -10.7294 117.55 0.516617
    endloop
  endfacet
  facet normal 0.0344426 0.258434 -0.965415
    outer loop
      vertex 7.8175 118.902 0.190302
      vertex 7.56989 118.304 0.0213881
      vertex 7.56989 118.935 0.190302
    endloop
  endfacet
  facet normal -0.67247 0.740124 0
    outer loop
      vertex -10.6049 119.183 2.17369
      vertex -10.7865 119.018 7
      vertex -10.6049 119.183 7
    endloop
  endfacet
  facet normal -0.67247 0.740124 0
    outer loop
      vertex -10.7865 119.018 7
      vertex -10.6049 119.183 2.17369
      vertex -10.7865 119.018 2.17369
    endloop
  endfacet
  facet normal -0.113647 0.859962 -0.497543
    outer loop
      vertex -7.51303 119.968 0.978097
      vertex -8.11082 120.216 1.54329
      vertex -7.51303 120.295 1.54329
    endloop
  endfacet
  facet normal 0.126956 0.958156 -0.256551
    outer loop
      vertex 8.16768 120.209 1.54329
      vertex 7.56989 120.457 2.17369
      vertex 8.2114 120.372 2.17369
    endloop
  endfacet
  facet normal 0.701737 0.103672 -0.704852
    outer loop
      vertex 16.9191 107.453 0.516617
      vertex 17.4008 107.33 0.978097
      vertex 16.955 107.21 0.516617
    endloop
  endfacet
  facet normal 0.70178 0.104397 -0.704703
    outer loop
      vertex 17.4008 107.33 0.978097
      vertex 16.9191 107.453 0.516617
      vertex 17.3648 107.572 0.978097
    endloop
  endfacet
  facet normal 0.0658547 0.498837 -0.86419
    outer loop
      vertex 7.8175 118.902 0.190302
      vertex 7.56989 119.5 0.516617
      vertex 7.96378 119.448 0.516617
    endloop
  endfacet
  facet normal -0.0738215 0.496962 -0.864627
    outer loop
      vertex -8.00299 118.873 0.190302
      vertex -7.90693 119.455 0.516617
      vertex -7.76064 118.909 0.190302
    endloop
  endfacet
  facet normal -0.0738246 0.496962 -0.864626
    outer loop
      vertex -7.90693 119.455 0.516617
      vertex -8.00299 118.873 0.190302
      vertex -8.14927 119.419 0.516617
    endloop
  endfacet
  facet normal 0.465013 0.192594 -0.864101
    outer loop
      vertex 16.7769 107.921 0.516617
      vertex 16.231 107.775 0.190302
      vertex 16.6249 108.288 0.516617
    endloop
  endfacet
  facet normal 0.872934 0.414171 -0.257774
    outer loop
      vertex 17.4534 108.767 2.17369
      vertex 17.1975 108.914 1.54329
      vertex 17.3438 108.998 2.17369
    endloop
  endfacet
  facet normal 0.873485 0.412646 -0.258353
    outer loop
      vertex 17.1975 108.914 1.54329
      vertex 17.4534 108.767 2.17369
      vertex 17.3071 108.682 1.54329
    endloop
  endfacet
  facet normal 0.989175 0.146741 0
    outer loop
      vertex 17.8791 107.458 7
      vertex 17.8432 107.7 2.17369
      vertex 17.8432 107.7 7
    endloop
  endfacet
  facet normal 0.989175 0.146741 0
    outer loop
      vertex 17.8432 107.7 2.17369
      vertex 17.8791 107.458 7
      vertex 17.8791 107.458 2.17369
    endloop
  endfacet
  facet normal 0.655909 0.271657 -0.704263
    outer loop
      vertex 16.7769 107.921 0.516617
      vertex 16.6249 108.288 0.516617
      vertex 17.2227 108.041 0.978097
    endloop
  endfacet
  facet normal 0.903467 0.428658 0
    outer loop
      vertex 17.4534 108.767 7
      vertex 17.3438 108.998 2.17369
      vertex 17.3438 108.998 7
    endloop
  endfacet
  facet normal 0.903467 0.428658 0
    outer loop
      vertex 17.3438 108.998 2.17369
      vertex 17.4534 108.767 7
      vertex 17.4534 108.767 2.17369
    endloop
  endfacet
  facet normal 0.865189 0.0424112 -0.499648
    outer loop
      vertex 17.8097 106.51 1.54329
      vertex 17.4683 106.816 0.978097
      vertex 17.7947 106.816 1.54329
    endloop
  endfacet
  facet normal 0.865245 0.0426967 -0.499528
    outer loop
      vertex 17.4683 106.816 0.978097
      vertex 17.8097 106.51 1.54329
      vertex 17.4834 106.51 0.978097
    endloop
  endfacet
  facet normal -0.133094 0.221992 -0.965922
    outer loop
      vertex -9.13379 118.405 0.190302
      vertex -8.60844 117.985 0.0213881
      vertex -8.8186 117.859 0.0213881
    endloop
  endfacet
  facet normal -0.133098 0.221988 -0.965923
    outer loop
      vertex -8.60844 117.985 0.0213881
      vertex -9.13379 118.405 0.190302
      vertex -8.92364 118.531 0.190302
    endloop
  endfacet
  facet normal -0.0623745 0.2512 -0.965923
    outer loop
      vertex -8.07744 118.205 0.0213881
      vertex -8.00299 118.873 0.190302
      vertex -7.83983 118.264 0.0213881
    endloop
  endfacet
  facet normal -0.0623772 0.2512 -0.965923
    outer loop
      vertex -8.00299 118.873 0.190302
      vertex -8.07744 118.205 0.0213881
      vertex -8.24059 118.814 0.190302
    endloop
  endfacet
  facet normal 0.195522 0.170358 -0.96579
    outer loop
      vertex 9.29669 117.464 0.0213881
      vertex 9.90364 117.725 0.190302
      vertex 9.45788 117.279 0.0213881
    endloop
  endfacet
  facet normal 0.195218 0.171028 -0.965733
    outer loop
      vertex 9.90364 117.725 0.190302
      vertex 9.29669 117.464 0.0213881
      vertex 9.74244 117.909 0.190302
    endloop
  endfacet
  facet normal 0.137252 0.219582 -0.965891
    outer loop
      vertex 8.64857 117.963 0.0213881
      vertex 9.17174 118.379 0.190302
      vertex 8.85655 117.833 0.0213881
    endloop
  endfacet
  facet normal 0.137256 0.219578 -0.965892
    outer loop
      vertex 9.17174 118.379 0.190302
      vertex 8.64857 117.963 0.0213881
      vertex 8.96377 118.509 0.190302
    endloop
  endfacet
  facet normal -0.065853 0.498837 -0.864191
    outer loop
      vertex -7.76064 118.909 0.190302
      vertex -7.90693 119.455 0.516617
      vertex -7.51303 119.507 0.516617
    endloop
  endfacet
  facet normal -0.112341 0.860736 -0.496501
    outer loop
      vertex -8.02637 119.901 0.978097
      vertex -8.11082 120.216 1.54329
      vertex -7.51303 119.968 0.978097
    endloop
  endfacet
  facet normal -0.363507 0.606307 -0.707286
    outer loop
      vertex -9.64713 119.294 0.978097
      vertex -9.20623 119.02 0.516617
      vertex -9.41639 118.894 0.516617
    endloop
  endfacet
  facet normal -0.363507 0.606307 -0.707286
    outer loop
      vertex -9.20623 119.02 0.516617
      vertex -9.64713 119.294 0.978097
      vertex -9.43697 119.42 0.978097
    endloop
  endfacet
  facet normal -0.240988 0.970528 0
    outer loop
      vertex -8.39688 120.343 2.17369
      vertex -8.63449 120.284 7
      vertex -8.39688 120.343 7
    endloop
  endfacet
  facet normal -0.240988 0.970528 0
    outer loop
      vertex -8.63449 120.284 7
      vertex -8.39688 120.343 2.17369
      vertex -8.63449 120.284 2.17369
    endloop
  endfacet
  facet normal -0.146939 0.989146 0
    outer loop
      vertex -8.15454 120.379 2.17369
      vertex -8.39688 120.343 7
      vertex -8.15454 120.379 7
    endloop
  endfacet
  facet normal -0.146939 0.989146 0
    outer loop
      vertex -8.39688 120.343 7
      vertex -8.15454 120.379 2.17369
      vertex -8.39688 120.343 2.17369
    endloop
  endfacet
  facet normal -0.126619 0.958119 -0.256856
    outer loop
      vertex -7.51303 120.295 1.54329
      vertex -8.11082 120.216 1.54329
      vertex -7.51303 120.464 2.17369
    endloop
  endfacet
  facet normal -0.595715 0.803196 0
    outer loop
      vertex -9.89475 119.723 2.17369
      vertex -10.0916 119.577 7
      vertex -9.89475 119.723 7
    endloop
  endfacet
  facet normal -0.595715 0.803196 0
    outer loop
      vertex -10.0916 119.577 7
      vertex -9.89475 119.723 2.17369
      vertex -10.0916 119.577 2.17369
    endloop
  endfacet
  facet normal -0.647347 0.716819 -0.25906
    outer loop
      vertex -10.6671 118.899 1.54329
      vertex -10.6049 119.183 2.17369
      vertex -10.4855 119.063 1.54329
    endloop
  endfacet
  facet normal -0.649697 0.71506 -0.258036
    outer loop
      vertex -10.6049 119.183 2.17369
      vertex -10.6671 118.899 1.54329
      vertex -10.7865 119.018 2.17369
    endloop
  endfacet
  facet normal 0.271633 0.655941 -0.704242
    outer loop
      vertex 9.0268 119.107 0.516617
      vertex 8.65975 119.259 0.516617
      vertex 8.77919 119.705 0.978097
    endloop
  endfacet
  facet normal 0.588347 0.766871 -0.256432
    outer loop
      vertex 10.3266 119.184 1.54329
      vertex 9.84824 119.551 1.54329
      vertex 9.9327 119.697 2.17369
    endloop
  endfacet
  facet normal 0.608889 0.793256 -0
    outer loop
      vertex 10.446 119.303 2.17369
      vertex 9.9327 119.697 7
      vertex 10.446 119.303 7
    endloop
  endfacet
  facet normal 0.608889 0.793256 0
    outer loop
      vertex 9.9327 119.697 7
      vertex 10.446 119.303 2.17369
      vertex 9.9327 119.697 2.17369
    endloop
  endfacet
  facet normal 0.429462 0.86507 -0.25926
    outer loop
      vertex 9.64026 119.68 1.54329
      vertex 9.50516 119.936 2.17369
      vertex 9.72472 119.827 2.17369
    endloop
  endfacet
  facet normal 0.429462 0.86507 -0.25926
    outer loop
      vertex 9.50516 119.936 2.17369
      vertex 9.64026 119.68 1.54329
      vertex 9.4207 119.789 1.54329
    endloop
  endfacet
  facet normal 0.588789 0.766216 -0.257372
    outer loop
      vertex 10.5205 119.034 1.54329
      vertex 10.446 119.303 2.17369
      vertex 10.6399 119.154 2.17369
    endloop
  endfacet
  facet normal 0.591432 0.764525 -0.256338
    outer loop
      vertex 10.446 119.303 2.17369
      vertex 10.5205 119.034 1.54329
      vertex 10.3266 119.184 1.54329
    endloop
  endfacet
  facet normal 0.688609 0.528101 -0.496916
    outer loop
      vertex 10.9448 118.04 0.978097
      vertex 10.6296 118.451 0.978097
      vertex 10.8603 118.682 1.54329
    endloop
  endfacet
  facet normal 0.532571 0.466578 -0.706168
    outer loop
      vertex 10.1421 118.309 0.516617
      vertex 10.6296 118.451 0.978097
      vertex 10.3033 118.125 0.516617
    endloop
  endfacet
  facet normal 0.532571 0.466578 -0.706168
    outer loop
      vertex 10.6296 118.451 0.978097
      vertex 10.1421 118.309 0.516617
      vertex 10.4684 118.635 0.978097
    endloop
  endfacet
  facet normal 0.970047 0.242919 0
    outer loop
      vertex 17.8432 107.7 7
      vertex 17.7836 107.938 2.17369
      vertex 17.7836 107.938 7
    endloop
  endfacet
  facet normal 0.970047 0.242919 0
    outer loop
      vertex 17.7836 107.938 2.17369
      vertex 17.8432 107.7 7
      vertex 17.8432 107.7 2.17369
    endloop
  endfacet
  facet normal 0.958222 0.126121 -0.256718
    outer loop
      vertex 17.9636 106.816 2.17369
      vertex 17.716 107.414 1.54329
      vertex 17.8791 107.458 2.17369
    endloop
  endfacet
  facet normal 0.991449 0.130494 0
    outer loop
      vertex 17.9636 106.816 7
      vertex 17.8791 107.458 2.17369
      vertex 17.8791 107.458 7
    endloop
  endfacet
  facet normal 0.991449 0.130494 0
    outer loop
      vertex 17.8791 107.458 2.17369
      vertex 17.9636 106.816 7
      vertex 17.9636 106.816 2.17369
    endloop
  endfacet
  facet normal 0.332494 0.801799 -0.496554
    outer loop
      vertex 9.4207 119.789 1.54329
      vertex 8.77919 119.705 0.978097
      vertex 8.86365 120.02 1.54329
    endloop
  endfacet
  facet normal 0.067576 0.24981 -0.965934
    outer loop
      vertex 8.12121 118.191 0.0213881
      vertex 8.04778 118.864 0.190302
      vertex 8.28437 118.8 0.190302
    endloop
  endfacet
  facet normal 0.0675789 0.24981 -0.965934
    outer loop
      vertex 8.04778 118.864 0.190302
      vertex 8.12121 118.191 0.0213881
      vertex 7.88463 118.255 0.0213881
    endloop
  endfacet
  facet normal 0.234653 0.110853 -0.965738
    outer loop
      vertex 15.4799 107.922 0.0213881
      vertex 16.1354 108.006 0.190302
      vertex 15.5895 107.69 0.0213881
    endloop
  endfacet
  facet normal 0.234586 0.111301 -0.965702
    outer loop
      vertex 16.1354 108.006 0.190302
      vertex 15.4799 107.922 0.0213881
      vertex 16.0258 108.237 0.190302
    endloop
  endfacet
  facet normal 0.178174 0.469191 -0.864936
    outer loop
      vertex 8.28437 118.8 0.190302
      vertex 8.65975 119.259 0.516617
      vertex 8.51347 118.713 0.190302
    endloop
  endfacet
  facet normal 0.17818 0.469187 -0.864937
    outer loop
      vertex 8.65975 119.259 0.516617
      vertex 8.28437 118.8 0.190302
      vertex 8.43066 119.346 0.516617
    endloop
  endfacet
  facet normal 0.342534 0.364248 -0.866022
    outer loop
      vertex 9.74244 117.909 0.190302
      vertex 9.96345 118.477 0.516617
      vertex 10.1421 118.309 0.516617
    endloop
  endfacet
  facet normal 0.342534 0.364248 -0.866022
    outer loop
      vertex 9.96345 118.477 0.516617
      vertex 9.74244 117.909 0.190302
      vertex 9.56379 118.077 0.190302
    endloop
  endfacet
  facet normal 0.484722 0.515305 -0.706757
    outer loop
      vertex 10.1421 118.309 0.516617
      vertex 10.2898 118.803 0.978097
      vertex 10.4684 118.635 0.978097
    endloop
  endfacet
  facet normal 0.484633 0.515355 -0.706782
    outer loop
      vertex 10.2898 118.803 0.978097
      vertex 10.1421 118.309 0.516617
      vertex 9.96345 118.477 0.516617
    endloop
  endfacet
  facet normal 0.407987 0.291817 -0.865095
    outer loop
      vertex 10.2337 117.277 0.190302
      vertex 10.5451 117.809 0.516617
      vertex 10.7232 117.56 0.516617
    endloop
  endfacet
  facet normal 0.408912 0.291146 -0.864884
    outer loop
      vertex 10.5451 117.809 0.516617
      vertex 10.2337 117.277 0.190302
      vertex 10.0557 117.527 0.190302
    endloop
  endfacet
  facet normal 0.0395943 0.706154 -0.70695
    outer loop
      vertex 7.56989 119.5 0.516617
      vertex 7.19536 119.983 0.978097
      vertex 7.56989 119.962 0.978097
    endloop
  endfacet
  facet normal 0.0415214 0.706865 -0.706129
    outer loop
      vertex 7.19536 119.983 0.978097
      vertex 7.56989 119.5 0.516617
      vertex 7.19536 119.522 0.516617
    endloop
  endfacet
  facet normal -0.332489 0.801803 -0.49655
    outer loop
      vertex -8.73717 119.723 0.978097
      vertex -9.37868 119.807 1.54329
      vertex -8.82162 120.038 1.54329
    endloop
  endfacet
  facet normal -0.212065 0.839814 -0.499741
    outer loop
      vertex -8.50632 119.805 0.978097
      vertex -8.35316 120.18 1.54329
      vertex -8.26871 119.865 0.978097
    endloop
  endfacet
  facet normal -0.212065 0.839814 -0.499741
    outer loop
      vertex -8.35316 120.18 1.54329
      vertex -8.50632 119.805 0.978097
      vertex -8.59077 120.12 1.54329
    endloop
  endfacet
  facet normal -0.332065 0.802238 -0.496133
    outer loop
      vertex -9.21552 119.525 0.978097
      vertex -9.37868 119.807 1.54329
      vertex -8.73717 119.723 0.978097
    endloop
  endfacet
  facet normal -0.740947 0.671564 0
    outer loop
      vertex -10.9433 118.845 2.17369
      vertex -10.7865 119.018 7
      vertex -10.7865 119.018 2.17369
    endloop
  endfacet
  facet normal -0.740947 0.671564 0
    outer loop
      vertex -10.7865 119.018 7
      vertex -10.9433 118.845 2.17369
      vertex -10.9433 118.845 7
    endloop
  endfacet
  facet normal -0.048913 0.998803 0
    outer loop
      vertex -7.20673 120.479 2.17369
      vertex -7.51303 120.464 7
      vertex -7.20673 120.479 7
    endloop
  endfacet
  facet normal -0.048913 0.998803 0
    outer loop
      vertex -7.51303 120.464 7
      vertex -7.20673 120.479 2.17369
      vertex -7.51303 120.464 2.17369
    endloop
  endfacet
  facet normal 0.126619 0.958119 -0.256856
    outer loop
      vertex 8.16768 120.209 1.54329
      vertex 7.56989 120.288 1.54329
      vertex 7.56989 120.457 2.17369
    endloop
  endfacet
  facet normal 0.162815 0.986657 -0
    outer loop
      vertex 8.44168 120.334 2.17369
      vertex 8.2114 120.372 7
      vertex 8.44168 120.334 7
    endloop
  endfacet
  facet normal 0.162815 0.986657 0
    outer loop
      vertex 8.2114 120.372 7
      vertex 8.44168 120.334 2.17369
      vertex 8.2114 120.372 2.17369
    endloop
  endfacet
  facet normal 0.497031 0.0739385 -0.864577
    outer loop
      vertex 16.3731 107.306 0.190302
      vertex 16.955 107.21 0.516617
      vertex 16.4091 107.064 0.190302
    endloop
  endfacet
  facet normal 0.496986 0.073423 -0.864647
    outer loop
      vertex 16.955 107.21 0.516617
      vertex 16.3731 107.306 0.190302
      vertex 16.9191 107.453 0.516617
    endloop
  endfacet
  facet normal 0.158759 0.206951 -0.965384
    outer loop
      vertex 9.36988 118.227 0.190302
      vertex 8.92413 117.781 0.0213881
      vertex 9.17174 118.379 0.190302
    endloop
  endfacet
  facet normal 0.941613 0.336698 0
    outer loop
      vertex 17.7836 107.938 7
      vertex 17.701 108.169 2.17369
      vertex 17.701 108.169 7
    endloop
  endfacet
  facet normal 0.941613 0.336698 0
    outer loop
      vertex 17.701 108.169 2.17369
      vertex 17.7836 107.938 7
      vertex 17.7836 107.938 2.17369
    endloop
  endfacet
  facet normal -0.0344426 0.258434 -0.965415
    outer loop
      vertex -7.51303 118.311 0.0213881
      vertex -7.76064 118.909 0.190302
      vertex -7.51303 118.942 0.190302
    endloop
  endfacet
  facet normal 0.706738 0.034875 -0.706615
    outer loop
      vertex 17.4834 106.51 0.978097
      vertex 17.0069 106.816 0.516617
      vertex 17.4683 106.816 0.978097
    endloop
  endfacet
  facet normal 0.706667 0.0346405 -0.706698
    outer loop
      vertex 17.0069 106.816 0.516617
      vertex 17.4834 106.51 0.978097
      vertex 17.0219 106.51 0.516617
    endloop
  endfacet
  facet normal 0.49892 0.0655838 -0.864163
    outer loop
      vertex 16.4417 106.816 0.190302
      vertex 16.4091 107.064 0.190302
      vertex 17.0069 106.816 0.516617
    endloop
  endfacet
  facet normal 0.484971 0.121243 -0.866085
    outer loop
      vertex 16.3136 107.544 0.190302
      vertex 16.9191 107.453 0.516617
      vertex 16.3731 107.306 0.190302
    endloop
  endfacet
  facet normal 0.485012 0.121969 -0.86596
    outer loop
      vertex 16.9191 107.453 0.516617
      vertex 16.3136 107.544 0.190302
      vertex 16.8595 107.69 0.516617
    endloop
  endfacet
  facet normal 0.955912 0.141807 -0.257142
    outer loop
      vertex 17.8791 107.458 2.17369
      vertex 17.68 107.657 1.54329
      vertex 17.8432 107.7 2.17369
    endloop
  endfacet
  facet normal 0.955923 0.141618 -0.257205
    outer loop
      vertex 17.68 107.657 1.54329
      vertex 17.8791 107.458 2.17369
      vertex 17.716 107.414 1.54329
    endloop
  endfacet
  facet normal 0.465119 0.192491 -0.864067
    outer loop
      vertex 16.231 107.775 0.190302
      vertex 16.1354 108.006 0.190302
      vertex 16.6249 108.288 0.516617
    endloop
  endfacet
  facet normal 0.858027 0.127115 -0.497626
    outer loop
      vertex 17.716 107.414 1.54329
      vertex 17.3648 107.572 0.978097
      vertex 17.68 107.657 1.54329
    endloop
  endfacet
  facet normal 0.858032 0.127641 -0.497482
    outer loop
      vertex 17.3648 107.572 0.978097
      vertex 17.716 107.414 1.54329
      vertex 17.4008 107.33 0.978097
    endloop
  endfacet
  facet normal 0.860399 0.113233 -0.496882
    outer loop
      vertex 17.7947 106.816 1.54329
      vertex 17.4683 106.816 0.978097
      vertex 17.716 107.414 1.54329
    endloop
  endfacet
  facet normal 0.306445 0.399467 -0.864013
    outer loop
      vertex 9.36988 118.227 0.190302
      vertex 9.17174 118.379 0.190302
      vertex 9.45434 118.868 0.516617
    endloop
  endfacet
  facet normal 0.099291 0.241162 -0.965392
    outer loop
      vertex 8.74421 118.618 0.190302
      vertex 8.35031 118.104 0.0213881
      vertex 8.51347 118.713 0.190302
    endloop
  endfacet
  facet normal -0.0244848 0.499979 -0.865691
    outer loop
      vertex -7.51303 119.507 0.516617
      vertex -7.20673 118.957 0.190302
      vertex -7.51303 118.942 0.190302
    endloop
  endfacet
  facet normal -0.0244848 0.499979 -0.865691
    outer loop
      vertex -7.20673 118.957 0.190302
      vertex -7.51303 119.507 0.516617
      vertex -7.20673 119.522 0.516617
    endloop
  endfacet
  facet normal -0.192519 0.464896 -0.86418
    outer loop
      vertex -8.47145 118.731 0.190302
      vertex -8.98478 119.125 0.516617
      vertex -8.61773 119.277 0.516617
    endloop
  endfacet
  facet normal -0.170375 0.686149 -0.707229
    outer loop
      vertex -8.38688 119.36 0.516617
      vertex -8.26871 119.865 0.978097
      vertex -8.14927 119.419 0.516617
    endloop
  endfacet
  facet normal -0.173267 0.686167 -0.706508
    outer loop
      vertex -8.26871 119.865 0.978097
      vertex -8.38688 119.36 0.516617
      vertex -8.50632 119.805 0.978097
    endloop
  endfacet
  facet normal -0.688694 0.527999 -0.496909
    outer loop
      vertex -10.5932 118.495 0.978097
      vertex -10.9083 118.084 0.978097
      vertex -10.8239 118.726 1.54329
    endloop
  endfacet
  facet normal -0.217885 0.139879 -0.965899
    outer loop
      vertex -28.2154 88.1017 0.0213881
      vertex -10.2399 117.268 0.190302
      vertex -9.69396 116.952 0.0213881
    endloop
  endfacet
  facet normal -0.218037 0.139972 -0.965851
    outer loop
      vertex -10.2399 117.268 0.190302
      vertex -28.2154 88.1017 0.0213881
      vertex -28.7613 88.4169 0.190302
    endloop
  endfacet
  facet normal -0.0665066 0.499022 -0.864034
    outer loop
      vertex -7.51303 118.942 0.190302
      vertex -7.76064 118.909 0.190302
      vertex -7.51303 119.507 0.516617
    endloop
  endfacet
  facet normal -0.0336966 0.258728 -0.965362
    outer loop
      vertex -7.59749 118.3 0.0213881
      vertex -7.76064 118.909 0.190302
      vertex -7.51303 118.311 0.0213881
    endloop
  endfacet
  facet normal -0.0423503 0.864794 -0.500338
    outer loop
      vertex -7.20673 119.983 0.978097
      vertex -7.51303 120.295 1.54329
      vertex -7.20673 120.31 1.54329
    endloop
  endfacet
  facet normal -0.0423503 0.864794 -0.500338
    outer loop
      vertex -7.51303 120.295 1.54329
      vertex -7.20673 119.983 0.978097
      vertex -7.51303 119.968 0.978097
    endloop
  endfacet
  facet normal -0.0929147 0.703828 -0.704267
    outer loop
      vertex -7.90693 119.455 0.516617
      vertex -8.02637 119.901 0.978097
      vertex -7.51303 119.507 0.516617
    endloop
  endfacet
  facet normal -0.174199 0.191703 -0.96587
    outer loop
      vertex -9.2646 117.496 0.0213881
      vertex -9.52877 118.107 0.190302
      vertex -9.08302 117.661 0.0213881
    endloop
  endfacet
  facet normal -0.174199 0.191703 -0.96587
    outer loop
      vertex -9.52877 118.107 0.190302
      vertex -9.2646 117.496 0.0213881
      vertex -9.71035 117.942 0.190302
    endloop
  endfacet
  facet normal -0.158759 0.206951 -0.965384
    outer loop
      vertex -9.08302 117.661 0.0213881
      vertex -9.52877 118.107 0.190302
      vertex -9.33063 118.259 0.190302
    endloop
  endfacet
  facet normal -0.104214 0.701534 -0.704974
    outer loop
      vertex -8.14927 119.419 0.516617
      vertex -8.02637 119.901 0.978097
      vertex -7.90693 119.455 0.516617
    endloop
  endfacet
  facet normal -0.104214 0.701534 -0.704974
    outer loop
      vertex -8.02637 119.901 0.978097
      vertex -8.14927 119.419 0.516617
      vertex -8.26871 119.865 0.978097
    endloop
  endfacet
  facet normal -0.236503 0.936593 -0.258573
    outer loop
      vertex -8.59077 120.12 1.54329
      vertex -8.39688 120.343 2.17369
      vertex -8.35316 120.18 1.54329
    endloop
  endfacet
  facet normal -0.232704 0.937165 -0.259944
    outer loop
      vertex -8.39688 120.343 2.17369
      vertex -8.59077 120.12 1.54329
      vertex -8.63449 120.284 2.17369
    endloop
  endfacet
  facet normal -0.142003 0.955917 -0.257016
    outer loop
      vertex -8.35316 120.18 1.54329
      vertex -8.15454 120.379 2.17369
      vertex -8.11082 120.216 1.54329
    endloop
  endfacet
  facet normal -0.142003 0.955917 -0.257016
    outer loop
      vertex -8.15454 120.379 2.17369
      vertex -8.35316 120.18 1.54329
      vertex -8.39688 120.343 2.17369
    endloop
  endfacet
  facet normal 0.343051 0.903369 -0.257372
    outer loop
      vertex 8.86365 120.02 1.54329
      vertex 8.67827 120.27 2.17369
      vertex 8.90737 120.183 2.17369
    endloop
  endfacet
  facet normal 0.343051 0.903369 -0.257372
    outer loop
      vertex 8.67827 120.27 2.17369
      vertex 8.86365 120.02 1.54329
      vertex 8.63455 120.107 1.54329
    endloop
  endfacet
  facet normal 0.33206 0.802243 -0.496128
    outer loop
      vertex 9.25755 119.507 0.978097
      vertex 8.77919 119.705 0.978097
      vertex 9.4207 119.789 1.54329
    endloop
  endfacet
  facet normal 0.530036 0.847975 -0
    outer loop
      vertex 9.9327 119.697 2.17369
      vertex 9.72472 119.827 7
      vertex 9.9327 119.697 7
    endloop
  endfacet
  facet normal 0.530036 0.847975 0
    outer loop
      vertex 9.72472 119.827 7
      vertex 9.9327 119.697 2.17369
      vertex 9.72472 119.827 2.17369
    endloop
  endfacet
  facet normal 0.385439 0.776395 -0.498646
    outer loop
      vertex 9.4771 119.398 0.978097
      vertex 9.4207 119.789 1.54329
      vertex 9.64026 119.68 1.54329
    endloop
  endfacet
  facet normal 0.385454 0.77639 -0.498642
    outer loop
      vertex 9.4207 119.789 1.54329
      vertex 9.4771 119.398 0.978097
      vertex 9.25755 119.507 0.978097
    endloop
  endfacet
  facet normal 0.588563 0.766776 -0.256219
    outer loop
      vertex 10.3266 119.184 1.54329
      vertex 9.9327 119.697 2.17369
      vertex 10.446 119.303 2.17369
    endloop
  endfacet
  facet normal 0.68888 0.527949 -0.496703
    outer loop
      vertex 10.9448 118.04 0.978097
      vertex 10.8603 118.682 1.54329
      vertex 11.2274 118.203 1.54329
    endloop
  endfacet
  facet normal 0.314642 0.633758 -0.706648
    outer loop
      vertex 9.24636 118.998 0.516617
      vertex 9.25755 119.507 0.978097
      vertex 9.4771 119.398 0.978097
    endloop
  endfacet
  facet normal 0.314629 0.633761 -0.706651
    outer loop
      vertex 9.25755 119.507 0.978097
      vertex 9.24636 118.998 0.516617
      vertex 9.0268 119.107 0.516617
    endloop
  endfacet
  facet normal 0.593156 0.630934 -0.500088
    outer loop
      vertex 10.4684 118.635 0.978097
      vertex 10.5205 119.034 1.54329
      vertex 10.6992 118.866 1.54329
    endloop
  endfacet
  facet normal 0.593362 0.6308 -0.500012
    outer loop
      vertex 10.5205 119.034 1.54329
      vertex 10.4684 118.635 0.978097
      vertex 10.2898 118.803 0.978097
    endloop
  endfacet
  facet normal 0.576527 0.412136 -0.705521
    outer loop
      vertex 10.7232 117.56 0.516617
      vertex 10.9448 118.04 0.978097
      vertex 11.1228 117.791 0.978097
    endloop
  endfacet
  facet normal 0.576375 0.412258 -0.705575
    outer loop
      vertex 10.9448 118.04 0.978097
      vertex 10.7232 117.56 0.516617
      vertex 10.5451 117.809 0.516617
    endloop
  endfacet
  facet normal -0.100232 0.240901 -0.96536
    outer loop
      vertex -8.30829 118.122 0.0213881
      vertex -8.70218 118.635 0.190302
      vertex -8.47145 118.731 0.190302
    endloop
  endfacet
  facet normal -0.191924 0.173986 -0.965864
    outer loop
      vertex -9.86718 117.769 0.190302
      vertex -9.2646 117.496 0.0213881
      vertex -9.42143 117.323 0.0213881
    endloop
  endfacet
  facet normal -0.191924 0.173986 -0.965864
    outer loop
      vertex -9.2646 117.496 0.0213881
      vertex -9.86718 117.769 0.190302
      vertex -9.71035 117.942 0.190302
    endloop
  endfacet
  facet normal 0.936997 0.234643 -0.258802
    outer loop
      vertex 17.8432 107.7 2.17369
      vertex 17.6205 107.894 1.54329
      vertex 17.7836 107.938 2.17369
    endloop
  endfacet
  facet normal 0.936911 0.235216 -0.258595
    outer loop
      vertex 17.6205 107.894 1.54329
      vertex 17.8432 107.7 2.17369
      vertex 17.68 107.657 1.54329
    endloop
  endfacet
  facet normal 0.684958 0.728583 -0
    outer loop
      vertex 10.8186 118.986 2.17369
      vertex 10.6399 119.154 7
      vertex 10.8186 118.986 7
    endloop
  endfacet
  facet normal 0.684958 0.728583 0
    outer loop
      vertex 10.6399 119.154 7
      vertex 10.8186 118.986 2.17369
      vertex 10.6399 119.154 2.17369
    endloop
  endfacet
  facet normal 0.381875 0.924214 -0
    outer loop
      vertex 9.50516 119.936 2.17369
      vertex 8.90737 120.183 7
      vertex 9.50516 119.936 7
    endloop
  endfacet
  facet normal 0.381875 0.924214 0
    outer loop
      vertex 8.90737 120.183 7
      vertex 9.50516 119.936 2.17369
      vertex 8.90737 120.183 2.17369
    endloop
  endfacet
  facet normal 0.252243 0.93247 -0.258599
    outer loop
      vertex 8.63455 120.107 1.54329
      vertex 8.44168 120.334 2.17369
      vertex 8.67827 120.27 2.17369
    endloop
  endfacet
  facet normal 0.252243 0.93247 -0.258599
    outer loop
      vertex 8.44168 120.334 2.17369
      vertex 8.63455 120.107 1.54329
      vertex 8.39796 120.171 1.54329
    endloop
  endfacet
  facet normal 0.0816923 0.495077 -0.865
    outer loop
      vertex 8.04778 118.864 0.190302
      vertex 7.96378 119.448 0.516617
      vertex 8.19407 119.41 0.516617
    endloop
  endfacet
  facet normal 0.0816958 0.495077 -0.865
    outer loop
      vertex 7.96378 119.448 0.516617
      vertex 8.04778 118.864 0.190302
      vertex 7.8175 118.902 0.190302
    endloop
  endfacet
  facet normal 0 0.707475 -0.706739
    outer loop
      vertex 7.19536 119.522 0.516617
      vertex -7.20673 119.983 0.978097
      vertex 7.19536 119.983 0.978097
    endloop
  endfacet
  facet normal 0 0.707475 -0.706739
    outer loop
      vertex -7.20673 119.983 0.978097
      vertex 7.19536 119.522 0.516617
      vertex -7.20673 119.522 0.516617
    endloop
  endfacet
  facet normal 0.0337003 0.258727 -0.965362
    outer loop
      vertex 7.65434 118.293 0.0213881
      vertex 7.56989 118.304 0.0213881
      vertex 7.8175 118.902 0.190302
    endloop
  endfacet
  facet normal 0.0423248 0.256488 -0.96562
    outer loop
      vertex 7.88463 118.255 0.0213881
      vertex 7.8175 118.902 0.190302
      vertex 8.04778 118.864 0.190302
    endloop
  endfacet
  facet normal 0.0423229 0.256488 -0.96562
    outer loop
      vertex 7.8175 118.902 0.190302
      vertex 7.88463 118.255 0.0213881
      vertex 7.65434 118.293 0.0213881
    endloop
  endfacet
  facet normal 0.191738 0.4657 -0.863921
    outer loop
      vertex 8.74421 118.618 0.190302
      vertex 8.51347 118.713 0.190302
      vertex 9.0268 119.107 0.516617
    endloop
  endfacet
  facet normal 0.0983432 0.241863 -0.965314
    outer loop
      vertex 8.42901 118.072 0.0213881
      vertex 8.35031 118.104 0.0213881
      vertex 8.74421 118.618 0.190302
    endloop
  endfacet
  facet normal 0.432339 0.563113 -0.704263
    outer loop
      vertex 9.76954 118.626 0.516617
      vertex 9.45434 118.868 0.516617
      vertex 9.68508 119.268 0.978097
    endloop
  endfacet
  facet normal 0.376582 0.329919 -0.865644
    outer loop
      vertex 9.74244 117.909 0.190302
      vertex 10.3033 118.125 0.516617
      vertex 9.90364 117.725 0.190302
    endloop
  endfacet
  facet normal 0.376582 0.329919 -0.865644
    outer loop
      vertex 10.3033 118.125 0.516617
      vertex 9.74244 117.909 0.190302
      vertex 10.1421 118.309 0.516617
    endloop
  endfacet
  facet normal 0.257579 0.0383176 -0.965497
    outer loop
      vertex 15.7642 107.143 0.0213881
      vertex 16.4091 107.064 0.190302
      vertex 15.8002 106.901 0.0213881
    endloop
  endfacet
  facet normal 0.257579 0.0383176 -0.965497
    outer loop
      vertex 16.4091 107.064 0.190302
      vertex 15.7642 107.143 0.0213881
      vertex 16.3731 107.306 0.190302
    endloop
  endfacet
  facet normal -0.701044 0.510629 -0.49779
    outer loop
      vertex -10.9083 118.084 0.978097
      vertex -11.4116 117.944 1.54329
      vertex -11.1909 118.247 1.54329
    endloop
  endfacet
  facet normal -0.701044 0.510629 -0.49779
    outer loop
      vertex -11.4116 117.944 1.54329
      vertex -10.9083 118.084 0.978097
      vertex -11.129 117.781 0.978097
    endloop
  endfacet
  facet normal -0.338337 0.941025 0
    outer loop
      vertex -8.63449 120.284 2.17369
      vertex -8.86534 120.201 7
      vertex -8.63449 120.284 7
    endloop
  endfacet
  facet normal -0.338337 0.941025 0
    outer loop
      vertex -8.86534 120.201 7
      vertex -8.63449 120.284 2.17369
      vertex -8.86534 120.201 2.17369
    endloop
  endfacet
  facet normal -0.371485 0.78348 -0.498154
    outer loop
      vertex -9.43697 119.42 0.978097
      vertex -9.37868 119.807 1.54329
      vertex -9.21552 119.525 0.978097
    endloop
  endfacet
  facet normal -0.371485 0.78348 -0.498154
    outer loop
      vertex -9.37868 119.807 1.54329
      vertex -9.43697 119.42 0.978097
      vertex -9.60013 119.702 1.54329
    endloop
  endfacet
  facet normal -0.383189 0.92367 0
    outer loop
      vertex -8.86534 120.201 2.17369
      vertex -9.46314 119.953 7
      vertex -8.86534 120.201 7
    endloop
  endfacet
  facet normal -0.383189 0.92367 0
    outer loop
      vertex -9.46314 119.953 7
      vertex -8.86534 120.201 2.17369
      vertex -9.46314 119.953 2.17369
    endloop
  endfacet
  facet normal -0.766658 0.588668 -0.25633
    outer loop
      vertex -10.8239 118.726 1.54329
      vertex -11.3372 118.332 2.17369
      vertex -10.9433 118.845 2.17369
    endloop
  endfacet
  facet normal 0.499846 0.0245023 -0.865768
    outer loop
      vertex 16.4567 106.51 0.190302
      vertex 17.0069 106.816 0.516617
      vertex 17.0219 106.51 0.516617
    endloop
  endfacet
  facet normal 0.499846 0.0245023 -0.865768
    outer loop
      vertex 17.0069 106.816 0.516617
      vertex 16.4567 106.51 0.190302
      vertex 16.4417 106.816 0.190302
    endloop
  endfacet
  facet normal 0.923934 0.382552 0
    outer loop
      vertex 17.701 108.169 7
      vertex 17.4534 108.767 2.17369
      vertex 17.4534 108.767 7
    endloop
  endfacet
  facet normal 0.923934 0.382552 0
    outer loop
      vertex 17.4534 108.767 2.17369
      vertex 17.701 108.169 7
      vertex 17.701 108.169 2.17369
    endloop
  endfacet
  facet normal 0.892885 0.369696 -0.257064
    outer loop
      vertex 17.701 108.169 2.17369
      vertex 17.3071 108.682 1.54329
      vertex 17.4534 108.767 2.17369
    endloop
  endfacet
  facet normal 0.703963 0.0927302 -0.704157
    outer loop
      vertex 17.0069 106.816 0.516617
      vertex 16.955 107.21 0.516617
      vertex 17.4008 107.33 0.978097
    endloop
  endfacet
  facet normal 0.49896 0.065726 -0.864129
    outer loop
      vertex 17.0069 106.816 0.516617
      vertex 16.4091 107.064 0.190302
      vertex 16.955 107.21 0.516617
    endloop
  endfacet
  facet normal 0.430928 0.253301 -0.866106
    outer loop
      vertex 16.0258 108.237 0.190302
      vertex 16.3948 108.725 0.516617
      vertex 16.5153 108.52 0.516617
    endloop
  endfacet
  facet normal 0.43175 0.252553 -0.865915
    outer loop
      vertex 16.3948 108.725 0.516617
      vertex 16.0258 108.237 0.190302
      vertex 15.9053 108.443 0.190302
    endloop
  endfacet
  facet normal 0.704138 0.0924695 -0.704016
    outer loop
      vertex 17.4683 106.816 0.978097
      vertex 17.0069 106.816 0.516617
      vertex 17.4008 107.33 0.978097
    endloop
  endfacet
  facet normal 0.860533 0.113008 -0.496702
    outer loop
      vertex 17.4683 106.816 0.978097
      vertex 17.4008 107.33 0.978097
      vertex 17.716 107.414 1.54329
    endloop
  endfacet
  facet normal -0.0382589 0.257546 -0.965508
    outer loop
      vertex -7.83983 118.264 0.0213881
      vertex -7.76064 118.909 0.190302
      vertex -7.59749 118.3 0.0213881
    endloop
  endfacet
  facet normal -0.0382573 0.257546 -0.965508
    outer loop
      vertex -7.76064 118.909 0.190302
      vertex -7.83983 118.264 0.0213881
      vertex -8.00299 118.873 0.190302
    endloop
  endfacet
  facet normal -0.0346254 0.70705 -0.706315
    outer loop
      vertex -7.20673 119.522 0.516617
      vertex -7.51303 119.968 0.978097
      vertex -7.20673 119.983 0.978097
    endloop
  endfacet
  facet normal -0.0346254 0.70705 -0.706315
    outer loop
      vertex -7.51303 119.968 0.978097
      vertex -7.20673 119.522 0.516617
      vertex -7.51303 119.507 0.516617
    endloop
  endfacet
  facet normal -0.127479 0.858149 -0.497322
    outer loop
      vertex -8.26871 119.865 0.978097
      vertex -8.11082 120.216 1.54329
      vertex -8.02637 119.901 0.978097
    endloop
  endfacet
  facet normal -0.127479 0.858149 -0.497322
    outer loop
      vertex -8.11082 120.216 1.54329
      vertex -8.26871 119.865 0.978097
      vertex -8.35316 120.18 1.54329
    endloop
  endfacet
  facet normal 0.512045 0.819193 -0.258327
    outer loop
      vertex 9.84824 119.551 1.54329
      vertex 9.72472 119.827 2.17369
      vertex 9.9327 119.697 2.17369
    endloop
  endfacet
  facet normal 0.509028 0.820679 -0.259569
    outer loop
      vertex 9.72472 119.827 2.17369
      vertex 9.84824 119.551 1.54329
      vertex 9.64026 119.68 1.54329
    endloop
  endfacet
  facet normal 0.609315 0.792928 -0
    outer loop
      vertex 10.6399 119.154 2.17369
      vertex 10.446 119.303 7
      vertex 10.6399 119.154 7
    endloop
  endfacet
  facet normal 0.609315 0.792928 0
    outer loop
      vertex 10.446 119.303 7
      vertex 10.6399 119.154 2.17369
      vertex 10.446 119.303 2.17369
    endloop
  endfacet
  facet normal 0.434515 0.561683 -0.704066
    outer loop
      vertex 9.96345 118.477 0.516617
      vertex 10.0959 118.953 0.978097
      vertex 10.2898 118.803 0.978097
    endloop
  endfacet
  facet normal 0.432398 0.562727 -0.704536
    outer loop
      vertex 10.0959 118.953 0.978097
      vertex 9.96345 118.477 0.516617
      vertex 9.76954 118.626 0.516617
    endloop
  endfacet
  facet normal 0.431846 0.56321 -0.704488
    outer loop
      vertex 9.76954 118.626 0.516617
      vertex 9.68508 119.268 0.978097
      vertex 10.0959 118.953 0.978097
    endloop
  endfacet
  facet normal 0.222788 0.448765 -0.865434
    outer loop
      vertex 8.96377 118.509 0.190302
      vertex 9.0268 119.107 0.516617
      vertex 9.24636 118.998 0.516617
    endloop
  endfacet
  facet normal 0.222788 0.448765 -0.865434
    outer loop
      vertex 9.0268 119.107 0.516617
      vertex 8.96377 118.509 0.190302
      vertex 8.74421 118.618 0.190302
    endloop
  endfacet
  facet normal 0.530892 0.686267 -0.497183
    outer loop
      vertex 10.2898 118.803 0.978097
      vertex 10.3266 119.184 1.54329
      vertex 10.5205 119.034 1.54329
    endloop
  endfacet
  facet normal 0.530892 0.686267 -0.497183
    outer loop
      vertex 10.3266 119.184 1.54329
      vertex 10.2898 118.803 0.978097
      vertex 10.0959 118.953 0.978097
    endloop
  endfacet
  facet normal 0.651824 0.5707 -0.499427
    outer loop
      vertex 10.8603 118.682 1.54329
      vertex 10.4684 118.635 0.978097
      vertex 10.6992 118.866 1.54329
    endloop
  endfacet
  facet normal 0.651682 0.57093 -0.499348
    outer loop
      vertex 10.4684 118.635 0.978097
      vertex 10.8603 118.682 1.54329
      vertex 10.6296 118.451 0.978097
    endloop
  endfacet
  facet normal 0.814613 0.580005 0
    outer loop
      vertex 11.5517 118.038 7
      vertex 11.3737 118.288 2.17369
      vertex 11.3737 118.288 7
    endloop
  endfacet
  facet normal 0.814613 0.580005 0
    outer loop
      vertex 11.3737 118.288 2.17369
      vertex 11.5517 118.038 7
      vertex 11.5517 118.038 2.17369
    endloop
  endfacet
  facet normal 0.766998 0.587819 -0.25726
    outer loop
      vertex 11.2274 118.203 1.54329
      vertex 10.8603 118.682 1.54329
      vertex 11.3737 118.288 2.17369
    endloop
  endfacet
  facet normal -0.793158 0.609016 0
    outer loop
      vertex -11.3372 118.332 2.17369
      vertex -10.9433 118.845 7
      vertex -10.9433 118.845 2.17369
    endloop
  endfacet
  facet normal -0.793158 0.609016 0
    outer loop
      vertex -10.9433 118.845 7
      vertex -11.3372 118.332 2.17369
      vertex -11.3372 118.332 7
    endloop
  endfacet
  facet normal 0.964851 0.0472966 -0.258508
    outer loop
      vertex 17.9786 106.51 2.17369
      vertex 17.7947 106.816 1.54329
      vertex 17.9636 106.816 2.17369
    endloop
  endfacet
  facet normal 0.964851 0.0472966 -0.258508
    outer loop
      vertex 17.7947 106.816 1.54329
      vertex 17.9786 106.51 2.17369
      vertex 17.8097 106.51 1.54329
    endloop
  endfacet
  facet normal 0.95822 0.126107 -0.256731
    outer loop
      vertex 17.7947 106.816 1.54329
      vertex 17.716 107.414 1.54329
      vertex 17.9636 106.816 2.17369
    endloop
  endfacet
  facet normal 0.355011 0.934862 -0
    outer loop
      vertex 8.90737 120.183 2.17369
      vertex 8.67827 120.27 7
      vertex 8.90737 120.183 7
    endloop
  endfacet
  facet normal 0.355011 0.934862 0
    outer loop
      vertex 8.67827 120.27 7
      vertex 8.90737 120.183 2.17369
      vertex 8.67827 120.27 2.17369
    endloop
  endfacet
  facet normal 0.261125 0.965305 -0
    outer loop
      vertex 8.67827 120.27 2.17369
      vertex 8.44168 120.334 7
      vertex 8.67827 120.27 7
    endloop
  endfacet
  facet normal 0.261125 0.965305 0
    outer loop
      vertex 8.44168 120.334 7
      vertex 8.67827 120.27 2.17369
      vertex 8.44168 120.334 2.17369
    endloop
  endfacet
  facet normal 0.36898 0.893006 -0.257671
    outer loop
      vertex 9.4207 119.789 1.54329
      vertex 8.90737 120.183 2.17369
      vertex 9.50516 119.936 2.17369
    endloop
  endfacet
  facet normal 0.131352 0.991336 -0
    outer loop
      vertex 8.2114 120.372 2.17369
      vertex 7.56989 120.457 7
      vertex 8.2114 120.372 7
    endloop
  endfacet
  facet normal 0.131352 0.991336 0
    outer loop
      vertex 7.56989 120.457 7
      vertex 8.2114 120.372 2.17369
      vertex 7.56989 120.457 2.17369
    endloop
  endfacet
  facet normal 0.093209 0.703632 -0.704425
    outer loop
      vertex 8.08322 119.894 0.978097
      vertex 7.56989 119.5 0.516617
      vertex 7.56989 119.962 0.978097
    endloop
  endfacet
  facet normal 0.0151878 0.258558 -0.965876
    outer loop
      vertex 7.19536 118.326 0.0213881
      vertex 7.56989 118.935 0.190302
      vertex 7.56989 118.304 0.0213881
    endloop
  endfacet
  facet normal 0.0151878 0.258558 -0.965876
    outer loop
      vertex 7.56989 118.935 0.190302
      vertex 7.19536 118.326 0.0213881
      vertex 7.19536 118.957 0.190302
    endloop
  endfacet
  facet normal -0.11038 0.235035 -0.965699
    outer loop
      vertex -8.60844 117.985 0.0213881
      vertex -8.70218 118.635 0.190302
      vertex -8.38699 118.089 0.0213881
    endloop
  endfacet
  facet normal -0.110375 0.235036 -0.965699
    outer loop
      vertex -8.70218 118.635 0.190302
      vertex -8.60844 117.985 0.0213881
      vertex -8.92364 118.531 0.190302
    endloop
  endfacet
  facet normal -0.100828 0.240459 -0.965408
    outer loop
      vertex -8.38699 118.089 0.0213881
      vertex -8.70218 118.635 0.190302
      vertex -8.30829 118.122 0.0213881
    endloop
  endfacet
  facet normal 0.306656 0.399413 -0.863963
    outer loop
      vertex 9.76954 118.626 0.516617
      vertex 9.36988 118.227 0.190302
      vertex 9.45434 118.868 0.516617
    endloop
  endfacet
  facet normal 0.26529 0.424402 -0.865739
    outer loop
      vertex 8.96377 118.509 0.190302
      vertex 9.45434 118.868 0.516617
      vertex 9.17174 118.379 0.190302
    endloop
  endfacet
  facet normal 0.265282 0.424411 -0.865737
    outer loop
      vertex 9.45434 118.868 0.516617
      vertex 8.96377 118.509 0.190302
      vertex 9.24636 118.998 0.516617
    endloop
  endfacet
  facet normal -0.588126 0.766647 -0.257604
    outer loop
      vertex -10.0071 119.43 1.54329
      vertex -10.4855 119.063 1.54329
      vertex -10.0916 119.577 2.17369
    endloop
  endfacet
  facet normal -0.574068 0.416766 -0.704806
    outer loop
      vertex -10.7294 117.55 0.516617
      vertex -10.9083 118.084 0.978097
      vertex -10.5087 117.854 0.516617
    endloop
  endfacet
  facet normal -0.573096 0.417434 -0.705202
    outer loop
      vertex -10.9083 118.084 0.978097
      vertex -10.7294 117.55 0.516617
      vertex -11.129 117.781 0.978097
    endloop
  endfacet
  facet normal -0.323281 0.910116 -0.259189
    outer loop
      vertex -8.82162 120.038 1.54329
      vertex -8.63449 120.284 2.17369
      vertex -8.59077 120.12 1.54329
    endloop
  endfacet
  facet normal -0.326904 0.909225 -0.257766
    outer loop
      vertex -8.63449 120.284 2.17369
      vertex -8.82162 120.038 1.54329
      vertex -8.86534 120.201 2.17369
    endloop
  endfacet
  facet normal -0.413962 0.873066 -0.257663
    outer loop
      vertex -9.60013 119.702 1.54329
      vertex -9.46314 119.953 2.17369
      vertex -9.37868 119.807 1.54329
    endloop
  endfacet
  facet normal -0.410596 0.874294 -0.258884
    outer loop
      vertex -9.46314 119.953 2.17369
      vertex -9.60013 119.702 1.54329
      vertex -9.68459 119.849 2.17369
    endloop
  endfacet
  facet normal -0.37038 0.892794 -0.256393
    outer loop
      vertex -9.37868 119.807 1.54329
      vertex -9.46314 119.953 2.17369
      vertex -8.86534 120.201 2.17369
    endloop
  endfacet
  facet normal -0.290146 0.816832 -0.498599
    outer loop
      vertex -8.73717 119.723 0.978097
      vertex -8.59077 120.12 1.54329
      vertex -8.50632 119.805 0.978097
    endloop
  endfacet
  facet normal -0.290146 0.816832 -0.498599
    outer loop
      vertex -8.59077 120.12 1.54329
      vertex -8.73717 119.723 0.978097
      vertex -8.82162 120.038 1.54329
    endloop
  endfacet
  facet normal -0.445506 0.743076 -0.499362
    outer loop
      vertex -9.64713 119.294 0.978097
      vertex -9.60013 119.702 1.54329
      vertex -9.43697 119.42 0.978097
    endloop
  endfacet
  facet normal -0.445506 0.743076 -0.499362
    outer loop
      vertex -9.60013 119.702 1.54329
      vertex -9.64713 119.294 0.978097
      vertex -9.81029 119.576 1.54329
    endloop
  endfacet
  facet normal 0.685916 0.172492 -0.706941
    outer loop
      vertex 16.8595 107.69 0.516617
      vertex 17.3648 107.572 0.978097
      vertex 16.9191 107.453 0.516617
    endloop
  endfacet
  facet normal 0.68591 0.171477 -0.707194
    outer loop
      vertex 17.3648 107.572 0.978097
      vertex 16.8595 107.69 0.516617
      vertex 17.3053 107.81 0.978097
    endloop
  endfacet
  facet normal 0.746647 0.438883 -0.499901
    outer loop
      vertex 17.1975 108.914 1.54329
      vertex 16.7944 108.956 0.978097
      vertex 17.077 109.119 1.54329
    endloop
  endfacet
  facet normal 0.746647 0.438883 -0.499901
    outer loop
      vertex 16.7944 108.956 0.978097
      vertex 17.1975 108.914 1.54329
      vertex 16.9149 108.751 0.978097
    endloop
  endfacet
  facet normal 0.223452 0.130709 -0.965911
    outer loop
      vertex 15.4799 107.922 0.0213881
      vertex 15.9053 108.443 0.190302
      vertex 16.0258 108.237 0.190302
    endloop
  endfacet
  facet normal 0.22301 0.131086 -0.965962
    outer loop
      vertex 15.9053 108.443 0.190302
      vertex 15.4799 107.922 0.0213881
      vertex 15.3594 108.127 0.0213881
    endloop
  endfacet
  facet normal 0.241089 0.0997756 -0.96536
    outer loop
      vertex 16.231 107.775 0.190302
      vertex 15.6221 107.612 0.0213881
      vertex 16.1354 108.006 0.190302
    endloop
  endfacet
  facet normal 0.452974 0.214918 -0.865231
    outer loop
      vertex 16.0258 108.237 0.190302
      vertex 16.6249 108.288 0.516617
      vertex 16.1354 108.006 0.190302
    endloop
  endfacet
  facet normal 0.453121 0.214061 -0.865366
    outer loop
      vertex 16.6249 108.288 0.516617
      vertex 16.0258 108.237 0.190302
      vertex 16.5153 108.52 0.516617
    endloop
  endfacet
  facet normal -0.210565 0.152846 -0.965557
    outer loop
      vertex -9.69396 116.952 0.0213881
      vertex -10.0192 117.571 0.190302
      vertex -9.47329 117.256 0.0213881
    endloop
  endfacet
  facet normal -0.210157 0.153075 -0.96561
    outer loop
      vertex -10.0192 117.571 0.190302
      vertex -9.69396 116.952 0.0213881
      vertex -10.2399 117.268 0.190302
    endloop
  endfacet
  facet normal -0.206469 0.159813 -0.965313
    outer loop
      vertex -9.47329 117.256 0.0213881
      vertex -10.0192 117.571 0.190302
      vertex -9.42143 117.323 0.0213881
    endloop
  endfacet
  facet normal -0.131352 0.991336 0
    outer loop
      vertex -7.51303 120.464 2.17369
      vertex -8.15454 120.379 7
      vertex -7.51303 120.464 7
    endloop
  endfacet
  facet normal -0.131352 0.991336 0
    outer loop
      vertex -8.15454 120.379 7
      vertex -7.51303 120.464 2.17369
      vertex -8.15454 120.379 2.17369
    endloop
  endfacet
  facet normal -0.126956 0.958156 -0.256551
    outer loop
      vertex -8.11082 120.216 1.54329
      vertex -8.15454 120.379 2.17369
      vertex -7.51303 120.464 2.17369
    endloop
  endfacet
  facet normal 0.528015 0.688633 -0.496976
    outer loop
      vertex 10.0959 118.953 0.978097
      vertex 9.68508 119.268 0.978097
      vertex 10.3266 119.184 1.54329
    endloop
  endfacet
  facet normal 0.528145 0.688402 -0.497157
    outer loop
      vertex 10.3266 119.184 1.54329
      vertex 9.68508 119.268 0.978097
      vertex 9.84824 119.551 1.54329
    endloop
  endfacet
  facet normal 0.793158 0.609016 0
    outer loop
      vertex 11.3737 118.288 7
      vertex 10.9798 118.801 2.17369
      vertex 10.9798 118.801 7
    endloop
  endfacet
  facet normal 0.793158 0.609016 0
    outer loop
      vertex 10.9798 118.801 2.17369
      vertex 11.3737 118.288 7
      vertex 11.3737 118.288 2.17369
    endloop
  endfacet
  facet normal 0.370236 0.892815 -0.256528
    outer loop
      vertex 9.4207 119.789 1.54329
      vertex 8.86365 120.02 1.54329
      vertex 8.90737 120.183 2.17369
    endloop
  endfacet
  facet normal 0.157327 0.953404 -0.257429
    outer loop
      vertex 8.39796 120.171 1.54329
      vertex 8.2114 120.372 2.17369
      vertex 8.44168 120.334 2.17369
    endloop
  endfacet
  facet normal 0.157327 0.953404 -0.257429
    outer loop
      vertex 8.2114 120.372 2.17369
      vertex 8.39796 120.171 1.54329
      vertex 8.16768 120.209 1.54329
    endloop
  endfacet
  facet normal 0.0566458 0.964342 -0.258525
    outer loop
      vertex 7.56989 120.288 1.54329
      vertex 7.19536 120.479 2.17369
      vertex 7.56989 120.457 2.17369
    endloop
  endfacet
  facet normal 0.0566458 0.964342 -0.258525
    outer loop
      vertex 7.19536 120.479 2.17369
      vertex 7.56989 120.288 1.54329
      vertex 7.19536 120.31 1.54329
    endloop
  endfacet
  facet normal 0.177531 0.188785 -0.965838
    outer loop
      vertex 9.29669 117.464 0.0213881
      vertex 9.56379 118.077 0.190302
      vertex 9.74244 117.909 0.190302
    endloop
  endfacet
  facet normal 0.177531 0.188785 -0.965838
    outer loop
      vertex 9.56379 118.077 0.190302
      vertex 9.29669 117.464 0.0213881
      vertex 9.11804 117.632 0.0213881
    endloop
  endfacet
  facet normal -0.71585 0.648817 -0.258061
    outer loop
      vertex -10.6671 118.899 1.54329
      vertex -10.9433 118.845 2.17369
      vertex -10.7865 119.018 2.17369
    endloop
  endfacet
  facet normal -0.71585 0.648817 -0.258061
    outer loop
      vertex -10.9433 118.845 2.17369
      vertex -10.6671 118.899 1.54329
      vertex -10.8239 118.726 1.54329
    endloop
  endfacet
  facet normal -0.729021 0.468016 -0.499489
    outer loop
      vertex -11.129 117.781 0.978097
      vertex -29.9331 89.0934 1.54329
      vertex -11.4116 117.944 1.54329
    endloop
  endfacet
  facet normal -0.728991 0.467996 -0.499552
    outer loop
      vertex -29.9331 89.0934 1.54329
      vertex -11.129 117.781 0.978097
      vertex -29.6505 88.9303 0.978097
    endloop
  endfacet
  facet normal -0.780957 0.568835 -0.257939
    outer loop
      vertex -11.1909 118.247 1.54329
      vertex -11.5579 118.029 2.17369
      vertex -11.3372 118.332 2.17369
    endloop
  endfacet
  facet normal -0.780957 0.568835 -0.257939
    outer loop
      vertex -11.5579 118.029 2.17369
      vertex -11.1909 118.247 1.54329
      vertex -11.4116 117.944 1.54329
    endloop
  endfacet
  facet normal -0.370231 0.892817 -0.256529
    outer loop
      vertex -8.82162 120.038 1.54329
      vertex -9.37868 119.807 1.54329
      vertex -8.86534 120.201 2.17369
    endloop
  endfacet
  facet normal -0.528382 0.688959 -0.496133
    outer loop
      vertex -10.2547 118.833 0.978097
      vertex -10.4855 119.063 1.54329
      vertex -9.84397 119.148 0.978097
    endloop
  endfacet
  facet normal -0.370672 0.336026 -0.865846
    outer loop
      vertex -10.2668 118.169 0.516617
      vertex -9.71035 117.942 0.190302
      vertex -9.86718 117.769 0.190302
    endloop
  endfacet
  facet normal -0.370694 0.335982 -0.865853
    outer loop
      vertex -9.71035 117.942 0.190302
      vertex -10.2668 118.169 0.516617
      vertex -10.11 118.342 0.516617
    endloop
  endfacet
  facet normal -0.641764 0.581668 -0.499802
    outer loop
      vertex -10.4363 118.668 0.978097
      vertex -10.8239 118.726 1.54329
      vertex -10.6671 118.899 1.54329
    endloop
  endfacet
  facet normal -0.641613 0.581902 -0.499722
    outer loop
      vertex -10.8239 118.726 1.54329
      vertex -10.4363 118.668 0.978097
      vertex -10.5932 118.495 0.978097
    endloop
  endfacet
  facet normal 0.655931 0.271978 -0.704119
    outer loop
      vertex 17.2227 108.041 0.978097
      vertex 16.6249 108.288 0.516617
      vertex 17.0245 108.519 0.978097
    endloop
  endfacet
  facet normal 0.609547 0.358295 -0.707162
    outer loop
      vertex 16.5153 108.52 0.516617
      vertex 16.7944 108.956 0.978097
      vertex 16.9149 108.751 0.978097
    endloop
  endfacet
  facet normal 0.609547 0.358295 -0.707162
    outer loop
      vertex 16.7944 108.956 0.978097
      vertex 16.5153 108.52 0.516617
      vertex 16.3948 108.725 0.516617
    endloop
  endfacet
  facet normal -0.399018 0.306357 -0.864251
    outer loop
      vertex -10.0192 117.571 0.190302
      vertex -10.5087 117.854 0.516617
      vertex -9.86718 117.769 0.190302
    endloop
  endfacet
  facet normal 0.2715 0.655932 -0.704302
    outer loop
      vertex 9.0268 119.107 0.516617
      vertex 8.77919 119.705 0.978097
      vertex 9.25755 119.507 0.978097
    endloop
  endfacet
  facet normal 0.113984 0.860464 -0.496597
    outer loop
      vertex 8.08322 119.894 0.978097
      vertex 7.56989 119.962 0.978097
      vertex 8.16768 120.209 1.54329
    endloop
  endfacet
  facet normal -0.767075 0.587717 -0.257264
    outer loop
      vertex -11.1909 118.247 1.54329
      vertex -11.3372 118.332 2.17369
      vertex -10.8239 118.726 1.54329
    endloop
  endfacet
  facet normal -0.688946 0.527857 -0.49671
    outer loop
      vertex -10.9083 118.084 0.978097
      vertex -11.1909 118.247 1.54329
      vertex -10.8239 118.726 1.54329
    endloop
  endfacet
  facet normal -0.474027 0.524811 -0.707016
    outer loop
      vertex -10.11 118.342 0.516617
      vertex -10.2547 118.833 0.978097
      vertex -9.92843 118.506 0.516617
    endloop
  endfacet
  facet normal -0.475906 0.523785 -0.706514
    outer loop
      vertex -10.2547 118.833 0.978097
      vertex -10.11 118.342 0.516617
      vertex -10.4363 118.668 0.978097
    endloop
  endfacet
  facet normal -0.425088 0.905152 0
    outer loop
      vertex -9.46314 119.953 2.17369
      vertex -9.68459 119.849 7
      vertex -9.46314 119.953 7
    endloop
  endfacet
  facet normal -0.425088 0.905152 0
    outer loop
      vertex -9.68459 119.849 7
      vertex -9.46314 119.953 2.17369
      vertex -9.68459 119.849 2.17369
    endloop
  endfacet
  facet normal -0.271505 0.655932 -0.704299
    outer loop
      vertex -8.98478 119.125 0.516617
      vertex -9.21552 119.525 0.978097
      vertex -8.73717 119.723 0.978097
    endloop
  endfacet
  facet normal -0.575614 0.775935 -0.258057
    outer loop
      vertex -10.0071 119.43 1.54329
      vertex -9.89475 119.723 2.17369
      vertex -9.81029 119.576 1.54329
    endloop
  endfacet
  facet normal -0.575532 0.775983 -0.258093
    outer loop
      vertex -9.89475 119.723 2.17369
      vertex -10.0071 119.43 1.54329
      vertex -10.0916 119.577 2.17369
    endloop
  endfacet
  facet normal -0.271633 0.655941 -0.704242
    outer loop
      vertex -8.61773 119.277 0.516617
      vertex -8.98478 119.125 0.516617
      vertex -8.73717 119.723 0.978097
    endloop
  endfacet
  facet normal -0.239596 0.666395 -0.706053
    outer loop
      vertex -8.73717 119.723 0.978097
      vertex -8.38688 119.36 0.516617
      vertex -8.61773 119.277 0.516617
    endloop
  endfacet
  facet normal -0.23724 0.667887 -0.705439
    outer loop
      vertex -8.38688 119.36 0.516617
      vertex -8.73717 119.723 0.978097
      vertex -8.50632 119.805 0.978097
    endloop
  endfacet
  facet normal -0.524329 0.47523 -0.706566
    outer loop
      vertex -10.5932 118.495 0.978097
      vertex -10.11 118.342 0.516617
      vertex -10.2668 118.169 0.516617
    endloop
  endfacet
  facet normal -0.524216 0.475431 -0.706514
    outer loop
      vertex -10.11 118.342 0.516617
      vertex -10.5932 118.495 0.978097
      vertex -10.4363 118.668 0.978097
    endloop
  endfacet
  facet normal -0.582768 0.641398 -0.498988
    outer loop
      vertex -10.4363 118.668 0.978097
      vertex -10.4855 119.063 1.54329
      vertex -10.2547 118.833 0.978097
    endloop
  endfacet
  facet normal -0.580518 0.642818 -0.499784
    outer loop
      vertex -10.4855 119.063 1.54329
      vertex -10.4363 118.668 0.978097
      vertex -10.6671 118.899 1.54329
    endloop
  endfacet
  facet normal -0.432339 0.563113 -0.704263
    outer loop
      vertex -9.61323 118.748 0.516617
      vertex -9.92843 118.506 0.516617
      vertex -9.84397 119.148 0.978097
    endloop
  endfacet
  facet normal -0.399004 0.30641 -0.864239
    outer loop
      vertex -9.86718 117.769 0.190302
      vertex -10.5087 117.854 0.516617
      vertex -10.2668 118.169 0.516617
    endloop
  endfacet
  facet normal -0.56354 0.432763 -0.703662
    outer loop
      vertex -10.5087 117.854 0.516617
      vertex -10.9083 118.084 0.978097
      vertex -10.2668 118.169 0.516617
    endloop
  endfacet
  facet normal 0.640391 0.30253 -0.705956
    outer loop
      vertex 16.5153 108.52 0.516617
      vertex 17.0245 108.519 0.978097
      vertex 16.6249 108.288 0.516617
    endloop
  endfacet
  facet normal 0.640391 0.30253 -0.705956
    outer loop
      vertex 17.0245 108.519 0.978097
      vertex 16.5153 108.52 0.516617
      vertex 16.9149 108.751 0.978097
    endloop
  endfacet
  facet normal 0.783744 0.370252 -0.498657
    outer loop
      vertex 17.3071 108.682 1.54329
      vertex 16.9149 108.751 0.978097
      vertex 17.1975 108.914 1.54329
    endloop
  endfacet
  facet normal 0.783744 0.370252 -0.498657
    outer loop
      vertex 16.9149 108.751 0.978097
      vertex 17.3071 108.682 1.54329
      vertex 17.0245 108.519 0.978097
    endloop
  endfacet
  facet normal 0.307884 0.81076 -0.497871
    outer loop
      vertex 8.77919 119.705 0.978097
      vertex 8.63455 120.107 1.54329
      vertex 8.86365 120.02 1.54329
    endloop
  endfacet
  facet normal 0.307896 0.810758 -0.497867
    outer loop
      vertex 8.63455 120.107 1.54329
      vertex 8.77919 119.705 0.978097
      vertex 8.5501 119.792 0.978097
    endloop
  endfacet
  facet normal 0.181904 0.683122 -0.707287
    outer loop
      vertex 8.43066 119.346 0.516617
      vertex 8.31351 119.855 0.978097
      vertex 8.5501 119.792 0.978097
    endloop
  endfacet
  facet normal 0.184789 0.683114 -0.706546
    outer loop
      vertex 8.31351 119.855 0.978097
      vertex 8.43066 119.346 0.516617
      vertex 8.19407 119.41 0.516617
    endloop
  endfacet
  facet normal 0.0665066 0.499022 -0.864034
    outer loop
      vertex 7.8175 118.902 0.190302
      vertex 7.56989 118.935 0.190302
      vertex 7.56989 119.5 0.516617
    endloop
  endfacet
  facet normal 0.029365 0.499913 -0.865578
    outer loop
      vertex 7.19536 118.957 0.190302
      vertex 7.56989 119.5 0.516617
      vertex 7.56989 118.935 0.190302
    endloop
  endfacet
  facet normal 0.029365 0.499913 -0.865578
    outer loop
      vertex 7.56989 119.5 0.516617
      vertex 7.19536 118.957 0.190302
      vertex 7.19536 119.522 0.516617
    endloop
  endfacet
  facet normal -0.563662 0.432141 -0.703946
    outer loop
      vertex -10.2668 118.169 0.516617
      vertex -10.9083 118.084 0.978097
      vertex -10.5932 118.495 0.978097
    endloop
  endfacet
  facet normal -0.431929 0.563194 -0.70445
    outer loop
      vertex -9.92843 118.506 0.516617
      vertex -10.2547 118.833 0.978097
      vertex -9.84397 119.148 0.978097
    endloop
  endfacet
  facet normal -0.422504 0.569628 -0.704992
    outer loop
      vertex -9.84397 119.148 0.978097
      vertex -9.41639 118.894 0.516617
      vertex -9.61323 118.748 0.516617
    endloop
  endfacet
  facet normal -0.422504 0.569628 -0.704992
    outer loop
      vertex -9.41639 118.894 0.516617
      vertex -9.84397 119.148 0.978097
      vertex -9.64713 119.294 0.978097
    endloop
  endfacet
  facet normal -0.155126 0.209144 -0.965502
    outer loop
      vertex -9.33063 118.259 0.190302
      vertex -8.8186 117.859 0.0213881
      vertex -9.01544 117.713 0.0213881
    endloop
  endfacet
  facet normal -0.155126 0.209144 -0.965502
    outer loop
      vertex -8.8186 117.859 0.0213881
      vertex -9.33063 118.259 0.190302
      vertex -9.13379 118.405 0.190302
    endloop
  endfacet
  facet normal -0.336757 0.370596 -0.865594
    outer loop
      vertex -9.71035 117.942 0.190302
      vertex -9.92843 118.506 0.516617
      vertex -9.52877 118.107 0.190302
    endloop
  endfacet
  facet normal -0.335355 0.371283 -0.865844
    outer loop
      vertex -9.92843 118.506 0.516617
      vertex -9.71035 117.942 0.190302
      vertex -10.11 118.342 0.516617
    endloop
  endfacet
  facet normal 0.472065 0.168799 -0.865252
    outer loop
      vertex 16.3136 107.544 0.190302
      vertex 16.7769 107.921 0.516617
      vertex 16.8595 107.69 0.516617
    endloop
  endfacet
  facet normal 0.472065 0.168799 -0.865252
    outer loop
      vertex 16.7769 107.921 0.516617
      vertex 16.3136 107.544 0.190302
      vertex 16.231 107.775 0.190302
    endloop
  endfacet
  facet normal 0.141086 0.854981 -0.499102
    outer loop
      vertex 8.31351 119.855 0.978097
      vertex 8.16768 120.209 1.54329
      vertex 8.39796 120.171 1.54329
    endloop
  endfacet
  facet normal 0.144785 0.854936 -0.498119
    outer loop
      vertex 8.16768 120.209 1.54329
      vertex 8.31351 119.855 0.978097
      vertex 8.08322 119.894 0.978097
    endloop
  endfacet
  facet normal -0.257277 0.429101 -0.865841
    outer loop
      vertex -9.41639 118.894 0.516617
      vertex -8.92364 118.531 0.190302
      vertex -9.13379 118.405 0.190302
    endloop
  endfacet
  facet normal -0.25727 0.429109 -0.865839
    outer loop
      vertex -8.92364 118.531 0.190302
      vertex -9.41639 118.894 0.516617
      vertex -9.20623 119.02 0.516617
    endloop
  endfacet
  facet normal -0.528444 0.688849 -0.49622
    outer loop
      vertex -9.84397 119.148 0.978097
      vertex -10.4855 119.063 1.54329
      vertex -10.0071 119.43 1.54329
    endloop
  endfacet
  facet normal -0.516955 0.696969 -0.496983
    outer loop
      vertex -9.84397 119.148 0.978097
      vertex -9.81029 119.576 1.54329
      vertex -9.64713 119.294 0.978097
    endloop
  endfacet
  facet normal -0.517014 0.696942 -0.49696
    outer loop
      vertex -9.81029 119.576 1.54329
      vertex -9.84397 119.148 0.978097
      vertex -10.0071 119.43 1.54329
    endloop
  endfacet
  facet normal -0.306445 0.399467 -0.864013
    outer loop
      vertex -9.52877 118.107 0.190302
      vertex -9.61323 118.748 0.516617
      vertex -9.33063 118.259 0.190302
    endloop
  endfacet
  facet normal -0.299489 0.403777 -0.864448
    outer loop
      vertex -9.61323 118.748 0.516617
      vertex -9.13379 118.405 0.190302
      vertex -9.33063 118.259 0.190302
    endloop
  endfacet
  facet normal -0.299489 0.403777 -0.864448
    outer loop
      vertex -9.13379 118.405 0.190302
      vertex -9.61323 118.748 0.516617
      vertex -9.41639 118.894 0.516617
    endloop
  endfacet
  facet normal 0.092917 0.703828 -0.704267
    outer loop
      vertex 7.96378 119.448 0.516617
      vertex 7.56989 119.5 0.516617
      vertex 8.08322 119.894 0.978097
    endloop
  endfacet
  facet normal 0.118425 0.699286 -0.704964
    outer loop
      vertex 8.19407 119.41 0.516617
      vertex 8.08322 119.894 0.978097
      vertex 8.31351 119.855 0.978097
    endloop
  endfacet
  facet normal 0.11537 0.699174 -0.705581
    outer loop
      vertex 8.08322 119.894 0.978097
      vertex 8.19407 119.41 0.516617
      vertex 7.96378 119.448 0.516617
    endloop
  endfacet
  facet normal -0.841511 0.54024 0
    outer loop
      vertex -30.512 88.5039 2.17369
      vertex -30.0793 89.1779 7
      vertex -30.0793 89.1779 2.17369
    endloop
  endfacet
  facet normal -0.841511 0.54024 0
    outer loop
      vertex -30.0793 89.1779 7
      vertex -30.512 88.5039 2.17369
      vertex -30.512 88.5039 7
    endloop
  endfacet
  facet normal -0.812913 0.521881 -0.258482
    outer loop
      vertex -29.9331 89.0934 1.54329
      vertex -30.512 88.5039 2.17369
      vertex -30.0793 89.1779 2.17369
    endloop
  endfacet
  facet normal -0.812923 0.521844 -0.258525
    outer loop
      vertex -30.512 88.5039 2.17369
      vertex -29.9331 89.0934 1.54329
      vertex -30.3657 88.4195 1.54329
    endloop
  endfacet
  facet normal -0.729005 0.467974 -0.499552
    outer loop
      vertex -29.6505 88.9303 0.978097
      vertex -30.3657 88.4195 1.54329
      vertex -29.9331 89.0934 1.54329
    endloop
  endfacet
  facet normal -0.729006 0.467905 -0.499615
    outer loop
      vertex -30.3657 88.4195 1.54329
      vertex -29.6505 88.9303 0.978097
      vertex -30.0831 88.2563 0.978097
    endloop
  endfacet
  facet normal 0.706673 0.0347505 -0.706686
    outer loop
      vertex 17.0518 87.3308 0.516617
      vertex 17.4834 87.9386 0.978097
      vertex 17.5123 87.3509 0.978097
    endloop
  endfacet
  facet normal 0.706664 0.0347635 -0.706695
    outer loop
      vertex 17.4834 87.9386 0.978097
      vertex 17.0518 87.3308 0.516617
      vertex 17.0219 87.9386 0.516617
    endloop
  endfacet
  facet normal -0.595297 0.382231 -0.706768
    outer loop
      vertex -29.6835 88.0256 0.516617
      vertex -29.6505 88.9303 0.978097
      vertex -29.2508 88.6995 0.516617
    endloop
  endfacet
  facet normal -0.59545 0.382184 -0.706665
    outer loop
      vertex -29.6505 88.9303 0.978097
      vertex -29.6835 88.0256 0.516617
      vertex -30.0831 88.2563 0.978097
    endloop
  endfacet
  facet normal -0.21804 0.139967 -0.965851
    outer loop
      vertex -28.648 87.4278 0.0213881
      vertex -28.7613 88.4169 0.190302
      vertex -28.2154 88.1017 0.0213881
    endloop
  endfacet
  facet normal -0.217999 0.139973 -0.965859
    outer loop
      vertex -28.7613 88.4169 0.190302
      vertex -28.648 87.4278 0.0213881
      vertex -29.194 87.743 0.190302
    endloop
  endfacet
  facet normal 0.998797 0.0490402 0
    outer loop
      vertex 18.0064 87.3724 7
      vertex 17.9786 87.9386 2.17369
      vertex 17.9786 87.9386 7
    endloop
  endfacet
  facet normal 0.998797 0.0490402 0
    outer loop
      vertex 17.9786 87.9386 2.17369
      vertex 18.0064 87.3724 7
      vertex 18.0064 87.3724 2.17369
    endloop
  endfacet
  facet normal 0.499838 0.0245889 -0.86577
    outer loop
      vertex 16.4878 87.3062 0.190302
      vertex 17.0219 87.9386 0.516617
      vertex 17.0518 87.3308 0.516617
    endloop
  endfacet
  facet normal 0.499845 0.0245812 -0.865766
    outer loop
      vertex 17.0219 87.9386 0.516617
      vertex 16.4878 87.3062 0.190302
      vertex 16.4567 87.9386 0.190302
    endloop
  endfacet
  facet normal -0.421075 0.270365 -0.865794
    outer loop
      vertex -29.194 87.743 0.190302
      vertex -29.2508 88.6995 0.516617
      vertex -28.7613 88.4169 0.190302
    endloop
  endfacet
  facet normal -0.421075 0.270365 -0.865794
    outer loop
      vertex -29.2508 88.6995 0.516617
      vertex -29.194 87.743 0.190302
      vertex -29.6835 88.0256 0.516617
    endloop
  endfacet
  facet normal 0.865251 0.0425459 -0.499531
    outer loop
      vertex 17.8379 87.3651 1.54329
      vertex 17.4834 87.9386 0.978097
      vertex 17.8097 87.9386 1.54329
    endloop
  endfacet
  facet normal 0.865252 0.0425485 -0.499529
    outer loop
      vertex 17.4834 87.9386 0.978097
      vertex 17.8379 87.3651 1.54329
      vertex 17.5123 87.3509 0.978097
    endloop
  endfacet
  facet normal 0.258778 0.0127261 -0.965853
    outer loop
      vertex 15.8587 87.2788 0.0213881
      vertex 16.4567 87.9386 0.190302
      vertex 16.4878 87.3062 0.190302
    endloop
  endfacet
  facet normal 0.258796 0.0127084 -0.965848
    outer loop
      vertex 16.4567 87.9386 0.190302
      vertex 15.8587 87.2788 0.0213881
      vertex 15.8263 87.9386 0.0213881
    endloop
  endfacet
  facet normal 0.964847 0.0473733 -0.258507
    outer loop
      vertex 18.0064 87.3724 2.17369
      vertex 17.8097 87.9386 1.54329
      vertex 17.9786 87.9386 2.17369
    endloop
  endfacet
  facet normal 0.96486 0.0474438 -0.258447
    outer loop
      vertex 17.8097 87.9386 1.54329
      vertex 18.0064 87.3724 2.17369
      vertex 17.8379 87.3651 1.54329
    endloop
  endfacet
  facet normal -0.812916 0.521855 -0.258525
    outer loop
      vertex -30.3657 88.4195 1.54329
      vertex -30.9796 87.7755 2.17369
      vertex -30.512 88.5039 2.17369
    endloop
  endfacet
  facet normal -0.812916 0.521855 -0.258525
    outer loop
      vertex -30.9796 87.7755 2.17369
      vertex -30.3657 88.4195 1.54329
      vertex -30.8333 87.6911 1.54329
    endloop
  endfacet
  facet normal -0.841524 0.54022 0
    outer loop
      vertex -30.9796 87.7755 2.17369
      vertex -30.512 88.5039 7
      vertex -30.512 88.5039 2.17369
    endloop
  endfacet
  facet normal -0.841524 0.54022 0
    outer loop
      vertex -30.512 88.5039 7
      vertex -30.9796 87.7755 2.17369
      vertex -30.9796 87.7755 7
    endloop
  endfacet
  facet normal 0.25756 0.0381975 -0.965507
    outer loop
      vertex 15.8587 87.2788 0.0213881
      vertex 16.5653 86.7839 0.190302
      vertex 15.9563 86.6207 0.0213881
    endloop
  endfacet
  facet normal 0.257574 0.0382193 -0.965503
    outer loop
      vertex 16.5653 86.7839 0.190302
      vertex 15.8587 87.2788 0.0213881
      vertex 16.4878 87.3062 0.190302
    endloop
  endfacet
  facet normal 0.858101 0.126989 -0.497531
    outer loop
      vertex 17.8721 87.134 1.54329
      vertex 17.5123 87.3509 0.978097
      vertex 17.8379 87.3651 1.54329
    endloop
  endfacet
  facet normal 0.858103 0.127021 -0.497519
    outer loop
      vertex 17.5123 87.3509 0.978097
      vertex 17.8721 87.134 1.54329
      vertex 17.5569 87.0496 0.978097
    endloop
  endfacet
  facet normal 0.989163 0.146825 0
    outer loop
      vertex 18.0353 87.1777 7
      vertex 18.0064 87.3724 2.17369
      vertex 18.0064 87.3724 7
    endloop
  endfacet
  facet normal 0.989163 0.146825 0
    outer loop
      vertex 18.0064 87.3724 2.17369
      vertex 18.0353 87.1777 7
      vertex 18.0353 87.1777 2.17369
    endloop
  endfacet
  facet normal -0.59542 0.382233 -0.706663
    outer loop
      vertex -30.1511 87.2972 0.516617
      vertex -30.0831 88.2563 0.978097
      vertex -29.6835 88.0256 0.516617
    endloop
  endfacet
  facet normal -0.59542 0.382233 -0.706663
    outer loop
      vertex -30.0831 88.2563 0.978097
      vertex -30.1511 87.2972 0.516617
      vertex -30.5507 87.5279 0.978097
    endloop
  endfacet
  facet normal -0.421098 0.270326 -0.865794
    outer loop
      vertex -29.6616 87.0146 0.190302
      vertex -29.6835 88.0256 0.516617
      vertex -29.194 87.743 0.190302
    endloop
  endfacet
  facet normal -0.421098 0.270326 -0.865794
    outer loop
      vertex -29.6835 88.0256 0.516617
      vertex -29.6616 87.0146 0.190302
      vertex -30.1511 87.2972 0.516617
    endloop
  endfacet
  facet normal 0.701797 0.104035 -0.704739
    outer loop
      vertex 17.0518 87.3308 0.516617
      vertex 17.5569 87.0496 0.978097
      vertex 17.1112 86.9301 0.516617
    endloop
  endfacet
  facet normal 0.701763 0.103879 -0.704797
    outer loop
      vertex 17.5569 87.0496 0.978097
      vertex 17.0518 87.3308 0.516617
      vertex 17.5123 87.3509 0.978097
    endloop
  endfacet
  facet normal 0.497055 0.0737541 -0.864579
    outer loop
      vertex 16.4878 87.3062 0.190302
      vertex 17.1112 86.9301 0.516617
      vertex 16.5653 86.7839 0.190302
    endloop
  endfacet
  facet normal 0.497023 0.0736789 -0.864604
    outer loop
      vertex 17.1112 86.9301 0.516617
      vertex 16.4878 87.3062 0.190302
      vertex 17.0518 87.3308 0.516617
    endloop
  endfacet
  facet normal 0.9559 0.141887 -0.257146
    outer loop
      vertex 18.0353 87.1777 2.17369
      vertex 17.8379 87.3651 1.54329
      vertex 18.0064 87.3724 2.17369
    endloop
  endfacet
  facet normal 0.955926 0.141465 -0.25728
    outer loop
      vertex 17.8379 87.3651 1.54329
      vertex 18.0353 87.1777 2.17369
      vertex 17.8721 87.134 1.54329
    endloop
  endfacet
  facet normal -0.217998 0.139975 -0.965859
    outer loop
      vertex -29.1157 86.6994 0.0213881
      vertex -29.194 87.743 0.190302
      vertex -28.648 87.4278 0.0213881
    endloop
  endfacet
  facet normal -0.218038 0.139971 -0.965851
    outer loop
      vertex -29.194 87.743 0.190302
      vertex -29.1157 86.6994 0.0213881
      vertex -29.6616 87.0146 0.190302
    endloop
  endfacet
  facet normal -0.728968 0.467965 -0.499614
    outer loop
      vertex -30.0831 88.2563 0.978097
      vertex -30.8333 87.6911 1.54329
      vertex -30.3657 88.4195 1.54329
    endloop
  endfacet
  facet normal -0.728968 0.467965 -0.499614
    outer loop
      vertex -30.8333 87.6911 1.54329
      vertex -30.0831 88.2563 0.978097
      vertex -30.5507 87.5279 0.978097
    endloop
  endfacet
  facet normal 0.93695 0.234795 -0.258837
    outer loop
      vertex 18.2143 86.4634 2.17369
      vertex 17.8721 87.134 1.54329
      vertex 18.0353 87.1777 2.17369
    endloop
  endfacet
  facet normal 0.93695 0.234795 -0.258837
    outer loop
      vertex 17.8721 87.134 1.54329
      vertex 18.2143 86.4634 2.17369
      vertex 18.0511 86.4197 1.54329
    endloop
  endfacet
  facet normal 0.840084 0.210521 -0.49994
    outer loop
      vertex 18.0511 86.4197 1.54329
      vertex 17.5569 87.0496 0.978097
      vertex 17.8721 87.134 1.54329
    endloop
  endfacet
  facet normal 0.840084 0.210521 -0.49994
    outer loop
      vertex 17.5569 87.0496 0.978097
      vertex 18.0511 86.4197 1.54329
      vertex 17.7359 86.3353 0.978097
    endloop
  endfacet
  facet normal -0.595438 0.382204 -0.706664
    outer loop
      vertex -30.6096 86.5829 0.516617
      vertex -30.5507 87.5279 0.978097
      vertex -30.1511 87.2972 0.516617
    endloop
  endfacet
  facet normal -0.595347 0.382229 -0.706727
    outer loop
      vertex -30.5507 87.5279 0.978097
      vertex -30.6096 86.5829 0.516617
      vertex -31.0093 86.8136 0.978097
    endloop
  endfacet
  facet normal -0.421085 0.270348 -0.865794
    outer loop
      vertex -30.1202 86.3003 0.190302
      vertex -30.1511 87.2972 0.516617
      vertex -29.6616 87.0146 0.190302
    endloop
  endfacet
  facet normal -0.421158 0.270336 -0.865763
    outer loop
      vertex -30.1511 87.2972 0.516617
      vertex -30.1202 86.3003 0.190302
      vertex -30.6096 86.5829 0.516617
    endloop
  endfacet
  facet normal 0.685924 0.171793 -0.707104
    outer loop
      vertex 17.1112 86.9301 0.516617
      vertex 17.7359 86.3353 0.978097
      vertex 17.2901 86.2158 0.516617
    endloop
  endfacet
  facet normal 0.685973 0.171901 -0.70703
    outer loop
      vertex 17.7359 86.3353 0.978097
      vertex 17.1112 86.9301 0.516617
      vertex 17.5569 87.0496 0.978097
    endloop
  endfacet
  facet normal -0.812889 0.521897 -0.258524
    outer loop
      vertex -30.8333 87.6911 1.54329
      vertex -31.4382 87.0612 2.17369
      vertex -30.9796 87.7755 2.17369
    endloop
  endfacet
  facet normal -0.812889 0.521897 -0.258524
    outer loop
      vertex -31.4382 87.0612 2.17369
      vertex -30.8333 87.6911 1.54329
      vertex -31.2919 86.9768 1.54329
    endloop
  endfacet
  facet normal -0.841496 0.540263 0
    outer loop
      vertex -31.4382 87.0612 2.17369
      vertex -30.9796 87.7755 7
      vertex -30.9796 87.7755 2.17369
    endloop
  endfacet
  facet normal -0.841496 0.540263 0
    outer loop
      vertex -30.9796 87.7755 7
      vertex -31.4382 87.0612 2.17369
      vertex -31.4382 87.0612 7
    endloop
  endfacet
  facet normal 0.485092 0.121477 -0.865985
    outer loop
      vertex 16.5653 86.7839 0.190302
      vertex 17.2901 86.2158 0.516617
      vertex 16.7442 86.0695 0.190302
    endloop
  endfacet
  facet normal 0.485103 0.121497 -0.865975
    outer loop
      vertex 17.2901 86.2158 0.516617
      vertex 16.5653 86.7839 0.190302
      vertex 17.1112 86.9301 0.516617
    endloop
  endfacet
  facet normal 0.251098 0.0629239 -0.965914
    outer loop
      vertex 15.9563 86.6207 0.0213881
      vertex 16.7442 86.0695 0.190302
      vertex 16.1353 85.9064 0.0213881
    endloop
  endfacet
  facet normal 0.251064 0.0628714 -0.965927
    outer loop
      vertex 16.7442 86.0695 0.190302
      vertex 15.9563 86.6207 0.0213881
      vertex 16.5653 86.7839 0.190302
    endloop
  endfacet
  facet normal -0.218044 0.13996 -0.965851
    outer loop
      vertex -29.5742 85.9851 0.0213881
      vertex -29.6616 87.0146 0.190302
      vertex -29.1157 86.6994 0.0213881
    endloop
  endfacet
  facet normal -0.218004 0.139965 -0.965859
    outer loop
      vertex -29.6616 87.0146 0.190302
      vertex -29.5742 85.9851 0.0213881
      vertex -30.1202 86.3003 0.190302
    endloop
  endfacet
  facet normal -0.728945 0.468002 -0.499613
    outer loop
      vertex -30.5507 87.5279 0.978097
      vertex -31.2919 86.9768 1.54329
      vertex -30.8333 87.6911 1.54329
    endloop
  endfacet
  facet normal -0.728945 0.468002 -0.499613
    outer loop
      vertex -31.2919 86.9768 1.54329
      vertex -30.5507 87.5279 0.978097
      vertex -31.0093 86.8136 0.978097
    endloop
  endfacet
  facet normal 0.970007 0.243079 0
    outer loop
      vertex 18.2143 86.4634 7
      vertex 18.0353 87.1777 2.17369
      vertex 18.0353 87.1777 7
    endloop
  endfacet
  facet normal 0.970007 0.243079 0
    outer loop
      vertex 18.0353 87.1777 2.17369
      vertex 18.2143 86.4634 7
      vertex 18.2143 86.4634 2.17369
    endloop
  endfacet
  facet normal 0.244439 0.0874697 -0.965711
    outer loop
      vertex 16.3689 85.2534 0.0213881
      vertex 16.7442 86.0695 0.190302
      vertex 16.9501 85.4941 0.190302
    endloop
  endfacet
  facet normal 0.244469 0.0874548 -0.965705
    outer loop
      vertex 16.7442 86.0695 0.190302
      vertex 16.3689 85.2534 0.0213881
      vertex 16.1353 85.9064 0.0213881
    endloop
  endfacet
  facet normal 0.909701 0.325345 -0.25806
    outer loop
      vertex 18.3531 86.0753 2.17369
      vertex 18.0511 86.4197 1.54329
      vertex 18.2143 86.4634 2.17369
    endloop
  endfacet
  facet normal 0.909678 0.325473 -0.257979
    outer loop
      vertex 18.0511 86.4197 1.54329
      vertex 18.3531 86.0753 2.17369
      vertex 18.1974 86.0108 1.54329
    endloop
  endfacet
  facet normal 0.471997 0.16887 -0.865276
    outer loop
      vertex 16.9501 85.4941 0.190302
      vertex 17.2901 86.2158 0.516617
      vertex 17.4711 85.7099 0.516617
    endloop
  endfacet
  facet normal 0.471969 0.168888 -0.865287
    outer loop
      vertex 17.2901 86.2158 0.516617
      vertex 16.9501 85.4941 0.190302
      vertex 16.7442 86.0695 0.190302
    endloop
  endfacet
  facet normal -0.218003 0.139967 -0.965859
    outer loop
      vertex -30.0192 85.292 0.0213881
      vertex -30.1202 86.3003 0.190302
      vertex -29.5742 85.9851 0.0213881
    endloop
  endfacet
  facet normal -0.218043 0.139962 -0.965851
    outer loop
      vertex -30.1202 86.3003 0.190302
      vertex -30.0192 85.292 0.0213881
      vertex -30.5651 85.6072 0.190302
    endloop
  endfacet
  facet normal 0.941594 0.336751 0
    outer loop
      vertex 18.3531 86.0753 7
      vertex 18.2143 86.4634 2.17369
      vertex 18.2143 86.4634 7
    endloop
  endfacet
  facet normal 0.941594 0.336751 0
    outer loop
      vertex 18.2143 86.4634 2.17369
      vertex 18.3531 86.0753 7
      vertex 18.3531 86.0753 2.17369
    endloop
  endfacet
  facet normal -0.841545 0.540187 0
    outer loop
      vertex -31.8831 86.3681 2.17369
      vertex -31.4382 87.0612 7
      vertex -31.4382 87.0612 2.17369
    endloop
  endfacet
  facet normal -0.841545 0.540187 0
    outer loop
      vertex -31.4382 87.0612 7
      vertex -31.8831 86.3681 2.17369
      vertex -31.8831 86.3681 7
    endloop
  endfacet
  facet normal 0.666821 0.238606 -0.705986
    outer loop
      vertex 17.4711 85.7099 0.516617
      vertex 17.7359 86.3353 0.978097
      vertex 17.8966 85.8862 0.978097
    endloop
  endfacet
  facet normal 0.666847 0.238583 -0.70597
    outer loop
      vertex 17.7359 86.3353 0.978097
      vertex 17.4711 85.7099 0.516617
      vertex 17.2901 86.2158 0.516617
    endloop
  endfacet
  facet normal 0.816096 0.29199 -0.498728
    outer loop
      vertex 18.1974 86.0108 1.54329
      vertex 17.7359 86.3353 0.978097
      vertex 18.0511 86.4197 1.54329
    endloop
  endfacet
  facet normal 0.816096 0.292021 -0.49871
    outer loop
      vertex 17.7359 86.3353 0.978097
      vertex 18.1974 86.0108 1.54329
      vertex 17.8966 85.8862 0.978097
    endloop
  endfacet
  facet normal -0.595367 0.382196 -0.706728
    outer loop
      vertex -31.0546 85.8897 0.516617
      vertex -31.0093 86.8136 0.978097
      vertex -30.6096 86.5829 0.516617
    endloop
  endfacet
  facet normal -0.595308 0.382213 -0.706768
    outer loop
      vertex -31.0093 86.8136 0.978097
      vertex -31.0546 85.8897 0.516617
      vertex -31.4543 86.1205 0.978097
    endloop
  endfacet
  facet normal -0.812936 0.521823 -0.258525
    outer loop
      vertex -31.2919 86.9768 1.54329
      vertex -31.8831 86.3681 2.17369
      vertex -31.4382 87.0612 2.17369
    endloop
  endfacet
  facet normal -0.812927 0.521859 -0.258482
    outer loop
      vertex -31.8831 86.3681 2.17369
      vertex -31.2919 86.9768 1.54329
      vertex -31.7369 86.2836 1.54329
    endloop
  endfacet
  facet normal -0.72897 0.467962 -0.499614
    outer loop
      vertex -31.0093 86.8136 0.978097
      vertex -31.7369 86.2836 1.54329
      vertex -31.2919 86.9768 1.54329
    endloop
  endfacet
  facet normal -0.72897 0.46803 -0.499551
    outer loop
      vertex -31.7369 86.2836 1.54329
      vertex -31.0093 86.8136 0.978097
      vertex -31.4543 86.1205 0.978097
    endloop
  endfacet
  facet normal -0.421155 0.270339 -0.865763
    outer loop
      vertex -30.5651 85.6072 0.190302
      vertex -30.6096 86.5829 0.516617
      vertex -30.1202 86.3003 0.190302
    endloop
  endfacet
  facet normal -0.421129 0.270344 -0.865774
    outer loop
      vertex -30.6096 86.5829 0.516617
      vertex -30.5651 85.6072 0.190302
      vertex -31.0546 85.8897 0.516617
    endloop
  endfacet
  facet normal -0.841516 0.540232 0
    outer loop
      vertex -33.0956 84.4795 2.17369
      vertex -32.716 85.0708 7
      vertex -32.716 85.0708 2.17369
    endloop
  endfacet
  facet normal -0.841516 0.540232 0
    outer loop
      vertex -32.716 85.0708 7
      vertex -33.0956 84.4795 2.17369
      vertex -33.0956 84.4795 7
    endloop
  endfacet
  facet normal 0.803404 0.595434 0
    outer loop
      vertex 19.0252 84.9128 7
      vertex 18.9081 85.0708 2.17369
      vertex 18.9081 85.0708 7
    endloop
  endfacet
  facet normal 0.803404 0.595434 0
    outer loop
      vertex 18.9081 85.0708 2.17369
      vertex 19.0252 84.9128 7
      vertex 19.0252 84.9128 2.17369
    endloop
  endfacet
  facet normal 0.209181 0.15511 -0.965497
    outer loop
      vertex 17.4403 83.4604 0.0213881
      vertex 17.5901 84.3098 0.190302
      vertex 17.9045 83.8858 0.190302
    endloop
  endfacet
  facet normal 0.209146 0.155117 -0.965503
    outer loop
      vertex 17.5901 84.3098 0.190302
      vertex 17.4403 83.4604 0.0213881
      vertex 17.0441 83.9946 0.0213881
    endloop
  endfacet
  facet normal 0.776355 0.575387 -0.257298
    outer loop
      vertex 19.0252 84.9128 2.17369
      vertex 18.7618 84.9863 1.54329
      vertex 18.9081 85.0708 2.17369
    endloop
  endfacet
  facet normal 0.776291 0.575491 -0.25726
    outer loop
      vertex 18.7618 84.9863 1.54329
      vertex 19.0252 84.9128 2.17369
      vertex 18.9008 84.7988 1.54329
    endloop
  endfacet
  facet normal 0.569961 0.422461 -0.704748
    outer loop
      vertex 18.3207 84.2672 0.516617
      vertex 18.4792 84.8232 0.978097
      vertex 18.6605 84.5786 0.978097
    endloop
  endfacet
  facet normal 0.56976 0.42259 -0.704834
    outer loop
      vertex 18.4792 84.8232 0.978097
      vertex 18.3207 84.2672 0.516617
      vertex 18.0795 84.5924 0.516617
    endloop
  endfacet
  facet normal 0.696855 0.516602 -0.49751
    outer loop
      vertex 18.9008 84.7988 1.54329
      vertex 18.4792 84.8232 0.978097
      vertex 18.7618 84.9863 1.54329
    endloop
  endfacet
  facet normal 0.696885 0.516538 -0.497534
    outer loop
      vertex 18.4792 84.8232 0.978097
      vertex 18.9008 84.7988 1.54329
      vertex 18.6605 84.5786 0.978097
    endloop
  endfacet
  facet normal 0.403573 0.299329 -0.864598
    outer loop
      vertex 17.9045 83.8858 0.190302
      vertex 18.0795 84.5924 0.516617
      vertex 18.3207 84.2672 0.516617
    endloop
  endfacet
  facet normal 0.40364 0.299303 -0.864577
    outer loop
      vertex 18.0795 84.5924 0.516617
      vertex 17.9045 83.8858 0.190302
      vertex 17.5901 84.3098 0.190302
    endloop
  endfacet
  facet normal -0.421075 0.270365 -0.865794
    outer loop
      vertex -31.7776 83.7186 0.190302
      vertex -31.8875 84.5924 0.516617
      vertex -31.398 84.3098 0.190302
    endloop
  endfacet
  facet normal -0.421153 0.270344 -0.865762
    outer loop
      vertex -31.8875 84.5924 0.516617
      vertex -31.7776 83.7186 0.190302
      vertex -32.267 84.0012 0.516617
    endloop
  endfacet
  facet normal -0.812891 0.521856 -0.258602
    outer loop
      vertex -32.5697 84.9863 1.54329
      vertex -33.0956 84.4795 2.17369
      vertex -32.716 85.0708 2.17369
    endloop
  endfacet
  facet normal -0.812868 0.52193 -0.258524
    outer loop
      vertex -33.0956 84.4795 2.17369
      vertex -32.5697 84.9863 1.54329
      vertex -32.9493 84.3951 1.54329
    endloop
  endfacet
  facet normal -0.217999 0.139974 -0.965859
    outer loop
      vertex -31.2316 83.4034 0.0213881
      vertex -31.398 84.3098 0.190302
      vertex -30.852 83.9946 0.0213881
    endloop
  endfacet
  facet normal -0.217999 0.139974 -0.965859
    outer loop
      vertex -31.398 84.3098 0.190302
      vertex -31.2316 83.4034 0.0213881
      vertex -31.7776 83.7186 0.190302
    endloop
  endfacet
  facet normal -0.728957 0.468051 -0.49955
    outer loop
      vertex -32.2871 84.8232 0.978097
      vertex -32.9493 84.3951 1.54329
      vertex -32.5697 84.9863 1.54329
    endloop
  endfacet
  facet normal -0.728962 0.467975 -0.499614
    outer loop
      vertex -32.9493 84.3951 1.54329
      vertex -32.2871 84.8232 0.978097
      vertex -32.6667 84.2319 0.978097
    endloop
  endfacet
  facet normal -0.595396 0.382193 -0.706705
    outer loop
      vertex -32.267 84.0012 0.516617
      vertex -32.2871 84.8232 0.978097
      vertex -31.8875 84.5924 0.516617
    endloop
  endfacet
  facet normal -0.59536 0.382207 -0.706728
    outer loop
      vertex -32.2871 84.8232 0.978097
      vertex -32.267 84.0012 0.516617
      vertex -32.6667 84.2319 0.978097
    endloop
  endfacet
  facet normal 0.740947 0.671563 0
    outer loop
      vertex 19.4472 84.4472 7
      vertex 19.0252 84.9128 2.17369
      vertex 19.0252 84.9128 7
    endloop
  endfacet
  facet normal 0.740947 0.671563 0
    outer loop
      vertex 19.0252 84.9128 2.17369
      vertex 19.4472 84.4472 7
      vertex 19.4472 84.4472 2.17369
    endloop
  endfacet
  facet normal -0.841489 0.540274 0
    outer loop
      vertex -33.4459 83.9339 2.17369
      vertex -33.0956 84.4795 7
      vertex -33.0956 84.4795 2.17369
    endloop
  endfacet
  facet normal -0.841489 0.540274 0
    outer loop
      vertex -33.0956 84.4795 7
      vertex -33.4459 83.9339 2.17369
      vertex -33.4459 83.9339 7
    endloop
  endfacet
  facet normal -0.218013 0.139949 -0.965859
    outer loop
      vertex -31.5819 82.8577 0.0213881
      vertex -31.7776 83.7186 0.190302
      vertex -31.2316 83.4034 0.0213881
    endloop
  endfacet
  facet normal -0.218057 0.139937 -0.965851
    outer loop
      vertex -31.7776 83.7186 0.190302
      vertex -31.5819 82.8577 0.0213881
      vertex -32.1278 83.1729 0.190302
    endloop
  endfacet
  facet normal 0.641797 0.581842 -0.499556
    outer loop
      vertex 19.3278 84.3278 1.54329
      vertex 18.6605 84.5786 0.978097
      vertex 18.9008 84.7988 1.54329
    endloop
  endfacet
  facet normal 0.641831 0.581726 -0.499647
    outer loop
      vertex 18.6605 84.5786 0.978097
      vertex 19.3278 84.3278 1.54329
      vertex 19.097 84.097 0.978097
    endloop
  endfacet
  facet normal 0.191968 0.173995 -0.965854
    outer loop
      vertex 17.4403 83.4604 0.0213881
      vertex 18.3711 83.3711 0.190302
      vertex 17.9253 82.9253 0.0213881
    endloop
  endfacet
  facet normal 0.19197 0.17403 -0.965847
    outer loop
      vertex 18.3711 83.3711 0.190302
      vertex 17.4403 83.4604 0.0213881
      vertex 17.9045 83.8858 0.190302
    endloop
  endfacet
  facet normal -0.812882 0.521907 -0.258524
    outer loop
      vertex -32.9493 84.3951 1.54329
      vertex -33.4459 83.9339 2.17369
      vertex -33.0956 84.4795 2.17369
    endloop
  endfacet
  facet normal -0.812908 0.521828 -0.258602
    outer loop
      vertex -33.4459 83.9339 2.17369
      vertex -32.9493 84.3951 1.54329
      vertex -33.2996 83.8494 1.54329
    endloop
  endfacet
  facet normal 0.370809 0.336156 -0.865737
    outer loop
      vertex 17.9045 83.8858 0.190302
      vertex 18.7707 83.7707 0.516617
      vertex 18.3711 83.3711 0.190302
    endloop
  endfacet
  facet normal 0.370809 0.336081 -0.865765
    outer loop
      vertex 18.7707 83.7707 0.516617
      vertex 17.9045 83.8858 0.190302
      vertex 18.3207 84.2672 0.516617
    endloop
  endfacet
  facet normal -0.595373 0.382186 -0.706728
    outer loop
      vertex -32.6173 83.4555 0.516617
      vertex -32.6667 84.2319 0.978097
      vertex -32.267 84.0012 0.516617
    endloop
  endfacet
  facet normal -0.595307 0.382214 -0.706768
    outer loop
      vertex -32.6667 84.2319 0.978097
      vertex -32.6173 83.4555 0.516617
      vertex -33.017 83.6863 0.978097
    endloop
  endfacet
  facet normal 0.715752 0.648727 -0.258557
    outer loop
      vertex 19.4472 84.4472 2.17369
      vertex 18.9008 84.7988 1.54329
      vertex 19.0252 84.9128 2.17369
    endloop
  endfacet
  facet normal 0.715694 0.648835 -0.258447
    outer loop
      vertex 18.9008 84.7988 1.54329
      vertex 19.4472 84.4472 2.17369
      vertex 19.3278 84.3278 1.54329
    endloop
  endfacet
  facet normal 0.52426 0.475161 -0.706664
    outer loop
      vertex 18.3207 84.2672 0.516617
      vertex 19.097 84.097 0.978097
      vertex 18.7707 83.7707 0.516617
    endloop
  endfacet
  facet normal 0.52426 0.475165 -0.706661
    outer loop
      vertex 19.097 84.097 0.978097
      vertex 18.3207 84.2672 0.516617
      vertex 18.6605 84.5786 0.978097
    endloop
  endfacet
  facet normal -0.728977 0.467951 -0.499614
    outer loop
      vertex -32.6667 84.2319 0.978097
      vertex -33.2996 83.8494 1.54329
      vertex -32.9493 84.3951 1.54329
    endloop
  endfacet
  facet normal -0.728969 0.468031 -0.499551
    outer loop
      vertex -33.2996 83.8494 1.54329
      vertex -32.6667 84.2319 0.978097
      vertex -33.017 83.6863 0.978097
    endloop
  endfacet
  facet normal -0.421183 0.270292 -0.865764
    outer loop
      vertex -32.1278 83.1729 0.190302
      vertex -32.267 84.0012 0.516617
      vertex -31.7776 83.7186 0.190302
    endloop
  endfacet
  facet normal -0.421103 0.270318 -0.865795
    outer loop
      vertex -32.267 84.0012 0.516617
      vertex -32.1278 83.1729 0.190302
      vertex -32.6173 83.4555 0.516617
    endloop
  endfacet
  facet normal 0.648727 0.715752 -0.258557
    outer loop
      vertex 19.7988 83.9008 1.54329
      vertex 19.4472 84.4472 2.17369
      vertex 19.9128 84.0252 2.17369
    endloop
  endfacet
  facet normal 0.648835 0.715694 -0.258447
    outer loop
      vertex 19.4472 84.4472 2.17369
      vertex 19.7988 83.9008 1.54329
      vertex 19.3278 84.3278 1.54329
    endloop
  endfacet
  facet normal -0.812906 0.521831 -0.258602
    outer loop
      vertex -33.2996 83.8494 1.54329
      vertex -33.7634 83.4393 2.17369
      vertex -33.4459 83.9339 2.17369
    endloop
  endfacet
  facet normal -0.812876 0.521917 -0.258524
    outer loop
      vertex -33.7634 83.4393 2.17369
      vertex -33.2996 83.8494 1.54329
      vertex -33.6171 83.3549 1.54329
    endloop
  endfacet
  facet normal 0.581842 0.641797 -0.499556
    outer loop
      vertex 19.5786 83.6605 0.978097
      vertex 19.3278 84.3278 1.54329
      vertex 19.7988 83.9008 1.54329
    endloop
  endfacet
  facet normal 0.581726 0.641831 -0.499647
    outer loop
      vertex 19.3278 84.3278 1.54329
      vertex 19.5786 83.6605 0.978097
      vertex 19.097 84.097 0.978097
    endloop
  endfacet
  facet normal 0.475165 0.52426 -0.706661
    outer loop
      vertex 19.2672 83.3207 0.516617
      vertex 19.097 84.097 0.978097
      vertex 19.5786 83.6605 0.978097
    endloop
  endfacet
  facet normal 0.475161 0.52426 -0.706664
    outer loop
      vertex 19.097 84.097 0.978097
      vertex 19.2672 83.3207 0.516617
      vertex 18.7707 83.7707 0.516617
    endloop
  endfacet
  facet normal 0.336081 0.370809 -0.865765
    outer loop
      vertex 18.8858 82.9045 0.190302
      vertex 18.7707 83.7707 0.516617
      vertex 19.2672 83.3207 0.516617
    endloop
  endfacet
  facet normal 0.336156 0.370809 -0.865737
    outer loop
      vertex 18.7707 83.7707 0.516617
      vertex 18.8858 82.9045 0.190302
      vertex 18.3711 83.3711 0.190302
    endloop
  endfacet
  facet normal -0.728963 0.46804 -0.49955
    outer loop
      vertex -33.017 83.6863 0.978097
      vertex -33.6171 83.3549 1.54329
      vertex -33.2996 83.8494 1.54329
    endloop
  endfacet
  facet normal -0.728976 0.467953 -0.499614
    outer loop
      vertex -33.6171 83.3549 1.54329
      vertex -33.017 83.6863 0.978097
      vertex -33.3345 83.1917 0.978097
    endloop
  endfacet
  facet normal 0.671563 0.740947 -0
    outer loop
      vertex 19.9128 84.0252 2.17369
      vertex 19.4472 84.4472 7
      vertex 19.9128 84.0252 7
    endloop
  endfacet
  facet normal 0.671563 0.740947 0
    outer loop
      vertex 19.4472 84.4472 7
      vertex 19.9128 84.0252 2.17369
      vertex 19.4472 84.4472 2.17369
    endloop
  endfacet
  facet normal -0.218028 0.139988 -0.965851
    outer loop
      vertex -31.8994 82.3632 0.0213881
      vertex -32.1278 83.1729 0.190302
      vertex -31.5819 82.8577 0.0213881
    endloop
  endfacet
  facet normal -0.217982 0.140002 -0.965859
    outer loop
      vertex -32.1278 83.1729 0.190302
      vertex -31.8994 82.3632 0.0213881
      vertex -32.4454 82.6784 0.190302
    endloop
  endfacet
  facet normal -0.421042 0.270421 -0.865792
    outer loop
      vertex -32.4454 82.6784 0.190302
      vertex -32.6173 83.4555 0.516617
      vertex -32.1278 83.1729 0.190302
    endloop
  endfacet
  facet normal -0.421126 0.270389 -0.865761
    outer loop
      vertex -32.6173 83.4555 0.516617
      vertex -32.4454 82.6784 0.190302
      vertex -32.9348 82.961 0.516617
    endloop
  endfacet
  facet normal 0.17403 0.19197 -0.965847
    outer loop
      vertex 18.4604 82.4403 0.0213881
      vertex 18.3711 83.3711 0.190302
      vertex 18.8858 82.9045 0.190302
    endloop
  endfacet
  facet normal 0.173995 0.191968 -0.965854
    outer loop
      vertex 18.3711 83.3711 0.190302
      vertex 18.4604 82.4403 0.0213881
      vertex 17.9253 82.9253 0.0213881
    endloop
  endfacet
  facet normal -0.841532 0.540207 0
    outer loop
      vertex -33.7634 83.4393 2.17369
      vertex -33.4459 83.9339 7
      vertex -33.4459 83.9339 2.17369
    endloop
  endfacet
  facet normal -0.841532 0.540207 0
    outer loop
      vertex -33.4459 83.9339 7
      vertex -33.7634 83.4393 2.17369
      vertex -33.7634 83.4393 7
    endloop
  endfacet
  facet normal -0.595303 0.382222 -0.706768
    outer loop
      vertex -32.9348 82.961 0.516617
      vertex -33.017 83.6863 0.978097
      vertex -32.6173 83.4555 0.516617
    endloop
  endfacet
  facet normal -0.595372 0.382189 -0.706728
    outer loop
      vertex -33.017 83.6863 0.978097
      vertex -32.9348 82.961 0.516617
      vertex -33.3345 83.1917 0.978097
    endloop
  endfacet
  facet normal 0.516602 0.696855 -0.49751
    outer loop
      vertex 19.8232 83.4792 0.978097
      vertex 19.7988 83.9008 1.54329
      vertex 19.9863 83.7618 1.54329
    endloop
  endfacet
  facet normal 0.516538 0.696885 -0.497534
    outer loop
      vertex 19.7988 83.9008 1.54329
      vertex 19.8232 83.4792 0.978097
      vertex 19.5786 83.6605 0.978097
    endloop
  endfacet
  facet normal -0.728966 0.467968 -0.499614
    outer loop
      vertex -33.3345 83.1917 0.978097
      vertex -33.8986 82.9164 1.54329
      vertex -33.6171 83.3549 1.54329
    endloop
  endfacet
  facet normal -0.728966 0.467968 -0.499614
    outer loop
      vertex -33.8986 82.9164 1.54329
      vertex -33.3345 83.1917 0.978097
      vertex -33.616 82.7532 0.978097
    endloop
  endfacet
  facet normal 0.155117 0.209146 -0.965503
    outer loop
      vertex 18.4604 82.4403 0.0213881
      vertex 19.3098 82.5901 0.190302
      vertex 18.9946 82.0441 0.0213881
    endloop
  endfacet
  facet normal 0.15511 0.209181 -0.965497
    outer loop
      vertex 19.3098 82.5901 0.190302
      vertex 18.4604 82.4403 0.0213881
      vertex 18.8858 82.9045 0.190302
    endloop
  endfacet
  facet normal -0.841521 0.540224 0
    outer loop
      vertex -34.0449 83.0008 2.17369
      vertex -33.7634 83.4393 7
      vertex -33.7634 83.4393 2.17369
    endloop
  endfacet
  facet normal -0.841521 0.540224 0
    outer loop
      vertex -33.7634 83.4393 7
      vertex -34.0449 83.0008 2.17369
      vertex -34.0449 83.0008 7
    endloop
  endfacet
  facet normal -0.595364 0.382201 -0.706728
    outer loop
      vertex -33.2163 82.5225 0.516617
      vertex -33.3345 83.1917 0.978097
      vertex -32.9348 82.961 0.516617
    endloop
  endfacet
  facet normal -0.595364 0.382201 -0.706728
    outer loop
      vertex -33.3345 83.1917 0.978097
      vertex -33.2163 82.5225 0.516617
      vertex -33.616 82.7532 0.978097
    endloop
  endfacet
  facet normal -0.812913 0.521859 -0.258525
    outer loop
      vertex -33.6171 83.3549 1.54329
      vertex -34.0449 83.0008 2.17369
      vertex -33.7634 83.4393 2.17369
    endloop
  endfacet
  facet normal -0.812913 0.521859 -0.258525
    outer loop
      vertex -34.0449 83.0008 2.17369
      vertex -33.6171 83.3549 1.54329
      vertex -33.8986 82.9164 1.54329
    endloop
  endfacet
  facet normal -0.21801 0.139954 -0.965859
    outer loop
      vertex -32.1809 81.9247 0.0213881
      vertex -32.4454 82.6784 0.190302
      vertex -31.8994 82.3632 0.0213881
    endloop
  endfacet
  facet normal -0.21801 0.139954 -0.965859
    outer loop
      vertex -32.4454 82.6784 0.190302
      vertex -32.1809 81.9247 0.0213881
      vertex -32.7269 82.2399 0.190302
    endloop
  endfacet
  facet normal 0.595434 0.803404 -0
    outer loop
      vertex 20.0708 83.9081 2.17369
      vertex 19.9128 84.0252 7
      vertex 20.0708 83.9081 7
    endloop
  endfacet
  facet normal 0.595434 0.803404 0
    outer loop
      vertex 19.9128 84.0252 7
      vertex 20.0708 83.9081 2.17369
      vertex 19.9128 84.0252 2.17369
    endloop
  endfacet
  facet normal -0.421144 0.270358 -0.865762
    outer loop
      vertex -32.7269 82.2399 0.190302
      vertex -32.9348 82.961 0.516617
      vertex -32.4454 82.6784 0.190302
    endloop
  endfacet
  facet normal -0.421144 0.270358 -0.865762
    outer loop
      vertex -32.9348 82.961 0.516617
      vertex -32.7269 82.2399 0.190302
      vertex -33.2163 82.5225 0.516617
    endloop
  endfacet
  facet normal 0.42259 0.56976 -0.704834
    outer loop
      vertex 19.2672 83.3207 0.516617
      vertex 19.8232 83.4792 0.978097
      vertex 19.5924 83.0795 0.516617
    endloop
  endfacet
  facet normal 0.422461 0.569961 -0.704748
    outer loop
      vertex 19.8232 83.4792 0.978097
      vertex 19.2672 83.3207 0.516617
      vertex 19.5786 83.6605 0.978097
    endloop
  endfacet
  facet normal 0.575387 0.776355 -0.257298
    outer loop
      vertex 19.9863 83.7618 1.54329
      vertex 19.9128 84.0252 2.17369
      vertex 20.0708 83.9081 2.17369
    endloop
  endfacet
  facet normal 0.575491 0.776291 -0.25726
    outer loop
      vertex 19.9128 84.0252 2.17369
      vertex 19.9863 83.7618 1.54329
      vertex 19.7988 83.9008 1.54329
    endloop
  endfacet
  facet normal 0.299303 0.40364 -0.864577
    outer loop
      vertex 18.8858 82.9045 0.190302
      vertex 19.5924 83.0795 0.516617
      vertex 19.3098 82.5901 0.190302
    endloop
  endfacet
  facet normal 0.299329 0.403573 -0.864598
    outer loop
      vertex 19.5924 83.0795 0.516617
      vertex 18.8858 82.9045 0.190302
      vertex 19.2672 83.3207 0.516617
    endloop
  endfacet
  facet normal 0 0 -1
    outer loop
      vertex 10.454 0 7
      vertex 21.2 0.0213881 7
      vertex 21.2 0 7
    endloop
  endfacet
  facet normal -0 0 -1
    outer loop
      vertex 21.2 0.0213881 7
      vertex 10.454 0 7
      vertex 10.454 0.0213881 7
    endloop
  endfacet
  facet normal 0 0 1
    outer loop
      vertex 17.2233 109.204 7
      vertex 17.9786 106.51 7
      vertex 17.9636 106.816 7
    endloop
  endfacet
  facet normal 0 0 1
    outer loop
      vertex 21.0753 83.3531 7
      vertex 21.2 68.5 7
      vertex 21.4634 83.2143 7
    endloop
  endfacet
  facet normal 0 0 1
    outer loop
      vertex 20.7024 83.5295 7
      vertex 21.2 68.5 7
      vertex 21.0753 83.3531 7
    endloop
  endfacet
  facet normal 0 0 1
    outer loop
      vertex 20.0708 83.9081 7
      vertex 21.2 68.5 7
      vertex 20.7024 83.5295 7
    endloop
  endfacet
  facet normal 0 0 1
    outer loop
      vertex 19.9128 84.0252 7
      vertex 21.2 68.5 7
      vertex 20.0708 83.9081 7
    endloop
  endfacet
  facet normal 0 0 1
    outer loop
      vertex 19.4472 84.4472 7
      vertex 21.2 68.5 7
      vertex 19.9128 84.0252 7
    endloop
  endfacet
  facet normal 0 0 1
    outer loop
      vertex 19.0252 84.9128 7
      vertex 21.2 68.5 7
      vertex 19.4472 84.4472 7
    endloop
  endfacet
  facet normal 0 0 1
    outer loop
      vertex 18.9081 85.0708 7
      vertex 21.2 68.5 7
      vertex 19.0252 84.9128 7
    endloop
  endfacet
  facet normal 0 0 1
    outer loop
      vertex 18.5295 85.7024 7
      vertex 21.2 68.5 7
      vertex 18.9081 85.0708 7
    endloop
  endfacet
  facet normal 0 0 1
    outer loop
      vertex -21.2 68.5 7
      vertex 18.5295 85.7024 7
      vertex 18.3531 86.0753 7
    endloop
  endfacet
  facet normal 0 0 1
    outer loop
      vertex -21.2 68.5 7
      vertex 18.3531 86.0753 7
      vertex 18.2143 86.4634 7
    endloop
  endfacet
  facet normal 0 0 1
    outer loop
      vertex -21.2 68.5 7
      vertex 18.2143 86.4634 7
      vertex 18.0353 87.1777 7
    endloop
  endfacet
  facet normal 0 0 1
    outer loop
      vertex 17.2233 109.204 7
      vertex 17.9636 106.816 7
      vertex 17.8791 107.458 7
    endloop
  endfacet
  facet normal 0 0 1
    outer loop
      vertex 17.701 108.169 7
      vertex 17.8791 107.458 7
      vertex 17.8432 107.7 7
    endloop
  endfacet
  facet normal 0 0 1
    outer loop
      vertex 17.701 108.169 7
      vertex 17.8432 107.7 7
      vertex 17.7836 107.938 7
    endloop
  endfacet
  facet normal 0 0 1
    outer loop
      vertex 17.8791 107.458 7
      vertex 17.701 108.169 7
      vertex 17.4534 108.767 7
    endloop
  endfacet
  facet normal 0 0 1
    outer loop
      vertex 17.8791 107.458 7
      vertex 17.4534 108.767 7
      vertex 17.2233 109.204 7
    endloop
  endfacet
  facet normal 0 0 1
    outer loop
      vertex 17.2233 109.204 7
      vertex 17.4534 108.767 7
      vertex 17.3438 108.998 7
    endloop
  endfacet
  facet normal 0 0 1
    outer loop
      vertex 17.9786 106.51 7
      vertex 17.2233 109.204 7
      vertex 5.54328 108.704 7
    endloop
  endfacet
  facet normal -0 0 1
    outer loop
      vertex 5.97111 111.588 7
      vertex 17.2233 109.204 7
      vertex 11.5517 118.038 7
    endloop
  endfacet
  facet normal 0 0 1
    outer loop
      vertex 5.54328 108.704 7
      vertex 17.2233 109.204 7
      vertex 5.74164 109.258 7
    endloop
  endfacet
  facet normal 0 0 1
    outer loop
      vertex 17.9786 106.51 7
      vertex 5.54328 108.704 7
      vertex 5.29153 108.172 7
    endloop
  endfacet
  facet normal 0 0 1
    outer loop
      vertex 17.9786 106.51 7
      vertex 5.29153 108.172 7
      vertex 4.98882 107.667 7
    endloop
  endfacet
  facet normal 0 0 1
    outer loop
      vertex 5.29153 113.828 7
      vertex 11.5517 118.038 7
      vertex 11.3737 118.288 7
    endloop
  endfacet
  facet normal 0 0 1
    outer loop
      vertex 4.98882 114.333 7
      vertex 11.3737 118.288 7
      vertex 10.9798 118.801 7
    endloop
  endfacet
  facet normal 0 0 1
    outer loop
      vertex 10.446 119.303 7
      vertex 10.9798 118.801 7
      vertex 10.8186 118.986 7
    endloop
  endfacet
  facet normal 0 0 1
    outer loop
      vertex 10.446 119.303 7
      vertex 10.8186 118.986 7
      vertex 10.6399 119.154 7
    endloop
  endfacet
  facet normal 0 0 1
    outer loop
      vertex 10.9798 118.801 7
      vertex 10.446 119.303 7
      vertex 4.98882 114.333 7
    endloop
  endfacet
  facet normal 0 0 1
    outer loop
      vertex 4.98882 114.333 7
      vertex 10.446 119.303 7
      vertex 9.9327 119.697 7
    endloop
  endfacet
  facet normal 0 0 1
    outer loop
      vertex 9.50516 119.936 7
      vertex 9.9327 119.697 7
      vertex 9.72472 119.827 7
    endloop
  endfacet
  facet normal 0 0 1
    outer loop
      vertex 9.9327 119.697 7
      vertex 9.50516 119.936 7
      vertex 4.98882 114.333 7
    endloop
  endfacet
  facet normal 0 0 1
    outer loop
      vertex 4.98882 114.333 7
      vertex 9.50516 119.936 7
      vertex 8.90737 120.183 7
    endloop
  endfacet
  facet normal 0 0 1
    outer loop
      vertex 8.2114 120.372 7
      vertex 8.90737 120.183 7
      vertex 8.67827 120.27 7
    endloop
  endfacet
  facet normal 0 0 1
    outer loop
      vertex 8.2114 120.372 7
      vertex 8.67827 120.27 7
      vertex 8.44168 120.334 7
    endloop
  endfacet
  facet normal 0 0 1
    outer loop
      vertex 8.90737 120.183 7
      vertex 8.2114 120.372 7
      vertex 4.63806 114.806 7
    endloop
  endfacet
  facet normal 0 0 1
    outer loop
      vertex 4.63806 114.806 7
      vertex 8.2114 120.372 7
      vertex 7.56989 120.457 7
    endloop
  endfacet
  facet normal 0 0 1
    outer loop
      vertex 4.63806 114.806 7
      vertex 7.56989 120.457 7
      vertex 7.19536 120.479 7
    endloop
  endfacet
  facet normal 0 0 1
    outer loop
      vertex 17.2233 109.204 7
      vertex 6 111 7
      vertex 5.97111 110.412 7
    endloop
  endfacet
  facet normal 0 0 1
    outer loop
      vertex 17.2233 109.204 7
      vertex 5.97111 110.412 7
      vertex 5.88471 109.829 7
    endloop
  endfacet
  facet normal 0 0 1
    outer loop
      vertex 17.2233 109.204 7
      vertex 5.88471 109.829 7
      vertex 5.74164 109.258 7
    endloop
  endfacet
  facet normal 0 0 1
    outer loop
      vertex 17.9786 106.51 7
      vertex 4.98882 107.667 7
      vertex 4.63806 107.194 7
    endloop
  endfacet
  facet normal 0 0 1
    outer loop
      vertex 17.9786 106.51 7
      vertex 4.63806 107.194 7
      vertex 4.24264 106.757 7
    endloop
  endfacet
  facet normal 0 0 1
    outer loop
      vertex 17.9786 106.51 7
      vertex 4.24264 106.757 7
      vertex 3.80636 106.362 7
    endloop
  endfacet
  facet normal 0 0 1
    outer loop
      vertex 17.9786 106.51 7
      vertex 3.80636 106.362 7
      vertex 17.9786 87.9386 7
    endloop
  endfacet
  facet normal -0 0 1
    outer loop
      vertex 3.33342 106.011 7
      vertex 17.9786 87.9386 7
      vertex 3.80636 106.362 7
    endloop
  endfacet
  facet normal -0 0 1
    outer loop
      vertex 2.82838 105.708 7
      vertex 17.9786 87.9386 7
      vertex 3.33342 106.011 7
    endloop
  endfacet
  facet normal -0 0 1
    outer loop
      vertex 2.2961 105.457 7
      vertex 17.9786 87.9386 7
      vertex 2.82838 105.708 7
    endloop
  endfacet
  facet normal -0 0 1
    outer loop
      vertex 1.74171 105.258 7
      vertex 17.9786 87.9386 7
      vertex 2.2961 105.457 7
    endloop
  endfacet
  facet normal -0 0 1
    outer loop
      vertex 1.17054 105.115 7
      vertex 17.9786 87.9386 7
      vertex 1.74171 105.258 7
    endloop
  endfacet
  facet normal -0 0 1
    outer loop
      vertex 0.588102 105.029 7
      vertex 17.9786 87.9386 7
      vertex 1.17054 105.115 7
    endloop
  endfacet
  facet normal -0 0 1
    outer loop
      vertex 0 105 7
      vertex 17.9786 87.9386 7
      vertex 0.588102 105.029 7
    endloop
  endfacet
  facet normal 0 0 1
    outer loop
      vertex 17.9786 87.9386 7
      vertex 0 105 7
      vertex 18.0064 87.3724 7
    endloop
  endfacet
  facet normal 0 0 1
    outer loop
      vertex -0.588102 105.029 7
      vertex 18.0064 87.3724 7
      vertex 0 105 7
    endloop
  endfacet
  facet normal 0 0 1
    outer loop
      vertex 18.0064 87.3724 7
      vertex -0.588102 105.029 7
      vertex 18.0353 87.1777 7
    endloop
  endfacet
  facet normal 0 0 1
    outer loop
      vertex 18.0353 87.1777 7
      vertex -0.588102 105.029 7
      vertex -21.2 68.5 7
    endloop
  endfacet
  facet normal 0 0 1
    outer loop
      vertex -21.2 68.5 7
      vertex -0.588102 105.029 7
      vertex -1.17054 105.115 7
    endloop
  endfacet
  facet normal 0 0 1
    outer loop
      vertex -21.2 68.5 7
      vertex -1.17054 105.115 7
      vertex -1.74171 105.258 7
    endloop
  endfacet
  facet normal 0 0 1
    outer loop
      vertex -21.2 68.5 7
      vertex -1.74171 105.258 7
      vertex -2.2961 105.457 7
    endloop
  endfacet
  facet normal 0 0 1
    outer loop
      vertex -30.0793 89.1779 7
      vertex -2.2961 105.457 7
      vertex -2.82838 105.708 7
    endloop
  endfacet
  facet normal 0 0 1
    outer loop
      vertex -30.0793 89.1779 7
      vertex -2.82838 105.708 7
      vertex -3.33342 106.011 7
    endloop
  endfacet
  facet normal 0 0 1
    outer loop
      vertex -30.0793 89.1779 7
      vertex -3.33342 106.011 7
      vertex -3.80636 106.362 7
    endloop
  endfacet
  facet normal 0 0 1
    outer loop
      vertex -30.0793 89.1779 7
      vertex -3.80636 106.362 7
      vertex -4.24264 106.757 7
    endloop
  endfacet
  facet normal 0 0 1
    outer loop
      vertex -30.0793 89.1779 7
      vertex -4.24264 106.757 7
      vertex -4.63806 107.194 7
    endloop
  endfacet
  facet normal 0 0 1
    outer loop
      vertex -30.0793 89.1779 7
      vertex -4.63806 107.194 7
      vertex -4.98882 107.667 7
    endloop
  endfacet
  facet normal -0 0 1
    outer loop
      vertex -10.9433 118.845 7
      vertex -4.98882 114.333 7
      vertex -10.6049 119.183 7
    endloop
  endfacet
  facet normal -0 0 1
    outer loop
      vertex -11.3372 118.332 7
      vertex -4.98882 114.333 7
      vertex -10.9433 118.845 7
    endloop
  endfacet
  facet normal 0 0 1
    outer loop
      vertex -5.97111 111.588 7
      vertex -11.5579 118.029 7
      vertex -6 111 7
    endloop
  endfacet
  facet normal 0 0 1
    outer loop
      vertex -5.88471 112.171 7
      vertex -11.5579 118.029 7
      vertex -5.97111 111.588 7
    endloop
  endfacet
  facet normal 0 0 1
    outer loop
      vertex -8.86534 120.201 7
      vertex -8.15454 120.379 7
      vertex -8.39688 120.343 7
    endloop
  endfacet
  facet normal 0 0 1
    outer loop
      vertex -8.86534 120.201 7
      vertex -8.39688 120.343 7
      vertex -8.63449 120.284 7
    endloop
  endfacet
  facet normal 0 0 1
    outer loop
      vertex -4.98882 114.333 7
      vertex -11.3372 118.332 7
      vertex -5.29153 113.828 7
    endloop
  endfacet
  facet normal 0 0 1
    outer loop
      vertex -6 111 7
      vertex -11.5579 118.029 7
      vertex -5.97111 110.412 7
    endloop
  endfacet
  facet normal 0 0 1
    outer loop
      vertex -5.54328 113.296 7
      vertex -11.5579 118.029 7
      vertex -5.74164 112.742 7
    endloop
  endfacet
  facet normal 0 0 1
    outer loop
      vertex -10.0916 119.577 7
      vertex -9.46314 119.953 7
      vertex -9.68459 119.849 7
    endloop
  endfacet
  facet normal 0 0 1
    outer loop
      vertex -5.97111 110.412 7
      vertex -11.5579 118.029 7
      vertex -5.88471 109.829 7
    endloop
  endfacet
  facet normal 0 0 1
    outer loop
      vertex -10.0916 119.577 7
      vertex -9.68459 119.849 7
      vertex -9.89475 119.723 7
    endloop
  endfacet
  facet normal 0 0 1
    outer loop
      vertex -5.74164 112.742 7
      vertex -11.5579 118.029 7
      vertex -5.88471 112.171 7
    endloop
  endfacet
  facet normal 0 0 1
    outer loop
      vertex -5.29153 113.828 7
      vertex -11.5579 118.029 7
      vertex -5.54328 113.296 7
    endloop
  endfacet
  facet normal 0 0 1
    outer loop
      vertex -5.88471 109.829 7
      vertex -11.5579 118.029 7
      vertex -5.74164 109.258 7
    endloop
  endfacet
  facet normal 0 0 1
    outer loop
      vertex -10.9433 118.845 7
      vertex -10.6049 119.183 7
      vertex -10.7865 119.018 7
    endloop
  endfacet
  facet normal -0 0 1
    outer loop
      vertex -11.5579 118.029 7
      vertex -5.29153 113.828 7
      vertex -11.3372 118.332 7
    endloop
  endfacet
  facet normal 0 0 1
    outer loop
      vertex -30.0793 89.1779 7
      vertex -5.74164 109.258 7
      vertex -11.5579 118.029 7
    endloop
  endfacet
  facet normal 0 0 1
    outer loop
      vertex -5.74164 109.258 7
      vertex -30.0793 89.1779 7
      vertex -5.54328 108.704 7
    endloop
  endfacet
  facet normal 0 0 1
    outer loop
      vertex -5.54328 108.704 7
      vertex -30.0793 89.1779 7
      vertex -5.29153 108.172 7
    endloop
  endfacet
  facet normal 0 0 1
    outer loop
      vertex 18.5295 85.7024 7
      vertex -21.2 68.5 7
      vertex 21.2 68.5 7
    endloop
  endfacet
  facet normal 0 0 1
    outer loop
      vertex -5.29153 108.172 7
      vertex -30.0793 89.1779 7
      vertex -4.98882 107.667 7
    endloop
  endfacet
  facet normal -0 0 1
    outer loop
      vertex -27.9077 73.8432 7
      vertex -21.2 68.5 7
      vertex -27.9 74 7
    endloop
  endfacet
  facet normal 0 0 1
    outer loop
      vertex -2.2961 105.457 7
      vertex -30.0793 89.1779 7
      vertex -21.2 68.5 7
    endloop
  endfacet
  facet normal 0 0 1
    outer loop
      vertex -21.2 68.5 7
      vertex -27.9077 74.1568 7
      vertex -27.9 74 7
    endloop
  endfacet
  facet normal 0 0 1
    outer loop
      vertex -21.2 68.5 7
      vertex -27.9307 74.3121 7
      vertex -27.9077 74.1568 7
    endloop
  endfacet
  facet normal 0 0 1
    outer loop
      vertex -21.2 68.5 7
      vertex -27.9689 74.4645 7
      vertex -27.9307 74.3121 7
    endloop
  endfacet
  facet normal 0 0 1
    outer loop
      vertex -21.2 68.5 7
      vertex -28.0218 74.6123 7
      vertex -27.9689 74.4645 7
    endloop
  endfacet
  facet normal -0 -0 1
    outer loop
      vertex -28.1696 74.8889 7
      vertex -21.2 68.5 7
      vertex -30.0793 89.1779 7
    endloop
  endfacet
  facet normal 0 0 1
    outer loop
      vertex -21.2 68.5 7
      vertex -28.0889 74.7542 7
      vertex -28.0218 74.6123 7
    endloop
  endfacet
  facet normal 0 0 1
    outer loop
      vertex -21.2 68.5 7
      vertex -28.1696 74.8889 7
      vertex -28.0889 74.7542 7
    endloop
  endfacet
  facet normal 0 0 1
    outer loop
      vertex -28.1696 74.8889 7
      vertex -30.0793 89.1779 7
      vertex -28.2632 75.015 7
    endloop
  endfacet
  facet normal 0 0 1
    outer loop
      vertex -28.2632 75.015 7
      vertex -30.0793 89.1779 7
      vertex -28.3686 75.1314 7
    endloop
  endfacet
  facet normal 0 0 1
    outer loop
      vertex -28.3686 75.1314 7
      vertex -30.0793 89.1779 7
      vertex -28.485 75.2368 7
    endloop
  endfacet
  facet normal -0 0 1
    outer loop
      vertex -30.512 88.5039 7
      vertex -28.485 75.2368 7
      vertex -30.0793 89.1779 7
    endloop
  endfacet
  facet normal -0 0 1
    outer loop
      vertex -30.9796 87.7755 7
      vertex -28.485 75.2368 7
      vertex -30.512 88.5039 7
    endloop
  endfacet
  facet normal 0 0 1
    outer loop
      vertex -28.485 75.2368 7
      vertex -30.9796 87.7755 7
      vertex -28.6111 75.3304 7
    endloop
  endfacet
  facet normal -0 0 1
    outer loop
      vertex -31.4382 87.0612 7
      vertex -28.6111 75.3304 7
      vertex -30.9796 87.7755 7
    endloop
  endfacet
  facet normal 0 0 1
    outer loop
      vertex -28.6111 75.3304 7
      vertex -31.4382 87.0612 7
      vertex -28.7458 75.4111 7
    endloop
  endfacet
  facet normal -0 0 1
    outer loop
      vertex -31.8831 86.3681 7
      vertex -28.7458 75.4111 7
      vertex -31.4382 87.0612 7
    endloop
  endfacet
  facet normal 0 0 1
    outer loop
      vertex -28.7458 75.4111 7
      vertex -31.8831 86.3681 7
      vertex -28.8877 75.4782 7
    endloop
  endfacet
  facet normal -0 0 1
    outer loop
      vertex -32.3105 85.7024 7
      vertex -28.8877 75.4782 7
      vertex -31.8831 86.3681 7
    endloop
  endfacet
  facet normal 0 0 1
    outer loop
      vertex -28.8877 75.4782 7
      vertex -32.3105 85.7024 7
      vertex -29.0355 75.5311 7
    endloop
  endfacet
  facet normal -0 0 1
    outer loop
      vertex -32.716 85.0708 7
      vertex -29.0355 75.5311 7
      vertex -32.3105 85.7024 7
    endloop
  endfacet
  facet normal 0 0 1
    outer loop
      vertex -29.0355 75.5311 7
      vertex -32.716 85.0708 7
      vertex -29.1879 75.5693 7
    endloop
  endfacet
  facet normal -0 0 1
    outer loop
      vertex -33.0956 84.4795 7
      vertex -29.1879 75.5693 7
      vertex -32.716 85.0708 7
    endloop
  endfacet
  facet normal 0 0 1
    outer loop
      vertex -29.1879 75.5693 7
      vertex -33.0956 84.4795 7
      vertex -29.3432 75.5923 7
    endloop
  endfacet
  facet normal -0 0 1
    outer loop
      vertex -33.4459 83.9339 7
      vertex -29.3432 75.5923 7
      vertex -33.0956 84.4795 7
    endloop
  endfacet
  facet normal 0 0 1
    outer loop
      vertex -29.3432 75.5923 7
      vertex -33.4459 83.9339 7
      vertex -29.5 75.6 7
    endloop
  endfacet
  facet normal -0 0 1
    outer loop
      vertex -33.7634 83.4393 7
      vertex -29.5 75.6 7
      vertex -33.4459 83.9339 7
    endloop
  endfacet
  facet normal -0 0 1
    outer loop
      vertex -34.0449 83.0008 7
      vertex -29.5 75.6 7
      vertex -33.7634 83.4393 7
    endloop
  endfacet
  facet normal 0 0 1
    outer loop
      vertex -29.5 75.6 7
      vertex -34.0449 83.0008 7
      vertex -29.6568 75.5923 7
    endloop
  endfacet
  facet normal -0 0 1
    outer loop
      vertex -34.2879 82.6223 7
      vertex -29.6568 75.5923 7
      vertex -34.0449 83.0008 7
    endloop
  endfacet
  facet normal 0 0 1
    outer loop
      vertex -29.6568 75.5923 7
      vertex -34.2879 82.6223 7
      vertex -29.8121 75.5693 7
    endloop
  endfacet
  facet normal -0 0 1
    outer loop
      vertex -34.49 82.3074 7
      vertex -29.8121 75.5693 7
      vertex -34.2879 82.6223 7
    endloop
  endfacet
  facet normal -0 0 1
    outer loop
      vertex -34.6492 82.0594 7
      vertex -29.8121 75.5693 7
      vertex -34.49 82.3074 7
    endloop
  endfacet
  facet normal 0 0 1
    outer loop
      vertex -29.8121 75.5693 7
      vertex -34.6492 82.0594 7
      vertex -29.9645 75.5311 7
    endloop
  endfacet
  facet normal -0 0 1
    outer loop
      vertex -34.7641 81.8804 7
      vertex -29.9645 75.5311 7
      vertex -34.6492 82.0594 7
    endloop
  endfacet
  facet normal -0 0 1
    outer loop
      vertex -34.8335 81.7724 7
      vertex -29.9645 75.5311 7
      vertex -34.7641 81.8804 7
    endloop
  endfacet
  facet normal 0 0 1
    outer loop
      vertex -31.0693 12.3121 7
      vertex -35.9786 5.06149 7
      vertex -31.0923 12.1568 7
    endloop
  endfacet
  facet normal -0 0 1
    outer loop
      vertex -34.8547 81.7393 7
      vertex -29.9645 75.5311 7
      vertex -34.8335 81.7724 7
    endloop
  endfacet
  facet normal 0 0 1
    outer loop
      vertex -29.9645 75.5311 7
      vertex -34.8547 81.7393 7
      vertex -30.1123 75.4782 7
    endloop
  endfacet
  facet normal -0 0 1
    outer loop
      vertex -35.2171 81.1748 7
      vertex -30.1123 75.4782 7
      vertex -34.8547 81.7393 7
    endloop
  endfacet
  facet normal 0 0 1
    outer loop
      vertex -31.0923 12.1568 7
      vertex -35.9786 5.06149 7
      vertex -31.1 12 7
    endloop
  endfacet
  facet normal 0 0 1
    outer loop
      vertex -31.1 12 7
      vertex -35.9786 5.06149 7
      vertex -31.2448 0.0364332 7
    endloop
  endfacet
  facet normal -0 0 1
    outer loop
      vertex -35.4706 80.6856 7
      vertex -30.1123 75.4782 7
      vertex -35.2171 81.1748 7
    endloop
  endfacet
  facet normal -0 -0 1
    outer loop
      vertex -35.9636 4.75519 7
      vertex -31.2448 0.0364332 7
      vertex -35.9786 5.06149 7
    endloop
  endfacet
  facet normal 0 0 1
    outer loop
      vertex -31.2448 0.0364332 7
      vertex -35.9636 4.75519 7
      vertex -31.8863 0.120891 7
    endloop
  endfacet
  facet normal 0 0 1
    outer loop
      vertex -30.1123 75.4782 7
      vertex -35.4706 80.6856 7
      vertex -30.2542 75.4111 7
    endloop
  endfacet
  facet normal -0 0 1
    outer loop
      vertex -35.7182 80.0878 7
      vertex -30.2542 75.4111 7
      vertex -35.4706 80.6856 7
    endloop
  endfacet
  facet normal -0 -0 1
    outer loop
      vertex -32.5971 0.298961 7
      vertex -31.8863 0.120891 7
      vertex -35.9636 4.75519 7
    endloop
  endfacet
  facet normal 0 0 1
    outer loop
      vertex -32.1287 0.15684 7
      vertex -32.5971 0.298961 7
      vertex -32.3663 0.216365 7
    endloop
  endfacet
  facet normal -0 0 1
    outer loop
      vertex -35.9361 78.9753 7
      vertex -30.2542 75.4111 7
      vertex -35.7182 80.0878 7
    endloop
  endfacet
  facet normal 0 0 1
    outer loop
      vertex -31.8863 0.120891 7
      vertex -32.5971 0.298961 7
      vertex -32.1287 0.15684 7
    endloop
  endfacet
  facet normal 0 0 1
    outer loop
      vertex -30.2542 75.4111 7
      vertex -35.9361 78.9753 7
      vertex -30.3889 75.3304 7
    endloop
  endfacet
  facet normal 0 0 1
    outer loop
      vertex -32.5971 0.298961 7
      vertex -35.9636 4.75519 7
      vertex -33.1949 0.546575 7
    endloop
  endfacet
  facet normal -0 0 1
    outer loop
      vertex -35.9786 78.4834 7
      vertex -30.3889 75.3304 7
      vertex -35.9361 78.9753 7
    endloop
  endfacet
  facet normal 0 0 1
    outer loop
      vertex -30.3889 75.3304 7
      vertex -35.9786 78.4834 7
      vertex -30.515 75.2368 7
    endloop
  endfacet
  facet normal 0 0 1
    outer loop
      vertex -33.1949 0.546575 7
      vertex -33.8234 0.923268 7
      vertex -33.4164 0.651311 7
    endloop
  endfacet
  facet normal 0 0 1
    outer loop
      vertex -30.515 75.2368 7
      vertex -35.9786 78.4834 7
      vertex -30.6314 75.1314 7
    endloop
  endfacet
  facet normal 0 0 1
    outer loop
      vertex -33.4164 0.651311 7
      vertex -33.8234 0.923268 7
      vertex -33.6265 0.777272 7
    endloop
  endfacet
  facet normal 0 0 1
    outer loop
      vertex -30.6314 75.1314 7
      vertex -35.9786 78.4834 7
      vertex -30.7368 75.015 7
    endloop
  endfacet
  facet normal 0 0 1
    outer loop
      vertex -33.1949 0.546575 7
      vertex -35.9636 4.75519 7
      vertex -33.8234 0.923268 7
    endloop
  endfacet
  facet normal 0 0 1
    outer loop
      vertex -30.7368 75.015 7
      vertex -35.9786 78.4834 7
      vertex -30.8304 74.8889 7
    endloop
  endfacet
  facet normal 0 0 1
    outer loop
      vertex -30.9111 74.7542 7
      vertex -35.9786 78.4834 7
      vertex -30.9782 74.6123 7
    endloop
  endfacet
  facet normal 0 0 1
    outer loop
      vertex -30.9782 74.6123 7
      vertex -35.9786 78.4834 7
      vertex -31.0311 74.4645 7
    endloop
  endfacet
  facet normal 0 0 1
    outer loop
      vertex -33.8234 0.923268 7
      vertex -35.0767 2.17663 7
      vertex -34.3367 1.31717 7
    endloop
  endfacet
  facet normal 0 0 1
    outer loop
      vertex -31.0311 74.4645 7
      vertex -35.9786 78.4834 7
      vertex -31.0693 74.3121 7
    endloop
  endfacet
  facet normal 0 0 1
    outer loop
      vertex -34.3367 1.31717 7
      vertex -34.6828 1.6633 7
      vertex -34.5183 1.48172 7
    endloop
  endfacet
  facet normal 0 0 1
    outer loop
      vertex -33.8234 0.923268 7
      vertex -35.8791 4.11368 7
      vertex -35.0767 2.17663 7
    endloop
  endfacet
  facet normal 0 0 1
    outer loop
      vertex -35.4706 80.6856 7
      vertex -35.2171 81.1748 7
      vertex -35.3699 80.9089 7
    endloop
  endfacet
  facet normal 0 0 1
    outer loop
      vertex -35.0767 2.17663 7
      vertex -35.4534 2.80508 7
      vertex -35.2227 2.37347 7
    endloop
  endfacet
  facet normal 0 0 1
    outer loop
      vertex -31.0693 74.3121 7
      vertex -35.9786 78.4834 7
      vertex -31.0923 74.1568 7
    endloop
  endfacet
  facet normal 0 0 1
    outer loop
      vertex -35.2227 2.37347 7
      vertex -35.4534 2.80508 7
      vertex -35.3487 2.58363 7
    endloop
  endfacet
  facet normal 0 0 1
    outer loop
      vertex -30.8304 74.8889 7
      vertex -35.9786 78.4834 7
      vertex -30.9111 74.7542 7
    endloop
  endfacet
  facet normal 0 0 1
    outer loop
      vertex -35.0767 2.17663 7
      vertex -35.8791 4.11368 7
      vertex -35.4534 2.80508 7
    endloop
  endfacet
  facet normal 0 0 1
    outer loop
      vertex -35.8517 79.6168 7
      vertex -35.7182 80.0878 7
      vertex -35.7965 79.8556 7
    endloop
  endfacet
  facet normal 0 0 1
    outer loop
      vertex -35.4534 2.80508 7
      vertex -35.8791 4.11368 7
      vertex -35.701 3.40288 7
    endloop
  endfacet
  facet normal 0 0 1
    outer loop
      vertex -35.7182 80.0878 7
      vertex -35.8517 79.6168 7
      vertex -35.9361 78.9753 7
    endloop
  endfacet
  facet normal 0 0 1
    outer loop
      vertex -34.3367 1.31717 7
      vertex -35.0767 2.17663 7
      vertex -34.6828 1.6633 7
    endloop
  endfacet
  facet normal 0 0 1
    outer loop
      vertex -31.0923 74.1568 7
      vertex -35.9786 78.4834 7
      vertex -31.1 74 7
    endloop
  endfacet
  facet normal 0 0 1
    outer loop
      vertex -35.701 3.40288 7
      vertex -35.8791 4.11368 7
      vertex -35.7836 3.63373 7
    endloop
  endfacet
  facet normal 0 0 1
    outer loop
      vertex -35.9786 78.4834 7
      vertex -35.9361 78.9753 7
      vertex -35.9691 78.721 7
    endloop
  endfacet
  facet normal 0 0 1
    outer loop
      vertex -35.7836 3.63373 7
      vertex -35.8791 4.11368 7
      vertex -35.8432 3.87134 7
    endloop
  endfacet
  facet normal 0 0 1
    outer loop
      vertex -33.8234 0.923268 7
      vertex -35.9636 4.75519 7
      vertex -35.8791 4.11368 7
    endloop
  endfacet
  facet normal -0 0 1
    outer loop
      vertex -27.9689 73.5355 7
      vertex -21.2 68.5 7
      vertex -27.9307 73.6879 7
    endloop
  endfacet
  facet normal 0 0 1
    outer loop
      vertex -21.2 0.0213881 7
      vertex -27.9077 12.1568 7
      vertex -27.9 12 7
    endloop
  endfacet
  facet normal -0 0 1
    outer loop
      vertex -28.0218 73.3877 7
      vertex -21.2 68.5 7
      vertex -27.9689 73.5355 7
    endloop
  endfacet
  facet normal 0 0 1
    outer loop
      vertex -21.2 0.0213881 7
      vertex -27.9307 12.3121 7
      vertex -27.9077 12.1568 7
    endloop
  endfacet
  facet normal -0 0 1
    outer loop
      vertex -28.0889 73.2458 7
      vertex -21.2 68.5 7
      vertex -28.0218 73.3877 7
    endloop
  endfacet
  facet normal 0 0 1
    outer loop
      vertex -21.2 0.0213881 7
      vertex -27.9689 12.4645 7
      vertex -27.9307 12.3121 7
    endloop
  endfacet
  facet normal 0 0 1
    outer loop
      vertex -21.2 68.5 7
      vertex -28.0218 12.6123 7
      vertex -21.2 0.0213881 7
    endloop
  endfacet
  facet normal 0 0 1
    outer loop
      vertex -21.2 0.0213881 7
      vertex -28.0218 12.6123 7
      vertex -27.9689 12.4645 7
    endloop
  endfacet
  facet normal -0 0 1
    outer loop
      vertex -28.1696 73.1111 7
      vertex -21.2 68.5 7
      vertex -28.0889 73.2458 7
    endloop
  endfacet
  facet normal 0 0 1
    outer loop
      vertex -21.2 68.5 7
      vertex -28.0889 12.7542 7
      vertex -28.0218 12.6123 7
    endloop
  endfacet
  facet normal -0 0 1
    outer loop
      vertex -28.2632 72.985 7
      vertex -21.2 68.5 7
      vertex -28.1696 73.1111 7
    endloop
  endfacet
  facet normal 0 0 1
    outer loop
      vertex -21.2 68.5 7
      vertex -28.1696 12.8889 7
      vertex -28.0889 12.7542 7
    endloop
  endfacet
  facet normal -0 0 1
    outer loop
      vertex -28.3686 72.8686 7
      vertex -21.2 68.5 7
      vertex -28.2632 72.985 7
    endloop
  endfacet
  facet normal 0 0 1
    outer loop
      vertex -21.2 68.5 7
      vertex -28.2632 13.015 7
      vertex -28.1696 12.8889 7
    endloop
  endfacet
  facet normal -0 0 1
    outer loop
      vertex -28.485 72.7632 7
      vertex -21.2 68.5 7
      vertex -28.3686 72.8686 7
    endloop
  endfacet
  facet normal 0 0 1
    outer loop
      vertex -21.2 68.5 7
      vertex -28.3686 13.1314 7
      vertex -28.2632 13.015 7
    endloop
  endfacet
  facet normal -0 0 1
    outer loop
      vertex -28.6111 72.6696 7
      vertex -21.2 68.5 7
      vertex -28.485 72.7632 7
    endloop
  endfacet
  facet normal 0 0 1
    outer loop
      vertex -21.2 68.5 7
      vertex -28.485 13.2368 7
      vertex -28.3686 13.1314 7
    endloop
  endfacet
  facet normal -0 0 1
    outer loop
      vertex -28.7458 72.5889 7
      vertex -21.2 68.5 7
      vertex -28.6111 72.6696 7
    endloop
  endfacet
  facet normal 0 0 1
    outer loop
      vertex -21.2 68.5 7
      vertex -28.6111 13.3304 7
      vertex -28.485 13.2368 7
    endloop
  endfacet
  facet normal -0 0 1
    outer loop
      vertex -28.8877 72.5218 7
      vertex -21.2 68.5 7
      vertex -28.7458 72.5889 7
    endloop
  endfacet
  facet normal 0 0 1
    outer loop
      vertex -21.2 68.5 7
      vertex -28.7458 13.4111 7
      vertex -28.6111 13.3304 7
    endloop
  endfacet
  facet normal -0 0 1
    outer loop
      vertex -29.0355 72.4689 7
      vertex -21.2 68.5 7
      vertex -28.8877 72.5218 7
    endloop
  endfacet
  facet normal 0 0 1
    outer loop
      vertex -21.2 68.5 7
      vertex -28.8877 13.4782 7
      vertex -28.7458 13.4111 7
    endloop
  endfacet
  facet normal -0 0 1
    outer loop
      vertex -29.1879 72.4307 7
      vertex -21.2 68.5 7
      vertex -29.0355 72.4689 7
    endloop
  endfacet
  facet normal 0 0 1
    outer loop
      vertex -21.2 68.5 7
      vertex -29.0355 13.5311 7
      vertex -28.8877 13.4782 7
    endloop
  endfacet
  facet normal -0 0 1
    outer loop
      vertex -29.3432 72.4077 7
      vertex -21.2 68.5 7
      vertex -29.1879 72.4307 7
    endloop
  endfacet
  facet normal 0 0 1
    outer loop
      vertex -21.2 68.5 7
      vertex -29.1879 13.5693 7
      vertex -29.0355 13.5311 7
    endloop
  endfacet
  facet normal -0 0 1
    outer loop
      vertex -29.5 72.4 7
      vertex -21.2 68.5 7
      vertex -29.3432 72.4077 7
    endloop
  endfacet
  facet normal 0 0 1
    outer loop
      vertex -21.2 68.5 7
      vertex -29.3432 13.5923 7
      vertex -29.1879 13.5693 7
    endloop
  endfacet
  facet normal 0 0 1
    outer loop
      vertex -29.6568 72.4077 7
      vertex -21.2 68.5 7
      vertex -29.5 72.4 7
    endloop
  endfacet
  facet normal 0 0 1
    outer loop
      vertex -21.2 68.5 7
      vertex -29.5 13.6 7
      vertex -29.3432 13.5923 7
    endloop
  endfacet
  facet normal 0 0 1
    outer loop
      vertex -29.8121 72.4307 7
      vertex -21.2 68.5 7
      vertex -29.6568 72.4077 7
    endloop
  endfacet
  facet normal 0 0 1
    outer loop
      vertex -21.2 68.5 7
      vertex -29.6568 13.5923 7
      vertex -29.5 13.6 7
    endloop
  endfacet
  facet normal 0 0 1
    outer loop
      vertex -29.9645 72.4689 7
      vertex -21.2 68.5 7
      vertex -29.8121 72.4307 7
    endloop
  endfacet
  facet normal 0 0 1
    outer loop
      vertex -21.2 68.5 7
      vertex -29.8121 13.5693 7
      vertex -29.6568 13.5923 7
    endloop
  endfacet
  facet normal 0 0 1
    outer loop
      vertex -29.9645 13.5311 7
      vertex -21.2 68.5 7
      vertex -29.9645 72.4689 7
    endloop
  endfacet
  facet normal 0 0 1
    outer loop
      vertex -21.2 68.5 7
      vertex -29.9645 13.5311 7
      vertex -29.8121 13.5693 7
    endloop
  endfacet
  facet normal 0 0 1
    outer loop
      vertex -30.1123 72.5218 7
      vertex -29.9645 13.5311 7
      vertex -29.9645 72.4689 7
    endloop
  endfacet
  facet normal 0 0 1
    outer loop
      vertex -30.1123 72.5218 7
      vertex -30.1123 13.4782 7
      vertex -29.9645 13.5311 7
    endloop
  endfacet
  facet normal 0 0 1
    outer loop
      vertex -30.2542 72.5889 7
      vertex -30.1123 13.4782 7
      vertex -30.1123 72.5218 7
    endloop
  endfacet
  facet normal 0 0 1
    outer loop
      vertex -30.2542 72.5889 7
      vertex -30.2542 13.4111 7
      vertex -30.1123 13.4782 7
    endloop
  endfacet
  facet normal 0 0 1
    outer loop
      vertex -30.3889 72.6696 7
      vertex -30.2542 13.4111 7
      vertex -30.2542 72.5889 7
    endloop
  endfacet
  facet normal 0 0 1
    outer loop
      vertex -30.3889 72.6696 7
      vertex -30.3889 13.3304 7
      vertex -30.2542 13.4111 7
    endloop
  endfacet
  facet normal 0 0 1
    outer loop
      vertex -30.515 72.7632 7
      vertex -30.3889 13.3304 7
      vertex -30.3889 72.6696 7
    endloop
  endfacet
  facet normal 0 0 1
    outer loop
      vertex -30.515 72.7632 7
      vertex -30.515 13.2368 7
      vertex -30.3889 13.3304 7
    endloop
  endfacet
  facet normal 0 0 1
    outer loop
      vertex -30.6314 72.8686 7
      vertex -30.515 13.2368 7
      vertex -30.515 72.7632 7
    endloop
  endfacet
  facet normal 0 0 1
    outer loop
      vertex -30.6314 72.8686 7
      vertex -30.6314 13.1314 7
      vertex -30.515 13.2368 7
    endloop
  endfacet
  facet normal 0 0 1
    outer loop
      vertex -30.7368 72.985 7
      vertex -30.6314 13.1314 7
      vertex -30.6314 72.8686 7
    endloop
  endfacet
  facet normal 0 0 1
    outer loop
      vertex -30.7368 72.985 7
      vertex -30.7368 13.015 7
      vertex -30.6314 13.1314 7
    endloop
  endfacet
  facet normal 0 0 1
    outer loop
      vertex -35.9786 78.4834 7
      vertex -30.7368 72.985 7
      vertex -30.8304 73.1111 7
    endloop
  endfacet
  facet normal 0 0 1
    outer loop
      vertex -30.7368 72.985 7
      vertex -35.9786 78.4834 7
      vertex -30.7368 13.015 7
    endloop
  endfacet
  facet normal 0 0 1
    outer loop
      vertex -35.9786 78.4834 7
      vertex -30.8304 73.1111 7
      vertex -30.9111 73.2458 7
    endloop
  endfacet
  facet normal 0 0 1
    outer loop
      vertex -30.7368 13.015 7
      vertex -35.9786 78.4834 7
      vertex -30.8304 12.8889 7
    endloop
  endfacet
  facet normal 0 0 1
    outer loop
      vertex -35.9786 78.4834 7
      vertex -30.9111 73.2458 7
      vertex -30.9782 73.3877 7
    endloop
  endfacet
  facet normal 0 0 1
    outer loop
      vertex -30.8304 12.8889 7
      vertex -35.9786 78.4834 7
      vertex -30.9111 12.7542 7
    endloop
  endfacet
  facet normal 0 0 1
    outer loop
      vertex -35.9786 78.4834 7
      vertex -30.9782 73.3877 7
      vertex -31.0311 73.5355 7
    endloop
  endfacet
  facet normal 0 0 1
    outer loop
      vertex -35.9786 5.06149 7
      vertex -30.9111 12.7542 7
      vertex -35.9786 78.4834 7
    endloop
  endfacet
  facet normal 0 0 1
    outer loop
      vertex -35.9786 78.4834 7
      vertex -31.0311 73.5355 7
      vertex -31.0693 73.6879 7
    endloop
  endfacet
  facet normal 0 0 1
    outer loop
      vertex -30.9111 12.7542 7
      vertex -35.9786 5.06149 7
      vertex -30.9782 12.6123 7
    endloop
  endfacet
  facet normal 0 0 1
    outer loop
      vertex -35.9786 78.4834 7
      vertex -31.0693 73.6879 7
      vertex -31.0923 73.8432 7
    endloop
  endfacet
  facet normal 0 0 1
    outer loop
      vertex -30.9782 12.6123 7
      vertex -35.9786 5.06149 7
      vertex -31.0311 12.4645 7
    endloop
  endfacet
  facet normal 0 0 1
    outer loop
      vertex -35.9786 78.4834 7
      vertex -31.0923 73.8432 7
      vertex -31.1 74 7
    endloop
  endfacet
  facet normal 0 0 1
    outer loop
      vertex -31.0311 12.4645 7
      vertex -35.9786 5.06149 7
      vertex -31.0693 12.3121 7
    endloop
  endfacet
  facet normal -0 0 1
    outer loop
      vertex -27.9307 73.6879 7
      vertex -21.2 68.5 7
      vertex -27.9077 73.8432 7
    endloop
  endfacet
  facet normal -0 0 1
    outer loop
      vertex -27.9077 11.8432 7
      vertex -21.2 0.0213881 7
      vertex -27.9 12 7
    endloop
  endfacet
  facet normal -0 0 1
    outer loop
      vertex -27.9307 11.6879 7
      vertex -21.2 0.0213881 7
      vertex -27.9077 11.8432 7
    endloop
  endfacet
  facet normal -0 0 1
    outer loop
      vertex -27.9689 11.5355 7
      vertex -21.2 0.0213881 7
      vertex -27.9307 11.6879 7
    endloop
  endfacet
  facet normal -0 0 1
    outer loop
      vertex -28.0218 11.3877 7
      vertex -21.2 0.0213881 7
      vertex -27.9689 11.5355 7
    endloop
  endfacet
  facet normal -0 0 1
    outer loop
      vertex -28.0889 11.2458 7
      vertex -21.2 0.0213881 7
      vertex -28.0218 11.3877 7
    endloop
  endfacet
  facet normal -0 0 1
    outer loop
      vertex -28.1696 11.1111 7
      vertex -21.2 0.0213881 7
      vertex -28.0889 11.2458 7
    endloop
  endfacet
  facet normal -0 0 1
    outer loop
      vertex -28.2632 10.985 7
      vertex -21.2 0.0213881 7
      vertex -28.1696 11.1111 7
    endloop
  endfacet
  facet normal -0 0 1
    outer loop
      vertex -28.3686 10.8686 7
      vertex -21.2 0.0213881 7
      vertex -28.2632 10.985 7
    endloop
  endfacet
  facet normal -0 0 1
    outer loop
      vertex -28.485 10.7632 7
      vertex -21.2 0.0213881 7
      vertex -28.3686 10.8686 7
    endloop
  endfacet
  facet normal -0 0 1
    outer loop
      vertex -28.6111 10.6696 7
      vertex -21.2 0.0213881 7
      vertex -28.485 10.7632 7
    endloop
  endfacet
  facet normal -0 0 1
    outer loop
      vertex -28.7458 10.5889 7
      vertex -21.2 0.0213881 7
      vertex -28.6111 10.6696 7
    endloop
  endfacet
  facet normal -0 0 1
    outer loop
      vertex -28.8877 10.5218 7
      vertex -21.2 0.0213881 7
      vertex -28.7458 10.5889 7
    endloop
  endfacet
  facet normal 0 0 1
    outer loop
      vertex -30.9385 0.0213881 7
      vertex -28.8877 10.5218 7
      vertex -29.0355 10.4689 7
    endloop
  endfacet
  facet normal 0 0 1
    outer loop
      vertex -30.9385 0.0213881 7
      vertex -29.0355 10.4689 7
      vertex -29.1879 10.4307 7
    endloop
  endfacet
  facet normal 0 0 1
    outer loop
      vertex -30.9385 0.0213881 7
      vertex -29.1879 10.4307 7
      vertex -29.3432 10.4077 7
    endloop
  endfacet
  facet normal 0 0 1
    outer loop
      vertex -30.9385 0.0213881 7
      vertex -29.3432 10.4077 7
      vertex -29.5 10.4 7
    endloop
  endfacet
  facet normal 0 0 1
    outer loop
      vertex -30.9385 0.0213881 7
      vertex -29.5 10.4 7
      vertex -29.6568 10.4077 7
    endloop
  endfacet
  facet normal 0 0 1
    outer loop
      vertex -30.9385 0.0213881 7
      vertex -29.6568 10.4077 7
      vertex -29.8121 10.4307 7
    endloop
  endfacet
  facet normal 0 0 1
    outer loop
      vertex -31.2448 0.0364332 7
      vertex -29.8121 10.4307 7
      vertex -29.9645 10.4689 7
    endloop
  endfacet
  facet normal 0 0 1
    outer loop
      vertex -31.2448 0.0364332 7
      vertex -29.9645 10.4689 7
      vertex -30.1123 10.5218 7
    endloop
  endfacet
  facet normal 0 0 1
    outer loop
      vertex -31.2448 0.0364332 7
      vertex -30.1123 10.5218 7
      vertex -30.2542 10.5889 7
    endloop
  endfacet
  facet normal 0 0 1
    outer loop
      vertex -31.2448 0.0364332 7
      vertex -30.2542 10.5889 7
      vertex -30.3889 10.6696 7
    endloop
  endfacet
  facet normal 0 0 1
    outer loop
      vertex -31.2448 0.0364332 7
      vertex -30.3889 10.6696 7
      vertex -30.515 10.7632 7
    endloop
  endfacet
  facet normal 0 0 1
    outer loop
      vertex -31.2448 0.0364332 7
      vertex -30.515 10.7632 7
      vertex -30.6314 10.8686 7
    endloop
  endfacet
  facet normal 0 0 1
    outer loop
      vertex -31.2448 0.0364332 7
      vertex -30.6314 10.8686 7
      vertex -30.7368 10.985 7
    endloop
  endfacet
  facet normal 0 0 1
    outer loop
      vertex -28.8877 10.5218 7
      vertex -30.9385 0.0213881 7
      vertex -21.2 0.0213881 7
    endloop
  endfacet
  facet normal 0 0 1
    outer loop
      vertex -31.2448 0.0364332 7
      vertex -30.7368 10.985 7
      vertex -30.8304 11.1111 7
    endloop
  endfacet
  facet normal 0 0 1
    outer loop
      vertex -31.2448 0.0364332 7
      vertex -30.8304 11.1111 7
      vertex -30.9111 11.2458 7
    endloop
  endfacet
  facet normal 0 0 1
    outer loop
      vertex -31.2448 0.0364332 7
      vertex -30.9111 11.2458 7
      vertex -30.9782 11.3877 7
    endloop
  endfacet
  facet normal 0 0 1
    outer loop
      vertex -31.2448 0.0364332 7
      vertex -30.9782 11.3877 7
      vertex -31.0311 11.5355 7
    endloop
  endfacet
  facet normal 0 0 1
    outer loop
      vertex -31.2448 0.0364332 7
      vertex -31.0311 11.5355 7
      vertex -31.0693 11.6879 7
    endloop
  endfacet
  facet normal 0 0 1
    outer loop
      vertex -31.2448 0.0364332 7
      vertex -31.0693 11.6879 7
      vertex -31.0923 11.8432 7
    endloop
  endfacet
  facet normal 0 0 1
    outer loop
      vertex -31.2448 0.0364332 7
      vertex -31.0923 11.8432 7
      vertex -31.1 12 7
    endloop
  endfacet
  facet normal 0 0 1
    outer loop
      vertex -29.8121 10.4307 7
      vertex -31.2448 0.0364332 7
      vertex -30.9385 0.0213881 7
    endloop
  endfacet
  facet normal 0 0 1
    outer loop
      vertex 17.2233 109.204 7
      vertex 5.97111 111.588 7
      vertex 6 111 7
    endloop
  endfacet
  facet normal 0 0 1
    outer loop
      vertex 11.5517 118.038 7
      vertex 5.88471 112.171 7
      vertex 5.97111 111.588 7
    endloop
  endfacet
  facet normal 0 0 1
    outer loop
      vertex 11.5517 118.038 7
      vertex 5.74164 112.742 7
      vertex 5.88471 112.171 7
    endloop
  endfacet
  facet normal 0 0 1
    outer loop
      vertex 11.5517 118.038 7
      vertex 5.54328 113.296 7
      vertex 5.74164 112.742 7
    endloop
  endfacet
  facet normal 0 0 1
    outer loop
      vertex 11.5517 118.038 7
      vertex 5.29153 113.828 7
      vertex 5.54328 113.296 7
    endloop
  endfacet
  facet normal 0 0 1
    outer loop
      vertex 11.3737 118.288 7
      vertex 4.98882 114.333 7
      vertex 5.29153 113.828 7
    endloop
  endfacet
  facet normal 0 0 1
    outer loop
      vertex 8.90737 120.183 7
      vertex 4.63806 114.806 7
      vertex 4.98882 114.333 7
    endloop
  endfacet
  facet normal 0 0 1
    outer loop
      vertex 7.19536 120.479 7
      vertex 4.24264 115.243 7
      vertex 4.63806 114.806 7
    endloop
  endfacet
  facet normal 0 0 1
    outer loop
      vertex 7.19536 120.479 7
      vertex 3.80636 115.638 7
      vertex 4.24264 115.243 7
    endloop
  endfacet
  facet normal 0 0 1
    outer loop
      vertex 7.19536 120.479 7
      vertex 3.33342 115.989 7
      vertex 3.80636 115.638 7
    endloop
  endfacet
  facet normal 0 0 1
    outer loop
      vertex 7.19536 120.479 7
      vertex 2.82838 116.292 7
      vertex 3.33342 115.989 7
    endloop
  endfacet
  facet normal 0 0 1
    outer loop
      vertex 7.19536 120.479 7
      vertex 2.2961 116.543 7
      vertex 2.82838 116.292 7
    endloop
  endfacet
  facet normal 0 0 1
    outer loop
      vertex 7.19536 120.479 7
      vertex 1.74171 116.742 7
      vertex 2.2961 116.543 7
    endloop
  endfacet
  facet normal 0 0 1
    outer loop
      vertex 7.19536 120.479 7
      vertex 1.17054 116.885 7
      vertex 1.74171 116.742 7
    endloop
  endfacet
  facet normal 0 0 1
    outer loop
      vertex 7.19536 120.479 7
      vertex 0.588102 116.971 7
      vertex 1.17054 116.885 7
    endloop
  endfacet
  facet normal 0 0 1
    outer loop
      vertex 7.19536 120.479 7
      vertex 0 117 7
      vertex 0.588102 116.971 7
    endloop
  endfacet
  facet normal -0 0 1
    outer loop
      vertex -7.20673 120.479 7
      vertex 0 117 7
      vertex 7.19536 120.479 7
    endloop
  endfacet
  facet normal 0 0 1
    outer loop
      vertex 0 117 7
      vertex -7.20673 120.479 7
      vertex -0.588102 116.971 7
    endloop
  endfacet
  facet normal 0 0 1
    outer loop
      vertex -0.588102 116.971 7
      vertex -7.20673 120.479 7
      vertex -1.17054 116.885 7
    endloop
  endfacet
  facet normal 0 0 1
    outer loop
      vertex -1.17054 116.885 7
      vertex -7.20673 120.479 7
      vertex -1.74171 116.742 7
    endloop
  endfacet
  facet normal -0 0 1
    outer loop
      vertex -10.6049 119.183 7
      vertex -4.98882 114.333 7
      vertex -10.0916 119.577 7
    endloop
  endfacet
  facet normal -0 0 1
    outer loop
      vertex -10.0916 119.577 7
      vertex -4.98882 114.333 7
      vertex -9.46314 119.953 7
    endloop
  endfacet
  facet normal -0 0 1
    outer loop
      vertex -9.46314 119.953 7
      vertex -4.98882 114.333 7
      vertex -8.86534 120.201 7
    endloop
  endfacet
  facet normal 0 0 1
    outer loop
      vertex -4.63806 114.806 7
      vertex -8.86534 120.201 7
      vertex -4.98882 114.333 7
    endloop
  endfacet
  facet normal -0 0 1
    outer loop
      vertex -8.86534 120.201 7
      vertex -4.63806 114.806 7
      vertex -8.15454 120.379 7
    endloop
  endfacet
  facet normal -0 0 1
    outer loop
      vertex -8.15454 120.379 7
      vertex -4.63806 114.806 7
      vertex -7.51303 120.464 7
    endloop
  endfacet
  facet normal -0 0 1
    outer loop
      vertex -7.51303 120.464 7
      vertex -4.63806 114.806 7
      vertex -7.20673 120.479 7
    endloop
  endfacet
  facet normal 0 0 1
    outer loop
      vertex -4.24264 115.243 7
      vertex -7.20673 120.479 7
      vertex -4.63806 114.806 7
    endloop
  endfacet
  facet normal 0 0 1
    outer loop
      vertex -3.80636 115.638 7
      vertex -7.20673 120.479 7
      vertex -4.24264 115.243 7
    endloop
  endfacet
  facet normal 0 0 1
    outer loop
      vertex -3.33342 115.989 7
      vertex -7.20673 120.479 7
      vertex -3.80636 115.638 7
    endloop
  endfacet
  facet normal 0 0 1
    outer loop
      vertex -2.82838 116.292 7
      vertex -7.20673 120.479 7
      vertex -3.33342 115.989 7
    endloop
  endfacet
  facet normal 0 0 1
    outer loop
      vertex -2.2961 116.543 7
      vertex -7.20673 120.479 7
      vertex -2.82838 116.292 7
    endloop
  endfacet
  facet normal 0 0 1
    outer loop
      vertex -1.74171 116.742 7
      vertex -7.20673 120.479 7
      vertex -2.2961 116.543 7
    endloop
  endfacet
  facet normal 0 0 1
    outer loop
      vertex 31.0693 73.6879 7
      vertex 35.9786 77.9385 7
      vertex 31.0923 73.8432 7
    endloop
  endfacet
  facet normal 0 0 1
    outer loop
      vertex 35.9786 77.9385 7
      vertex 31.0923 12.1568 7
      vertex 31.1 12 7
    endloop
  endfacet
  facet normal 0 0 1
    outer loop
      vertex 31.0311 73.5355 7
      vertex 35.9786 77.9385 7
      vertex 31.0693 73.6879 7
    endloop
  endfacet
  facet normal 0 0 1
    outer loop
      vertex 35.9786 77.9385 7
      vertex 31.0693 12.3121 7
      vertex 31.0923 12.1568 7
    endloop
  endfacet
  facet normal 0 0 1
    outer loop
      vertex 30.9782 73.3877 7
      vertex 35.9786 77.9385 7
      vertex 31.0311 73.5355 7
    endloop
  endfacet
  facet normal 0 0 1
    outer loop
      vertex 35.9786 77.9385 7
      vertex 31.0311 12.4645 7
      vertex 31.0693 12.3121 7
    endloop
  endfacet
  facet normal 0 0 1
    outer loop
      vertex 30.9111 73.2458 7
      vertex 35.9786 77.9385 7
      vertex 30.9782 73.3877 7
    endloop
  endfacet
  facet normal 0 0 1
    outer loop
      vertex 35.9786 77.9385 7
      vertex 30.9782 12.6123 7
      vertex 31.0311 12.4645 7
    endloop
  endfacet
  facet normal 0 0 1
    outer loop
      vertex 30.8304 73.1111 7
      vertex 35.9786 77.9385 7
      vertex 30.9111 73.2458 7
    endloop
  endfacet
  facet normal 0 0 1
    outer loop
      vertex 35.9786 77.9385 7
      vertex 30.9111 12.7542 7
      vertex 30.9782 12.6123 7
    endloop
  endfacet
  facet normal 0 0 1
    outer loop
      vertex 30.7368 72.985 7
      vertex 35.9786 77.9385 7
      vertex 30.8304 73.1111 7
    endloop
  endfacet
  facet normal 0 0 1
    outer loop
      vertex 35.9786 77.9385 7
      vertex 30.8304 12.8889 7
      vertex 30.9111 12.7542 7
    endloop
  endfacet
  facet normal 0 0 1
    outer loop
      vertex 30.7368 13.015 7
      vertex 35.9786 77.9385 7
      vertex 30.7368 72.985 7
    endloop
  endfacet
  facet normal 0 0 1
    outer loop
      vertex 35.9786 77.9385 7
      vertex 30.7368 13.015 7
      vertex 30.8304 12.8889 7
    endloop
  endfacet
  facet normal -0 0 1
    outer loop
      vertex 30.6314 72.8686 7
      vertex 30.7368 13.015 7
      vertex 30.7368 72.985 7
    endloop
  endfacet
  facet normal 0 0 1
    outer loop
      vertex 30.6314 72.8686 7
      vertex 30.6314 13.1314 7
      vertex 30.7368 13.015 7
    endloop
  endfacet
  facet normal -0 0 1
    outer loop
      vertex 30.515 72.7632 7
      vertex 30.6314 13.1314 7
      vertex 30.6314 72.8686 7
    endloop
  endfacet
  facet normal 0 0 1
    outer loop
      vertex 30.515 72.7632 7
      vertex 30.515 13.2368 7
      vertex 30.6314 13.1314 7
    endloop
  endfacet
  facet normal -0 0 1
    outer loop
      vertex 30.3889 72.6696 7
      vertex 30.515 13.2368 7
      vertex 30.515 72.7632 7
    endloop
  endfacet
  facet normal 0 0 1
    outer loop
      vertex 30.3889 72.6696 7
      vertex 30.3889 13.3304 7
      vertex 30.515 13.2368 7
    endloop
  endfacet
  facet normal -0 0 1
    outer loop
      vertex 30.2542 72.5889 7
      vertex 30.3889 13.3304 7
      vertex 30.3889 72.6696 7
    endloop
  endfacet
  facet normal 0 0 1
    outer loop
      vertex 30.2542 72.5889 7
      vertex 30.2542 13.4111 7
      vertex 30.3889 13.3304 7
    endloop
  endfacet
  facet normal -0 0 1
    outer loop
      vertex 30.1123 72.5218 7
      vertex 30.2542 13.4111 7
      vertex 30.2542 72.5889 7
    endloop
  endfacet
  facet normal 0 0 1
    outer loop
      vertex 30.1123 72.5218 7
      vertex 30.1123 13.4782 7
      vertex 30.2542 13.4111 7
    endloop
  endfacet
  facet normal -0 0 1
    outer loop
      vertex 29.9645 72.4689 7
      vertex 30.1123 13.4782 7
      vertex 30.1123 72.5218 7
    endloop
  endfacet
  facet normal 0 0 1
    outer loop
      vertex 29.9645 72.4689 7
      vertex 29.9645 13.5311 7
      vertex 30.1123 13.4782 7
    endloop
  endfacet
  facet normal 0 0 1
    outer loop
      vertex 21.2 68.5 7
      vertex 29.9645 72.4689 7
      vertex 29.8121 72.4307 7
    endloop
  endfacet
  facet normal 0 0 1
    outer loop
      vertex 29.9645 72.4689 7
      vertex 21.2 68.5 7
      vertex 29.9645 13.5311 7
    endloop
  endfacet
  facet normal 0 0 1
    outer loop
      vertex 21.2 68.5 7
      vertex 29.8121 72.4307 7
      vertex 29.6568 72.4077 7
    endloop
  endfacet
  facet normal 0 0 1
    outer loop
      vertex 29.9645 13.5311 7
      vertex 21.2 68.5 7
      vertex 29.8121 13.5693 7
    endloop
  endfacet
  facet normal 0 0 1
    outer loop
      vertex 21.2 68.5 7
      vertex 29.6568 72.4077 7
      vertex 29.5 72.4 7
    endloop
  endfacet
  facet normal 0 0 1
    outer loop
      vertex 29.8121 13.5693 7
      vertex 21.2 68.5 7
      vertex 29.6568 13.5923 7
    endloop
  endfacet
  facet normal 0 0 1
    outer loop
      vertex 21.2 68.5 7
      vertex 29.5 72.4 7
      vertex 29.3432 72.4077 7
    endloop
  endfacet
  facet normal 0 0 1
    outer loop
      vertex 29.6568 13.5923 7
      vertex 21.2 68.5 7
      vertex 29.5 13.6 7
    endloop
  endfacet
  facet normal 0 0 1
    outer loop
      vertex 21.2 68.5 7
      vertex 29.3432 72.4077 7
      vertex 29.1879 72.4307 7
    endloop
  endfacet
  facet normal 0 0 1
    outer loop
      vertex 29.5 13.6 7
      vertex 21.2 68.5 7
      vertex 29.3432 13.5923 7
    endloop
  endfacet
  facet normal 0 0 1
    outer loop
      vertex 21.2 68.5 7
      vertex 29.1879 72.4307 7
      vertex 29.0355 72.4689 7
    endloop
  endfacet
  facet normal 0 0 1
    outer loop
      vertex 29.3432 13.5923 7
      vertex 21.2 68.5 7
      vertex 29.1879 13.5693 7
    endloop
  endfacet
  facet normal 0 0 1
    outer loop
      vertex 21.2 68.5 7
      vertex 29.0355 72.4689 7
      vertex 28.8877 72.5218 7
    endloop
  endfacet
  facet normal 0 0 1
    outer loop
      vertex 29.1879 13.5693 7
      vertex 21.2 68.5 7
      vertex 29.0355 13.5311 7
    endloop
  endfacet
  facet normal 0 0 1
    outer loop
      vertex 21.2 68.5 7
      vertex 28.8877 72.5218 7
      vertex 28.7458 72.5889 7
    endloop
  endfacet
  facet normal 0 0 1
    outer loop
      vertex 29.0355 13.5311 7
      vertex 21.2 68.5 7
      vertex 28.8877 13.4782 7
    endloop
  endfacet
  facet normal 0 0 1
    outer loop
      vertex 21.2 68.5 7
      vertex 28.7458 72.5889 7
      vertex 28.6111 72.6696 7
    endloop
  endfacet
  facet normal 0 0 1
    outer loop
      vertex 28.8877 13.4782 7
      vertex 21.2 68.5 7
      vertex 28.7458 13.4111 7
    endloop
  endfacet
  facet normal 0 0 1
    outer loop
      vertex 21.2 68.5 7
      vertex 28.6111 72.6696 7
      vertex 28.485 72.7632 7
    endloop
  endfacet
  facet normal 0 0 1
    outer loop
      vertex 28.7458 13.4111 7
      vertex 21.2 68.5 7
      vertex 28.6111 13.3304 7
    endloop
  endfacet
  facet normal 0 0 1
    outer loop
      vertex 21.2 68.5 7
      vertex 28.485 72.7632 7
      vertex 28.3686 72.8686 7
    endloop
  endfacet
  facet normal 0 0 1
    outer loop
      vertex 28.6111 13.3304 7
      vertex 21.2 68.5 7
      vertex 28.485 13.2368 7
    endloop
  endfacet
  facet normal 0 0 1
    outer loop
      vertex 21.2 68.5 7
      vertex 28.3686 72.8686 7
      vertex 28.2632 72.985 7
    endloop
  endfacet
  facet normal 0 0 1
    outer loop
      vertex 28.485 13.2368 7
      vertex 21.2 68.5 7
      vertex 28.3686 13.1314 7
    endloop
  endfacet
  facet normal 0 0 1
    outer loop
      vertex 21.2 68.5 7
      vertex 28.2632 72.985 7
      vertex 28.1696 73.1111 7
    endloop
  endfacet
  facet normal 0 0 1
    outer loop
      vertex 28.3686 13.1314 7
      vertex 21.2 68.5 7
      vertex 28.2632 13.015 7
    endloop
  endfacet
  facet normal 0 0 1
    outer loop
      vertex 21.2 68.5 7
      vertex 28.1696 73.1111 7
      vertex 28.0889 73.2458 7
    endloop
  endfacet
  facet normal 0 0 1
    outer loop
      vertex 28.2632 13.015 7
      vertex 21.2 68.5 7
      vertex 28.1696 12.8889 7
    endloop
  endfacet
  facet normal 0 0 1
    outer loop
      vertex 21.2 68.5 7
      vertex 28.0889 73.2458 7
      vertex 28.0218 73.3877 7
    endloop
  endfacet
  facet normal 0 0 1
    outer loop
      vertex 28.1696 12.8889 7
      vertex 21.2 68.5 7
      vertex 28.0889 12.7542 7
    endloop
  endfacet
  facet normal 0 0 1
    outer loop
      vertex 21.2 68.5 7
      vertex 28.0218 73.3877 7
      vertex 27.9689 73.5355 7
    endloop
  endfacet
  facet normal 0 0 1
    outer loop
      vertex 28.0889 12.7542 7
      vertex 21.2 68.5 7
      vertex 28.0218 12.6123 7
    endloop
  endfacet
  facet normal 0 0 1
    outer loop
      vertex 21.2 68.5 7
      vertex 27.9689 73.5355 7
      vertex 27.9307 73.6879 7
    endloop
  endfacet
  facet normal 0 0 1
    outer loop
      vertex 21.2 0.0213881 7
      vertex 28.0218 12.6123 7
      vertex 21.2 68.5 7
    endloop
  endfacet
  facet normal 0 0 1
    outer loop
      vertex 21.2 68.5 7
      vertex 27.9307 73.6879 7
      vertex 27.9077 73.8432 7
    endloop
  endfacet
  facet normal 0 0 1
    outer loop
      vertex 28.0218 12.6123 7
      vertex 21.2 0.0213881 7
      vertex 27.9689 12.4645 7
    endloop
  endfacet
  facet normal 0 0 1
    outer loop
      vertex 21.2 68.5 7
      vertex 27.9077 73.8432 7
      vertex 27.9 74 7
    endloop
  endfacet
  facet normal 0 0 1
    outer loop
      vertex 27.9689 12.4645 7
      vertex 21.2 0.0213881 7
      vertex 27.9307 12.3121 7
    endloop
  endfacet
  facet normal 0 0 1
    outer loop
      vertex 30.515 75.2368 7
      vertex 35.9786 77.9385 7
      vertex 35.9636 78.2448 7
    endloop
  endfacet
  facet normal 0 0 1
    outer loop
      vertex 35.9786 77.9385 7
      vertex 31.1 12 7
      vertex 35.9786 5.06149 7
    endloop
  endfacet
  facet normal 0 0 1
    outer loop
      vertex 30.3889 75.3304 7
      vertex 35.9636 78.2448 7
      vertex 35.8791 78.8863 7
    endloop
  endfacet
  facet normal -0 0 1
    outer loop
      vertex 31.0923 11.8432 7
      vertex 35.9786 5.06149 7
      vertex 31.1 12 7
    endloop
  endfacet
  facet normal 0 0 1
    outer loop
      vertex 35.701 79.5971 7
      vertex 35.8791 78.8863 7
      vertex 35.8432 79.1287 7
    endloop
  endfacet
  facet normal -0 0 1
    outer loop
      vertex 31.0693 11.6879 7
      vertex 35.9786 5.06149 7
      vertex 31.0923 11.8432 7
    endloop
  endfacet
  facet normal 0 0 1
    outer loop
      vertex 35.701 79.5971 7
      vertex 35.8432 79.1287 7
      vertex 35.7836 79.3663 7
    endloop
  endfacet
  facet normal -0 0 1
    outer loop
      vertex 31.0311 11.5355 7
      vertex 35.9786 5.06149 7
      vertex 31.0693 11.6879 7
    endloop
  endfacet
  facet normal 0 0 1
    outer loop
      vertex 35.8791 78.8863 7
      vertex 35.701 79.5971 7
      vertex 30.3889 75.3304 7
    endloop
  endfacet
  facet normal -0 0 1
    outer loop
      vertex 30.9782 11.3877 7
      vertex 35.9786 5.06149 7
      vertex 31.0311 11.5355 7
    endloop
  endfacet
  facet normal 0 0 1
    outer loop
      vertex 30.3889 75.3304 7
      vertex 35.701 79.5971 7
      vertex 35.4534 80.1949 7
    endloop
  endfacet
  facet normal -0 0 1
    outer loop
      vertex 30.9111 11.2458 7
      vertex 35.9786 5.06149 7
      vertex 30.9782 11.3877 7
    endloop
  endfacet
  facet normal 0 0 1
    outer loop
      vertex 35.0767 80.8234 7
      vertex 35.4534 80.1949 7
      vertex 35.3487 80.4164 7
    endloop
  endfacet
  facet normal -0 0 1
    outer loop
      vertex 30.8304 11.1111 7
      vertex 35.9786 5.06149 7
      vertex 30.9111 11.2458 7
    endloop
  endfacet
  facet normal 0 0 1
    outer loop
      vertex 35.0767 80.8234 7
      vertex 35.3487 80.4164 7
      vertex 35.2227 80.6265 7
    endloop
  endfacet
  facet normal -0 0 1
    outer loop
      vertex 30.7368 10.985 7
      vertex 35.9786 5.06149 7
      vertex 30.8304 11.1111 7
    endloop
  endfacet
  facet normal 0 0 1
    outer loop
      vertex 35.4534 80.1949 7
      vertex 35.0767 80.8234 7
      vertex 30.2542 75.4111 7
    endloop
  endfacet
  facet normal -0 0 1
    outer loop
      vertex 30.6314 10.8686 7
      vertex 35.9786 5.06149 7
      vertex 30.7368 10.985 7
    endloop
  endfacet
  facet normal 0 0 1
    outer loop
      vertex 30.2542 75.4111 7
      vertex 35.0767 80.8234 7
      vertex 34.6828 81.3367 7
    endloop
  endfacet
  facet normal -0 0 1
    outer loop
      vertex 30.515 10.7632 7
      vertex 35.9786 5.06149 7
      vertex 30.6314 10.8686 7
    endloop
  endfacet
  facet normal 0 0 1
    outer loop
      vertex 34.3367 81.6828 7
      vertex 34.6828 81.3367 7
      vertex 34.5183 81.5183 7
    endloop
  endfacet
  facet normal -0 0 1
    outer loop
      vertex 30.3889 10.6696 7
      vertex 35.9786 5.06149 7
      vertex 30.515 10.7632 7
    endloop
  endfacet
  facet normal 0 0 1
    outer loop
      vertex 34.6828 81.3367 7
      vertex 34.3367 81.6828 7
      vertex 30.2542 75.4111 7
    endloop
  endfacet
  facet normal -0 0 1
    outer loop
      vertex 30.2542 10.5889 7
      vertex 35.9786 5.06149 7
      vertex 30.3889 10.6696 7
    endloop
  endfacet
  facet normal 0 0 1
    outer loop
      vertex 30.2542 75.4111 7
      vertex 34.3367 81.6828 7
      vertex 33.8234 82.0767 7
    endloop
  endfacet
  facet normal -0 0 1
    outer loop
      vertex 30.1123 10.5218 7
      vertex 35.9786 5.06149 7
      vertex 30.2542 10.5889 7
    endloop
  endfacet
  facet normal 0 0 1
    outer loop
      vertex 33.1949 82.4534 7
      vertex 33.8234 82.0767 7
      vertex 33.6265 82.2227 7
    endloop
  endfacet
  facet normal -0 0 1
    outer loop
      vertex 29.9645 10.4689 7
      vertex 35.9786 5.06149 7
      vertex 30.1123 10.5218 7
    endloop
  endfacet
  facet normal 0 0 1
    outer loop
      vertex 33.1949 82.4534 7
      vertex 33.6265 82.2227 7
      vertex 33.4164 82.3487 7
    endloop
  endfacet
  facet normal -0 0 1
    outer loop
      vertex 29.8121 10.4307 7
      vertex 35.9786 5.06149 7
      vertex 29.9645 10.4689 7
    endloop
  endfacet
  facet normal 0 0 1
    outer loop
      vertex 33.8234 82.0767 7
      vertex 33.1949 82.4534 7
      vertex 30.1123 75.4782 7
    endloop
  endfacet
  facet normal 0 -0 1
    outer loop
      vertex 30.9385 0.0213881 7
      vertex 35.9786 5.06149 7
      vertex 29.8121 10.4307 7
    endloop
  endfacet
  facet normal 0 0 1
    outer loop
      vertex 30.1123 75.4782 7
      vertex 33.1949 82.4534 7
      vertex 32.5971 82.701 7
    endloop
  endfacet
  facet normal 0 0 1
    outer loop
      vertex 35.9786 5.06149 7
      vertex 30.9385 0.0213881 7
      vertex 35.9636 4.75519 7
    endloop
  endfacet
  facet normal 0 0 1
    outer loop
      vertex 31.8863 82.8791 7
      vertex 32.5971 82.701 7
      vertex 32.3663 82.7836 7
    endloop
  endfacet
  facet normal 0 -0 1
    outer loop
      vertex 31.2448 0.0364332 7
      vertex 35.9636 4.75519 7
      vertex 30.9385 0.0213881 7
    endloop
  endfacet
  facet normal 0 0 1
    outer loop
      vertex 31.8863 82.8791 7
      vertex 32.3663 82.7836 7
      vertex 32.1287 82.8432 7
    endloop
  endfacet
  facet normal 0 0 1
    outer loop
      vertex 35.9636 4.75519 7
      vertex 31.2448 0.0364332 7
      vertex 35.8791 4.11368 7
    endloop
  endfacet
  facet normal 0 0 1
    outer loop
      vertex 32.5971 82.701 7
      vertex 31.8863 82.8791 7
      vertex 30.1123 75.4782 7
    endloop
  endfacet
  facet normal 0 0 1
    outer loop
      vertex 35.8432 3.87134 7
      vertex 35.701 3.40288 7
      vertex 35.7836 3.63373 7
    endloop
  endfacet
  facet normal 0 0 1
    outer loop
      vertex 29.9645 75.5311 7
      vertex 31.8863 82.8791 7
      vertex 31.2448 82.9636 7
    endloop
  endfacet
  facet normal 0 0 1
    outer loop
      vertex 31.0923 73.8432 7
      vertex 35.9786 77.9385 7
      vertex 31.1 74 7
    endloop
  endfacet
  facet normal 0 0 1
    outer loop
      vertex 35.8791 4.11368 7
      vertex 35.701 3.40288 7
      vertex 35.8432 3.87134 7
    endloop
  endfacet
  facet normal 0 0 1
    outer loop
      vertex 35.9786 77.9385 7
      vertex 31.0923 74.1568 7
      vertex 31.1 74 7
    endloop
  endfacet
  facet normal 0 0 1
    outer loop
      vertex 35.9786 77.9385 7
      vertex 31.0693 74.3121 7
      vertex 31.0923 74.1568 7
    endloop
  endfacet
  facet normal 0 0 1
    outer loop
      vertex 35.9786 77.9385 7
      vertex 31.0311 74.4645 7
      vertex 31.0693 74.3121 7
    endloop
  endfacet
  facet normal 0 0 1
    outer loop
      vertex 35.9786 77.9385 7
      vertex 30.9782 74.6123 7
      vertex 31.0311 74.4645 7
    endloop
  endfacet
  facet normal 0 0 1
    outer loop
      vertex 29.9645 75.5311 7
      vertex 31.2448 82.9636 7
      vertex 30.9385 82.9786 7
    endloop
  endfacet
  facet normal 0 0 1
    outer loop
      vertex 35.9786 77.9385 7
      vertex 30.9111 74.7542 7
      vertex 30.9782 74.6123 7
    endloop
  endfacet
  facet normal 0 0 1
    outer loop
      vertex 35.9786 77.9385 7
      vertex 30.8304 74.8889 7
      vertex 30.9111 74.7542 7
    endloop
  endfacet
  facet normal 0 0 1
    outer loop
      vertex 35.9786 77.9385 7
      vertex 30.7368 75.015 7
      vertex 30.8304 74.8889 7
    endloop
  endfacet
  facet normal 0 0 1
    outer loop
      vertex 35.9786 77.9385 7
      vertex 30.6314 75.1314 7
      vertex 30.7368 75.015 7
    endloop
  endfacet
  facet normal 0 0 1
    outer loop
      vertex 35.9786 77.9385 7
      vertex 30.515 75.2368 7
      vertex 30.6314 75.1314 7
    endloop
  endfacet
  facet normal 0 0 1
    outer loop
      vertex 35.9636 78.2448 7
      vertex 30.3889 75.3304 7
      vertex 30.515 75.2368 7
    endloop
  endfacet
  facet normal 0 0 1
    outer loop
      vertex 35.4534 80.1949 7
      vertex 30.2542 75.4111 7
      vertex 30.3889 75.3304 7
    endloop
  endfacet
  facet normal 0 0 1
    outer loop
      vertex 33.8234 82.0767 7
      vertex 30.1123 75.4782 7
      vertex 30.2542 75.4111 7
    endloop
  endfacet
  facet normal 0 0 1
    outer loop
      vertex 31.8863 82.8791 7
      vertex 29.9645 75.5311 7
      vertex 30.1123 75.4782 7
    endloop
  endfacet
  facet normal 0 0 1
    outer loop
      vertex 30.9385 82.9786 7
      vertex 29.8121 75.5693 7
      vertex 29.9645 75.5311 7
    endloop
  endfacet
  facet normal 0 0 1
    outer loop
      vertex 30.9385 82.9786 7
      vertex 29.6568 75.5923 7
      vertex 29.8121 75.5693 7
    endloop
  endfacet
  facet normal 0 0 1
    outer loop
      vertex 30.9385 82.9786 7
      vertex 29.5 75.6 7
      vertex 29.6568 75.5923 7
    endloop
  endfacet
  facet normal 0 0 1
    outer loop
      vertex 30.9385 82.9786 7
      vertex 29.3432 75.5923 7
      vertex 29.5 75.6 7
    endloop
  endfacet
  facet normal 0 0 1
    outer loop
      vertex 30.9385 82.9786 7
      vertex 29.1879 75.5693 7
      vertex 29.3432 75.5923 7
    endloop
  endfacet
  facet normal 0 0 1
    outer loop
      vertex 30.9385 82.9786 7
      vertex 29.0355 75.5311 7
      vertex 29.1879 75.5693 7
    endloop
  endfacet
  facet normal 0 0 1
    outer loop
      vertex 30.9385 82.9786 7
      vertex 28.8877 75.4782 7
      vertex 29.0355 75.5311 7
    endloop
  endfacet
  facet normal -0 0 1
    outer loop
      vertex 22.9386 82.9786 7
      vertex 28.8877 75.4782 7
      vertex 30.9385 82.9786 7
    endloop
  endfacet
  facet normal 0 0 1
    outer loop
      vertex 28.8877 75.4782 7
      vertex 22.9386 82.9786 7
      vertex 28.7458 75.4111 7
    endloop
  endfacet
  facet normal 0 0 1
    outer loop
      vertex 28.7458 75.4111 7
      vertex 22.9386 82.9786 7
      vertex 28.6111 75.3304 7
    endloop
  endfacet
  facet normal 0 0 1
    outer loop
      vertex 28.6111 75.3304 7
      vertex 22.9386 82.9786 7
      vertex 28.485 75.2368 7
    endloop
  endfacet
  facet normal 0 0 1
    outer loop
      vertex 28.485 75.2368 7
      vertex 22.9386 82.9786 7
      vertex 28.3686 75.1314 7
    endloop
  endfacet
  facet normal 0 0 1
    outer loop
      vertex 28.3686 75.1314 7
      vertex 22.9386 82.9786 7
      vertex 28.2632 75.015 7
    endloop
  endfacet
  facet normal 0 0 1
    outer loop
      vertex 28.2632 75.015 7
      vertex 22.9386 82.9786 7
      vertex 28.1696 74.8889 7
    endloop
  endfacet
  facet normal 0 0 1
    outer loop
      vertex 28.1696 74.8889 7
      vertex 22.9386 82.9786 7
      vertex 28.0889 74.7542 7
    endloop
  endfacet
  facet normal 0 0 1
    outer loop
      vertex 28.0889 74.7542 7
      vertex 22.9386 82.9786 7
      vertex 28.0218 74.6123 7
    endloop
  endfacet
  facet normal 0 0 1
    outer loop
      vertex 21.2 68.5 7
      vertex 27.9307 74.3121 7
      vertex 22.1778 83.0353 7
    endloop
  endfacet
  facet normal 0 0 1
    outer loop
      vertex 27.9689 74.4645 7
      vertex 22.1778 83.0353 7
      vertex 27.9307 74.3121 7
    endloop
  endfacet
  facet normal 0 0 1
    outer loop
      vertex 22.1778 83.0353 7
      vertex 27.9689 74.4645 7
      vertex 22.3724 83.0064 7
    endloop
  endfacet
  facet normal 0 0 1
    outer loop
      vertex 28.0218 74.6123 7
      vertex 22.3724 83.0064 7
      vertex 27.9689 74.4645 7
    endloop
  endfacet
  facet normal 0 0 1
    outer loop
      vertex 22.3724 83.0064 7
      vertex 28.0218 74.6123 7
      vertex 22.9386 82.9786 7
    endloop
  endfacet
  facet normal 0 0 1
    outer loop
      vertex 35.701 3.40288 7
      vertex 31.2448 0.0364332 7
      vertex 35.4534 2.80508 7
    endloop
  endfacet
  facet normal 0 0 1
    outer loop
      vertex 35.4534 2.80508 7
      vertex 35.0767 2.17663 7
      vertex 35.3487 2.58363 7
    endloop
  endfacet
  facet normal 0 0 1
    outer loop
      vertex 35.3487 2.58363 7
      vertex 35.0767 2.17663 7
      vertex 35.2227 2.37347 7
    endloop
  endfacet
  facet normal 0 0 1
    outer loop
      vertex 35.4534 2.80508 7
      vertex 31.2448 0.0364332 7
      vertex 35.0767 2.17663 7
    endloop
  endfacet
  facet normal 0 0 1
    outer loop
      vertex 35.0767 2.17663 7
      vertex 33.8234 0.923268 7
      vertex 34.6828 1.6633 7
    endloop
  endfacet
  facet normal 0 0 1
    outer loop
      vertex 34.6828 1.6633 7
      vertex 34.3367 1.31717 7
      vertex 34.5183 1.48172 7
    endloop
  endfacet
  facet normal 0 0 1
    outer loop
      vertex 34.6828 1.6633 7
      vertex 33.8234 0.923268 7
      vertex 34.3367 1.31717 7
    endloop
  endfacet
  facet normal 0 0 1
    outer loop
      vertex 35.0767 2.17663 7
      vertex 31.8863 0.120891 7
      vertex 33.8234 0.923268 7
    endloop
  endfacet
  facet normal 0 0 1
    outer loop
      vertex 33.8234 0.923268 7
      vertex 33.1949 0.546575 7
      vertex 33.6265 0.777272 7
    endloop
  endfacet
  facet normal 0 0 1
    outer loop
      vertex 33.6265 0.777272 7
      vertex 33.1949 0.546575 7
      vertex 33.4164 0.651311 7
    endloop
  endfacet
  facet normal 0 0 1
    outer loop
      vertex 33.8234 0.923268 7
      vertex 31.8863 0.120891 7
      vertex 33.1949 0.546575 7
    endloop
  endfacet
  facet normal 0 0 1
    outer loop
      vertex 33.1949 0.546575 7
      vertex 31.8863 0.120891 7
      vertex 32.5971 0.298961 7
    endloop
  endfacet
  facet normal 0 0 1
    outer loop
      vertex 32.3663 0.216365 7
      vertex 31.8863 0.120891 7
      vertex 32.1287 0.15684 7
    endloop
  endfacet
  facet normal 0 0 1
    outer loop
      vertex 32.5971 0.298961 7
      vertex 31.8863 0.120891 7
      vertex 32.3663 0.216365 7
    endloop
  endfacet
  facet normal 0 0 1
    outer loop
      vertex 35.0767 2.17663 7
      vertex 31.2448 0.0364332 7
      vertex 31.8863 0.120891 7
    endloop
  endfacet
  facet normal 0 -0 1
    outer loop
      vertex 35.701 3.40288 7
      vertex 35.8791 4.11368 7
      vertex 31.2448 0.0364332 7
    endloop
  endfacet
  facet normal -0 0 1
    outer loop
      vertex 29.6568 10.4077 7
      vertex 30.9385 0.0213881 7
      vertex 29.8121 10.4307 7
    endloop
  endfacet
  facet normal -0 0 1
    outer loop
      vertex 29.5 10.4 7
      vertex 30.9385 0.0213881 7
      vertex 29.6568 10.4077 7
    endloop
  endfacet
  facet normal 0 0 1
    outer loop
      vertex 29.3432 10.4077 7
      vertex 30.9385 0.0213881 7
      vertex 29.5 10.4 7
    endloop
  endfacet
  facet normal 0 0 1
    outer loop
      vertex 29.1879 10.4307 7
      vertex 30.9385 0.0213881 7
      vertex 29.3432 10.4077 7
    endloop
  endfacet
  facet normal 0 0 1
    outer loop
      vertex 29.0355 10.4689 7
      vertex 30.9385 0.0213881 7
      vertex 29.1879 10.4307 7
    endloop
  endfacet
  facet normal 0 0 1
    outer loop
      vertex 28.8877 10.5218 7
      vertex 30.9385 0.0213881 7
      vertex 29.0355 10.4689 7
    endloop
  endfacet
  facet normal 0 0 1
    outer loop
      vertex 21.2 0.0213881 7
      vertex 28.8877 10.5218 7
      vertex 28.7458 10.5889 7
    endloop
  endfacet
  facet normal 0 0 1
    outer loop
      vertex 21.2 0.0213881 7
      vertex 28.7458 10.5889 7
      vertex 28.6111 10.6696 7
    endloop
  endfacet
  facet normal 0 0 1
    outer loop
      vertex 21.2 0.0213881 7
      vertex 28.6111 10.6696 7
      vertex 28.485 10.7632 7
    endloop
  endfacet
  facet normal 0 0 1
    outer loop
      vertex 21.2 0.0213881 7
      vertex 28.485 10.7632 7
      vertex 28.3686 10.8686 7
    endloop
  endfacet
  facet normal 0 0 1
    outer loop
      vertex 21.2 0.0213881 7
      vertex 28.3686 10.8686 7
      vertex 28.2632 10.985 7
    endloop
  endfacet
  facet normal 0 0 1
    outer loop
      vertex 21.2 0.0213881 7
      vertex 28.2632 10.985 7
      vertex 28.1696 11.1111 7
    endloop
  endfacet
  facet normal 0 0 1
    outer loop
      vertex 21.2 0.0213881 7
      vertex 28.1696 11.1111 7
      vertex 28.0889 11.2458 7
    endloop
  endfacet
  facet normal 0 0 1
    outer loop
      vertex 21.2 0.0213881 7
      vertex 28.0889 11.2458 7
      vertex 28.0218 11.3877 7
    endloop
  endfacet
  facet normal 0 0 1
    outer loop
      vertex 21.2 0.0213881 7
      vertex 28.0218 11.3877 7
      vertex 27.9689 11.5355 7
    endloop
  endfacet
  facet normal 0 0 1
    outer loop
      vertex 27.9307 12.3121 7
      vertex 21.2 0.0213881 7
      vertex 27.9077 12.1568 7
    endloop
  endfacet
  facet normal 0 0 1
    outer loop
      vertex 27.9307 74.3121 7
      vertex 21.2 68.5 7
      vertex 27.9077 74.1568 7
    endloop
  endfacet
  facet normal 0 0 1
    outer loop
      vertex 27.9077 74.1568 7
      vertex 21.2 68.5 7
      vertex 27.9 74 7
    endloop
  endfacet
  facet normal 0 0 1
    outer loop
      vertex 21.2 68.5 7
      vertex 22.1778 83.0353 7
      vertex 21.4634 83.2143 7
    endloop
  endfacet
  facet normal 0 0 1
    outer loop
      vertex 27.9077 12.1568 7
      vertex 21.2 0.0213881 7
      vertex 27.9 12 7
    endloop
  endfacet
  facet normal 0 0 1
    outer loop
      vertex 28.8877 10.5218 7
      vertex 21.2 0.0213881 7
      vertex 30.9385 0.0213881 7
    endloop
  endfacet
  facet normal 0 0 1
    outer loop
      vertex 27.9307 11.6879 7
      vertex 21.2 0.0213881 7
      vertex 27.9689 11.5355 7
    endloop
  endfacet
  facet normal 0 0 1
    outer loop
      vertex 27.9077 11.8432 7
      vertex 21.2 0.0213881 7
      vertex 27.9307 11.6879 7
    endloop
  endfacet
  facet normal 0 0 1
    outer loop
      vertex 27.9 12 7
      vertex 21.2 0.0213881 7
      vertex 27.9077 11.8432 7
    endloop
  endfacet
  facet normal 0 0 -1
    outer loop
      vertex -21.2 0 7
      vertex -10.454 0.0213881 7
      vertex -10.454 0 7
    endloop
  endfacet
  facet normal -0 0 -1
    outer loop
      vertex -10.454 0.0213881 7
      vertex -21.2 0 7
      vertex -21.2 0.0213881 7
    endloop
  endfacet
  facet normal 0.113044 0 0.99359
    outer loop
      vertex 2.82666 68.5 16.5575
      vertex 3.53333 0 16.4771
      vertex 3.53333 68.5 16.4771
    endloop
  endfacet
  facet normal 0.113044 0 0.99359
    outer loop
      vertex 3.53333 0 16.4771
      vertex 2.82666 68.5 16.5575
      vertex 2.82666 0 16.5575
    endloop
  endfacet
  facet normal 1 0 0
    outer loop
      vertex 21.2 68.5 7.05023
      vertex 21.2 0.0213881 7
      vertex 21.2 68.5 7
    endloop
  endfacet
  facet normal 1 -0 0
    outer loop
      vertex 21.2 0 7.05023
      vertex 21.2 0.0213881 7
      vertex 21.2 68.5 7.05023
    endloop
  endfacet
  facet normal 1 0 0
    outer loop
      vertex 21.2 0.0213881 7
      vertex 21.2 0 7.05023
      vertex 21.2 0 7
    endloop
  endfacet
  facet normal 0.0377562 0 0.999287
    outer loop
      vertex 0.706665 68.5 16.6911
      vertex 1.41333 0 16.6644
      vertex 1.41333 68.5 16.6644
    endloop
  endfacet
  facet normal 0.0377562 0 0.999287
    outer loop
      vertex 1.41333 0 16.6644
      vertex 0.706665 68.5 16.6911
      vertex 0.706665 0 16.6911
    endloop
  endfacet
  facet normal -0.43993 0 0.898032
    outer loop
      vertex -12.72 68.5 13.6577
      vertex -12.0133 0 14.0039
      vertex -12.0133 68.5 14.0039
    endloop
  endfacet
  facet normal -0.43993 0 0.898032
    outer loop
      vertex -12.0133 0 14.0039
      vertex -12.72 68.5 13.6577
      vertex -12.72 0 13.6577
    endloop
  endfacet
  facet normal 0.188585 0 0.982057
    outer loop
      vertex 4.94666 68.5 16.2614
      vertex 5.65332 0 16.1257
      vertex 5.65332 68.5 16.1257
    endloop
  endfacet
  facet normal 0.188585 0 0.982057
    outer loop
      vertex 5.65332 0 16.1257
      vertex 4.94666 68.5 16.2614
      vertex 4.94666 0 16.2614
    endloop
  endfacet
  facet normal -0.465111 0 0.885252
    outer loop
      vertex -13.4267 68.5 13.2864
      vertex -12.72 0 13.6577
      vertex -12.72 68.5 13.6577
    endloop
  endfacet
  facet normal -0.465111 0 0.885252
    outer loop
      vertex -12.72 0 13.6577
      vertex -13.4267 68.5 13.2864
      vertex -13.4267 0 13.2864
    endloop
  endfacet
  facet normal -0.0879605 0 0.996124
    outer loop
      vertex -2.82666 68.5 16.5575
      vertex -2.12 0 16.6199
      vertex -2.12 68.5 16.6199
    endloop
  endfacet
  facet normal -0.0879605 0 0.996124
    outer loop
      vertex -2.12 0 16.6199
      vertex -2.82666 68.5 16.5575
      vertex -2.82666 0 16.5575
    endloop
  endfacet
  facet normal 0.716559 -0 0.697527
    outer loop
      vertex 19.7867 0 8.55748
      vertex 20.4933 68.5 7.8316
      vertex 19.7867 68.5 8.55748
    endloop
  endfacet
  facet normal 0.716559 0 0.697527
    outer loop
      vertex 20.4933 68.5 7.8316
      vertex 19.7867 0 8.55748
      vertex 20.4933 0 7.8316
    endloop
  endfacet
  facet normal 0.590809 0 0.806811
    outer loop
      vertex 16.2533 68.5 11.5253
      vertex 16.96 0 11.0078
      vertex 16.96 68.5 11.0078
    endloop
  endfacet
  facet normal 0.590809 0 0.806811
    outer loop
      vertex 16.96 0 11.0078
      vertex 16.2533 68.5 11.5253
      vertex 16.2533 0 11.5253
    endloop
  endfacet
  facet normal -0.490203 0 0.871608
    outer loop
      vertex -14.1333 68.5 12.889
      vertex -13.4267 0 13.2864
      vertex -13.4267 68.5 13.2864
    endloop
  endfacet
  facet normal -0.490203 0 0.871608
    outer loop
      vertex -13.4267 0 13.2864
      vertex -14.1333 68.5 12.889
      vertex -14.1333 0 12.889
    endloop
  endfacet
  facet normal 0.389653 0 0.920962
    outer loop
      vertex 10.6 68.5 14.625
      vertex 11.3067 0 14.326
      vertex 11.3067 68.5 14.326
    endloop
  endfacet
  facet normal 0.389653 0 0.920962
    outer loop
      vertex 11.3067 0 14.326
      vertex 10.6 68.5 14.625
      vertex 10.6 0 14.625
    endloop
  endfacet
  facet normal -0.716559 0 0.697527
    outer loop
      vertex -20.4933 0 7.8316
      vertex -19.7867 68.5 8.55748
      vertex -20.4933 68.5 7.8316
    endloop
  endfacet
  facet normal -0.716559 0 0.697527
    outer loop
      vertex -19.7867 68.5 8.55748
      vertex -20.4933 0 7.8316
      vertex -19.7867 0 8.55748
    endloop
  endfacet
  facet normal -0.741656 0 0.670781
    outer loop
      vertex -21.2 0 7.05023
      vertex -20.4933 68.5 7.8316
      vertex -21.2 68.5 7.05023
    endloop
  endfacet
  facet normal -0.741656 0 0.670781
    outer loop
      vertex -20.4933 68.5 7.8316
      vertex -21.2 0 7.05023
      vertex -20.4933 0 7.8316
    endloop
  endfacet
  facet normal -0.138328 0 0.990386
    outer loop
      vertex -4.23999 68.5 16.3784
      vertex -3.53333 0 16.4771
      vertex -3.53333 68.5 16.4771
    endloop
  endfacet
  facet normal -0.138328 0 0.990386
    outer loop
      vertex -3.53333 0 16.4771
      vertex -4.23999 68.5 16.3784
      vertex -4.23999 0 16.3784
    endloop
  endfacet
  facet normal 0.741656 -0 0.670781
    outer loop
      vertex 20.4933 0 7.8316
      vertex 21.2 68.5 7.05023
      vertex 20.4933 68.5 7.8316
    endloop
  endfacet
  facet normal 0.741656 0 0.670781
    outer loop
      vertex 21.2 68.5 7.05023
      vertex 20.4933 0 7.8316
      vertex 21.2 0 7.05023
    endloop
  endfacet
  facet normal 0.641111 0 0.767448
    outer loop
      vertex 17.6667 68.5 10.4553
      vertex 18.3733 0 9.86502
      vertex 18.3733 68.5 9.86502
    endloop
  endfacet
  facet normal 0.641111 0 0.767448
    outer loop
      vertex 18.3733 0 9.86502
      vertex 17.6667 68.5 10.4553
      vertex 17.6667 0 10.4553
    endloop
  endfacet
  facet normal -0.590809 0 0.806811
    outer loop
      vertex -16.96 68.5 11.0078
      vertex -16.2533 0 11.5253
      vertex -16.2533 68.5 11.5253
    endloop
  endfacet
  facet normal -0.590809 0 0.806811
    outer loop
      vertex -16.2533 0 11.5253
      vertex -16.96 68.5 11.0078
      vertex -16.96 0 11.0078
    endloop
  endfacet
  facet normal -0.0628469 0 0.998023
    outer loop
      vertex -2.12 68.5 16.6199
      vertex -1.41333 0 16.6644
      vertex -1.41333 68.5 16.6644
    endloop
  endfacet
  facet normal -0.0628469 0 0.998023
    outer loop
      vertex -1.41333 0 16.6644
      vertex -2.12 68.5 16.6199
      vertex -2.12 0 16.6199
    endloop
  endfacet
  facet normal -0.389653 0 0.920962
    outer loop
      vertex -11.3067 68.5 14.326
      vertex -10.6 0 14.625
      vertex -10.6 68.5 14.625
    endloop
  endfacet
  facet normal -0.389653 0 0.920962
    outer loop
      vertex -10.6 0 14.625
      vertex -11.3067 68.5 14.326
      vertex -11.3067 0 14.326
    endloop
  endfacet
  facet normal -0.238822 0 0.971063
    outer loop
      vertex -7.06667 68.5 15.7973
      vertex -6.35999 0 15.9711
      vertex -6.35999 68.5 15.9711
    endloop
  endfacet
  facet normal -0.238822 0 0.971063
    outer loop
      vertex -6.35999 0 15.9711
      vertex -7.06667 68.5 15.7973
      vertex -7.06667 0 15.7973
    endloop
  endfacet
  facet normal 0.465111 0 0.885252
    outer loop
      vertex 12.72 68.5 13.6577
      vertex 13.4267 0 13.2864
      vertex 13.4267 68.5 13.2864
    endloop
  endfacet
  facet normal 0.465111 0 0.885252
    outer loop
      vertex 13.4267 0 13.2864
      vertex 12.72 68.5 13.6577
      vertex 12.72 0 13.6577
    endloop
  endfacet
  facet normal -0.0377562 0 0.999287
    outer loop
      vertex -1.41333 68.5 16.6644
      vertex -0.706665 0 16.6911
      vertex -0.706665 68.5 16.6911
    endloop
  endfacet
  facet normal -0.0377562 0 0.999287
    outer loop
      vertex -0.706665 0 16.6911
      vertex -1.41333 68.5 16.6644
      vertex -1.41333 0 16.6644
    endloop
  endfacet
  facet normal -0.515369 0 0.856968
    outer loop
      vertex -14.84 68.5 12.464
      vertex -14.1333 0 12.889
      vertex -14.1333 68.5 12.889
    endloop
  endfacet
  facet normal -0.515369 0 0.856968
    outer loop
      vertex -14.1333 0 12.889
      vertex -14.84 68.5 12.464
      vertex -14.84 0 12.464
    endloop
  endfacet
  facet normal 0.263974 0 0.96453
    outer loop
      vertex 7.06667 68.5 15.7973
      vertex 7.77333 0 15.6039
      vertex 7.77333 68.5 15.6039
    endloop
  endfacet
  facet normal 0.263974 0 0.96453
    outer loop
      vertex 7.77333 0 15.6039
      vertex 7.06667 68.5 15.7973
      vertex 7.06667 0 15.7973
    endloop
  endfacet
  facet normal 0.615914 0 0.787813
    outer loop
      vertex 16.96 68.5 11.0078
      vertex 17.6667 0 10.4553
      vertex 17.6667 68.5 10.4553
    endloop
  endfacet
  facet normal 0.615914 0 0.787813
    outer loop
      vertex 17.6667 0 10.4553
      vertex 16.96 68.5 11.0078
      vertex 16.96 0 11.0078
    endloop
  endfacet
  facet normal -0.691354 0 0.722516
    outer loop
      vertex -19.7867 68.5 8.55748
      vertex -19.08 0 9.2337
      vertex -19.08 68.5 9.2337
    endloop
  endfacet
  facet normal -0.691354 0 0.722516
    outer loop
      vertex -19.08 0 9.2337
      vertex -19.7867 68.5 8.55748
      vertex -19.7867 0 8.55748
    endloop
  endfacet
  facet normal -0.615914 0 0.787813
    outer loop
      vertex -17.6667 68.5 10.4553
      vertex -16.96 0 11.0078
      vertex -16.96 68.5 11.0078
    endloop
  endfacet
  facet normal -0.615914 0 0.787813
    outer loop
      vertex -16.96 0 11.0078
      vertex -17.6667 68.5 10.4553
      vertex -17.6667 0 10.4553
    endloop
  endfacet
  facet normal 0.0879605 0 0.996124
    outer loop
      vertex 2.12 68.5 16.6199
      vertex 2.82666 0 16.5575
      vertex 2.82666 68.5 16.5575
    endloop
  endfacet
  facet normal 0.0879605 0 0.996124
    outer loop
      vertex 2.82666 0 16.5575
      vertex 2.12 68.5 16.6199
      vertex 2.12 0 16.6199
    endloop
  endfacet
  facet normal -0.666214 0 0.745761
    outer loop
      vertex -19.08 68.5 9.2337
      vertex -18.3733 0 9.86502
      vertex -18.3733 68.5 9.86502
    endloop
  endfacet
  facet normal -0.666214 0 0.745761
    outer loop
      vertex -18.3733 0 9.86502
      vertex -19.08 68.5 9.2337
      vertex -19.08 0 9.2337
    endloop
  endfacet
  facet normal -0.163342 0 0.98657
    outer loop
      vertex -4.94666 68.5 16.2614
      vertex -4.23999 0 16.3784
      vertex -4.23999 68.5 16.3784
    endloop
  endfacet
  facet normal -0.163342 0 0.98657
    outer loop
      vertex -4.23999 0 16.3784
      vertex -4.94666 68.5 16.2614
      vertex -4.94666 0 16.2614
    endloop
  endfacet
  facet normal -0.213718 0 0.976895
    outer loop
      vertex -6.35999 68.5 15.9711
      vertex -5.65332 0 16.1257
      vertex -5.65332 68.5 16.1257
    endloop
  endfacet
  facet normal -0.213718 0 0.976895
    outer loop
      vertex -5.65332 0 16.1257
      vertex -6.35999 68.5 15.9711
      vertex -6.35999 0 15.9711
    endloop
  endfacet
  facet normal -0.540499 0 0.841345
    outer loop
      vertex -15.5467 68.5 12.01
      vertex -14.84 0 12.464
      vertex -14.84 68.5 12.464
    endloop
  endfacet
  facet normal -0.540499 0 0.841345
    outer loop
      vertex -14.84 0 12.464
      vertex -15.5467 68.5 12.01
      vertex -15.5467 0 12.01
    endloop
  endfacet
  facet normal 0.515369 0 0.856968
    outer loop
      vertex 14.1333 68.5 12.889
      vertex 14.84 0 12.464
      vertex 14.84 68.5 12.464
    endloop
  endfacet
  facet normal 0.515369 0 0.856968
    outer loop
      vertex 14.84 0 12.464
      vertex 14.1333 68.5 12.889
      vertex 14.1333 0 12.889
    endloop
  endfacet
  facet normal -0.641111 0 0.767448
    outer loop
      vertex -18.3733 68.5 9.86502
      vertex -17.6667 0 10.4553
      vertex -17.6667 68.5 10.4553
    endloop
  endfacet
  facet normal -0.641111 0 0.767448
    outer loop
      vertex -17.6667 0 10.4553
      vertex -18.3733 68.5 9.86502
      vertex -18.3733 0 9.86502
    endloop
  endfacet
  facet normal -0.339425 0 0.940633
    outer loop
      vertex -9.89333 68.5 14.9016
      vertex -9.18666 0 15.1566
      vertex -9.18666 68.5 15.1566
    endloop
  endfacet
  facet normal -0.339425 0 0.940633
    outer loop
      vertex -9.18666 0 15.1566
      vertex -9.89333 68.5 14.9016
      vertex -9.89333 0 14.9016
    endloop
  endfacet
  facet normal -0.263974 0 0.96453
    outer loop
      vertex -7.77333 68.5 15.6039
      vertex -7.06667 0 15.7973
      vertex -7.06667 68.5 15.7973
    endloop
  endfacet
  facet normal -0.263974 0 0.96453
    outer loop
      vertex -7.06667 0 15.7973
      vertex -7.77333 68.5 15.6039
      vertex -7.77333 0 15.6039
    endloop
  endfacet
  facet normal 0.0628469 0 0.998023
    outer loop
      vertex 1.41333 68.5 16.6644
      vertex 2.12 0 16.6199
      vertex 2.12 68.5 16.6199
    endloop
  endfacet
  facet normal 0.0628469 0 0.998023
    outer loop
      vertex 2.12 0 16.6199
      vertex 1.41333 68.5 16.6644
      vertex 1.41333 0 16.6644
    endloop
  endfacet
  facet normal 0.691354 0 0.722516
    outer loop
      vertex 19.08 68.5 9.2337
      vertex 19.7867 0 8.55748
      vertex 19.7867 68.5 8.55748
    endloop
  endfacet
  facet normal 0.691354 0 0.722516
    outer loop
      vertex 19.7867 0 8.55748
      vertex 19.08 68.5 9.2337
      vertex 19.08 0 9.2337
    endloop
  endfacet
  facet normal 0.314228 0 0.949348
    outer loop
      vertex 8.48 68.5 15.3905
      vertex 9.18666 0 15.1566
      vertex 9.18666 68.5 15.1566
    endloop
  endfacet
  facet normal 0.314228 0 0.949348
    outer loop
      vertex 9.18666 0 15.1566
      vertex 8.48 68.5 15.3905
      vertex 8.48 0 15.3905
    endloop
  endfacet
  facet normal 0.364487 0 0.931208
    outer loop
      vertex 9.89333 68.5 14.9016
      vertex 10.6 0 14.625
      vertex 10.6 68.5 14.625
    endloop
  endfacet
  facet normal 0.364487 0 0.931208
    outer loop
      vertex 10.6 0 14.625
      vertex 9.89333 68.5 14.9016
      vertex 9.89333 0 14.9016
    endloop
  endfacet
  facet normal 0.565667 0 0.824634
    outer loop
      vertex 15.5467 68.5 12.01
      vertex 16.2533 0 11.5253
      vertex 16.2533 68.5 11.5253
    endloop
  endfacet
  facet normal 0.565667 0 0.824634
    outer loop
      vertex 16.2533 0 11.5253
      vertex 15.5467 68.5 12.01
      vertex 15.5467 0 12.01
    endloop
  endfacet
  facet normal 0.666214 0 0.745761
    outer loop
      vertex 18.3733 68.5 9.86502
      vertex 19.08 0 9.2337
      vertex 19.08 68.5 9.2337
    endloop
  endfacet
  facet normal 0.666214 0 0.745761
    outer loop
      vertex 19.08 0 9.2337
      vertex 18.3733 68.5 9.86502
      vertex 18.3733 0 9.86502
    endloop
  endfacet
  facet normal -0.565667 0 0.824634
    outer loop
      vertex -16.2533 68.5 11.5253
      vertex -15.5467 0 12.01
      vertex -15.5467 68.5 12.01
    endloop
  endfacet
  facet normal -0.565667 0 0.824634
    outer loop
      vertex -15.5467 0 12.01
      vertex -16.2533 68.5 11.5253
      vertex -16.2533 0 11.5253
    endloop
  endfacet
  facet normal 0.43993 0 0.898032
    outer loop
      vertex 12.0133 68.5 14.0039
      vertex 12.72 0 13.6577
      vertex 12.72 68.5 13.6577
    endloop
  endfacet
  facet normal 0.43993 0 0.898032
    outer loop
      vertex 12.72 0 13.6577
      vertex 12.0133 68.5 14.0039
      vertex 12.0133 0 14.0039
    endloop
  endfacet
  facet normal 0.414783 0 0.909921
    outer loop
      vertex 11.3067 68.5 14.326
      vertex 12.0133 0 14.0039
      vertex 12.0133 68.5 14.0039
    endloop
  endfacet
  facet normal 0.414783 0 0.909921
    outer loop
      vertex 12.0133 0 14.0039
      vertex 11.3067 68.5 14.326
      vertex 11.3067 0 14.326
    endloop
  endfacet
  facet normal 0.339425 0 0.940633
    outer loop
      vertex 9.18666 68.5 15.1566
      vertex 9.89333 0 14.9016
      vertex 9.89333 68.5 14.9016
    endloop
  endfacet
  facet normal 0.339425 0 0.940633
    outer loop
      vertex 9.89333 0 14.9016
      vertex 9.18666 68.5 15.1566
      vertex 9.18666 0 15.1566
    endloop
  endfacet
  facet normal -0.0125934 0 0.999921
    outer loop
      vertex -0.706665 68.5 16.6911
      vertex 0 0 16.7
      vertex 0 68.5 16.7
    endloop
  endfacet
  facet normal -0.0125934 0 0.999921
    outer loop
      vertex 0 0 16.7
      vertex -0.706665 68.5 16.6911
      vertex -0.706665 0 16.6911
    endloop
  endfacet
  facet normal -0.188585 0 0.982057
    outer loop
      vertex -5.65332 68.5 16.1257
      vertex -4.94666 0 16.2614
      vertex -4.94666 68.5 16.2614
    endloop
  endfacet
  facet normal -0.188585 0 0.982057
    outer loop
      vertex -4.94666 0 16.2614
      vertex -5.65332 68.5 16.1257
      vertex -5.65332 0 16.1257
    endloop
  endfacet
  facet normal -0.314228 0 0.949348
    outer loop
      vertex -9.18666 68.5 15.1566
      vertex -8.48 0 15.3905
      vertex -8.48 68.5 15.3905
    endloop
  endfacet
  facet normal -0.314228 0 0.949348
    outer loop
      vertex -8.48 0 15.3905
      vertex -9.18666 68.5 15.1566
      vertex -9.18666 0 15.1566
    endloop
  endfacet
  facet normal -1 0 0
    outer loop
      vertex -21.2 0.0213881 7
      vertex -21.2 68.5 7.05023
      vertex -21.2 68.5 7
    endloop
  endfacet
  facet normal -1 0 0
    outer loop
      vertex -21.2 0 7.05023
      vertex -21.2 0.0213881 7
      vertex -21.2 0 7
    endloop
  endfacet
  facet normal -1 0 0
    outer loop
      vertex -21.2 0.0213881 7
      vertex -21.2 0 7.05023
      vertex -21.2 68.5 7.05023
    endloop
  endfacet
  facet normal 0.138328 0 0.990386
    outer loop
      vertex 3.53333 68.5 16.4771
      vertex 4.23999 0 16.3784
      vertex 4.23999 68.5 16.3784
    endloop
  endfacet
  facet normal 0.138328 0 0.990386
    outer loop
      vertex 4.23999 0 16.3784
      vertex 3.53333 68.5 16.4771
      vertex 3.53333 0 16.4771
    endloop
  endfacet
  facet normal 0.163342 0 0.98657
    outer loop
      vertex 4.23999 68.5 16.3784
      vertex 4.94666 0 16.2614
      vertex 4.94666 68.5 16.2614
    endloop
  endfacet
  facet normal 0.163342 0 0.98657
    outer loop
      vertex 4.94666 0 16.2614
      vertex 4.23999 68.5 16.3784
      vertex 4.23999 0 16.3784
    endloop
  endfacet
  facet normal 0.213718 0 0.976895
    outer loop
      vertex 5.65332 68.5 16.1257
      vertex 6.35999 0 15.9711
      vertex 6.35999 68.5 15.9711
    endloop
  endfacet
  facet normal 0.213718 0 0.976895
    outer loop
      vertex 6.35999 0 15.9711
      vertex 5.65332 68.5 16.1257
      vertex 5.65332 0 16.1257
    endloop
  endfacet
  facet normal -0.113044 0 0.99359
    outer loop
      vertex -3.53333 68.5 16.4771
      vertex -2.82666 0 16.5575
      vertex -2.82666 68.5 16.5575
    endloop
  endfacet
  facet normal -0.113044 0 0.99359
    outer loop
      vertex -2.82666 0 16.5575
      vertex -3.53333 68.5 16.4771
      vertex -3.53333 0 16.4771
    endloop
  endfacet
  facet normal 0.0125934 0 0.999921
    outer loop
      vertex 0 68.5 16.7
      vertex 0.706665 0 16.6911
      vertex 0.706665 68.5 16.6911
    endloop
  endfacet
  facet normal 0.0125934 0 0.999921
    outer loop
      vertex 0.706665 0 16.6911
      vertex 0 68.5 16.7
      vertex 0 0 16.7
    endloop
  endfacet
  facet normal 0.238822 0 0.971063
    outer loop
      vertex 6.35999 68.5 15.9711
      vertex 7.06667 0 15.7973
      vertex 7.06667 68.5 15.7973
    endloop
  endfacet
  facet normal 0.238822 0 0.971063
    outer loop
      vertex 7.06667 0 15.7973
      vertex 6.35999 68.5 15.9711
      vertex 6.35999 0 15.9711
    endloop
  endfacet
  facet normal 0.540499 0 0.841345
    outer loop
      vertex 14.84 68.5 12.464
      vertex 15.5467 0 12.01
      vertex 15.5467 68.5 12.01
    endloop
  endfacet
  facet normal 0.540499 0 0.841345
    outer loop
      vertex 15.5467 0 12.01
      vertex 14.84 68.5 12.464
      vertex 14.84 0 12.464
    endloop
  endfacet
  facet normal 0.490203 0 0.871608
    outer loop
      vertex 13.4267 68.5 13.2864
      vertex 14.1333 0 12.889
      vertex 14.1333 68.5 12.889
    endloop
  endfacet
  facet normal 0.490203 0 0.871608
    outer loop
      vertex 14.1333 0 12.889
      vertex 13.4267 68.5 13.2864
      vertex 13.4267 0 13.2864
    endloop
  endfacet
  facet normal -0.364487 0 0.931208
    outer loop
      vertex -10.6 68.5 14.625
      vertex -9.89333 0 14.9016
      vertex -9.89333 68.5 14.9016
    endloop
  endfacet
  facet normal -0.364487 0 0.931208
    outer loop
      vertex -9.89333 0 14.9016
      vertex -10.6 68.5 14.625
      vertex -10.6 0 14.625
    endloop
  endfacet
  facet normal 0.289086 0 0.957303
    outer loop
      vertex 7.77333 68.5 15.6039
      vertex 8.48 0 15.3905
      vertex 8.48 68.5 15.3905
    endloop
  endfacet
  facet normal 0.289086 0 0.957303
    outer loop
      vertex 8.48 0 15.3905
      vertex 7.77333 68.5 15.6039
      vertex 7.77333 0 15.6039
    endloop
  endfacet
  facet normal 0 1 0
    outer loop
      vertex 0.706665 68.5 16.6911
      vertex -0.706665 68.5 16.6911
      vertex 0 68.5 16.7
    endloop
  endfacet
  facet normal 0 1 0
    outer loop
      vertex 1.41333 68.5 16.6644
      vertex -0.706665 68.5 16.6911
      vertex 0.706665 68.5 16.6911
    endloop
  endfacet
  facet normal 0 1 0
    outer loop
      vertex 1.41333 68.5 16.6644
      vertex -1.41333 68.5 16.6644
      vertex -0.706665 68.5 16.6911
    endloop
  endfacet
  facet normal 0 1 0
    outer loop
      vertex 2.12 68.5 16.6199
      vertex -1.41333 68.5 16.6644
      vertex 1.41333 68.5 16.6644
    endloop
  endfacet
  facet normal 0 1 0
    outer loop
      vertex 2.12 68.5 16.6199
      vertex -2.12 68.5 16.6199
      vertex -1.41333 68.5 16.6644
    endloop
  endfacet
  facet normal 0 1 0
    outer loop
      vertex 2.82666 68.5 16.5575
      vertex -2.12 68.5 16.6199
      vertex 2.12 68.5 16.6199
    endloop
  endfacet
  facet normal 0 1 0
    outer loop
      vertex 2.82666 68.5 16.5575
      vertex -2.82666 68.5 16.5575
      vertex -2.12 68.5 16.6199
    endloop
  endfacet
  facet normal 0 1 0
    outer loop
      vertex 3.53333 68.5 16.4771
      vertex -2.82666 68.5 16.5575
      vertex 2.82666 68.5 16.5575
    endloop
  endfacet
  facet normal 0 1 0
    outer loop
      vertex 3.53333 68.5 16.4771
      vertex -3.53333 68.5 16.4771
      vertex -2.82666 68.5 16.5575
    endloop
  endfacet
  facet normal 0 1 0
    outer loop
      vertex 4.23999 68.5 16.3784
      vertex -3.53333 68.5 16.4771
      vertex 3.53333 68.5 16.4771
    endloop
  endfacet
  facet normal 0 1 0
    outer loop
      vertex 4.23999 68.5 16.3784
      vertex -4.23999 68.5 16.3784
      vertex -3.53333 68.5 16.4771
    endloop
  endfacet
  facet normal 0 1 0
    outer loop
      vertex 4.94666 68.5 16.2614
      vertex -4.23999 68.5 16.3784
      vertex 4.23999 68.5 16.3784
    endloop
  endfacet
  facet normal 0 1 0
    outer loop
      vertex 4.94666 68.5 16.2614
      vertex -4.94666 68.5 16.2614
      vertex -4.23999 68.5 16.3784
    endloop
  endfacet
  facet normal 0 1 0
    outer loop
      vertex 5.65332 68.5 16.1257
      vertex -4.94666 68.5 16.2614
      vertex 4.94666 68.5 16.2614
    endloop
  endfacet
  facet normal 0 1 0
    outer loop
      vertex 5.65332 68.5 16.1257
      vertex -5.65332 68.5 16.1257
      vertex -4.94666 68.5 16.2614
    endloop
  endfacet
  facet normal 0 1 0
    outer loop
      vertex 6.35999 68.5 15.9711
      vertex -5.65332 68.5 16.1257
      vertex 5.65332 68.5 16.1257
    endloop
  endfacet
  facet normal 0 1 0
    outer loop
      vertex 6.35999 68.5 15.9711
      vertex -6.35999 68.5 15.9711
      vertex -5.65332 68.5 16.1257
    endloop
  endfacet
  facet normal 0 1 0
    outer loop
      vertex 7.06667 68.5 15.7973
      vertex -6.35999 68.5 15.9711
      vertex 6.35999 68.5 15.9711
    endloop
  endfacet
  facet normal 0 1 0
    outer loop
      vertex 7.06667 68.5 15.7973
      vertex -7.06667 68.5 15.7973
      vertex -6.35999 68.5 15.9711
    endloop
  endfacet
  facet normal 0 1 0
    outer loop
      vertex 7.77333 68.5 15.6039
      vertex -7.06667 68.5 15.7973
      vertex 7.06667 68.5 15.7973
    endloop
  endfacet
  facet normal 0 1 0
    outer loop
      vertex 7.77333 68.5 15.6039
      vertex -7.77333 68.5 15.6039
      vertex -7.06667 68.5 15.7973
    endloop
  endfacet
  facet normal 0 1 0
    outer loop
      vertex 8.48 68.5 15.3905
      vertex -7.77333 68.5 15.6039
      vertex 7.77333 68.5 15.6039
    endloop
  endfacet
  facet normal 0 1 0
    outer loop
      vertex 8.48 68.5 15.3905
      vertex -8.48 68.5 15.3905
      vertex -7.77333 68.5 15.6039
    endloop
  endfacet
  facet normal 0 1 0
    outer loop
      vertex 9.18666 68.5 15.1566
      vertex -8.48 68.5 15.3905
      vertex 8.48 68.5 15.3905
    endloop
  endfacet
  facet normal 0 1 0
    outer loop
      vertex 9.18666 68.5 15.1566
      vertex -9.18666 68.5 15.1566
      vertex -8.48 68.5 15.3905
    endloop
  endfacet
  facet normal 0 1 0
    outer loop
      vertex 9.89333 68.5 14.9016
      vertex -9.18666 68.5 15.1566
      vertex 9.18666 68.5 15.1566
    endloop
  endfacet
  facet normal 0 1 0
    outer loop
      vertex 9.89333 68.5 14.9016
      vertex -9.89333 68.5 14.9016
      vertex -9.18666 68.5 15.1566
    endloop
  endfacet
  facet normal 0 1 0
    outer loop
      vertex 10.6 68.5 14.625
      vertex -9.89333 68.5 14.9016
      vertex 9.89333 68.5 14.9016
    endloop
  endfacet
  facet normal 0 1 0
    outer loop
      vertex 10.6 68.5 14.625
      vertex -10.6 68.5 14.625
      vertex -9.89333 68.5 14.9016
    endloop
  endfacet
  facet normal 0 1 0
    outer loop
      vertex 11.3067 68.5 14.326
      vertex -10.6 68.5 14.625
      vertex 10.6 68.5 14.625
    endloop
  endfacet
  facet normal 0 1 0
    outer loop
      vertex 11.3067 68.5 14.326
      vertex -11.3067 68.5 14.326
      vertex -10.6 68.5 14.625
    endloop
  endfacet
  facet normal 0 1 0
    outer loop
      vertex 12.0133 68.5 14.0039
      vertex -11.3067 68.5 14.326
      vertex 11.3067 68.5 14.326
    endloop
  endfacet
  facet normal 0 1 0
    outer loop
      vertex 12.0133 68.5 14.0039
      vertex -12.0133 68.5 14.0039
      vertex -11.3067 68.5 14.326
    endloop
  endfacet
  facet normal 0 1 0
    outer loop
      vertex 12.72 68.5 13.6577
      vertex -12.0133 68.5 14.0039
      vertex 12.0133 68.5 14.0039
    endloop
  endfacet
  facet normal 0 1 0
    outer loop
      vertex 12.72 68.5 13.6577
      vertex -12.72 68.5 13.6577
      vertex -12.0133 68.5 14.0039
    endloop
  endfacet
  facet normal 0 1 0
    outer loop
      vertex 13.4267 68.5 13.2864
      vertex -12.72 68.5 13.6577
      vertex 12.72 68.5 13.6577
    endloop
  endfacet
  facet normal 0 1 0
    outer loop
      vertex 13.4267 68.5 13.2864
      vertex -13.4267 68.5 13.2864
      vertex -12.72 68.5 13.6577
    endloop
  endfacet
  facet normal 0 1 0
    outer loop
      vertex 14.1333 68.5 12.889
      vertex -13.4267 68.5 13.2864
      vertex 13.4267 68.5 13.2864
    endloop
  endfacet
  facet normal 0 1 0
    outer loop
      vertex 14.1333 68.5 12.889
      vertex -14.1333 68.5 12.889
      vertex -13.4267 68.5 13.2864
    endloop
  endfacet
  facet normal 0 1 0
    outer loop
      vertex 14.84 68.5 12.464
      vertex -14.1333 68.5 12.889
      vertex 14.1333 68.5 12.889
    endloop
  endfacet
  facet normal 0 1 0
    outer loop
      vertex 14.84 68.5 12.464
      vertex -14.84 68.5 12.464
      vertex -14.1333 68.5 12.889
    endloop
  endfacet
  facet normal 0 1 0
    outer loop
      vertex 15.5467 68.5 12.01
      vertex -14.84 68.5 12.464
      vertex 14.84 68.5 12.464
    endloop
  endfacet
  facet normal 0 1 0
    outer loop
      vertex 15.5467 68.5 12.01
      vertex -15.5467 68.5 12.01
      vertex -14.84 68.5 12.464
    endloop
  endfacet
  facet normal 0 1 0
    outer loop
      vertex 16.2533 68.5 11.5253
      vertex -15.5467 68.5 12.01
      vertex 15.5467 68.5 12.01
    endloop
  endfacet
  facet normal 0 1 0
    outer loop
      vertex 16.2533 68.5 11.5253
      vertex -16.2533 68.5 11.5253
      vertex -15.5467 68.5 12.01
    endloop
  endfacet
  facet normal 0 1 0
    outer loop
      vertex 16.96 68.5 11.0078
      vertex -16.2533 68.5 11.5253
      vertex 16.2533 68.5 11.5253
    endloop
  endfacet
  facet normal 0 1 0
    outer loop
      vertex 16.96 68.5 11.0078
      vertex -16.96 68.5 11.0078
      vertex -16.2533 68.5 11.5253
    endloop
  endfacet
  facet normal 0 1 0
    outer loop
      vertex 17.6667 68.5 10.4553
      vertex -16.96 68.5 11.0078
      vertex 16.96 68.5 11.0078
    endloop
  endfacet
  facet normal 0 1 0
    outer loop
      vertex 17.6667 68.5 10.4553
      vertex -17.6667 68.5 10.4553
      vertex -16.96 68.5 11.0078
    endloop
  endfacet
  facet normal 0 1 0
    outer loop
      vertex 18.3733 68.5 9.86502
      vertex -17.6667 68.5 10.4553
      vertex 17.6667 68.5 10.4553
    endloop
  endfacet
  facet normal 0 1 0
    outer loop
      vertex 18.3733 68.5 9.86502
      vertex -18.3733 68.5 9.86502
      vertex -17.6667 68.5 10.4553
    endloop
  endfacet
  facet normal 0 1 0
    outer loop
      vertex 21.2 68.5 7
      vertex 18.3733 68.5 9.86502
      vertex 19.08 68.5 9.2337
    endloop
  endfacet
  facet normal 0 1 0
    outer loop
      vertex 18.3733 68.5 9.86502
      vertex 21.2 68.5 7
      vertex -18.3733 68.5 9.86502
    endloop
  endfacet
  facet normal 0 1 0
    outer loop
      vertex 21.2 68.5 7
      vertex 19.08 68.5 9.2337
      vertex 19.7867 68.5 8.55748
    endloop
  endfacet
  facet normal 0 1 0
    outer loop
      vertex -21.2 68.5 7
      vertex -18.3733 68.5 9.86502
      vertex 21.2 68.5 7
    endloop
  endfacet
  facet normal 0 1 0
    outer loop
      vertex 21.2 68.5 7
      vertex 19.7867 68.5 8.55748
      vertex 20.4933 68.5 7.8316
    endloop
  endfacet
  facet normal 0 1 0
    outer loop
      vertex -18.3733 68.5 9.86502
      vertex -21.2 68.5 7
      vertex -19.08 68.5 9.2337
    endloop
  endfacet
  facet normal 0 1 -0
    outer loop
      vertex 21.2 68.5 7
      vertex 20.4933 68.5 7.8316
      vertex 21.2 68.5 7.05023
    endloop
  endfacet
  facet normal 0 1 0
    outer loop
      vertex -19.08 68.5 9.2337
      vertex -21.2 68.5 7
      vertex -19.7867 68.5 8.55748
    endloop
  endfacet
  facet normal 0 1 0
    outer loop
      vertex -19.7867 68.5 8.55748
      vertex -21.2 68.5 7
      vertex -20.4933 68.5 7.8316
    endloop
  endfacet
  facet normal 0 1 0
    outer loop
      vertex -20.4933 68.5 7.8316
      vertex -21.2 68.5 7
      vertex -21.2 68.5 7.05023
    endloop
  endfacet
  facet normal -0.289086 0 0.957303
    outer loop
      vertex -8.48 68.5 15.3905
      vertex -7.77333 0 15.6039
      vertex -7.77333 68.5 15.6039
    endloop
  endfacet
  facet normal -0.289086 0 0.957303
    outer loop
      vertex -7.77333 0 15.6039
      vertex -8.48 68.5 15.3905
      vertex -8.48 0 15.3905
    endloop
  endfacet
  facet normal 0 -1 0
    outer loop
      vertex -0.706665 0 16.6911
      vertex 0.706665 0 16.6911
      vertex 0 0 16.7
    endloop
  endfacet
  facet normal 0 -1 0
    outer loop
      vertex -12.15 0 12.8888
      vertex -0.706665 0 16.6911
      vertex -1.41333 0 16.6644
    endloop
  endfacet
  facet normal 0 -1 -0
    outer loop
      vertex -0.706665 0 16.6911
      vertex -12.15 0 12.8888
      vertex 0.706665 0 16.6911
    endloop
  endfacet
  facet normal 0 -1 0
    outer loop
      vertex -12.15 0 12.8888
      vertex -1.41333 0 16.6644
      vertex -2.12 0 16.6199
    endloop
  endfacet
  facet normal 0 -1 0
    outer loop
      vertex 12.15 0 12.8888
      vertex 0.706665 0 16.6911
      vertex -12.15 0 12.8888
    endloop
  endfacet
  facet normal 0 -1 0
    outer loop
      vertex -12.15 0 12.8888
      vertex -2.12 0 16.6199
      vertex -2.82666 0 16.5575
    endloop
  endfacet
  facet normal 0 -1 0
    outer loop
      vertex 0.706665 0 16.6911
      vertex 12.15 0 12.8888
      vertex 1.41333 0 16.6644
    endloop
  endfacet
  facet normal 0 -1 0
    outer loop
      vertex -12.15 0 12.8888
      vertex -2.82666 0 16.5575
      vertex -3.53333 0 16.4771
    endloop
  endfacet
  facet normal 0 -1 0
    outer loop
      vertex 1.41333 0 16.6644
      vertex 12.15 0 12.8888
      vertex 2.12 0 16.6199
    endloop
  endfacet
  facet normal 0 -1 0
    outer loop
      vertex -12.15 0 12.8888
      vertex -3.53333 0 16.4771
      vertex -4.23999 0 16.3784
    endloop
  endfacet
  facet normal 0 -1 0
    outer loop
      vertex 2.12 0 16.6199
      vertex 12.15 0 12.8888
      vertex 2.82666 0 16.5575
    endloop
  endfacet
  facet normal 0 -1 0
    outer loop
      vertex -12.15 0 12.8888
      vertex -4.23999 0 16.3784
      vertex -4.94666 0 16.2614
    endloop
  endfacet
  facet normal 0 -1 0
    outer loop
      vertex 2.82666 0 16.5575
      vertex 12.15 0 12.8888
      vertex 3.53333 0 16.4771
    endloop
  endfacet
  facet normal 0 -1 0
    outer loop
      vertex -12.15 0 12.8888
      vertex -4.94666 0 16.2614
      vertex -5.65332 0 16.1257
    endloop
  endfacet
  facet normal 0 -1 0
    outer loop
      vertex 3.53333 0 16.4771
      vertex 12.15 0 12.8888
      vertex 4.23999 0 16.3784
    endloop
  endfacet
  facet normal 0 -1 0
    outer loop
      vertex -12.15 0 12.8888
      vertex -5.65332 0 16.1257
      vertex -6.35999 0 15.9711
    endloop
  endfacet
  facet normal 0 -1 0
    outer loop
      vertex 4.23999 0 16.3784
      vertex 12.15 0 12.8888
      vertex 4.94666 0 16.2614
    endloop
  endfacet
  facet normal 0 -1 0
    outer loop
      vertex -12.15 0 12.8888
      vertex -6.35999 0 15.9711
      vertex -7.06667 0 15.7973
    endloop
  endfacet
  facet normal 0 -1 0
    outer loop
      vertex 4.94666 0 16.2614
      vertex 12.15 0 12.8888
      vertex 5.65332 0 16.1257
    endloop
  endfacet
  facet normal 0 -1 0
    outer loop
      vertex -12.15 0 12.8888
      vertex -7.06667 0 15.7973
      vertex -7.77333 0 15.6039
    endloop
  endfacet
  facet normal 0 -1 0
    outer loop
      vertex 5.65332 0 16.1257
      vertex 12.15 0 12.8888
      vertex 6.35999 0 15.9711
    endloop
  endfacet
  facet normal 0 -1 0
    outer loop
      vertex -12.15 0 12.8888
      vertex -7.77333 0 15.6039
      vertex -8.48 0 15.3905
    endloop
  endfacet
  facet normal 0 -1 0
    outer loop
      vertex 6.35999 0 15.9711
      vertex 12.15 0 12.8888
      vertex 7.06667 0 15.7973
    endloop
  endfacet
  facet normal 0 -1 0
    outer loop
      vertex -12.15 0 12.8888
      vertex -8.48 0 15.3905
      vertex -9.18666 0 15.1566
    endloop
  endfacet
  facet normal 0 -1 0
    outer loop
      vertex 7.06667 0 15.7973
      vertex 12.15 0 12.8888
      vertex 7.77333 0 15.6039
    endloop
  endfacet
  facet normal 0 -1 0
    outer loop
      vertex -12.15 0 12.8888
      vertex -9.18666 0 15.1566
      vertex -9.89333 0 14.9016
    endloop
  endfacet
  facet normal 0 -1 0
    outer loop
      vertex 7.77333 0 15.6039
      vertex 12.15 0 12.8888
      vertex 8.48 0 15.3905
    endloop
  endfacet
  facet normal 0 -1 0
    outer loop
      vertex -12.15 0 12.8888
      vertex -9.89333 0 14.9016
      vertex -10.6 0 14.625
    endloop
  endfacet
  facet normal 0 -1 0
    outer loop
      vertex 8.48 0 15.3905
      vertex 12.15 0 12.8888
      vertex 9.18666 0 15.1566
    endloop
  endfacet
  facet normal 0 -1 0
    outer loop
      vertex -12.15 0 12.8888
      vertex -10.6 0 14.625
      vertex -11.3067 0 14.326
    endloop
  endfacet
  facet normal 0 -1 0
    outer loop
      vertex 9.18666 0 15.1566
      vertex 12.15 0 12.8888
      vertex 9.89333 0 14.9016
    endloop
  endfacet
  facet normal 0 -1 0
    outer loop
      vertex -12.15 0 12.8888
      vertex -11.3067 0 14.326
      vertex -12.0133 0 14.0039
    endloop
  endfacet
  facet normal 0 -1 0
    outer loop
      vertex 9.89333 0 14.9016
      vertex 12.15 0 12.8888
      vertex 10.6 0 14.625
    endloop
  endfacet
  facet normal 0 -1 0
    outer loop
      vertex -12.15 0 12.8888
      vertex -12.0133 0 14.0039
      vertex -12.72 0 13.6577
    endloop
  endfacet
  facet normal 0 -1 0
    outer loop
      vertex 10.6 0 14.625
      vertex 12.15 0 12.8888
      vertex 11.3067 0 14.326
    endloop
  endfacet
  facet normal 0 -1 0
    outer loop
      vertex -12.15 0 12.8888
      vertex -12.72 0 13.6577
      vertex -13.4267 0 13.2864
    endloop
  endfacet
  facet normal 0 -1 0
    outer loop
      vertex 11.3067 0 14.326
      vertex 12.15 0 12.8888
      vertex 12.0133 0 14.0039
    endloop
  endfacet
  facet normal 0 -1 0
    outer loop
      vertex -12.15 0 12.8888
      vertex -13.4267 0 13.2864
      vertex -14.1333 0 12.889
    endloop
  endfacet
  facet normal 0 -1 0
    outer loop
      vertex 12.0133 0 14.0039
      vertex 12.15 0 12.8888
      vertex 12.72 0 13.6577
    endloop
  endfacet
  facet normal 0 -1 -0
    outer loop
      vertex 12.72 0 13.6577
      vertex 12.15 0 12.8888
      vertex 13.4267 0 13.2864
    endloop
  endfacet
  facet normal 0 -1 0
    outer loop
      vertex -14.84 0 12.464
      vertex -12.15 0 12.8888
      vertex -14.1333 0 12.889
    endloop
  endfacet
  facet normal 0 -1 0
    outer loop
      vertex -10.454 0 7
      vertex -14.84 0 12.464
      vertex -15.5467 0 12.01
    endloop
  endfacet
  facet normal 0 -1 0
    outer loop
      vertex -10.454 0 7
      vertex -15.5467 0 12.01
      vertex -16.2533 0 11.5253
    endloop
  endfacet
  facet normal 0 -1 0
    outer loop
      vertex -10.454 0 7
      vertex -16.2533 0 11.5253
      vertex -16.96 0 11.0078
    endloop
  endfacet
  facet normal 0 -1 0
    outer loop
      vertex -10.454 0 7
      vertex -16.96 0 11.0078
      vertex -17.6667 0 10.4553
    endloop
  endfacet
  facet normal 0 -1 0
    outer loop
      vertex -10.454 0 7
      vertex -17.6667 0 10.4553
      vertex -18.3733 0 9.86502
    endloop
  endfacet
  facet normal 0 -1 0
    outer loop
      vertex -10.454 0 7
      vertex -18.3733 0 9.86502
      vertex -19.08 0 9.2337
    endloop
  endfacet
  facet normal 0 -1 0
    outer loop
      vertex -10.454 0 7
      vertex -19.08 0 9.2337
      vertex -19.7867 0 8.55748
    endloop
  endfacet
  facet normal 0 -1 0
    outer loop
      vertex -10.454 0 7
      vertex -19.7867 0 8.55748
      vertex -20.4933 0 7.8316
    endloop
  endfacet
  facet normal 0 -1 0
    outer loop
      vertex -21.2 0 7
      vertex -20.4933 0 7.8316
      vertex -21.2 0 7.05023
    endloop
  endfacet
  facet normal 0 -1 -0
    outer loop
      vertex -20.4933 0 7.8316
      vertex -21.2 0 7
      vertex -10.454 0 7
    endloop
  endfacet
  facet normal 0 -1 0
    outer loop
      vertex -14.84 0 12.464
      vertex -10.454 0 7
      vertex -12.15 0 12.8888
    endloop
  endfacet
  facet normal 0 -1 -0
    outer loop
      vertex 13.4267 0 13.2864
      vertex 12.15 0 12.8888
      vertex 14.1333 0 12.889
    endloop
  endfacet
  facet normal 0 -1 0
    outer loop
      vertex 12.15 0 12.8888
      vertex 14.84 0 12.464
      vertex 14.1333 0 12.889
    endloop
  endfacet
  facet normal 0 -1 0
    outer loop
      vertex 10.454 0 7
      vertex 14.84 0 12.464
      vertex 12.15 0 12.8888
    endloop
  endfacet
  facet normal 0 -1 -0
    outer loop
      vertex 14.84 0 12.464
      vertex 10.454 0 7
      vertex 15.5467 0 12.01
    endloop
  endfacet
  facet normal 0 -1 -0
    outer loop
      vertex 15.5467 0 12.01
      vertex 10.454 0 7
      vertex 16.2533 0 11.5253
    endloop
  endfacet
  facet normal 0 -1 -0
    outer loop
      vertex 16.2533 0 11.5253
      vertex 10.454 0 7
      vertex 16.96 0 11.0078
    endloop
  endfacet
  facet normal 0 -1 -0
    outer loop
      vertex 16.96 0 11.0078
      vertex 10.454 0 7
      vertex 17.6667 0 10.4553
    endloop
  endfacet
  facet normal 0 -1 -0
    outer loop
      vertex 17.6667 0 10.4553
      vertex 10.454 0 7
      vertex 18.3733 0 9.86502
    endloop
  endfacet
  facet normal 0 -1 -0
    outer loop
      vertex 18.3733 0 9.86502
      vertex 10.454 0 7
      vertex 19.08 0 9.2337
    endloop
  endfacet
  facet normal 0 -1 -0
    outer loop
      vertex 19.08 0 9.2337
      vertex 10.454 0 7
      vertex 19.7867 0 8.55748
    endloop
  endfacet
  facet normal 0 -1 -0
    outer loop
      vertex 19.7867 0 8.55748
      vertex 10.454 0 7
      vertex 20.4933 0 7.8316
    endloop
  endfacet
  facet normal 0 -1 0
    outer loop
      vertex 21.2 0 7
      vertex 20.4933 0 7.8316
      vertex 10.454 0 7
    endloop
  endfacet
  facet normal 0 -1 0
    outer loop
      vertex 20.4933 0 7.8316
      vertex 21.2 0 7
      vertex 21.2 0 7.05023
    endloop
  endfacet
  facet normal -0.414783 0 0.909921
    outer loop
      vertex -12.0133 68.5 14.0039
      vertex -11.3067 0 14.326
      vertex -11.3067 68.5 14.326
    endloop
  endfacet
  facet normal -0.414783 0 0.909921
    outer loop
      vertex -11.3067 0 14.326
      vertex -12.0133 68.5 14.0039
      vertex -12.0133 0 14.0039
    endloop
  endfacet
  facet normal -0.969993 0.243135 0
    outer loop
      vertex -27.9689 11.5355 2
      vertex -27.9307 11.6879 7
      vertex -27.9307 11.6879 2
    endloop
  endfacet
  facet normal -0.969993 0.243135 0
    outer loop
      vertex -27.9307 11.6879 7
      vertex -27.9689 11.5355 2
      vertex -27.9689 11.5355 7
    endloop
  endfacet
  facet normal -0.741264 -0.671213 0
    outer loop
      vertex -28.2632 13.015 2
      vertex -28.3686 13.1314 7
      vertex -28.3686 13.1314 2
    endloop
  endfacet
  facet normal -0.741264 -0.671213 0
    outer loop
      vertex -28.3686 13.1314 7
      vertex -28.2632 13.015 2
      vertex -28.2632 13.015 7
    endloop
  endfacet
  facet normal -0.049048 0.998796 0
    outer loop
      vertex -29.3432 10.4077 2
      vertex -29.5 10.4 7
      vertex -29.3432 10.4077 7
    endloop
  endfacet
  facet normal -0.049048 0.998796 0
    outer loop
      vertex -29.5 10.4 7
      vertex -29.3432 10.4077 2
      vertex -29.5 10.4 2
    endloop
  endfacet
  facet normal 0.049048 -0.998796 0
    outer loop
      vertex -29.6568 13.5923 2
      vertex -29.5 13.6 7
      vertex -29.6568 13.5923 7
    endloop
  endfacet
  facet normal 0.049048 -0.998796 0
    outer loop
      vertex -29.5 13.6 7
      vertex -29.6568 13.5923 2
      vertex -29.5 13.6 2
    endloop
  endfacet
  facet normal 0.969993 -0.243135 0
    outer loop
      vertex -31.0693 12.3121 7
      vertex -31.0311 12.4645 2
      vertex -31.0311 12.4645 7
    endloop
  endfacet
  facet normal 0.969993 -0.243135 0
    outer loop
      vertex -31.0311 12.4645 2
      vertex -31.0693 12.3121 7
      vertex -31.0693 12.3121 2
    endloop
  endfacet
  facet normal 0.741264 -0.671213 0
    outer loop
      vertex -30.7368 13.015 7
      vertex -30.6314 13.1314 2
      vertex -30.6314 13.1314 7
    endloop
  endfacet
  facet normal 0.741264 -0.671213 0
    outer loop
      vertex -30.6314 13.1314 2
      vertex -30.7368 13.015 7
      vertex -30.7368 13.015 2
    endloop
  endfacet
  facet normal -0.904023 0.427484 0
    outer loop
      vertex -28.0889 11.2458 2
      vertex -28.0218 11.3877 7
      vertex -28.0218 11.3877 2
    endloop
  endfacet
  facet normal -0.904023 0.427484 0
    outer loop
      vertex -28.0218 11.3877 7
      vertex -28.0889 11.2458 2
      vertex -28.0889 11.2458 7
    endloop
  endfacet
  facet normal -0.427484 0.904023 0
    outer loop
      vertex -28.7458 10.5889 2
      vertex -28.8877 10.5218 7
      vertex -28.7458 10.5889 7
    endloop
  endfacet
  facet normal -0.427484 0.904023 0
    outer loop
      vertex -28.8877 10.5218 7
      vertex -28.7458 10.5889 2
      vertex -28.8877 10.5218 2
    endloop
  endfacet
  facet normal 0.146502 0.98921 -0
    outer loop
      vertex -29.6568 10.4077 2
      vertex -29.8121 10.4307 7
      vertex -29.6568 10.4077 7
    endloop
  endfacet
  facet normal 0.146502 0.98921 0
    outer loop
      vertex -29.8121 10.4307 7
      vertex -29.6568 10.4077 2
      vertex -29.8121 10.4307 2
    endloop
  endfacet
  facet normal -0.941511 -0.336982 0
    outer loop
      vertex -27.9689 12.4645 2
      vertex -28.0218 12.6123 7
      vertex -28.0218 12.6123 2
    endloop
  endfacet
  facet normal -0.941511 -0.336982 0
    outer loop
      vertex -28.0218 12.6123 7
      vertex -27.9689 12.4645 2
      vertex -27.9689 12.4645 7
    endloop
  endfacet
  facet normal -0.998796 0.049048 0
    outer loop
      vertex -27.9077 11.8432 2
      vertex -27.9 12 7
      vertex -27.9 12 2
    endloop
  endfacet
  facet normal -0.998796 0.049048 0
    outer loop
      vertex -27.9 12 7
      vertex -27.9077 11.8432 2
      vertex -27.9077 11.8432 7
    endloop
  endfacet
  facet normal 0.941511 -0.336982 0
    outer loop
      vertex -31.0311 12.4645 7
      vertex -30.9782 12.6123 2
      vertex -30.9782 12.6123 7
    endloop
  endfacet
  facet normal 0.941511 -0.336982 0
    outer loop
      vertex -30.9782 12.6123 2
      vertex -31.0311 12.4645 7
      vertex -31.0311 12.4645 2
    endloop
  endfacet
  facet normal -0.049048 -0.998796 0
    outer loop
      vertex -29.5 13.6 2
      vertex -29.3432 13.5923 7
      vertex -29.5 13.6 7
    endloop
  endfacet
  facet normal -0.049048 -0.998796 -0
    outer loop
      vertex -29.3432 13.5923 7
      vertex -29.5 13.6 2
      vertex -29.3432 13.5923 2
    endloop
  endfacet
  facet normal -0.513934 -0.85783 0
    outer loop
      vertex -28.7458 13.4111 2
      vertex -28.6111 13.3304 7
      vertex -28.7458 13.4111 7
    endloop
  endfacet
  facet normal -0.513934 -0.85783 -0
    outer loop
      vertex -28.6111 13.3304 7
      vertex -28.7458 13.4111 2
      vertex -28.6111 13.3304 2
    endloop
  endfacet
  facet normal 0.98921 0.146502 0
    outer loop
      vertex -31.0693 11.6879 7
      vertex -31.0923 11.8432 2
      vertex -31.0923 11.8432 7
    endloop
  endfacet
  facet normal 0.98921 0.146502 0
    outer loop
      vertex -31.0923 11.8432 2
      vertex -31.0693 11.6879 7
      vertex -31.0693 11.6879 2
    endloop
  endfacet
  facet normal -0.98921 -0.146502 0
    outer loop
      vertex -27.9077 12.1568 2
      vertex -27.9307 12.3121 7
      vertex -27.9307 12.3121 2
    endloop
  endfacet
  facet normal -0.98921 -0.146502 0
    outer loop
      vertex -27.9307 12.3121 7
      vertex -27.9077 12.1568 2
      vertex -27.9077 12.1568 7
    endloop
  endfacet
  facet normal 0.427484 -0.904023 0
    outer loop
      vertex -30.2542 13.4111 2
      vertex -30.1123 13.4782 7
      vertex -30.2542 13.4111 7
    endloop
  endfacet
  facet normal 0.427484 -0.904023 0
    outer loop
      vertex -30.1123 13.4782 7
      vertex -30.2542 13.4111 2
      vertex -30.1123 13.4782 2
    endloop
  endfacet
  facet normal -0.998796 -0.049048 0
    outer loop
      vertex -27.9 12 2
      vertex -27.9077 12.1568 7
      vertex -27.9077 12.1568 2
    endloop
  endfacet
  facet normal -0.998796 -0.049048 0
    outer loop
      vertex -27.9077 12.1568 7
      vertex -27.9 12 2
      vertex -27.9 12 7
    endloop
  endfacet
  facet normal -0.513934 0.85783 0
    outer loop
      vertex -28.6111 10.6696 2
      vertex -28.7458 10.5889 7
      vertex -28.6111 10.6696 7
    endloop
  endfacet
  facet normal -0.513934 0.85783 0
    outer loop
      vertex -28.7458 10.5889 7
      vertex -28.6111 10.6696 2
      vertex -28.7458 10.5889 2
    endloop
  endfacet
  facet normal 0.336982 0.941511 -0
    outer loop
      vertex -29.9645 10.4689 2
      vertex -30.1123 10.5218 7
      vertex -29.9645 10.4689 7
    endloop
  endfacet
  facet normal 0.336982 0.941511 0
    outer loop
      vertex -30.1123 10.5218 7
      vertex -29.9645 10.4689 2
      vertex -30.1123 10.5218 2
    endloop
  endfacet
  facet normal -0.741264 0.671213 0
    outer loop
      vertex -28.3686 10.8686 2
      vertex -28.2632 10.985 7
      vertex -28.2632 10.985 2
    endloop
  endfacet
  facet normal -0.741264 0.671213 0
    outer loop
      vertex -28.2632 10.985 7
      vertex -28.3686 10.8686 2
      vertex -28.3686 10.8686 7
    endloop
  endfacet
  facet normal 0.336982 -0.941511 0
    outer loop
      vertex -30.1123 13.4782 2
      vertex -29.9645 13.5311 7
      vertex -30.1123 13.4782 7
    endloop
  endfacet
  facet normal 0.336982 -0.941511 0
    outer loop
      vertex -29.9645 13.5311 7
      vertex -30.1123 13.4782 2
      vertex -29.9645 13.5311 2
    endloop
  endfacet
  facet normal 0.998796 0.049048 0
    outer loop
      vertex -31.0923 11.8432 7
      vertex -31.1 12 2
      vertex -31.1 12 7
    endloop
  endfacet
  facet normal 0.998796 0.049048 0
    outer loop
      vertex -31.1 12 2
      vertex -31.0923 11.8432 7
      vertex -31.0923 11.8432 2
    endloop
  endfacet
  facet normal 0.85783 -0.513934 0
    outer loop
      vertex -30.9111 12.7542 7
      vertex -30.8304 12.8889 2
      vertex -30.8304 12.8889 7
    endloop
  endfacet
  facet normal 0.85783 -0.513934 0
    outer loop
      vertex -30.8304 12.8889 2
      vertex -30.9111 12.7542 7
      vertex -30.9111 12.7542 2
    endloop
  endfacet
  facet normal -0.941511 0.336982 0
    outer loop
      vertex -28.0218 11.3877 2
      vertex -27.9689 11.5355 7
      vertex -27.9689 11.5355 2
    endloop
  endfacet
  facet normal -0.941511 0.336982 0
    outer loop
      vertex -27.9689 11.5355 7
      vertex -28.0218 11.3877 2
      vertex -28.0218 11.3877 7
    endloop
  endfacet
  facet normal -0.80297 0.596019 0
    outer loop
      vertex -28.2632 10.985 2
      vertex -28.1696 11.1111 7
      vertex -28.1696 11.1111 2
    endloop
  endfacet
  facet normal -0.80297 0.596019 0
    outer loop
      vertex -28.1696 11.1111 7
      vertex -28.2632 10.985 2
      vertex -28.2632 10.985 7
    endloop
  endfacet
  facet normal -0.969993 -0.243135 0
    outer loop
      vertex -27.9307 12.3121 2
      vertex -27.9689 12.4645 7
      vertex -27.9689 12.4645 2
    endloop
  endfacet
  facet normal -0.969993 -0.243135 0
    outer loop
      vertex -27.9689 12.4645 7
      vertex -27.9307 12.3121 2
      vertex -27.9307 12.3121 7
    endloop
  endfacet
  facet normal -0.146502 -0.98921 0
    outer loop
      vertex -29.3432 13.5923 2
      vertex -29.1879 13.5693 7
      vertex -29.3432 13.5923 7
    endloop
  endfacet
  facet normal -0.146502 -0.98921 -0
    outer loop
      vertex -29.1879 13.5693 7
      vertex -29.3432 13.5923 2
      vertex -29.1879 13.5693 2
    endloop
  endfacet
  facet normal -0.243135 0.969993 0
    outer loop
      vertex -29.0355 10.4689 2
      vertex -29.1879 10.4307 7
      vertex -29.0355 10.4689 7
    endloop
  endfacet
  facet normal -0.243135 0.969993 0
    outer loop
      vertex -29.1879 10.4307 7
      vertex -29.0355 10.4689 2
      vertex -29.1879 10.4307 2
    endloop
  endfacet
  facet normal -0.596019 -0.80297 0
    outer loop
      vertex -28.6111 13.3304 2
      vertex -28.485 13.2368 7
      vertex -28.6111 13.3304 7
    endloop
  endfacet
  facet normal -0.596019 -0.80297 -0
    outer loop
      vertex -28.485 13.2368 7
      vertex -28.6111 13.3304 2
      vertex -28.485 13.2368 2
    endloop
  endfacet
  facet normal 0.243135 -0.969993 0
    outer loop
      vertex -29.9645 13.5311 2
      vertex -29.8121 13.5693 7
      vertex -29.9645 13.5311 7
    endloop
  endfacet
  facet normal 0.243135 -0.969993 0
    outer loop
      vertex -29.8121 13.5693 7
      vertex -29.9645 13.5311 2
      vertex -29.8121 13.5693 2
    endloop
  endfacet
  facet normal 0.596019 0.80297 -0
    outer loop
      vertex -30.3889 10.6696 2
      vertex -30.515 10.7632 7
      vertex -30.3889 10.6696 7
    endloop
  endfacet
  facet normal 0.596019 0.80297 0
    outer loop
      vertex -30.515 10.7632 7
      vertex -30.3889 10.6696 2
      vertex -30.515 10.7632 2
    endloop
  endfacet
  facet normal 0.969993 0.243135 0
    outer loop
      vertex -31.0311 11.5355 7
      vertex -31.0693 11.6879 2
      vertex -31.0693 11.6879 7
    endloop
  endfacet
  facet normal 0.969993 0.243135 0
    outer loop
      vertex -31.0693 11.6879 2
      vertex -31.0311 11.5355 7
      vertex -31.0311 11.5355 2
    endloop
  endfacet
  facet normal -0.427484 -0.904023 0
    outer loop
      vertex -28.8877 13.4782 2
      vertex -28.7458 13.4111 7
      vertex -28.8877 13.4782 7
    endloop
  endfacet
  facet normal -0.427484 -0.904023 -0
    outer loop
      vertex -28.7458 13.4111 7
      vertex -28.8877 13.4782 2
      vertex -28.7458 13.4111 2
    endloop
  endfacet
  facet normal 0.80297 -0.596019 0
    outer loop
      vertex -30.8304 12.8889 7
      vertex -30.7368 13.015 2
      vertex -30.7368 13.015 7
    endloop
  endfacet
  facet normal 0.80297 -0.596019 0
    outer loop
      vertex -30.7368 13.015 2
      vertex -30.8304 12.8889 7
      vertex -30.8304 12.8889 2
    endloop
  endfacet
  facet normal -0.85783 -0.513934 0
    outer loop
      vertex -28.0889 12.7542 2
      vertex -28.1696 12.8889 7
      vertex -28.1696 12.8889 2
    endloop
  endfacet
  facet normal -0.85783 -0.513934 0
    outer loop
      vertex -28.1696 12.8889 7
      vertex -28.0889 12.7542 2
      vertex -28.0889 12.7542 7
    endloop
  endfacet
  facet normal 0.596019 -0.80297 0
    outer loop
      vertex -30.515 13.2368 2
      vertex -30.3889 13.3304 7
      vertex -30.515 13.2368 7
    endloop
  endfacet
  facet normal 0.596019 -0.80297 0
    outer loop
      vertex -30.3889 13.3304 7
      vertex -30.515 13.2368 2
      vertex -30.3889 13.3304 2
    endloop
  endfacet
  facet normal 0.513934 0.85783 -0
    outer loop
      vertex -30.2542 10.5889 2
      vertex -30.3889 10.6696 7
      vertex -30.2542 10.5889 7
    endloop
  endfacet
  facet normal 0.513934 0.85783 0
    outer loop
      vertex -30.3889 10.6696 7
      vertex -30.2542 10.5889 2
      vertex -30.3889 10.6696 2
    endloop
  endfacet
  facet normal -0.146502 0.98921 0
    outer loop
      vertex -29.1879 10.4307 2
      vertex -29.3432 10.4077 7
      vertex -29.1879 10.4307 7
    endloop
  endfacet
  facet normal -0.146502 0.98921 0
    outer loop
      vertex -29.3432 10.4077 7
      vertex -29.1879 10.4307 2
      vertex -29.3432 10.4077 2
    endloop
  endfacet
  facet normal -0.98921 0.146502 0
    outer loop
      vertex -27.9307 11.6879 2
      vertex -27.9077 11.8432 7
      vertex -27.9077 11.8432 2
    endloop
  endfacet
  facet normal -0.98921 0.146502 0
    outer loop
      vertex -27.9077 11.8432 7
      vertex -27.9307 11.6879 2
      vertex -27.9307 11.6879 7
    endloop
  endfacet
  facet normal 0.98921 -0.146502 0
    outer loop
      vertex -31.0923 12.1568 7
      vertex -31.0693 12.3121 2
      vertex -31.0693 12.3121 7
    endloop
  endfacet
  facet normal 0.98921 -0.146502 0
    outer loop
      vertex -31.0693 12.3121 2
      vertex -31.0923 12.1568 7
      vertex -31.0923 12.1568 2
    endloop
  endfacet
  facet normal -0.904023 -0.427484 0
    outer loop
      vertex -28.0218 12.6123 2
      vertex -28.0889 12.7542 7
      vertex -28.0889 12.7542 2
    endloop
  endfacet
  facet normal -0.904023 -0.427484 0
    outer loop
      vertex -28.0889 12.7542 7
      vertex -28.0218 12.6123 2
      vertex -28.0218 12.6123 7
    endloop
  endfacet
  facet normal -0.80297 -0.596019 0
    outer loop
      vertex -28.1696 12.8889 2
      vertex -28.2632 13.015 7
      vertex -28.2632 13.015 2
    endloop
  endfacet
  facet normal -0.80297 -0.596019 0
    outer loop
      vertex -28.2632 13.015 7
      vertex -28.1696 12.8889 2
      vertex -28.1696 12.8889 7
    endloop
  endfacet
  facet normal -0.671213 -0.741264 0
    outer loop
      vertex -28.485 13.2368 2
      vertex -28.3686 13.1314 7
      vertex -28.485 13.2368 7
    endloop
  endfacet
  facet normal -0.671213 -0.741264 -0
    outer loop
      vertex -28.3686 13.1314 7
      vertex -28.485 13.2368 2
      vertex -28.3686 13.1314 2
    endloop
  endfacet
  facet normal -0.336982 -0.941511 0
    outer loop
      vertex -29.0355 13.5311 2
      vertex -28.8877 13.4782 7
      vertex -29.0355 13.5311 7
    endloop
  endfacet
  facet normal -0.336982 -0.941511 -0
    outer loop
      vertex -28.8877 13.4782 7
      vertex -29.0355 13.5311 2
      vertex -28.8877 13.4782 2
    endloop
  endfacet
  facet normal 0.671213 -0.741264 0
    outer loop
      vertex -30.6314 13.1314 2
      vertex -30.515 13.2368 7
      vertex -30.6314 13.1314 7
    endloop
  endfacet
  facet normal 0.671213 -0.741264 0
    outer loop
      vertex -30.515 13.2368 7
      vertex -30.6314 13.1314 2
      vertex -30.515 13.2368 2
    endloop
  endfacet
  facet normal 0.243135 0.969993 -0
    outer loop
      vertex -29.8121 10.4307 2
      vertex -29.9645 10.4689 7
      vertex -29.8121 10.4307 7
    endloop
  endfacet
  facet normal 0.243135 0.969993 0
    outer loop
      vertex -29.9645 10.4689 7
      vertex -29.8121 10.4307 2
      vertex -29.9645 10.4689 2
    endloop
  endfacet
  facet normal 0.146502 -0.98921 0
    outer loop
      vertex -29.8121 13.5693 2
      vertex -29.6568 13.5923 7
      vertex -29.8121 13.5693 7
    endloop
  endfacet
  facet normal 0.146502 -0.98921 0
    outer loop
      vertex -29.6568 13.5923 7
      vertex -29.8121 13.5693 2
      vertex -29.6568 13.5923 2
    endloop
  endfacet
  facet normal 0.80297 0.596019 0
    outer loop
      vertex -30.7368 10.985 7
      vertex -30.8304 11.1111 2
      vertex -30.8304 11.1111 7
    endloop
  endfacet
  facet normal 0.80297 0.596019 0
    outer loop
      vertex -30.8304 11.1111 2
      vertex -30.7368 10.985 7
      vertex -30.7368 10.985 2
    endloop
  endfacet
  facet normal 0.741264 0.671213 0
    outer loop
      vertex -30.6314 10.8686 7
      vertex -30.7368 10.985 2
      vertex -30.7368 10.985 7
    endloop
  endfacet
  facet normal 0.741264 0.671213 0
    outer loop
      vertex -30.7368 10.985 2
      vertex -30.6314 10.8686 7
      vertex -30.6314 10.8686 2
    endloop
  endfacet
  facet normal -0.243135 -0.969993 0
    outer loop
      vertex -29.1879 13.5693 2
      vertex -29.0355 13.5311 7
      vertex -29.1879 13.5693 7
    endloop
  endfacet
  facet normal -0.243135 -0.969993 -0
    outer loop
      vertex -29.0355 13.5311 7
      vertex -29.1879 13.5693 2
      vertex -29.0355 13.5311 2
    endloop
  endfacet
  facet normal 0.049048 0.998796 -0
    outer loop
      vertex -29.5 10.4 2
      vertex -29.6568 10.4077 7
      vertex -29.5 10.4 7
    endloop
  endfacet
  facet normal 0.049048 0.998796 0
    outer loop
      vertex -29.6568 10.4077 7
      vertex -29.5 10.4 2
      vertex -29.6568 10.4077 2
    endloop
  endfacet
  facet normal 0.941511 0.336982 0
    outer loop
      vertex -30.9782 11.3877 7
      vertex -31.0311 11.5355 2
      vertex -31.0311 11.5355 7
    endloop
  endfacet
  facet normal 0.941511 0.336982 0
    outer loop
      vertex -31.0311 11.5355 2
      vertex -30.9782 11.3877 7
      vertex -30.9782 11.3877 2
    endloop
  endfacet
  facet normal 0.427484 0.904023 -0
    outer loop
      vertex -30.1123 10.5218 2
      vertex -30.2542 10.5889 7
      vertex -30.1123 10.5218 7
    endloop
  endfacet
  facet normal 0.427484 0.904023 0
    outer loop
      vertex -30.2542 10.5889 7
      vertex -30.1123 10.5218 2
      vertex -30.2542 10.5889 2
    endloop
  endfacet
  facet normal 0.513934 -0.85783 0
    outer loop
      vertex -30.3889 13.3304 2
      vertex -30.2542 13.4111 7
      vertex -30.3889 13.3304 7
    endloop
  endfacet
  facet normal 0.513934 -0.85783 0
    outer loop
      vertex -30.2542 13.4111 7
      vertex -30.3889 13.3304 2
      vertex -30.2542 13.4111 2
    endloop
  endfacet
  facet normal 0.671213 0.741264 -0
    outer loop
      vertex -30.515 10.7632 2
      vertex -30.6314 10.8686 7
      vertex -30.515 10.7632 7
    endloop
  endfacet
  facet normal 0.671213 0.741264 0
    outer loop
      vertex -30.6314 10.8686 7
      vertex -30.515 10.7632 2
      vertex -30.6314 10.8686 2
    endloop
  endfacet
  facet normal -0.336982 0.941511 0
    outer loop
      vertex -28.8877 10.5218 2
      vertex -29.0355 10.4689 7
      vertex -28.8877 10.5218 7
    endloop
  endfacet
  facet normal -0.336982 0.941511 0
    outer loop
      vertex -29.0355 10.4689 7
      vertex -28.8877 10.5218 2
      vertex -29.0355 10.4689 2
    endloop
  endfacet
  facet normal 0.904023 -0.427484 0
    outer loop
      vertex -30.9782 12.6123 7
      vertex -30.9111 12.7542 2
      vertex -30.9111 12.7542 7
    endloop
  endfacet
  facet normal 0.904023 -0.427484 0
    outer loop
      vertex -30.9111 12.7542 2
      vertex -30.9782 12.6123 7
      vertex -30.9782 12.6123 2
    endloop
  endfacet
  facet normal 0.998796 -0.049048 0
    outer loop
      vertex -31.1 12 7
      vertex -31.0923 12.1568 2
      vertex -31.0923 12.1568 7
    endloop
  endfacet
  facet normal 0.998796 -0.049048 0
    outer loop
      vertex -31.0923 12.1568 2
      vertex -31.1 12 7
      vertex -31.1 12 2
    endloop
  endfacet
  facet normal 0.85783 0.513934 0
    outer loop
      vertex -30.8304 11.1111 7
      vertex -30.9111 11.2458 2
      vertex -30.9111 11.2458 7
    endloop
  endfacet
  facet normal 0.85783 0.513934 0
    outer loop
      vertex -30.9111 11.2458 2
      vertex -30.8304 11.1111 7
      vertex -30.8304 11.1111 2
    endloop
  endfacet
  facet normal 0.904023 0.427484 0
    outer loop
      vertex -30.9111 11.2458 7
      vertex -30.9782 11.3877 2
      vertex -30.9782 11.3877 7
    endloop
  endfacet
  facet normal 0.904023 0.427484 0
    outer loop
      vertex -30.9782 11.3877 2
      vertex -30.9111 11.2458 7
      vertex -30.9111 11.2458 2
    endloop
  endfacet
  facet normal -0.85783 0.513934 0
    outer loop
      vertex -28.1696 11.1111 2
      vertex -28.0889 11.2458 7
      vertex -28.0889 11.2458 2
    endloop
  endfacet
  facet normal -0.85783 0.513934 0
    outer loop
      vertex -28.0889 11.2458 7
      vertex -28.1696 11.1111 2
      vertex -28.1696 11.1111 7
    endloop
  endfacet
  facet normal -0.671213 0.741264 0
    outer loop
      vertex -28.3686 10.8686 2
      vertex -28.485 10.7632 7
      vertex -28.3686 10.8686 7
    endloop
  endfacet
  facet normal -0.671213 0.741264 0
    outer loop
      vertex -28.485 10.7632 7
      vertex -28.3686 10.8686 2
      vertex -28.485 10.7632 2
    endloop
  endfacet
  facet normal -0.596019 0.80297 0
    outer loop
      vertex -28.485 10.7632 2
      vertex -28.6111 10.6696 7
      vertex -28.485 10.7632 7
    endloop
  endfacet
  facet normal -0.596019 0.80297 0
    outer loop
      vertex -28.6111 10.6696 7
      vertex -28.485 10.7632 2
      vertex -28.6111 10.6696 2
    endloop
  endfacet
  facet normal -0.989145 -0.146942 0
    outer loop
      vertex -26.4149 12.3039 0.0213881
      vertex -26.4596 12.6048 2
      vertex -26.4596 12.6048 0.0213881
    endloop
  endfacet
  facet normal -0.989145 -0.146942 0
    outer loop
      vertex -26.4596 12.6048 2
      vertex -26.4149 12.3039 0.0213881
      vertex -26.4149 12.3039 2
    endloop
  endfacet
  facet normal -0.9988 -0.0489705 0
    outer loop
      vertex -26.4 12 0.0213881
      vertex -26.4149 12.3039 2
      vertex -26.4149 12.3039 0.0213881
    endloop
  endfacet
  facet normal -0.9988 -0.0489705 0
    outer loop
      vertex -26.4149 12.3039 2
      vertex -26.4 12 0.0213881
      vertex -26.4 12 2
    endloop
  endfacet
  facet normal -0.970046 -0.242922 0
    outer loop
      vertex -26.4596 12.6048 0.0213881
      vertex -26.5335 12.8999 2
      vertex -26.5335 12.8999 0.0213881
    endloop
  endfacet
  facet normal -0.970046 -0.242922 0
    outer loop
      vertex -26.5335 12.8999 2
      vertex -26.4596 12.6048 0.0213881
      vertex -26.4596 12.6048 2
    endloop
  endfacet
  facet normal -0.803027 0.595943 0
    outer loop
      vertex -27.1037 10.0334 0.0213881
      vertex -26.9224 10.2777 2
      vertex -26.9224 10.2777 0.0213881
    endloop
  endfacet
  facet normal -0.803027 0.595943 0
    outer loop
      vertex -26.9224 10.2777 2
      vertex -27.1037 10.0334 0.0213881
      vertex -27.1037 10.0334 2
    endloop
  endfacet
  facet normal -0.0490688 0.998795 0
    outer loop
      vertex -29.1961 8.91493 0.0213881
      vertex -29.5 8.9 2
      vertex -29.1961 8.91493 2
    endloop
  endfacet
  facet normal -0.0490688 0.998795 0
    outer loop
      vertex -29.5 8.9 2
      vertex -29.1961 8.91493 0.0213881
      vertex -29.5 8.9 0.0213881
    endloop
  endfacet
  facet normal -0.514012 0.857783 0
    outer loop
      vertex -27.7777 9.42244 0.0213881
      vertex -28.0387 9.26604 2
      vertex -27.7777 9.42244 2
    endloop
  endfacet
  facet normal -0.514012 0.857783 0
    outer loop
      vertex -28.0387 9.26604 2
      vertex -27.7777 9.42244 0.0213881
      vertex -28.0387 9.26604 0.0213881
    endloop
  endfacet
  facet normal 0.42738 -0.904072 0
    outer loop
      vertex -30.9613 14.734 0.0213881
      vertex -30.6863 14.864 2
      vertex -30.9613 14.734 2
    endloop
  endfacet
  facet normal 0.42738 -0.904072 0
    outer loop
      vertex -30.6863 14.864 2
      vertex -30.9613 14.734 0.0213881
      vertex -30.6863 14.864 0.0213881
    endloop
  endfacet
  facet normal -0.514012 -0.857783 0
    outer loop
      vertex -28.0387 14.734 0.0213881
      vertex -27.7777 14.5776 2
      vertex -28.0387 14.734 2
    endloop
  endfacet
  facet normal -0.514012 -0.857783 -0
    outer loop
      vertex -27.7777 14.5776 2
      vertex -28.0387 14.734 0.0213881
      vertex -27.7777 14.5776 0.0213881
    endloop
  endfacet
  facet normal 0.0489705 -0.9988 0
    outer loop
      vertex -29.8039 15.0851 0.0213881
      vertex -29.5 15.1 2
      vertex -29.8039 15.0851 2
    endloop
  endfacet
  facet normal 0.0489705 -0.9988 0
    outer loop
      vertex -29.5 15.1 2
      vertex -29.8039 15.0851 0.0213881
      vertex -29.5 15.1 0.0213881
    endloop
  endfacet
  facet normal 0.803027 0.595943 0
    outer loop
      vertex -31.8963 10.0334 2
      vertex -32.0776 10.2777 0.0213881
      vertex -32.0776 10.2777 2
    endloop
  endfacet
  facet normal 0.803027 0.595943 0
    outer loop
      vertex -32.0776 10.2777 0.0213881
      vertex -31.8963 10.0334 2
      vertex -31.8963 10.0334 0.0213881
    endloop
  endfacet
  facet normal -0.941519 -0.336961 0
    outer loop
      vertex -26.5335 12.8999 0.0213881
      vertex -26.636 13.1863 2
      vertex -26.636 13.1863 0.0213881
    endloop
  endfacet
  facet normal -0.941519 -0.336961 0
    outer loop
      vertex -26.636 13.1863 2
      vertex -26.5335 12.8999 0.0213881
      vertex -26.5335 12.8999 2
    endloop
  endfacet
  facet normal -0.941519 0.336961 0
    outer loop
      vertex -26.636 10.8137 0.0213881
      vertex -26.5335 11.1001 2
      vertex -26.5335 11.1001 0.0213881
    endloop
  endfacet
  facet normal -0.941519 0.336961 0
    outer loop
      vertex -26.5335 11.1001 2
      vertex -26.636 10.8137 0.0213881
      vertex -26.636 10.8137 2
    endloop
  endfacet
  facet normal 0.857783 0.514012 0
    outer loop
      vertex -32.0776 10.2777 2
      vertex -32.234 10.5387 0.0213881
      vertex -32.234 10.5387 2
    endloop
  endfacet
  facet normal 0.857783 0.514012 0
    outer loop
      vertex -32.234 10.5387 0.0213881
      vertex -32.0776 10.2777 2
      vertex -32.0776 10.2777 0.0213881
    endloop
  endfacet
  facet normal -0.9988 0.0489705 0
    outer loop
      vertex -26.4149 11.6961 0.0213881
      vertex -26.4 12 2
      vertex -26.4 12 0.0213881
    endloop
  endfacet
  facet normal -0.9988 0.0489705 0
    outer loop
      vertex -26.4 12 2
      vertex -26.4149 11.6961 0.0213881
      vertex -26.4149 11.6961 2
    endloop
  endfacet
  facet normal 0.989145 0.146942 0
    outer loop
      vertex -32.5404 11.3952 2
      vertex -32.5851 11.6961 0.0213881
      vertex -32.5851 11.6961 2
    endloop
  endfacet
  facet normal 0.989145 0.146942 0
    outer loop
      vertex -32.5851 11.6961 0.0213881
      vertex -32.5404 11.3952 2
      vertex -32.5404 11.3952 0.0213881
    endloop
  endfacet
  facet normal 0.595943 -0.803027 0
    outer loop
      vertex -31.4666 14.3963 0.0213881
      vertex -31.2223 14.5776 2
      vertex -31.4666 14.3963 2
    endloop
  endfacet
  facet normal 0.595943 -0.803027 0
    outer loop
      vertex -31.2223 14.5776 2
      vertex -31.4666 14.3963 0.0213881
      vertex -31.2223 14.5776 0.0213881
    endloop
  endfacet
  facet normal -0.595943 -0.803027 0
    outer loop
      vertex -27.7777 14.5776 0.0213881
      vertex -27.5334 14.3963 2
      vertex -27.7777 14.5776 2
    endloop
  endfacet
  facet normal -0.595943 -0.803027 -0
    outer loop
      vertex -27.5334 14.3963 2
      vertex -27.7777 14.5776 0.0213881
      vertex -27.5334 14.3963 0.0213881
    endloop
  endfacet
  facet normal -0.74098 0.671527 0
    outer loop
      vertex -27.308 9.80797 0.0213881
      vertex -27.1037 10.0334 2
      vertex -27.1037 10.0334 0.0213881
    endloop
  endfacet
  facet normal -0.74098 0.671527 0
    outer loop
      vertex -27.1037 10.0334 2
      vertex -27.308 9.80797 0.0213881
      vertex -27.308 9.80797 2
    endloop
  endfacet
  facet normal 0.941519 0.336961 0
    outer loop
      vertex -32.364 10.8137 2
      vertex -32.4665 11.1001 0.0213881
      vertex -32.4665 11.1001 2
    endloop
  endfacet
  facet normal 0.941519 0.336961 0
    outer loop
      vertex -32.4665 11.1001 0.0213881
      vertex -32.364 10.8137 2
      vertex -32.364 10.8137 0.0213881
    endloop
  endfacet
  facet normal -0.989145 0.146942 0
    outer loop
      vertex -26.4596 11.3952 0.0213881
      vertex -26.4149 11.6961 2
      vertex -26.4149 11.6961 0.0213881
    endloop
  endfacet
  facet normal -0.989145 0.146942 0
    outer loop
      vertex -26.4149 11.6961 2
      vertex -26.4596 11.3952 0.0213881
      vertex -26.4596 11.3952 2
    endloop
  endfacet
  facet normal 0.857783 -0.514012 0
    outer loop
      vertex -32.234 13.4613 2
      vertex -32.0776 13.7223 0.0213881
      vertex -32.0776 13.7223 2
    endloop
  endfacet
  facet normal 0.857783 -0.514012 0
    outer loop
      vertex -32.0776 13.7223 0.0213881
      vertex -32.234 13.4613 2
      vertex -32.234 13.4613 0.0213881
    endloop
  endfacet
  facet normal -0.970046 0.242922 0
    outer loop
      vertex -26.5335 11.1001 0.0213881
      vertex -26.4596 11.3952 2
      vertex -26.4596 11.3952 0.0213881
    endloop
  endfacet
  facet normal -0.970046 0.242922 0
    outer loop
      vertex -26.4596 11.3952 2
      vertex -26.5335 11.1001 0.0213881
      vertex -26.5335 11.1001 2
    endloop
  endfacet
  facet normal -0.427568 0.903983 0
    outer loop
      vertex -28.0387 9.26604 0.0213881
      vertex -28.3137 9.13597 2
      vertex -28.0387 9.26604 2
    endloop
  endfacet
  facet normal -0.427568 0.903983 0
    outer loop
      vertex -28.3137 9.13597 2
      vertex -28.0387 9.26604 0.0213881
      vertex -28.3137 9.13597 0.0213881
    endloop
  endfacet
  facet normal 0 0 -1
    outer loop
      vertex -27.9 12 2
      vertex -26.4 12 2
      vertex -26.4149 11.6961 2
    endloop
  endfacet
  facet normal 0 0 -1
    outer loop
      vertex -27.9077 11.8432 2
      vertex -26.4149 11.6961 2
      vertex -26.4596 11.3952 2
    endloop
  endfacet
  facet normal 0 0 -1
    outer loop
      vertex -26.4 12 2
      vertex -27.9 12 2
      vertex -26.4149 12.3039 2
    endloop
  endfacet
  facet normal 0 0 -1
    outer loop
      vertex -27.9307 11.6879 2
      vertex -26.4596 11.3952 2
      vertex -26.5335 11.1001 2
    endloop
  endfacet
  facet normal 0 0 -1
    outer loop
      vertex -27.9077 12.1568 2
      vertex -26.4149 12.3039 2
      vertex -27.9 12 2
    endloop
  endfacet
  facet normal 0 0 -1
    outer loop
      vertex -27.9689 11.5355 2
      vertex -26.5335 11.1001 2
      vertex -26.636 10.8137 2
    endloop
  endfacet
  facet normal -0 0 -1
    outer loop
      vertex -26.4149 12.3039 2
      vertex -27.9077 12.1568 2
      vertex -26.4596 12.6048 2
    endloop
  endfacet
  facet normal 0 0 -1
    outer loop
      vertex -28.0218 11.3877 2
      vertex -26.636 10.8137 2
      vertex -26.766 10.5387 2
    endloop
  endfacet
  facet normal 0 0 -1
    outer loop
      vertex -27.9307 12.3121 2
      vertex -26.4596 12.6048 2
      vertex -27.9077 12.1568 2
    endloop
  endfacet
  facet normal 0 0 -1
    outer loop
      vertex -28.0889 11.2458 2
      vertex -26.766 10.5387 2
      vertex -26.9224 10.2777 2
    endloop
  endfacet
  facet normal -0 0 -1
    outer loop
      vertex -26.4596 12.6048 2
      vertex -27.9307 12.3121 2
      vertex -26.5335 12.8999 2
    endloop
  endfacet
  facet normal 0 0 -1
    outer loop
      vertex -28.1696 11.1111 2
      vertex -26.9224 10.2777 2
      vertex -27.1037 10.0334 2
    endloop
  endfacet
  facet normal 0 0 -1
    outer loop
      vertex -27.9689 12.4645 2
      vertex -26.5335 12.8999 2
      vertex -27.9307 12.3121 2
    endloop
  endfacet
  facet normal 0 0 -1
    outer loop
      vertex -28.2632 10.985 2
      vertex -27.1037 10.0334 2
      vertex -27.308 9.80797 2
    endloop
  endfacet
  facet normal -0 0 -1
    outer loop
      vertex -26.5335 12.8999 2
      vertex -27.9689 12.4645 2
      vertex -26.636 13.1863 2
    endloop
  endfacet
  facet normal 0 0 -1
    outer loop
      vertex -28.3686 10.8686 2
      vertex -27.308 9.80797 2
      vertex -27.5334 9.60367 2
    endloop
  endfacet
  facet normal 0 0 -1
    outer loop
      vertex -28.0218 12.6123 2
      vertex -26.636 13.1863 2
      vertex -27.9689 12.4645 2
    endloop
  endfacet
  facet normal 0 0 -1
    outer loop
      vertex -28.485 10.7632 2
      vertex -27.5334 9.60367 2
      vertex -27.7777 9.42244 2
    endloop
  endfacet
  facet normal -0 0 -1
    outer loop
      vertex -26.636 13.1863 2
      vertex -28.0218 12.6123 2
      vertex -26.766 13.4613 2
    endloop
  endfacet
  facet normal 0 0 -1
    outer loop
      vertex -28.0889 12.7542 2
      vertex -26.766 13.4613 2
      vertex -28.0218 12.6123 2
    endloop
  endfacet
  facet normal 0 0 -1
    outer loop
      vertex -26.4149 11.6961 2
      vertex -27.9077 11.8432 2
      vertex -27.9 12 2
    endloop
  endfacet
  facet normal 0 0 -1
    outer loop
      vertex -26.4596 11.3952 2
      vertex -27.9307 11.6879 2
      vertex -27.9077 11.8432 2
    endloop
  endfacet
  facet normal 0 0 -1
    outer loop
      vertex -26.5335 11.1001 2
      vertex -27.9689 11.5355 2
      vertex -27.9307 11.6879 2
    endloop
  endfacet
  facet normal 0 0 -1
    outer loop
      vertex -26.636 10.8137 2
      vertex -28.0218 11.3877 2
      vertex -27.9689 11.5355 2
    endloop
  endfacet
  facet normal 0 0 -1
    outer loop
      vertex -28.6111 10.6696 2
      vertex -27.7777 9.42244 2
      vertex -28.0387 9.26604 2
    endloop
  endfacet
  facet normal 0 0 -1
    outer loop
      vertex -26.766 10.5387 2
      vertex -28.0889 11.2458 2
      vertex -28.0218 11.3877 2
    endloop
  endfacet
  facet normal 0 0 -1
    outer loop
      vertex -26.9224 10.2777 2
      vertex -28.1696 11.1111 2
      vertex -28.0889 11.2458 2
    endloop
  endfacet
  facet normal 0 0 -1
    outer loop
      vertex -27.1037 10.0334 2
      vertex -28.2632 10.985 2
      vertex -28.1696 11.1111 2
    endloop
  endfacet
  facet normal 0 0 -1
    outer loop
      vertex -28.7458 10.5889 2
      vertex -28.0387 9.26604 2
      vertex -28.3137 9.13597 2
    endloop
  endfacet
  facet normal 0 0 -1
    outer loop
      vertex -27.308 9.80797 2
      vertex -28.3686 10.8686 2
      vertex -28.2632 10.985 2
    endloop
  endfacet
  facet normal 0 0 -1
    outer loop
      vertex -27.5334 9.60367 2
      vertex -28.485 10.7632 2
      vertex -28.3686 10.8686 2
    endloop
  endfacet
  facet normal 0 0 -1
    outer loop
      vertex -28.8877 10.5218 2
      vertex -28.3137 9.13597 2
      vertex -28.6001 9.03349 2
    endloop
  endfacet
  facet normal 0 0 -1
    outer loop
      vertex -27.7777 9.42244 2
      vertex -28.6111 10.6696 2
      vertex -28.485 10.7632 2
    endloop
  endfacet
  facet normal 0 0 -1
    outer loop
      vertex -28.0387 9.26604 2
      vertex -28.7458 10.5889 2
      vertex -28.6111 10.6696 2
    endloop
  endfacet
  facet normal 0 0 -1
    outer loop
      vertex -28.3137 9.13597 2
      vertex -28.8877 10.5218 2
      vertex -28.7458 10.5889 2
    endloop
  endfacet
  facet normal 0 0 -1
    outer loop
      vertex -29.0355 10.4689 2
      vertex -28.6001 9.03349 2
      vertex -28.8952 8.95957 2
    endloop
  endfacet
  facet normal 0 0 -1
    outer loop
      vertex -28.6001 9.03349 2
      vertex -29.0355 10.4689 2
      vertex -28.8877 10.5218 2
    endloop
  endfacet
  facet normal 0 0 -1
    outer loop
      vertex -28.8952 8.95957 2
      vertex -29.1879 10.4307 2
      vertex -29.0355 10.4689 2
    endloop
  endfacet
  facet normal 0 0 -1
    outer loop
      vertex -29.1961 8.91493 2
      vertex -29.1879 10.4307 2
      vertex -28.8952 8.95957 2
    endloop
  endfacet
  facet normal 0 0 -1
    outer loop
      vertex -29.1961 8.91493 2
      vertex -29.3432 10.4077 2
      vertex -29.1879 10.4307 2
    endloop
  endfacet
  facet normal 0 0 -1
    outer loop
      vertex -29.5 8.9 2
      vertex -29.3432 10.4077 2
      vertex -29.1961 8.91493 2
    endloop
  endfacet
  facet normal 0 0 -1
    outer loop
      vertex -29.5 8.9 2
      vertex -29.5 10.4 2
      vertex -29.3432 10.4077 2
    endloop
  endfacet
  facet normal 0 0 -1
    outer loop
      vertex -29.5 8.9 2
      vertex -29.6568 10.4077 2
      vertex -29.5 10.4 2
    endloop
  endfacet
  facet normal 0 0 -1
    outer loop
      vertex -29.8039 8.91493 2
      vertex -29.6568 10.4077 2
      vertex -29.5 8.9 2
    endloop
  endfacet
  facet normal 0 0 -1
    outer loop
      vertex -29.8039 8.91493 2
      vertex -29.8121 10.4307 2
      vertex -29.6568 10.4077 2
    endloop
  endfacet
  facet normal 0 0 -1
    outer loop
      vertex -30.1048 8.95957 2
      vertex -29.8121 10.4307 2
      vertex -29.8039 8.91493 2
    endloop
  endfacet
  facet normal -0 0 -1
    outer loop
      vertex -29.8121 10.4307 2
      vertex -30.1048 8.95957 2
      vertex -29.9645 10.4689 2
    endloop
  endfacet
  facet normal 0 0 -1
    outer loop
      vertex -30.3999 9.03349 2
      vertex -29.9645 10.4689 2
      vertex -30.1048 8.95957 2
    endloop
  endfacet
  facet normal -0 0 -1
    outer loop
      vertex -29.9645 10.4689 2
      vertex -30.3999 9.03349 2
      vertex -30.1123 10.5218 2
    endloop
  endfacet
  facet normal 0 0 -1
    outer loop
      vertex -30.6863 9.13597 2
      vertex -30.1123 10.5218 2
      vertex -30.3999 9.03349 2
    endloop
  endfacet
  facet normal -0 0 -1
    outer loop
      vertex -30.1123 10.5218 2
      vertex -30.6863 9.13597 2
      vertex -30.2542 10.5889 2
    endloop
  endfacet
  facet normal 0 0 -1
    outer loop
      vertex -30.9613 9.26604 2
      vertex -30.2542 10.5889 2
      vertex -30.6863 9.13597 2
    endloop
  endfacet
  facet normal -0 0 -1
    outer loop
      vertex -30.2542 10.5889 2
      vertex -30.9613 9.26604 2
      vertex -30.3889 10.6696 2
    endloop
  endfacet
  facet normal 0 0 -1
    outer loop
      vertex -31.2223 9.42244 2
      vertex -30.3889 10.6696 2
      vertex -30.9613 9.26604 2
    endloop
  endfacet
  facet normal -0 0 -1
    outer loop
      vertex -30.3889 10.6696 2
      vertex -31.2223 9.42244 2
      vertex -30.515 10.7632 2
    endloop
  endfacet
  facet normal 0 0 -1
    outer loop
      vertex -31.4666 9.60367 2
      vertex -30.515 10.7632 2
      vertex -31.2223 9.42244 2
    endloop
  endfacet
  facet normal -0 0 -1
    outer loop
      vertex -30.515 10.7632 2
      vertex -31.4666 9.60367 2
      vertex -30.6314 10.8686 2
    endloop
  endfacet
  facet normal 0 0 -1
    outer loop
      vertex -31.692 9.80797 2
      vertex -30.6314 10.8686 2
      vertex -31.4666 9.60367 2
    endloop
  endfacet
  facet normal -0 0 -1
    outer loop
      vertex -30.6314 10.8686 2
      vertex -31.692 9.80797 2
      vertex -30.7368 10.985 2
    endloop
  endfacet
  facet normal 0 0 -1
    outer loop
      vertex -31.8963 10.0334 2
      vertex -30.7368 10.985 2
      vertex -31.692 9.80797 2
    endloop
  endfacet
  facet normal -0 0 -1
    outer loop
      vertex -30.7368 10.985 2
      vertex -31.8963 10.0334 2
      vertex -30.8304 11.1111 2
    endloop
  endfacet
  facet normal 0 0 -1
    outer loop
      vertex -32.0776 10.2777 2
      vertex -30.8304 11.1111 2
      vertex -31.8963 10.0334 2
    endloop
  endfacet
  facet normal 0 0 -1
    outer loop
      vertex -32.234 10.5387 2
      vertex -30.9111 11.2458 2
      vertex -32.0776 10.2777 2
    endloop
  endfacet
  facet normal -0 0 -1
    outer loop
      vertex -30.8304 11.1111 2
      vertex -32.0776 10.2777 2
      vertex -30.9111 11.2458 2
    endloop
  endfacet
  facet normal -0 0 -1
    outer loop
      vertex -26.766 13.4613 2
      vertex -28.0889 12.7542 2
      vertex -26.9224 13.7223 2
    endloop
  endfacet
  facet normal 0 0 -1
    outer loop
      vertex -28.1696 12.8889 2
      vertex -26.9224 13.7223 2
      vertex -28.0889 12.7542 2
    endloop
  endfacet
  facet normal -0 0 -1
    outer loop
      vertex -26.9224 13.7223 2
      vertex -28.1696 12.8889 2
      vertex -27.1037 13.9666 2
    endloop
  endfacet
  facet normal 0 0 -1
    outer loop
      vertex -28.2632 13.015 2
      vertex -27.1037 13.9666 2
      vertex -28.1696 12.8889 2
    endloop
  endfacet
  facet normal -0 0 -1
    outer loop
      vertex -27.1037 13.9666 2
      vertex -28.2632 13.015 2
      vertex -27.308 14.192 2
    endloop
  endfacet
  facet normal 0 0 -1
    outer loop
      vertex -28.3686 13.1314 2
      vertex -27.308 14.192 2
      vertex -28.2632 13.015 2
    endloop
  endfacet
  facet normal -0 0 -1
    outer loop
      vertex -27.308 14.192 2
      vertex -28.3686 13.1314 2
      vertex -27.5334 14.3963 2
    endloop
  endfacet
  facet normal 0 0 -1
    outer loop
      vertex -28.485 13.2368 2
      vertex -27.5334 14.3963 2
      vertex -28.3686 13.1314 2
    endloop
  endfacet
  facet normal -0 0 -1
    outer loop
      vertex -27.5334 14.3963 2
      vertex -28.485 13.2368 2
      vertex -27.7777 14.5776 2
    endloop
  endfacet
  facet normal 0 0 -1
    outer loop
      vertex -28.6111 13.3304 2
      vertex -27.7777 14.5776 2
      vertex -28.485 13.2368 2
    endloop
  endfacet
  facet normal -0 0 -1
    outer loop
      vertex -27.7777 14.5776 2
      vertex -28.6111 13.3304 2
      vertex -28.0387 14.734 2
    endloop
  endfacet
  facet normal 0 0 -1
    outer loop
      vertex -28.7458 13.4111 2
      vertex -28.0387 14.734 2
      vertex -28.6111 13.3304 2
    endloop
  endfacet
  facet normal -0 0 -1
    outer loop
      vertex -28.0387 14.734 2
      vertex -28.7458 13.4111 2
      vertex -28.3137 14.864 2
    endloop
  endfacet
  facet normal 0 0 -1
    outer loop
      vertex -28.8877 13.4782 2
      vertex -28.3137 14.864 2
      vertex -28.7458 13.4111 2
    endloop
  endfacet
  facet normal -0 0 -1
    outer loop
      vertex -28.3137 14.864 2
      vertex -28.8877 13.4782 2
      vertex -28.6001 14.9665 2
    endloop
  endfacet
  facet normal 0 0 -1
    outer loop
      vertex -29.0355 13.5311 2
      vertex -28.6001 14.9665 2
      vertex -28.8877 13.4782 2
    endloop
  endfacet
  facet normal -0 0 -1
    outer loop
      vertex -28.6001 14.9665 2
      vertex -29.0355 13.5311 2
      vertex -28.8952 15.0404 2
    endloop
  endfacet
  facet normal 0 0 -1
    outer loop
      vertex -29.1879 13.5693 2
      vertex -28.8952 15.0404 2
      vertex -29.0355 13.5311 2
    endloop
  endfacet
  facet normal 0 0 -1
    outer loop
      vertex -29.1879 13.5693 2
      vertex -29.1961 15.0851 2
      vertex -28.8952 15.0404 2
    endloop
  endfacet
  facet normal 0 0 -1
    outer loop
      vertex -29.3432 13.5923 2
      vertex -29.1961 15.0851 2
      vertex -29.1879 13.5693 2
    endloop
  endfacet
  facet normal 0 0 -1
    outer loop
      vertex -29.5 13.6 2
      vertex -29.1961 15.0851 2
      vertex -29.3432 13.5923 2
    endloop
  endfacet
  facet normal 0 0 -1
    outer loop
      vertex -29.5 13.6 2
      vertex -29.5 15.1 2
      vertex -29.1961 15.0851 2
    endloop
  endfacet
  facet normal 0 0 -1
    outer loop
      vertex -29.6568 13.5923 2
      vertex -29.5 15.1 2
      vertex -29.5 13.6 2
    endloop
  endfacet
  facet normal 0 0 -1
    outer loop
      vertex -29.6568 13.5923 2
      vertex -29.8039 15.0851 2
      vertex -29.5 15.1 2
    endloop
  endfacet
  facet normal 0 0 -1
    outer loop
      vertex -29.8121 13.5693 2
      vertex -29.8039 15.0851 2
      vertex -29.6568 13.5923 2
    endloop
  endfacet
  facet normal 0 0 -1
    outer loop
      vertex -30.1048 15.0404 2
      vertex -29.8121 13.5693 2
      vertex -29.9645 13.5311 2
    endloop
  endfacet
  facet normal 0 0 -1
    outer loop
      vertex -29.8121 13.5693 2
      vertex -30.1048 15.0404 2
      vertex -29.8039 15.0851 2
    endloop
  endfacet
  facet normal 0 0 -1
    outer loop
      vertex -30.3999 14.9665 2
      vertex -29.9645 13.5311 2
      vertex -30.1123 13.4782 2
    endloop
  endfacet
  facet normal 0 0 -1
    outer loop
      vertex -30.6863 14.864 2
      vertex -30.1123 13.4782 2
      vertex -30.2542 13.4111 2
    endloop
  endfacet
  facet normal 0 0 -1
    outer loop
      vertex -30.9613 14.734 2
      vertex -30.2542 13.4111 2
      vertex -30.3889 13.3304 2
    endloop
  endfacet
  facet normal 0 0 -1
    outer loop
      vertex -29.9645 13.5311 2
      vertex -30.3999 14.9665 2
      vertex -30.1048 15.0404 2
    endloop
  endfacet
  facet normal 0 0 -1
    outer loop
      vertex -31.2223 14.5776 2
      vertex -30.3889 13.3304 2
      vertex -30.515 13.2368 2
    endloop
  endfacet
  facet normal 0 0 -1
    outer loop
      vertex -31.4666 14.3963 2
      vertex -30.515 13.2368 2
      vertex -30.6314 13.1314 2
    endloop
  endfacet
  facet normal 0 0 -1
    outer loop
      vertex -30.1123 13.4782 2
      vertex -30.6863 14.864 2
      vertex -30.3999 14.9665 2
    endloop
  endfacet
  facet normal 0 0 -1
    outer loop
      vertex -31.692 14.192 2
      vertex -30.6314 13.1314 2
      vertex -30.7368 13.015 2
    endloop
  endfacet
  facet normal 0 0 -1
    outer loop
      vertex -31.8963 13.9666 2
      vertex -30.7368 13.015 2
      vertex -30.8304 12.8889 2
    endloop
  endfacet
  facet normal 0 0 -1
    outer loop
      vertex -32.0776 13.7223 2
      vertex -30.8304 12.8889 2
      vertex -30.9111 12.7542 2
    endloop
  endfacet
  facet normal 0 0 -1
    outer loop
      vertex -30.2542 13.4111 2
      vertex -30.9613 14.734 2
      vertex -30.6863 14.864 2
    endloop
  endfacet
  facet normal 0 0 -1
    outer loop
      vertex -32.234 13.4613 2
      vertex -30.9111 12.7542 2
      vertex -30.9782 12.6123 2
    endloop
  endfacet
  facet normal 0 0 -1
    outer loop
      vertex -32.364 13.1863 2
      vertex -30.9782 12.6123 2
      vertex -31.0311 12.4645 2
    endloop
  endfacet
  facet normal 0 0 -1
    outer loop
      vertex -32.4665 12.8999 2
      vertex -31.0311 12.4645 2
      vertex -31.0693 12.3121 2
    endloop
  endfacet
  facet normal 0 0 -1
    outer loop
      vertex -32.5404 12.6048 2
      vertex -31.0693 12.3121 2
      vertex -31.0923 12.1568 2
    endloop
  endfacet
  facet normal 0 0 -1
    outer loop
      vertex -30.3889 13.3304 2
      vertex -31.2223 14.5776 2
      vertex -30.9613 14.734 2
    endloop
  endfacet
  facet normal 0 0 -1
    outer loop
      vertex -32.5851 12.3039 2
      vertex -31.0923 12.1568 2
      vertex -31.1 12 2
    endloop
  endfacet
  facet normal -0 0 -1
    outer loop
      vertex -30.9111 11.2458 2
      vertex -32.234 10.5387 2
      vertex -30.9782 11.3877 2
    endloop
  endfacet
  facet normal 0 0 -1
    outer loop
      vertex -32.364 10.8137 2
      vertex -30.9782 11.3877 2
      vertex -32.234 10.5387 2
    endloop
  endfacet
  facet normal 0 0 -1
    outer loop
      vertex -30.515 13.2368 2
      vertex -31.4666 14.3963 2
      vertex -31.2223 14.5776 2
    endloop
  endfacet
  facet normal -0 0 -1
    outer loop
      vertex -30.9782 11.3877 2
      vertex -32.364 10.8137 2
      vertex -31.0311 11.5355 2
    endloop
  endfacet
  facet normal 0 0 -1
    outer loop
      vertex -30.6314 13.1314 2
      vertex -31.692 14.192 2
      vertex -31.4666 14.3963 2
    endloop
  endfacet
  facet normal 0 0 -1
    outer loop
      vertex -32.4665 11.1001 2
      vertex -31.0311 11.5355 2
      vertex -32.364 10.8137 2
    endloop
  endfacet
  facet normal 0 0 -1
    outer loop
      vertex -30.7368 13.015 2
      vertex -31.8963 13.9666 2
      vertex -31.692 14.192 2
    endloop
  endfacet
  facet normal -0 0 -1
    outer loop
      vertex -31.0311 11.5355 2
      vertex -32.4665 11.1001 2
      vertex -31.0693 11.6879 2
    endloop
  endfacet
  facet normal 0 0 -1
    outer loop
      vertex -30.8304 12.8889 2
      vertex -32.0776 13.7223 2
      vertex -31.8963 13.9666 2
    endloop
  endfacet
  facet normal 0 0 -1
    outer loop
      vertex -32.5404 11.3952 2
      vertex -31.0693 11.6879 2
      vertex -32.4665 11.1001 2
    endloop
  endfacet
  facet normal 0 0 -1
    outer loop
      vertex -30.9111 12.7542 2
      vertex -32.234 13.4613 2
      vertex -32.0776 13.7223 2
    endloop
  endfacet
  facet normal -0 0 -1
    outer loop
      vertex -31.0693 11.6879 2
      vertex -32.5404 11.3952 2
      vertex -31.0923 11.8432 2
    endloop
  endfacet
  facet normal 0 0 -1
    outer loop
      vertex -30.9782 12.6123 2
      vertex -32.364 13.1863 2
      vertex -32.234 13.4613 2
    endloop
  endfacet
  facet normal 0 0 -1
    outer loop
      vertex -32.5851 11.6961 2
      vertex -31.0923 11.8432 2
      vertex -32.5404 11.3952 2
    endloop
  endfacet
  facet normal 0 0 -1
    outer loop
      vertex -31.0311 12.4645 2
      vertex -32.4665 12.8999 2
      vertex -32.364 13.1863 2
    endloop
  endfacet
  facet normal -0 0 -1
    outer loop
      vertex -31.0923 11.8432 2
      vertex -32.5851 11.6961 2
      vertex -31.1 12 2
    endloop
  endfacet
  facet normal 0 0 -1
    outer loop
      vertex -31.0693 12.3121 2
      vertex -32.5404 12.6048 2
      vertex -32.4665 12.8999 2
    endloop
  endfacet
  facet normal 0 0 -1
    outer loop
      vertex -32.6 12 2
      vertex -31.1 12 2
      vertex -32.5851 11.6961 2
    endloop
  endfacet
  facet normal 0 0 -1
    outer loop
      vertex -31.0923 12.1568 2
      vertex -32.5851 12.3039 2
      vertex -32.5404 12.6048 2
    endloop
  endfacet
  facet normal 0 0 -1
    outer loop
      vertex -31.1 12 2
      vertex -32.6 12 2
      vertex -32.5851 12.3039 2
    endloop
  endfacet
  facet normal -0.671576 -0.740936 0
    outer loop
      vertex -27.5334 14.3963 0.0213881
      vertex -27.308 14.192 2
      vertex -27.5334 14.3963 2
    endloop
  endfacet
  facet normal -0.671576 -0.740936 -0
    outer loop
      vertex -27.308 14.192 2
      vertex -27.5334 14.3963 0.0213881
      vertex -27.308 14.192 0.0213881
    endloop
  endfacet
  facet normal 0.336961 -0.941519 0
    outer loop
      vertex -30.6863 14.864 0.0213881
      vertex -30.3999 14.9665 2
      vertex -30.6863 14.864 2
    endloop
  endfacet
  facet normal 0.336961 -0.941519 0
    outer loop
      vertex -30.3999 14.9665 2
      vertex -30.6863 14.864 0.0213881
      vertex -30.3999 14.9665 0.0213881
    endloop
  endfacet
  facet normal -0.42738 -0.904072 0
    outer loop
      vertex -28.3137 14.864 0.0213881
      vertex -28.0387 14.734 2
      vertex -28.3137 14.864 2
    endloop
  endfacet
  facet normal -0.42738 -0.904072 -0
    outer loop
      vertex -28.0387 14.734 2
      vertex -28.3137 14.864 0.0213881
      vertex -28.0387 14.734 0.0213881
    endloop
  endfacet
  facet normal 0.9988 -0.0489705 0
    outer loop
      vertex -32.6 12 2
      vertex -32.5851 12.3039 0.0213881
      vertex -32.5851 12.3039 2
    endloop
  endfacet
  facet normal 0.9988 -0.0489705 0
    outer loop
      vertex -32.5851 12.3039 0.0213881
      vertex -32.6 12 2
      vertex -32.6 12 0.0213881
    endloop
  endfacet
  facet normal -0.803027 -0.595943 0
    outer loop
      vertex -26.9224 13.7223 0.0213881
      vertex -27.1037 13.9666 2
      vertex -27.1037 13.9666 0.0213881
    endloop
  endfacet
  facet normal -0.803027 -0.595943 0
    outer loop
      vertex -27.1037 13.9666 2
      vertex -26.9224 13.7223 0.0213881
      vertex -26.9224 13.7223 2
    endloop
  endfacet
  facet normal -0.0489705 -0.9988 0
    outer loop
      vertex -29.5 15.1 0.0213881
      vertex -29.1961 15.0851 2
      vertex -29.5 15.1 2
    endloop
  endfacet
  facet normal -0.0489705 -0.9988 -0
    outer loop
      vertex -29.1961 15.0851 2
      vertex -29.5 15.1 0.0213881
      vertex -29.1961 15.0851 0.0213881
    endloop
  endfacet
  facet normal 0.671576 -0.740936 0
    outer loop
      vertex -31.692 14.192 0.0213881
      vertex -31.4666 14.3963 2
      vertex -31.692 14.192 2
    endloop
  endfacet
  facet normal 0.671576 -0.740936 0
    outer loop
      vertex -31.4666 14.3963 2
      vertex -31.692 14.192 0.0213881
      vertex -31.4666 14.3963 0.0213881
    endloop
  endfacet
  facet normal -0.336903 0.941539 0
    outer loop
      vertex -28.3137 9.13597 0.0213881
      vertex -28.6001 9.03349 2
      vertex -28.3137 9.13597 2
    endloop
  endfacet
  facet normal -0.336903 0.941539 0
    outer loop
      vertex -28.6001 9.03349 2
      vertex -28.3137 9.13597 0.0213881
      vertex -28.6001 9.03349 0.0213881
    endloop
  endfacet
  facet normal -0.740936 -0.671576 0
    outer loop
      vertex -27.1037 13.9666 0.0213881
      vertex -27.308 14.192 2
      vertex -27.308 14.192 0.0213881
    endloop
  endfacet
  facet normal -0.740936 -0.671576 0
    outer loop
      vertex -27.308 14.192 2
      vertex -27.1037 13.9666 0.0213881
      vertex -27.1037 13.9666 2
    endloop
  endfacet
  facet normal 0.242984 0.97003 -0
    outer loop
      vertex -30.1048 8.95957 0.0213881
      vertex -30.3999 9.03349 2
      vertex -30.1048 8.95957 2
    endloop
  endfacet
  facet normal 0.242984 0.97003 0
    outer loop
      vertex -30.3999 9.03349 2
      vertex -30.1048 8.95957 0.0213881
      vertex -30.3999 9.03349 0.0213881
    endloop
  endfacet
  facet normal -0.904072 -0.42738 0
    outer loop
      vertex -26.636 13.1863 0.0213881
      vertex -26.766 13.4613 2
      vertex -26.766 13.4613 0.0213881
    endloop
  endfacet
  facet normal -0.904072 -0.42738 0
    outer loop
      vertex -26.766 13.4613 2
      vertex -26.636 13.1863 0.0213881
      vertex -26.636 13.1863 2
    endloop
  endfacet
  facet normal -0.857783 0.514012 0
    outer loop
      vertex -26.9224 10.2777 0.0213881
      vertex -26.766 10.5387 2
      vertex -26.766 10.5387 0.0213881
    endloop
  endfacet
  facet normal -0.857783 0.514012 0
    outer loop
      vertex -26.766 10.5387 2
      vertex -26.9224 10.2777 0.0213881
      vertex -26.9224 10.2777 2
    endloop
  endfacet
  facet normal -0.336961 -0.941519 0
    outer loop
      vertex -28.6001 14.9665 0.0213881
      vertex -28.3137 14.864 2
      vertex -28.6001 14.9665 2
    endloop
  endfacet
  facet normal -0.336961 -0.941519 -0
    outer loop
      vertex -28.3137 14.864 2
      vertex -28.6001 14.9665 0.0213881
      vertex -28.3137 14.864 0.0213881
    endloop
  endfacet
  facet normal 0.242922 -0.970046 0
    outer loop
      vertex -30.3999 14.9665 0.0213881
      vertex -30.1048 15.0404 2
      vertex -30.3999 14.9665 2
    endloop
  endfacet
  facet normal 0.242922 -0.970046 0
    outer loop
      vertex -30.1048 15.0404 2
      vertex -30.3999 14.9665 0.0213881
      vertex -30.1048 15.0404 0.0213881
    endloop
  endfacet
  facet normal 0.514012 -0.857783 0
    outer loop
      vertex -31.2223 14.5776 0.0213881
      vertex -30.9613 14.734 2
      vertex -31.2223 14.5776 2
    endloop
  endfacet
  facet normal 0.514012 -0.857783 0
    outer loop
      vertex -30.9613 14.734 2
      vertex -31.2223 14.5776 0.0213881
      vertex -30.9613 14.734 0.0213881
    endloop
  endfacet
  facet normal 0.740936 -0.671576 0
    outer loop
      vertex -31.8963 13.9666 2
      vertex -31.692 14.192 0.0213881
      vertex -31.692 14.192 2
    endloop
  endfacet
  facet normal 0.740936 -0.671576 0
    outer loop
      vertex -31.692 14.192 0.0213881
      vertex -31.8963 13.9666 2
      vertex -31.8963 13.9666 0.0213881
    endloop
  endfacet
  facet normal -0.857783 -0.514012 0
    outer loop
      vertex -26.766 13.4613 0.0213881
      vertex -26.9224 13.7223 2
      vertex -26.9224 13.7223 0.0213881
    endloop
  endfacet
  facet normal -0.857783 -0.514012 0
    outer loop
      vertex -26.9224 13.7223 2
      vertex -26.766 13.4613 0.0213881
      vertex -26.766 13.4613 2
    endloop
  endfacet
  facet normal 0.970046 -0.242922 0
    outer loop
      vertex -32.5404 12.6048 2
      vertex -32.4665 12.8999 0.0213881
      vertex -32.4665 12.8999 2
    endloop
  endfacet
  facet normal 0.970046 -0.242922 0
    outer loop
      vertex -32.4665 12.8999 0.0213881
      vertex -32.5404 12.6048 2
      vertex -32.5404 12.6048 0.0213881
    endloop
  endfacet
  facet normal 0.146942 -0.989145 0
    outer loop
      vertex -30.1048 15.0404 0.0213881
      vertex -29.8039 15.0851 2
      vertex -30.1048 15.0404 2
    endloop
  endfacet
  facet normal 0.146942 -0.989145 0
    outer loop
      vertex -29.8039 15.0851 2
      vertex -30.1048 15.0404 0.0213881
      vertex -29.8039 15.0851 0.0213881
    endloop
  endfacet
  facet normal 0.904072 0.42738 0
    outer loop
      vertex -32.234 10.5387 2
      vertex -32.364 10.8137 0.0213881
      vertex -32.364 10.8137 2
    endloop
  endfacet
  facet normal 0.904072 0.42738 0
    outer loop
      vertex -32.364 10.8137 0.0213881
      vertex -32.234 10.5387 2
      vertex -32.234 10.5387 0.0213881
    endloop
  endfacet
  facet normal -0.146749 0.989174 0
    outer loop
      vertex -28.8952 8.95957 0.0213881
      vertex -29.1961 8.91493 2
      vertex -28.8952 8.95957 2
    endloop
  endfacet
  facet normal -0.146749 0.989174 0
    outer loop
      vertex -29.1961 8.91493 2
      vertex -28.8952 8.95957 0.0213881
      vertex -29.1961 8.91493 0.0213881
    endloop
  endfacet
  facet normal 0.336903 0.941539 -0
    outer loop
      vertex -30.3999 9.03349 0.0213881
      vertex -30.6863 9.13597 2
      vertex -30.3999 9.03349 2
    endloop
  endfacet
  facet normal 0.336903 0.941539 0
    outer loop
      vertex -30.6863 9.13597 2
      vertex -30.3999 9.03349 0.0213881
      vertex -30.6863 9.13597 0.0213881
    endloop
  endfacet
  facet normal 0.671576 0.740936 -0
    outer loop
      vertex -31.4666 9.60367 0.0213881
      vertex -31.692 9.80797 2
      vertex -31.4666 9.60367 2
    endloop
  endfacet
  facet normal 0.671576 0.740936 0
    outer loop
      vertex -31.692 9.80797 2
      vertex -31.4666 9.60367 0.0213881
      vertex -31.692 9.80797 0.0213881
    endloop
  endfacet
  facet normal 0.970046 0.242922 0
    outer loop
      vertex -32.4665 11.1001 2
      vertex -32.5404 11.3952 0.0213881
      vertex -32.5404 11.3952 2
    endloop
  endfacet
  facet normal 0.970046 0.242922 0
    outer loop
      vertex -32.5404 11.3952 0.0213881
      vertex -32.4665 11.1001 2
      vertex -32.4665 11.1001 0.0213881
    endloop
  endfacet
  facet normal -0.242984 0.97003 0
    outer loop
      vertex -28.6001 9.03349 0.0213881
      vertex -28.8952 8.95957 2
      vertex -28.6001 9.03349 2
    endloop
  endfacet
  facet normal -0.242984 0.97003 0
    outer loop
      vertex -28.8952 8.95957 2
      vertex -28.6001 9.03349 0.0213881
      vertex -28.8952 8.95957 0.0213881
    endloop
  endfacet
  facet normal 0.74098 0.671527 0
    outer loop
      vertex -31.692 9.80797 2
      vertex -31.8963 10.0334 0.0213881
      vertex -31.8963 10.0334 2
    endloop
  endfacet
  facet normal 0.74098 0.671527 0
    outer loop
      vertex -31.8963 10.0334 0.0213881
      vertex -31.692 9.80797 2
      vertex -31.692 9.80797 0.0213881
    endloop
  endfacet
  facet normal 0.989145 -0.146942 0
    outer loop
      vertex -32.5851 12.3039 2
      vertex -32.5404 12.6048 0.0213881
      vertex -32.5404 12.6048 2
    endloop
  endfacet
  facet normal 0.989145 -0.146942 0
    outer loop
      vertex -32.5404 12.6048 0.0213881
      vertex -32.5851 12.3039 2
      vertex -32.5851 12.3039 0.0213881
    endloop
  endfacet
  facet normal -0.242922 -0.970046 0
    outer loop
      vertex -28.8952 15.0404 0.0213881
      vertex -28.6001 14.9665 2
      vertex -28.8952 15.0404 2
    endloop
  endfacet
  facet normal -0.242922 -0.970046 -0
    outer loop
      vertex -28.6001 14.9665 2
      vertex -28.8952 15.0404 0.0213881
      vertex -28.6001 14.9665 0.0213881
    endloop
  endfacet
  facet normal 0.9988 0.0489705 0
    outer loop
      vertex -32.5851 11.6961 2
      vertex -32.6 12 0.0213881
      vertex -32.6 12 2
    endloop
  endfacet
  facet normal 0.9988 0.0489705 0
    outer loop
      vertex -32.6 12 0.0213881
      vertex -32.5851 11.6961 2
      vertex -32.5851 11.6961 0.0213881
    endloop
  endfacet
  facet normal 0.941519 -0.336961 0
    outer loop
      vertex -32.4665 12.8999 2
      vertex -32.364 13.1863 0.0213881
      vertex -32.364 13.1863 2
    endloop
  endfacet
  facet normal 0.941519 -0.336961 0
    outer loop
      vertex -32.364 13.1863 0.0213881
      vertex -32.4665 12.8999 2
      vertex -32.4665 12.8999 0.0213881
    endloop
  endfacet
  facet normal -0.595794 0.803137 0
    outer loop
      vertex -27.5334 9.60367 0.0213881
      vertex -27.7777 9.42244 2
      vertex -27.5334 9.60367 2
    endloop
  endfacet
  facet normal -0.595794 0.803137 0
    outer loop
      vertex -27.7777 9.42244 2
      vertex -27.5334 9.60367 0.0213881
      vertex -27.7777 9.42244 0.0213881
    endloop
  endfacet
  facet normal 0.803027 -0.595943 0
    outer loop
      vertex -32.0776 13.7223 2
      vertex -31.8963 13.9666 0.0213881
      vertex -31.8963 13.9666 2
    endloop
  endfacet
  facet normal 0.803027 -0.595943 0
    outer loop
      vertex -31.8963 13.9666 0.0213881
      vertex -32.0776 13.7223 2
      vertex -32.0776 13.7223 0.0213881
    endloop
  endfacet
  facet normal 0.514012 0.857783 -0
    outer loop
      vertex -30.9613 9.26604 0.0213881
      vertex -31.2223 9.42244 2
      vertex -30.9613 9.26604 2
    endloop
  endfacet
  facet normal 0.514012 0.857783 0
    outer loop
      vertex -31.2223 9.42244 2
      vertex -30.9613 9.26604 0.0213881
      vertex -31.2223 9.42244 0.0213881
    endloop
  endfacet
  facet normal 0.595794 0.803137 -0
    outer loop
      vertex -31.2223 9.42244 0.0213881
      vertex -31.4666 9.60367 2
      vertex -31.2223 9.42244 2
    endloop
  endfacet
  facet normal 0.595794 0.803137 0
    outer loop
      vertex -31.4666 9.60367 2
      vertex -31.2223 9.42244 0.0213881
      vertex -31.4666 9.60367 0.0213881
    endloop
  endfacet
  facet normal 0.904072 -0.42738 0
    outer loop
      vertex -32.364 13.1863 2
      vertex -32.234 13.4613 0.0213881
      vertex -32.234 13.4613 2
    endloop
  endfacet
  facet normal 0.904072 -0.42738 0
    outer loop
      vertex -32.234 13.4613 0.0213881
      vertex -32.364 13.1863 2
      vertex -32.364 13.1863 0.0213881
    endloop
  endfacet
  facet normal -0.904072 0.42738 0
    outer loop
      vertex -26.766 10.5387 0.0213881
      vertex -26.636 10.8137 2
      vertex -26.636 10.8137 0.0213881
    endloop
  endfacet
  facet normal -0.904072 0.42738 0
    outer loop
      vertex -26.636 10.8137 2
      vertex -26.766 10.5387 0.0213881
      vertex -26.766 10.5387 2
    endloop
  endfacet
  facet normal 0.0490688 0.998795 -0
    outer loop
      vertex -29.5 8.9 0.0213881
      vertex -29.8039 8.91493 2
      vertex -29.5 8.9 2
    endloop
  endfacet
  facet normal 0.0490688 0.998795 0
    outer loop
      vertex -29.8039 8.91493 2
      vertex -29.5 8.9 0.0213881
      vertex -29.8039 8.91493 0.0213881
    endloop
  endfacet
  facet normal 0.146749 0.989174 -0
    outer loop
      vertex -29.8039 8.91493 0.0213881
      vertex -30.1048 8.95957 2
      vertex -29.8039 8.91493 2
    endloop
  endfacet
  facet normal 0.146749 0.989174 0
    outer loop
      vertex -30.1048 8.95957 2
      vertex -29.8039 8.91493 0.0213881
      vertex -30.1048 8.95957 0.0213881
    endloop
  endfacet
  facet normal -0.671576 0.740936 0
    outer loop
      vertex -27.308 9.80797 0.0213881
      vertex -27.5334 9.60367 2
      vertex -27.308 9.80797 2
    endloop
  endfacet
  facet normal -0.671576 0.740936 0
    outer loop
      vertex -27.5334 9.60367 2
      vertex -27.308 9.80797 0.0213881
      vertex -27.5334 9.60367 0.0213881
    endloop
  endfacet
  facet normal -0.146942 -0.989145 0
    outer loop
      vertex -29.1961 15.0851 0.0213881
      vertex -28.8952 15.0404 2
      vertex -29.1961 15.0851 2
    endloop
  endfacet
  facet normal -0.146942 -0.989145 -0
    outer loop
      vertex -28.8952 15.0404 2
      vertex -29.1961 15.0851 0.0213881
      vertex -28.8952 15.0404 0.0213881
    endloop
  endfacet
  facet normal 0.427568 0.903983 -0
    outer loop
      vertex -30.6863 9.13597 0.0213881
      vertex -30.9613 9.26604 2
      vertex -30.6863 9.13597 2
    endloop
  endfacet
  facet normal 0.427568 0.903983 0
    outer loop
      vertex -30.9613 9.26604 2
      vertex -30.6863 9.13597 0.0213881
      vertex -30.9613 9.26604 0.0213881
    endloop
  endfacet
  facet normal -0.969993 0.243135 0
    outer loop
      vertex -27.9689 73.5355 2
      vertex -27.9307 73.6879 7
      vertex -27.9307 73.6879 2
    endloop
  endfacet
  facet normal -0.969993 0.243135 0
    outer loop
      vertex -27.9307 73.6879 7
      vertex -27.9689 73.5355 2
      vertex -27.9689 73.5355 7
    endloop
  endfacet
  facet normal -0.741264 -0.671213 0
    outer loop
      vertex -28.2632 75.015 2
      vertex -28.3686 75.1314 7
      vertex -28.3686 75.1314 2
    endloop
  endfacet
  facet normal -0.741264 -0.671213 0
    outer loop
      vertex -28.3686 75.1314 7
      vertex -28.2632 75.015 2
      vertex -28.2632 75.015 7
    endloop
  endfacet
  facet normal -0.049048 0.998796 0
    outer loop
      vertex -29.3432 72.4077 2
      vertex -29.5 72.4 7
      vertex -29.3432 72.4077 7
    endloop
  endfacet
  facet normal -0.049048 0.998796 0
    outer loop
      vertex -29.5 72.4 7
      vertex -29.3432 72.4077 2
      vertex -29.5 72.4 2
    endloop
  endfacet
  facet normal 0.049048 -0.998796 0
    outer loop
      vertex -29.6568 75.5923 2
      vertex -29.5 75.6 7
      vertex -29.6568 75.5923 7
    endloop
  endfacet
  facet normal 0.049048 -0.998796 0
    outer loop
      vertex -29.5 75.6 7
      vertex -29.6568 75.5923 2
      vertex -29.5 75.6 2
    endloop
  endfacet
  facet normal 0.969993 -0.243135 0
    outer loop
      vertex -31.0693 74.3121 7
      vertex -31.0311 74.4645 2
      vertex -31.0311 74.4645 7
    endloop
  endfacet
  facet normal 0.969993 -0.243135 0
    outer loop
      vertex -31.0311 74.4645 2
      vertex -31.0693 74.3121 7
      vertex -31.0693 74.3121 2
    endloop
  endfacet
  facet normal 0.741264 -0.671213 0
    outer loop
      vertex -30.7368 75.015 7
      vertex -30.6314 75.1314 2
      vertex -30.6314 75.1314 7
    endloop
  endfacet
  facet normal 0.741264 -0.671213 0
    outer loop
      vertex -30.6314 75.1314 2
      vertex -30.7368 75.015 7
      vertex -30.7368 75.015 2
    endloop
  endfacet
  facet normal -0.904023 0.427484 0
    outer loop
      vertex -28.0889 73.2458 2
      vertex -28.0218 73.3877 7
      vertex -28.0218 73.3877 2
    endloop
  endfacet
  facet normal -0.904023 0.427484 0
    outer loop
      vertex -28.0218 73.3877 7
      vertex -28.0889 73.2458 2
      vertex -28.0889 73.2458 7
    endloop
  endfacet
  facet normal -0.427484 0.904023 0
    outer loop
      vertex -28.7458 72.5889 2
      vertex -28.8877 72.5218 7
      vertex -28.7458 72.5889 7
    endloop
  endfacet
  facet normal -0.427484 0.904023 0
    outer loop
      vertex -28.8877 72.5218 7
      vertex -28.7458 72.5889 2
      vertex -28.8877 72.5218 2
    endloop
  endfacet
  facet normal 0.146502 0.98921 -0
    outer loop
      vertex -29.6568 72.4077 2
      vertex -29.8121 72.4307 7
      vertex -29.6568 72.4077 7
    endloop
  endfacet
  facet normal 0.146502 0.98921 0
    outer loop
      vertex -29.8121 72.4307 7
      vertex -29.6568 72.4077 2
      vertex -29.8121 72.4307 2
    endloop
  endfacet
  facet normal -0.941511 -0.336982 0
    outer loop
      vertex -27.9689 74.4645 2
      vertex -28.0218 74.6123 7
      vertex -28.0218 74.6123 2
    endloop
  endfacet
  facet normal -0.941511 -0.336982 0
    outer loop
      vertex -28.0218 74.6123 7
      vertex -27.9689 74.4645 2
      vertex -27.9689 74.4645 7
    endloop
  endfacet
  facet normal -0.998796 0.049048 0
    outer loop
      vertex -27.9077 73.8432 2
      vertex -27.9 74 7
      vertex -27.9 74 2
    endloop
  endfacet
  facet normal -0.998796 0.049048 0
    outer loop
      vertex -27.9 74 7
      vertex -27.9077 73.8432 2
      vertex -27.9077 73.8432 7
    endloop
  endfacet
  facet normal 0.941511 -0.336982 0
    outer loop
      vertex -31.0311 74.4645 7
      vertex -30.9782 74.6123 2
      vertex -30.9782 74.6123 7
    endloop
  endfacet
  facet normal 0.941511 -0.336982 0
    outer loop
      vertex -30.9782 74.6123 2
      vertex -31.0311 74.4645 7
      vertex -31.0311 74.4645 2
    endloop
  endfacet
  facet normal -0.049048 -0.998796 0
    outer loop
      vertex -29.5 75.6 2
      vertex -29.3432 75.5923 7
      vertex -29.5 75.6 7
    endloop
  endfacet
  facet normal -0.049048 -0.998796 -0
    outer loop
      vertex -29.3432 75.5923 7
      vertex -29.5 75.6 2
      vertex -29.3432 75.5923 2
    endloop
  endfacet
  facet normal -0.513934 -0.85783 0
    outer loop
      vertex -28.7458 75.4111 2
      vertex -28.6111 75.3304 7
      vertex -28.7458 75.4111 7
    endloop
  endfacet
  facet normal -0.513934 -0.85783 -0
    outer loop
      vertex -28.6111 75.3304 7
      vertex -28.7458 75.4111 2
      vertex -28.6111 75.3304 2
    endloop
  endfacet
  facet normal 0.98921 0.146502 0
    outer loop
      vertex -31.0693 73.6879 7
      vertex -31.0923 73.8432 2
      vertex -31.0923 73.8432 7
    endloop
  endfacet
  facet normal 0.98921 0.146502 0
    outer loop
      vertex -31.0923 73.8432 2
      vertex -31.0693 73.6879 7
      vertex -31.0693 73.6879 2
    endloop
  endfacet
  facet normal -0.98921 -0.146502 0
    outer loop
      vertex -27.9077 74.1568 2
      vertex -27.9307 74.3121 7
      vertex -27.9307 74.3121 2
    endloop
  endfacet
  facet normal -0.98921 -0.146502 0
    outer loop
      vertex -27.9307 74.3121 7
      vertex -27.9077 74.1568 2
      vertex -27.9077 74.1568 7
    endloop
  endfacet
  facet normal 0.427484 -0.904023 0
    outer loop
      vertex -30.2542 75.4111 2
      vertex -30.1123 75.4782 7
      vertex -30.2542 75.4111 7
    endloop
  endfacet
  facet normal 0.427484 -0.904023 0
    outer loop
      vertex -30.1123 75.4782 7
      vertex -30.2542 75.4111 2
      vertex -30.1123 75.4782 2
    endloop
  endfacet
  facet normal -0.998796 -0.049048 0
    outer loop
      vertex -27.9 74 2
      vertex -27.9077 74.1568 7
      vertex -27.9077 74.1568 2
    endloop
  endfacet
  facet normal -0.998796 -0.049048 0
    outer loop
      vertex -27.9077 74.1568 7
      vertex -27.9 74 2
      vertex -27.9 74 7
    endloop
  endfacet
  facet normal -0.513934 0.85783 0
    outer loop
      vertex -28.6111 72.6696 2
      vertex -28.7458 72.5889 7
      vertex -28.6111 72.6696 7
    endloop
  endfacet
  facet normal -0.513934 0.85783 0
    outer loop
      vertex -28.7458 72.5889 7
      vertex -28.6111 72.6696 2
      vertex -28.7458 72.5889 2
    endloop
  endfacet
  facet normal -0.741264 0.671213 0
    outer loop
      vertex -28.3686 72.8686 2
      vertex -28.2632 72.985 7
      vertex -28.2632 72.985 2
    endloop
  endfacet
  facet normal -0.741264 0.671213 0
    outer loop
      vertex -28.2632 72.985 7
      vertex -28.3686 72.8686 2
      vertex -28.3686 72.8686 7
    endloop
  endfacet
  facet normal 0.336982 -0.941511 0
    outer loop
      vertex -30.1123 75.4782 2
      vertex -29.9645 75.5311 7
      vertex -30.1123 75.4782 7
    endloop
  endfacet
  facet normal 0.336982 -0.941511 0
    outer loop
      vertex -29.9645 75.5311 7
      vertex -30.1123 75.4782 2
      vertex -29.9645 75.5311 2
    endloop
  endfacet
  facet normal -0.671213 -0.741264 0
    outer loop
      vertex -28.485 75.2368 2
      vertex -28.3686 75.1314 7
      vertex -28.485 75.2368 7
    endloop
  endfacet
  facet normal -0.671213 -0.741264 -0
    outer loop
      vertex -28.3686 75.1314 7
      vertex -28.485 75.2368 2
      vertex -28.3686 75.1314 2
    endloop
  endfacet
  facet normal 0.998796 0.049048 0
    outer loop
      vertex -31.0923 73.8432 7
      vertex -31.1 74 2
      vertex -31.1 74 7
    endloop
  endfacet
  facet normal 0.998796 0.049048 0
    outer loop
      vertex -31.1 74 2
      vertex -31.0923 73.8432 7
      vertex -31.0923 73.8432 2
    endloop
  endfacet
  facet normal 0.85783 -0.513934 0
    outer loop
      vertex -30.9111 74.7542 7
      vertex -30.8304 74.8889 2
      vertex -30.8304 74.8889 7
    endloop
  endfacet
  facet normal 0.85783 -0.513934 0
    outer loop
      vertex -30.8304 74.8889 2
      vertex -30.9111 74.7542 7
      vertex -30.9111 74.7542 2
    endloop
  endfacet
  facet normal -0.941511 0.336982 0
    outer loop
      vertex -28.0218 73.3877 2
      vertex -27.9689 73.5355 7
      vertex -27.9689 73.5355 2
    endloop
  endfacet
  facet normal -0.941511 0.336982 0
    outer loop
      vertex -27.9689 73.5355 7
      vertex -28.0218 73.3877 2
      vertex -28.0218 73.3877 7
    endloop
  endfacet
  facet normal -0.80297 0.596019 0
    outer loop
      vertex -28.2632 72.985 2
      vertex -28.1696 73.1111 7
      vertex -28.1696 73.1111 2
    endloop
  endfacet
  facet normal -0.80297 0.596019 0
    outer loop
      vertex -28.1696 73.1111 7
      vertex -28.2632 72.985 2
      vertex -28.2632 72.985 7
    endloop
  endfacet
  facet normal -0.969993 -0.243135 0
    outer loop
      vertex -27.9307 74.3121 2
      vertex -27.9689 74.4645 7
      vertex -27.9689 74.4645 2
    endloop
  endfacet
  facet normal -0.969993 -0.243135 0
    outer loop
      vertex -27.9689 74.4645 7
      vertex -27.9307 74.3121 2
      vertex -27.9307 74.3121 7
    endloop
  endfacet
  facet normal -0.146502 -0.98921 0
    outer loop
      vertex -29.3432 75.5923 2
      vertex -29.1879 75.5693 7
      vertex -29.3432 75.5923 7
    endloop
  endfacet
  facet normal -0.146502 -0.98921 -0
    outer loop
      vertex -29.1879 75.5693 7
      vertex -29.3432 75.5923 2
      vertex -29.1879 75.5693 2
    endloop
  endfacet
  facet normal -0.596019 0.80297 0
    outer loop
      vertex -28.485 72.7632 2
      vertex -28.6111 72.6696 7
      vertex -28.485 72.7632 7
    endloop
  endfacet
  facet normal -0.596019 0.80297 0
    outer loop
      vertex -28.6111 72.6696 7
      vertex -28.485 72.7632 2
      vertex -28.6111 72.6696 2
    endloop
  endfacet
  facet normal -0.243135 0.969993 0
    outer loop
      vertex -29.0355 72.4689 2
      vertex -29.1879 72.4307 7
      vertex -29.0355 72.4689 7
    endloop
  endfacet
  facet normal -0.243135 0.969993 0
    outer loop
      vertex -29.1879 72.4307 7
      vertex -29.0355 72.4689 2
      vertex -29.1879 72.4307 2
    endloop
  endfacet
  facet normal -0.596019 -0.80297 0
    outer loop
      vertex -28.6111 75.3304 2
      vertex -28.485 75.2368 7
      vertex -28.6111 75.3304 7
    endloop
  endfacet
  facet normal -0.596019 -0.80297 -0
    outer loop
      vertex -28.485 75.2368 7
      vertex -28.6111 75.3304 2
      vertex -28.485 75.2368 2
    endloop
  endfacet
  facet normal 0.243135 -0.969993 0
    outer loop
      vertex -29.9645 75.5311 2
      vertex -29.8121 75.5693 7
      vertex -29.9645 75.5311 7
    endloop
  endfacet
  facet normal 0.243135 -0.969993 0
    outer loop
      vertex -29.8121 75.5693 7
      vertex -29.9645 75.5311 2
      vertex -29.8121 75.5693 2
    endloop
  endfacet
  facet normal 0.596019 0.80297 -0
    outer loop
      vertex -30.3889 72.6696 2
      vertex -30.515 72.7632 7
      vertex -30.3889 72.6696 7
    endloop
  endfacet
  facet normal 0.596019 0.80297 0
    outer loop
      vertex -30.515 72.7632 7
      vertex -30.3889 72.6696 2
      vertex -30.515 72.7632 2
    endloop
  endfacet
  facet normal 0.969993 0.243135 0
    outer loop
      vertex -31.0311 73.5355 7
      vertex -31.0693 73.6879 2
      vertex -31.0693 73.6879 7
    endloop
  endfacet
  facet normal 0.969993 0.243135 0
    outer loop
      vertex -31.0693 73.6879 2
      vertex -31.0311 73.5355 7
      vertex -31.0311 73.5355 2
    endloop
  endfacet
  facet normal -0.427484 -0.904023 0
    outer loop
      vertex -28.8877 75.4782 2
      vertex -28.7458 75.4111 7
      vertex -28.8877 75.4782 7
    endloop
  endfacet
  facet normal -0.427484 -0.904023 -0
    outer loop
      vertex -28.7458 75.4111 7
      vertex -28.8877 75.4782 2
      vertex -28.7458 75.4111 2
    endloop
  endfacet
  facet normal 0.80297 -0.596019 0
    outer loop
      vertex -30.8304 74.8889 7
      vertex -30.7368 75.015 2
      vertex -30.7368 75.015 7
    endloop
  endfacet
  facet normal 0.80297 -0.596019 0
    outer loop
      vertex -30.7368 75.015 2
      vertex -30.8304 74.8889 7
      vertex -30.8304 74.8889 2
    endloop
  endfacet
  facet normal -0.85783 -0.513934 0
    outer loop
      vertex -28.0889 74.7542 2
      vertex -28.1696 74.8889 7
      vertex -28.1696 74.8889 2
    endloop
  endfacet
  facet normal -0.85783 -0.513934 0
    outer loop
      vertex -28.1696 74.8889 7
      vertex -28.0889 74.7542 2
      vertex -28.0889 74.7542 7
    endloop
  endfacet
  facet normal 0.596019 -0.80297 0
    outer loop
      vertex -30.515 75.2368 2
      vertex -30.3889 75.3304 7
      vertex -30.515 75.2368 7
    endloop
  endfacet
  facet normal 0.596019 -0.80297 0
    outer loop
      vertex -30.3889 75.3304 7
      vertex -30.515 75.2368 2
      vertex -30.3889 75.3304 2
    endloop
  endfacet
  facet normal 0.513934 0.85783 -0
    outer loop
      vertex -30.2542 72.5889 2
      vertex -30.3889 72.6696 7
      vertex -30.2542 72.5889 7
    endloop
  endfacet
  facet normal 0.513934 0.85783 0
    outer loop
      vertex -30.3889 72.6696 7
      vertex -30.2542 72.5889 2
      vertex -30.3889 72.6696 2
    endloop
  endfacet
  facet normal -0.146502 0.98921 0
    outer loop
      vertex -29.1879 72.4307 2
      vertex -29.3432 72.4077 7
      vertex -29.1879 72.4307 7
    endloop
  endfacet
  facet normal -0.146502 0.98921 0
    outer loop
      vertex -29.3432 72.4077 7
      vertex -29.1879 72.4307 2
      vertex -29.3432 72.4077 2
    endloop
  endfacet
  facet normal -0.98921 0.146502 0
    outer loop
      vertex -27.9307 73.6879 2
      vertex -27.9077 73.8432 7
      vertex -27.9077 73.8432 2
    endloop
  endfacet
  facet normal -0.98921 0.146502 0
    outer loop
      vertex -27.9077 73.8432 7
      vertex -27.9307 73.6879 2
      vertex -27.9307 73.6879 7
    endloop
  endfacet
  facet normal 0.98921 -0.146502 0
    outer loop
      vertex -31.0923 74.1568 7
      vertex -31.0693 74.3121 2
      vertex -31.0693 74.3121 7
    endloop
  endfacet
  facet normal 0.98921 -0.146502 0
    outer loop
      vertex -31.0693 74.3121 2
      vertex -31.0923 74.1568 7
      vertex -31.0923 74.1568 2
    endloop
  endfacet
  facet normal -0.904023 -0.427484 0
    outer loop
      vertex -28.0218 74.6123 2
      vertex -28.0889 74.7542 7
      vertex -28.0889 74.7542 2
    endloop
  endfacet
  facet normal -0.904023 -0.427484 0
    outer loop
      vertex -28.0889 74.7542 7
      vertex -28.0218 74.6123 2
      vertex -28.0218 74.6123 7
    endloop
  endfacet
  facet normal -0.80297 -0.596019 0
    outer loop
      vertex -28.1696 74.8889 2
      vertex -28.2632 75.015 7
      vertex -28.2632 75.015 2
    endloop
  endfacet
  facet normal -0.80297 -0.596019 0
    outer loop
      vertex -28.2632 75.015 7
      vertex -28.1696 74.8889 2
      vertex -28.1696 74.8889 7
    endloop
  endfacet
  facet normal -0.336982 -0.941511 0
    outer loop
      vertex -29.0355 75.5311 2
      vertex -28.8877 75.4782 7
      vertex -29.0355 75.5311 7
    endloop
  endfacet
  facet normal -0.336982 -0.941511 -0
    outer loop
      vertex -28.8877 75.4782 7
      vertex -29.0355 75.5311 2
      vertex -28.8877 75.4782 2
    endloop
  endfacet
  facet normal 0.671213 -0.741264 0
    outer loop
      vertex -30.6314 75.1314 2
      vertex -30.515 75.2368 7
      vertex -30.6314 75.1314 7
    endloop
  endfacet
  facet normal 0.671213 -0.741264 0
    outer loop
      vertex -30.515 75.2368 7
      vertex -30.6314 75.1314 2
      vertex -30.515 75.2368 2
    endloop
  endfacet
  facet normal 0.243135 0.969993 -0
    outer loop
      vertex -29.8121 72.4307 2
      vertex -29.9645 72.4689 7
      vertex -29.8121 72.4307 7
    endloop
  endfacet
  facet normal 0.243135 0.969993 0
    outer loop
      vertex -29.9645 72.4689 7
      vertex -29.8121 72.4307 2
      vertex -29.9645 72.4689 2
    endloop
  endfacet
  facet normal 0.146502 -0.98921 0
    outer loop
      vertex -29.8121 75.5693 2
      vertex -29.6568 75.5923 7
      vertex -29.8121 75.5693 7
    endloop
  endfacet
  facet normal 0.146502 -0.98921 0
    outer loop
      vertex -29.6568 75.5923 7
      vertex -29.8121 75.5693 2
      vertex -29.6568 75.5923 2
    endloop
  endfacet
  facet normal 0.80297 0.596019 0
    outer loop
      vertex -30.7368 72.985 7
      vertex -30.8304 73.1111 2
      vertex -30.8304 73.1111 7
    endloop
  endfacet
  facet normal 0.80297 0.596019 0
    outer loop
      vertex -30.8304 73.1111 2
      vertex -30.7368 72.985 7
      vertex -30.7368 72.985 2
    endloop
  endfacet
  facet normal 0.741264 0.671213 0
    outer loop
      vertex -30.6314 72.8686 7
      vertex -30.7368 72.985 2
      vertex -30.7368 72.985 7
    endloop
  endfacet
  facet normal 0.741264 0.671213 0
    outer loop
      vertex -30.7368 72.985 2
      vertex -30.6314 72.8686 7
      vertex -30.6314 72.8686 2
    endloop
  endfacet
  facet normal -0.243135 -0.969993 0
    outer loop
      vertex -29.1879 75.5693 2
      vertex -29.0355 75.5311 7
      vertex -29.1879 75.5693 7
    endloop
  endfacet
  facet normal -0.243135 -0.969993 -0
    outer loop
      vertex -29.0355 75.5311 7
      vertex -29.1879 75.5693 2
      vertex -29.0355 75.5311 2
    endloop
  endfacet
  facet normal 0.049048 0.998796 -0
    outer loop
      vertex -29.5 72.4 2
      vertex -29.6568 72.4077 7
      vertex -29.5 72.4 7
    endloop
  endfacet
  facet normal 0.049048 0.998796 0
    outer loop
      vertex -29.6568 72.4077 7
      vertex -29.5 72.4 2
      vertex -29.6568 72.4077 2
    endloop
  endfacet
  facet normal 0.941511 0.336982 0
    outer loop
      vertex -30.9782 73.3877 7
      vertex -31.0311 73.5355 2
      vertex -31.0311 73.5355 7
    endloop
  endfacet
  facet normal 0.941511 0.336982 0
    outer loop
      vertex -31.0311 73.5355 2
      vertex -30.9782 73.3877 7
      vertex -30.9782 73.3877 2
    endloop
  endfacet
  facet normal 0.427484 0.904023 -0
    outer loop
      vertex -30.1123 72.5218 2
      vertex -30.2542 72.5889 7
      vertex -30.1123 72.5218 7
    endloop
  endfacet
  facet normal 0.427484 0.904023 0
    outer loop
      vertex -30.2542 72.5889 7
      vertex -30.1123 72.5218 2
      vertex -30.2542 72.5889 2
    endloop
  endfacet
  facet normal 0.513934 -0.85783 0
    outer loop
      vertex -30.3889 75.3304 2
      vertex -30.2542 75.4111 7
      vertex -30.3889 75.3304 7
    endloop
  endfacet
  facet normal 0.513934 -0.85783 0
    outer loop
      vertex -30.2542 75.4111 7
      vertex -30.3889 75.3304 2
      vertex -30.2542 75.4111 2
    endloop
  endfacet
  facet normal 0.671213 0.741264 -0
    outer loop
      vertex -30.515 72.7632 2
      vertex -30.6314 72.8686 7
      vertex -30.515 72.7632 7
    endloop
  endfacet
  facet normal 0.671213 0.741264 0
    outer loop
      vertex -30.6314 72.8686 7
      vertex -30.515 72.7632 2
      vertex -30.6314 72.8686 2
    endloop
  endfacet
  facet normal -0.336982 0.941511 0
    outer loop
      vertex -28.8877 72.5218 2
      vertex -29.0355 72.4689 7
      vertex -28.8877 72.5218 7
    endloop
  endfacet
  facet normal -0.336982 0.941511 0
    outer loop
      vertex -29.0355 72.4689 7
      vertex -28.8877 72.5218 2
      vertex -29.0355 72.4689 2
    endloop
  endfacet
  facet normal 0.904023 -0.427484 0
    outer loop
      vertex -30.9782 74.6123 7
      vertex -30.9111 74.7542 2
      vertex -30.9111 74.7542 7
    endloop
  endfacet
  facet normal 0.904023 -0.427484 0
    outer loop
      vertex -30.9111 74.7542 2
      vertex -30.9782 74.6123 7
      vertex -30.9782 74.6123 2
    endloop
  endfacet
  facet normal 0.998796 -0.049048 0
    outer loop
      vertex -31.1 74 7
      vertex -31.0923 74.1568 2
      vertex -31.0923 74.1568 7
    endloop
  endfacet
  facet normal 0.998796 -0.049048 0
    outer loop
      vertex -31.0923 74.1568 2
      vertex -31.1 74 7
      vertex -31.1 74 2
    endloop
  endfacet
  facet normal 0.85783 0.513934 0
    outer loop
      vertex -30.8304 73.1111 7
      vertex -30.9111 73.2458 2
      vertex -30.9111 73.2458 7
    endloop
  endfacet
  facet normal 0.85783 0.513934 0
    outer loop
      vertex -30.9111 73.2458 2
      vertex -30.8304 73.1111 7
      vertex -30.8304 73.1111 2
    endloop
  endfacet
  facet normal 0.904023 0.427484 0
    outer loop
      vertex -30.9111 73.2458 7
      vertex -30.9782 73.3877 2
      vertex -30.9782 73.3877 7
    endloop
  endfacet
  facet normal 0.904023 0.427484 0
    outer loop
      vertex -30.9782 73.3877 2
      vertex -30.9111 73.2458 7
      vertex -30.9111 73.2458 2
    endloop
  endfacet
  facet normal 0.336982 0.941511 -0
    outer loop
      vertex -29.9645 72.4689 2
      vertex -30.1123 72.5218 7
      vertex -29.9645 72.4689 7
    endloop
  endfacet
  facet normal 0.336982 0.941511 0
    outer loop
      vertex -30.1123 72.5218 7
      vertex -29.9645 72.4689 2
      vertex -30.1123 72.5218 2
    endloop
  endfacet
  facet normal -0.85783 0.513934 0
    outer loop
      vertex -28.1696 73.1111 2
      vertex -28.0889 73.2458 7
      vertex -28.0889 73.2458 2
    endloop
  endfacet
  facet normal -0.85783 0.513934 0
    outer loop
      vertex -28.0889 73.2458 7
      vertex -28.1696 73.1111 2
      vertex -28.1696 73.1111 7
    endloop
  endfacet
  facet normal -0.671213 0.741264 0
    outer loop
      vertex -28.3686 72.8686 2
      vertex -28.485 72.7632 7
      vertex -28.3686 72.8686 7
    endloop
  endfacet
  facet normal -0.671213 0.741264 0
    outer loop
      vertex -28.485 72.7632 7
      vertex -28.3686 72.8686 2
      vertex -28.485 72.7632 2
    endloop
  endfacet
  facet normal -0.989145 -0.146942 0
    outer loop
      vertex -26.4149 74.3039 0.0213881
      vertex -26.4596 74.6048 2
      vertex -26.4596 74.6048 0.0213881
    endloop
  endfacet
  facet normal -0.989145 -0.146942 0
    outer loop
      vertex -26.4596 74.6048 2
      vertex -26.4149 74.3039 0.0213881
      vertex -26.4149 74.3039 2
    endloop
  endfacet
  facet normal -0.9988 -0.0489705 0
    outer loop
      vertex -26.4 74 0.0213881
      vertex -26.4149 74.3039 2
      vertex -26.4149 74.3039 0.0213881
    endloop
  endfacet
  facet normal -0.9988 -0.0489705 0
    outer loop
      vertex -26.4149 74.3039 2
      vertex -26.4 74 0.0213881
      vertex -26.4 74 2
    endloop
  endfacet
  facet normal -0.970046 -0.242922 0
    outer loop
      vertex -26.4596 74.6048 0.0213881
      vertex -26.5335 74.8999 2
      vertex -26.5335 74.8999 0.0213881
    endloop
  endfacet
  facet normal -0.970046 -0.242922 0
    outer loop
      vertex -26.5335 74.8999 2
      vertex -26.4596 74.6048 0.0213881
      vertex -26.4596 74.6048 2
    endloop
  endfacet
  facet normal -0.803027 0.595943 0
    outer loop
      vertex -27.1037 72.0334 0.0213881
      vertex -26.9224 72.2777 2
      vertex -26.9224 72.2777 0.0213881
    endloop
  endfacet
  facet normal -0.803027 0.595943 0
    outer loop
      vertex -26.9224 72.2777 2
      vertex -27.1037 72.0334 0.0213881
      vertex -27.1037 72.0334 2
    endloop
  endfacet
  facet normal -0.0489705 0.9988 0
    outer loop
      vertex -29.1961 70.9149 0.0213881
      vertex -29.5 70.9 2
      vertex -29.1961 70.9149 2
    endloop
  endfacet
  facet normal -0.0489705 0.9988 0
    outer loop
      vertex -29.5 70.9 2
      vertex -29.1961 70.9149 0.0213881
      vertex -29.5 70.9 0.0213881
    endloop
  endfacet
  facet normal -0.514012 0.857783 0
    outer loop
      vertex -27.7777 71.4224 0.0213881
      vertex -28.0387 71.266 2
      vertex -27.7777 71.4224 2
    endloop
  endfacet
  facet normal -0.514012 0.857783 0
    outer loop
      vertex -28.0387 71.266 2
      vertex -27.7777 71.4224 0.0213881
      vertex -28.0387 71.266 0.0213881
    endloop
  endfacet
  facet normal 0.42738 -0.904072 0
    outer loop
      vertex -30.9613 76.734 0.0213881
      vertex -30.6863 76.864 2
      vertex -30.9613 76.734 2
    endloop
  endfacet
  facet normal 0.42738 -0.904072 0
    outer loop
      vertex -30.6863 76.864 2
      vertex -30.9613 76.734 0.0213881
      vertex -30.6863 76.864 0.0213881
    endloop
  endfacet
  facet normal -0.514012 -0.857783 0
    outer loop
      vertex -28.0387 76.734 0.0213881
      vertex -27.7777 76.5776 2
      vertex -28.0387 76.734 2
    endloop
  endfacet
  facet normal -0.514012 -0.857783 -0
    outer loop
      vertex -27.7777 76.5776 2
      vertex -28.0387 76.734 0.0213881
      vertex -27.7777 76.5776 0.0213881
    endloop
  endfacet
  facet normal 0.0489705 -0.9988 0
    outer loop
      vertex -29.8039 77.0851 0.0213881
      vertex -29.5 77.1 2
      vertex -29.8039 77.0851 2
    endloop
  endfacet
  facet normal 0.0489705 -0.9988 0
    outer loop
      vertex -29.5 77.1 2
      vertex -29.8039 77.0851 0.0213881
      vertex -29.5 77.1 0.0213881
    endloop
  endfacet
  facet normal 0.803027 0.595943 0
    outer loop
      vertex -31.8963 72.0334 2
      vertex -32.0776 72.2777 0.0213881
      vertex -32.0776 72.2777 2
    endloop
  endfacet
  facet normal 0.803027 0.595943 0
    outer loop
      vertex -32.0776 72.2777 0.0213881
      vertex -31.8963 72.0334 2
      vertex -31.8963 72.0334 0.0213881
    endloop
  endfacet
  facet normal -0.941519 -0.336961 0
    outer loop
      vertex -26.5335 74.8999 0.0213881
      vertex -26.636 75.1863 2
      vertex -26.636 75.1863 0.0213881
    endloop
  endfacet
  facet normal -0.941519 -0.336961 0
    outer loop
      vertex -26.636 75.1863 2
      vertex -26.5335 74.8999 0.0213881
      vertex -26.5335 74.8999 2
    endloop
  endfacet
  facet normal -0.941519 0.336961 0
    outer loop
      vertex -26.636 72.8137 0.0213881
      vertex -26.5335 73.1001 2
      vertex -26.5335 73.1001 0.0213881
    endloop
  endfacet
  facet normal -0.941519 0.336961 0
    outer loop
      vertex -26.5335 73.1001 2
      vertex -26.636 72.8137 0.0213881
      vertex -26.636 72.8137 2
    endloop
  endfacet
  facet normal 0.857783 0.514012 0
    outer loop
      vertex -32.0776 72.2777 2
      vertex -32.234 72.5387 0.0213881
      vertex -32.234 72.5387 2
    endloop
  endfacet
  facet normal 0.857783 0.514012 0
    outer loop
      vertex -32.234 72.5387 0.0213881
      vertex -32.0776 72.2777 2
      vertex -32.0776 72.2777 0.0213881
    endloop
  endfacet
  facet normal -0.9988 0.0489705 0
    outer loop
      vertex -26.4149 73.6961 0.0213881
      vertex -26.4 74 2
      vertex -26.4 74 0.0213881
    endloop
  endfacet
  facet normal -0.9988 0.0489705 0
    outer loop
      vertex -26.4 74 2
      vertex -26.4149 73.6961 0.0213881
      vertex -26.4149 73.6961 2
    endloop
  endfacet
  facet normal 0.989145 0.146942 0
    outer loop
      vertex -32.5404 73.3952 2
      vertex -32.5851 73.6961 0.0213881
      vertex -32.5851 73.6961 2
    endloop
  endfacet
  facet normal 0.989145 0.146942 0
    outer loop
      vertex -32.5851 73.6961 0.0213881
      vertex -32.5404 73.3952 2
      vertex -32.5404 73.3952 0.0213881
    endloop
  endfacet
  facet normal 0.595943 -0.803027 0
    outer loop
      vertex -31.4666 76.3963 0.0213881
      vertex -31.2223 76.5776 2
      vertex -31.4666 76.3963 2
    endloop
  endfacet
  facet normal 0.595943 -0.803027 0
    outer loop
      vertex -31.2223 76.5776 2
      vertex -31.4666 76.3963 0.0213881
      vertex -31.2223 76.5776 0.0213881
    endloop
  endfacet
  facet normal -0.595943 -0.803027 0
    outer loop
      vertex -27.7777 76.5776 0.0213881
      vertex -27.5334 76.3963 2
      vertex -27.7777 76.5776 2
    endloop
  endfacet
  facet normal -0.595943 -0.803027 -0
    outer loop
      vertex -27.5334 76.3963 2
      vertex -27.7777 76.5776 0.0213881
      vertex -27.5334 76.3963 0.0213881
    endloop
  endfacet
  facet normal -0.740936 0.671576 0
    outer loop
      vertex -27.308 71.808 0.0213881
      vertex -27.1037 72.0334 2
      vertex -27.1037 72.0334 0.0213881
    endloop
  endfacet
  facet normal -0.740936 0.671576 0
    outer loop
      vertex -27.1037 72.0334 2
      vertex -27.308 71.808 0.0213881
      vertex -27.308 71.808 2
    endloop
  endfacet
  facet normal 0.941519 0.336961 0
    outer loop
      vertex -32.364 72.8137 2
      vertex -32.4665 73.1001 0.0213881
      vertex -32.4665 73.1001 2
    endloop
  endfacet
  facet normal 0.941519 0.336961 0
    outer loop
      vertex -32.4665 73.1001 0.0213881
      vertex -32.364 72.8137 2
      vertex -32.364 72.8137 0.0213881
    endloop
  endfacet
  facet normal -0.989145 0.146942 0
    outer loop
      vertex -26.4596 73.3952 0.0213881
      vertex -26.4149 73.6961 2
      vertex -26.4149 73.6961 0.0213881
    endloop
  endfacet
  facet normal -0.989145 0.146942 0
    outer loop
      vertex -26.4149 73.6961 2
      vertex -26.4596 73.3952 0.0213881
      vertex -26.4596 73.3952 2
    endloop
  endfacet
  facet normal 0.857783 -0.514012 0
    outer loop
      vertex -32.234 75.4613 2
      vertex -32.0776 75.7223 0.0213881
      vertex -32.0776 75.7223 2
    endloop
  endfacet
  facet normal 0.857783 -0.514012 0
    outer loop
      vertex -32.0776 75.7223 0.0213881
      vertex -32.234 75.4613 2
      vertex -32.234 75.4613 0.0213881
    endloop
  endfacet
  facet normal -0.970046 0.242922 0
    outer loop
      vertex -26.5335 73.1001 0.0213881
      vertex -26.4596 73.3952 2
      vertex -26.4596 73.3952 0.0213881
    endloop
  endfacet
  facet normal -0.970046 0.242922 0
    outer loop
      vertex -26.4596 73.3952 2
      vertex -26.5335 73.1001 0.0213881
      vertex -26.5335 73.1001 2
    endloop
  endfacet
  facet normal -0.42738 0.904072 0
    outer loop
      vertex -28.0387 71.266 0.0213881
      vertex -28.3137 71.136 2
      vertex -28.0387 71.266 2
    endloop
  endfacet
  facet normal -0.42738 0.904072 0
    outer loop
      vertex -28.3137 71.136 2
      vertex -28.0387 71.266 0.0213881
      vertex -28.3137 71.136 0.0213881
    endloop
  endfacet
  facet normal 0 0 -1
    outer loop
      vertex -27.9 74 2
      vertex -26.4 74 2
      vertex -26.4149 73.6961 2
    endloop
  endfacet
  facet normal 0 0 -1
    outer loop
      vertex -27.9077 73.8432 2
      vertex -26.4149 73.6961 2
      vertex -26.4596 73.3952 2
    endloop
  endfacet
  facet normal 0 0 -1
    outer loop
      vertex -26.4 74 2
      vertex -27.9 74 2
      vertex -26.4149 74.3039 2
    endloop
  endfacet
  facet normal 0 0 -1
    outer loop
      vertex -27.9307 73.6879 2
      vertex -26.4596 73.3952 2
      vertex -26.5335 73.1001 2
    endloop
  endfacet
  facet normal 0 0 -1
    outer loop
      vertex -27.9077 74.1568 2
      vertex -26.4149 74.3039 2
      vertex -27.9 74 2
    endloop
  endfacet
  facet normal 0 0 -1
    outer loop
      vertex -27.9689 73.5355 2
      vertex -26.5335 73.1001 2
      vertex -26.636 72.8137 2
    endloop
  endfacet
  facet normal -0 0 -1
    outer loop
      vertex -26.4149 74.3039 2
      vertex -27.9077 74.1568 2
      vertex -26.4596 74.6048 2
    endloop
  endfacet
  facet normal 0 0 -1
    outer loop
      vertex -28.0218 73.3877 2
      vertex -26.636 72.8137 2
      vertex -26.766 72.5387 2
    endloop
  endfacet
  facet normal 0 0 -1
    outer loop
      vertex -27.9307 74.3121 2
      vertex -26.4596 74.6048 2
      vertex -27.9077 74.1568 2
    endloop
  endfacet
  facet normal 0 0 -1
    outer loop
      vertex -28.0889 73.2458 2
      vertex -26.766 72.5387 2
      vertex -26.9224 72.2777 2
    endloop
  endfacet
  facet normal -0 0 -1
    outer loop
      vertex -26.4596 74.6048 2
      vertex -27.9307 74.3121 2
      vertex -26.5335 74.8999 2
    endloop
  endfacet
  facet normal 0 0 -1
    outer loop
      vertex -28.1696 73.1111 2
      vertex -26.9224 72.2777 2
      vertex -27.1037 72.0334 2
    endloop
  endfacet
  facet normal 0 0 -1
    outer loop
      vertex -27.9689 74.4645 2
      vertex -26.5335 74.8999 2
      vertex -27.9307 74.3121 2
    endloop
  endfacet
  facet normal 0 0 -1
    outer loop
      vertex -28.2632 72.985 2
      vertex -27.1037 72.0334 2
      vertex -27.308 71.808 2
    endloop
  endfacet
  facet normal -0 0 -1
    outer loop
      vertex -26.5335 74.8999 2
      vertex -27.9689 74.4645 2
      vertex -26.636 75.1863 2
    endloop
  endfacet
  facet normal 0 0 -1
    outer loop
      vertex -28.3686 72.8686 2
      vertex -27.308 71.808 2
      vertex -27.5334 71.6037 2
    endloop
  endfacet
  facet normal 0 0 -1
    outer loop
      vertex -28.0218 74.6123 2
      vertex -26.636 75.1863 2
      vertex -27.9689 74.4645 2
    endloop
  endfacet
  facet normal 0 0 -1
    outer loop
      vertex -28.485 72.7632 2
      vertex -27.5334 71.6037 2
      vertex -27.7777 71.4224 2
    endloop
  endfacet
  facet normal -0 0 -1
    outer loop
      vertex -26.636 75.1863 2
      vertex -28.0218 74.6123 2
      vertex -26.766 75.4613 2
    endloop
  endfacet
  facet normal 0 0 -1
    outer loop
      vertex -28.0889 74.7542 2
      vertex -26.766 75.4613 2
      vertex -28.0218 74.6123 2
    endloop
  endfacet
  facet normal 0 0 -1
    outer loop
      vertex -26.4149 73.6961 2
      vertex -27.9077 73.8432 2
      vertex -27.9 74 2
    endloop
  endfacet
  facet normal 0 0 -1
    outer loop
      vertex -26.4596 73.3952 2
      vertex -27.9307 73.6879 2
      vertex -27.9077 73.8432 2
    endloop
  endfacet
  facet normal 0 0 -1
    outer loop
      vertex -26.5335 73.1001 2
      vertex -27.9689 73.5355 2
      vertex -27.9307 73.6879 2
    endloop
  endfacet
  facet normal 0 0 -1
    outer loop
      vertex -26.636 72.8137 2
      vertex -28.0218 73.3877 2
      vertex -27.9689 73.5355 2
    endloop
  endfacet
  facet normal 0 0 -1
    outer loop
      vertex -28.6111 72.6696 2
      vertex -27.7777 71.4224 2
      vertex -28.0387 71.266 2
    endloop
  endfacet
  facet normal 0 0 -1
    outer loop
      vertex -26.766 72.5387 2
      vertex -28.0889 73.2458 2
      vertex -28.0218 73.3877 2
    endloop
  endfacet
  facet normal 0 0 -1
    outer loop
      vertex -26.9224 72.2777 2
      vertex -28.1696 73.1111 2
      vertex -28.0889 73.2458 2
    endloop
  endfacet
  facet normal 0 0 -1
    outer loop
      vertex -27.1037 72.0334 2
      vertex -28.2632 72.985 2
      vertex -28.1696 73.1111 2
    endloop
  endfacet
  facet normal 0 0 -1
    outer loop
      vertex -28.7458 72.5889 2
      vertex -28.0387 71.266 2
      vertex -28.3137 71.136 2
    endloop
  endfacet
  facet normal 0 0 -1
    outer loop
      vertex -27.308 71.808 2
      vertex -28.3686 72.8686 2
      vertex -28.2632 72.985 2
    endloop
  endfacet
  facet normal 0 0 -1
    outer loop
      vertex -27.5334 71.6037 2
      vertex -28.485 72.7632 2
      vertex -28.3686 72.8686 2
    endloop
  endfacet
  facet normal 0 0 -1
    outer loop
      vertex -28.8877 72.5218 2
      vertex -28.3137 71.136 2
      vertex -28.6001 71.0335 2
    endloop
  endfacet
  facet normal 0 0 -1
    outer loop
      vertex -27.7777 71.4224 2
      vertex -28.6111 72.6696 2
      vertex -28.485 72.7632 2
    endloop
  endfacet
  facet normal 0 0 -1
    outer loop
      vertex -28.0387 71.266 2
      vertex -28.7458 72.5889 2
      vertex -28.6111 72.6696 2
    endloop
  endfacet
  facet normal 0 0 -1
    outer loop
      vertex -28.3137 71.136 2
      vertex -28.8877 72.5218 2
      vertex -28.7458 72.5889 2
    endloop
  endfacet
  facet normal 0 0 -1
    outer loop
      vertex -29.0355 72.4689 2
      vertex -28.6001 71.0335 2
      vertex -28.8952 70.9596 2
    endloop
  endfacet
  facet normal 0 0 -1
    outer loop
      vertex -28.6001 71.0335 2
      vertex -29.0355 72.4689 2
      vertex -28.8877 72.5218 2
    endloop
  endfacet
  facet normal 0 0 -1
    outer loop
      vertex -28.8952 70.9596 2
      vertex -29.1879 72.4307 2
      vertex -29.0355 72.4689 2
    endloop
  endfacet
  facet normal 0 0 -1
    outer loop
      vertex -29.1961 70.9149 2
      vertex -29.1879 72.4307 2
      vertex -28.8952 70.9596 2
    endloop
  endfacet
  facet normal 0 0 -1
    outer loop
      vertex -29.1961 70.9149 2
      vertex -29.3432 72.4077 2
      vertex -29.1879 72.4307 2
    endloop
  endfacet
  facet normal 0 0 -1
    outer loop
      vertex -29.5 70.9 2
      vertex -29.3432 72.4077 2
      vertex -29.1961 70.9149 2
    endloop
  endfacet
  facet normal 0 0 -1
    outer loop
      vertex -29.5 70.9 2
      vertex -29.5 72.4 2
      vertex -29.3432 72.4077 2
    endloop
  endfacet
  facet normal 0 0 -1
    outer loop
      vertex -29.5 70.9 2
      vertex -29.6568 72.4077 2
      vertex -29.5 72.4 2
    endloop
  endfacet
  facet normal 0 0 -1
    outer loop
      vertex -29.8039 70.9149 2
      vertex -29.6568 72.4077 2
      vertex -29.5 70.9 2
    endloop
  endfacet
  facet normal 0 0 -1
    outer loop
      vertex -29.8039 70.9149 2
      vertex -29.8121 72.4307 2
      vertex -29.6568 72.4077 2
    endloop
  endfacet
  facet normal 0 0 -1
    outer loop
      vertex -30.1048 70.9596 2
      vertex -29.8121 72.4307 2
      vertex -29.8039 70.9149 2
    endloop
  endfacet
  facet normal -0 0 -1
    outer loop
      vertex -29.8121 72.4307 2
      vertex -30.1048 70.9596 2
      vertex -29.9645 72.4689 2
    endloop
  endfacet
  facet normal 0 0 -1
    outer loop
      vertex -30.3999 71.0335 2
      vertex -29.9645 72.4689 2
      vertex -30.1048 70.9596 2
    endloop
  endfacet
  facet normal -0 0 -1
    outer loop
      vertex -29.9645 72.4689 2
      vertex -30.3999 71.0335 2
      vertex -30.1123 72.5218 2
    endloop
  endfacet
  facet normal 0 0 -1
    outer loop
      vertex -30.6863 71.136 2
      vertex -30.1123 72.5218 2
      vertex -30.3999 71.0335 2
    endloop
  endfacet
  facet normal -0 0 -1
    outer loop
      vertex -30.1123 72.5218 2
      vertex -30.6863 71.136 2
      vertex -30.2542 72.5889 2
    endloop
  endfacet
  facet normal 0 0 -1
    outer loop
      vertex -30.9613 71.266 2
      vertex -30.2542 72.5889 2
      vertex -30.6863 71.136 2
    endloop
  endfacet
  facet normal -0 0 -1
    outer loop
      vertex -30.2542 72.5889 2
      vertex -30.9613 71.266 2
      vertex -30.3889 72.6696 2
    endloop
  endfacet
  facet normal 0 0 -1
    outer loop
      vertex -31.2223 71.4224 2
      vertex -30.3889 72.6696 2
      vertex -30.9613 71.266 2
    endloop
  endfacet
  facet normal -0 0 -1
    outer loop
      vertex -30.3889 72.6696 2
      vertex -31.2223 71.4224 2
      vertex -30.515 72.7632 2
    endloop
  endfacet
  facet normal 0 0 -1
    outer loop
      vertex -31.4666 71.6037 2
      vertex -30.515 72.7632 2
      vertex -31.2223 71.4224 2
    endloop
  endfacet
  facet normal -0 0 -1
    outer loop
      vertex -30.515 72.7632 2
      vertex -31.4666 71.6037 2
      vertex -30.6314 72.8686 2
    endloop
  endfacet
  facet normal 0 0 -1
    outer loop
      vertex -31.692 71.808 2
      vertex -30.6314 72.8686 2
      vertex -31.4666 71.6037 2
    endloop
  endfacet
  facet normal -0 0 -1
    outer loop
      vertex -30.6314 72.8686 2
      vertex -31.692 71.808 2
      vertex -30.7368 72.985 2
    endloop
  endfacet
  facet normal 0 0 -1
    outer loop
      vertex -31.8963 72.0334 2
      vertex -30.7368 72.985 2
      vertex -31.692 71.808 2
    endloop
  endfacet
  facet normal -0 0 -1
    outer loop
      vertex -30.7368 72.985 2
      vertex -31.8963 72.0334 2
      vertex -30.8304 73.1111 2
    endloop
  endfacet
  facet normal 0 0 -1
    outer loop
      vertex -32.0776 72.2777 2
      vertex -30.8304 73.1111 2
      vertex -31.8963 72.0334 2
    endloop
  endfacet
  facet normal 0 0 -1
    outer loop
      vertex -32.234 72.5387 2
      vertex -30.9111 73.2458 2
      vertex -32.0776 72.2777 2
    endloop
  endfacet
  facet normal -0 0 -1
    outer loop
      vertex -30.8304 73.1111 2
      vertex -32.0776 72.2777 2
      vertex -30.9111 73.2458 2
    endloop
  endfacet
  facet normal -0 0 -1
    outer loop
      vertex -26.766 75.4613 2
      vertex -28.0889 74.7542 2
      vertex -26.9224 75.7223 2
    endloop
  endfacet
  facet normal 0 0 -1
    outer loop
      vertex -28.1696 74.8889 2
      vertex -26.9224 75.7223 2
      vertex -28.0889 74.7542 2
    endloop
  endfacet
  facet normal -0 0 -1
    outer loop
      vertex -26.9224 75.7223 2
      vertex -28.1696 74.8889 2
      vertex -27.1037 75.9666 2
    endloop
  endfacet
  facet normal 0 0 -1
    outer loop
      vertex -28.2632 75.015 2
      vertex -27.1037 75.9666 2
      vertex -28.1696 74.8889 2
    endloop
  endfacet
  facet normal -0 0 -1
    outer loop
      vertex -27.1037 75.9666 2
      vertex -28.2632 75.015 2
      vertex -27.308 76.192 2
    endloop
  endfacet
  facet normal 0 0 -1
    outer loop
      vertex -28.3686 75.1314 2
      vertex -27.308 76.192 2
      vertex -28.2632 75.015 2
    endloop
  endfacet
  facet normal -0 0 -1
    outer loop
      vertex -27.308 76.192 2
      vertex -28.3686 75.1314 2
      vertex -27.5334 76.3963 2
    endloop
  endfacet
  facet normal 0 0 -1
    outer loop
      vertex -28.485 75.2368 2
      vertex -27.5334 76.3963 2
      vertex -28.3686 75.1314 2
    endloop
  endfacet
  facet normal -0 0 -1
    outer loop
      vertex -27.5334 76.3963 2
      vertex -28.485 75.2368 2
      vertex -27.7777 76.5776 2
    endloop
  endfacet
  facet normal 0 0 -1
    outer loop
      vertex -28.6111 75.3304 2
      vertex -27.7777 76.5776 2
      vertex -28.485 75.2368 2
    endloop
  endfacet
  facet normal -0 0 -1
    outer loop
      vertex -27.7777 76.5776 2
      vertex -28.6111 75.3304 2
      vertex -28.0387 76.734 2
    endloop
  endfacet
  facet normal 0 0 -1
    outer loop
      vertex -28.7458 75.4111 2
      vertex -28.0387 76.734 2
      vertex -28.6111 75.3304 2
    endloop
  endfacet
  facet normal -0 0 -1
    outer loop
      vertex -28.0387 76.734 2
      vertex -28.7458 75.4111 2
      vertex -28.3137 76.864 2
    endloop
  endfacet
  facet normal 0 0 -1
    outer loop
      vertex -28.8877 75.4782 2
      vertex -28.3137 76.864 2
      vertex -28.7458 75.4111 2
    endloop
  endfacet
  facet normal -0 0 -1
    outer loop
      vertex -28.3137 76.864 2
      vertex -28.8877 75.4782 2
      vertex -28.6001 76.9665 2
    endloop
  endfacet
  facet normal 0 0 -1
    outer loop
      vertex -29.0355 75.5311 2
      vertex -28.6001 76.9665 2
      vertex -28.8877 75.4782 2
    endloop
  endfacet
  facet normal -0 0 -1
    outer loop
      vertex -28.6001 76.9665 2
      vertex -29.0355 75.5311 2
      vertex -28.8952 77.0404 2
    endloop
  endfacet
  facet normal 0 0 -1
    outer loop
      vertex -29.1879 75.5693 2
      vertex -28.8952 77.0404 2
      vertex -29.0355 75.5311 2
    endloop
  endfacet
  facet normal 0 0 -1
    outer loop
      vertex -29.1879 75.5693 2
      vertex -29.1961 77.0851 2
      vertex -28.8952 77.0404 2
    endloop
  endfacet
  facet normal 0 0 -1
    outer loop
      vertex -29.3432 75.5923 2
      vertex -29.1961 77.0851 2
      vertex -29.1879 75.5693 2
    endloop
  endfacet
  facet normal 0 0 -1
    outer loop
      vertex -29.5 75.6 2
      vertex -29.1961 77.0851 2
      vertex -29.3432 75.5923 2
    endloop
  endfacet
  facet normal 0 0 -1
    outer loop
      vertex -29.5 75.6 2
      vertex -29.5 77.1 2
      vertex -29.1961 77.0851 2
    endloop
  endfacet
  facet normal 0 0 -1
    outer loop
      vertex -29.6568 75.5923 2
      vertex -29.5 77.1 2
      vertex -29.5 75.6 2
    endloop
  endfacet
  facet normal 0 0 -1
    outer loop
      vertex -29.6568 75.5923 2
      vertex -29.8039 77.0851 2
      vertex -29.5 77.1 2
    endloop
  endfacet
  facet normal 0 0 -1
    outer loop
      vertex -29.8121 75.5693 2
      vertex -29.8039 77.0851 2
      vertex -29.6568 75.5923 2
    endloop
  endfacet
  facet normal 0 0 -1
    outer loop
      vertex -30.1048 77.0404 2
      vertex -29.8121 75.5693 2
      vertex -29.9645 75.5311 2
    endloop
  endfacet
  facet normal 0 0 -1
    outer loop
      vertex -29.8121 75.5693 2
      vertex -30.1048 77.0404 2
      vertex -29.8039 77.0851 2
    endloop
  endfacet
  facet normal 0 0 -1
    outer loop
      vertex -30.3999 76.9665 2
      vertex -29.9645 75.5311 2
      vertex -30.1123 75.4782 2
    endloop
  endfacet
  facet normal 0 0 -1
    outer loop
      vertex -30.6863 76.864 2
      vertex -30.1123 75.4782 2
      vertex -30.2542 75.4111 2
    endloop
  endfacet
  facet normal 0 0 -1
    outer loop
      vertex -30.9613 76.734 2
      vertex -30.2542 75.4111 2
      vertex -30.3889 75.3304 2
    endloop
  endfacet
  facet normal 0 0 -1
    outer loop
      vertex -29.9645 75.5311 2
      vertex -30.3999 76.9665 2
      vertex -30.1048 77.0404 2
    endloop
  endfacet
  facet normal 0 0 -1
    outer loop
      vertex -31.2223 76.5776 2
      vertex -30.3889 75.3304 2
      vertex -30.515 75.2368 2
    endloop
  endfacet
  facet normal 0 0 -1
    outer loop
      vertex -31.4666 76.3963 2
      vertex -30.515 75.2368 2
      vertex -30.6314 75.1314 2
    endloop
  endfacet
  facet normal 0 0 -1
    outer loop
      vertex -30.1123 75.4782 2
      vertex -30.6863 76.864 2
      vertex -30.3999 76.9665 2
    endloop
  endfacet
  facet normal 0 0 -1
    outer loop
      vertex -31.692 76.192 2
      vertex -30.6314 75.1314 2
      vertex -30.7368 75.015 2
    endloop
  endfacet
  facet normal 0 0 -1
    outer loop
      vertex -31.8963 75.9666 2
      vertex -30.7368 75.015 2
      vertex -30.8304 74.8889 2
    endloop
  endfacet
  facet normal 0 0 -1
    outer loop
      vertex -32.0776 75.7223 2
      vertex -30.8304 74.8889 2
      vertex -30.9111 74.7542 2
    endloop
  endfacet
  facet normal 0 0 -1
    outer loop
      vertex -30.2542 75.4111 2
      vertex -30.9613 76.734 2
      vertex -30.6863 76.864 2
    endloop
  endfacet
  facet normal 0 0 -1
    outer loop
      vertex -32.234 75.4613 2
      vertex -30.9111 74.7542 2
      vertex -30.9782 74.6123 2
    endloop
  endfacet
  facet normal 0 0 -1
    outer loop
      vertex -32.364 75.1863 2
      vertex -30.9782 74.6123 2
      vertex -31.0311 74.4645 2
    endloop
  endfacet
  facet normal 0 0 -1
    outer loop
      vertex -32.4665 74.8999 2
      vertex -31.0311 74.4645 2
      vertex -31.0693 74.3121 2
    endloop
  endfacet
  facet normal 0 0 -1
    outer loop
      vertex -32.5404 74.6048 2
      vertex -31.0693 74.3121 2
      vertex -31.0923 74.1568 2
    endloop
  endfacet
  facet normal 0 0 -1
    outer loop
      vertex -30.3889 75.3304 2
      vertex -31.2223 76.5776 2
      vertex -30.9613 76.734 2
    endloop
  endfacet
  facet normal 0 0 -1
    outer loop
      vertex -32.5851 74.3039 2
      vertex -31.0923 74.1568 2
      vertex -31.1 74 2
    endloop
  endfacet
  facet normal -0 0 -1
    outer loop
      vertex -30.9111 73.2458 2
      vertex -32.234 72.5387 2
      vertex -30.9782 73.3877 2
    endloop
  endfacet
  facet normal 0 0 -1
    outer loop
      vertex -32.364 72.8137 2
      vertex -30.9782 73.3877 2
      vertex -32.234 72.5387 2
    endloop
  endfacet
  facet normal 0 0 -1
    outer loop
      vertex -30.515 75.2368 2
      vertex -31.4666 76.3963 2
      vertex -31.2223 76.5776 2
    endloop
  endfacet
  facet normal -0 0 -1
    outer loop
      vertex -30.9782 73.3877 2
      vertex -32.364 72.8137 2
      vertex -31.0311 73.5355 2
    endloop
  endfacet
  facet normal 0 0 -1
    outer loop
      vertex -30.6314 75.1314 2
      vertex -31.692 76.192 2
      vertex -31.4666 76.3963 2
    endloop
  endfacet
  facet normal 0 0 -1
    outer loop
      vertex -32.4665 73.1001 2
      vertex -31.0311 73.5355 2
      vertex -32.364 72.8137 2
    endloop
  endfacet
  facet normal 0 0 -1
    outer loop
      vertex -30.7368 75.015 2
      vertex -31.8963 75.9666 2
      vertex -31.692 76.192 2
    endloop
  endfacet
  facet normal -0 0 -1
    outer loop
      vertex -31.0311 73.5355 2
      vertex -32.4665 73.1001 2
      vertex -31.0693 73.6879 2
    endloop
  endfacet
  facet normal 0 0 -1
    outer loop
      vertex -30.8304 74.8889 2
      vertex -32.0776 75.7223 2
      vertex -31.8963 75.9666 2
    endloop
  endfacet
  facet normal 0 0 -1
    outer loop
      vertex -32.5404 73.3952 2
      vertex -31.0693 73.6879 2
      vertex -32.4665 73.1001 2
    endloop
  endfacet
  facet normal 0 0 -1
    outer loop
      vertex -30.9111 74.7542 2
      vertex -32.234 75.4613 2
      vertex -32.0776 75.7223 2
    endloop
  endfacet
  facet normal -0 0 -1
    outer loop
      vertex -31.0693 73.6879 2
      vertex -32.5404 73.3952 2
      vertex -31.0923 73.8432 2
    endloop
  endfacet
  facet normal 0 0 -1
    outer loop
      vertex -30.9782 74.6123 2
      vertex -32.364 75.1863 2
      vertex -32.234 75.4613 2
    endloop
  endfacet
  facet normal 0 0 -1
    outer loop
      vertex -32.5851 73.6961 2
      vertex -31.0923 73.8432 2
      vertex -32.5404 73.3952 2
    endloop
  endfacet
  facet normal 0 0 -1
    outer loop
      vertex -31.0311 74.4645 2
      vertex -32.4665 74.8999 2
      vertex -32.364 75.1863 2
    endloop
  endfacet
  facet normal -0 0 -1
    outer loop
      vertex -31.0923 73.8432 2
      vertex -32.5851 73.6961 2
      vertex -31.1 74 2
    endloop
  endfacet
  facet normal 0 0 -1
    outer loop
      vertex -31.0693 74.3121 2
      vertex -32.5404 74.6048 2
      vertex -32.4665 74.8999 2
    endloop
  endfacet
  facet normal 0 0 -1
    outer loop
      vertex -32.6 74 2
      vertex -31.1 74 2
      vertex -32.5851 73.6961 2
    endloop
  endfacet
  facet normal 0 0 -1
    outer loop
      vertex -31.0923 74.1568 2
      vertex -32.5851 74.3039 2
      vertex -32.5404 74.6048 2
    endloop
  endfacet
  facet normal 0 0 -1
    outer loop
      vertex -31.1 74 2
      vertex -32.6 74 2
      vertex -32.5851 74.3039 2
    endloop
  endfacet
  facet normal -0.671576 -0.740936 0
    outer loop
      vertex -27.5334 76.3963 0.0213881
      vertex -27.308 76.192 2
      vertex -27.5334 76.3963 2
    endloop
  endfacet
  facet normal -0.671576 -0.740936 -0
    outer loop
      vertex -27.308 76.192 2
      vertex -27.5334 76.3963 0.0213881
      vertex -27.308 76.192 0.0213881
    endloop
  endfacet
  facet normal 0.336961 -0.941519 0
    outer loop
      vertex -30.6863 76.864 0.0213881
      vertex -30.3999 76.9665 2
      vertex -30.6863 76.864 2
    endloop
  endfacet
  facet normal 0.336961 -0.941519 0
    outer loop
      vertex -30.3999 76.9665 2
      vertex -30.6863 76.864 0.0213881
      vertex -30.3999 76.9665 0.0213881
    endloop
  endfacet
  facet normal -0.42738 -0.904072 0
    outer loop
      vertex -28.3137 76.864 0.0213881
      vertex -28.0387 76.734 2
      vertex -28.3137 76.864 2
    endloop
  endfacet
  facet normal -0.42738 -0.904072 -0
    outer loop
      vertex -28.0387 76.734 2
      vertex -28.3137 76.864 0.0213881
      vertex -28.0387 76.734 0.0213881
    endloop
  endfacet
  facet normal 0.9988 -0.0489705 0
    outer loop
      vertex -32.6 74 2
      vertex -32.5851 74.3039 0.0213881
      vertex -32.5851 74.3039 2
    endloop
  endfacet
  facet normal 0.9988 -0.0489705 0
    outer loop
      vertex -32.5851 74.3039 0.0213881
      vertex -32.6 74 2
      vertex -32.6 74 0.0213881
    endloop
  endfacet
  facet normal -0.803027 -0.595943 0
    outer loop
      vertex -26.9224 75.7223 0.0213881
      vertex -27.1037 75.9666 2
      vertex -27.1037 75.9666 0.0213881
    endloop
  endfacet
  facet normal -0.803027 -0.595943 0
    outer loop
      vertex -27.1037 75.9666 2
      vertex -26.9224 75.7223 0.0213881
      vertex -26.9224 75.7223 2
    endloop
  endfacet
  facet normal -0.0489705 -0.9988 0
    outer loop
      vertex -29.5 77.1 0.0213881
      vertex -29.1961 77.0851 2
      vertex -29.5 77.1 2
    endloop
  endfacet
  facet normal -0.0489705 -0.9988 -0
    outer loop
      vertex -29.1961 77.0851 2
      vertex -29.5 77.1 0.0213881
      vertex -29.1961 77.0851 0.0213881
    endloop
  endfacet
  facet normal 0.671576 -0.740936 0
    outer loop
      vertex -31.692 76.192 0.0213881
      vertex -31.4666 76.3963 2
      vertex -31.692 76.192 2
    endloop
  endfacet
  facet normal 0.671576 -0.740936 0
    outer loop
      vertex -31.4666 76.3963 2
      vertex -31.692 76.192 0.0213881
      vertex -31.4666 76.3963 0.0213881
    endloop
  endfacet
  facet normal -0.336961 0.941519 0
    outer loop
      vertex -28.3137 71.136 0.0213881
      vertex -28.6001 71.0335 2
      vertex -28.3137 71.136 2
    endloop
  endfacet
  facet normal -0.336961 0.941519 0
    outer loop
      vertex -28.6001 71.0335 2
      vertex -28.3137 71.136 0.0213881
      vertex -28.6001 71.0335 0.0213881
    endloop
  endfacet
  facet normal -0.740936 -0.671576 0
    outer loop
      vertex -27.1037 75.9666 0.0213881
      vertex -27.308 76.192 2
      vertex -27.308 76.192 0.0213881
    endloop
  endfacet
  facet normal -0.740936 -0.671576 0
    outer loop
      vertex -27.308 76.192 2
      vertex -27.1037 75.9666 0.0213881
      vertex -27.1037 75.9666 2
    endloop
  endfacet
  facet normal 0.242922 0.970046 -0
    outer loop
      vertex -30.1048 70.9596 0.0213881
      vertex -30.3999 71.0335 2
      vertex -30.1048 70.9596 2
    endloop
  endfacet
  facet normal 0.242922 0.970046 0
    outer loop
      vertex -30.3999 71.0335 2
      vertex -30.1048 70.9596 0.0213881
      vertex -30.3999 71.0335 0.0213881
    endloop
  endfacet
  facet normal -0.904072 -0.42738 0
    outer loop
      vertex -26.636 75.1863 0.0213881
      vertex -26.766 75.4613 2
      vertex -26.766 75.4613 0.0213881
    endloop
  endfacet
  facet normal -0.904072 -0.42738 0
    outer loop
      vertex -26.766 75.4613 2
      vertex -26.636 75.1863 0.0213881
      vertex -26.636 75.1863 2
    endloop
  endfacet
  facet normal -0.857783 0.514012 0
    outer loop
      vertex -26.9224 72.2777 0.0213881
      vertex -26.766 72.5387 2
      vertex -26.766 72.5387 0.0213881
    endloop
  endfacet
  facet normal -0.857783 0.514012 0
    outer loop
      vertex -26.766 72.5387 2
      vertex -26.9224 72.2777 0.0213881
      vertex -26.9224 72.2777 2
    endloop
  endfacet
  facet normal -0.336961 -0.941519 0
    outer loop
      vertex -28.6001 76.9665 0.0213881
      vertex -28.3137 76.864 2
      vertex -28.6001 76.9665 2
    endloop
  endfacet
  facet normal -0.336961 -0.941519 -0
    outer loop
      vertex -28.3137 76.864 2
      vertex -28.6001 76.9665 0.0213881
      vertex -28.3137 76.864 0.0213881
    endloop
  endfacet
  facet normal 0.242922 -0.970046 0
    outer loop
      vertex -30.3999 76.9665 0.0213881
      vertex -30.1048 77.0404 2
      vertex -30.3999 76.9665 2
    endloop
  endfacet
  facet normal 0.242922 -0.970046 0
    outer loop
      vertex -30.1048 77.0404 2
      vertex -30.3999 76.9665 0.0213881
      vertex -30.1048 77.0404 0.0213881
    endloop
  endfacet
  facet normal 0.514012 -0.857783 0
    outer loop
      vertex -31.2223 76.5776 0.0213881
      vertex -30.9613 76.734 2
      vertex -31.2223 76.5776 2
    endloop
  endfacet
  facet normal 0.514012 -0.857783 0
    outer loop
      vertex -30.9613 76.734 2
      vertex -31.2223 76.5776 0.0213881
      vertex -30.9613 76.734 0.0213881
    endloop
  endfacet
  facet normal 0.740936 -0.671576 0
    outer loop
      vertex -31.8963 75.9666 2
      vertex -31.692 76.192 0.0213881
      vertex -31.692 76.192 2
    endloop
  endfacet
  facet normal 0.740936 -0.671576 0
    outer loop
      vertex -31.692 76.192 0.0213881
      vertex -31.8963 75.9666 2
      vertex -31.8963 75.9666 0.0213881
    endloop
  endfacet
  facet normal -0.857783 -0.514012 0
    outer loop
      vertex -26.766 75.4613 0.0213881
      vertex -26.9224 75.7223 2
      vertex -26.9224 75.7223 0.0213881
    endloop
  endfacet
  facet normal -0.857783 -0.514012 0
    outer loop
      vertex -26.9224 75.7223 2
      vertex -26.766 75.4613 0.0213881
      vertex -26.766 75.4613 2
    endloop
  endfacet
  facet normal 0.970046 -0.242922 0
    outer loop
      vertex -32.5404 74.6048 2
      vertex -32.4665 74.8999 0.0213881
      vertex -32.4665 74.8999 2
    endloop
  endfacet
  facet normal 0.970046 -0.242922 0
    outer loop
      vertex -32.4665 74.8999 0.0213881
      vertex -32.5404 74.6048 2
      vertex -32.5404 74.6048 0.0213881
    endloop
  endfacet
  facet normal 0.146942 -0.989145 0
    outer loop
      vertex -30.1048 77.0404 0.0213881
      vertex -29.8039 77.0851 2
      vertex -30.1048 77.0404 2
    endloop
  endfacet
  facet normal 0.146942 -0.989145 0
    outer loop
      vertex -29.8039 77.0851 2
      vertex -30.1048 77.0404 0.0213881
      vertex -29.8039 77.0851 0.0213881
    endloop
  endfacet
  facet normal 0.904072 0.42738 0
    outer loop
      vertex -32.234 72.5387 2
      vertex -32.364 72.8137 0.0213881
      vertex -32.364 72.8137 2
    endloop
  endfacet
  facet normal 0.904072 0.42738 0
    outer loop
      vertex -32.364 72.8137 0.0213881
      vertex -32.234 72.5387 2
      vertex -32.234 72.5387 0.0213881
    endloop
  endfacet
  facet normal -0.146942 0.989145 0
    outer loop
      vertex -28.8952 70.9596 0.0213881
      vertex -29.1961 70.9149 2
      vertex -28.8952 70.9596 2
    endloop
  endfacet
  facet normal -0.146942 0.989145 0
    outer loop
      vertex -29.1961 70.9149 2
      vertex -28.8952 70.9596 0.0213881
      vertex -29.1961 70.9149 0.0213881
    endloop
  endfacet
  facet normal 0.336961 0.941519 -0
    outer loop
      vertex -30.3999 71.0335 0.0213881
      vertex -30.6863 71.136 2
      vertex -30.3999 71.0335 2
    endloop
  endfacet
  facet normal 0.336961 0.941519 0
    outer loop
      vertex -30.6863 71.136 2
      vertex -30.3999 71.0335 0.0213881
      vertex -30.6863 71.136 0.0213881
    endloop
  endfacet
  facet normal 0.671576 0.740936 -0
    outer loop
      vertex -31.4666 71.6037 0.0213881
      vertex -31.692 71.808 2
      vertex -31.4666 71.6037 2
    endloop
  endfacet
  facet normal 0.671576 0.740936 0
    outer loop
      vertex -31.692 71.808 2
      vertex -31.4666 71.6037 0.0213881
      vertex -31.692 71.808 0.0213881
    endloop
  endfacet
  facet normal -0.671576 0.740936 0
    outer loop
      vertex -27.308 71.808 0.0213881
      vertex -27.5334 71.6037 2
      vertex -27.308 71.808 2
    endloop
  endfacet
  facet normal -0.671576 0.740936 0
    outer loop
      vertex -27.5334 71.6037 2
      vertex -27.308 71.808 0.0213881
      vertex -27.5334 71.6037 0.0213881
    endloop
  endfacet
  facet normal 0.970046 0.242922 0
    outer loop
      vertex -32.4665 73.1001 2
      vertex -32.5404 73.3952 0.0213881
      vertex -32.5404 73.3952 2
    endloop
  endfacet
  facet normal 0.970046 0.242922 0
    outer loop
      vertex -32.5404 73.3952 0.0213881
      vertex -32.4665 73.1001 2
      vertex -32.4665 73.1001 0.0213881
    endloop
  endfacet
  facet normal -0.242922 0.970046 0
    outer loop
      vertex -28.6001 71.0335 0.0213881
      vertex -28.8952 70.9596 2
      vertex -28.6001 71.0335 2
    endloop
  endfacet
  facet normal -0.242922 0.970046 0
    outer loop
      vertex -28.8952 70.9596 2
      vertex -28.6001 71.0335 0.0213881
      vertex -28.8952 70.9596 0.0213881
    endloop
  endfacet
  facet normal 0.740936 0.671576 0
    outer loop
      vertex -31.692 71.808 2
      vertex -31.8963 72.0334 0.0213881
      vertex -31.8963 72.0334 2
    endloop
  endfacet
  facet normal 0.740936 0.671576 0
    outer loop
      vertex -31.8963 72.0334 0.0213881
      vertex -31.692 71.808 2
      vertex -31.692 71.808 0.0213881
    endloop
  endfacet
  facet normal 0.989145 -0.146942 0
    outer loop
      vertex -32.5851 74.3039 2
      vertex -32.5404 74.6048 0.0213881
      vertex -32.5404 74.6048 2
    endloop
  endfacet
  facet normal 0.989145 -0.146942 0
    outer loop
      vertex -32.5404 74.6048 0.0213881
      vertex -32.5851 74.3039 2
      vertex -32.5851 74.3039 0.0213881
    endloop
  endfacet
  facet normal -0.242922 -0.970046 0
    outer loop
      vertex -28.8952 77.0404 0.0213881
      vertex -28.6001 76.9665 2
      vertex -28.8952 77.0404 2
    endloop
  endfacet
  facet normal -0.242922 -0.970046 -0
    outer loop
      vertex -28.6001 76.9665 2
      vertex -28.8952 77.0404 0.0213881
      vertex -28.6001 76.9665 0.0213881
    endloop
  endfacet
  facet normal 0.9988 0.0489705 0
    outer loop
      vertex -32.5851 73.6961 2
      vertex -32.6 74 0.0213881
      vertex -32.6 74 2
    endloop
  endfacet
  facet normal 0.9988 0.0489705 0
    outer loop
      vertex -32.6 74 0.0213881
      vertex -32.5851 73.6961 2
      vertex -32.5851 73.6961 0.0213881
    endloop
  endfacet
  facet normal 0.941519 -0.336961 0
    outer loop
      vertex -32.4665 74.8999 2
      vertex -32.364 75.1863 0.0213881
      vertex -32.364 75.1863 2
    endloop
  endfacet
  facet normal 0.941519 -0.336961 0
    outer loop
      vertex -32.364 75.1863 0.0213881
      vertex -32.4665 74.8999 2
      vertex -32.4665 74.8999 0.0213881
    endloop
  endfacet
  facet normal -0.595943 0.803027 0
    outer loop
      vertex -27.5334 71.6037 0.0213881
      vertex -27.7777 71.4224 2
      vertex -27.5334 71.6037 2
    endloop
  endfacet
  facet normal -0.595943 0.803027 0
    outer loop
      vertex -27.7777 71.4224 2
      vertex -27.5334 71.6037 0.0213881
      vertex -27.7777 71.4224 0.0213881
    endloop
  endfacet
  facet normal 0.803027 -0.595943 0
    outer loop
      vertex -32.0776 75.7223 2
      vertex -31.8963 75.9666 0.0213881
      vertex -31.8963 75.9666 2
    endloop
  endfacet
  facet normal 0.803027 -0.595943 0
    outer loop
      vertex -31.8963 75.9666 0.0213881
      vertex -32.0776 75.7223 2
      vertex -32.0776 75.7223 0.0213881
    endloop
  endfacet
  facet normal 0.514012 0.857783 -0
    outer loop
      vertex -30.9613 71.266 0.0213881
      vertex -31.2223 71.4224 2
      vertex -30.9613 71.266 2
    endloop
  endfacet
  facet normal 0.514012 0.857783 0
    outer loop
      vertex -31.2223 71.4224 2
      vertex -30.9613 71.266 0.0213881
      vertex -31.2223 71.4224 0.0213881
    endloop
  endfacet
  facet normal 0.595943 0.803027 -0
    outer loop
      vertex -31.2223 71.4224 0.0213881
      vertex -31.4666 71.6037 2
      vertex -31.2223 71.4224 2
    endloop
  endfacet
  facet normal 0.595943 0.803027 0
    outer loop
      vertex -31.4666 71.6037 2
      vertex -31.2223 71.4224 0.0213881
      vertex -31.4666 71.6037 0.0213881
    endloop
  endfacet
  facet normal 0.904072 -0.42738 0
    outer loop
      vertex -32.364 75.1863 2
      vertex -32.234 75.4613 0.0213881
      vertex -32.234 75.4613 2
    endloop
  endfacet
  facet normal 0.904072 -0.42738 0
    outer loop
      vertex -32.234 75.4613 0.0213881
      vertex -32.364 75.1863 2
      vertex -32.364 75.1863 0.0213881
    endloop
  endfacet
  facet normal -0.904072 0.42738 0
    outer loop
      vertex -26.766 72.5387 0.0213881
      vertex -26.636 72.8137 2
      vertex -26.636 72.8137 0.0213881
    endloop
  endfacet
  facet normal -0.904072 0.42738 0
    outer loop
      vertex -26.636 72.8137 2
      vertex -26.766 72.5387 0.0213881
      vertex -26.766 72.5387 2
    endloop
  endfacet
  facet normal 0.0489705 0.9988 -0
    outer loop
      vertex -29.5 70.9 0.0213881
      vertex -29.8039 70.9149 2
      vertex -29.5 70.9 2
    endloop
  endfacet
  facet normal 0.0489705 0.9988 0
    outer loop
      vertex -29.8039 70.9149 2
      vertex -29.5 70.9 0.0213881
      vertex -29.8039 70.9149 0.0213881
    endloop
  endfacet
  facet normal 0.146942 0.989145 -0
    outer loop
      vertex -29.8039 70.9149 0.0213881
      vertex -30.1048 70.9596 2
      vertex -29.8039 70.9149 2
    endloop
  endfacet
  facet normal 0.146942 0.989145 0
    outer loop
      vertex -30.1048 70.9596 2
      vertex -29.8039 70.9149 0.0213881
      vertex -30.1048 70.9596 0.0213881
    endloop
  endfacet
  facet normal -0.146942 -0.989145 0
    outer loop
      vertex -29.1961 77.0851 0.0213881
      vertex -28.8952 77.0404 2
      vertex -29.1961 77.0851 2
    endloop
  endfacet
  facet normal -0.146942 -0.989145 -0
    outer loop
      vertex -28.8952 77.0404 2
      vertex -29.1961 77.0851 0.0213881
      vertex -28.8952 77.0404 0.0213881
    endloop
  endfacet
  facet normal 0.42738 0.904072 -0
    outer loop
      vertex -30.6863 71.136 0.0213881
      vertex -30.9613 71.266 2
      vertex -30.6863 71.136 2
    endloop
  endfacet
  facet normal 0.42738 0.904072 0
    outer loop
      vertex -30.9613 71.266 2
      vertex -30.6863 71.136 0.0213881
      vertex -30.9613 71.266 0.0213881
    endloop
  endfacet
  facet normal -0.969993 0.243135 0
    outer loop
      vertex 31.0311 11.5355 2
      vertex 31.0693 11.6879 7
      vertex 31.0693 11.6879 2
    endloop
  endfacet
  facet normal -0.969993 0.243135 0
    outer loop
      vertex 31.0693 11.6879 7
      vertex 31.0311 11.5355 2
      vertex 31.0311 11.5355 7
    endloop
  endfacet
  facet normal -0.741264 -0.671213 0
    outer loop
      vertex 30.7368 13.015 2
      vertex 30.6314 13.1314 7
      vertex 30.6314 13.1314 2
    endloop
  endfacet
  facet normal -0.741264 -0.671213 0
    outer loop
      vertex 30.6314 13.1314 7
      vertex 30.7368 13.015 2
      vertex 30.7368 13.015 7
    endloop
  endfacet
  facet normal -0.049048 0.998796 0
    outer loop
      vertex 29.6568 10.4077 2
      vertex 29.5 10.4 7
      vertex 29.6568 10.4077 7
    endloop
  endfacet
  facet normal -0.049048 0.998796 0
    outer loop
      vertex 29.5 10.4 7
      vertex 29.6568 10.4077 2
      vertex 29.5 10.4 2
    endloop
  endfacet
  facet normal 0.049048 -0.998796 0
    outer loop
      vertex 29.3432 13.5923 2
      vertex 29.5 13.6 7
      vertex 29.3432 13.5923 7
    endloop
  endfacet
  facet normal 0.049048 -0.998796 0
    outer loop
      vertex 29.5 13.6 7
      vertex 29.3432 13.5923 2
      vertex 29.5 13.6 2
    endloop
  endfacet
  facet normal 0.969993 -0.243135 0
    outer loop
      vertex 27.9307 12.3121 7
      vertex 27.9689 12.4645 2
      vertex 27.9689 12.4645 7
    endloop
  endfacet
  facet normal 0.969993 -0.243135 0
    outer loop
      vertex 27.9689 12.4645 2
      vertex 27.9307 12.3121 7
      vertex 27.9307 12.3121 2
    endloop
  endfacet
  facet normal 0.741264 -0.671213 0
    outer loop
      vertex 28.2632 13.015 7
      vertex 28.3686 13.1314 2
      vertex 28.3686 13.1314 7
    endloop
  endfacet
  facet normal 0.741264 -0.671213 0
    outer loop
      vertex 28.3686 13.1314 2
      vertex 28.2632 13.015 7
      vertex 28.2632 13.015 2
    endloop
  endfacet
  facet normal -0.904023 0.427484 0
    outer loop
      vertex 30.9111 11.2458 2
      vertex 30.9782 11.3877 7
      vertex 30.9782 11.3877 2
    endloop
  endfacet
  facet normal -0.904023 0.427484 0
    outer loop
      vertex 30.9782 11.3877 7
      vertex 30.9111 11.2458 2
      vertex 30.9111 11.2458 7
    endloop
  endfacet
  facet normal -0.427484 0.904023 0
    outer loop
      vertex 30.2542 10.5889 2
      vertex 30.1123 10.5218 7
      vertex 30.2542 10.5889 7
    endloop
  endfacet
  facet normal -0.427484 0.904023 0
    outer loop
      vertex 30.1123 10.5218 7
      vertex 30.2542 10.5889 2
      vertex 30.1123 10.5218 2
    endloop
  endfacet
  facet normal 0.146502 0.98921 -0
    outer loop
      vertex 29.3432 10.4077 2
      vertex 29.1879 10.4307 7
      vertex 29.3432 10.4077 7
    endloop
  endfacet
  facet normal 0.146502 0.98921 0
    outer loop
      vertex 29.1879 10.4307 7
      vertex 29.3432 10.4077 2
      vertex 29.1879 10.4307 2
    endloop
  endfacet
  facet normal -0.941511 -0.336982 0
    outer loop
      vertex 31.0311 12.4645 2
      vertex 30.9782 12.6123 7
      vertex 30.9782 12.6123 2
    endloop
  endfacet
  facet normal -0.941511 -0.336982 0
    outer loop
      vertex 30.9782 12.6123 7
      vertex 31.0311 12.4645 2
      vertex 31.0311 12.4645 7
    endloop
  endfacet
  facet normal -0.998796 0.049048 0
    outer loop
      vertex 31.0923 11.8432 2
      vertex 31.1 12 7
      vertex 31.1 12 2
    endloop
  endfacet
  facet normal -0.998796 0.049048 0
    outer loop
      vertex 31.1 12 7
      vertex 31.0923 11.8432 2
      vertex 31.0923 11.8432 7
    endloop
  endfacet
  facet normal 0.941511 -0.336982 0
    outer loop
      vertex 27.9689 12.4645 7
      vertex 28.0218 12.6123 2
      vertex 28.0218 12.6123 7
    endloop
  endfacet
  facet normal 0.941511 -0.336982 0
    outer loop
      vertex 28.0218 12.6123 2
      vertex 27.9689 12.4645 7
      vertex 27.9689 12.4645 2
    endloop
  endfacet
  facet normal -0.049048 -0.998796 0
    outer loop
      vertex 29.5 13.6 2
      vertex 29.6568 13.5923 7
      vertex 29.5 13.6 7
    endloop
  endfacet
  facet normal -0.049048 -0.998796 -0
    outer loop
      vertex 29.6568 13.5923 7
      vertex 29.5 13.6 2
      vertex 29.6568 13.5923 2
    endloop
  endfacet
  facet normal -0.513934 -0.85783 0
    outer loop
      vertex 30.2542 13.4111 2
      vertex 30.3889 13.3304 7
      vertex 30.2542 13.4111 7
    endloop
  endfacet
  facet normal -0.513934 -0.85783 -0
    outer loop
      vertex 30.3889 13.3304 7
      vertex 30.2542 13.4111 2
      vertex 30.3889 13.3304 2
    endloop
  endfacet
  facet normal 0.98921 0.146502 0
    outer loop
      vertex 27.9307 11.6879 7
      vertex 27.9077 11.8432 2
      vertex 27.9077 11.8432 7
    endloop
  endfacet
  facet normal 0.98921 0.146502 0
    outer loop
      vertex 27.9077 11.8432 2
      vertex 27.9307 11.6879 7
      vertex 27.9307 11.6879 2
    endloop
  endfacet
  facet normal -0.98921 -0.146502 0
    outer loop
      vertex 31.0923 12.1568 2
      vertex 31.0693 12.3121 7
      vertex 31.0693 12.3121 2
    endloop
  endfacet
  facet normal -0.98921 -0.146502 0
    outer loop
      vertex 31.0693 12.3121 7
      vertex 31.0923 12.1568 2
      vertex 31.0923 12.1568 7
    endloop
  endfacet
  facet normal 0.427484 -0.904023 0
    outer loop
      vertex 28.7458 13.4111 2
      vertex 28.8877 13.4782 7
      vertex 28.7458 13.4111 7
    endloop
  endfacet
  facet normal 0.427484 -0.904023 0
    outer loop
      vertex 28.8877 13.4782 7
      vertex 28.7458 13.4111 2
      vertex 28.8877 13.4782 2
    endloop
  endfacet
  facet normal -0.998796 -0.049048 0
    outer loop
      vertex 31.1 12 2
      vertex 31.0923 12.1568 7
      vertex 31.0923 12.1568 2
    endloop
  endfacet
  facet normal -0.998796 -0.049048 0
    outer loop
      vertex 31.0923 12.1568 7
      vertex 31.1 12 2
      vertex 31.1 12 7
    endloop
  endfacet
  facet normal -0.513934 0.85783 0
    outer loop
      vertex 30.3889 10.6696 2
      vertex 30.2542 10.5889 7
      vertex 30.3889 10.6696 7
    endloop
  endfacet
  facet normal -0.513934 0.85783 0
    outer loop
      vertex 30.2542 10.5889 7
      vertex 30.3889 10.6696 2
      vertex 30.2542 10.5889 2
    endloop
  endfacet
  facet normal 0.336982 0.941511 -0
    outer loop
      vertex 29.0355 10.4689 2
      vertex 28.8877 10.5218 7
      vertex 29.0355 10.4689 7
    endloop
  endfacet
  facet normal 0.336982 0.941511 0
    outer loop
      vertex 28.8877 10.5218 7
      vertex 29.0355 10.4689 2
      vertex 28.8877 10.5218 2
    endloop
  endfacet
  facet normal -0.741264 0.671213 0
    outer loop
      vertex 30.6314 10.8686 2
      vertex 30.7368 10.985 7
      vertex 30.7368 10.985 2
    endloop
  endfacet
  facet normal -0.741264 0.671213 0
    outer loop
      vertex 30.7368 10.985 7
      vertex 30.6314 10.8686 2
      vertex 30.6314 10.8686 7
    endloop
  endfacet
  facet normal 0.336982 -0.941511 0
    outer loop
      vertex 28.8877 13.4782 2
      vertex 29.0355 13.5311 7
      vertex 28.8877 13.4782 7
    endloop
  endfacet
  facet normal 0.336982 -0.941511 0
    outer loop
      vertex 29.0355 13.5311 7
      vertex 28.8877 13.4782 2
      vertex 29.0355 13.5311 2
    endloop
  endfacet
  facet normal -0.671213 -0.741264 0
    outer loop
      vertex 30.515 13.2368 2
      vertex 30.6314 13.1314 7
      vertex 30.515 13.2368 7
    endloop
  endfacet
  facet normal -0.671213 -0.741264 -0
    outer loop
      vertex 30.6314 13.1314 7
      vertex 30.515 13.2368 2
      vertex 30.6314 13.1314 2
    endloop
  endfacet
  facet normal 0.998796 0.049048 0
    outer loop
      vertex 27.9077 11.8432 7
      vertex 27.9 12 2
      vertex 27.9 12 7
    endloop
  endfacet
  facet normal 0.998796 0.049048 0
    outer loop
      vertex 27.9 12 2
      vertex 27.9077 11.8432 7
      vertex 27.9077 11.8432 2
    endloop
  endfacet
  facet normal 0.85783 -0.513934 0
    outer loop
      vertex 28.0889 12.7542 7
      vertex 28.1696 12.8889 2
      vertex 28.1696 12.8889 7
    endloop
  endfacet
  facet normal 0.85783 -0.513934 0
    outer loop
      vertex 28.1696 12.8889 2
      vertex 28.0889 12.7542 7
      vertex 28.0889 12.7542 2
    endloop
  endfacet
  facet normal -0.941511 0.336982 0
    outer loop
      vertex 30.9782 11.3877 2
      vertex 31.0311 11.5355 7
      vertex 31.0311 11.5355 2
    endloop
  endfacet
  facet normal -0.941511 0.336982 0
    outer loop
      vertex 31.0311 11.5355 7
      vertex 30.9782 11.3877 2
      vertex 30.9782 11.3877 7
    endloop
  endfacet
  facet normal -0.969993 -0.243135 0
    outer loop
      vertex 31.0693 12.3121 2
      vertex 31.0311 12.4645 7
      vertex 31.0311 12.4645 2
    endloop
  endfacet
  facet normal -0.969993 -0.243135 0
    outer loop
      vertex 31.0311 12.4645 7
      vertex 31.0693 12.3121 2
      vertex 31.0693 12.3121 7
    endloop
  endfacet
  facet normal -0.146502 -0.98921 0
    outer loop
      vertex 29.6568 13.5923 2
      vertex 29.8121 13.5693 7
      vertex 29.6568 13.5923 7
    endloop
  endfacet
  facet normal -0.146502 -0.98921 -0
    outer loop
      vertex 29.8121 13.5693 7
      vertex 29.6568 13.5923 2
      vertex 29.8121 13.5693 2
    endloop
  endfacet
  facet normal -0.596019 0.80297 0
    outer loop
      vertex 30.515 10.7632 2
      vertex 30.3889 10.6696 7
      vertex 30.515 10.7632 7
    endloop
  endfacet
  facet normal -0.596019 0.80297 0
    outer loop
      vertex 30.3889 10.6696 7
      vertex 30.515 10.7632 2
      vertex 30.3889 10.6696 2
    endloop
  endfacet
  facet normal -0.243135 0.969993 0
    outer loop
      vertex 29.9645 10.4689 2
      vertex 29.8121 10.4307 7
      vertex 29.9645 10.4689 7
    endloop
  endfacet
  facet normal -0.243135 0.969993 0
    outer loop
      vertex 29.8121 10.4307 7
      vertex 29.9645 10.4689 2
      vertex 29.8121 10.4307 2
    endloop
  endfacet
  facet normal -0.596019 -0.80297 0
    outer loop
      vertex 30.3889 13.3304 2
      vertex 30.515 13.2368 7
      vertex 30.3889 13.3304 7
    endloop
  endfacet
  facet normal -0.596019 -0.80297 -0
    outer loop
      vertex 30.515 13.2368 7
      vertex 30.3889 13.3304 2
      vertex 30.515 13.2368 2
    endloop
  endfacet
  facet normal 0.243135 -0.969993 0
    outer loop
      vertex 29.0355 13.5311 2
      vertex 29.1879 13.5693 7
      vertex 29.0355 13.5311 7
    endloop
  endfacet
  facet normal 0.243135 -0.969993 0
    outer loop
      vertex 29.1879 13.5693 7
      vertex 29.0355 13.5311 2
      vertex 29.1879 13.5693 2
    endloop
  endfacet
  facet normal 0.596019 0.80297 -0
    outer loop
      vertex 28.6111 10.6696 2
      vertex 28.485 10.7632 7
      vertex 28.6111 10.6696 7
    endloop
  endfacet
  facet normal 0.596019 0.80297 0
    outer loop
      vertex 28.485 10.7632 7
      vertex 28.6111 10.6696 2
      vertex 28.485 10.7632 2
    endloop
  endfacet
  facet normal 0.969993 0.243135 0
    outer loop
      vertex 27.9689 11.5355 7
      vertex 27.9307 11.6879 2
      vertex 27.9307 11.6879 7
    endloop
  endfacet
  facet normal 0.969993 0.243135 0
    outer loop
      vertex 27.9307 11.6879 2
      vertex 27.9689 11.5355 7
      vertex 27.9689 11.5355 2
    endloop
  endfacet
  facet normal -0.427484 -0.904023 0
    outer loop
      vertex 30.1123 13.4782 2
      vertex 30.2542 13.4111 7
      vertex 30.1123 13.4782 7
    endloop
  endfacet
  facet normal -0.427484 -0.904023 -0
    outer loop
      vertex 30.2542 13.4111 7
      vertex 30.1123 13.4782 2
      vertex 30.2542 13.4111 2
    endloop
  endfacet
  facet normal 0.80297 -0.596019 0
    outer loop
      vertex 28.1696 12.8889 7
      vertex 28.2632 13.015 2
      vertex 28.2632 13.015 7
    endloop
  endfacet
  facet normal 0.80297 -0.596019 0
    outer loop
      vertex 28.2632 13.015 2
      vertex 28.1696 12.8889 7
      vertex 28.1696 12.8889 2
    endloop
  endfacet
  facet normal -0.85783 -0.513934 0
    outer loop
      vertex 30.9111 12.7542 2
      vertex 30.8304 12.8889 7
      vertex 30.8304 12.8889 2
    endloop
  endfacet
  facet normal -0.85783 -0.513934 0
    outer loop
      vertex 30.8304 12.8889 7
      vertex 30.9111 12.7542 2
      vertex 30.9111 12.7542 7
    endloop
  endfacet
  facet normal 0.596019 -0.80297 0
    outer loop
      vertex 28.485 13.2368 2
      vertex 28.6111 13.3304 7
      vertex 28.485 13.2368 7
    endloop
  endfacet
  facet normal 0.596019 -0.80297 0
    outer loop
      vertex 28.6111 13.3304 7
      vertex 28.485 13.2368 2
      vertex 28.6111 13.3304 2
    endloop
  endfacet
  facet normal 0.513934 0.85783 -0
    outer loop
      vertex 28.7458 10.5889 2
      vertex 28.6111 10.6696 7
      vertex 28.7458 10.5889 7
    endloop
  endfacet
  facet normal 0.513934 0.85783 0
    outer loop
      vertex 28.6111 10.6696 7
      vertex 28.7458 10.5889 2
      vertex 28.6111 10.6696 2
    endloop
  endfacet
  facet normal -0.146502 0.98921 0
    outer loop
      vertex 29.8121 10.4307 2
      vertex 29.6568 10.4077 7
      vertex 29.8121 10.4307 7
    endloop
  endfacet
  facet normal -0.146502 0.98921 0
    outer loop
      vertex 29.6568 10.4077 7
      vertex 29.8121 10.4307 2
      vertex 29.6568 10.4077 2
    endloop
  endfacet
  facet normal -0.98921 0.146502 0
    outer loop
      vertex 31.0693 11.6879 2
      vertex 31.0923 11.8432 7
      vertex 31.0923 11.8432 2
    endloop
  endfacet
  facet normal -0.98921 0.146502 0
    outer loop
      vertex 31.0923 11.8432 7
      vertex 31.0693 11.6879 2
      vertex 31.0693 11.6879 7
    endloop
  endfacet
  facet normal 0.98921 -0.146502 0
    outer loop
      vertex 27.9077 12.1568 7
      vertex 27.9307 12.3121 2
      vertex 27.9307 12.3121 7
    endloop
  endfacet
  facet normal 0.98921 -0.146502 0
    outer loop
      vertex 27.9307 12.3121 2
      vertex 27.9077 12.1568 7
      vertex 27.9077 12.1568 2
    endloop
  endfacet
  facet normal -0.904023 -0.427484 0
    outer loop
      vertex 30.9782 12.6123 2
      vertex 30.9111 12.7542 7
      vertex 30.9111 12.7542 2
    endloop
  endfacet
  facet normal -0.904023 -0.427484 0
    outer loop
      vertex 30.9111 12.7542 7
      vertex 30.9782 12.6123 2
      vertex 30.9782 12.6123 7
    endloop
  endfacet
  facet normal -0.80297 -0.596019 0
    outer loop
      vertex 30.8304 12.8889 2
      vertex 30.7368 13.015 7
      vertex 30.7368 13.015 2
    endloop
  endfacet
  facet normal -0.80297 -0.596019 0
    outer loop
      vertex 30.7368 13.015 7
      vertex 30.8304 12.8889 2
      vertex 30.8304 12.8889 7
    endloop
  endfacet
  facet normal -0.336982 -0.941511 0
    outer loop
      vertex 29.9645 13.5311 2
      vertex 30.1123 13.4782 7
      vertex 29.9645 13.5311 7
    endloop
  endfacet
  facet normal -0.336982 -0.941511 -0
    outer loop
      vertex 30.1123 13.4782 7
      vertex 29.9645 13.5311 2
      vertex 30.1123 13.4782 2
    endloop
  endfacet
  facet normal 0.671213 -0.741264 0
    outer loop
      vertex 28.3686 13.1314 2
      vertex 28.485 13.2368 7
      vertex 28.3686 13.1314 7
    endloop
  endfacet
  facet normal 0.671213 -0.741264 0
    outer loop
      vertex 28.485 13.2368 7
      vertex 28.3686 13.1314 2
      vertex 28.485 13.2368 2
    endloop
  endfacet
  facet normal 0.243135 0.969993 -0
    outer loop
      vertex 29.1879 10.4307 2
      vertex 29.0355 10.4689 7
      vertex 29.1879 10.4307 7
    endloop
  endfacet
  facet normal 0.243135 0.969993 0
    outer loop
      vertex 29.0355 10.4689 7
      vertex 29.1879 10.4307 2
      vertex 29.0355 10.4689 2
    endloop
  endfacet
  facet normal 0.146502 -0.98921 0
    outer loop
      vertex 29.1879 13.5693 2
      vertex 29.3432 13.5923 7
      vertex 29.1879 13.5693 7
    endloop
  endfacet
  facet normal 0.146502 -0.98921 0
    outer loop
      vertex 29.3432 13.5923 7
      vertex 29.1879 13.5693 2
      vertex 29.3432 13.5923 2
    endloop
  endfacet
  facet normal 0.80297 0.596019 0
    outer loop
      vertex 28.2632 10.985 7
      vertex 28.1696 11.1111 2
      vertex 28.1696 11.1111 7
    endloop
  endfacet
  facet normal 0.80297 0.596019 0
    outer loop
      vertex 28.1696 11.1111 2
      vertex 28.2632 10.985 7
      vertex 28.2632 10.985 2
    endloop
  endfacet
  facet normal 0.741264 0.671213 0
    outer loop
      vertex 28.3686 10.8686 7
      vertex 28.2632 10.985 2
      vertex 28.2632 10.985 7
    endloop
  endfacet
  facet normal 0.741264 0.671213 0
    outer loop
      vertex 28.2632 10.985 2
      vertex 28.3686 10.8686 7
      vertex 28.3686 10.8686 2
    endloop
  endfacet
  facet normal -0.243135 -0.969993 0
    outer loop
      vertex 29.8121 13.5693 2
      vertex 29.9645 13.5311 7
      vertex 29.8121 13.5693 7
    endloop
  endfacet
  facet normal -0.243135 -0.969993 -0
    outer loop
      vertex 29.9645 13.5311 7
      vertex 29.8121 13.5693 2
      vertex 29.9645 13.5311 2
    endloop
  endfacet
  facet normal 0.049048 0.998796 -0
    outer loop
      vertex 29.5 10.4 2
      vertex 29.3432 10.4077 7
      vertex 29.5 10.4 7
    endloop
  endfacet
  facet normal 0.049048 0.998796 0
    outer loop
      vertex 29.3432 10.4077 7
      vertex 29.5 10.4 2
      vertex 29.3432 10.4077 2
    endloop
  endfacet
  facet normal 0.941511 0.336982 0
    outer loop
      vertex 28.0218 11.3877 7
      vertex 27.9689 11.5355 2
      vertex 27.9689 11.5355 7
    endloop
  endfacet
  facet normal 0.941511 0.336982 0
    outer loop
      vertex 27.9689 11.5355 2
      vertex 28.0218 11.3877 7
      vertex 28.0218 11.3877 2
    endloop
  endfacet
  facet normal 0.427484 0.904023 -0
    outer loop
      vertex 28.8877 10.5218 2
      vertex 28.7458 10.5889 7
      vertex 28.8877 10.5218 7
    endloop
  endfacet
  facet normal 0.427484 0.904023 0
    outer loop
      vertex 28.7458 10.5889 7
      vertex 28.8877 10.5218 2
      vertex 28.7458 10.5889 2
    endloop
  endfacet
  facet normal 0.513934 -0.85783 0
    outer loop
      vertex 28.6111 13.3304 2
      vertex 28.7458 13.4111 7
      vertex 28.6111 13.3304 7
    endloop
  endfacet
  facet normal 0.513934 -0.85783 0
    outer loop
      vertex 28.7458 13.4111 7
      vertex 28.6111 13.3304 2
      vertex 28.7458 13.4111 2
    endloop
  endfacet
  facet normal 0.671213 0.741264 -0
    outer loop
      vertex 28.485 10.7632 2
      vertex 28.3686 10.8686 7
      vertex 28.485 10.7632 7
    endloop
  endfacet
  facet normal 0.671213 0.741264 0
    outer loop
      vertex 28.3686 10.8686 7
      vertex 28.485 10.7632 2
      vertex 28.3686 10.8686 2
    endloop
  endfacet
  facet normal -0.80297 0.596019 0
    outer loop
      vertex 30.7368 10.985 2
      vertex 30.8304 11.1111 7
      vertex 30.8304 11.1111 2
    endloop
  endfacet
  facet normal -0.80297 0.596019 0
    outer loop
      vertex 30.8304 11.1111 7
      vertex 30.7368 10.985 2
      vertex 30.7368 10.985 7
    endloop
  endfacet
  facet normal -0.336982 0.941511 0
    outer loop
      vertex 30.1123 10.5218 2
      vertex 29.9645 10.4689 7
      vertex 30.1123 10.5218 7
    endloop
  endfacet
  facet normal -0.336982 0.941511 0
    outer loop
      vertex 29.9645 10.4689 7
      vertex 30.1123 10.5218 2
      vertex 29.9645 10.4689 2
    endloop
  endfacet
  facet normal 0.904023 -0.427484 0
    outer loop
      vertex 28.0218 12.6123 7
      vertex 28.0889 12.7542 2
      vertex 28.0889 12.7542 7
    endloop
  endfacet
  facet normal 0.904023 -0.427484 0
    outer loop
      vertex 28.0889 12.7542 2
      vertex 28.0218 12.6123 7
      vertex 28.0218 12.6123 2
    endloop
  endfacet
  facet normal 0.998796 -0.049048 0
    outer loop
      vertex 27.9 12 7
      vertex 27.9077 12.1568 2
      vertex 27.9077 12.1568 7
    endloop
  endfacet
  facet normal 0.998796 -0.049048 0
    outer loop
      vertex 27.9077 12.1568 2
      vertex 27.9 12 7
      vertex 27.9 12 2
    endloop
  endfacet
  facet normal 0.85783 0.513934 0
    outer loop
      vertex 28.1696 11.1111 7
      vertex 28.0889 11.2458 2
      vertex 28.0889 11.2458 7
    endloop
  endfacet
  facet normal 0.85783 0.513934 0
    outer loop
      vertex 28.0889 11.2458 2
      vertex 28.1696 11.1111 7
      vertex 28.1696 11.1111 2
    endloop
  endfacet
  facet normal 0.904023 0.427484 0
    outer loop
      vertex 28.0889 11.2458 7
      vertex 28.0218 11.3877 2
      vertex 28.0218 11.3877 7
    endloop
  endfacet
  facet normal 0.904023 0.427484 0
    outer loop
      vertex 28.0218 11.3877 2
      vertex 28.0889 11.2458 7
      vertex 28.0889 11.2458 2
    endloop
  endfacet
  facet normal -0.85783 0.513934 0
    outer loop
      vertex 30.8304 11.1111 2
      vertex 30.9111 11.2458 7
      vertex 30.9111 11.2458 2
    endloop
  endfacet
  facet normal -0.85783 0.513934 0
    outer loop
      vertex 30.9111 11.2458 7
      vertex 30.8304 11.1111 2
      vertex 30.8304 11.1111 7
    endloop
  endfacet
  facet normal -0.671213 0.741264 0
    outer loop
      vertex 30.6314 10.8686 2
      vertex 30.515 10.7632 7
      vertex 30.6314 10.8686 7
    endloop
  endfacet
  facet normal -0.671213 0.741264 0
    outer loop
      vertex 30.515 10.7632 7
      vertex 30.6314 10.8686 2
      vertex 30.515 10.7632 2
    endloop
  endfacet
  facet normal -0.989145 -0.146942 0
    outer loop
      vertex 32.5851 12.3039 0.0213881
      vertex 32.5404 12.6048 2
      vertex 32.5404 12.6048 0.0213881
    endloop
  endfacet
  facet normal -0.989145 -0.146942 0
    outer loop
      vertex 32.5404 12.6048 2
      vertex 32.5851 12.3039 0.0213881
      vertex 32.5851 12.3039 2
    endloop
  endfacet
  facet normal -0.9988 -0.0489705 0
    outer loop
      vertex 32.6 12 0.0213881
      vertex 32.5851 12.3039 2
      vertex 32.5851 12.3039 0.0213881
    endloop
  endfacet
  facet normal -0.9988 -0.0489705 0
    outer loop
      vertex 32.5851 12.3039 2
      vertex 32.6 12 0.0213881
      vertex 32.6 12 2
    endloop
  endfacet
  facet normal -0.970046 -0.242922 0
    outer loop
      vertex 32.5404 12.6048 0.0213881
      vertex 32.4665 12.8999 2
      vertex 32.4665 12.8999 0.0213881
    endloop
  endfacet
  facet normal -0.970046 -0.242922 0
    outer loop
      vertex 32.4665 12.8999 2
      vertex 32.5404 12.6048 0.0213881
      vertex 32.5404 12.6048 2
    endloop
  endfacet
  facet normal -0.803027 0.595943 0
    outer loop
      vertex 31.8963 10.0334 0.0213881
      vertex 32.0776 10.2777 2
      vertex 32.0776 10.2777 0.0213881
    endloop
  endfacet
  facet normal -0.803027 0.595943 0
    outer loop
      vertex 32.0776 10.2777 2
      vertex 31.8963 10.0334 0.0213881
      vertex 31.8963 10.0334 2
    endloop
  endfacet
  facet normal -0.0490688 0.998795 0
    outer loop
      vertex 29.8039 8.91493 0.0213881
      vertex 29.5 8.9 2
      vertex 29.8039 8.91493 2
    endloop
  endfacet
  facet normal -0.0490688 0.998795 0
    outer loop
      vertex 29.5 8.9 2
      vertex 29.8039 8.91493 0.0213881
      vertex 29.5 8.9 0.0213881
    endloop
  endfacet
  facet normal -0.514012 0.857783 0
    outer loop
      vertex 31.2223 9.42244 0.0213881
      vertex 30.9613 9.26604 2
      vertex 31.2223 9.42244 2
    endloop
  endfacet
  facet normal -0.514012 0.857783 0
    outer loop
      vertex 30.9613 9.26604 2
      vertex 31.2223 9.42244 0.0213881
      vertex 30.9613 9.26604 0.0213881
    endloop
  endfacet
  facet normal 0.42738 -0.904072 0
    outer loop
      vertex 28.0387 14.734 0.0213881
      vertex 28.3137 14.864 2
      vertex 28.0387 14.734 2
    endloop
  endfacet
  facet normal 0.42738 -0.904072 0
    outer loop
      vertex 28.3137 14.864 2
      vertex 28.0387 14.734 0.0213881
      vertex 28.3137 14.864 0.0213881
    endloop
  endfacet
  facet normal -0.514012 -0.857783 0
    outer loop
      vertex 30.9613 14.734 0.0213881
      vertex 31.2223 14.5776 2
      vertex 30.9613 14.734 2
    endloop
  endfacet
  facet normal -0.514012 -0.857783 -0
    outer loop
      vertex 31.2223 14.5776 2
      vertex 30.9613 14.734 0.0213881
      vertex 31.2223 14.5776 0.0213881
    endloop
  endfacet
  facet normal 0.0489705 -0.9988 0
    outer loop
      vertex 29.1961 15.0851 0.0213881
      vertex 29.5 15.1 2
      vertex 29.1961 15.0851 2
    endloop
  endfacet
  facet normal 0.0489705 -0.9988 0
    outer loop
      vertex 29.5 15.1 2
      vertex 29.1961 15.0851 0.0213881
      vertex 29.5 15.1 0.0213881
    endloop
  endfacet
  facet normal 0.803027 0.595943 0
    outer loop
      vertex 27.1037 10.0334 2
      vertex 26.9224 10.2777 0.0213881
      vertex 26.9224 10.2777 2
    endloop
  endfacet
  facet normal 0.803027 0.595943 0
    outer loop
      vertex 26.9224 10.2777 0.0213881
      vertex 27.1037 10.0334 2
      vertex 27.1037 10.0334 0.0213881
    endloop
  endfacet
  facet normal -0.941519 -0.336961 0
    outer loop
      vertex 32.4665 12.8999 0.0213881
      vertex 32.364 13.1863 2
      vertex 32.364 13.1863 0.0213881
    endloop
  endfacet
  facet normal -0.941519 -0.336961 0
    outer loop
      vertex 32.364 13.1863 2
      vertex 32.4665 12.8999 0.0213881
      vertex 32.4665 12.8999 2
    endloop
  endfacet
  facet normal -0.941519 0.336961 0
    outer loop
      vertex 32.364 10.8137 0.0213881
      vertex 32.4665 11.1001 2
      vertex 32.4665 11.1001 0.0213881
    endloop
  endfacet
  facet normal -0.941519 0.336961 0
    outer loop
      vertex 32.4665 11.1001 2
      vertex 32.364 10.8137 0.0213881
      vertex 32.364 10.8137 2
    endloop
  endfacet
  facet normal 0.857783 0.514012 0
    outer loop
      vertex 26.9224 10.2777 2
      vertex 26.766 10.5387 0.0213881
      vertex 26.766 10.5387 2
    endloop
  endfacet
  facet normal 0.857783 0.514012 0
    outer loop
      vertex 26.766 10.5387 0.0213881
      vertex 26.9224 10.2777 2
      vertex 26.9224 10.2777 0.0213881
    endloop
  endfacet
  facet normal -0.242984 0.97003 0
    outer loop
      vertex 30.3999 9.03349 0.0213881
      vertex 30.1048 8.95957 2
      vertex 30.3999 9.03349 2
    endloop
  endfacet
  facet normal -0.242984 0.97003 0
    outer loop
      vertex 30.1048 8.95957 2
      vertex 30.3999 9.03349 0.0213881
      vertex 30.1048 8.95957 0.0213881
    endloop
  endfacet
  facet normal -0.9988 0.0489705 0
    outer loop
      vertex 32.5851 11.6961 0.0213881
      vertex 32.6 12 2
      vertex 32.6 12 0.0213881
    endloop
  endfacet
  facet normal -0.9988 0.0489705 0
    outer loop
      vertex 32.6 12 2
      vertex 32.5851 11.6961 0.0213881
      vertex 32.5851 11.6961 2
    endloop
  endfacet
  facet normal 0.989145 0.146942 0
    outer loop
      vertex 26.4596 11.3952 2
      vertex 26.4149 11.6961 0.0213881
      vertex 26.4149 11.6961 2
    endloop
  endfacet
  facet normal 0.989145 0.146942 0
    outer loop
      vertex 26.4149 11.6961 0.0213881
      vertex 26.4596 11.3952 2
      vertex 26.4596 11.3952 0.0213881
    endloop
  endfacet
  facet normal 0.595943 -0.803027 0
    outer loop
      vertex 27.5334 14.3963 0.0213881
      vertex 27.7777 14.5776 2
      vertex 27.5334 14.3963 2
    endloop
  endfacet
  facet normal 0.595943 -0.803027 0
    outer loop
      vertex 27.7777 14.5776 2
      vertex 27.5334 14.3963 0.0213881
      vertex 27.7777 14.5776 0.0213881
    endloop
  endfacet
  facet normal -0.595943 -0.803027 0
    outer loop
      vertex 31.2223 14.5776 0.0213881
      vertex 31.4666 14.3963 2
      vertex 31.2223 14.5776 2
    endloop
  endfacet
  facet normal -0.595943 -0.803027 -0
    outer loop
      vertex 31.4666 14.3963 2
      vertex 31.2223 14.5776 0.0213881
      vertex 31.4666 14.3963 0.0213881
    endloop
  endfacet
  facet normal -0.74098 0.671527 0
    outer loop
      vertex 31.692 9.80797 0.0213881
      vertex 31.8963 10.0334 2
      vertex 31.8963 10.0334 0.0213881
    endloop
  endfacet
  facet normal -0.74098 0.671527 0
    outer loop
      vertex 31.8963 10.0334 2
      vertex 31.692 9.80797 0.0213881
      vertex 31.692 9.80797 2
    endloop
  endfacet
  facet normal 0.941519 0.336961 0
    outer loop
      vertex 26.636 10.8137 2
      vertex 26.5335 11.1001 0.0213881
      vertex 26.5335 11.1001 2
    endloop
  endfacet
  facet normal 0.941519 0.336961 0
    outer loop
      vertex 26.5335 11.1001 0.0213881
      vertex 26.636 10.8137 2
      vertex 26.636 10.8137 0.0213881
    endloop
  endfacet
  facet normal -0.989145 0.146942 0
    outer loop
      vertex 32.5404 11.3952 0.0213881
      vertex 32.5851 11.6961 2
      vertex 32.5851 11.6961 0.0213881
    endloop
  endfacet
  facet normal -0.989145 0.146942 0
    outer loop
      vertex 32.5851 11.6961 2
      vertex 32.5404 11.3952 0.0213881
      vertex 32.5404 11.3952 2
    endloop
  endfacet
  facet normal 0.857783 -0.514012 0
    outer loop
      vertex 26.766 13.4613 2
      vertex 26.9224 13.7223 0.0213881
      vertex 26.9224 13.7223 2
    endloop
  endfacet
  facet normal 0.857783 -0.514012 0
    outer loop
      vertex 26.9224 13.7223 0.0213881
      vertex 26.766 13.4613 2
      vertex 26.766 13.4613 0.0213881
    endloop
  endfacet
  facet normal -0.970046 0.242922 0
    outer loop
      vertex 32.4665 11.1001 0.0213881
      vertex 32.5404 11.3952 2
      vertex 32.5404 11.3952 0.0213881
    endloop
  endfacet
  facet normal -0.970046 0.242922 0
    outer loop
      vertex 32.5404 11.3952 2
      vertex 32.4665 11.1001 0.0213881
      vertex 32.4665 11.1001 2
    endloop
  endfacet
  facet normal -0.427568 0.903983 0
    outer loop
      vertex 30.9613 9.26604 0.0213881
      vertex 30.6863 9.13597 2
      vertex 30.9613 9.26604 2
    endloop
  endfacet
  facet normal -0.427568 0.903983 0
    outer loop
      vertex 30.6863 9.13597 2
      vertex 30.9613 9.26604 0.0213881
      vertex 30.6863 9.13597 0.0213881
    endloop
  endfacet
  facet normal 0 0 -1
    outer loop
      vertex 31.1 12 2
      vertex 32.6 12 2
      vertex 32.5851 11.6961 2
    endloop
  endfacet
  facet normal 0 0 -1
    outer loop
      vertex 31.0923 11.8432 2
      vertex 32.5851 11.6961 2
      vertex 32.5404 11.3952 2
    endloop
  endfacet
  facet normal 0 0 -1
    outer loop
      vertex 32.6 12 2
      vertex 31.1 12 2
      vertex 32.5851 12.3039 2
    endloop
  endfacet
  facet normal 0 0 -1
    outer loop
      vertex 31.0693 11.6879 2
      vertex 32.5404 11.3952 2
      vertex 32.4665 11.1001 2
    endloop
  endfacet
  facet normal 0 0 -1
    outer loop
      vertex 31.0923 12.1568 2
      vertex 32.5851 12.3039 2
      vertex 31.1 12 2
    endloop
  endfacet
  facet normal 0 0 -1
    outer loop
      vertex 31.0311 11.5355 2
      vertex 32.4665 11.1001 2
      vertex 32.364 10.8137 2
    endloop
  endfacet
  facet normal -0 0 -1
    outer loop
      vertex 32.5851 12.3039 2
      vertex 31.0923 12.1568 2
      vertex 32.5404 12.6048 2
    endloop
  endfacet
  facet normal 0 0 -1
    outer loop
      vertex 30.9782 11.3877 2
      vertex 32.364 10.8137 2
      vertex 32.234 10.5387 2
    endloop
  endfacet
  facet normal 0 0 -1
    outer loop
      vertex 31.0693 12.3121 2
      vertex 32.5404 12.6048 2
      vertex 31.0923 12.1568 2
    endloop
  endfacet
  facet normal 0 0 -1
    outer loop
      vertex 30.9111 11.2458 2
      vertex 32.234 10.5387 2
      vertex 32.0776 10.2777 2
    endloop
  endfacet
  facet normal -0 0 -1
    outer loop
      vertex 32.5404 12.6048 2
      vertex 31.0693 12.3121 2
      vertex 32.4665 12.8999 2
    endloop
  endfacet
  facet normal 0 0 -1
    outer loop
      vertex 30.8304 11.1111 2
      vertex 32.0776 10.2777 2
      vertex 31.8963 10.0334 2
    endloop
  endfacet
  facet normal 0 0 -1
    outer loop
      vertex 31.0311 12.4645 2
      vertex 32.4665 12.8999 2
      vertex 31.0693 12.3121 2
    endloop
  endfacet
  facet normal 0 0 -1
    outer loop
      vertex 30.7368 10.985 2
      vertex 31.8963 10.0334 2
      vertex 31.692 9.80797 2
    endloop
  endfacet
  facet normal -0 0 -1
    outer loop
      vertex 32.4665 12.8999 2
      vertex 31.0311 12.4645 2
      vertex 32.364 13.1863 2
    endloop
  endfacet
  facet normal 0 0 -1
    outer loop
      vertex 30.6314 10.8686 2
      vertex 31.692 9.80797 2
      vertex 31.4666 9.60367 2
    endloop
  endfacet
  facet normal 0 0 -1
    outer loop
      vertex 30.9782 12.6123 2
      vertex 32.364 13.1863 2
      vertex 31.0311 12.4645 2
    endloop
  endfacet
  facet normal 0 0 -1
    outer loop
      vertex 30.515 10.7632 2
      vertex 31.4666 9.60367 2
      vertex 31.2223 9.42244 2
    endloop
  endfacet
  facet normal -0 0 -1
    outer loop
      vertex 32.364 13.1863 2
      vertex 30.9782 12.6123 2
      vertex 32.234 13.4613 2
    endloop
  endfacet
  facet normal 0 0 -1
    outer loop
      vertex 30.9111 12.7542 2
      vertex 32.234 13.4613 2
      vertex 30.9782 12.6123 2
    endloop
  endfacet
  facet normal 0 0 -1
    outer loop
      vertex 32.5851 11.6961 2
      vertex 31.0923 11.8432 2
      vertex 31.1 12 2
    endloop
  endfacet
  facet normal 0 0 -1
    outer loop
      vertex 32.5404 11.3952 2
      vertex 31.0693 11.6879 2
      vertex 31.0923 11.8432 2
    endloop
  endfacet
  facet normal 0 0 -1
    outer loop
      vertex 32.4665 11.1001 2
      vertex 31.0311 11.5355 2
      vertex 31.0693 11.6879 2
    endloop
  endfacet
  facet normal 0 0 -1
    outer loop
      vertex 32.364 10.8137 2
      vertex 30.9782 11.3877 2
      vertex 31.0311 11.5355 2
    endloop
  endfacet
  facet normal 0 0 -1
    outer loop
      vertex 30.3889 10.6696 2
      vertex 31.2223 9.42244 2
      vertex 30.9613 9.26604 2
    endloop
  endfacet
  facet normal 0 0 -1
    outer loop
      vertex 32.234 10.5387 2
      vertex 30.9111 11.2458 2
      vertex 30.9782 11.3877 2
    endloop
  endfacet
  facet normal 0 0 -1
    outer loop
      vertex 32.0776 10.2777 2
      vertex 30.8304 11.1111 2
      vertex 30.9111 11.2458 2
    endloop
  endfacet
  facet normal 0 0 -1
    outer loop
      vertex 31.8963 10.0334 2
      vertex 30.7368 10.985 2
      vertex 30.8304 11.1111 2
    endloop
  endfacet
  facet normal 0 0 -1
    outer loop
      vertex 30.2542 10.5889 2
      vertex 30.9613 9.26604 2
      vertex 30.6863 9.13597 2
    endloop
  endfacet
  facet normal 0 0 -1
    outer loop
      vertex 31.692 9.80797 2
      vertex 30.6314 10.8686 2
      vertex 30.7368 10.985 2
    endloop
  endfacet
  facet normal 0 0 -1
    outer loop
      vertex 31.4666 9.60367 2
      vertex 30.515 10.7632 2
      vertex 30.6314 10.8686 2
    endloop
  endfacet
  facet normal 0 0 -1
    outer loop
      vertex 30.1123 10.5218 2
      vertex 30.6863 9.13597 2
      vertex 30.3999 9.03349 2
    endloop
  endfacet
  facet normal 0 0 -1
    outer loop
      vertex 31.2223 9.42244 2
      vertex 30.3889 10.6696 2
      vertex 30.515 10.7632 2
    endloop
  endfacet
  facet normal 0 0 -1
    outer loop
      vertex 30.9613 9.26604 2
      vertex 30.2542 10.5889 2
      vertex 30.3889 10.6696 2
    endloop
  endfacet
  facet normal 0 0 -1
    outer loop
      vertex 30.6863 9.13597 2
      vertex 30.1123 10.5218 2
      vertex 30.2542 10.5889 2
    endloop
  endfacet
  facet normal 0 0 -1
    outer loop
      vertex 29.9645 10.4689 2
      vertex 30.3999 9.03349 2
      vertex 30.1048 8.95957 2
    endloop
  endfacet
  facet normal 0 0 -1
    outer loop
      vertex 30.3999 9.03349 2
      vertex 29.9645 10.4689 2
      vertex 30.1123 10.5218 2
    endloop
  endfacet
  facet normal 0 0 -1
    outer loop
      vertex 30.1048 8.95957 2
      vertex 29.8121 10.4307 2
      vertex 29.9645 10.4689 2
    endloop
  endfacet
  facet normal 0 0 -1
    outer loop
      vertex 29.8039 8.91493 2
      vertex 29.8121 10.4307 2
      vertex 30.1048 8.95957 2
    endloop
  endfacet
  facet normal 0 0 -1
    outer loop
      vertex 29.8039 8.91493 2
      vertex 29.6568 10.4077 2
      vertex 29.8121 10.4307 2
    endloop
  endfacet
  facet normal 0 0 -1
    outer loop
      vertex 29.5 8.9 2
      vertex 29.6568 10.4077 2
      vertex 29.8039 8.91493 2
    endloop
  endfacet
  facet normal 0 0 -1
    outer loop
      vertex 29.5 8.9 2
      vertex 29.5 10.4 2
      vertex 29.6568 10.4077 2
    endloop
  endfacet
  facet normal 0 0 -1
    outer loop
      vertex 29.5 8.9 2
      vertex 29.3432 10.4077 2
      vertex 29.5 10.4 2
    endloop
  endfacet
  facet normal 0 0 -1
    outer loop
      vertex 29.1961 8.91493 2
      vertex 29.3432 10.4077 2
      vertex 29.5 8.9 2
    endloop
  endfacet
  facet normal 0 0 -1
    outer loop
      vertex 29.1961 8.91493 2
      vertex 29.1879 10.4307 2
      vertex 29.3432 10.4077 2
    endloop
  endfacet
  facet normal 0 0 -1
    outer loop
      vertex 28.8952 8.95957 2
      vertex 29.1879 10.4307 2
      vertex 29.1961 8.91493 2
    endloop
  endfacet
  facet normal -0 0 -1
    outer loop
      vertex 29.1879 10.4307 2
      vertex 28.8952 8.95957 2
      vertex 29.0355 10.4689 2
    endloop
  endfacet
  facet normal 0 0 -1
    outer loop
      vertex 28.6001 9.03349 2
      vertex 29.0355 10.4689 2
      vertex 28.8952 8.95957 2
    endloop
  endfacet
  facet normal -0 0 -1
    outer loop
      vertex 29.0355 10.4689 2
      vertex 28.6001 9.03349 2
      vertex 28.8877 10.5218 2
    endloop
  endfacet
  facet normal 0 0 -1
    outer loop
      vertex 28.3137 9.13597 2
      vertex 28.8877 10.5218 2
      vertex 28.6001 9.03349 2
    endloop
  endfacet
  facet normal -0 0 -1
    outer loop
      vertex 28.8877 10.5218 2
      vertex 28.3137 9.13597 2
      vertex 28.7458 10.5889 2
    endloop
  endfacet
  facet normal 0 0 -1
    outer loop
      vertex 28.0387 9.26604 2
      vertex 28.7458 10.5889 2
      vertex 28.3137 9.13597 2
    endloop
  endfacet
  facet normal -0 0 -1
    outer loop
      vertex 28.7458 10.5889 2
      vertex 28.0387 9.26604 2
      vertex 28.6111 10.6696 2
    endloop
  endfacet
  facet normal 0 0 -1
    outer loop
      vertex 27.7777 9.42244 2
      vertex 28.6111 10.6696 2
      vertex 28.0387 9.26604 2
    endloop
  endfacet
  facet normal -0 0 -1
    outer loop
      vertex 28.6111 10.6696 2
      vertex 27.7777 9.42244 2
      vertex 28.485 10.7632 2
    endloop
  endfacet
  facet normal 0 0 -1
    outer loop
      vertex 27.5334 9.60367 2
      vertex 28.485 10.7632 2
      vertex 27.7777 9.42244 2
    endloop
  endfacet
  facet normal -0 0 -1
    outer loop
      vertex 28.485 10.7632 2
      vertex 27.5334 9.60367 2
      vertex 28.3686 10.8686 2
    endloop
  endfacet
  facet normal 0 0 -1
    outer loop
      vertex 27.308 9.80797 2
      vertex 28.3686 10.8686 2
      vertex 27.5334 9.60367 2
    endloop
  endfacet
  facet normal -0 0 -1
    outer loop
      vertex 28.3686 10.8686 2
      vertex 27.308 9.80797 2
      vertex 28.2632 10.985 2
    endloop
  endfacet
  facet normal 0 0 -1
    outer loop
      vertex 27.1037 10.0334 2
      vertex 28.2632 10.985 2
      vertex 27.308 9.80797 2
    endloop
  endfacet
  facet normal -0 0 -1
    outer loop
      vertex 28.2632 10.985 2
      vertex 27.1037 10.0334 2
      vertex 28.1696 11.1111 2
    endloop
  endfacet
  facet normal 0 0 -1
    outer loop
      vertex 26.9224 10.2777 2
      vertex 28.1696 11.1111 2
      vertex 27.1037 10.0334 2
    endloop
  endfacet
  facet normal 0 0 -1
    outer loop
      vertex 26.766 10.5387 2
      vertex 28.0889 11.2458 2
      vertex 26.9224 10.2777 2
    endloop
  endfacet
  facet normal -0 0 -1
    outer loop
      vertex 28.1696 11.1111 2
      vertex 26.9224 10.2777 2
      vertex 28.0889 11.2458 2
    endloop
  endfacet
  facet normal -0 0 -1
    outer loop
      vertex 32.234 13.4613 2
      vertex 30.9111 12.7542 2
      vertex 32.0776 13.7223 2
    endloop
  endfacet
  facet normal 0 0 -1
    outer loop
      vertex 30.8304 12.8889 2
      vertex 32.0776 13.7223 2
      vertex 30.9111 12.7542 2
    endloop
  endfacet
  facet normal -0 0 -1
    outer loop
      vertex 32.0776 13.7223 2
      vertex 30.8304 12.8889 2
      vertex 31.8963 13.9666 2
    endloop
  endfacet
  facet normal 0 0 -1
    outer loop
      vertex 30.7368 13.015 2
      vertex 31.8963 13.9666 2
      vertex 30.8304 12.8889 2
    endloop
  endfacet
  facet normal -0 0 -1
    outer loop
      vertex 31.8963 13.9666 2
      vertex 30.7368 13.015 2
      vertex 31.692 14.192 2
    endloop
  endfacet
  facet normal 0 0 -1
    outer loop
      vertex 30.6314 13.1314 2
      vertex 31.692 14.192 2
      vertex 30.7368 13.015 2
    endloop
  endfacet
  facet normal -0 0 -1
    outer loop
      vertex 31.692 14.192 2
      vertex 30.6314 13.1314 2
      vertex 31.4666 14.3963 2
    endloop
  endfacet
  facet normal 0 0 -1
    outer loop
      vertex 30.515 13.2368 2
      vertex 31.4666 14.3963 2
      vertex 30.6314 13.1314 2
    endloop
  endfacet
  facet normal -0 0 -1
    outer loop
      vertex 31.4666 14.3963 2
      vertex 30.515 13.2368 2
      vertex 31.2223 14.5776 2
    endloop
  endfacet
  facet normal 0 0 -1
    outer loop
      vertex 30.3889 13.3304 2
      vertex 31.2223 14.5776 2
      vertex 30.515 13.2368 2
    endloop
  endfacet
  facet normal -0 0 -1
    outer loop
      vertex 31.2223 14.5776 2
      vertex 30.3889 13.3304 2
      vertex 30.9613 14.734 2
    endloop
  endfacet
  facet normal 0 0 -1
    outer loop
      vertex 30.2542 13.4111 2
      vertex 30.9613 14.734 2
      vertex 30.3889 13.3304 2
    endloop
  endfacet
  facet normal -0 0 -1
    outer loop
      vertex 30.9613 14.734 2
      vertex 30.2542 13.4111 2
      vertex 30.6863 14.864 2
    endloop
  endfacet
  facet normal 0 0 -1
    outer loop
      vertex 30.1123 13.4782 2
      vertex 30.6863 14.864 2
      vertex 30.2542 13.4111 2
    endloop
  endfacet
  facet normal -0 0 -1
    outer loop
      vertex 30.6863 14.864 2
      vertex 30.1123 13.4782 2
      vertex 30.3999 14.9665 2
    endloop
  endfacet
  facet normal 0 0 -1
    outer loop
      vertex 29.9645 13.5311 2
      vertex 30.3999 14.9665 2
      vertex 30.1123 13.4782 2
    endloop
  endfacet
  facet normal -0 0 -1
    outer loop
      vertex 30.3999 14.9665 2
      vertex 29.9645 13.5311 2
      vertex 30.1048 15.0404 2
    endloop
  endfacet
  facet normal 0 0 -1
    outer loop
      vertex 29.8121 13.5693 2
      vertex 30.1048 15.0404 2
      vertex 29.9645 13.5311 2
    endloop
  endfacet
  facet normal 0 0 -1
    outer loop
      vertex 29.8121 13.5693 2
      vertex 29.8039 15.0851 2
      vertex 30.1048 15.0404 2
    endloop
  endfacet
  facet normal 0 0 -1
    outer loop
      vertex 29.6568 13.5923 2
      vertex 29.8039 15.0851 2
      vertex 29.8121 13.5693 2
    endloop
  endfacet
  facet normal 0 0 -1
    outer loop
      vertex 29.5 13.6 2
      vertex 29.8039 15.0851 2
      vertex 29.6568 13.5923 2
    endloop
  endfacet
  facet normal 0 0 -1
    outer loop
      vertex 29.5 13.6 2
      vertex 29.5 15.1 2
      vertex 29.8039 15.0851 2
    endloop
  endfacet
  facet normal 0 0 -1
    outer loop
      vertex 29.3432 13.5923 2
      vertex 29.5 15.1 2
      vertex 29.5 13.6 2
    endloop
  endfacet
  facet normal 0 0 -1
    outer loop
      vertex 29.3432 13.5923 2
      vertex 29.1961 15.0851 2
      vertex 29.5 15.1 2
    endloop
  endfacet
  facet normal 0 0 -1
    outer loop
      vertex 29.1879 13.5693 2
      vertex 29.1961 15.0851 2
      vertex 29.3432 13.5923 2
    endloop
  endfacet
  facet normal 0 0 -1
    outer loop
      vertex 28.8952 15.0404 2
      vertex 29.1879 13.5693 2
      vertex 29.0355 13.5311 2
    endloop
  endfacet
  facet normal 0 0 -1
    outer loop
      vertex 29.1879 13.5693 2
      vertex 28.8952 15.0404 2
      vertex 29.1961 15.0851 2
    endloop
  endfacet
  facet normal 0 0 -1
    outer loop
      vertex 28.6001 14.9665 2
      vertex 29.0355 13.5311 2
      vertex 28.8877 13.4782 2
    endloop
  endfacet
  facet normal 0 0 -1
    outer loop
      vertex 28.3137 14.864 2
      vertex 28.8877 13.4782 2
      vertex 28.7458 13.4111 2
    endloop
  endfacet
  facet normal 0 0 -1
    outer loop
      vertex 28.0387 14.734 2
      vertex 28.7458 13.4111 2
      vertex 28.6111 13.3304 2
    endloop
  endfacet
  facet normal 0 0 -1
    outer loop
      vertex 29.0355 13.5311 2
      vertex 28.6001 14.9665 2
      vertex 28.8952 15.0404 2
    endloop
  endfacet
  facet normal 0 0 -1
    outer loop
      vertex 27.7777 14.5776 2
      vertex 28.6111 13.3304 2
      vertex 28.485 13.2368 2
    endloop
  endfacet
  facet normal 0 0 -1
    outer loop
      vertex 27.5334 14.3963 2
      vertex 28.485 13.2368 2
      vertex 28.3686 13.1314 2
    endloop
  endfacet
  facet normal 0 0 -1
    outer loop
      vertex 28.8877 13.4782 2
      vertex 28.3137 14.864 2
      vertex 28.6001 14.9665 2
    endloop
  endfacet
  facet normal 0 0 -1
    outer loop
      vertex 27.308 14.192 2
      vertex 28.3686 13.1314 2
      vertex 28.2632 13.015 2
    endloop
  endfacet
  facet normal 0 0 -1
    outer loop
      vertex 27.1037 13.9666 2
      vertex 28.2632 13.015 2
      vertex 28.1696 12.8889 2
    endloop
  endfacet
  facet normal 0 0 -1
    outer loop
      vertex 26.9224 13.7223 2
      vertex 28.1696 12.8889 2
      vertex 28.0889 12.7542 2
    endloop
  endfacet
  facet normal 0 0 -1
    outer loop
      vertex 28.7458 13.4111 2
      vertex 28.0387 14.734 2
      vertex 28.3137 14.864 2
    endloop
  endfacet
  facet normal 0 0 -1
    outer loop
      vertex 26.766 13.4613 2
      vertex 28.0889 12.7542 2
      vertex 28.0218 12.6123 2
    endloop
  endfacet
  facet normal 0 0 -1
    outer loop
      vertex 26.636 13.1863 2
      vertex 28.0218 12.6123 2
      vertex 27.9689 12.4645 2
    endloop
  endfacet
  facet normal 0 0 -1
    outer loop
      vertex 26.5335 12.8999 2
      vertex 27.9689 12.4645 2
      vertex 27.9307 12.3121 2
    endloop
  endfacet
  facet normal 0 0 -1
    outer loop
      vertex 26.4596 12.6048 2
      vertex 27.9307 12.3121 2
      vertex 27.9077 12.1568 2
    endloop
  endfacet
  facet normal 0 0 -1
    outer loop
      vertex 28.6111 13.3304 2
      vertex 27.7777 14.5776 2
      vertex 28.0387 14.734 2
    endloop
  endfacet
  facet normal 0 0 -1
    outer loop
      vertex 26.4149 12.3039 2
      vertex 27.9077 12.1568 2
      vertex 27.9 12 2
    endloop
  endfacet
  facet normal -0 0 -1
    outer loop
      vertex 28.0889 11.2458 2
      vertex 26.766 10.5387 2
      vertex 28.0218 11.3877 2
    endloop
  endfacet
  facet normal 0 0 -1
    outer loop
      vertex 26.636 10.8137 2
      vertex 28.0218 11.3877 2
      vertex 26.766 10.5387 2
    endloop
  endfacet
  facet normal 0 0 -1
    outer loop
      vertex 28.485 13.2368 2
      vertex 27.5334 14.3963 2
      vertex 27.7777 14.5776 2
    endloop
  endfacet
  facet normal -0 0 -1
    outer loop
      vertex 28.0218 11.3877 2
      vertex 26.636 10.8137 2
      vertex 27.9689 11.5355 2
    endloop
  endfacet
  facet normal 0 0 -1
    outer loop
      vertex 28.3686 13.1314 2
      vertex 27.308 14.192 2
      vertex 27.5334 14.3963 2
    endloop
  endfacet
  facet normal 0 0 -1
    outer loop
      vertex 26.5335 11.1001 2
      vertex 27.9689 11.5355 2
      vertex 26.636 10.8137 2
    endloop
  endfacet
  facet normal 0 0 -1
    outer loop
      vertex 28.2632 13.015 2
      vertex 27.1037 13.9666 2
      vertex 27.308 14.192 2
    endloop
  endfacet
  facet normal -0 0 -1
    outer loop
      vertex 27.9689 11.5355 2
      vertex 26.5335 11.1001 2
      vertex 27.9307 11.6879 2
    endloop
  endfacet
  facet normal 0 0 -1
    outer loop
      vertex 28.1696 12.8889 2
      vertex 26.9224 13.7223 2
      vertex 27.1037 13.9666 2
    endloop
  endfacet
  facet normal 0 0 -1
    outer loop
      vertex 26.4596 11.3952 2
      vertex 27.9307 11.6879 2
      vertex 26.5335 11.1001 2
    endloop
  endfacet
  facet normal 0 0 -1
    outer loop
      vertex 28.0889 12.7542 2
      vertex 26.766 13.4613 2
      vertex 26.9224 13.7223 2
    endloop
  endfacet
  facet normal -0 0 -1
    outer loop
      vertex 27.9307 11.6879 2
      vertex 26.4596 11.3952 2
      vertex 27.9077 11.8432 2
    endloop
  endfacet
  facet normal 0 0 -1
    outer loop
      vertex 28.0218 12.6123 2
      vertex 26.636 13.1863 2
      vertex 26.766 13.4613 2
    endloop
  endfacet
  facet normal 0 0 -1
    outer loop
      vertex 26.4149 11.6961 2
      vertex 27.9077 11.8432 2
      vertex 26.4596 11.3952 2
    endloop
  endfacet
  facet normal 0 0 -1
    outer loop
      vertex 27.9689 12.4645 2
      vertex 26.5335 12.8999 2
      vertex 26.636 13.1863 2
    endloop
  endfacet
  facet normal -0 0 -1
    outer loop
      vertex 27.9077 11.8432 2
      vertex 26.4149 11.6961 2
      vertex 27.9 12 2
    endloop
  endfacet
  facet normal 0 0 -1
    outer loop
      vertex 27.9307 12.3121 2
      vertex 26.4596 12.6048 2
      vertex 26.5335 12.8999 2
    endloop
  endfacet
  facet normal 0 0 -1
    outer loop
      vertex 26.4 12 2
      vertex 27.9 12 2
      vertex 26.4149 11.6961 2
    endloop
  endfacet
  facet normal 0 0 -1
    outer loop
      vertex 27.9077 12.1568 2
      vertex 26.4149 12.3039 2
      vertex 26.4596 12.6048 2
    endloop
  endfacet
  facet normal 0 0 -1
    outer loop
      vertex 27.9 12 2
      vertex 26.4 12 2
      vertex 26.4149 12.3039 2
    endloop
  endfacet
  facet normal -0.671576 -0.740936 0
    outer loop
      vertex 31.4666 14.3963 0.0213881
      vertex 31.692 14.192 2
      vertex 31.4666 14.3963 2
    endloop
  endfacet
  facet normal -0.671576 -0.740936 -0
    outer loop
      vertex 31.692 14.192 2
      vertex 31.4666 14.3963 0.0213881
      vertex 31.692 14.192 0.0213881
    endloop
  endfacet
  facet normal 0.336961 -0.941519 0
    outer loop
      vertex 28.3137 14.864 0.0213881
      vertex 28.6001 14.9665 2
      vertex 28.3137 14.864 2
    endloop
  endfacet
  facet normal 0.336961 -0.941519 0
    outer loop
      vertex 28.6001 14.9665 2
      vertex 28.3137 14.864 0.0213881
      vertex 28.6001 14.9665 0.0213881
    endloop
  endfacet
  facet normal -0.42738 -0.904072 0
    outer loop
      vertex 30.6863 14.864 0.0213881
      vertex 30.9613 14.734 2
      vertex 30.6863 14.864 2
    endloop
  endfacet
  facet normal -0.42738 -0.904072 -0
    outer loop
      vertex 30.9613 14.734 2
      vertex 30.6863 14.864 0.0213881
      vertex 30.9613 14.734 0.0213881
    endloop
  endfacet
  facet normal 0.9988 -0.0489705 0
    outer loop
      vertex 26.4 12 2
      vertex 26.4149 12.3039 0.0213881
      vertex 26.4149 12.3039 2
    endloop
  endfacet
  facet normal 0.9988 -0.0489705 0
    outer loop
      vertex 26.4149 12.3039 0.0213881
      vertex 26.4 12 2
      vertex 26.4 12 0.0213881
    endloop
  endfacet
  facet normal -0.803027 -0.595943 0
    outer loop
      vertex 32.0776 13.7223 0.0213881
      vertex 31.8963 13.9666 2
      vertex 31.8963 13.9666 0.0213881
    endloop
  endfacet
  facet normal -0.803027 -0.595943 0
    outer loop
      vertex 31.8963 13.9666 2
      vertex 32.0776 13.7223 0.0213881
      vertex 32.0776 13.7223 2
    endloop
  endfacet
  facet normal -0.0489705 -0.9988 0
    outer loop
      vertex 29.5 15.1 0.0213881
      vertex 29.8039 15.0851 2
      vertex 29.5 15.1 2
    endloop
  endfacet
  facet normal -0.0489705 -0.9988 -0
    outer loop
      vertex 29.8039 15.0851 2
      vertex 29.5 15.1 0.0213881
      vertex 29.8039 15.0851 0.0213881
    endloop
  endfacet
  facet normal 0.671576 -0.740936 0
    outer loop
      vertex 27.308 14.192 0.0213881
      vertex 27.5334 14.3963 2
      vertex 27.308 14.192 2
    endloop
  endfacet
  facet normal 0.671576 -0.740936 0
    outer loop
      vertex 27.5334 14.3963 2
      vertex 27.308 14.192 0.0213881
      vertex 27.5334 14.3963 0.0213881
    endloop
  endfacet
  facet normal -0.336903 0.941539 0
    outer loop
      vertex 30.6863 9.13597 0.0213881
      vertex 30.3999 9.03349 2
      vertex 30.6863 9.13597 2
    endloop
  endfacet
  facet normal -0.336903 0.941539 0
    outer loop
      vertex 30.3999 9.03349 2
      vertex 30.6863 9.13597 0.0213881
      vertex 30.3999 9.03349 0.0213881
    endloop
  endfacet
  facet normal -0.740936 -0.671576 0
    outer loop
      vertex 31.8963 13.9666 0.0213881
      vertex 31.692 14.192 2
      vertex 31.692 14.192 0.0213881
    endloop
  endfacet
  facet normal -0.740936 -0.671576 0
    outer loop
      vertex 31.692 14.192 2
      vertex 31.8963 13.9666 0.0213881
      vertex 31.8963 13.9666 2
    endloop
  endfacet
  facet normal 0.242984 0.97003 -0
    outer loop
      vertex 28.8952 8.95957 0.0213881
      vertex 28.6001 9.03349 2
      vertex 28.8952 8.95957 2
    endloop
  endfacet
  facet normal 0.242984 0.97003 0
    outer loop
      vertex 28.6001 9.03349 2
      vertex 28.8952 8.95957 0.0213881
      vertex 28.6001 9.03349 0.0213881
    endloop
  endfacet
  facet normal -0.904072 -0.42738 0
    outer loop
      vertex 32.364 13.1863 0.0213881
      vertex 32.234 13.4613 2
      vertex 32.234 13.4613 0.0213881
    endloop
  endfacet
  facet normal -0.904072 -0.42738 0
    outer loop
      vertex 32.234 13.4613 2
      vertex 32.364 13.1863 0.0213881
      vertex 32.364 13.1863 2
    endloop
  endfacet
  facet normal -0.857783 0.514012 0
    outer loop
      vertex 32.0776 10.2777 0.0213881
      vertex 32.234 10.5387 2
      vertex 32.234 10.5387 0.0213881
    endloop
  endfacet
  facet normal -0.857783 0.514012 0
    outer loop
      vertex 32.234 10.5387 2
      vertex 32.0776 10.2777 0.0213881
      vertex 32.0776 10.2777 2
    endloop
  endfacet
  facet normal -0.336961 -0.941519 0
    outer loop
      vertex 30.3999 14.9665 0.0213881
      vertex 30.6863 14.864 2
      vertex 30.3999 14.9665 2
    endloop
  endfacet
  facet normal -0.336961 -0.941519 -0
    outer loop
      vertex 30.6863 14.864 2
      vertex 30.3999 14.9665 0.0213881
      vertex 30.6863 14.864 0.0213881
    endloop
  endfacet
  facet normal 0.242922 -0.970046 0
    outer loop
      vertex 28.6001 14.9665 0.0213881
      vertex 28.8952 15.0404 2
      vertex 28.6001 14.9665 2
    endloop
  endfacet
  facet normal 0.242922 -0.970046 0
    outer loop
      vertex 28.8952 15.0404 2
      vertex 28.6001 14.9665 0.0213881
      vertex 28.8952 15.0404 0.0213881
    endloop
  endfacet
  facet normal 0.514012 -0.857783 0
    outer loop
      vertex 27.7777 14.5776 0.0213881
      vertex 28.0387 14.734 2
      vertex 27.7777 14.5776 2
    endloop
  endfacet
  facet normal 0.514012 -0.857783 0
    outer loop
      vertex 28.0387 14.734 2
      vertex 27.7777 14.5776 0.0213881
      vertex 28.0387 14.734 0.0213881
    endloop
  endfacet
  facet normal -0.857783 -0.514012 0
    outer loop
      vertex 32.234 13.4613 0.0213881
      vertex 32.0776 13.7223 2
      vertex 32.0776 13.7223 0.0213881
    endloop
  endfacet
  facet normal -0.857783 -0.514012 0
    outer loop
      vertex 32.0776 13.7223 2
      vertex 32.234 13.4613 0.0213881
      vertex 32.234 13.4613 2
    endloop
  endfacet
  facet normal 0.970046 -0.242922 0
    outer loop
      vertex 26.4596 12.6048 2
      vertex 26.5335 12.8999 0.0213881
      vertex 26.5335 12.8999 2
    endloop
  endfacet
  facet normal 0.970046 -0.242922 0
    outer loop
      vertex 26.5335 12.8999 0.0213881
      vertex 26.4596 12.6048 2
      vertex 26.4596 12.6048 0.0213881
    endloop
  endfacet
  facet normal 0.146942 -0.989145 0
    outer loop
      vertex 28.8952 15.0404 0.0213881
      vertex 29.1961 15.0851 2
      vertex 28.8952 15.0404 2
    endloop
  endfacet
  facet normal 0.146942 -0.989145 0
    outer loop
      vertex 29.1961 15.0851 2
      vertex 28.8952 15.0404 0.0213881
      vertex 29.1961 15.0851 0.0213881
    endloop
  endfacet
  facet normal 0.904072 0.42738 0
    outer loop
      vertex 26.766 10.5387 2
      vertex 26.636 10.8137 0.0213881
      vertex 26.636 10.8137 2
    endloop
  endfacet
  facet normal 0.904072 0.42738 0
    outer loop
      vertex 26.636 10.8137 0.0213881
      vertex 26.766 10.5387 2
      vertex 26.766 10.5387 0.0213881
    endloop
  endfacet
  facet normal 0.146749 0.989174 -0
    outer loop
      vertex 29.1961 8.91493 0.0213881
      vertex 28.8952 8.95957 2
      vertex 29.1961 8.91493 2
    endloop
  endfacet
  facet normal 0.146749 0.989174 0
    outer loop
      vertex 28.8952 8.95957 2
      vertex 29.1961 8.91493 0.0213881
      vertex 28.8952 8.95957 0.0213881
    endloop
  endfacet
  facet normal -0.146749 0.989174 0
    outer loop
      vertex 30.1048 8.95957 0.0213881
      vertex 29.8039 8.91493 2
      vertex 30.1048 8.95957 2
    endloop
  endfacet
  facet normal -0.146749 0.989174 0
    outer loop
      vertex 29.8039 8.91493 2
      vertex 30.1048 8.95957 0.0213881
      vertex 29.8039 8.91493 0.0213881
    endloop
  endfacet
  facet normal 0.336903 0.941539 -0
    outer loop
      vertex 28.6001 9.03349 0.0213881
      vertex 28.3137 9.13597 2
      vertex 28.6001 9.03349 2
    endloop
  endfacet
  facet normal 0.336903 0.941539 0
    outer loop
      vertex 28.3137 9.13597 2
      vertex 28.6001 9.03349 0.0213881
      vertex 28.3137 9.13597 0.0213881
    endloop
  endfacet
  facet normal 0.671576 0.740936 -0
    outer loop
      vertex 27.5334 9.60367 0.0213881
      vertex 27.308 9.80797 2
      vertex 27.5334 9.60367 2
    endloop
  endfacet
  facet normal 0.671576 0.740936 0
    outer loop
      vertex 27.308 9.80797 2
      vertex 27.5334 9.60367 0.0213881
      vertex 27.308 9.80797 0.0213881
    endloop
  endfacet
  facet normal 0.970046 0.242922 0
    outer loop
      vertex 26.5335 11.1001 2
      vertex 26.4596 11.3952 0.0213881
      vertex 26.4596 11.3952 2
    endloop
  endfacet
  facet normal 0.970046 0.242922 0
    outer loop
      vertex 26.4596 11.3952 0.0213881
      vertex 26.5335 11.1001 2
      vertex 26.5335 11.1001 0.0213881
    endloop
  endfacet
  facet normal 0.74098 0.671527 0
    outer loop
      vertex 27.308 9.80797 2
      vertex 27.1037 10.0334 0.0213881
      vertex 27.1037 10.0334 2
    endloop
  endfacet
  facet normal 0.74098 0.671527 0
    outer loop
      vertex 27.1037 10.0334 0.0213881
      vertex 27.308 9.80797 2
      vertex 27.308 9.80797 0.0213881
    endloop
  endfacet
  facet normal 0.989145 -0.146942 0
    outer loop
      vertex 26.4149 12.3039 2
      vertex 26.4596 12.6048 0.0213881
      vertex 26.4596 12.6048 2
    endloop
  endfacet
  facet normal 0.989145 -0.146942 0
    outer loop
      vertex 26.4596 12.6048 0.0213881
      vertex 26.4149 12.3039 2
      vertex 26.4149 12.3039 0.0213881
    endloop
  endfacet
  facet normal -0.242922 -0.970046 0
    outer loop
      vertex 30.1048 15.0404 0.0213881
      vertex 30.3999 14.9665 2
      vertex 30.1048 15.0404 2
    endloop
  endfacet
  facet normal -0.242922 -0.970046 -0
    outer loop
      vertex 30.3999 14.9665 2
      vertex 30.1048 15.0404 0.0213881
      vertex 30.3999 14.9665 0.0213881
    endloop
  endfacet
  facet normal 0.9988 0.0489705 0
    outer loop
      vertex 26.4149 11.6961 2
      vertex 26.4 12 0.0213881
      vertex 26.4 12 2
    endloop
  endfacet
  facet normal 0.9988 0.0489705 0
    outer loop
      vertex 26.4 12 0.0213881
      vertex 26.4149 11.6961 2
      vertex 26.4149 11.6961 0.0213881
    endloop
  endfacet
  facet normal 0.941519 -0.336961 0
    outer loop
      vertex 26.5335 12.8999 2
      vertex 26.636 13.1863 0.0213881
      vertex 26.636 13.1863 2
    endloop
  endfacet
  facet normal 0.941519 -0.336961 0
    outer loop
      vertex 26.636 13.1863 0.0213881
      vertex 26.5335 12.8999 2
      vertex 26.5335 12.8999 0.0213881
    endloop
  endfacet
  facet normal -0.595794 0.803137 0
    outer loop
      vertex 31.4666 9.60367 0.0213881
      vertex 31.2223 9.42244 2
      vertex 31.4666 9.60367 2
    endloop
  endfacet
  facet normal -0.595794 0.803137 0
    outer loop
      vertex 31.2223 9.42244 2
      vertex 31.4666 9.60367 0.0213881
      vertex 31.2223 9.42244 0.0213881
    endloop
  endfacet
  facet normal 0.803027 -0.595943 0
    outer loop
      vertex 26.9224 13.7223 2
      vertex 27.1037 13.9666 0.0213881
      vertex 27.1037 13.9666 2
    endloop
  endfacet
  facet normal 0.803027 -0.595943 0
    outer loop
      vertex 27.1037 13.9666 0.0213881
      vertex 26.9224 13.7223 2
      vertex 26.9224 13.7223 0.0213881
    endloop
  endfacet
  facet normal 0.514012 0.857783 -0
    outer loop
      vertex 28.0387 9.26604 0.0213881
      vertex 27.7777 9.42244 2
      vertex 28.0387 9.26604 2
    endloop
  endfacet
  facet normal 0.514012 0.857783 0
    outer loop
      vertex 27.7777 9.42244 2
      vertex 28.0387 9.26604 0.0213881
      vertex 27.7777 9.42244 0.0213881
    endloop
  endfacet
  facet normal 0.595794 0.803137 -0
    outer loop
      vertex 27.7777 9.42244 0.0213881
      vertex 27.5334 9.60367 2
      vertex 27.7777 9.42244 2
    endloop
  endfacet
  facet normal 0.595794 0.803137 0
    outer loop
      vertex 27.5334 9.60367 2
      vertex 27.7777 9.42244 0.0213881
      vertex 27.5334 9.60367 0.0213881
    endloop
  endfacet
  facet normal 0.904072 -0.42738 0
    outer loop
      vertex 26.636 13.1863 2
      vertex 26.766 13.4613 0.0213881
      vertex 26.766 13.4613 2
    endloop
  endfacet
  facet normal 0.904072 -0.42738 0
    outer loop
      vertex 26.766 13.4613 0.0213881
      vertex 26.636 13.1863 2
      vertex 26.636 13.1863 0.0213881
    endloop
  endfacet
  facet normal -0.904072 0.42738 0
    outer loop
      vertex 32.234 10.5387 0.0213881
      vertex 32.364 10.8137 2
      vertex 32.364 10.8137 0.0213881
    endloop
  endfacet
  facet normal -0.904072 0.42738 0
    outer loop
      vertex 32.364 10.8137 2
      vertex 32.234 10.5387 0.0213881
      vertex 32.234 10.5387 2
    endloop
  endfacet
  facet normal 0.0490688 0.998795 -0
    outer loop
      vertex 29.5 8.9 0.0213881
      vertex 29.1961 8.91493 2
      vertex 29.5 8.9 2
    endloop
  endfacet
  facet normal 0.0490688 0.998795 0
    outer loop
      vertex 29.1961 8.91493 2
      vertex 29.5 8.9 0.0213881
      vertex 29.1961 8.91493 0.0213881
    endloop
  endfacet
  facet normal -0.671576 0.740936 0
    outer loop
      vertex 31.692 9.80797 0.0213881
      vertex 31.4666 9.60367 2
      vertex 31.692 9.80797 2
    endloop
  endfacet
  facet normal -0.671576 0.740936 0
    outer loop
      vertex 31.4666 9.60367 2
      vertex 31.692 9.80797 0.0213881
      vertex 31.4666 9.60367 0.0213881
    endloop
  endfacet
  facet normal -0.146942 -0.989145 0
    outer loop
      vertex 29.8039 15.0851 0.0213881
      vertex 30.1048 15.0404 2
      vertex 29.8039 15.0851 2
    endloop
  endfacet
  facet normal -0.146942 -0.989145 -0
    outer loop
      vertex 30.1048 15.0404 2
      vertex 29.8039 15.0851 0.0213881
      vertex 30.1048 15.0404 0.0213881
    endloop
  endfacet
  facet normal 0.427568 0.903983 -0
    outer loop
      vertex 28.3137 9.13597 0.0213881
      vertex 28.0387 9.26604 2
      vertex 28.3137 9.13597 2
    endloop
  endfacet
  facet normal 0.427568 0.903983 0
    outer loop
      vertex 28.0387 9.26604 2
      vertex 28.3137 9.13597 0.0213881
      vertex 28.0387 9.26604 0.0213881
    endloop
  endfacet
  facet normal 0.740936 -0.671576 0
    outer loop
      vertex 27.1037 13.9666 2
      vertex 27.308 14.192 0.0213881
      vertex 27.308 14.192 2
    endloop
  endfacet
  facet normal 0.740936 -0.671576 0
    outer loop
      vertex 27.308 14.192 0.0213881
      vertex 27.1037 13.9666 2
      vertex 27.1037 13.9666 0.0213881
    endloop
  endfacet
  facet normal -0.049048 -0.998796 0
    outer loop
      vertex 29.5 75.6 2
      vertex 29.6568 75.5923 7
      vertex 29.5 75.6 7
    endloop
  endfacet
  facet normal -0.049048 -0.998796 -0
    outer loop
      vertex 29.6568 75.5923 7
      vertex 29.5 75.6 2
      vertex 29.6568 75.5923 2
    endloop
  endfacet
  facet normal 0.513934 0.85783 -0
    outer loop
      vertex 28.7458 72.5889 2
      vertex 28.6111 72.6696 7
      vertex 28.7458 72.5889 7
    endloop
  endfacet
  facet normal 0.513934 0.85783 0
    outer loop
      vertex 28.6111 72.6696 7
      vertex 28.7458 72.5889 2
      vertex 28.6111 72.6696 2
    endloop
  endfacet
  facet normal -0.98921 -0.146502 0
    outer loop
      vertex 31.0923 74.1568 2
      vertex 31.0693 74.3121 7
      vertex 31.0693 74.3121 2
    endloop
  endfacet
  facet normal -0.98921 -0.146502 0
    outer loop
      vertex 31.0693 74.3121 7
      vertex 31.0923 74.1568 2
      vertex 31.0923 74.1568 7
    endloop
  endfacet
  facet normal -0.85783 -0.513934 0
    outer loop
      vertex 30.9111 74.7542 2
      vertex 30.8304 74.8889 7
      vertex 30.8304 74.8889 2
    endloop
  endfacet
  facet normal -0.85783 -0.513934 0
    outer loop
      vertex 30.8304 74.8889 7
      vertex 30.9111 74.7542 2
      vertex 30.9111 74.7542 7
    endloop
  endfacet
  facet normal -0.146502 0.98921 0
    outer loop
      vertex 29.8121 72.4307 2
      vertex 29.6568 72.4077 7
      vertex 29.8121 72.4307 7
    endloop
  endfacet
  facet normal -0.146502 0.98921 0
    outer loop
      vertex 29.6568 72.4077 7
      vertex 29.8121 72.4307 2
      vertex 29.6568 72.4077 2
    endloop
  endfacet
  facet normal 0.596019 -0.80297 0
    outer loop
      vertex 28.485 75.2368 2
      vertex 28.6111 75.3304 7
      vertex 28.485 75.2368 7
    endloop
  endfacet
  facet normal 0.596019 -0.80297 0
    outer loop
      vertex 28.6111 75.3304 7
      vertex 28.485 75.2368 2
      vertex 28.6111 75.3304 2
    endloop
  endfacet
  facet normal -0.513934 0.85783 0
    outer loop
      vertex 30.3889 72.6696 2
      vertex 30.2542 72.5889 7
      vertex 30.3889 72.6696 7
    endloop
  endfacet
  facet normal -0.513934 0.85783 0
    outer loop
      vertex 30.2542 72.5889 7
      vertex 30.3889 72.6696 2
      vertex 30.2542 72.5889 2
    endloop
  endfacet
  facet normal -0.98921 0.146502 0
    outer loop
      vertex 31.0693 73.6879 2
      vertex 31.0923 73.8432 7
      vertex 31.0923 73.8432 2
    endloop
  endfacet
  facet normal -0.98921 0.146502 0
    outer loop
      vertex 31.0923 73.8432 7
      vertex 31.0693 73.6879 2
      vertex 31.0693 73.6879 7
    endloop
  endfacet
  facet normal -0.80297 -0.596019 0
    outer loop
      vertex 30.8304 74.8889 2
      vertex 30.7368 75.015 7
      vertex 30.7368 75.015 2
    endloop
  endfacet
  facet normal -0.80297 -0.596019 0
    outer loop
      vertex 30.7368 75.015 7
      vertex 30.8304 74.8889 2
      vertex 30.8304 74.8889 7
    endloop
  endfacet
  facet normal -0.741264 -0.671213 0
    outer loop
      vertex 30.7368 75.015 2
      vertex 30.6314 75.1314 7
      vertex 30.6314 75.1314 2
    endloop
  endfacet
  facet normal -0.741264 -0.671213 0
    outer loop
      vertex 30.6314 75.1314 7
      vertex 30.7368 75.015 2
      vertex 30.7368 75.015 7
    endloop
  endfacet
  facet normal 0.741264 -0.671213 0
    outer loop
      vertex 28.2632 75.015 7
      vertex 28.3686 75.1314 2
      vertex 28.3686 75.1314 7
    endloop
  endfacet
  facet normal 0.741264 -0.671213 0
    outer loop
      vertex 28.3686 75.1314 2
      vertex 28.2632 75.015 7
      vertex 28.2632 75.015 2
    endloop
  endfacet
  facet normal -0.741264 0.671213 0
    outer loop
      vertex 30.6314 72.8686 2
      vertex 30.7368 72.985 7
      vertex 30.7368 72.985 2
    endloop
  endfacet
  facet normal -0.741264 0.671213 0
    outer loop
      vertex 30.7368 72.985 7
      vertex 30.6314 72.8686 2
      vertex 30.6314 72.8686 7
    endloop
  endfacet
  facet normal -0.941511 -0.336982 0
    outer loop
      vertex 31.0311 74.4645 2
      vertex 30.9782 74.6123 7
      vertex 30.9782 74.6123 2
    endloop
  endfacet
  facet normal -0.941511 -0.336982 0
    outer loop
      vertex 30.9782 74.6123 7
      vertex 31.0311 74.4645 2
      vertex 31.0311 74.4645 7
    endloop
  endfacet
  facet normal 0.146502 0.98921 -0
    outer loop
      vertex 29.3432 72.4077 2
      vertex 29.1879 72.4307 7
      vertex 29.3432 72.4077 7
    endloop
  endfacet
  facet normal 0.146502 0.98921 0
    outer loop
      vertex 29.1879 72.4307 7
      vertex 29.3432 72.4077 2
      vertex 29.1879 72.4307 2
    endloop
  endfacet
  facet normal 0.969993 0.243135 0
    outer loop
      vertex 27.9689 73.5355 7
      vertex 27.9307 73.6879 2
      vertex 27.9307 73.6879 7
    endloop
  endfacet
  facet normal 0.969993 0.243135 0
    outer loop
      vertex 27.9307 73.6879 2
      vertex 27.9689 73.5355 7
      vertex 27.9689 73.5355 2
    endloop
  endfacet
  facet normal 0.941511 0.336982 0
    outer loop
      vertex 28.0218 73.3877 7
      vertex 27.9689 73.5355 2
      vertex 27.9689 73.5355 7
    endloop
  endfacet
  facet normal 0.941511 0.336982 0
    outer loop
      vertex 27.9689 73.5355 2
      vertex 28.0218 73.3877 7
      vertex 28.0218 73.3877 2
    endloop
  endfacet
  facet normal -0.969993 0.243135 0
    outer loop
      vertex 31.0311 73.5355 2
      vertex 31.0693 73.6879 7
      vertex 31.0693 73.6879 2
    endloop
  endfacet
  facet normal -0.969993 0.243135 0
    outer loop
      vertex 31.0693 73.6879 7
      vertex 31.0311 73.5355 2
      vertex 31.0311 73.5355 7
    endloop
  endfacet
  facet normal 0.998796 -0.049048 0
    outer loop
      vertex 27.9 74 7
      vertex 27.9077 74.1568 2
      vertex 27.9077 74.1568 7
    endloop
  endfacet
  facet normal 0.998796 -0.049048 0
    outer loop
      vertex 27.9077 74.1568 2
      vertex 27.9 74 7
      vertex 27.9 74 2
    endloop
  endfacet
  facet normal -0.85783 0.513934 0
    outer loop
      vertex 30.8304 73.1111 2
      vertex 30.9111 73.2458 7
      vertex 30.9111 73.2458 2
    endloop
  endfacet
  facet normal -0.85783 0.513934 0
    outer loop
      vertex 30.9111 73.2458 7
      vertex 30.8304 73.1111 2
      vertex 30.8304 73.1111 7
    endloop
  endfacet
  facet normal -0.998796 -0.049048 0
    outer loop
      vertex 31.1 74 2
      vertex 31.0923 74.1568 7
      vertex 31.0923 74.1568 2
    endloop
  endfacet
  facet normal -0.998796 -0.049048 0
    outer loop
      vertex 31.0923 74.1568 7
      vertex 31.1 74 2
      vertex 31.1 74 7
    endloop
  endfacet
  facet normal 0.998796 0.049048 0
    outer loop
      vertex 27.9077 73.8432 7
      vertex 27.9 74 2
      vertex 27.9 74 7
    endloop
  endfacet
  facet normal 0.998796 0.049048 0
    outer loop
      vertex 27.9 74 2
      vertex 27.9077 73.8432 7
      vertex 27.9077 73.8432 2
    endloop
  endfacet
  facet normal -0.969993 -0.243135 0
    outer loop
      vertex 31.0693 74.3121 2
      vertex 31.0311 74.4645 7
      vertex 31.0311 74.4645 2
    endloop
  endfacet
  facet normal -0.969993 -0.243135 0
    outer loop
      vertex 31.0311 74.4645 7
      vertex 31.0693 74.3121 2
      vertex 31.0693 74.3121 7
    endloop
  endfacet
  facet normal 0.049048 -0.998796 0
    outer loop
      vertex 29.3432 75.5923 2
      vertex 29.5 75.6 7
      vertex 29.3432 75.5923 7
    endloop
  endfacet
  facet normal 0.049048 -0.998796 0
    outer loop
      vertex 29.5 75.6 7
      vertex 29.3432 75.5923 2
      vertex 29.5 75.6 2
    endloop
  endfacet
  facet normal 0.146502 -0.98921 0
    outer loop
      vertex 29.1879 75.5693 2
      vertex 29.3432 75.5923 7
      vertex 29.1879 75.5693 7
    endloop
  endfacet
  facet normal 0.146502 -0.98921 0
    outer loop
      vertex 29.3432 75.5923 7
      vertex 29.1879 75.5693 2
      vertex 29.3432 75.5923 2
    endloop
  endfacet
  facet normal 0.941511 -0.336982 0
    outer loop
      vertex 27.9689 74.4645 7
      vertex 28.0218 74.6123 2
      vertex 28.0218 74.6123 7
    endloop
  endfacet
  facet normal 0.941511 -0.336982 0
    outer loop
      vertex 28.0218 74.6123 2
      vertex 27.9689 74.4645 7
      vertex 27.9689 74.4645 2
    endloop
  endfacet
  facet normal -0.336982 -0.941511 0
    outer loop
      vertex 29.9645 75.5311 2
      vertex 30.1123 75.4782 7
      vertex 29.9645 75.5311 7
    endloop
  endfacet
  facet normal -0.336982 -0.941511 -0
    outer loop
      vertex 30.1123 75.4782 7
      vertex 29.9645 75.5311 2
      vertex 30.1123 75.4782 2
    endloop
  endfacet
  facet normal -0.998796 0.049048 0
    outer loop
      vertex 31.0923 73.8432 2
      vertex 31.1 74 7
      vertex 31.1 74 2
    endloop
  endfacet
  facet normal -0.998796 0.049048 0
    outer loop
      vertex 31.1 74 7
      vertex 31.0923 73.8432 2
      vertex 31.0923 73.8432 7
    endloop
  endfacet
  facet normal 0.671213 -0.741264 0
    outer loop
      vertex 28.3686 75.1314 2
      vertex 28.485 75.2368 7
      vertex 28.3686 75.1314 7
    endloop
  endfacet
  facet normal 0.671213 -0.741264 0
    outer loop
      vertex 28.485 75.2368 7
      vertex 28.3686 75.1314 2
      vertex 28.485 75.2368 2
    endloop
  endfacet
  facet normal 0.243135 -0.969993 0
    outer loop
      vertex 29.0355 75.5311 2
      vertex 29.1879 75.5693 7
      vertex 29.0355 75.5311 7
    endloop
  endfacet
  facet normal 0.243135 -0.969993 0
    outer loop
      vertex 29.1879 75.5693 7
      vertex 29.0355 75.5311 2
      vertex 29.1879 75.5693 2
    endloop
  endfacet
  facet normal 0.741264 0.671213 0
    outer loop
      vertex 28.3686 72.8686 7
      vertex 28.2632 72.985 2
      vertex 28.2632 72.985 7
    endloop
  endfacet
  facet normal 0.741264 0.671213 0
    outer loop
      vertex 28.2632 72.985 2
      vertex 28.3686 72.8686 7
      vertex 28.3686 72.8686 2
    endloop
  endfacet
  facet normal 0.98921 -0.146502 0
    outer loop
      vertex 27.9077 74.1568 7
      vertex 27.9307 74.3121 2
      vertex 27.9307 74.3121 7
    endloop
  endfacet
  facet normal 0.98921 -0.146502 0
    outer loop
      vertex 27.9307 74.3121 2
      vertex 27.9077 74.1568 7
      vertex 27.9077 74.1568 2
    endloop
  endfacet
  facet normal -0.243135 0.969993 0
    outer loop
      vertex 29.9645 72.4689 2
      vertex 29.8121 72.4307 7
      vertex 29.9645 72.4689 7
    endloop
  endfacet
  facet normal -0.243135 0.969993 0
    outer loop
      vertex 29.8121 72.4307 7
      vertex 29.9645 72.4689 2
      vertex 29.8121 72.4307 2
    endloop
  endfacet
  facet normal 0.80297 0.596019 0
    outer loop
      vertex 28.2632 72.985 7
      vertex 28.1696 73.1111 2
      vertex 28.1696 73.1111 7
    endloop
  endfacet
  facet normal 0.80297 0.596019 0
    outer loop
      vertex 28.1696 73.1111 2
      vertex 28.2632 72.985 7
      vertex 28.2632 72.985 2
    endloop
  endfacet
  facet normal -0.427484 -0.904023 0
    outer loop
      vertex 30.1123 75.4782 2
      vertex 30.2542 75.4111 7
      vertex 30.1123 75.4782 7
    endloop
  endfacet
  facet normal -0.427484 -0.904023 -0
    outer loop
      vertex 30.2542 75.4111 7
      vertex 30.1123 75.4782 2
      vertex 30.2542 75.4111 2
    endloop
  endfacet
  facet normal -0.80297 0.596019 0
    outer loop
      vertex 30.7368 72.985 2
      vertex 30.8304 73.1111 7
      vertex 30.8304 73.1111 2
    endloop
  endfacet
  facet normal -0.80297 0.596019 0
    outer loop
      vertex 30.8304 73.1111 7
      vertex 30.7368 72.985 2
      vertex 30.7368 72.985 7
    endloop
  endfacet
  facet normal 0.513934 -0.85783 0
    outer loop
      vertex 28.6111 75.3304 2
      vertex 28.7458 75.4111 7
      vertex 28.6111 75.3304 7
    endloop
  endfacet
  facet normal 0.513934 -0.85783 0
    outer loop
      vertex 28.7458 75.4111 7
      vertex 28.6111 75.3304 2
      vertex 28.7458 75.4111 2
    endloop
  endfacet
  facet normal 0.969993 -0.243135 0
    outer loop
      vertex 27.9307 74.3121 7
      vertex 27.9689 74.4645 2
      vertex 27.9689 74.4645 7
    endloop
  endfacet
  facet normal 0.969993 -0.243135 0
    outer loop
      vertex 27.9689 74.4645 2
      vertex 27.9307 74.3121 7
      vertex 27.9307 74.3121 2
    endloop
  endfacet
  facet normal -0.904023 -0.427484 0
    outer loop
      vertex 30.9782 74.6123 2
      vertex 30.9111 74.7542 7
      vertex 30.9111 74.7542 2
    endloop
  endfacet
  facet normal -0.904023 -0.427484 0
    outer loop
      vertex 30.9111 74.7542 7
      vertex 30.9782 74.6123 2
      vertex 30.9782 74.6123 7
    endloop
  endfacet
  facet normal -0.049048 0.998796 0
    outer loop
      vertex 29.6568 72.4077 2
      vertex 29.5 72.4 7
      vertex 29.6568 72.4077 7
    endloop
  endfacet
  facet normal -0.049048 0.998796 0
    outer loop
      vertex 29.5 72.4 7
      vertex 29.6568 72.4077 2
      vertex 29.5 72.4 2
    endloop
  endfacet
  facet normal -0.596019 -0.80297 0
    outer loop
      vertex 30.3889 75.3304 2
      vertex 30.515 75.2368 7
      vertex 30.3889 75.3304 7
    endloop
  endfacet
  facet normal -0.596019 -0.80297 -0
    outer loop
      vertex 30.515 75.2368 7
      vertex 30.3889 75.3304 2
      vertex 30.515 75.2368 2
    endloop
  endfacet
  facet normal 0.336982 0.941511 -0
    outer loop
      vertex 29.0355 72.4689 2
      vertex 28.8877 72.5218 7
      vertex 29.0355 72.4689 7
    endloop
  endfacet
  facet normal 0.336982 0.941511 0
    outer loop
      vertex 28.8877 72.5218 7
      vertex 29.0355 72.4689 2
      vertex 28.8877 72.5218 2
    endloop
  endfacet
  facet normal -0.671213 -0.741264 0
    outer loop
      vertex 30.515 75.2368 2
      vertex 30.6314 75.1314 7
      vertex 30.515 75.2368 7
    endloop
  endfacet
  facet normal -0.671213 -0.741264 -0
    outer loop
      vertex 30.6314 75.1314 7
      vertex 30.515 75.2368 2
      vertex 30.6314 75.1314 2
    endloop
  endfacet
  facet normal -0.941511 0.336982 0
    outer loop
      vertex 30.9782 73.3877 2
      vertex 31.0311 73.5355 7
      vertex 31.0311 73.5355 2
    endloop
  endfacet
  facet normal -0.941511 0.336982 0
    outer loop
      vertex 31.0311 73.5355 7
      vertex 30.9782 73.3877 2
      vertex 30.9782 73.3877 7
    endloop
  endfacet
  facet normal 0.85783 0.513934 0
    outer loop
      vertex 28.1696 73.1111 7
      vertex 28.0889 73.2458 2
      vertex 28.0889 73.2458 7
    endloop
  endfacet
  facet normal 0.85783 0.513934 0
    outer loop
      vertex 28.0889 73.2458 2
      vertex 28.1696 73.1111 7
      vertex 28.1696 73.1111 2
    endloop
  endfacet
  facet normal -0.904023 0.427484 0
    outer loop
      vertex 30.9111 73.2458 2
      vertex 30.9782 73.3877 7
      vertex 30.9782 73.3877 2
    endloop
  endfacet
  facet normal -0.904023 0.427484 0
    outer loop
      vertex 30.9782 73.3877 7
      vertex 30.9111 73.2458 2
      vertex 30.9111 73.2458 7
    endloop
  endfacet
  facet normal 0.671213 0.741264 -0
    outer loop
      vertex 28.485 72.7632 2
      vertex 28.3686 72.8686 7
      vertex 28.485 72.7632 7
    endloop
  endfacet
  facet normal 0.671213 0.741264 0
    outer loop
      vertex 28.3686 72.8686 7
      vertex 28.485 72.7632 2
      vertex 28.3686 72.8686 2
    endloop
  endfacet
  facet normal -0.513934 -0.85783 0
    outer loop
      vertex 30.2542 75.4111 2
      vertex 30.3889 75.3304 7
      vertex 30.2542 75.4111 7
    endloop
  endfacet
  facet normal -0.513934 -0.85783 -0
    outer loop
      vertex 30.3889 75.3304 7
      vertex 30.2542 75.4111 2
      vertex 30.3889 75.3304 2
    endloop
  endfacet
  facet normal 0.904023 0.427484 0
    outer loop
      vertex 28.0889 73.2458 7
      vertex 28.0218 73.3877 2
      vertex 28.0218 73.3877 7
    endloop
  endfacet
  facet normal 0.904023 0.427484 0
    outer loop
      vertex 28.0218 73.3877 2
      vertex 28.0889 73.2458 7
      vertex 28.0889 73.2458 2
    endloop
  endfacet
  facet normal -0.146502 -0.98921 0
    outer loop
      vertex 29.6568 75.5923 2
      vertex 29.8121 75.5693 7
      vertex 29.6568 75.5923 7
    endloop
  endfacet
  facet normal -0.146502 -0.98921 -0
    outer loop
      vertex 29.8121 75.5693 7
      vertex 29.6568 75.5923 2
      vertex 29.8121 75.5693 2
    endloop
  endfacet
  facet normal -0.596019 0.80297 0
    outer loop
      vertex 30.515 72.7632 2
      vertex 30.3889 72.6696 7
      vertex 30.515 72.7632 7
    endloop
  endfacet
  facet normal -0.596019 0.80297 0
    outer loop
      vertex 30.3889 72.6696 7
      vertex 30.515 72.7632 2
      vertex 30.3889 72.6696 2
    endloop
  endfacet
  facet normal -0.243135 -0.969993 0
    outer loop
      vertex 29.8121 75.5693 2
      vertex 29.9645 75.5311 7
      vertex 29.8121 75.5693 7
    endloop
  endfacet
  facet normal -0.243135 -0.969993 -0
    outer loop
      vertex 29.9645 75.5311 7
      vertex 29.8121 75.5693 2
      vertex 29.9645 75.5311 2
    endloop
  endfacet
  facet normal 0.80297 -0.596019 0
    outer loop
      vertex 28.1696 74.8889 7
      vertex 28.2632 75.015 2
      vertex 28.2632 75.015 7
    endloop
  endfacet
  facet normal 0.80297 -0.596019 0
    outer loop
      vertex 28.2632 75.015 2
      vertex 28.1696 74.8889 7
      vertex 28.1696 74.8889 2
    endloop
  endfacet
  facet normal 0.243135 0.969993 -0
    outer loop
      vertex 29.1879 72.4307 2
      vertex 29.0355 72.4689 7
      vertex 29.1879 72.4307 7
    endloop
  endfacet
  facet normal 0.243135 0.969993 0
    outer loop
      vertex 29.0355 72.4689 7
      vertex 29.1879 72.4307 2
      vertex 29.0355 72.4689 2
    endloop
  endfacet
  facet normal 0.336982 -0.941511 0
    outer loop
      vertex 28.8877 75.4782 2
      vertex 29.0355 75.5311 7
      vertex 28.8877 75.4782 7
    endloop
  endfacet
  facet normal 0.336982 -0.941511 0
    outer loop
      vertex 29.0355 75.5311 7
      vertex 28.8877 75.4782 2
      vertex 29.0355 75.5311 2
    endloop
  endfacet
  facet normal -0.671213 0.741264 0
    outer loop
      vertex 30.6314 72.8686 2
      vertex 30.515 72.7632 7
      vertex 30.6314 72.8686 7
    endloop
  endfacet
  facet normal -0.671213 0.741264 0
    outer loop
      vertex 30.515 72.7632 7
      vertex 30.6314 72.8686 2
      vertex 30.515 72.7632 2
    endloop
  endfacet
  facet normal 0.904023 -0.427484 0
    outer loop
      vertex 28.0218 74.6123 7
      vertex 28.0889 74.7542 2
      vertex 28.0889 74.7542 7
    endloop
  endfacet
  facet normal 0.904023 -0.427484 0
    outer loop
      vertex 28.0889 74.7542 2
      vertex 28.0218 74.6123 7
      vertex 28.0218 74.6123 2
    endloop
  endfacet
  facet normal 0.427484 0.904023 -0
    outer loop
      vertex 28.8877 72.5218 2
      vertex 28.7458 72.5889 7
      vertex 28.8877 72.5218 7
    endloop
  endfacet
  facet normal 0.427484 0.904023 0
    outer loop
      vertex 28.7458 72.5889 7
      vertex 28.8877 72.5218 2
      vertex 28.7458 72.5889 2
    endloop
  endfacet
  facet normal 0.049048 0.998796 -0
    outer loop
      vertex 29.5 72.4 2
      vertex 29.3432 72.4077 7
      vertex 29.5 72.4 7
    endloop
  endfacet
  facet normal 0.049048 0.998796 0
    outer loop
      vertex 29.3432 72.4077 7
      vertex 29.5 72.4 2
      vertex 29.3432 72.4077 2
    endloop
  endfacet
  facet normal 0.98921 0.146502 0
    outer loop
      vertex 27.9307 73.6879 7
      vertex 27.9077 73.8432 2
      vertex 27.9077 73.8432 7
    endloop
  endfacet
  facet normal 0.98921 0.146502 0
    outer loop
      vertex 27.9077 73.8432 2
      vertex 27.9307 73.6879 7
      vertex 27.9307 73.6879 2
    endloop
  endfacet
  facet normal -0.336982 0.941511 0
    outer loop
      vertex 30.1123 72.5218 2
      vertex 29.9645 72.4689 7
      vertex 30.1123 72.5218 7
    endloop
  endfacet
  facet normal -0.336982 0.941511 0
    outer loop
      vertex 29.9645 72.4689 7
      vertex 30.1123 72.5218 2
      vertex 29.9645 72.4689 2
    endloop
  endfacet
  facet normal -0.427484 0.904023 0
    outer loop
      vertex 30.2542 72.5889 2
      vertex 30.1123 72.5218 7
      vertex 30.2542 72.5889 7
    endloop
  endfacet
  facet normal -0.427484 0.904023 0
    outer loop
      vertex 30.1123 72.5218 7
      vertex 30.2542 72.5889 2
      vertex 30.1123 72.5218 2
    endloop
  endfacet
  facet normal 0.427484 -0.904023 0
    outer loop
      vertex 28.7458 75.4111 2
      vertex 28.8877 75.4782 7
      vertex 28.7458 75.4111 7
    endloop
  endfacet
  facet normal 0.427484 -0.904023 0
    outer loop
      vertex 28.8877 75.4782 7
      vertex 28.7458 75.4111 2
      vertex 28.8877 75.4782 2
    endloop
  endfacet
  facet normal 0.85783 -0.513934 0
    outer loop
      vertex 28.0889 74.7542 7
      vertex 28.1696 74.8889 2
      vertex 28.1696 74.8889 7
    endloop
  endfacet
  facet normal 0.85783 -0.513934 0
    outer loop
      vertex 28.1696 74.8889 2
      vertex 28.0889 74.7542 7
      vertex 28.0889 74.7542 2
    endloop
  endfacet
  facet normal 0.596019 0.80297 -0
    outer loop
      vertex 28.6111 72.6696 2
      vertex 28.485 72.7632 7
      vertex 28.6111 72.6696 7
    endloop
  endfacet
  facet normal 0.596019 0.80297 0
    outer loop
      vertex 28.485 72.7632 7
      vertex 28.6111 72.6696 2
      vertex 28.485 72.7632 2
    endloop
  endfacet
  facet normal -0.989145 -0.146942 0
    outer loop
      vertex 32.5851 74.3039 0.0213881
      vertex 32.5404 74.6048 2
      vertex 32.5404 74.6048 0.0213881
    endloop
  endfacet
  facet normal -0.989145 -0.146942 0
    outer loop
      vertex 32.5404 74.6048 2
      vertex 32.5851 74.3039 0.0213881
      vertex 32.5851 74.3039 2
    endloop
  endfacet
  facet normal -0.9988 -0.0489705 0
    outer loop
      vertex 32.6 74 0.0213881
      vertex 32.5851 74.3039 2
      vertex 32.5851 74.3039 0.0213881
    endloop
  endfacet
  facet normal -0.9988 -0.0489705 0
    outer loop
      vertex 32.5851 74.3039 2
      vertex 32.6 74 0.0213881
      vertex 32.6 74 2
    endloop
  endfacet
  facet normal -0.970046 -0.242922 0
    outer loop
      vertex 32.5404 74.6048 0.0213881
      vertex 32.4665 74.8999 2
      vertex 32.4665 74.8999 0.0213881
    endloop
  endfacet
  facet normal -0.970046 -0.242922 0
    outer loop
      vertex 32.4665 74.8999 2
      vertex 32.5404 74.6048 0.0213881
      vertex 32.5404 74.6048 2
    endloop
  endfacet
  facet normal -0.803027 0.595943 0
    outer loop
      vertex 31.8963 72.0334 0.0213881
      vertex 32.0776 72.2777 2
      vertex 32.0776 72.2777 0.0213881
    endloop
  endfacet
  facet normal -0.803027 0.595943 0
    outer loop
      vertex 32.0776 72.2777 2
      vertex 31.8963 72.0334 0.0213881
      vertex 31.8963 72.0334 2
    endloop
  endfacet
  facet normal -0.0489705 0.9988 0
    outer loop
      vertex 29.8039 70.9149 0.0213881
      vertex 29.5 70.9 2
      vertex 29.8039 70.9149 2
    endloop
  endfacet
  facet normal -0.0489705 0.9988 0
    outer loop
      vertex 29.5 70.9 2
      vertex 29.8039 70.9149 0.0213881
      vertex 29.5 70.9 0.0213881
    endloop
  endfacet
  facet normal -0.514012 0.857783 0
    outer loop
      vertex 31.2223 71.4224 0.0213881
      vertex 30.9613 71.266 2
      vertex 31.2223 71.4224 2
    endloop
  endfacet
  facet normal -0.514012 0.857783 0
    outer loop
      vertex 30.9613 71.266 2
      vertex 31.2223 71.4224 0.0213881
      vertex 30.9613 71.266 0.0213881
    endloop
  endfacet
  facet normal 0.42738 -0.904072 0
    outer loop
      vertex 28.0387 76.734 0.0213881
      vertex 28.3137 76.864 2
      vertex 28.0387 76.734 2
    endloop
  endfacet
  facet normal 0.42738 -0.904072 0
    outer loop
      vertex 28.3137 76.864 2
      vertex 28.0387 76.734 0.0213881
      vertex 28.3137 76.864 0.0213881
    endloop
  endfacet
  facet normal -0.514012 -0.857783 0
    outer loop
      vertex 30.9613 76.734 0.0213881
      vertex 31.2223 76.5776 2
      vertex 30.9613 76.734 2
    endloop
  endfacet
  facet normal -0.514012 -0.857783 -0
    outer loop
      vertex 31.2223 76.5776 2
      vertex 30.9613 76.734 0.0213881
      vertex 31.2223 76.5776 0.0213881
    endloop
  endfacet
  facet normal 0.0489705 -0.9988 0
    outer loop
      vertex 29.1961 77.0851 0.0213881
      vertex 29.5 77.1 2
      vertex 29.1961 77.0851 2
    endloop
  endfacet
  facet normal 0.0489705 -0.9988 0
    outer loop
      vertex 29.5 77.1 2
      vertex 29.1961 77.0851 0.0213881
      vertex 29.5 77.1 0.0213881
    endloop
  endfacet
  facet normal 0.803027 0.595943 0
    outer loop
      vertex 27.1037 72.0334 2
      vertex 26.9224 72.2777 0.0213881
      vertex 26.9224 72.2777 2
    endloop
  endfacet
  facet normal 0.803027 0.595943 0
    outer loop
      vertex 26.9224 72.2777 0.0213881
      vertex 27.1037 72.0334 2
      vertex 27.1037 72.0334 0.0213881
    endloop
  endfacet
  facet normal -0.941519 -0.336961 0
    outer loop
      vertex 32.4665 74.8999 0.0213881
      vertex 32.364 75.1863 2
      vertex 32.364 75.1863 0.0213881
    endloop
  endfacet
  facet normal -0.941519 -0.336961 0
    outer loop
      vertex 32.364 75.1863 2
      vertex 32.4665 74.8999 0.0213881
      vertex 32.4665 74.8999 2
    endloop
  endfacet
  facet normal -0.941519 0.336961 0
    outer loop
      vertex 32.364 72.8137 0.0213881
      vertex 32.4665 73.1001 2
      vertex 32.4665 73.1001 0.0213881
    endloop
  endfacet
  facet normal -0.941519 0.336961 0
    outer loop
      vertex 32.4665 73.1001 2
      vertex 32.364 72.8137 0.0213881
      vertex 32.364 72.8137 2
    endloop
  endfacet
  facet normal 0.857783 0.514012 0
    outer loop
      vertex 26.9224 72.2777 2
      vertex 26.766 72.5387 0.0213881
      vertex 26.766 72.5387 2
    endloop
  endfacet
  facet normal 0.857783 0.514012 0
    outer loop
      vertex 26.766 72.5387 0.0213881
      vertex 26.9224 72.2777 2
      vertex 26.9224 72.2777 0.0213881
    endloop
  endfacet
  facet normal -0.9988 0.0489705 0
    outer loop
      vertex 32.5851 73.6961 0.0213881
      vertex 32.6 74 2
      vertex 32.6 74 0.0213881
    endloop
  endfacet
  facet normal -0.9988 0.0489705 0
    outer loop
      vertex 32.6 74 2
      vertex 32.5851 73.6961 0.0213881
      vertex 32.5851 73.6961 2
    endloop
  endfacet
  facet normal 0.989145 0.146942 0
    outer loop
      vertex 26.4596 73.3952 2
      vertex 26.4149 73.6961 0.0213881
      vertex 26.4149 73.6961 2
    endloop
  endfacet
  facet normal 0.989145 0.146942 0
    outer loop
      vertex 26.4149 73.6961 0.0213881
      vertex 26.4596 73.3952 2
      vertex 26.4596 73.3952 0.0213881
    endloop
  endfacet
  facet normal 0.595943 -0.803027 0
    outer loop
      vertex 27.5334 76.3963 0.0213881
      vertex 27.7777 76.5776 2
      vertex 27.5334 76.3963 2
    endloop
  endfacet
  facet normal 0.595943 -0.803027 0
    outer loop
      vertex 27.7777 76.5776 2
      vertex 27.5334 76.3963 0.0213881
      vertex 27.7777 76.5776 0.0213881
    endloop
  endfacet
  facet normal -0.595943 -0.803027 0
    outer loop
      vertex 31.2223 76.5776 0.0213881
      vertex 31.4666 76.3963 2
      vertex 31.2223 76.5776 2
    endloop
  endfacet
  facet normal -0.595943 -0.803027 -0
    outer loop
      vertex 31.4666 76.3963 2
      vertex 31.2223 76.5776 0.0213881
      vertex 31.4666 76.3963 0.0213881
    endloop
  endfacet
  facet normal -0.740936 0.671576 0
    outer loop
      vertex 31.692 71.808 0.0213881
      vertex 31.8963 72.0334 2
      vertex 31.8963 72.0334 0.0213881
    endloop
  endfacet
  facet normal -0.740936 0.671576 0
    outer loop
      vertex 31.8963 72.0334 2
      vertex 31.692 71.808 0.0213881
      vertex 31.692 71.808 2
    endloop
  endfacet
  facet normal 0.941519 0.336961 0
    outer loop
      vertex 26.636 72.8137 2
      vertex 26.5335 73.1001 0.0213881
      vertex 26.5335 73.1001 2
    endloop
  endfacet
  facet normal 0.941519 0.336961 0
    outer loop
      vertex 26.5335 73.1001 0.0213881
      vertex 26.636 72.8137 2
      vertex 26.636 72.8137 0.0213881
    endloop
  endfacet
  facet normal -0.989145 0.146942 0
    outer loop
      vertex 32.5404 73.3952 0.0213881
      vertex 32.5851 73.6961 2
      vertex 32.5851 73.6961 0.0213881
    endloop
  endfacet
  facet normal -0.989145 0.146942 0
    outer loop
      vertex 32.5851 73.6961 2
      vertex 32.5404 73.3952 0.0213881
      vertex 32.5404 73.3952 2
    endloop
  endfacet
  facet normal 0.857783 -0.514012 0
    outer loop
      vertex 26.766 75.4613 2
      vertex 26.9224 75.7223 0.0213881
      vertex 26.9224 75.7223 2
    endloop
  endfacet
  facet normal 0.857783 -0.514012 0
    outer loop
      vertex 26.9224 75.7223 0.0213881
      vertex 26.766 75.4613 2
      vertex 26.766 75.4613 0.0213881
    endloop
  endfacet
  facet normal -0.970046 0.242922 0
    outer loop
      vertex 32.4665 73.1001 0.0213881
      vertex 32.5404 73.3952 2
      vertex 32.5404 73.3952 0.0213881
    endloop
  endfacet
  facet normal -0.970046 0.242922 0
    outer loop
      vertex 32.5404 73.3952 2
      vertex 32.4665 73.1001 0.0213881
      vertex 32.4665 73.1001 2
    endloop
  endfacet
  facet normal -0.42738 0.904072 0
    outer loop
      vertex 30.9613 71.266 0.0213881
      vertex 30.6863 71.136 2
      vertex 30.9613 71.266 2
    endloop
  endfacet
  facet normal -0.42738 0.904072 0
    outer loop
      vertex 30.6863 71.136 2
      vertex 30.9613 71.266 0.0213881
      vertex 30.6863 71.136 0.0213881
    endloop
  endfacet
  facet normal 0 0 -1
    outer loop
      vertex 31.1 74 2
      vertex 32.6 74 2
      vertex 32.5851 73.6961 2
    endloop
  endfacet
  facet normal 0 0 -1
    outer loop
      vertex 31.0923 73.8432 2
      vertex 32.5851 73.6961 2
      vertex 32.5404 73.3952 2
    endloop
  endfacet
  facet normal 0 0 -1
    outer loop
      vertex 32.6 74 2
      vertex 31.1 74 2
      vertex 32.5851 74.3039 2
    endloop
  endfacet
  facet normal 0 0 -1
    outer loop
      vertex 31.0693 73.6879 2
      vertex 32.5404 73.3952 2
      vertex 32.4665 73.1001 2
    endloop
  endfacet
  facet normal 0 0 -1
    outer loop
      vertex 31.0923 74.1568 2
      vertex 32.5851 74.3039 2
      vertex 31.1 74 2
    endloop
  endfacet
  facet normal 0 0 -1
    outer loop
      vertex 31.0311 73.5355 2
      vertex 32.4665 73.1001 2
      vertex 32.364 72.8137 2
    endloop
  endfacet
  facet normal -0 0 -1
    outer loop
      vertex 32.5851 74.3039 2
      vertex 31.0923 74.1568 2
      vertex 32.5404 74.6048 2
    endloop
  endfacet
  facet normal 0 0 -1
    outer loop
      vertex 30.9782 73.3877 2
      vertex 32.364 72.8137 2
      vertex 32.234 72.5387 2
    endloop
  endfacet
  facet normal 0 0 -1
    outer loop
      vertex 31.0693 74.3121 2
      vertex 32.5404 74.6048 2
      vertex 31.0923 74.1568 2
    endloop
  endfacet
  facet normal 0 0 -1
    outer loop
      vertex 30.9111 73.2458 2
      vertex 32.234 72.5387 2
      vertex 32.0776 72.2777 2
    endloop
  endfacet
  facet normal -0 0 -1
    outer loop
      vertex 32.5404 74.6048 2
      vertex 31.0693 74.3121 2
      vertex 32.4665 74.8999 2
    endloop
  endfacet
  facet normal 0 0 -1
    outer loop
      vertex 30.8304 73.1111 2
      vertex 32.0776 72.2777 2
      vertex 31.8963 72.0334 2
    endloop
  endfacet
  facet normal 0 0 -1
    outer loop
      vertex 31.0311 74.4645 2
      vertex 32.4665 74.8999 2
      vertex 31.0693 74.3121 2
    endloop
  endfacet
  facet normal 0 0 -1
    outer loop
      vertex 30.7368 72.985 2
      vertex 31.8963 72.0334 2
      vertex 31.692 71.808 2
    endloop
  endfacet
  facet normal -0 0 -1
    outer loop
      vertex 32.4665 74.8999 2
      vertex 31.0311 74.4645 2
      vertex 32.364 75.1863 2
    endloop
  endfacet
  facet normal 0 0 -1
    outer loop
      vertex 30.6314 72.8686 2
      vertex 31.692 71.808 2
      vertex 31.4666 71.6037 2
    endloop
  endfacet
  facet normal 0 0 -1
    outer loop
      vertex 30.9782 74.6123 2
      vertex 32.364 75.1863 2
      vertex 31.0311 74.4645 2
    endloop
  endfacet
  facet normal 0 0 -1
    outer loop
      vertex 30.515 72.7632 2
      vertex 31.4666 71.6037 2
      vertex 31.2223 71.4224 2
    endloop
  endfacet
  facet normal -0 0 -1
    outer loop
      vertex 32.364 75.1863 2
      vertex 30.9782 74.6123 2
      vertex 32.234 75.4613 2
    endloop
  endfacet
  facet normal 0 0 -1
    outer loop
      vertex 30.9111 74.7542 2
      vertex 32.234 75.4613 2
      vertex 30.9782 74.6123 2
    endloop
  endfacet
  facet normal 0 0 -1
    outer loop
      vertex 32.5851 73.6961 2
      vertex 31.0923 73.8432 2
      vertex 31.1 74 2
    endloop
  endfacet
  facet normal 0 0 -1
    outer loop
      vertex 32.5404 73.3952 2
      vertex 31.0693 73.6879 2
      vertex 31.0923 73.8432 2
    endloop
  endfacet
  facet normal 0 0 -1
    outer loop
      vertex 32.4665 73.1001 2
      vertex 31.0311 73.5355 2
      vertex 31.0693 73.6879 2
    endloop
  endfacet
  facet normal 0 0 -1
    outer loop
      vertex 32.364 72.8137 2
      vertex 30.9782 73.3877 2
      vertex 31.0311 73.5355 2
    endloop
  endfacet
  facet normal 0 0 -1
    outer loop
      vertex 30.3889 72.6696 2
      vertex 31.2223 71.4224 2
      vertex 30.9613 71.266 2
    endloop
  endfacet
  facet normal 0 0 -1
    outer loop
      vertex 32.234 72.5387 2
      vertex 30.9111 73.2458 2
      vertex 30.9782 73.3877 2
    endloop
  endfacet
  facet normal 0 0 -1
    outer loop
      vertex 32.0776 72.2777 2
      vertex 30.8304 73.1111 2
      vertex 30.9111 73.2458 2
    endloop
  endfacet
  facet normal 0 0 -1
    outer loop
      vertex 31.8963 72.0334 2
      vertex 30.7368 72.985 2
      vertex 30.8304 73.1111 2
    endloop
  endfacet
  facet normal 0 0 -1
    outer loop
      vertex 30.2542 72.5889 2
      vertex 30.9613 71.266 2
      vertex 30.6863 71.136 2
    endloop
  endfacet
  facet normal 0 0 -1
    outer loop
      vertex 31.692 71.808 2
      vertex 30.6314 72.8686 2
      vertex 30.7368 72.985 2
    endloop
  endfacet
  facet normal 0 0 -1
    outer loop
      vertex 31.4666 71.6037 2
      vertex 30.515 72.7632 2
      vertex 30.6314 72.8686 2
    endloop
  endfacet
  facet normal 0 0 -1
    outer loop
      vertex 30.1123 72.5218 2
      vertex 30.6863 71.136 2
      vertex 30.3999 71.0335 2
    endloop
  endfacet
  facet normal 0 0 -1
    outer loop
      vertex 31.2223 71.4224 2
      vertex 30.3889 72.6696 2
      vertex 30.515 72.7632 2
    endloop
  endfacet
  facet normal 0 0 -1
    outer loop
      vertex 30.9613 71.266 2
      vertex 30.2542 72.5889 2
      vertex 30.3889 72.6696 2
    endloop
  endfacet
  facet normal 0 0 -1
    outer loop
      vertex 30.6863 71.136 2
      vertex 30.1123 72.5218 2
      vertex 30.2542 72.5889 2
    endloop
  endfacet
  facet normal 0 0 -1
    outer loop
      vertex 29.9645 72.4689 2
      vertex 30.3999 71.0335 2
      vertex 30.1048 70.9596 2
    endloop
  endfacet
  facet normal 0 0 -1
    outer loop
      vertex 30.3999 71.0335 2
      vertex 29.9645 72.4689 2
      vertex 30.1123 72.5218 2
    endloop
  endfacet
  facet normal 0 0 -1
    outer loop
      vertex 30.1048 70.9596 2
      vertex 29.8121 72.4307 2
      vertex 29.9645 72.4689 2
    endloop
  endfacet
  facet normal 0 0 -1
    outer loop
      vertex 29.8039 70.9149 2
      vertex 29.8121 72.4307 2
      vertex 30.1048 70.9596 2
    endloop
  endfacet
  facet normal 0 0 -1
    outer loop
      vertex 29.8039 70.9149 2
      vertex 29.6568 72.4077 2
      vertex 29.8121 72.4307 2
    endloop
  endfacet
  facet normal 0 0 -1
    outer loop
      vertex 29.5 70.9 2
      vertex 29.6568 72.4077 2
      vertex 29.8039 70.9149 2
    endloop
  endfacet
  facet normal 0 0 -1
    outer loop
      vertex 29.5 70.9 2
      vertex 29.5 72.4 2
      vertex 29.6568 72.4077 2
    endloop
  endfacet
  facet normal 0 0 -1
    outer loop
      vertex 29.5 70.9 2
      vertex 29.3432 72.4077 2
      vertex 29.5 72.4 2
    endloop
  endfacet
  facet normal 0 0 -1
    outer loop
      vertex 29.1961 70.9149 2
      vertex 29.3432 72.4077 2
      vertex 29.5 70.9 2
    endloop
  endfacet
  facet normal 0 0 -1
    outer loop
      vertex 29.1961 70.9149 2
      vertex 29.1879 72.4307 2
      vertex 29.3432 72.4077 2
    endloop
  endfacet
  facet normal 0 0 -1
    outer loop
      vertex 28.8952 70.9596 2
      vertex 29.1879 72.4307 2
      vertex 29.1961 70.9149 2
    endloop
  endfacet
  facet normal -0 0 -1
    outer loop
      vertex 29.1879 72.4307 2
      vertex 28.8952 70.9596 2
      vertex 29.0355 72.4689 2
    endloop
  endfacet
  facet normal 0 0 -1
    outer loop
      vertex 28.6001 71.0335 2
      vertex 29.0355 72.4689 2
      vertex 28.8952 70.9596 2
    endloop
  endfacet
  facet normal -0 0 -1
    outer loop
      vertex 29.0355 72.4689 2
      vertex 28.6001 71.0335 2
      vertex 28.8877 72.5218 2
    endloop
  endfacet
  facet normal 0 0 -1
    outer loop
      vertex 28.3137 71.136 2
      vertex 28.8877 72.5218 2
      vertex 28.6001 71.0335 2
    endloop
  endfacet
  facet normal -0 0 -1
    outer loop
      vertex 28.8877 72.5218 2
      vertex 28.3137 71.136 2
      vertex 28.7458 72.5889 2
    endloop
  endfacet
  facet normal 0 0 -1
    outer loop
      vertex 28.0387 71.266 2
      vertex 28.7458 72.5889 2
      vertex 28.3137 71.136 2
    endloop
  endfacet
  facet normal -0 0 -1
    outer loop
      vertex 28.7458 72.5889 2
      vertex 28.0387 71.266 2
      vertex 28.6111 72.6696 2
    endloop
  endfacet
  facet normal 0 0 -1
    outer loop
      vertex 27.7777 71.4224 2
      vertex 28.6111 72.6696 2
      vertex 28.0387 71.266 2
    endloop
  endfacet
  facet normal -0 0 -1
    outer loop
      vertex 28.6111 72.6696 2
      vertex 27.7777 71.4224 2
      vertex 28.485 72.7632 2
    endloop
  endfacet
  facet normal 0 0 -1
    outer loop
      vertex 27.5334 71.6037 2
      vertex 28.485 72.7632 2
      vertex 27.7777 71.4224 2
    endloop
  endfacet
  facet normal -0 0 -1
    outer loop
      vertex 28.485 72.7632 2
      vertex 27.5334 71.6037 2
      vertex 28.3686 72.8686 2
    endloop
  endfacet
  facet normal 0 0 -1
    outer loop
      vertex 27.308 71.808 2
      vertex 28.3686 72.8686 2
      vertex 27.5334 71.6037 2
    endloop
  endfacet
  facet normal -0 0 -1
    outer loop
      vertex 28.3686 72.8686 2
      vertex 27.308 71.808 2
      vertex 28.2632 72.985 2
    endloop
  endfacet
  facet normal 0 0 -1
    outer loop
      vertex 27.1037 72.0334 2
      vertex 28.2632 72.985 2
      vertex 27.308 71.808 2
    endloop
  endfacet
  facet normal -0 0 -1
    outer loop
      vertex 28.2632 72.985 2
      vertex 27.1037 72.0334 2
      vertex 28.1696 73.1111 2
    endloop
  endfacet
  facet normal 0 0 -1
    outer loop
      vertex 26.9224 72.2777 2
      vertex 28.1696 73.1111 2
      vertex 27.1037 72.0334 2
    endloop
  endfacet
  facet normal 0 0 -1
    outer loop
      vertex 26.766 72.5387 2
      vertex 28.0889 73.2458 2
      vertex 26.9224 72.2777 2
    endloop
  endfacet
  facet normal -0 0 -1
    outer loop
      vertex 28.1696 73.1111 2
      vertex 26.9224 72.2777 2
      vertex 28.0889 73.2458 2
    endloop
  endfacet
  facet normal -0 0 -1
    outer loop
      vertex 32.234 75.4613 2
      vertex 30.9111 74.7542 2
      vertex 32.0776 75.7223 2
    endloop
  endfacet
  facet normal 0 0 -1
    outer loop
      vertex 30.8304 74.8889 2
      vertex 32.0776 75.7223 2
      vertex 30.9111 74.7542 2
    endloop
  endfacet
  facet normal -0 0 -1
    outer loop
      vertex 32.0776 75.7223 2
      vertex 30.8304 74.8889 2
      vertex 31.8963 75.9666 2
    endloop
  endfacet
  facet normal 0 0 -1
    outer loop
      vertex 30.7368 75.015 2
      vertex 31.8963 75.9666 2
      vertex 30.8304 74.8889 2
    endloop
  endfacet
  facet normal -0 0 -1
    outer loop
      vertex 31.8963 75.9666 2
      vertex 30.7368 75.015 2
      vertex 31.692 76.192 2
    endloop
  endfacet
  facet normal 0 0 -1
    outer loop
      vertex 30.6314 75.1314 2
      vertex 31.692 76.192 2
      vertex 30.7368 75.015 2
    endloop
  endfacet
  facet normal -0 0 -1
    outer loop
      vertex 31.692 76.192 2
      vertex 30.6314 75.1314 2
      vertex 31.4666 76.3963 2
    endloop
  endfacet
  facet normal 0 0 -1
    outer loop
      vertex 30.515 75.2368 2
      vertex 31.4666 76.3963 2
      vertex 30.6314 75.1314 2
    endloop
  endfacet
  facet normal -0 0 -1
    outer loop
      vertex 31.4666 76.3963 2
      vertex 30.515 75.2368 2
      vertex 31.2223 76.5776 2
    endloop
  endfacet
  facet normal 0 0 -1
    outer loop
      vertex 30.3889 75.3304 2
      vertex 31.2223 76.5776 2
      vertex 30.515 75.2368 2
    endloop
  endfacet
  facet normal -0 0 -1
    outer loop
      vertex 31.2223 76.5776 2
      vertex 30.3889 75.3304 2
      vertex 30.9613 76.734 2
    endloop
  endfacet
  facet normal 0 0 -1
    outer loop
      vertex 30.2542 75.4111 2
      vertex 30.9613 76.734 2
      vertex 30.3889 75.3304 2
    endloop
  endfacet
  facet normal -0 0 -1
    outer loop
      vertex 30.9613 76.734 2
      vertex 30.2542 75.4111 2
      vertex 30.6863 76.864 2
    endloop
  endfacet
  facet normal 0 0 -1
    outer loop
      vertex 30.1123 75.4782 2
      vertex 30.6863 76.864 2
      vertex 30.2542 75.4111 2
    endloop
  endfacet
  facet normal -0 0 -1
    outer loop
      vertex 30.6863 76.864 2
      vertex 30.1123 75.4782 2
      vertex 30.3999 76.9665 2
    endloop
  endfacet
  facet normal 0 0 -1
    outer loop
      vertex 29.9645 75.5311 2
      vertex 30.3999 76.9665 2
      vertex 30.1123 75.4782 2
    endloop
  endfacet
  facet normal -0 0 -1
    outer loop
      vertex 30.3999 76.9665 2
      vertex 29.9645 75.5311 2
      vertex 30.1048 77.0404 2
    endloop
  endfacet
  facet normal 0 0 -1
    outer loop
      vertex 29.8121 75.5693 2
      vertex 30.1048 77.0404 2
      vertex 29.9645 75.5311 2
    endloop
  endfacet
  facet normal 0 0 -1
    outer loop
      vertex 29.8121 75.5693 2
      vertex 29.8039 77.0851 2
      vertex 30.1048 77.0404 2
    endloop
  endfacet
  facet normal 0 0 -1
    outer loop
      vertex 29.6568 75.5923 2
      vertex 29.8039 77.0851 2
      vertex 29.8121 75.5693 2
    endloop
  endfacet
  facet normal 0 0 -1
    outer loop
      vertex 29.5 75.6 2
      vertex 29.8039 77.0851 2
      vertex 29.6568 75.5923 2
    endloop
  endfacet
  facet normal 0 0 -1
    outer loop
      vertex 29.5 75.6 2
      vertex 29.5 77.1 2
      vertex 29.8039 77.0851 2
    endloop
  endfacet
  facet normal 0 0 -1
    outer loop
      vertex 29.3432 75.5923 2
      vertex 29.5 77.1 2
      vertex 29.5 75.6 2
    endloop
  endfacet
  facet normal 0 0 -1
    outer loop
      vertex 29.3432 75.5923 2
      vertex 29.1961 77.0851 2
      vertex 29.5 77.1 2
    endloop
  endfacet
  facet normal 0 0 -1
    outer loop
      vertex 29.1879 75.5693 2
      vertex 29.1961 77.0851 2
      vertex 29.3432 75.5923 2
    endloop
  endfacet
  facet normal 0 0 -1
    outer loop
      vertex 28.8952 77.0404 2
      vertex 29.1879 75.5693 2
      vertex 29.0355 75.5311 2
    endloop
  endfacet
  facet normal 0 0 -1
    outer loop
      vertex 29.1879 75.5693 2
      vertex 28.8952 77.0404 2
      vertex 29.1961 77.0851 2
    endloop
  endfacet
  facet normal 0 0 -1
    outer loop
      vertex 28.6001 76.9665 2
      vertex 29.0355 75.5311 2
      vertex 28.8877 75.4782 2
    endloop
  endfacet
  facet normal 0 0 -1
    outer loop
      vertex 28.3137 76.864 2
      vertex 28.8877 75.4782 2
      vertex 28.7458 75.4111 2
    endloop
  endfacet
  facet normal 0 0 -1
    outer loop
      vertex 28.0387 76.734 2
      vertex 28.7458 75.4111 2
      vertex 28.6111 75.3304 2
    endloop
  endfacet
  facet normal 0 0 -1
    outer loop
      vertex 29.0355 75.5311 2
      vertex 28.6001 76.9665 2
      vertex 28.8952 77.0404 2
    endloop
  endfacet
  facet normal 0 0 -1
    outer loop
      vertex 27.7777 76.5776 2
      vertex 28.6111 75.3304 2
      vertex 28.485 75.2368 2
    endloop
  endfacet
  facet normal 0 0 -1
    outer loop
      vertex 27.5334 76.3963 2
      vertex 28.485 75.2368 2
      vertex 28.3686 75.1314 2
    endloop
  endfacet
  facet normal 0 0 -1
    outer loop
      vertex 28.8877 75.4782 2
      vertex 28.3137 76.864 2
      vertex 28.6001 76.9665 2
    endloop
  endfacet
  facet normal 0 0 -1
    outer loop
      vertex 27.308 76.192 2
      vertex 28.3686 75.1314 2
      vertex 28.2632 75.015 2
    endloop
  endfacet
  facet normal 0 0 -1
    outer loop
      vertex 27.1037 75.9666 2
      vertex 28.2632 75.015 2
      vertex 28.1696 74.8889 2
    endloop
  endfacet
  facet normal 0 0 -1
    outer loop
      vertex 26.9224 75.7223 2
      vertex 28.1696 74.8889 2
      vertex 28.0889 74.7542 2
    endloop
  endfacet
  facet normal 0 0 -1
    outer loop
      vertex 28.7458 75.4111 2
      vertex 28.0387 76.734 2
      vertex 28.3137 76.864 2
    endloop
  endfacet
  facet normal 0 0 -1
    outer loop
      vertex 26.766 75.4613 2
      vertex 28.0889 74.7542 2
      vertex 28.0218 74.6123 2
    endloop
  endfacet
  facet normal 0 0 -1
    outer loop
      vertex 26.636 75.1863 2
      vertex 28.0218 74.6123 2
      vertex 27.9689 74.4645 2
    endloop
  endfacet
  facet normal 0 0 -1
    outer loop
      vertex 26.5335 74.8999 2
      vertex 27.9689 74.4645 2
      vertex 27.9307 74.3121 2
    endloop
  endfacet
  facet normal 0 0 -1
    outer loop
      vertex 26.4596 74.6048 2
      vertex 27.9307 74.3121 2
      vertex 27.9077 74.1568 2
    endloop
  endfacet
  facet normal 0 0 -1
    outer loop
      vertex 28.6111 75.3304 2
      vertex 27.7777 76.5776 2
      vertex 28.0387 76.734 2
    endloop
  endfacet
  facet normal 0 0 -1
    outer loop
      vertex 26.4149 74.3039 2
      vertex 27.9077 74.1568 2
      vertex 27.9 74 2
    endloop
  endfacet
  facet normal -0 0 -1
    outer loop
      vertex 28.0889 73.2458 2
      vertex 26.766 72.5387 2
      vertex 28.0218 73.3877 2
    endloop
  endfacet
  facet normal 0 0 -1
    outer loop
      vertex 26.636 72.8137 2
      vertex 28.0218 73.3877 2
      vertex 26.766 72.5387 2
    endloop
  endfacet
  facet normal 0 0 -1
    outer loop
      vertex 28.485 75.2368 2
      vertex 27.5334 76.3963 2
      vertex 27.7777 76.5776 2
    endloop
  endfacet
  facet normal -0 0 -1
    outer loop
      vertex 28.0218 73.3877 2
      vertex 26.636 72.8137 2
      vertex 27.9689 73.5355 2
    endloop
  endfacet
  facet normal 0 0 -1
    outer loop
      vertex 28.3686 75.1314 2
      vertex 27.308 76.192 2
      vertex 27.5334 76.3963 2
    endloop
  endfacet
  facet normal 0 0 -1
    outer loop
      vertex 26.5335 73.1001 2
      vertex 27.9689 73.5355 2
      vertex 26.636 72.8137 2
    endloop
  endfacet
  facet normal 0 0 -1
    outer loop
      vertex 28.2632 75.015 2
      vertex 27.1037 75.9666 2
      vertex 27.308 76.192 2
    endloop
  endfacet
  facet normal -0 0 -1
    outer loop
      vertex 27.9689 73.5355 2
      vertex 26.5335 73.1001 2
      vertex 27.9307 73.6879 2
    endloop
  endfacet
  facet normal 0 0 -1
    outer loop
      vertex 28.1696 74.8889 2
      vertex 26.9224 75.7223 2
      vertex 27.1037 75.9666 2
    endloop
  endfacet
  facet normal 0 0 -1
    outer loop
      vertex 26.4596 73.3952 2
      vertex 27.9307 73.6879 2
      vertex 26.5335 73.1001 2
    endloop
  endfacet
  facet normal 0 0 -1
    outer loop
      vertex 28.0889 74.7542 2
      vertex 26.766 75.4613 2
      vertex 26.9224 75.7223 2
    endloop
  endfacet
  facet normal -0 0 -1
    outer loop
      vertex 27.9307 73.6879 2
      vertex 26.4596 73.3952 2
      vertex 27.9077 73.8432 2
    endloop
  endfacet
  facet normal 0 0 -1
    outer loop
      vertex 28.0218 74.6123 2
      vertex 26.636 75.1863 2
      vertex 26.766 75.4613 2
    endloop
  endfacet
  facet normal 0 0 -1
    outer loop
      vertex 26.4149 73.6961 2
      vertex 27.9077 73.8432 2
      vertex 26.4596 73.3952 2
    endloop
  endfacet
  facet normal 0 0 -1
    outer loop
      vertex 27.9689 74.4645 2
      vertex 26.5335 74.8999 2
      vertex 26.636 75.1863 2
    endloop
  endfacet
  facet normal -0 0 -1
    outer loop
      vertex 27.9077 73.8432 2
      vertex 26.4149 73.6961 2
      vertex 27.9 74 2
    endloop
  endfacet
  facet normal 0 0 -1
    outer loop
      vertex 27.9307 74.3121 2
      vertex 26.4596 74.6048 2
      vertex 26.5335 74.8999 2
    endloop
  endfacet
  facet normal 0 0 -1
    outer loop
      vertex 26.4 74 2
      vertex 27.9 74 2
      vertex 26.4149 73.6961 2
    endloop
  endfacet
  facet normal 0 0 -1
    outer loop
      vertex 27.9077 74.1568 2
      vertex 26.4149 74.3039 2
      vertex 26.4596 74.6048 2
    endloop
  endfacet
  facet normal 0 0 -1
    outer loop
      vertex 27.9 74 2
      vertex 26.4 74 2
      vertex 26.4149 74.3039 2
    endloop
  endfacet
  facet normal -0.671576 -0.740936 0
    outer loop
      vertex 31.4666 76.3963 0.0213881
      vertex 31.692 76.192 2
      vertex 31.4666 76.3963 2
    endloop
  endfacet
  facet normal -0.671576 -0.740936 -0
    outer loop
      vertex 31.692 76.192 2
      vertex 31.4666 76.3963 0.0213881
      vertex 31.692 76.192 0.0213881
    endloop
  endfacet
  facet normal 0.336961 -0.941519 0
    outer loop
      vertex 28.3137 76.864 0.0213881
      vertex 28.6001 76.9665 2
      vertex 28.3137 76.864 2
    endloop
  endfacet
  facet normal 0.336961 -0.941519 0
    outer loop
      vertex 28.6001 76.9665 2
      vertex 28.3137 76.864 0.0213881
      vertex 28.6001 76.9665 0.0213881
    endloop
  endfacet
  facet normal -0.42738 -0.904072 0
    outer loop
      vertex 30.6863 76.864 0.0213881
      vertex 30.9613 76.734 2
      vertex 30.6863 76.864 2
    endloop
  endfacet
  facet normal -0.42738 -0.904072 -0
    outer loop
      vertex 30.9613 76.734 2
      vertex 30.6863 76.864 0.0213881
      vertex 30.9613 76.734 0.0213881
    endloop
  endfacet
  facet normal 0.9988 -0.0489705 0
    outer loop
      vertex 26.4 74 2
      vertex 26.4149 74.3039 0.0213881
      vertex 26.4149 74.3039 2
    endloop
  endfacet
  facet normal 0.9988 -0.0489705 0
    outer loop
      vertex 26.4149 74.3039 0.0213881
      vertex 26.4 74 2
      vertex 26.4 74 0.0213881
    endloop
  endfacet
  facet normal -0.803027 -0.595943 0
    outer loop
      vertex 32.0776 75.7223 0.0213881
      vertex 31.8963 75.9666 2
      vertex 31.8963 75.9666 0.0213881
    endloop
  endfacet
  facet normal -0.803027 -0.595943 0
    outer loop
      vertex 31.8963 75.9666 2
      vertex 32.0776 75.7223 0.0213881
      vertex 32.0776 75.7223 2
    endloop
  endfacet
  facet normal -0.0489705 -0.9988 0
    outer loop
      vertex 29.5 77.1 0.0213881
      vertex 29.8039 77.0851 2
      vertex 29.5 77.1 2
    endloop
  endfacet
  facet normal -0.0489705 -0.9988 -0
    outer loop
      vertex 29.8039 77.0851 2
      vertex 29.5 77.1 0.0213881
      vertex 29.8039 77.0851 0.0213881
    endloop
  endfacet
  facet normal 0.671576 -0.740936 0
    outer loop
      vertex 27.308 76.192 0.0213881
      vertex 27.5334 76.3963 2
      vertex 27.308 76.192 2
    endloop
  endfacet
  facet normal 0.671576 -0.740936 0
    outer loop
      vertex 27.5334 76.3963 2
      vertex 27.308 76.192 0.0213881
      vertex 27.5334 76.3963 0.0213881
    endloop
  endfacet
  facet normal -0.740936 -0.671576 0
    outer loop
      vertex 31.8963 75.9666 0.0213881
      vertex 31.692 76.192 2
      vertex 31.692 76.192 0.0213881
    endloop
  endfacet
  facet normal -0.740936 -0.671576 0
    outer loop
      vertex 31.692 76.192 2
      vertex 31.8963 75.9666 0.0213881
      vertex 31.8963 75.9666 2
    endloop
  endfacet
  facet normal 0.242922 0.970046 -0
    outer loop
      vertex 28.8952 70.9596 0.0213881
      vertex 28.6001 71.0335 2
      vertex 28.8952 70.9596 2
    endloop
  endfacet
  facet normal 0.242922 0.970046 0
    outer loop
      vertex 28.6001 71.0335 2
      vertex 28.8952 70.9596 0.0213881
      vertex 28.6001 71.0335 0.0213881
    endloop
  endfacet
  facet normal -0.904072 -0.42738 0
    outer loop
      vertex 32.364 75.1863 0.0213881
      vertex 32.234 75.4613 2
      vertex 32.234 75.4613 0.0213881
    endloop
  endfacet
  facet normal -0.904072 -0.42738 0
    outer loop
      vertex 32.234 75.4613 2
      vertex 32.364 75.1863 0.0213881
      vertex 32.364 75.1863 2
    endloop
  endfacet
  facet normal -0.857783 0.514012 0
    outer loop
      vertex 32.0776 72.2777 0.0213881
      vertex 32.234 72.5387 2
      vertex 32.234 72.5387 0.0213881
    endloop
  endfacet
  facet normal -0.857783 0.514012 0
    outer loop
      vertex 32.234 72.5387 2
      vertex 32.0776 72.2777 0.0213881
      vertex 32.0776 72.2777 2
    endloop
  endfacet
  facet normal -0.336961 -0.941519 0
    outer loop
      vertex 30.3999 76.9665 0.0213881
      vertex 30.6863 76.864 2
      vertex 30.3999 76.9665 2
    endloop
  endfacet
  facet normal -0.336961 -0.941519 -0
    outer loop
      vertex 30.6863 76.864 2
      vertex 30.3999 76.9665 0.0213881
      vertex 30.6863 76.864 0.0213881
    endloop
  endfacet
  facet normal 0.242922 -0.970046 0
    outer loop
      vertex 28.6001 76.9665 0.0213881
      vertex 28.8952 77.0404 2
      vertex 28.6001 76.9665 2
    endloop
  endfacet
  facet normal 0.242922 -0.970046 0
    outer loop
      vertex 28.8952 77.0404 2
      vertex 28.6001 76.9665 0.0213881
      vertex 28.8952 77.0404 0.0213881
    endloop
  endfacet
  facet normal -0.336961 0.941519 0
    outer loop
      vertex 30.6863 71.136 0.0213881
      vertex 30.3999 71.0335 2
      vertex 30.6863 71.136 2
    endloop
  endfacet
  facet normal -0.336961 0.941519 0
    outer loop
      vertex 30.3999 71.0335 2
      vertex 30.6863 71.136 0.0213881
      vertex 30.3999 71.0335 0.0213881
    endloop
  endfacet
  facet normal 0.514012 -0.857783 0
    outer loop
      vertex 27.7777 76.5776 0.0213881
      vertex 28.0387 76.734 2
      vertex 27.7777 76.5776 2
    endloop
  endfacet
  facet normal 0.514012 -0.857783 0
    outer loop
      vertex 28.0387 76.734 2
      vertex 27.7777 76.5776 0.0213881
      vertex 28.0387 76.734 0.0213881
    endloop
  endfacet
  facet normal -0.857783 -0.514012 0
    outer loop
      vertex 32.234 75.4613 0.0213881
      vertex 32.0776 75.7223 2
      vertex 32.0776 75.7223 0.0213881
    endloop
  endfacet
  facet normal -0.857783 -0.514012 0
    outer loop
      vertex 32.0776 75.7223 2
      vertex 32.234 75.4613 0.0213881
      vertex 32.234 75.4613 2
    endloop
  endfacet
  facet normal 0.970046 -0.242922 0
    outer loop
      vertex 26.4596 74.6048 2
      vertex 26.5335 74.8999 0.0213881
      vertex 26.5335 74.8999 2
    endloop
  endfacet
  facet normal 0.970046 -0.242922 0
    outer loop
      vertex 26.5335 74.8999 0.0213881
      vertex 26.4596 74.6048 2
      vertex 26.4596 74.6048 0.0213881
    endloop
  endfacet
  facet normal 0.146942 -0.989145 0
    outer loop
      vertex 28.8952 77.0404 0.0213881
      vertex 29.1961 77.0851 2
      vertex 28.8952 77.0404 2
    endloop
  endfacet
  facet normal 0.146942 -0.989145 0
    outer loop
      vertex 29.1961 77.0851 2
      vertex 28.8952 77.0404 0.0213881
      vertex 29.1961 77.0851 0.0213881
    endloop
  endfacet
  facet normal 0.904072 0.42738 0
    outer loop
      vertex 26.766 72.5387 2
      vertex 26.636 72.8137 0.0213881
      vertex 26.636 72.8137 2
    endloop
  endfacet
  facet normal 0.904072 0.42738 0
    outer loop
      vertex 26.636 72.8137 0.0213881
      vertex 26.766 72.5387 2
      vertex 26.766 72.5387 0.0213881
    endloop
  endfacet
  facet normal 0.146942 0.989145 -0
    outer loop
      vertex 29.1961 70.9149 0.0213881
      vertex 28.8952 70.9596 2
      vertex 29.1961 70.9149 2
    endloop
  endfacet
  facet normal 0.146942 0.989145 0
    outer loop
      vertex 28.8952 70.9596 2
      vertex 29.1961 70.9149 0.0213881
      vertex 28.8952 70.9596 0.0213881
    endloop
  endfacet
  facet normal -0.146942 0.989145 0
    outer loop
      vertex 30.1048 70.9596 0.0213881
      vertex 29.8039 70.9149 2
      vertex 30.1048 70.9596 2
    endloop
  endfacet
  facet normal -0.146942 0.989145 0
    outer loop
      vertex 29.8039 70.9149 2
      vertex 30.1048 70.9596 0.0213881
      vertex 29.8039 70.9149 0.0213881
    endloop
  endfacet
  facet normal 0.336961 0.941519 -0
    outer loop
      vertex 28.6001 71.0335 0.0213881
      vertex 28.3137 71.136 2
      vertex 28.6001 71.0335 2
    endloop
  endfacet
  facet normal 0.336961 0.941519 0
    outer loop
      vertex 28.3137 71.136 2
      vertex 28.6001 71.0335 0.0213881
      vertex 28.3137 71.136 0.0213881
    endloop
  endfacet
  facet normal 0.671576 0.740936 -0
    outer loop
      vertex 27.5334 71.6037 0.0213881
      vertex 27.308 71.808 2
      vertex 27.5334 71.6037 2
    endloop
  endfacet
  facet normal 0.671576 0.740936 0
    outer loop
      vertex 27.308 71.808 2
      vertex 27.5334 71.6037 0.0213881
      vertex 27.308 71.808 0.0213881
    endloop
  endfacet
  facet normal -0.671576 0.740936 0
    outer loop
      vertex 31.692 71.808 0.0213881
      vertex 31.4666 71.6037 2
      vertex 31.692 71.808 2
    endloop
  endfacet
  facet normal -0.671576 0.740936 0
    outer loop
      vertex 31.4666 71.6037 2
      vertex 31.692 71.808 0.0213881
      vertex 31.4666 71.6037 0.0213881
    endloop
  endfacet
  facet normal 0.970046 0.242922 0
    outer loop
      vertex 26.5335 73.1001 2
      vertex 26.4596 73.3952 0.0213881
      vertex 26.4596 73.3952 2
    endloop
  endfacet
  facet normal 0.970046 0.242922 0
    outer loop
      vertex 26.4596 73.3952 0.0213881
      vertex 26.5335 73.1001 2
      vertex 26.5335 73.1001 0.0213881
    endloop
  endfacet
  facet normal -0.242922 0.970046 0
    outer loop
      vertex 30.3999 71.0335 0.0213881
      vertex 30.1048 70.9596 2
      vertex 30.3999 71.0335 2
    endloop
  endfacet
  facet normal -0.242922 0.970046 0
    outer loop
      vertex 30.1048 70.9596 2
      vertex 30.3999 71.0335 0.0213881
      vertex 30.1048 70.9596 0.0213881
    endloop
  endfacet
  facet normal 0.740936 0.671576 0
    outer loop
      vertex 27.308 71.808 2
      vertex 27.1037 72.0334 0.0213881
      vertex 27.1037 72.0334 2
    endloop
  endfacet
  facet normal 0.740936 0.671576 0
    outer loop
      vertex 27.1037 72.0334 0.0213881
      vertex 27.308 71.808 2
      vertex 27.308 71.808 0.0213881
    endloop
  endfacet
  facet normal 0.989145 -0.146942 0
    outer loop
      vertex 26.4149 74.3039 2
      vertex 26.4596 74.6048 0.0213881
      vertex 26.4596 74.6048 2
    endloop
  endfacet
  facet normal 0.989145 -0.146942 0
    outer loop
      vertex 26.4596 74.6048 0.0213881
      vertex 26.4149 74.3039 2
      vertex 26.4149 74.3039 0.0213881
    endloop
  endfacet
  facet normal -0.242922 -0.970046 0
    outer loop
      vertex 30.1048 77.0404 0.0213881
      vertex 30.3999 76.9665 2
      vertex 30.1048 77.0404 2
    endloop
  endfacet
  facet normal -0.242922 -0.970046 -0
    outer loop
      vertex 30.3999 76.9665 2
      vertex 30.1048 77.0404 0.0213881
      vertex 30.3999 76.9665 0.0213881
    endloop
  endfacet
  facet normal 0.9988 0.0489705 0
    outer loop
      vertex 26.4149 73.6961 2
      vertex 26.4 74 0.0213881
      vertex 26.4 74 2
    endloop
  endfacet
  facet normal 0.9988 0.0489705 0
    outer loop
      vertex 26.4 74 0.0213881
      vertex 26.4149 73.6961 2
      vertex 26.4149 73.6961 0.0213881
    endloop
  endfacet
  facet normal 0.941519 -0.336961 0
    outer loop
      vertex 26.5335 74.8999 2
      vertex 26.636 75.1863 0.0213881
      vertex 26.636 75.1863 2
    endloop
  endfacet
  facet normal 0.941519 -0.336961 0
    outer loop
      vertex 26.636 75.1863 0.0213881
      vertex 26.5335 74.8999 2
      vertex 26.5335 74.8999 0.0213881
    endloop
  endfacet
  facet normal -0.595943 0.803027 0
    outer loop
      vertex 31.4666 71.6037 0.0213881
      vertex 31.2223 71.4224 2
      vertex 31.4666 71.6037 2
    endloop
  endfacet
  facet normal -0.595943 0.803027 0
    outer loop
      vertex 31.2223 71.4224 2
      vertex 31.4666 71.6037 0.0213881
      vertex 31.2223 71.4224 0.0213881
    endloop
  endfacet
  facet normal 0.803027 -0.595943 0
    outer loop
      vertex 26.9224 75.7223 2
      vertex 27.1037 75.9666 0.0213881
      vertex 27.1037 75.9666 2
    endloop
  endfacet
  facet normal 0.803027 -0.595943 0
    outer loop
      vertex 27.1037 75.9666 0.0213881
      vertex 26.9224 75.7223 2
      vertex 26.9224 75.7223 0.0213881
    endloop
  endfacet
  facet normal 0.514012 0.857783 -0
    outer loop
      vertex 28.0387 71.266 0.0213881
      vertex 27.7777 71.4224 2
      vertex 28.0387 71.266 2
    endloop
  endfacet
  facet normal 0.514012 0.857783 0
    outer loop
      vertex 27.7777 71.4224 2
      vertex 28.0387 71.266 0.0213881
      vertex 27.7777 71.4224 0.0213881
    endloop
  endfacet
  facet normal 0.595943 0.803027 -0
    outer loop
      vertex 27.7777 71.4224 0.0213881
      vertex 27.5334 71.6037 2
      vertex 27.7777 71.4224 2
    endloop
  endfacet
  facet normal 0.595943 0.803027 0
    outer loop
      vertex 27.5334 71.6037 2
      vertex 27.7777 71.4224 0.0213881
      vertex 27.5334 71.6037 0.0213881
    endloop
  endfacet
  facet normal 0.904072 -0.42738 0
    outer loop
      vertex 26.636 75.1863 2
      vertex 26.766 75.4613 0.0213881
      vertex 26.766 75.4613 2
    endloop
  endfacet
  facet normal 0.904072 -0.42738 0
    outer loop
      vertex 26.766 75.4613 0.0213881
      vertex 26.636 75.1863 2
      vertex 26.636 75.1863 0.0213881
    endloop
  endfacet
  facet normal -0.904072 0.42738 0
    outer loop
      vertex 32.234 72.5387 0.0213881
      vertex 32.364 72.8137 2
      vertex 32.364 72.8137 0.0213881
    endloop
  endfacet
  facet normal -0.904072 0.42738 0
    outer loop
      vertex 32.364 72.8137 2
      vertex 32.234 72.5387 0.0213881
      vertex 32.234 72.5387 2
    endloop
  endfacet
  facet normal 0.0489705 0.9988 -0
    outer loop
      vertex 29.5 70.9 0.0213881
      vertex 29.1961 70.9149 2
      vertex 29.5 70.9 2
    endloop
  endfacet
  facet normal 0.0489705 0.9988 0
    outer loop
      vertex 29.1961 70.9149 2
      vertex 29.5 70.9 0.0213881
      vertex 29.1961 70.9149 0.0213881
    endloop
  endfacet
  facet normal -0.146942 -0.989145 0
    outer loop
      vertex 29.8039 77.0851 0.0213881
      vertex 30.1048 77.0404 2
      vertex 29.8039 77.0851 2
    endloop
  endfacet
  facet normal -0.146942 -0.989145 -0
    outer loop
      vertex 30.1048 77.0404 2
      vertex 29.8039 77.0851 0.0213881
      vertex 30.1048 77.0404 0.0213881
    endloop
  endfacet
  facet normal 0.42738 0.904072 -0
    outer loop
      vertex 28.3137 71.136 0.0213881
      vertex 28.0387 71.266 2
      vertex 28.3137 71.136 2
    endloop
  endfacet
  facet normal 0.42738 0.904072 0
    outer loop
      vertex 28.0387 71.266 2
      vertex 28.3137 71.136 0.0213881
      vertex 28.0387 71.266 0.0213881
    endloop
  endfacet
  facet normal 0.740936 -0.671576 0
    outer loop
      vertex 27.1037 75.9666 2
      vertex 27.308 76.192 0.0213881
      vertex 27.308 76.192 2
    endloop
  endfacet
  facet normal 0.740936 -0.671576 0
    outer loop
      vertex 27.308 76.192 0.0213881
      vertex 27.1037 75.9666 2
      vertex 27.1037 75.9666 0.0213881
    endloop
  endfacet
  facet normal 0 -0.989175 0.14674
    outer loop
      vertex -33 7.66733 3.16835
      vertex -9.39801 7.69181 3.33337
      vertex -33 7.69181 3.33337
    endloop
  endfacet
  facet normal 0 -0.989175 0.14674
    outer loop
      vertex -9.39801 7.69181 3.33337
      vertex -33 7.66733 3.16835
      vertex -9.35048 7.66733 3.16835
    endloop
  endfacet
  facet normal -0 0.14674 0.989175
    outer loop
      vertex -33 5.83337 1.80819
      vertex -8.96581 5.66835 1.83267
      vertex -8.95876 5.83337 1.80819
    endloop
  endfacet
  facet normal 0 0.14674 0.989175
    outer loop
      vertex -8.96581 5.66835 1.83267
      vertex -33 5.83337 1.80819
      vertex -33 5.66835 1.83267
    endloop
  endfacet
  facet normal 0 -0.14674 -0.989175
    outer loop
      vertex -33 6.33165 5.16733
      vertex -9.93324 6.16663 5.19181
      vertex -33 6.16663 5.19181
    endloop
  endfacet
  facet normal 0 -0.14674 -0.989175
    outer loop
      vertex -9.93324 6.16663 5.19181
      vertex -33 6.33165 5.16733
      vertex -9.92619 6.33165 5.16733
    endloop
  endfacet
  facet normal 0 0.67158 -0.740932
    outer loop
      vertex -33 4.79792 4.70208
      vertex -9.82447 4.92153 4.81412
      vertex -9.7922 4.79792 4.70208
    endloop
  endfacet
  facet normal 0 0.67158 -0.740932
    outer loop
      vertex -9.82447 4.92153 4.81412
      vertex -33 4.79792 4.70208
      vertex -33 4.92153 4.81412
    endloop
  endfacet
  facet normal 0 -0.998794 -0.0490916
    outer loop
      vertex -33 7.7 3.5
      vertex -9.49399 7.69181 3.66663
      vertex -33 7.69181 3.66663
    endloop
  endfacet
  facet normal 0 -0.998794 -0.0490916
    outer loop
      vertex -9.49399 7.69181 3.66663
      vertex -33 7.7 3.5
      vertex -9.446 7.7 3.5
    endloop
  endfacet
  facet normal 0 -0.941533 0.336921
    outer loop
      vertex -33 7.57059 2.84944
      vertex -9.30388 7.6268 3.00652
      vertex -33 7.6268 3.00652
    endloop
  endfacet
  facet normal 0 -0.941533 0.336921
    outer loop
      vertex -9.30388 7.6268 3.00652
      vertex -33 7.57059 2.84944
      vertex -9.25864 7.57059 2.84944
    endloop
  endfacet
  facet normal 0 -0.803211 0.595695
    outer loop
      vertex -33 7.31412 2.42153
      vertex -9.17399 7.4135 2.55553
      vertex -33 7.4135 2.55553
    endloop
  endfacet
  facet normal 0 -0.803211 0.595695
    outer loop
      vertex -9.17399 7.4135 2.55553
      vertex -33 7.31412 2.42153
      vertex -9.1354 7.31412 2.42153
    endloop
  endfacet
  facet normal 0 0.14674 -0.989175
    outer loop
      vertex -33 5.66835 5.16733
      vertex -9.93324 5.83337 5.19181
      vertex -9.92619 5.66835 5.16733
    endloop
  endfacet
  facet normal 0 0.14674 -0.989175
    outer loop
      vertex -9.93324 5.83337 5.19181
      vertex -33 5.66835 5.16733
      vertex -33 5.83337 5.19181
    endloop
  endfacet
  facet normal -0 0.998794 0.0490916
    outer loop
      vertex -33 4.30819 3.33337
      vertex -9.446 4.3 3.5
      vertex -9.39801 4.30819 3.33337
    endloop
  endfacet
  facet normal 0 0.998794 0.0490916
    outer loop
      vertex -9.446 4.3 3.5
      vertex -33 4.30819 3.33337
      vertex -33 4.3 3.5
    endloop
  endfacet
  facet normal -0 0.740932 0.67158
    outer loop
      vertex -33 4.79792 2.29792
      vertex -9.1354 4.68588 2.42153
      vertex -9.0998 4.79792 2.29792
    endloop
  endfacet
  facet normal 0 0.740932 0.67158
    outer loop
      vertex -9.1354 4.68588 2.42153
      vertex -33 4.79792 2.29792
      vertex -33 4.68588 2.42153
    endloop
  endfacet
  facet normal 0 0.595695 -0.803211
    outer loop
      vertex -33 4.92153 4.81412
      vertex -9.85309 5.05553 4.9135
      vertex -9.82447 4.92153 4.81412
    endloop
  endfacet
  facet normal 0 0.595695 -0.803211
    outer loop
      vertex -9.85309 5.05553 4.9135
      vertex -33 4.92153 4.81412
      vertex -33 5.05553 4.9135
    endloop
  endfacet
  facet normal 0 -0.336921 0.941533
    outer loop
      vertex -33 6.49348 1.8732
      vertex -8.99367 6.65056 1.92941
      vertex -33 6.65056 1.92941
    endloop
  endfacet
  facet normal 0 -0.336921 0.941533
    outer loop
      vertex -8.99367 6.65056 1.92941
      vertex -33 6.49348 1.8732
      vertex -8.97748 6.49348 1.8732
    endloop
  endfacet
  facet normal 0 -0.0490916 -0.998794
    outer loop
      vertex -33 6.16663 5.19181
      vertex -9.9356 6 5.2
      vertex -33 6 5.2
    endloop
  endfacet
  facet normal 0 -0.0490916 -0.998794
    outer loop
      vertex -9.9356 6 5.2
      vertex -33 6.16663 5.19181
      vertex -9.93324 6.16663 5.19181
    endloop
  endfacet
  facet normal 0 -0.740932 -0.67158
    outer loop
      vertex -33 7.31412 4.57847
      vertex -9.7922 7.20208 4.70208
      vertex -33 7.20208 4.70208
    endloop
  endfacet
  facet normal 0 -0.740932 -0.67158
    outer loop
      vertex -9.7922 7.20208 4.70208
      vertex -33 7.31412 4.57847
      vertex -9.7566 7.31412 4.57847
    endloop
  endfacet
  facet normal 0 -0.242945 -0.97004
    outer loop
      vertex -33 6.49348 5.1268
      vertex -9.92619 6.33165 5.16733
      vertex -33 6.33165 5.16733
    endloop
  endfacet
  facet normal 0 -0.242945 -0.97004
    outer loop
      vertex -9.92619 6.33165 5.16733
      vertex -33 6.49348 5.1268
      vertex -9.91452 6.49348 5.1268
    endloop
  endfacet
  facet normal -0 0.97004 0.242945
    outer loop
      vertex -33 4.3732 3.00652
      vertex -9.35048 4.33267 3.16835
      vertex -9.30388 4.3732 3.00652
    endloop
  endfacet
  facet normal 0 0.97004 0.242945
    outer loop
      vertex -9.35048 4.33267 3.16835
      vertex -33 4.3732 3.00652
      vertex -33 4.33267 3.16835
    endloop
  endfacet
  facet normal 0 -0.0490916 0.998794
    outer loop
      vertex -33 6 1.8
      vertex -8.95876 6.16663 1.80819
      vertex -33 6.16663 1.80819
    endloop
  endfacet
  facet normal 0 -0.0490916 0.998794
    outer loop
      vertex -8.95876 6.16663 1.80819
      vertex -33 6 1.8
      vertex -8.9564 6 1.8
    endloop
  endfacet
  facet normal 0 -0.857731 0.514099
    outer loop
      vertex -33 7.4135 2.55553
      vertex -9.2152 7.49927 2.69863
      vertex -33 7.49927 2.69863
    endloop
  endfacet
  facet normal 0 -0.857731 0.514099
    outer loop
      vertex -9.2152 7.49927 2.69863
      vertex -33 7.4135 2.55553
      vertex -9.17399 7.4135 2.55553
    endloop
  endfacet
  facet normal -0 0.904007 0.427517
    outer loop
      vertex -33 4.50073 2.69863
      vertex -9.25864 4.42941 2.84944
      vertex -9.2152 4.50073 2.69863
    endloop
  endfacet
  facet normal 0 0.904007 0.427517
    outer loop
      vertex -9.25864 4.42941 2.84944
      vertex -33 4.50073 2.69863
      vertex -33 4.42941 2.84944
    endloop
  endfacet
  facet normal 0 -0.14674 0.989175
    outer loop
      vertex -33 6.16663 1.80819
      vertex -8.96581 6.33165 1.83267
      vertex -33 6.33165 1.83267
    endloop
  endfacet
  facet normal 0 -0.14674 0.989175
    outer loop
      vertex -8.96581 6.33165 1.83267
      vertex -33 6.16663 1.80819
      vertex -8.95876 6.16663 1.80819
    endloop
  endfacet
  facet normal 0 -0.67158 0.740932
    outer loop
      vertex -33 7.07847 2.18588
      vertex -9.0998 7.20208 2.29792
      vertex -33 7.20208 2.29792
    endloop
  endfacet
  facet normal 0 -0.67158 0.740932
    outer loop
      vertex -9.0998 7.20208 2.29792
      vertex -33 7.07847 2.18588
      vertex -9.06753 7.07847 2.18588
    endloop
  endfacet
  facet normal 0 0.904007 -0.427517
    outer loop
      vertex -33 4.42941 4.15056
      vertex -9.6768 4.50073 4.30137
      vertex -9.63336 4.42941 4.15056
    endloop
  endfacet
  facet normal 0 0.904007 -0.427517
    outer loop
      vertex -9.6768 4.50073 4.30137
      vertex -33 4.42941 4.15056
      vertex -33 4.50073 4.30137
    endloop
  endfacet
  facet normal 0 -0.904007 -0.427517
    outer loop
      vertex -33 7.57059 4.15056
      vertex -9.6768 7.49927 4.30137
      vertex -33 7.49927 4.30137
    endloop
  endfacet
  facet normal 0 -0.904007 -0.427517
    outer loop
      vertex -9.6768 7.49927 4.30137
      vertex -33 7.57059 4.15056
      vertex -9.63336 7.57059 4.15056
    endloop
  endfacet
  facet normal 0 0.242945 -0.97004
    outer loop
      vertex -33 5.50652 5.1268
      vertex -9.92619 5.66835 5.16733
      vertex -9.91452 5.50652 5.1268
    endloop
  endfacet
  facet normal 0 0.242945 -0.97004
    outer loop
      vertex -9.92619 5.66835 5.16733
      vertex -33 5.50652 5.1268
      vertex -33 5.66835 5.16733
    endloop
  endfacet
  facet normal 0 0.336921 -0.941533
    outer loop
      vertex -33 5.34944 5.07059
      vertex -9.91452 5.50652 5.1268
      vertex -9.89833 5.34944 5.07059
    endloop
  endfacet
  facet normal 0 0.336921 -0.941533
    outer loop
      vertex -9.91452 5.50652 5.1268
      vertex -33 5.34944 5.07059
      vertex -33 5.50652 5.1268
    endloop
  endfacet
  facet normal 0 0.0490916 -0.998794
    outer loop
      vertex -33 5.83337 5.19181
      vertex -9.9356 6 5.2
      vertex -9.93324 5.83337 5.19181
    endloop
  endfacet
  facet normal 0 0.0490916 -0.998794
    outer loop
      vertex -9.9356 6 5.2
      vertex -33 5.83337 5.19181
      vertex -33 6 5.2
    endloop
  endfacet
  facet normal 0 -0.595695 0.803211
    outer loop
      vertex -33 6.94447 2.0865
      vertex -9.06753 7.07847 2.18588
      vertex -33 7.07847 2.18588
    endloop
  endfacet
  facet normal 0 -0.595695 0.803211
    outer loop
      vertex -9.06753 7.07847 2.18588
      vertex -33 6.94447 2.0865
      vertex -9.03891 6.94447 2.0865
    endloop
  endfacet
  facet normal 0 0.989175 -0.14674
    outer loop
      vertex -33 4.30819 3.66663
      vertex -9.54152 4.33267 3.83165
      vertex -9.49399 4.30819 3.66663
    endloop
  endfacet
  facet normal 0 0.989175 -0.14674
    outer loop
      vertex -9.54152 4.33267 3.83165
      vertex -33 4.30819 3.66663
      vertex -33 4.33267 3.83165
    endloop
  endfacet
  facet normal 0 -0.336921 -0.941533
    outer loop
      vertex -33 6.65056 5.07059
      vertex -9.91452 6.49348 5.1268
      vertex -33 6.49348 5.1268
    endloop
  endfacet
  facet normal 0 -0.336921 -0.941533
    outer loop
      vertex -9.91452 6.49348 5.1268
      vertex -33 6.65056 5.07059
      vertex -9.89833 6.65056 5.07059
    endloop
  endfacet
  facet normal 0 -0.857731 -0.514099
    outer loop
      vertex -33 7.49927 4.30137
      vertex -9.71801 7.4135 4.44447
      vertex -33 7.4135 4.44447
    endloop
  endfacet
  facet normal 0 -0.857731 -0.514099
    outer loop
      vertex -9.71801 7.4135 4.44447
      vertex -33 7.49927 4.30137
      vertex -9.6768 7.49927 4.30137
    endloop
  endfacet
  facet normal 0 -0.427517 -0.904007
    outer loop
      vertex -33 6.80137 4.99927
      vertex -9.89833 6.65056 5.07059
      vertex -33 6.65056 5.07059
    endloop
  endfacet
  facet normal 0 -0.427517 -0.904007
    outer loop
      vertex -9.89833 6.65056 5.07059
      vertex -33 6.80137 4.99927
      vertex -9.87779 6.80137 4.99927
    endloop
  endfacet
  facet normal 0 0.998794 -0.0490916
    outer loop
      vertex -33 4.3 3.5
      vertex -9.49399 4.30819 3.66663
      vertex -9.446 4.3 3.5
    endloop
  endfacet
  facet normal 0 0.998794 -0.0490916
    outer loop
      vertex -9.49399 4.30819 3.66663
      vertex -33 4.3 3.5
      vertex -33 4.30819 3.66663
    endloop
  endfacet
  facet normal -0 0.0490916 0.998794
    outer loop
      vertex -33 6 1.8
      vertex -8.95876 5.83337 1.80819
      vertex -8.9564 6 1.8
    endloop
  endfacet
  facet normal 0 0.0490916 0.998794
    outer loop
      vertex -8.95876 5.83337 1.80819
      vertex -33 6 1.8
      vertex -33 5.83337 1.80819
    endloop
  endfacet
  facet normal 0 -0.941533 -0.336921
    outer loop
      vertex -33 7.6268 3.99348
      vertex -9.63336 7.57059 4.15056
      vertex -33 7.57059 4.15056
    endloop
  endfacet
  facet normal 0 -0.941533 -0.336921
    outer loop
      vertex -9.63336 7.57059 4.15056
      vertex -33 7.6268 3.99348
      vertex -9.58812 7.6268 3.99348
    endloop
  endfacet
  facet normal -0 0.595695 0.803211
    outer loop
      vertex -33 5.05553 2.0865
      vertex -9.06753 4.92153 2.18588
      vertex -9.03891 5.05553 2.0865
    endloop
  endfacet
  facet normal 0 0.595695 0.803211
    outer loop
      vertex -9.06753 4.92153 2.18588
      vertex -33 5.05553 2.0865
      vertex -33 4.92153 2.18588
    endloop
  endfacet
  facet normal 0 -0.740932 0.67158
    outer loop
      vertex -33 7.20208 2.29792
      vertex -9.1354 7.31412 2.42153
      vertex -33 7.31412 2.42153
    endloop
  endfacet
  facet normal 0 -0.740932 0.67158
    outer loop
      vertex -9.1354 7.31412 2.42153
      vertex -33 7.20208 2.29792
      vertex -9.0998 7.20208 2.29792
    endloop
  endfacet
  facet normal 0 0.97004 -0.242945
    outer loop
      vertex -33 4.33267 3.83165
      vertex -9.58812 4.3732 3.99348
      vertex -9.54152 4.33267 3.83165
    endloop
  endfacet
  facet normal 0 0.97004 -0.242945
    outer loop
      vertex -9.58812 4.3732 3.99348
      vertex -33 4.33267 3.83165
      vertex -33 4.3732 3.99348
    endloop
  endfacet
  facet normal 0 -0.998794 0.0490916
    outer loop
      vertex -33 7.69181 3.33337
      vertex -9.446 7.7 3.5
      vertex -33 7.7 3.5
    endloop
  endfacet
  facet normal 0 -0.998794 0.0490916
    outer loop
      vertex -9.446 7.7 3.5
      vertex -33 7.69181 3.33337
      vertex -9.39801 7.69181 3.33337
    endloop
  endfacet
  facet normal 0 -0.595695 -0.803211
    outer loop
      vertex -33 7.07847 4.81412
      vertex -9.85309 6.94447 4.9135
      vertex -33 6.94447 4.9135
    endloop
  endfacet
  facet normal 0 -0.595695 -0.803211
    outer loop
      vertex -9.85309 6.94447 4.9135
      vertex -33 7.07847 4.81412
      vertex -9.82447 7.07847 4.81412
    endloop
  endfacet
  facet normal -0 0.427517 0.904007
    outer loop
      vertex -33 5.34944 1.92941
      vertex -9.01421 5.19863 2.00073
      vertex -8.99367 5.34944 1.92941
    endloop
  endfacet
  facet normal 0 0.427517 0.904007
    outer loop
      vertex -9.01421 5.19863 2.00073
      vertex -33 5.34944 1.92941
      vertex -33 5.19863 2.00073
    endloop
  endfacet
  facet normal 0 0.427517 -0.904007
    outer loop
      vertex -33 5.19863 4.99927
      vertex -9.89833 5.34944 5.07059
      vertex -9.87779 5.19863 4.99927
    endloop
  endfacet
  facet normal 0 0.427517 -0.904007
    outer loop
      vertex -9.89833 5.34944 5.07059
      vertex -33 5.19863 4.99927
      vertex -33 5.34944 5.07059
    endloop
  endfacet
  facet normal 0 -0.514099 -0.857731
    outer loop
      vertex -33 6.94447 4.9135
      vertex -9.87779 6.80137 4.99927
      vertex -33 6.80137 4.99927
    endloop
  endfacet
  facet normal 0 -0.514099 -0.857731
    outer loop
      vertex -9.87779 6.80137 4.99927
      vertex -33 6.94447 4.9135
      vertex -9.85309 6.94447 4.9135
    endloop
  endfacet
  facet normal 0 -0.67158 -0.740932
    outer loop
      vertex -33 7.20208 4.70208
      vertex -9.82447 7.07847 4.81412
      vertex -33 7.07847 4.81412
    endloop
  endfacet
  facet normal 0 -0.67158 -0.740932
    outer loop
      vertex -9.82447 7.07847 4.81412
      vertex -33 7.20208 4.70208
      vertex -9.7922 7.20208 4.70208
    endloop
  endfacet
  facet normal 0 -0.803211 -0.595695
    outer loop
      vertex -33 7.4135 4.44447
      vertex -9.7566 7.31412 4.57847
      vertex -33 7.31412 4.57847
    endloop
  endfacet
  facet normal 0 -0.803211 -0.595695
    outer loop
      vertex -9.7566 7.31412 4.57847
      vertex -33 7.4135 4.44447
      vertex -9.71801 7.4135 4.44447
    endloop
  endfacet
  facet normal -0 0.989175 0.14674
    outer loop
      vertex -33 4.33267 3.16835
      vertex -9.39801 4.30819 3.33337
      vertex -9.35048 4.33267 3.16835
    endloop
  endfacet
  facet normal 0 0.989175 0.14674
    outer loop
      vertex -9.39801 4.30819 3.33337
      vertex -33 4.33267 3.16835
      vertex -33 4.30819 3.33337
    endloop
  endfacet
  facet normal 0 0.740932 -0.67158
    outer loop
      vertex -33 4.68588 4.57847
      vertex -9.7922 4.79792 4.70208
      vertex -9.7566 4.68588 4.57847
    endloop
  endfacet
  facet normal 0 0.740932 -0.67158
    outer loop
      vertex -9.7922 4.79792 4.70208
      vertex -33 4.68588 4.57847
      vertex -33 4.79792 4.70208
    endloop
  endfacet
  facet normal 0 -0.97004 0.242945
    outer loop
      vertex -33 7.6268 3.00652
      vertex -9.35048 7.66733 3.16835
      vertex -33 7.66733 3.16835
    endloop
  endfacet
  facet normal 0 -0.97004 0.242945
    outer loop
      vertex -9.35048 7.66733 3.16835
      vertex -33 7.6268 3.00652
      vertex -9.30388 7.6268 3.00652
    endloop
  endfacet
  facet normal 0 0.857731 -0.514099
    outer loop
      vertex -33 4.50073 4.30137
      vertex -9.71801 4.5865 4.44447
      vertex -9.6768 4.50073 4.30137
    endloop
  endfacet
  facet normal 0 0.857731 -0.514099
    outer loop
      vertex -9.71801 4.5865 4.44447
      vertex -33 4.50073 4.30137
      vertex -33 4.5865 4.44447
    endloop
  endfacet
  facet normal -0 0.941533 0.336921
    outer loop
      vertex -33 4.42941 2.84944
      vertex -9.30388 4.3732 3.00652
      vertex -9.25864 4.42941 2.84944
    endloop
  endfacet
  facet normal 0 0.941533 0.336921
    outer loop
      vertex -9.30388 4.3732 3.00652
      vertex -33 4.42941 2.84944
      vertex -33 4.3732 3.00652
    endloop
  endfacet
  facet normal -0 0.242945 0.97004
    outer loop
      vertex -33 5.66835 1.83267
      vertex -8.97748 5.50652 1.8732
      vertex -8.96581 5.66835 1.83267
    endloop
  endfacet
  facet normal 0 0.242945 0.97004
    outer loop
      vertex -8.97748 5.50652 1.8732
      vertex -33 5.66835 1.83267
      vertex -33 5.50652 1.8732
    endloop
  endfacet
  facet normal 0 0.941533 -0.336921
    outer loop
      vertex -33 4.3732 3.99348
      vertex -9.63336 4.42941 4.15056
      vertex -9.58812 4.3732 3.99348
    endloop
  endfacet
  facet normal 0 0.941533 -0.336921
    outer loop
      vertex -9.63336 4.42941 4.15056
      vertex -33 4.3732 3.99348
      vertex -33 4.42941 4.15056
    endloop
  endfacet
  facet normal -0 0.336921 0.941533
    outer loop
      vertex -33 5.50652 1.8732
      vertex -8.99367 5.34944 1.92941
      vertex -8.97748 5.50652 1.8732
    endloop
  endfacet
  facet normal 0 0.336921 0.941533
    outer loop
      vertex -8.99367 5.34944 1.92941
      vertex -33 5.50652 1.8732
      vertex -33 5.34944 1.92941
    endloop
  endfacet
  facet normal 0 -0.989175 -0.14674
    outer loop
      vertex -33 7.69181 3.66663
      vertex -9.54152 7.66733 3.83165
      vertex -33 7.66733 3.83165
    endloop
  endfacet
  facet normal 0 -0.989175 -0.14674
    outer loop
      vertex -9.54152 7.66733 3.83165
      vertex -33 7.69181 3.66663
      vertex -9.49399 7.69181 3.66663
    endloop
  endfacet
  facet normal 0 0.514099 -0.857731
    outer loop
      vertex -33 5.05553 4.9135
      vertex -9.87779 5.19863 4.99927
      vertex -9.85309 5.05553 4.9135
    endloop
  endfacet
  facet normal 0 0.514099 -0.857731
    outer loop
      vertex -9.87779 5.19863 4.99927
      vertex -33 5.05553 4.9135
      vertex -33 5.19863 4.99927
    endloop
  endfacet
  facet normal -0 0.67158 0.740932
    outer loop
      vertex -33 4.92153 2.18588
      vertex -9.0998 4.79792 2.29792
      vertex -9.06753 4.92153 2.18588
    endloop
  endfacet
  facet normal 0 0.67158 0.740932
    outer loop
      vertex -9.0998 4.79792 2.29792
      vertex -33 4.92153 2.18588
      vertex -33 4.79792 2.29792
    endloop
  endfacet
  facet normal 0 -0.427517 0.904007
    outer loop
      vertex -33 6.65056 1.92941
      vertex -9.01421 6.80137 2.00073
      vertex -33 6.80137 2.00073
    endloop
  endfacet
  facet normal 0 -0.427517 0.904007
    outer loop
      vertex -9.01421 6.80137 2.00073
      vertex -33 6.65056 1.92941
      vertex -8.99367 6.65056 1.92941
    endloop
  endfacet
  facet normal -0 0.514099 0.857731
    outer loop
      vertex -33 5.19863 2.00073
      vertex -9.03891 5.05553 2.0865
      vertex -9.01421 5.19863 2.00073
    endloop
  endfacet
  facet normal 0 0.514099 0.857731
    outer loop
      vertex -9.03891 5.05553 2.0865
      vertex -33 5.19863 2.00073
      vertex -33 5.05553 2.0865
    endloop
  endfacet
  facet normal -0 0.857731 0.514099
    outer loop
      vertex -33 4.5865 2.55553
      vertex -9.2152 4.50073 2.69863
      vertex -9.17399 4.5865 2.55553
    endloop
  endfacet
  facet normal 0 0.857731 0.514099
    outer loop
      vertex -9.2152 4.50073 2.69863
      vertex -33 4.5865 2.55553
      vertex -33 4.50073 2.69863
    endloop
  endfacet
  facet normal 0 -0.242945 0.97004
    outer loop
      vertex -33 6.33165 1.83267
      vertex -8.97748 6.49348 1.8732
      vertex -33 6.49348 1.8732
    endloop
  endfacet
  facet normal 0 -0.242945 0.97004
    outer loop
      vertex -8.97748 6.49348 1.8732
      vertex -33 6.33165 1.83267
      vertex -8.96581 6.33165 1.83267
    endloop
  endfacet
  facet normal 0 -0.97004 -0.242945
    outer loop
      vertex -33 7.66733 3.83165
      vertex -9.58812 7.6268 3.99348
      vertex -33 7.6268 3.99348
    endloop
  endfacet
  facet normal 0 -0.97004 -0.242945
    outer loop
      vertex -9.58812 7.6268 3.99348
      vertex -33 7.66733 3.83165
      vertex -9.54152 7.66733 3.83165
    endloop
  endfacet
  facet normal -0 0.803211 0.595695
    outer loop
      vertex -33 4.68588 2.42153
      vertex -9.17399 4.5865 2.55553
      vertex -9.1354 4.68588 2.42153
    endloop
  endfacet
  facet normal 0 0.803211 0.595695
    outer loop
      vertex -9.17399 4.5865 2.55553
      vertex -33 4.68588 2.42153
      vertex -33 4.5865 2.55553
    endloop
  endfacet
  facet normal 0 0.803211 -0.595695
    outer loop
      vertex -33 4.5865 4.44447
      vertex -9.7566 4.68588 4.57847
      vertex -9.71801 4.5865 4.44447
    endloop
  endfacet
  facet normal 0 0.803211 -0.595695
    outer loop
      vertex -9.7566 4.68588 4.57847
      vertex -33 4.5865 4.44447
      vertex -33 4.68588 4.57847
    endloop
  endfacet
  facet normal 0 -0.514099 0.857731
    outer loop
      vertex -33 6.80137 2.00073
      vertex -9.03891 6.94447 2.0865
      vertex -33 6.94447 2.0865
    endloop
  endfacet
  facet normal 0 -0.514099 0.857731
    outer loop
      vertex -9.03891 6.94447 2.0865
      vertex -33 6.80137 2.00073
      vertex -9.01421 6.80137 2.00073
    endloop
  endfacet
  facet normal 0 -0.904007 0.427517
    outer loop
      vertex -33 7.49927 2.69863
      vertex -9.25864 7.57059 2.84944
      vertex -33 7.57059 2.84944
    endloop
  endfacet
  facet normal 0 -0.904007 0.427517
    outer loop
      vertex -9.25864 7.57059 2.84944
      vertex -33 7.49927 2.69863
      vertex -9.2152 7.49927 2.69863
    endloop
  endfacet
  facet normal 0 -0.146734 -0.989176
    outer loop
      vertex -35.9786 6.30385 6.58507
      vertex -33 6.60478 6.54043
      vertex -33 6.30385 6.58507
    endloop
  endfacet
  facet normal -0 -0.146734 -0.989176
    outer loop
      vertex -33 6.60478 6.54043
      vertex -35.9786 6.30385 6.58507
      vertex -35.9786 6.60478 6.54043
    endloop
  endfacet
  facet normal 0 -0.0490769 -0.998795
    outer loop
      vertex -35.9786 6 6.6
      vertex -33 6.30385 6.58507
      vertex -33 6 6.6
    endloop
  endfacet
  facet normal -0 -0.0490769 -0.998795
    outer loop
      vertex -33 6.30385 6.58507
      vertex -35.9786 6 6.6
      vertex -35.9786 6.30385 6.58507
    endloop
  endfacet
  facet normal 0 -0.242984 -0.97003
    outer loop
      vertex -35.9786 6.60478 6.54043
      vertex -33 6.89988 6.46651
      vertex -33 6.60478 6.54043
    endloop
  endfacet
  facet normal -0 -0.242984 -0.97003
    outer loop
      vertex -33 6.89988 6.46651
      vertex -35.9786 6.60478 6.54043
      vertex -35.9786 6.89988 6.46651
    endloop
  endfacet
  facet normal 0 0.595716 -0.803195
    outer loop
      vertex -35.8672 4.03338 5.89633
      vertex -33 4.27773 6.07756
      vertex -33 4.03338 5.89633
    endloop
  endfacet
  facet normal 5.94815e-06 0.595671 -0.803229
    outer loop
      vertex -35.8791 4.11368 5.95588
      vertex -33 4.27773 6.07756
      vertex -35.8672 4.03338 5.89633
    endloop
  endfacet
  facet normal 0 0.595738 -0.803179
    outer loop
      vertex -33 4.27773 6.07756
      vertex -35.8791 4.11368 5.95588
      vertex -35.9007 4.27773 6.07756
    endloop
  endfacet
  facet normal 0 0.998795 -0.0490769
    outer loop
      vertex -35.4927 2.9 3.5
      vertex -33 2.91493 3.80385
      vertex -33 2.9 3.5
    endloop
  endfacet
  facet normal 0 0.998795 -0.0490769
    outer loop
      vertex -33 2.91493 3.80385
      vertex -35.4927 2.9 3.5
      vertex -35.4989 2.91493 3.80385
    endloop
  endfacet
  facet normal 0 0.85784 -0.513916
    outer loop
      vertex -33 3.42244 5.22227
      vertex -35.701 3.40288 5.18962
      vertex -35.708 3.42244 5.22227
    endloop
  endfacet
  facet normal 0 0.857731 -0.514099
    outer loop
      vertex -35.6444 3.26604 4.96133
      vertex -33 3.42244 5.22227
      vertex -33 3.26604 4.96133
    endloop
  endfacet
  facet normal 3.43053e-06 0.857715 -0.514125
    outer loop
      vertex -33 3.42244 5.22227
      vertex -35.6444 3.26604 4.96133
      vertex -35.701 3.40288 5.18962
    endloop
  endfacet
  facet normal 0.000475008 -0.903965 0.427606
    outer loop
      vertex -35.9424 8.73396 2.03867
      vertex -35.9786 8.86403 2.31368
      vertex -35.9786 8.79781 2.17369
    endloop
  endfacet
  facet normal 0 -0.903989 0.427555
    outer loop
      vertex -35.9786 8.86403 2.31368
      vertex -35.9424 8.73396 2.03867
      vertex -33 8.86403 2.31368
    endloop
  endfacet
  facet normal 0 -0.903989 0.427555
    outer loop
      vertex -33 8.86403 2.31368
      vertex -35.9424 8.73396 2.03867
      vertex -33 8.73396 2.03867
    endloop
  endfacet
  facet normal 0 -0.857731 -0.514099
    outer loop
      vertex -35.9786 8.73396 4.96133
      vertex -33 8.57756 5.22227
      vertex -35.9786 8.57756 5.22227
    endloop
  endfacet
  facet normal 0 -0.857731 -0.514099
    outer loop
      vertex -33 8.57756 5.22227
      vertex -35.9786 8.73396 4.96133
      vertex -33 8.73396 4.96133
    endloop
  endfacet
  facet normal 0 -0.998795 0.0490769
    outer loop
      vertex -35.9786 9.08507 3.19615
      vertex -33 9.1 3.5
      vertex -35.9786 9.1 3.5
    endloop
  endfacet
  facet normal 0 -0.998795 0.0490769
    outer loop
      vertex -33 9.1 3.5
      vertex -35.9786 9.08507 3.19615
      vertex -33 9.08507 3.19615
    endloop
  endfacet
  facet normal -0 0.595707 0.803202
    outer loop
      vertex -35.3498 4.27773 0.922444
      vertex -33 4.03338 1.10367
      vertex -33 4.27773 0.922444
    endloop
  endfacet
  facet normal 6.93571e-05 0.59569 0.803214
    outer loop
      vertex -35.4426 4.03338 1.10367
      vertex -35.3498 4.27773 0.922444
      vertex -35.366 4.25115 0.942158
    endloop
  endfacet
  facet normal -0.000135493 0.595737 0.80318
    outer loop
      vertex -35.4426 4.03338 1.10367
      vertex -35.366 4.25115 0.942158
      vertex -35.3949 4.20269 0.978097
    endloop
  endfacet
  facet normal 0 0.595707 0.803202
    outer loop
      vertex -35.3498 4.27773 0.922444
      vertex -35.4426 4.03338 1.10367
      vertex -33 4.03338 1.10367
    endloop
  endfacet
  facet normal 0 -0.336861 -0.941554
    outer loop
      vertex -35.9786 6.89988 6.46651
      vertex -33 7.18632 6.36403
      vertex -33 6.89988 6.46651
    endloop
  endfacet
  facet normal -0 -0.336861 -0.941554
    outer loop
      vertex -33 7.18632 6.36403
      vertex -35.9786 6.89988 6.46651
      vertex -35.9786 7.18632 6.36403
    endloop
  endfacet
  facet normal 0 0.336861 -0.941554
    outer loop
      vertex -35.9664 4.81368 6.36403
      vertex -33 5.10012 6.46651
      vertex -33 4.81368 6.36403
    endloop
  endfacet
  facet normal -2.56997e-07 0.336863 -0.941554
    outer loop
      vertex -35.9786 5.06149 6.45269
      vertex -33 5.10012 6.46651
      vertex -35.9664 4.81368 6.36403
    endloop
  endfacet
  facet normal 0 0.336846 -0.94156
    outer loop
      vertex -33 5.10012 6.46651
      vertex -35.9786 5.06149 6.45269
      vertex -35.9786 5.10012 6.46651
    endloop
  endfacet
  facet normal -0 0.514097 0.857732
    outer loop
      vertex -35.2278 4.53867 0.766045
      vertex -33 4.27773 0.922444
      vertex -33 4.53867 0.766045
    endloop
  endfacet
  facet normal 8.44606e-07 0.514102 0.857729
    outer loop
      vertex -35.3133 4.35582 0.875641
      vertex -33 4.27773 0.922444
      vertex -35.2278 4.53867 0.766045
    endloop
  endfacet
  facet normal 0 0.514084 0.85774
    outer loop
      vertex -33 4.27773 0.922444
      vertex -35.3133 4.35582 0.875641
      vertex -35.3498 4.27773 0.922444
    endloop
  endfacet
  facet normal 0 0.0490769 -0.998795
    outer loop
      vertex -35.9786 5.69615 6.58507
      vertex -33 6 6.6
      vertex -33 5.69615 6.58507
    endloop
  endfacet
  facet normal 0 0.0490769 -0.998795
    outer loop
      vertex -33 6 6.6
      vertex -35.9786 5.69615 6.58507
      vertex -35.9786 6 6.6
    endloop
  endfacet
  facet normal 0 0.802866 0.59616
    outer loop
      vertex -33 3.42244 1.77773
      vertex -35.5955 3.43115 1.766
      vertex -35.5953 3.42244 1.77773
    endloop
  endfacet
  facet normal 3.27295e-06 0.803212 0.595693
    outer loop
      vertex -35.588 3.60367 1.53338
      vertex -35.5955 3.43115 1.766
      vertex -33 3.42244 1.77773
    endloop
  endfacet
  facet normal -0 0.803195 0.595716
    outer loop
      vertex -35.588 3.60367 1.53338
      vertex -33 3.42244 1.77773
      vertex -33 3.60367 1.53338
    endloop
  endfacet
  facet normal -9.39309e-05 0.803214 0.595691
    outer loop
      vertex -35.5955 3.43115 1.766
      vertex -35.588 3.60367 1.53338
      vertex -35.5914 3.59632 1.54329
    endloop
  endfacet
  facet normal -0 0.146731 0.989176
    outer loop
      vertex -34.8458 5.69615 0.414927
      vertex -33 5.39522 0.459566
      vertex -33 5.69615 0.414927
    endloop
  endfacet
  facet normal 0 0.146731 0.989176
    outer loop
      vertex -33 5.39522 0.459566
      vertex -34.8458 5.69615 0.414927
      vertex -34.9231 5.39522 0.459566
    endloop
  endfacet
  facet normal 1.88997e-05 -0.803193 0.595719
    outer loop
      vertex -35.804 8.39633 1.53338
      vertex -35.8725 8.57756 1.77773
      vertex -35.8097 8.40368 1.54329
    endloop
  endfacet
  facet normal 0 -0.803195 0.595716
    outer loop
      vertex -35.8725 8.57756 1.77773
      vertex -35.804 8.39633 1.53338
      vertex -33 8.57756 1.77773
    endloop
  endfacet
  facet normal 0 -0.803195 0.595716
    outer loop
      vertex -33 8.57756 1.77773
      vertex -35.804 8.39633 1.53338
      vertex -33 8.39633 1.53338
    endloop
  endfacet
  facet normal 0 -0.803195 -0.595716
    outer loop
      vertex -35.9786 8.57756 5.22227
      vertex -33 8.39633 5.46662
      vertex -35.9786 8.39633 5.46662
    endloop
  endfacet
  facet normal 0 -0.803195 -0.595716
    outer loop
      vertex -33 8.39633 5.46662
      vertex -35.9786 8.57756 5.22227
      vertex -33 8.57756 5.22227
    endloop
  endfacet
  facet normal 0 0.671559 -0.740951
    outer loop
      vertex -35.8273 3.80797 5.69203
      vertex -33 4.03338 5.89633
      vertex -33 3.80797 5.69203
    endloop
  endfacet
  facet normal 0.000838539 0.671641 -0.740877
    outer loop
      vertex -35.8672 4.03338 5.89633
      vertex -35.8273 3.80797 5.69203
      vertex -35.8432 3.87134 5.74946
    endloop
  endfacet
  facet normal 0 0.671559 -0.740951
    outer loop
      vertex -35.8273 3.80797 5.69203
      vertex -35.8672 4.03338 5.89633
      vertex -33 4.03338 5.89633
    endloop
  endfacet
  facet normal -0 0.336887 0.941545
    outer loop
      vertex -35.0388 5.10012 0.533485
      vertex -33 4.81368 0.635974
      vertex -33 5.10012 0.533485
    endloop
  endfacet
  facet normal -2.99193e-06 0.336868 0.941552
    outer loop
      vertex -35.0526 5.06149 0.547306
      vertex -33 4.81368 0.635974
      vertex -35.0388 5.10012 0.533485
    endloop
  endfacet
  facet normal 0 0.33689 0.941544
    outer loop
      vertex -33 4.81368 0.635974
      vertex -35.0526 5.06149 0.547306
      vertex -35.1291 4.81368 0.635974
    endloop
  endfacet
  facet normal 0 0.146734 -0.989176
    outer loop
      vertex -35.9786 5.39522 6.54043
      vertex -33 5.69615 6.58507
      vertex -33 5.39522 6.54043
    endloop
  endfacet
  facet normal 0 0.146734 -0.989176
    outer loop
      vertex -33 5.69615 6.58507
      vertex -35.9786 5.39522 6.54043
      vertex -35.9786 5.69615 6.58507
    endloop
  endfacet
  facet normal 0 -0.514097 0.857732
    outer loop
      vertex -33 7.72227 0.922444
      vertex -35.2713 7.46133 0.766045
      vertex -33 7.46133 0.766045
    endloop
  endfacet
  facet normal 0 -0.514097 0.857732
    outer loop
      vertex -35.2713 7.46133 0.766045
      vertex -33 7.72227 0.922444
      vertex -35.4277 7.72227 0.922444
    endloop
  endfacet
  facet normal 0 0.242984 -0.97003
    outer loop
      vertex -35.9786 5.10012 6.46651
      vertex -33 5.39522 6.54043
      vertex -33 5.10012 6.46651
    endloop
  endfacet
  facet normal 0 0.242984 -0.97003
    outer loop
      vertex -33 5.39522 6.54043
      vertex -35.9786 5.10012 6.46651
      vertex -35.9786 5.39522 6.54043
    endloop
  endfacet
  facet normal 0 0.903989 -0.427555
    outer loop
      vertex -35.5905 3.13597 4.68632
      vertex -33 3.26604 4.96133
      vertex -33 3.13597 4.68632
    endloop
  endfacet
  facet normal 0 0.903989 -0.427555
    outer loop
      vertex -33 3.26604 4.96133
      vertex -35.5905 3.13597 4.68632
      vertex -35.6444 3.26604 4.96133
    endloop
  endfacet
  facet normal 0 -0.740951 -0.671559
    outer loop
      vertex -35.9786 8.39633 5.46662
      vertex -33 8.19203 5.69203
      vertex -35.9786 8.19203 5.69203
    endloop
  endfacet
  facet normal 0 -0.740951 -0.671559
    outer loop
      vertex -33 8.19203 5.69203
      vertex -35.9786 8.39633 5.46662
      vertex -33 8.39633 5.46662
    endloop
  endfacet
  facet normal 0 -0.941554 0.336861
    outer loop
      vertex -35.9786 8.86403 2.31368
      vertex -33 8.96651 2.60012
      vertex -35.9786 8.96651 2.60012
    endloop
  endfacet
  facet normal 0 -0.941554 0.336861
    outer loop
      vertex -33 8.96651 2.60012
      vertex -35.9786 8.86403 2.31368
      vertex -33 8.86403 2.31368
    endloop
  endfacet
  facet normal 0 -0.903989 -0.427555
    outer loop
      vertex -35.9786 8.86403 4.68632
      vertex -33 8.73396 4.96133
      vertex -35.9786 8.73396 4.96133
    endloop
  endfacet
  facet normal 0 -0.903989 -0.427555
    outer loop
      vertex -33 8.73396 4.96133
      vertex -35.9786 8.86403 4.68632
      vertex -33 8.86403 4.68632
    endloop
  endfacet
  facet normal 0 -0.0490638 0.998796
    outer loop
      vertex -33 6.30385 0.414927
      vertex -34.8199 6 0.400001
      vertex -33 6 0.400001
    endloop
  endfacet
  facet normal 0 -0.0490638 0.998796
    outer loop
      vertex -34.8199 6 0.400001
      vertex -33 6.30385 0.414927
      vertex -34.8458 6.30385 0.414927
    endloop
  endfacet
  facet normal 0 -0.595716 -0.803195
    outer loop
      vertex -35.9786 7.72227 6.07756
      vertex -33 7.96662 5.89633
      vertex -33 7.72227 6.07756
    endloop
  endfacet
  facet normal -0 -0.595716 -0.803195
    outer loop
      vertex -33 7.96662 5.89633
      vertex -35.9786 7.72227 6.07756
      vertex -35.9786 7.96662 5.89633
    endloop
  endfacet
  facet normal 0 -0.998795 -0.0490769
    outer loop
      vertex -35.9786 9.1 3.5
      vertex -33 9.08507 3.80385
      vertex -35.9786 9.08507 3.80385
    endloop
  endfacet
  facet normal 0 -0.998795 -0.0490769
    outer loop
      vertex -33 9.08507 3.80385
      vertex -35.9786 9.1 3.5
      vertex -33 9.1 3.5
    endloop
  endfacet
  facet normal 0 -0.740951 0.671559
    outer loop
      vertex -35.6738 8.19203 1.30797
      vertex -33 8.39633 1.53338
      vertex -35.804 8.39633 1.53338
    endloop
  endfacet
  facet normal 0 -0.740951 0.671559
    outer loop
      vertex -33 8.39633 1.53338
      vertex -35.6738 8.19203 1.30797
      vertex -33 8.19203 1.30797
    endloop
  endfacet
  facet normal 0 0.941554 -0.336861
    outer loop
      vertex -35.548 3.03349 4.39988
      vertex -33 3.13597 4.68632
      vertex -33 3.03349 4.39988
    endloop
  endfacet
  facet normal 0 0.941554 -0.336861
    outer loop
      vertex -33 3.13597 4.68632
      vertex -35.548 3.03349 4.39988
      vertex -35.5905 3.13597 4.68632
    endloop
  endfacet
  facet normal 0 -0.671559 -0.740951
    outer loop
      vertex -35.9786 7.96662 5.89633
      vertex -33 8.19203 5.69203
      vertex -33 7.96662 5.89633
    endloop
  endfacet
  facet normal -0 -0.671559 -0.740951
    outer loop
      vertex -33 8.19203 5.69203
      vertex -35.9786 7.96662 5.89633
      vertex -35.9786 8.19203 5.69203
    endloop
  endfacet
  facet normal 0 0.97003 0.242984
    outer loop
      vertex -33 3.03349 2.60012
      vertex -35.5174 2.95957 2.89522
      vertex -33 2.95957 2.89522
    endloop
  endfacet
  facet normal 0 0.97003 0.242984
    outer loop
      vertex -35.5174 2.95957 2.89522
      vertex -33 3.03349 2.60012
      vertex -35.548 3.03349 2.60012
    endloop
  endfacet
  facet normal 0 -0.427555 -0.903989
    outer loop
      vertex -35.9786 7.18632 6.36403
      vertex -33 7.46133 6.23396
      vertex -33 7.18632 6.36403
    endloop
  endfacet
  facet normal -0 -0.427555 -0.903989
    outer loop
      vertex -33 7.46133 6.23396
      vertex -35.9786 7.18632 6.36403
      vertex -35.9786 7.46133 6.23396
    endloop
  endfacet
  facet normal 0 0.514099 -0.857731
    outer loop
      vertex -35.9007 4.27773 6.07756
      vertex -33 4.53867 6.23396
      vertex -33 4.27773 6.07756
    endloop
  endfacet
  facet normal 0 0.514099 -0.857731
    outer loop
      vertex -33 4.53867 6.23396
      vertex -35.9007 4.27773 6.07756
      vertex -35.9351 4.53867 6.23396
    endloop
  endfacet
  facet normal 0 -0.941554 -0.336861
    outer loop
      vertex -35.9786 8.96651 4.39988
      vertex -33 8.86403 4.68632
      vertex -35.9786 8.86403 4.68632
    endloop
  endfacet
  facet normal 0 -0.941554 -0.336861
    outer loop
      vertex -33 8.86403 4.68632
      vertex -35.9786 8.96651 4.39988
      vertex -33 8.96651 4.39988
    endloop
  endfacet
  facet normal 0 -0.97003 0.242984
    outer loop
      vertex -35.9786 8.96651 2.60012
      vertex -33 9.04043 2.89522
      vertex -35.9786 9.04043 2.89522
    endloop
  endfacet
  facet normal 0 -0.97003 0.242984
    outer loop
      vertex -33 9.04043 2.89522
      vertex -35.9786 8.96651 2.60012
      vertex -33 8.96651 2.60012
    endloop
  endfacet
  facet normal 0 -0.857731 0.514099
    outer loop
      vertex -35.8725 8.57756 1.77773
      vertex -33 8.73396 2.03867
      vertex -35.9424 8.73396 2.03867
    endloop
  endfacet
  facet normal 0 -0.857731 0.514099
    outer loop
      vertex -33 8.73396 2.03867
      vertex -35.8725 8.57756 1.77773
      vertex -33 8.57756 1.77773
    endloop
  endfacet
  facet normal 0 -0.514099 -0.857731
    outer loop
      vertex -35.9786 7.46133 6.23396
      vertex -33 7.72227 6.07756
      vertex -33 7.46133 6.23396
    endloop
  endfacet
  facet normal -0 -0.514099 -0.857731
    outer loop
      vertex -33 7.72227 6.07756
      vertex -35.9786 7.46133 6.23396
      vertex -35.9786 7.72227 6.07756
    endloop
  endfacet
  facet normal 0 -0.242981 0.970031
    outer loop
      vertex -33 6.89988 0.533485
      vertex -34.9231 6.60478 0.459566
      vertex -33 6.60478 0.459566
    endloop
  endfacet
  facet normal 0 -0.242981 0.970031
    outer loop
      vertex -35.0388 6.89988 0.533485
      vertex -34.9231 6.60478 0.459566
      vertex -33 6.89988 0.533485
    endloop
  endfacet
  facet normal -1.43011e-05 -0.242986 0.97003
    outer loop
      vertex -34.9231 6.60478 0.459566
      vertex -35.0388 6.89988 0.533485
      vertex -35.0219 6.83254 0.516617
    endloop
  endfacet
  facet normal 0 -0.989176 0.146734
    outer loop
      vertex -35.9786 9.04043 2.89522
      vertex -33 9.08507 3.19615
      vertex -35.9786 9.08507 3.19615
    endloop
  endfacet
  facet normal 0 -0.989176 0.146734
    outer loop
      vertex -33 9.08507 3.19615
      vertex -35.9786 9.04043 2.89522
      vertex -33 9.04043 2.89522
    endloop
  endfacet
  facet normal -0 0.427558 0.903988
    outer loop
      vertex -35.1291 4.81368 0.635974
      vertex -33 4.53867 0.766045
      vertex -33 4.81368 0.635974
    endloop
  endfacet
  facet normal 2.05681e-06 0.427571 0.903982
    outer loop
      vertex -35.1539 4.75519 0.663639
      vertex -33 4.53867 0.766045
      vertex -35.1291 4.81368 0.635974
    endloop
  endfacet
  facet normal 0 0.427554 0.90399
    outer loop
      vertex -33 4.53867 0.766045
      vertex -35.1539 4.75519 0.663639
      vertex -35.2278 4.53867 0.766045
    endloop
  endfacet
  facet normal 0 0.989176 -0.146734
    outer loop
      vertex -35.4989 2.91493 3.80385
      vertex -33 2.95957 4.10478
      vertex -33 2.91493 3.80385
    endloop
  endfacet
  facet normal 0 0.989176 -0.146734
    outer loop
      vertex -33 2.95957 4.10478
      vertex -35.4989 2.91493 3.80385
      vertex -35.5174 2.95957 4.10478
    endloop
  endfacet
  facet normal 0 0.941554 0.336861
    outer loop
      vertex -33 3.13597 2.31368
      vertex -35.548 3.03349 2.60012
      vertex -33 3.03349 2.60012
    endloop
  endfacet
  facet normal 0 0.941554 0.336861
    outer loop
      vertex -35.548 3.03349 2.60012
      vertex -33 3.13597 2.31368
      vertex -35.5905 3.13597 2.31368
    endloop
  endfacet
  facet normal 0 0.740948 0.671563
    outer loop
      vertex -33 3.60367 1.53338
      vertex -35.5595 3.69378 1.43396
      vertex -35.588 3.60367 1.53338
    endloop
  endfacet
  facet normal -0 0.740951 0.671559
    outer loop
      vertex -35.5131 3.80797 1.30797
      vertex -33 3.60367 1.53338
      vertex -33 3.80797 1.30797
    endloop
  endfacet
  facet normal 4.28373e-07 0.740953 0.671557
    outer loop
      vertex -33 3.60367 1.53338
      vertex -35.5131 3.80797 1.30797
      vertex -35.5595 3.69378 1.43396
    endloop
  endfacet
  facet normal 0 0.740961 -0.671548
    outer loop
      vertex -33 3.80797 5.69203
      vertex -35.7836 3.63373 5.49978
      vertex -35.8273 3.80797 5.69203
    endloop
  endfacet
  facet normal 0 0.740951 -0.671559
    outer loop
      vertex -35.7729 3.60367 5.46662
      vertex -33 3.80797 5.69203
      vertex -33 3.60367 5.46662
    endloop
  endfacet
  facet normal 9.70935e-06 0.740891 -0.671625
    outer loop
      vertex -33 3.80797 5.69203
      vertex -35.7729 3.60367 5.46662
      vertex -35.7836 3.63373 5.49978
    endloop
  endfacet
  facet normal -0 0.242981 0.970031
    outer loop
      vertex -34.9231 5.39522 0.459566
      vertex -33 5.10012 0.533485
      vertex -33 5.39522 0.459566
    endloop
  endfacet
  facet normal -1.43011e-05 0.242986 0.97003
    outer loop
      vertex -35.0388 5.10012 0.533485
      vertex -34.9231 5.39522 0.459566
      vertex -35.0219 5.16746 0.516617
    endloop
  endfacet
  facet normal 0 0.242981 0.970031
    outer loop
      vertex -34.9231 5.39522 0.459566
      vertex -35.0388 5.10012 0.533485
      vertex -33 5.10012 0.533485
    endloop
  endfacet
  facet normal 0 0.97003 -0.242984
    outer loop
      vertex -35.5174 2.95957 4.10478
      vertex -33 3.03349 4.39988
      vertex -33 2.95957 4.10478
    endloop
  endfacet
  facet normal 0 0.97003 -0.242984
    outer loop
      vertex -33 3.03349 4.39988
      vertex -35.5174 2.95957 4.10478
      vertex -35.548 3.03349 4.39988
    endloop
  endfacet
  facet normal -0 0.671559 0.740951
    outer loop
      vertex -35.4426 4.03338 1.10367
      vertex -33 3.80797 1.30797
      vertex -33 4.03338 1.10367
    endloop
  endfacet
  facet normal 1.63605e-06 0.671569 0.740942
    outer loop
      vertex -35.4656 3.9725 1.15885
      vertex -33 3.80797 1.30797
      vertex -35.4426 4.03338 1.10367
    endloop
  endfacet
  facet normal 0 0.671556 0.740954
    outer loop
      vertex -33 3.80797 1.30797
      vertex -35.4656 3.9725 1.15885
      vertex -35.5131 3.80797 1.30797
    endloop
  endfacet
  facet normal 0 -0.146731 0.989176
    outer loop
      vertex -33 6.60478 0.459566
      vertex -34.8458 6.30385 0.414927
      vertex -33 6.30385 0.414927
    endloop
  endfacet
  facet normal 0 -0.146731 0.989176
    outer loop
      vertex -34.8458 6.30385 0.414927
      vertex -33 6.60478 0.459566
      vertex -34.9231 6.60478 0.459566
    endloop
  endfacet
  facet normal 0 -0.97003 -0.242984
    outer loop
      vertex -35.9786 9.04043 4.10478
      vertex -33 8.96651 4.39988
      vertex -35.9786 8.96651 4.39988
    endloop
  endfacet
  facet normal 0 -0.97003 -0.242984
    outer loop
      vertex -33 8.96651 4.39988
      vertex -35.9786 9.04043 4.10478
      vertex -33 9.04043 4.10478
    endloop
  endfacet
  facet normal -0 0.0490638 0.998796
    outer loop
      vertex -34.8199 6 0.400001
      vertex -33 5.69615 0.414927
      vertex -33 6 0.400001
    endloop
  endfacet
  facet normal 0 0.0490638 0.998796
    outer loop
      vertex -33 5.69615 0.414927
      vertex -34.8199 6 0.400001
      vertex -34.8458 5.69615 0.414927
    endloop
  endfacet
  facet normal 0 -0.336887 0.941545
    outer loop
      vertex -33 7.18632 0.635974
      vertex -35.0388 6.89988 0.533485
      vertex -33 6.89988 0.533485
    endloop
  endfacet
  facet normal 0 -0.336887 0.941545
    outer loop
      vertex -35.0388 6.89988 0.533485
      vertex -33 7.18632 0.635974
      vertex -35.1413 7.18632 0.635974
    endloop
  endfacet
  facet normal 0 0.803195 -0.595716
    outer loop
      vertex -35.708 3.42244 5.22227
      vertex -33 3.60367 5.46662
      vertex -33 3.42244 5.22227
    endloop
  endfacet
  facet normal 0 0.803195 -0.595716
    outer loop
      vertex -33 3.60367 5.46662
      vertex -35.708 3.42244 5.22227
      vertex -35.7729 3.60367 5.46662
    endloop
  endfacet
  facet normal 0 -0.595707 0.803202
    outer loop
      vertex -33 7.96662 1.10367
      vertex -35.4277 7.72227 0.922444
      vertex -33 7.72227 0.922444
    endloop
  endfacet
  facet normal 0 -0.595707 0.803202
    outer loop
      vertex -35.5559 7.96662 1.10367
      vertex -35.4277 7.72227 0.922444
      vertex -33 7.96662 1.10367
    endloop
  endfacet
  facet normal -7.81993e-05 -0.595734 0.803182
    outer loop
      vertex -35.4277 7.72227 0.922444
      vertex -35.5559 7.96662 1.10367
      vertex -35.4834 7.79731 0.978097
    endloop
  endfacet
  facet normal 0 0.857732 0.514098
    outer loop
      vertex -33 3.26604 2.03867
      vertex -35.6048 3.27744 2.01965
      vertex -35.6055 3.26604 2.03867
    endloop
  endfacet
  facet normal -0 0.857731 0.514099
    outer loop
      vertex -35.5953 3.42244 1.77773
      vertex -33 3.26604 2.03867
      vertex -33 3.42244 1.77773
    endloop
  endfacet
  facet normal -1.63291e-08 0.857731 0.514099
    outer loop
      vertex -33 3.26604 2.03867
      vertex -35.5953 3.42244 1.77773
      vertex -35.6048 3.27744 2.01965
    endloop
  endfacet
  facet normal 0 -0.427558 0.903988
    outer loop
      vertex -33 7.46133 0.766045
      vertex -35.1413 7.18632 0.635974
      vertex -33 7.18632 0.635974
    endloop
  endfacet
  facet normal 0 -0.427558 0.903988
    outer loop
      vertex -35.1413 7.18632 0.635974
      vertex -33 7.46133 0.766045
      vertex -35.2713 7.46133 0.766045
    endloop
  endfacet
  facet normal 0 0.427555 -0.903989
    outer loop
      vertex -35.9351 4.53867 6.23396
      vertex -33 4.81368 6.36403
      vertex -33 4.53867 6.23396
    endloop
  endfacet
  facet normal 2.43429e-06 0.427534 -0.903999
    outer loop
      vertex -35.9636 4.75519 6.33636
      vertex -33 4.81368 6.36403
      vertex -35.9351 4.53867 6.23396
    endloop
  endfacet
  facet normal 0 0.427635 -0.903952
    outer loop
      vertex -33 4.81368 6.36403
      vertex -35.9636 4.75519 6.33636
      vertex -35.9664 4.81368 6.36403
    endloop
  endfacet
  facet normal 0 0.998795 0.0490769
    outer loop
      vertex -33 2.91493 3.19615
      vertex -35.4927 2.9 3.5
      vertex -33 2.9 3.5
    endloop
  endfacet
  facet normal 0 0.998795 0.0490769
    outer loop
      vertex -35.4927 2.9 3.5
      vertex -33 2.91493 3.19615
      vertex -35.4989 2.91493 3.19615
    endloop
  endfacet
  facet normal 0 0.989176 0.146734
    outer loop
      vertex -33 2.95957 2.89522
      vertex -35.4989 2.91493 3.19615
      vertex -33 2.91493 3.19615
    endloop
  endfacet
  facet normal 0 0.989176 0.146734
    outer loop
      vertex -35.4989 2.91493 3.19615
      vertex -33 2.95957 2.89522
      vertex -35.5174 2.95957 2.89522
    endloop
  endfacet
  facet normal 0 -0.989176 -0.146734
    outer loop
      vertex -35.9786 9.08507 3.80385
      vertex -33 9.04043 4.10478
      vertex -35.9786 9.04043 4.10478
    endloop
  endfacet
  facet normal 0 -0.989176 -0.146734
    outer loop
      vertex -33 9.04043 4.10478
      vertex -35.9786 9.08507 3.80385
      vertex -33 9.08507 3.80385
    endloop
  endfacet
  facet normal 0 0.903989 0.427555
    outer loop
      vertex -33 3.26604 2.03867
      vertex -35.5905 3.13597 2.31368
      vertex -33 3.13597 2.31368
    endloop
  endfacet
  facet normal 0 0.903989 0.427555
    outer loop
      vertex -35.5905 3.13597 2.31368
      vertex -33 3.26604 2.03867
      vertex -35.6055 3.26604 2.03867
    endloop
  endfacet
  facet normal 0.000442883 0.903999 0.427535
    outer loop
      vertex -35.5905 3.13597 2.31368
      vertex -35.6055 3.26604 2.03867
      vertex -35.6179 3.20219 2.17369
    endloop
  endfacet
  facet normal 0 -0.671559 0.740951
    outer loop
      vertex -33 8.19203 1.30797
      vertex -35.5559 7.96662 1.10367
      vertex -33 7.96662 1.10367
    endloop
  endfacet
  facet normal 0 -0.671559 0.740951
    outer loop
      vertex -35.5559 7.96662 1.10367
      vertex -33 8.19203 1.30797
      vertex -35.6738 8.19203 1.30797
    endloop
  endfacet
  facet normal -1 0 0
    outer loop
      vertex -33 7.7 3.5
      vertex -33 9.1 3.5
      vertex -33 9.08507 3.19615
    endloop
  endfacet
  facet normal -1 0 0
    outer loop
      vertex -33 7.69181 3.33337
      vertex -33 9.08507 3.19615
      vertex -33 9.04043 2.89522
    endloop
  endfacet
  facet normal -1 0 0
    outer loop
      vertex -33 9.1 3.5
      vertex -33 7.7 3.5
      vertex -33 9.08507 3.80385
    endloop
  endfacet
  facet normal -1 0 0
    outer loop
      vertex -33 7.66733 3.16835
      vertex -33 9.04043 2.89522
      vertex -33 8.96651 2.60012
    endloop
  endfacet
  facet normal -1 0 0
    outer loop
      vertex -33 7.69181 3.66663
      vertex -33 9.08507 3.80385
      vertex -33 7.7 3.5
    endloop
  endfacet
  facet normal -1 0 0
    outer loop
      vertex -33 7.6268 3.00652
      vertex -33 8.96651 2.60012
      vertex -33 8.86403 2.31368
    endloop
  endfacet
  facet normal -1 -0 0
    outer loop
      vertex -33 9.08507 3.80385
      vertex -33 7.69181 3.66663
      vertex -33 9.04043 4.10478
    endloop
  endfacet
  facet normal -1 0 0
    outer loop
      vertex -33 7.57059 2.84944
      vertex -33 8.86403 2.31368
      vertex -33 8.73396 2.03867
    endloop
  endfacet
  facet normal -1 0 0
    outer loop
      vertex -33 7.66733 3.83165
      vertex -33 9.04043 4.10478
      vertex -33 7.69181 3.66663
    endloop
  endfacet
  facet normal -1 0 0
    outer loop
      vertex -33 7.49927 2.69863
      vertex -33 8.73396 2.03867
      vertex -33 8.57756 1.77773
    endloop
  endfacet
  facet normal -1 -0 0
    outer loop
      vertex -33 9.04043 4.10478
      vertex -33 7.66733 3.83165
      vertex -33 8.96651 4.39988
    endloop
  endfacet
  facet normal -1 0 0
    outer loop
      vertex -33 7.4135 2.55553
      vertex -33 8.57756 1.77773
      vertex -33 8.39633 1.53338
    endloop
  endfacet
  facet normal -1 0 0
    outer loop
      vertex -33 7.6268 3.99348
      vertex -33 8.96651 4.39988
      vertex -33 7.66733 3.83165
    endloop
  endfacet
  facet normal -1 0 0
    outer loop
      vertex -33 7.31412 2.42153
      vertex -33 8.39633 1.53338
      vertex -33 8.19203 1.30797
    endloop
  endfacet
  facet normal -1 -0 0
    outer loop
      vertex -33 8.96651 4.39988
      vertex -33 7.6268 3.99348
      vertex -33 8.86403 4.68632
    endloop
  endfacet
  facet normal -1 0 0
    outer loop
      vertex -33 7.20208 2.29792
      vertex -33 8.19203 1.30797
      vertex -33 7.96662 1.10367
    endloop
  endfacet
  facet normal -1 0 0
    outer loop
      vertex -33 7.57059 4.15056
      vertex -33 8.86403 4.68632
      vertex -33 7.6268 3.99348
    endloop
  endfacet
  facet normal -1 0 0
    outer loop
      vertex -33 7.07847 2.18588
      vertex -33 7.96662 1.10367
      vertex -33 7.72227 0.922444
    endloop
  endfacet
  facet normal -1 -0 0
    outer loop
      vertex -33 8.86403 4.68632
      vertex -33 7.57059 4.15056
      vertex -33 8.73396 4.96133
    endloop
  endfacet
  facet normal -1 0 0
    outer loop
      vertex -33 7.49927 4.30137
      vertex -33 8.73396 4.96133
      vertex -33 7.57059 4.15056
    endloop
  endfacet
  facet normal -1 0 0
    outer loop
      vertex -33 9.08507 3.19615
      vertex -33 7.69181 3.33337
      vertex -33 7.7 3.5
    endloop
  endfacet
  facet normal -1 0 0
    outer loop
      vertex -33 9.04043 2.89522
      vertex -33 7.66733 3.16835
      vertex -33 7.69181 3.33337
    endloop
  endfacet
  facet normal -1 0 0
    outer loop
      vertex -33 8.96651 2.60012
      vertex -33 7.6268 3.00652
      vertex -33 7.66733 3.16835
    endloop
  endfacet
  facet normal -1 0 0
    outer loop
      vertex -33 8.86403 2.31368
      vertex -33 7.57059 2.84944
      vertex -33 7.6268 3.00652
    endloop
  endfacet
  facet normal -1 0 0
    outer loop
      vertex -33 8.73396 2.03867
      vertex -33 7.49927 2.69863
      vertex -33 7.57059 2.84944
    endloop
  endfacet
  facet normal -1 0 0
    outer loop
      vertex -33 6.94447 2.0865
      vertex -33 7.72227 0.922444
      vertex -33 7.46133 0.766045
    endloop
  endfacet
  facet normal -1 0 0
    outer loop
      vertex -33 8.57756 1.77773
      vertex -33 7.4135 2.55553
      vertex -33 7.49927 2.69863
    endloop
  endfacet
  facet normal -1 0 0
    outer loop
      vertex -33 8.39633 1.53338
      vertex -33 7.31412 2.42153
      vertex -33 7.4135 2.55553
    endloop
  endfacet
  facet normal -1 0 0
    outer loop
      vertex -33 8.19203 1.30797
      vertex -33 7.20208 2.29792
      vertex -33 7.31412 2.42153
    endloop
  endfacet
  facet normal -1 0 0
    outer loop
      vertex -33 6.80137 2.00073
      vertex -33 7.46133 0.766045
      vertex -33 7.18632 0.635974
    endloop
  endfacet
  facet normal -1 0 0
    outer loop
      vertex -33 7.96662 1.10367
      vertex -33 7.07847 2.18588
      vertex -33 7.20208 2.29792
    endloop
  endfacet
  facet normal -1 0 0
    outer loop
      vertex -33 7.72227 0.922444
      vertex -33 6.94447 2.0865
      vertex -33 7.07847 2.18588
    endloop
  endfacet
  facet normal -1 0 0
    outer loop
      vertex -33 6.65056 1.92941
      vertex -33 7.18632 0.635974
      vertex -33 6.89988 0.533485
    endloop
  endfacet
  facet normal -1 0 0
    outer loop
      vertex -33 7.46133 0.766045
      vertex -33 6.80137 2.00073
      vertex -33 6.94447 2.0865
    endloop
  endfacet
  facet normal -1 0 0
    outer loop
      vertex -33 7.18632 0.635974
      vertex -33 6.65056 1.92941
      vertex -33 6.80137 2.00073
    endloop
  endfacet
  facet normal -1 0 0
    outer loop
      vertex -33 6.49348 1.8732
      vertex -33 6.89988 0.533485
      vertex -33 6.60478 0.459566
    endloop
  endfacet
  facet normal -1 0 0
    outer loop
      vertex -33 6.89988 0.533485
      vertex -33 6.49348 1.8732
      vertex -33 6.65056 1.92941
    endloop
  endfacet
  facet normal -1 0 0
    outer loop
      vertex -33 6.60478 0.459566
      vertex -33 6.33165 1.83267
      vertex -33 6.49348 1.8732
    endloop
  endfacet
  facet normal -1 0 0
    outer loop
      vertex -33 6.30385 0.414927
      vertex -33 6.33165 1.83267
      vertex -33 6.60478 0.459566
    endloop
  endfacet
  facet normal -1 0 0
    outer loop
      vertex -33 6.30385 0.414927
      vertex -33 6.16663 1.80819
      vertex -33 6.33165 1.83267
    endloop
  endfacet
  facet normal -1 0 0
    outer loop
      vertex -33 6 0.400001
      vertex -33 6.16663 1.80819
      vertex -33 6.30385 0.414927
    endloop
  endfacet
  facet normal -1 0 0
    outer loop
      vertex -33 6 0.400001
      vertex -33 6 1.8
      vertex -33 6.16663 1.80819
    endloop
  endfacet
  facet normal -1 0 0
    outer loop
      vertex -33 6 0.400001
      vertex -33 5.83337 1.80819
      vertex -33 6 1.8
    endloop
  endfacet
  facet normal -1 0 0
    outer loop
      vertex -33 5.69615 0.414927
      vertex -33 5.83337 1.80819
      vertex -33 6 0.400001
    endloop
  endfacet
  facet normal -1 0 0
    outer loop
      vertex -33 5.69615 0.414927
      vertex -33 5.66835 1.83267
      vertex -33 5.83337 1.80819
    endloop
  endfacet
  facet normal -1 0 0
    outer loop
      vertex -33 5.39522 0.459566
      vertex -33 5.66835 1.83267
      vertex -33 5.69615 0.414927
    endloop
  endfacet
  facet normal -1 -0 0
    outer loop
      vertex -33 5.66835 1.83267
      vertex -33 5.39522 0.459566
      vertex -33 5.50652 1.8732
    endloop
  endfacet
  facet normal -1 0 0
    outer loop
      vertex -33 5.10012 0.533485
      vertex -33 5.50652 1.8732
      vertex -33 5.39522 0.459566
    endloop
  endfacet
  facet normal -1 -0 0
    outer loop
      vertex -33 5.50652 1.8732
      vertex -33 5.10012 0.533485
      vertex -33 5.34944 1.92941
    endloop
  endfacet
  facet normal -1 0 0
    outer loop
      vertex -33 4.81368 0.635974
      vertex -33 5.34944 1.92941
      vertex -33 5.10012 0.533485
    endloop
  endfacet
  facet normal -1 -0 0
    outer loop
      vertex -33 5.34944 1.92941
      vertex -33 4.81368 0.635974
      vertex -33 5.19863 2.00073
    endloop
  endfacet
  facet normal -1 0 0
    outer loop
      vertex -33 4.53867 0.766045
      vertex -33 5.19863 2.00073
      vertex -33 4.81368 0.635974
    endloop
  endfacet
  facet normal -1 -0 0
    outer loop
      vertex -33 5.19863 2.00073
      vertex -33 4.53867 0.766045
      vertex -33 5.05553 2.0865
    endloop
  endfacet
  facet normal -1 0 0
    outer loop
      vertex -33 4.27773 0.922444
      vertex -33 5.05553 2.0865
      vertex -33 4.53867 0.766045
    endloop
  endfacet
  facet normal -1 -0 0
    outer loop
      vertex -33 5.05553 2.0865
      vertex -33 4.27773 0.922444
      vertex -33 4.92153 2.18588
    endloop
  endfacet
  facet normal -1 0 0
    outer loop
      vertex -33 4.03338 1.10367
      vertex -33 4.92153 2.18588
      vertex -33 4.27773 0.922444
    endloop
  endfacet
  facet normal -1 -0 0
    outer loop
      vertex -33 4.92153 2.18588
      vertex -33 4.03338 1.10367
      vertex -33 4.79792 2.29792
    endloop
  endfacet
  facet normal -1 0 0
    outer loop
      vertex -33 3.80797 1.30797
      vertex -33 4.79792 2.29792
      vertex -33 4.03338 1.10367
    endloop
  endfacet
  facet normal -1 -0 0
    outer loop
      vertex -33 4.79792 2.29792
      vertex -33 3.80797 1.30797
      vertex -33 4.68588 2.42153
    endloop
  endfacet
  facet normal -1 0 0
    outer loop
      vertex -33 3.60367 1.53338
      vertex -33 4.68588 2.42153
      vertex -33 3.80797 1.30797
    endloop
  endfacet
  facet normal -1 -0 0
    outer loop
      vertex -33 4.68588 2.42153
      vertex -33 3.60367 1.53338
      vertex -33 4.5865 2.55553
    endloop
  endfacet
  facet normal -1 0 0
    outer loop
      vertex -33 3.42244 1.77773
      vertex -33 4.5865 2.55553
      vertex -33 3.60367 1.53338
    endloop
  endfacet
  facet normal -1 0 0
    outer loop
      vertex -33 3.26604 2.03867
      vertex -33 4.50073 2.69863
      vertex -33 3.42244 1.77773
    endloop
  endfacet
  facet normal -1 -0 0
    outer loop
      vertex -33 4.5865 2.55553
      vertex -33 3.42244 1.77773
      vertex -33 4.50073 2.69863
    endloop
  endfacet
  facet normal -1 -0 0
    outer loop
      vertex -33 8.73396 4.96133
      vertex -33 7.49927 4.30137
      vertex -33 8.57756 5.22227
    endloop
  endfacet
  facet normal -1 0 0
    outer loop
      vertex -33 7.4135 4.44447
      vertex -33 8.57756 5.22227
      vertex -33 7.49927 4.30137
    endloop
  endfacet
  facet normal -1 -0 0
    outer loop
      vertex -33 8.57756 5.22227
      vertex -33 7.4135 4.44447
      vertex -33 8.39633 5.46662
    endloop
  endfacet
  facet normal -1 0 0
    outer loop
      vertex -33 7.31412 4.57847
      vertex -33 8.39633 5.46662
      vertex -33 7.4135 4.44447
    endloop
  endfacet
  facet normal -1 -0 0
    outer loop
      vertex -33 8.39633 5.46662
      vertex -33 7.31412 4.57847
      vertex -33 8.19203 5.69203
    endloop
  endfacet
  facet normal -1 0 0
    outer loop
      vertex -33 7.20208 4.70208
      vertex -33 8.19203 5.69203
      vertex -33 7.31412 4.57847
    endloop
  endfacet
  facet normal -1 -0 0
    outer loop
      vertex -33 8.19203 5.69203
      vertex -33 7.20208 4.70208
      vertex -33 7.96662 5.89633
    endloop
  endfacet
  facet normal -1 0 0
    outer loop
      vertex -33 7.07847 4.81412
      vertex -33 7.96662 5.89633
      vertex -33 7.20208 4.70208
    endloop
  endfacet
  facet normal -1 -0 0
    outer loop
      vertex -33 7.96662 5.89633
      vertex -33 7.07847 4.81412
      vertex -33 7.72227 6.07756
    endloop
  endfacet
  facet normal -1 0 0
    outer loop
      vertex -33 6.94447 4.9135
      vertex -33 7.72227 6.07756
      vertex -33 7.07847 4.81412
    endloop
  endfacet
  facet normal -1 -0 0
    outer loop
      vertex -33 7.72227 6.07756
      vertex -33 6.94447 4.9135
      vertex -33 7.46133 6.23396
    endloop
  endfacet
  facet normal -1 0 0
    outer loop
      vertex -33 6.80137 4.99927
      vertex -33 7.46133 6.23396
      vertex -33 6.94447 4.9135
    endloop
  endfacet
  facet normal -1 -0 0
    outer loop
      vertex -33 7.46133 6.23396
      vertex -33 6.80137 4.99927
      vertex -33 7.18632 6.36403
    endloop
  endfacet
  facet normal -1 0 0
    outer loop
      vertex -33 6.65056 5.07059
      vertex -33 7.18632 6.36403
      vertex -33 6.80137 4.99927
    endloop
  endfacet
  facet normal -1 -0 0
    outer loop
      vertex -33 7.18632 6.36403
      vertex -33 6.65056 5.07059
      vertex -33 6.89988 6.46651
    endloop
  endfacet
  facet normal -1 0 0
    outer loop
      vertex -33 6.49348 5.1268
      vertex -33 6.89988 6.46651
      vertex -33 6.65056 5.07059
    endloop
  endfacet
  facet normal -1 -0 0
    outer loop
      vertex -33 6.89988 6.46651
      vertex -33 6.49348 5.1268
      vertex -33 6.60478 6.54043
    endloop
  endfacet
  facet normal -1 0 0
    outer loop
      vertex -33 6.33165 5.16733
      vertex -33 6.60478 6.54043
      vertex -33 6.49348 5.1268
    endloop
  endfacet
  facet normal -1 0 0
    outer loop
      vertex -33 6.33165 5.16733
      vertex -33 6.30385 6.58507
      vertex -33 6.60478 6.54043
    endloop
  endfacet
  facet normal -1 0 0
    outer loop
      vertex -33 6.16663 5.19181
      vertex -33 6.30385 6.58507
      vertex -33 6.33165 5.16733
    endloop
  endfacet
  facet normal -1 0 0
    outer loop
      vertex -33 6 5.2
      vertex -33 6.30385 6.58507
      vertex -33 6.16663 5.19181
    endloop
  endfacet
  facet normal -1 0 0
    outer loop
      vertex -33 6 5.2
      vertex -33 6 6.6
      vertex -33 6.30385 6.58507
    endloop
  endfacet
  facet normal -1 0 0
    outer loop
      vertex -33 5.83337 5.19181
      vertex -33 6 6.6
      vertex -33 6 5.2
    endloop
  endfacet
  facet normal -1 0 0
    outer loop
      vertex -33 5.83337 5.19181
      vertex -33 5.69615 6.58507
      vertex -33 6 6.6
    endloop
  endfacet
  facet normal -1 0 0
    outer loop
      vertex -33 5.66835 5.16733
      vertex -33 5.69615 6.58507
      vertex -33 5.83337 5.19181
    endloop
  endfacet
  facet normal -1 0 0
    outer loop
      vertex -33 5.39522 6.54043
      vertex -33 5.66835 5.16733
      vertex -33 5.50652 5.1268
    endloop
  endfacet
  facet normal -1 0 0
    outer loop
      vertex -33 5.66835 5.16733
      vertex -33 5.39522 6.54043
      vertex -33 5.69615 6.58507
    endloop
  endfacet
  facet normal -1 0 0
    outer loop
      vertex -33 5.10012 6.46651
      vertex -33 5.50652 5.1268
      vertex -33 5.34944 5.07059
    endloop
  endfacet
  facet normal -1 0 0
    outer loop
      vertex -33 4.81368 6.36403
      vertex -33 5.34944 5.07059
      vertex -33 5.19863 4.99927
    endloop
  endfacet
  facet normal -1 0 0
    outer loop
      vertex -33 5.50652 5.1268
      vertex -33 5.10012 6.46651
      vertex -33 5.39522 6.54043
    endloop
  endfacet
  facet normal -1 0 0
    outer loop
      vertex -33 4.53867 6.23396
      vertex -33 5.19863 4.99927
      vertex -33 5.05553 4.9135
    endloop
  endfacet
  facet normal -1 0 0
    outer loop
      vertex -33 4.27773 6.07756
      vertex -33 5.05553 4.9135
      vertex -33 4.92153 4.81412
    endloop
  endfacet
  facet normal -1 0 0
    outer loop
      vertex -33 5.34944 5.07059
      vertex -33 4.81368 6.36403
      vertex -33 5.10012 6.46651
    endloop
  endfacet
  facet normal -1 0 0
    outer loop
      vertex -33 4.03338 5.89633
      vertex -33 4.92153 4.81412
      vertex -33 4.79792 4.70208
    endloop
  endfacet
  facet normal -1 0 0
    outer loop
      vertex -33 3.80797 5.69203
      vertex -33 4.79792 4.70208
      vertex -33 4.68588 4.57847
    endloop
  endfacet
  facet normal -1 0 0
    outer loop
      vertex -33 3.60367 5.46662
      vertex -33 4.68588 4.57847
      vertex -33 4.5865 4.44447
    endloop
  endfacet
  facet normal -1 0 0
    outer loop
      vertex -33 5.19863 4.99927
      vertex -33 4.53867 6.23396
      vertex -33 4.81368 6.36403
    endloop
  endfacet
  facet normal -1 0 0
    outer loop
      vertex -33 3.42244 5.22227
      vertex -33 4.5865 4.44447
      vertex -33 4.50073 4.30137
    endloop
  endfacet
  facet normal -1 0 0
    outer loop
      vertex -33 3.26604 4.96133
      vertex -33 4.50073 4.30137
      vertex -33 4.42941 4.15056
    endloop
  endfacet
  facet normal -1 0 0
    outer loop
      vertex -33 3.13597 4.68632
      vertex -33 4.42941 4.15056
      vertex -33 4.3732 3.99348
    endloop
  endfacet
  facet normal -1 0 0
    outer loop
      vertex -33 3.03349 4.39988
      vertex -33 4.3732 3.99348
      vertex -33 4.33267 3.83165
    endloop
  endfacet
  facet normal -1 0 0
    outer loop
      vertex -33 2.95957 4.10478
      vertex -33 4.33267 3.83165
      vertex -33 4.30819 3.66663
    endloop
  endfacet
  facet normal -1 0 0
    outer loop
      vertex -33 5.05553 4.9135
      vertex -33 4.27773 6.07756
      vertex -33 4.53867 6.23396
    endloop
  endfacet
  facet normal -1 0 0
    outer loop
      vertex -33 2.91493 3.80385
      vertex -33 4.30819 3.66663
      vertex -33 4.3 3.5
    endloop
  endfacet
  facet normal -1 -0 0
    outer loop
      vertex -33 4.50073 2.69863
      vertex -33 3.26604 2.03867
      vertex -33 4.42941 2.84944
    endloop
  endfacet
  facet normal -1 0 0
    outer loop
      vertex -33 3.13597 2.31368
      vertex -33 4.42941 2.84944
      vertex -33 3.26604 2.03867
    endloop
  endfacet
  facet normal -1 0 0
    outer loop
      vertex -33 4.92153 4.81412
      vertex -33 4.03338 5.89633
      vertex -33 4.27773 6.07756
    endloop
  endfacet
  facet normal -1 -0 0
    outer loop
      vertex -33 4.42941 2.84944
      vertex -33 3.13597 2.31368
      vertex -33 4.3732 3.00652
    endloop
  endfacet
  facet normal -1 0 0
    outer loop
      vertex -33 4.79792 4.70208
      vertex -33 3.80797 5.69203
      vertex -33 4.03338 5.89633
    endloop
  endfacet
  facet normal -1 0 0
    outer loop
      vertex -33 3.03349 2.60012
      vertex -33 4.3732 3.00652
      vertex -33 3.13597 2.31368
    endloop
  endfacet
  facet normal -1 0 0
    outer loop
      vertex -33 4.68588 4.57847
      vertex -33 3.60367 5.46662
      vertex -33 3.80797 5.69203
    endloop
  endfacet
  facet normal -1 -0 0
    outer loop
      vertex -33 4.3732 3.00652
      vertex -33 3.03349 2.60012
      vertex -33 4.33267 3.16835
    endloop
  endfacet
  facet normal -1 0 0
    outer loop
      vertex -33 4.5865 4.44447
      vertex -33 3.42244 5.22227
      vertex -33 3.60367 5.46662
    endloop
  endfacet
  facet normal -1 0 0
    outer loop
      vertex -33 2.95957 2.89522
      vertex -33 4.33267 3.16835
      vertex -33 3.03349 2.60012
    endloop
  endfacet
  facet normal -1 0 0
    outer loop
      vertex -33 4.50073 4.30137
      vertex -33 3.26604 4.96133
      vertex -33 3.42244 5.22227
    endloop
  endfacet
  facet normal -1 -0 0
    outer loop
      vertex -33 4.33267 3.16835
      vertex -33 2.95957 2.89522
      vertex -33 4.30819 3.33337
    endloop
  endfacet
  facet normal -1 0 0
    outer loop
      vertex -33 4.42941 4.15056
      vertex -33 3.13597 4.68632
      vertex -33 3.26604 4.96133
    endloop
  endfacet
  facet normal -1 0 0
    outer loop
      vertex -33 2.91493 3.19615
      vertex -33 4.30819 3.33337
      vertex -33 2.95957 2.89522
    endloop
  endfacet
  facet normal -1 0 0
    outer loop
      vertex -33 4.3732 3.99348
      vertex -33 3.03349 4.39988
      vertex -33 3.13597 4.68632
    endloop
  endfacet
  facet normal -1 -0 0
    outer loop
      vertex -33 4.30819 3.33337
      vertex -33 2.91493 3.19615
      vertex -33 4.3 3.5
    endloop
  endfacet
  facet normal -1 0 0
    outer loop
      vertex -33 4.33267 3.83165
      vertex -33 2.95957 4.10478
      vertex -33 3.03349 4.39988
    endloop
  endfacet
  facet normal -1 0 0
    outer loop
      vertex -33 2.9 3.5
      vertex -33 4.3 3.5
      vertex -33 2.91493 3.19615
    endloop
  endfacet
  facet normal -1 0 0
    outer loop
      vertex -33 4.30819 3.66663
      vertex -33 2.91493 3.80385
      vertex -33 2.95957 4.10478
    endloop
  endfacet
  facet normal -1 0 0
    outer loop
      vertex -33 4.3 3.5
      vertex -33 2.9 3.5
      vertex -33 2.91493 3.80385
    endloop
  endfacet
  facet normal -0.960941 0 0.276754
    outer loop
      vertex 8.44415 2.17369 0.0213881
      vertex 12.15 68.05 12.8888
      vertex 8.44415 68.05 0.0213881
    endloop
  endfacet
  facet normal -0.960942 -4.67116e-06 0.27675
    outer loop
      vertex 9.06402 0.0213881 2.17369
      vertex 8.44415 2.17369 0.0213881
      vertex 8.4928 1.54329 0.190302
    endloop
  endfacet
  facet normal -0.960941 -1.7698e-06 0.276752
    outer loop
      vertex 9.06402 0.0213881 2.17369
      vertex 8.4928 1.54329 0.190302
      vertex 8.58678 0.978097 0.516617
    endloop
  endfacet
  facet normal -0.960943 -1.44414e-05 0.276745
    outer loop
      vertex 9.06402 0.0213881 2.17369
      vertex 8.58678 0.978097 0.516617
      vertex 8.71969 0.516617 0.978097
    endloop
  endfacet
  facet normal -0.960947 -4.98853e-05 0.276732
    outer loop
      vertex 9.06402 0.0213881 2.17369
      vertex 8.71969 0.516617 0.978097
      vertex 8.88247 0.190302 1.54329
    endloop
  endfacet
  facet normal -0.960941 -2.60731e-06 0.276752
    outer loop
      vertex 8.44415 2.17369 0.0213881
      vertex 9.06402 0.0213881 2.17369
      vertex 10.454 0.0213881 7
    endloop
  endfacet
  facet normal -0.96094 9.29103e-06 0.276755
    outer loop
      vertex 8.44415 2.17369 0.0213881
      vertex 10.454 0.0213881 7
      vertex 12.15 0 12.8888
    endloop
  endfacet
  facet normal -0.960941 0 0.276755
    outer loop
      vertex 12.15 0 12.8888
      vertex 10.454 0.0213881 7
      vertex 10.454 0 7
    endloop
  endfacet
  facet normal -0.960941 0 0.276754
    outer loop
      vertex 8.44415 2.17369 0.0213881
      vertex 12.15 0 12.8888
      vertex 12.15 68.05 12.8888
    endloop
  endfacet
  facet normal 0 -1 0
    outer loop
      vertex -12.15 68.05 12.8888
      vertex -3 68.05 4
      vertex 12.15 68.05 12.8888
    endloop
  endfacet
  facet normal 0 -1 0
    outer loop
      vertex -8.44415 68.05 0.0213881
      vertex -3 68.05 4
      vertex -12.15 68.05 12.8888
    endloop
  endfacet
  facet normal 0 -1 -0
    outer loop
      vertex -3 68.05 4
      vertex -8.44415 68.05 0.0213881
      vertex -3 68.05 0.0213881
    endloop
  endfacet
  facet normal 0 -1 0
    outer loop
      vertex 3 68.05 4
      vertex 12.15 68.05 12.8888
      vertex -3 68.05 4
    endloop
  endfacet
  facet normal 0 -1 0
    outer loop
      vertex 8.44415 68.05 0.0213881
      vertex 3 68.05 4
      vertex 3 68.05 0.0213881
    endloop
  endfacet
  facet normal 0 -1 0
    outer loop
      vertex 3 68.05 4
      vertex 8.44415 68.05 0.0213881
      vertex 12.15 68.05 12.8888
    endloop
  endfacet
  facet normal 0 0 -1
    outer loop
      vertex -12.15 0 12.8888
      vertex 12.15 68.05 12.8888
      vertex 12.15 0 12.8888
    endloop
  endfacet
  facet normal -0 0 -1
    outer loop
      vertex 12.15 68.05 12.8888
      vertex -12.15 0 12.8888
      vertex -12.15 68.05 12.8888
    endloop
  endfacet
  facet normal 0.960941 -4.96643e-09 0.276754
    outer loop
      vertex -9.49399 7.69181 3.66663
      vertex -8.44415 68.05 0.0213881
      vertex -12.15 68.05 12.8888
    endloop
  endfacet
  facet normal 0.960941 3.06252e-08 0.276754
    outer loop
      vertex -8.44415 68.05 0.0213881
      vertex -9.49399 7.69181 3.66663
      vertex -9.446 7.7 3.5
    endloop
  endfacet
  facet normal 0.960935 -3.299e-06 0.276774
    outer loop
      vertex -12.15 68.05 12.8888
      vertex -9.54152 7.66733 3.83165
      vertex -9.49399 7.69181 3.66663
    endloop
  endfacet
  facet normal 0.960952 6.3624e-06 0.276714
    outer loop
      vertex -12.15 68.05 12.8888
      vertex -9.58812 7.6268 3.99348
      vertex -9.54152 7.66733 3.83165
    endloop
  endfacet
  facet normal 0.96094 -4.00715e-07 0.276756
    outer loop
      vertex -12.15 68.05 12.8888
      vertex -9.63336 7.57059 4.15056
      vertex -9.58812 7.6268 3.99348
    endloop
  endfacet
  facet normal 0.960931 -5.39109e-06 0.276788
    outer loop
      vertex -12.15 68.05 12.8888
      vertex -9.6768 7.49927 4.30137
      vertex -9.63336 7.57059 4.15056
    endloop
  endfacet
  facet normal 0.960946 2.75258e-06 0.276735
    outer loop
      vertex -12.15 68.05 12.8888
      vertex -9.71801 7.4135 4.44447
      vertex -9.6768 7.49927 4.30137
    endloop
  endfacet
  facet normal 0.960945 2.14017e-06 0.276739
    outer loop
      vertex -12.15 68.05 12.8888
      vertex -9.7566 7.31412 4.57847
      vertex -9.71801 7.4135 4.44447
    endloop
  endfacet
  facet normal 0.960941 4.85102e-08 0.276754
    outer loop
      vertex -12.15 68.05 12.8888
      vertex -9.7922 7.20208 4.70208
      vertex -9.7566 7.31412 4.57847
    endloop
  endfacet
  facet normal 0.960937 -2.15307e-06 0.276769
    outer loop
      vertex -12.15 68.05 12.8888
      vertex -9.82447 7.07847 4.81412
      vertex -9.7922 7.20208 4.70208
    endloop
  endfacet
  facet normal 0.960941 -0 0.276754
    outer loop
      vertex -12.15 0 12.8888
      vertex -9.82447 7.07847 4.81412
      vertex -12.15 68.05 12.8888
    endloop
  endfacet
  facet normal 0.960933 3.51065e-05 0.276782
    outer loop
      vertex -9.82447 7.07847 4.81412
      vertex -12.15 0 12.8888
      vertex -9.85309 6.94447 4.9135
    endloop
  endfacet
  facet normal 0.960934 2.82848e-05 0.276777
    outer loop
      vertex -9.85309 6.94447 4.9135
      vertex -12.15 0 12.8888
      vertex -9.87779 6.80137 4.99927
    endloop
  endfacet
  facet normal 0.96094 4.18739e-06 0.276757
    outer loop
      vertex -9.87779 6.80137 4.99927
      vertex -12.15 0 12.8888
      vertex -9.89833 6.65056 5.07059
    endloop
  endfacet
  facet normal 0.960943 -1.17542e-05 0.276745
    outer loop
      vertex -9.89833 6.65056 5.07059
      vertex -12.15 0 12.8888
      vertex -9.91452 6.49348 5.1268
    endloop
  endfacet
  facet normal 0.960936 2.07725e-05 0.27677
    outer loop
      vertex -9.91452 6.49348 5.1268
      vertex -12.15 0 12.8888
      vertex -9.92619 6.33165 5.16733
    endloop
  endfacet
  facet normal 0.96094 2.15104e-06 0.276756
    outer loop
      vertex -9.92619 6.33165 5.16733
      vertex -12.15 0 12.8888
      vertex -9.93324 6.16663 5.19181
    endloop
  endfacet
  facet normal 0.960942 -7.51255e-06 0.276749
    outer loop
      vertex -9.93324 6.16663 5.19181
      vertex -12.15 0 12.8888
      vertex -9.9356 6 5.2
    endloop
  endfacet
  facet normal 0.960941 -3.96239e-07 0.276754
    outer loop
      vertex -9.06402 0.0213881 2.17369
      vertex -9.446 4.3 3.5
      vertex -9.49399 4.30819 3.66663
    endloop
  endfacet
  facet normal 0.960935 -8.29182e-06 0.276775
    outer loop
      vertex -9.06402 0.0213881 2.17369
      vertex -9.49399 4.30819 3.66663
      vertex -9.54152 4.33267 3.83165
    endloop
  endfacet
  facet normal 0.960954 1.96444e-05 0.276708
    outer loop
      vertex -9.06402 0.0213881 2.17369
      vertex -9.54152 4.33267 3.83165
      vertex -9.58812 4.3732 3.99348
    endloop
  endfacet
  facet normal 0.96094 2.85652e-06 0.276756
    outer loop
      vertex -10.454 0.0213881 7
      vertex -9.58812 4.3732 3.99348
      vertex -9.63336 4.42941 4.15056
    endloop
  endfacet
  facet normal 0.960933 2.09847e-05 0.276782
    outer loop
      vertex -10.454 0.0213881 7
      vertex -9.63336 4.42941 4.15056
      vertex -9.6768 4.50073 4.30137
    endloop
  endfacet
  facet normal 0.960944 2.83273e-06 0.276745
    outer loop
      vertex -9.446 4.3 3.5
      vertex -9.06402 0.0213881 2.17369
      vertex -8.88247 0.190302 1.54329
    endloop
  endfacet
  facet normal 0.960945 -7.46514e-06 0.276738
    outer loop
      vertex -10.454 0.0213881 7
      vertex -9.6768 4.50073 4.30137
      vertex -9.71801 4.5865 4.44447
    endloop
  endfacet
  facet normal 0.96094 -3.04171e-06 0.276755
    outer loop
      vertex -9.446 4.3 3.5
      vertex -8.4928 1.54329 0.190302
      vertex -8.44415 2.17369 0.0213881
    endloop
  endfacet
  facet normal 0.960944 -5.28074e-06 0.276742
    outer loop
      vertex -10.454 0.0213881 7
      vertex -9.71801 4.5865 4.44447
      vertex -9.7566 4.68588 4.57847
    endloop
  endfacet
  facet normal 0.960941 9.6787e-07 0.276753
    outer loop
      vertex -10.454 0.0213881 7
      vertex -9.7566 4.68588 4.57847
      vertex -9.7922 4.79792 4.70208
    endloop
  endfacet
  facet normal 0.960941 -6.79915e-07 0.276754
    outer loop
      vertex -9.446 4.3 3.5
      vertex -8.58678 0.978097 0.516617
      vertex -8.4928 1.54329 0.190302
    endloop
  endfacet
  facet normal 0.960938 6.81095e-06 0.276764
    outer loop
      vertex -10.454 0.0213881 7
      vertex -9.7922 4.79792 4.70208
      vertex -9.82447 4.92153 4.81412
    endloop
  endfacet
  facet normal 0.96094 -2.83647e-06 0.276756
    outer loop
      vertex -9.446 4.3 3.5
      vertex -8.71969 0.516617 0.978097
      vertex -8.58678 0.978097 0.516617
    endloop
  endfacet
  facet normal 0.960944 -3.4572e-06 0.276743
    outer loop
      vertex -10.454 0.0213881 7
      vertex -9.82447 4.92153 4.81412
      vertex -9.85309 5.05553 4.9135
    endloop
  endfacet
  facet normal 0.960941 -1.20475e-07 0.276752
    outer loop
      vertex -9.58812 4.3732 3.99348
      vertex -10.454 0.0213881 7
      vertex -9.06402 0.0213881 2.17369
    endloop
  endfacet
  facet normal 0.960945 -4.60594e-06 0.27674
    outer loop
      vertex -9.87779 5.19863 4.99927
      vertex -10.454 0.0213881 7
      vertex -9.85309 5.05553 4.9135
    endloop
  endfacet
  facet normal 0.960942 -4.33946e-07 0.27675
    outer loop
      vertex -9.89833 5.34944 5.07059
      vertex -10.454 0.0213881 7
      vertex -9.87779 5.19863 4.99927
    endloop
  endfacet
  facet normal 0.960938 4.68412e-06 0.276763
    outer loop
      vertex -9.91452 5.50652 5.1268
      vertex -10.454 0.0213881 7
      vertex -9.89833 5.34944 5.07059
    endloop
  endfacet
  facet normal 0.960943 -1.39431e-05 0.276745
    outer loop
      vertex -12.15 0 12.8888
      vertex -9.91452 5.50652 5.1268
      vertex -9.92619 5.66835 5.16733
    endloop
  endfacet
  facet normal 0.960941 -1.70383e-06 0.276753
    outer loop
      vertex -12.15 0 12.8888
      vertex -9.92619 5.66835 5.16733
      vertex -9.93324 5.83337 5.19181
    endloop
  endfacet
  facet normal 0.960939 6.95752e-06 0.276759
    outer loop
      vertex -9.9356 6 5.2
      vertex -12.15 0 12.8888
      vertex -9.93324 5.83337 5.19181
    endloop
  endfacet
  facet normal 0.96094 1.70904e-06 0.276755
    outer loop
      vertex -9.91452 5.50652 5.1268
      vertex -12.15 0 12.8888
      vertex -10.454 0.0213881 7
    endloop
  endfacet
  facet normal 0.960941 0 0.276755
    outer loop
      vertex -10.454 0.0213881 7
      vertex -12.15 0 12.8888
      vertex -10.454 0 7
    endloop
  endfacet
  facet normal 0.960941 3.04522e-08 0.276754
    outer loop
      vertex -9.39801 7.69181 3.33337
      vertex -8.44415 68.05 0.0213881
      vertex -9.446 7.7 3.5
    endloop
  endfacet
  facet normal 0.960935 1.19837e-06 0.276774
    outer loop
      vertex -9.35048 7.66733 3.16835
      vertex -8.44415 68.05 0.0213881
      vertex -9.39801 7.69181 3.33337
    endloop
  endfacet
  facet normal 0.960953 -2.22873e-06 0.276713
    outer loop
      vertex -9.30388 7.6268 3.00652
      vertex -8.44415 68.05 0.0213881
      vertex -9.35048 7.66733 3.16835
    endloop
  endfacet
  facet normal 0.96094 9.73723e-08 0.276757
    outer loop
      vertex -9.25864 7.57059 2.84944
      vertex -8.44415 68.05 0.0213881
      vertex -9.30388 7.6268 3.00652
    endloop
  endfacet
  facet normal 0.96093 1.78708e-06 0.27679
    outer loop
      vertex -9.2152 7.49927 2.69863
      vertex -8.44415 68.05 0.0213881
      vertex -9.25864 7.57059 2.84944
    endloop
  endfacet
  facet normal 0.960946 -8.76877e-07 0.276734
    outer loop
      vertex -9.17399 7.4135 2.55553
      vertex -8.44415 68.05 0.0213881
      vertex -9.2152 7.49927 2.69863
    endloop
  endfacet
  facet normal 0.960945 -6.91025e-07 0.276738
    outer loop
      vertex -9.1354 7.31412 2.42153
      vertex -8.44415 68.05 0.0213881
      vertex -9.17399 7.4135 2.55553
    endloop
  endfacet
  facet normal 0.960941 -4.45916e-08 0.276754
    outer loop
      vertex -9.0998 7.20208 2.29792
      vertex -8.44415 68.05 0.0213881
      vertex -9.1354 7.31412 2.42153
    endloop
  endfacet
  facet normal 0.960936 6.3059e-07 0.27677
    outer loop
      vertex -9.06753 7.07847 2.18588
      vertex -8.44415 68.05 0.0213881
      vertex -9.0998 7.20208 2.29792
    endloop
  endfacet
  facet normal 0.960945 -5.6697e-07 0.276739
    outer loop
      vertex -9.03891 6.94447 2.0865
      vertex -8.44415 68.05 0.0213881
      vertex -9.06753 7.07847 2.18588
    endloop
  endfacet
  facet normal 0.960947 -7.46548e-07 0.276734
    outer loop
      vertex -9.01421 6.80137 2.00073
      vertex -8.44415 68.05 0.0213881
      vertex -9.03891 6.94447 2.0865
    endloop
  endfacet
  facet normal 0.960942 -2.05207e-07 0.27675
    outer loop
      vertex -8.99367 6.65056 1.92941
      vertex -8.44415 68.05 0.0213881
      vertex -9.01421 6.80137 2.00073
    endloop
  endfacet
  facet normal 0.96097 4.70889e-05 0.276654
    outer loop
      vertex -8.44415 2.17369 0.0213881
      vertex -8.99367 6.65056 1.92941
      vertex -8.97748 6.49348 1.8732
    endloop
  endfacet
  facet normal 0.960916 -4.02576e-05 0.276842
    outer loop
      vertex -8.44415 2.17369 0.0213881
      vertex -8.97748 6.49348 1.8732
      vertex -8.96581 6.33165 1.83267
    endloop
  endfacet
  facet normal 0.960938 -3.40968e-06 0.276764
    outer loop
      vertex -8.44415 2.17369 0.0213881
      vertex -8.96581 6.33165 1.83267
      vertex -8.95876 6.16663 1.80819
    endloop
  endfacet
  facet normal 0.960945 7.96429e-06 0.27674
    outer loop
      vertex -8.44415 2.17369 0.0213881
      vertex -8.95876 6.16663 1.80819
      vertex -8.9564 6 1.8
    endloop
  endfacet
  facet normal 0.96094 0 0.276756
    outer loop
      vertex -8.99367 6.65056 1.92941
      vertex -8.44415 2.17369 0.0213881
      vertex -8.44415 68.05 0.0213881
    endloop
  endfacet
  facet normal 0.960937 -6.44104e-06 0.276769
    outer loop
      vertex -8.95876 5.83337 1.80819
      vertex -8.44415 2.17369 0.0213881
      vertex -8.9564 6 1.8
    endloop
  endfacet
  facet normal 0.960941 1.74819e-06 0.276753
    outer loop
      vertex -8.96581 5.66835 1.83267
      vertex -8.44415 2.17369 0.0213881
      vertex -8.95876 5.83337 1.80819
    endloop
  endfacet
  facet normal 0.960946 1.15378e-05 0.276736
    outer loop
      vertex -8.97748 5.50652 1.8732
      vertex -8.44415 2.17369 0.0213881
      vertex -8.96581 5.66835 1.83267
    endloop
  endfacet
  facet normal 0.960938 -4.73287e-06 0.276763
    outer loop
      vertex -8.99367 5.34944 1.92941
      vertex -8.44415 2.17369 0.0213881
      vertex -8.97748 5.50652 1.8732
    endloop
  endfacet
  facet normal 0.960941 1.86225e-06 0.276753
    outer loop
      vertex -9.01421 5.19863 2.00073
      vertex -8.44415 2.17369 0.0213881
      vertex -8.99367 5.34944 1.92941
    endloop
  endfacet
  facet normal 0.960943 7.61624e-06 0.276745
    outer loop
      vertex -9.03891 5.05553 2.0865
      vertex -8.44415 2.17369 0.0213881
      vertex -9.01421 5.19863 2.00073
    endloop
  endfacet
  facet normal 0.960943 6.39276e-06 0.276746
    outer loop
      vertex -9.06753 4.92153 2.18588
      vertex -8.44415 2.17369 0.0213881
      vertex -9.03891 5.05553 2.0865
    endloop
  endfacet
  facet normal 0.960938 -7.77943e-06 0.276763
    outer loop
      vertex -9.0998 4.79792 2.29792
      vertex -8.44415 2.17369 0.0213881
      vertex -9.06753 4.92153 2.18588
    endloop
  endfacet
  facet normal 0.960941 5.98445e-07 0.276754
    outer loop
      vertex -9.1354 4.68588 2.42153
      vertex -8.44415 2.17369 0.0213881
      vertex -9.0998 4.79792 2.29792
    endloop
  endfacet
  facet normal 0.960943 1.00647e-05 0.276745
    outer loop
      vertex -9.17399 4.5865 2.55553
      vertex -8.44415 2.17369 0.0213881
      vertex -9.1354 4.68588 2.42153
    endloop
  endfacet
  facet normal 0.960944 1.38623e-05 0.276741
    outer loop
      vertex -9.2152 4.50073 2.69863
      vertex -8.44415 2.17369 0.0213881
      vertex -9.17399 4.5865 2.55553
    endloop
  endfacet
  facet normal 0.960934 -3.07453e-05 0.276777
    outer loop
      vertex -9.25864 4.42941 2.84944
      vertex -8.44415 2.17369 0.0213881
      vertex -9.2152 4.50073 2.69863
    endloop
  endfacet
  facet normal 0.96094 -1.83234e-06 0.276756
    outer loop
      vertex -9.30388 4.3732 3.00652
      vertex -8.44415 2.17369 0.0213881
      vertex -9.25864 4.42941 2.84944
    endloop
  endfacet
  facet normal 0.96095 4.62596e-05 0.276723
    outer loop
      vertex -9.35048 4.33267 3.16835
      vertex -8.44415 2.17369 0.0213881
      vertex -9.30388 4.3732 3.00652
    endloop
  endfacet
  facet normal 0.960936 -2.77706e-05 0.27677
    outer loop
      vertex -9.39801 4.30819 3.33337
      vertex -8.44415 2.17369 0.0213881
      vertex -9.35048 4.33267 3.16835
    endloop
  endfacet
  facet normal 0.960941 -8.02249e-07 0.276754
    outer loop
      vertex -8.44415 2.17369 0.0213881
      vertex -9.39801 4.30819 3.33337
      vertex -9.446 4.3 3.5
    endloop
  endfacet
  facet normal 0.96094 -3.25881e-06 0.276756
    outer loop
      vertex -9.446 4.3 3.5
      vertex -8.88247 0.190302 1.54329
      vertex -8.71969 0.516617 0.978097
    endloop
  endfacet
  facet normal -1 0 0
    outer loop
      vertex 3 68.05 0.0213881
      vertex 3 105.811 4
      vertex 3 105.811 0.0213881
    endloop
  endfacet
  facet normal -1 -0 0
    outer loop
      vertex 3 105.811 4
      vertex 3 68.05 0.0213881
      vertex 3 68.05 4
    endloop
  endfacet
  facet normal 0 0 -1
    outer loop
      vertex 3 68.05 4
      vertex 2.82838 105.708 4
      vertex 3 105.811 4
    endloop
  endfacet
  facet normal 0 0 -1
    outer loop
      vertex 3 68.05 4
      vertex 2.2961 105.457 4
      vertex 2.82838 105.708 4
    endloop
  endfacet
  facet normal 0 0 -1
    outer loop
      vertex 3 68.05 4
      vertex 1.74171 105.258 4
      vertex 2.2961 105.457 4
    endloop
  endfacet
  facet normal 0 0 -1
    outer loop
      vertex 3 68.05 4
      vertex 1.17054 105.115 4
      vertex 1.74171 105.258 4
    endloop
  endfacet
  facet normal 0 0 -1
    outer loop
      vertex 3 68.05 4
      vertex 0.588102 105.029 4
      vertex 1.17054 105.115 4
    endloop
  endfacet
  facet normal 0 0 -1
    outer loop
      vertex 3 68.05 4
      vertex 0 105 4
      vertex 0.588102 105.029 4
    endloop
  endfacet
  facet normal 0 0 -1
    outer loop
      vertex -3 68.05 4
      vertex 0 105 4
      vertex 3 68.05 4
    endloop
  endfacet
  facet normal -0 0 -1
    outer loop
      vertex 0 105 4
      vertex -3 68.05 4
      vertex -0.588102 105.029 4
    endloop
  endfacet
  facet normal -0 0 -1
    outer loop
      vertex -0.588102 105.029 4
      vertex -3 68.05 4
      vertex -1.17054 105.115 4
    endloop
  endfacet
  facet normal -0 0 -1
    outer loop
      vertex -1.17054 105.115 4
      vertex -3 68.05 4
      vertex -1.74171 105.258 4
    endloop
  endfacet
  facet normal -0 0 -1
    outer loop
      vertex -1.74171 105.258 4
      vertex -3 68.05 4
      vertex -2.2961 105.457 4
    endloop
  endfacet
  facet normal -0 0 -1
    outer loop
      vertex -2.2961 105.457 4
      vertex -3 68.05 4
      vertex -2.82838 105.708 4
    endloop
  endfacet
  facet normal -0 0 -1
    outer loop
      vertex -2.82838 105.708 4
      vertex -3 68.05 4
      vertex -3 105.811 4
    endloop
  endfacet
  facet normal 1 -0 0
    outer loop
      vertex -3 68.05 4
      vertex -3 105.811 0.0213881
      vertex -3 105.811 4
    endloop
  endfacet
  facet normal 1 0 0
    outer loop
      vertex -3 105.811 0.0213881
      vertex -3 68.05 4
      vertex -3 68.05 0.0213881
    endloop
  endfacet
  facet normal 0.337847 0.941201 -0
    outer loop
      vertex -1.74171 105.258 4
      vertex -2.2961 105.457 7
      vertex -1.74171 105.258 7
    endloop
  endfacet
  facet normal 0.337847 0.941201 0
    outer loop
      vertex -2.2961 105.457 7
      vertex -1.74171 105.258 4
      vertex -2.2961 105.457 4
    endloop
  endfacet
  facet normal -0.989196 -0.146598 0
    outer loop
      vertex 5.97111 111.588 0.0213881
      vertex 5.88471 112.171 7
      vertex 5.88471 112.171 0.0213881
    endloop
  endfacet
  facet normal -0.989196 -0.146598 0
    outer loop
      vertex 5.88471 112.171 7
      vertex 5.97111 111.588 0.0213881
      vertex 5.97111 111.588 7
    endloop
  endfacet
  facet normal -0.998795 -0.0490735 0
    outer loop
      vertex 6 111 0.0213881
      vertex 5.97111 111.588 7
      vertex 5.97111 111.588 0.0213881
    endloop
  endfacet
  facet normal -0.998795 -0.0490735 0
    outer loop
      vertex 5.97111 111.588 7
      vertex 6 111 0.0213881
      vertex 6 111 7
    endloop
  endfacet
  facet normal -0.970014 -0.243047 0
    outer loop
      vertex 5.88471 112.171 0.0213881
      vertex 5.74164 112.742 7
      vertex 5.74164 112.742 0.0213881
    endloop
  endfacet
  facet normal -0.970014 -0.243047 0
    outer loop
      vertex 5.74164 112.742 7
      vertex 5.88471 112.171 0.0213881
      vertex 5.88471 112.171 7
    endloop
  endfacet
  facet normal 0.989196 -0.146598 0
    outer loop
      vertex -5.97111 111.588 7
      vertex -5.88471 112.171 0.0213881
      vertex -5.88471 112.171 7
    endloop
  endfacet
  facet normal 0.989196 -0.146598 0
    outer loop
      vertex -5.88471 112.171 0.0213881
      vertex -5.97111 111.588 7
      vertex -5.97111 111.588 0.0213881
    endloop
  endfacet
  facet normal 0.242867 0.97006 -0
    outer loop
      vertex -1.17054 105.115 4
      vertex -1.74171 105.258 7
      vertex -1.17054 105.115 7
    endloop
  endfacet
  facet normal 0.242867 0.97006 0
    outer loop
      vertex -1.74171 105.258 7
      vertex -1.17054 105.115 4
      vertex -1.74171 105.258 4
    endloop
  endfacet
  facet normal -0.337847 -0.941201 0
    outer loop
      vertex 1.74171 116.742 0.0213881
      vertex 2.2961 116.543 7
      vertex 1.74171 116.742 7
    endloop
  endfacet
  facet normal -0.337847 -0.941201 -0
    outer loop
      vertex 2.2961 116.543 7
      vertex 1.74171 116.742 0.0213881
      vertex 2.2961 116.543 0.0213881
    endloop
  endfacet
  facet normal 0.514466 -0.857511 0
    outer loop
      vertex -3.33342 115.989 0.0213881
      vertex -2.82838 116.292 7
      vertex -3.33342 115.989 7
    endloop
  endfacet
  facet normal 0.514466 -0.857511 0
    outer loop
      vertex -2.82838 116.292 7
      vertex -3.33342 115.989 0.0213881
      vertex -2.82838 116.292 0.0213881
    endloop
  endfacet
  facet normal 0.903902 0.427739 0
    outer loop
      vertex -5.29153 108.172 7
      vertex -5.54328 108.704 0.0213881
      vertex -5.54328 108.704 7
    endloop
  endfacet
  facet normal 0.903902 0.427739 0
    outer loop
      vertex -5.54328 108.704 0.0213881
      vertex -5.29153 108.172 7
      vertex -5.29153 108.172 0.0213881
    endloop
  endfacet
  facet normal 0.242867 -0.97006 0
    outer loop
      vertex -1.74171 116.742 0.0213881
      vertex -1.17054 116.885 7
      vertex -1.74171 116.742 7
    endloop
  endfacet
  facet normal 0.242867 -0.97006 0
    outer loop
      vertex -1.17054 116.885 7
      vertex -1.74171 116.742 0.0213881
      vertex -1.17054 116.885 0.0213881
    endloop
  endfacet
  facet normal 0.85771 0.514134 0
    outer loop
      vertex -4.98882 107.667 7
      vertex -5.29153 108.172 0.0213881
      vertex -5.29153 108.172 7
    endloop
  endfacet
  facet normal 0.85771 0.514134 0
    outer loop
      vertex -5.29153 108.172 0.0213881
      vertex -4.98882 107.667 7
      vertex -4.98882 107.667 0.0213881
    endloop
  endfacet
  facet normal -0.242867 0.97006 0
    outer loop
      vertex 1.74171 105.258 4
      vertex 1.17054 105.115 7
      vertex 1.74171 105.258 7
    endloop
  endfacet
  facet normal -0.242867 0.97006 0
    outer loop
      vertex 1.17054 105.115 7
      vertex 1.74171 105.258 4
      vertex 1.17054 105.115 4
    endloop
  endfacet
  facet normal 0.595966 0.803009 -0
    outer loop
      vertex -3.33342 106.011 0.0213881
      vertex -3.80636 106.362 7
      vertex -3.33342 106.011 7
    endloop
  endfacet
  facet normal 0.595966 0.803009 0
    outer loop
      vertex -3.80636 106.362 7
      vertex -3.33342 106.011 0.0213881
      vertex -3.80636 106.362 0.0213881
    endloop
  endfacet
  facet normal -0.514466 0.857511 1.03346e-05
    outer loop
      vertex 3.33342 106.011 7
      vertex 3 105.811 4
      vertex 2.82838 105.708 7
    endloop
  endfacet
  facet normal -0.514397 0.857552 0
    outer loop
      vertex 3.33342 106.011 0.0213881
      vertex 3 105.811 4
      vertex 3.33342 106.011 7
    endloop
  endfacet
  facet normal -0.514397 0.857552 0
    outer loop
      vertex 3 105.811 4
      vertex 3.33342 106.011 0.0213881
      vertex 3 105.811 0.0213881
    endloop
  endfacet
  facet normal -0.514599 0.857431 0
    outer loop
      vertex 2.82838 105.708 7
      vertex 3 105.811 4
      vertex 2.82838 105.708 4
    endloop
  endfacet
  facet normal -0.803241 0.595655 0
    outer loop
      vertex 4.63806 107.194 0.0213881
      vertex 4.98882 107.667 7
      vertex 4.98882 107.667 0.0213881
    endloop
  endfacet
  facet normal -0.803241 0.595655 0
    outer loop
      vertex 4.98882 107.667 7
      vertex 4.63806 107.194 0.0213881
      vertex 4.63806 107.194 7
    endloop
  endfacet
  facet normal -0.146071 -0.989274 0
    outer loop
      vertex 0.588102 116.971 0.0213881
      vertex 1.17054 116.885 7
      vertex 0.588102 116.971 7
    endloop
  endfacet
  facet normal -0.146071 -0.989274 -0
    outer loop
      vertex 1.17054 116.885 7
      vertex 0.588102 116.971 0.0213881
      vertex 1.17054 116.885 0.0213881
    endloop
  endfacet
  facet normal 0.595966 -0.803009 0
    outer loop
      vertex -3.80636 115.638 0.0213881
      vertex -3.33342 115.989 7
      vertex -3.80636 115.638 7
    endloop
  endfacet
  facet normal 0.595966 -0.803009 0
    outer loop
      vertex -3.33342 115.989 7
      vertex -3.80636 115.638 0.0213881
      vertex -3.33342 115.989 0.0213881
    endloop
  endfacet
  facet normal 0.803241 -0.595655 0
    outer loop
      vertex -4.98882 114.333 7
      vertex -4.63806 114.806 0.0213881
      vertex -4.63806 114.806 7
    endloop
  endfacet
  facet normal 0.803241 -0.595655 0
    outer loop
      vertex -4.63806 114.806 0.0213881
      vertex -4.98882 114.333 7
      vertex -4.98882 114.333 0.0213881
    endloop
  endfacet
  facet normal -0.989196 0.146598 0
    outer loop
      vertex 5.88471 109.829 0.0213881
      vertex 5.97111 110.412 7
      vertex 5.97111 110.412 0.0213881
    endloop
  endfacet
  facet normal -0.989196 0.146598 0
    outer loop
      vertex 5.97111 110.412 7
      vertex 5.88471 109.829 0.0213881
      vertex 5.88471 109.829 7
    endloop
  endfacet
  facet normal 0.941471 -0.337094 0
    outer loop
      vertex -5.74164 112.742 7
      vertex -5.54328 113.296 0.0213881
      vertex -5.54328 113.296 7
    endloop
  endfacet
  facet normal 0.941471 -0.337094 0
    outer loop
      vertex -5.54328 113.296 0.0213881
      vertex -5.74164 112.742 7
      vertex -5.74164 112.742 0.0213881
    endloop
  endfacet
  facet normal -0.426514 -0.904481 0
    outer loop
      vertex 2.2961 116.543 0.0213881
      vertex 2.82838 116.292 7
      vertex 2.2961 116.543 7
    endloop
  endfacet
  facet normal -0.426514 -0.904481 -0
    outer loop
      vertex 2.82838 116.292 7
      vertex 2.2961 116.543 0.0213881
      vertex 2.82838 116.292 0.0213881
    endloop
  endfacet
  facet normal 0.941471 0.337094 0
    outer loop
      vertex -5.54328 108.704 7
      vertex -5.74164 109.258 0.0213881
      vertex -5.74164 109.258 7
    endloop
  endfacet
  facet normal 0.941471 0.337094 0
    outer loop
      vertex -5.74164 109.258 0.0213881
      vertex -5.54328 108.704 7
      vertex -5.54328 108.704 0.0213881
    endloop
  endfacet
  facet normal -0.970014 0.243047 0
    outer loop
      vertex 5.74164 109.258 0.0213881
      vertex 5.88471 109.829 7
      vertex 5.88471 109.829 0.0213881
    endloop
  endfacet
  facet normal -0.970014 0.243047 0
    outer loop
      vertex 5.88471 109.829 7
      vertex 5.74164 109.258 0.0213881
      vertex 5.74164 109.258 7
    endloop
  endfacet
  facet normal 0.0492513 -0.998786 0
    outer loop
      vertex -0.588102 116.971 0.0213881
      vertex 0 117 7
      vertex -0.588102 116.971 7
    endloop
  endfacet
  facet normal 0.0492513 -0.998786 0
    outer loop
      vertex 0 117 7
      vertex -0.588102 116.971 0.0213881
      vertex 0 117 0.0213881
    endloop
  endfacet
  facet normal 0.426514 -0.904481 0
    outer loop
      vertex -2.82838 116.292 0.0213881
      vertex -2.2961 116.543 7
      vertex -2.82838 116.292 7
    endloop
  endfacet
  facet normal 0.426514 -0.904481 0
    outer loop
      vertex -2.2961 116.543 7
      vertex -2.82838 116.292 0.0213881
      vertex -2.2961 116.543 0.0213881
    endloop
  endfacet
  facet normal 0.671166 -0.741307 0
    outer loop
      vertex -4.24264 115.243 0.0213881
      vertex -3.80636 115.638 7
      vertex -4.24264 115.243 7
    endloop
  endfacet
  facet normal 0.671166 -0.741307 0
    outer loop
      vertex -3.80636 115.638 7
      vertex -4.24264 115.243 0.0213881
      vertex -3.80636 115.638 0.0213881
    endloop
  endfacet
  facet normal -0.337847 0.941201 0
    outer loop
      vertex 2.2961 105.457 4
      vertex 1.74171 105.258 7
      vertex 2.2961 105.457 7
    endloop
  endfacet
  facet normal -0.337847 0.941201 0
    outer loop
      vertex 1.74171 105.258 7
      vertex 2.2961 105.457 4
      vertex 1.74171 105.258 4
    endloop
  endfacet
  facet normal 0.337847 -0.941201 0
    outer loop
      vertex -2.2961 116.543 0.0213881
      vertex -1.74171 116.742 7
      vertex -2.2961 116.543 7
    endloop
  endfacet
  facet normal 0.337847 -0.941201 0
    outer loop
      vertex -1.74171 116.742 7
      vertex -2.2961 116.543 0.0213881
      vertex -1.74171 116.742 0.0213881
    endloop
  endfacet
  facet normal -0.803241 -0.595655 0
    outer loop
      vertex 4.98882 114.333 0.0213881
      vertex 4.63806 114.806 7
      vertex 4.63806 114.806 0.0213881
    endloop
  endfacet
  facet normal -0.803241 -0.595655 0
    outer loop
      vertex 4.63806 114.806 7
      vertex 4.98882 114.333 0.0213881
      vertex 4.98882 114.333 7
    endloop
  endfacet
  facet normal 0.85771 -0.514134 0
    outer loop
      vertex -5.29153 113.828 7
      vertex -4.98882 114.333 0.0213881
      vertex -4.98882 114.333 7
    endloop
  endfacet
  facet normal 0.85771 -0.514134 0
    outer loop
      vertex -4.98882 114.333 0.0213881
      vertex -5.29153 113.828 7
      vertex -5.29153 113.828 0.0213881
    endloop
  endfacet
  facet normal -0.998795 0.0490735 0
    outer loop
      vertex 5.97111 110.412 0.0213881
      vertex 6 111 7
      vertex 6 111 0.0213881
    endloop
  endfacet
  facet normal -0.998795 0.0490735 0
    outer loop
      vertex 6 111 7
      vertex 5.97111 110.412 0.0213881
      vertex 5.97111 110.412 7
    endloop
  endfacet
  facet normal -0.903902 0.427739 0
    outer loop
      vertex 5.29153 108.172 0.0213881
      vertex 5.54328 108.704 7
      vertex 5.54328 108.704 0.0213881
    endloop
  endfacet
  facet normal -0.903902 0.427739 0
    outer loop
      vertex 5.54328 108.704 7
      vertex 5.29153 108.172 0.0213881
      vertex 5.29153 108.172 7
    endloop
  endfacet
  facet normal -0.85771 -0.514134 0
    outer loop
      vertex 5.29153 113.828 0.0213881
      vertex 4.98882 114.333 7
      vertex 4.98882 114.333 0.0213881
    endloop
  endfacet
  facet normal -0.85771 -0.514134 0
    outer loop
      vertex 4.98882 114.333 7
      vertex 5.29153 113.828 0.0213881
      vertex 5.29153 113.828 7
    endloop
  endfacet
  facet normal 0.671166 0.741307 -0
    outer loop
      vertex -3.80636 106.362 0.0213881
      vertex -4.24264 106.757 7
      vertex -3.80636 106.362 7
    endloop
  endfacet
  facet normal 0.671166 0.741307 0
    outer loop
      vertex -4.24264 106.757 7
      vertex -3.80636 106.362 0.0213881
      vertex -4.24264 106.757 0.0213881
    endloop
  endfacet
  facet normal -0.595966 -0.803009 0
    outer loop
      vertex 3.33342 115.989 0.0213881
      vertex 3.80636 115.638 7
      vertex 3.33342 115.989 7
    endloop
  endfacet
  facet normal -0.595966 -0.803009 -0
    outer loop
      vertex 3.80636 115.638 7
      vertex 3.33342 115.989 0.0213881
      vertex 3.80636 115.638 0.0213881
    endloop
  endfacet
  facet normal 0.514599 0.857431 0
    outer loop
      vertex -3 105.811 4
      vertex -2.82838 105.708 7
      vertex -2.82838 105.708 4
    endloop
  endfacet
  facet normal 0.514466 0.857511 1.03346e-05
    outer loop
      vertex -2.82838 105.708 7
      vertex -3 105.811 4
      vertex -3.33342 106.011 7
    endloop
  endfacet
  facet normal 0.514397 0.857552 0
    outer loop
      vertex -3.33342 106.011 0.0213881
      vertex -3 105.811 4
      vertex -3 105.811 0.0213881
    endloop
  endfacet
  facet normal 0.514397 0.857552 0
    outer loop
      vertex -3 105.811 4
      vertex -3.33342 106.011 0.0213881
      vertex -3.33342 106.011 7
    endloop
  endfacet
  facet normal -0.514466 -0.857511 0
    outer loop
      vertex 2.82838 116.292 0.0213881
      vertex 3.33342 115.989 7
      vertex 2.82838 116.292 7
    endloop
  endfacet
  facet normal -0.514466 -0.857511 -0
    outer loop
      vertex 3.33342 115.989 7
      vertex 2.82838 116.292 0.0213881
      vertex 3.33342 115.989 0.0213881
    endloop
  endfacet
  facet normal -0.146071 0.989274 0
    outer loop
      vertex 1.17054 105.115 4
      vertex 0.588102 105.029 7
      vertex 1.17054 105.115 7
    endloop
  endfacet
  facet normal -0.146071 0.989274 0
    outer loop
      vertex 0.588102 105.029 7
      vertex 1.17054 105.115 4
      vertex 0.588102 105.029 4
    endloop
  endfacet
  facet normal -0.941471 -0.337094 0
    outer loop
      vertex 5.74164 112.742 0.0213881
      vertex 5.54328 113.296 7
      vertex 5.54328 113.296 0.0213881
    endloop
  endfacet
  facet normal -0.941471 -0.337094 0
    outer loop
      vertex 5.54328 113.296 7
      vertex 5.74164 112.742 0.0213881
      vertex 5.74164 112.742 7
    endloop
  endfacet
  facet normal -0.85771 0.514134 0
    outer loop
      vertex 4.98882 107.667 0.0213881
      vertex 5.29153 108.172 7
      vertex 5.29153 108.172 0.0213881
    endloop
  endfacet
  facet normal -0.85771 0.514134 0
    outer loop
      vertex 5.29153 108.172 7
      vertex 4.98882 107.667 0.0213881
      vertex 4.98882 107.667 7
    endloop
  endfacet
  facet normal 0.998795 0.0490735 0
    outer loop
      vertex -5.97111 110.412 7
      vertex -6 111 0.0213881
      vertex -6 111 7
    endloop
  endfacet
  facet normal 0.998795 0.0490735 0
    outer loop
      vertex -6 111 0.0213881
      vertex -5.97111 110.412 7
      vertex -5.97111 110.412 0.0213881
    endloop
  endfacet
  facet normal -0.941471 0.337094 0
    outer loop
      vertex 5.54328 108.704 0.0213881
      vertex 5.74164 109.258 7
      vertex 5.74164 109.258 0.0213881
    endloop
  endfacet
  facet normal -0.941471 0.337094 0
    outer loop
      vertex 5.74164 109.258 7
      vertex 5.54328 108.704 0.0213881
      vertex 5.54328 108.704 7
    endloop
  endfacet
  facet normal 0.146071 -0.989274 0
    outer loop
      vertex -1.17054 116.885 0.0213881
      vertex -0.588102 116.971 7
      vertex -1.17054 116.885 7
    endloop
  endfacet
  facet normal 0.146071 -0.989274 0
    outer loop
      vertex -0.588102 116.971 7
      vertex -1.17054 116.885 0.0213881
      vertex -0.588102 116.971 0.0213881
    endloop
  endfacet
  facet normal -0.741503 -0.67095 0
    outer loop
      vertex 4.63806 114.806 0.0213881
      vertex 4.24264 115.243 7
      vertex 4.24264 115.243 0.0213881
    endloop
  endfacet
  facet normal -0.741503 -0.67095 0
    outer loop
      vertex 4.24264 115.243 7
      vertex 4.63806 114.806 0.0213881
      vertex 4.63806 114.806 7
    endloop
  endfacet
  facet normal -0.0492513 -0.998786 0
    outer loop
      vertex 0 117 0.0213881
      vertex 0.588102 116.971 7
      vertex 0 117 7
    endloop
  endfacet
  facet normal -0.0492513 -0.998786 -0
    outer loop
      vertex 0.588102 116.971 7
      vertex 0 117 0.0213881
      vertex 0.588102 116.971 0.0213881
    endloop
  endfacet
  facet normal -0.903902 -0.427739 0
    outer loop
      vertex 5.54328 113.296 0.0213881
      vertex 5.29153 113.828 7
      vertex 5.29153 113.828 0.0213881
    endloop
  endfacet
  facet normal -0.903902 -0.427739 0
    outer loop
      vertex 5.29153 113.828 7
      vertex 5.54328 113.296 0.0213881
      vertex 5.54328 113.296 7
    endloop
  endfacet
  facet normal 0.146071 0.989274 -0
    outer loop
      vertex -0.588102 105.029 4
      vertex -1.17054 105.115 7
      vertex -0.588102 105.029 7
    endloop
  endfacet
  facet normal 0.146071 0.989274 0
    outer loop
      vertex -1.17054 105.115 7
      vertex -0.588102 105.029 4
      vertex -1.17054 105.115 4
    endloop
  endfacet
  facet normal -0.671166 0.741307 0
    outer loop
      vertex 4.24264 106.757 0.0213881
      vertex 3.80636 106.362 7
      vertex 4.24264 106.757 7
    endloop
  endfacet
  facet normal -0.671166 0.741307 0
    outer loop
      vertex 3.80636 106.362 7
      vertex 4.24264 106.757 0.0213881
      vertex 3.80636 106.362 0.0213881
    endloop
  endfacet
  facet normal 0.0492513 0.998786 -0
    outer loop
      vertex 0 105 4
      vertex -0.588102 105.029 7
      vertex 0 105 7
    endloop
  endfacet
  facet normal 0.0492513 0.998786 0
    outer loop
      vertex -0.588102 105.029 7
      vertex 0 105 4
      vertex -0.588102 105.029 4
    endloop
  endfacet
  facet normal 0.741503 -0.67095 0
    outer loop
      vertex -4.63806 114.806 7
      vertex -4.24264 115.243 0.0213881
      vertex -4.24264 115.243 7
    endloop
  endfacet
  facet normal 0.741503 -0.67095 0
    outer loop
      vertex -4.24264 115.243 0.0213881
      vertex -4.63806 114.806 7
      vertex -4.63806 114.806 0.0213881
    endloop
  endfacet
  facet normal -0.671166 -0.741307 0
    outer loop
      vertex 3.80636 115.638 0.0213881
      vertex 4.24264 115.243 7
      vertex 3.80636 115.638 7
    endloop
  endfacet
  facet normal -0.671166 -0.741307 -0
    outer loop
      vertex 4.24264 115.243 7
      vertex 3.80636 115.638 0.0213881
      vertex 4.24264 115.243 0.0213881
    endloop
  endfacet
  facet normal 0.903902 -0.427739 0
    outer loop
      vertex -5.54328 113.296 7
      vertex -5.29153 113.828 0.0213881
      vertex -5.29153 113.828 7
    endloop
  endfacet
  facet normal 0.903902 -0.427739 0
    outer loop
      vertex -5.29153 113.828 0.0213881
      vertex -5.54328 113.296 7
      vertex -5.54328 113.296 0.0213881
    endloop
  endfacet
  facet normal 0.970014 -0.243047 0
    outer loop
      vertex -5.88471 112.171 7
      vertex -5.74164 112.742 0.0213881
      vertex -5.74164 112.742 7
    endloop
  endfacet
  facet normal 0.970014 -0.243047 0
    outer loop
      vertex -5.74164 112.742 0.0213881
      vertex -5.88471 112.171 7
      vertex -5.88471 112.171 0.0213881
    endloop
  endfacet
  facet normal -0.242867 -0.97006 0
    outer loop
      vertex 1.17054 116.885 0.0213881
      vertex 1.74171 116.742 7
      vertex 1.17054 116.885 7
    endloop
  endfacet
  facet normal -0.242867 -0.97006 -0
    outer loop
      vertex 1.74171 116.742 7
      vertex 1.17054 116.885 0.0213881
      vertex 1.74171 116.742 0.0213881
    endloop
  endfacet
  facet normal 0.970014 0.243047 0
    outer loop
      vertex -5.74164 109.258 7
      vertex -5.88471 109.829 0.0213881
      vertex -5.88471 109.829 7
    endloop
  endfacet
  facet normal 0.970014 0.243047 0
    outer loop
      vertex -5.88471 109.829 0.0213881
      vertex -5.74164 109.258 7
      vertex -5.74164 109.258 0.0213881
    endloop
  endfacet
  facet normal 0.426514 0.904481 -0
    outer loop
      vertex -2.2961 105.457 4
      vertex -2.82838 105.708 7
      vertex -2.2961 105.457 7
    endloop
  endfacet
  facet normal 0.426514 0.904481 0
    outer loop
      vertex -2.82838 105.708 7
      vertex -2.2961 105.457 4
      vertex -2.82838 105.708 4
    endloop
  endfacet
  facet normal 0.741503 0.67095 0
    outer loop
      vertex -4.24264 106.757 7
      vertex -4.63806 107.194 0.0213881
      vertex -4.63806 107.194 7
    endloop
  endfacet
  facet normal 0.741503 0.67095 0
    outer loop
      vertex -4.63806 107.194 0.0213881
      vertex -4.24264 106.757 7
      vertex -4.24264 106.757 0.0213881
    endloop
  endfacet
  facet normal -0.426514 0.904481 0
    outer loop
      vertex 2.82838 105.708 4
      vertex 2.2961 105.457 7
      vertex 2.82838 105.708 7
    endloop
  endfacet
  facet normal -0.426514 0.904481 0
    outer loop
      vertex 2.2961 105.457 7
      vertex 2.82838 105.708 4
      vertex 2.2961 105.457 4
    endloop
  endfacet
  facet normal -0.0492513 0.998786 0
    outer loop
      vertex 0.588102 105.029 4
      vertex 0 105 7
      vertex 0.588102 105.029 7
    endloop
  endfacet
  facet normal -0.0492513 0.998786 0
    outer loop
      vertex 0 105 7
      vertex 0.588102 105.029 4
      vertex 0 105 4
    endloop
  endfacet
  facet normal 0.989196 0.146598 0
    outer loop
      vertex -5.88471 109.829 7
      vertex -5.97111 110.412 0.0213881
      vertex -5.97111 110.412 7
    endloop
  endfacet
  facet normal 0.989196 0.146598 0
    outer loop
      vertex -5.97111 110.412 0.0213881
      vertex -5.88471 109.829 7
      vertex -5.88471 109.829 0.0213881
    endloop
  endfacet
  facet normal -0.595966 0.803009 0
    outer loop
      vertex 3.80636 106.362 0.0213881
      vertex 3.33342 106.011 7
      vertex 3.80636 106.362 7
    endloop
  endfacet
  facet normal -0.595966 0.803009 0
    outer loop
      vertex 3.33342 106.011 7
      vertex 3.80636 106.362 0.0213881
      vertex 3.33342 106.011 0.0213881
    endloop
  endfacet
  facet normal 0.803241 0.595655 0
    outer loop
      vertex -4.63806 107.194 7
      vertex -4.98882 107.667 0.0213881
      vertex -4.98882 107.667 7
    endloop
  endfacet
  facet normal 0.803241 0.595655 0
    outer loop
      vertex -4.98882 107.667 0.0213881
      vertex -4.63806 107.194 7
      vertex -4.63806 107.194 0.0213881
    endloop
  endfacet
  facet normal 0.998795 -0.0490735 0
    outer loop
      vertex -6 111 7
      vertex -5.97111 111.588 0.0213881
      vertex -5.97111 111.588 7
    endloop
  endfacet
  facet normal 0.998795 -0.0490735 0
    outer loop
      vertex -5.97111 111.588 0.0213881
      vertex -6 111 7
      vertex -6 111 0.0213881
    endloop
  endfacet
  facet normal -0.741503 0.67095 0
    outer loop
      vertex 4.24264 106.757 0.0213881
      vertex 4.63806 107.194 7
      vertex 4.63806 107.194 0.0213881
    endloop
  endfacet
  facet normal -0.741503 0.67095 0
    outer loop
      vertex 4.63806 107.194 7
      vertex 4.24264 106.757 0.0213881
      vertex 4.24264 106.757 7
    endloop
  endfacet
endsolid OpenSCAD_Model
