solid OpenSCAD_Model
  facet normal 0.98918 -0.14671 0
    outer loop
      vertex -2.18941 60.7156 5.76274
      vertex -2.15773 60.9292 2.4
      vertex -2.15773 60.9292 5.76274
    endloop
  endfacet
  facet normal 0.98918 -0.14671 0
    outer loop
      vertex -2.15773 60.9292 2.4
      vertex -2.18941 60.7156 5.76274
      vertex -2.18941 60.7156 2.4
    endloop
  endfacet
  facet normal 0.998796 -0.0490596 0
    outer loop
      vertex -2.2 60.5 5.76274
      vertex -2.18941 60.7156 2.4
      vertex -2.18941 60.7156 5.76274
    endloop
  endfacet
  facet normal 0.998796 -0.0490596 0
    outer loop
      vertex -2.18941 60.7156 2.4
      vertex -2.2 60.5 5.76274
      vertex -2.2 60.5 2.4
    endloop
  endfacet
  facet normal 0.970022 -0.243015 0
    outer loop
      vertex -2.15773 60.9292 5.76274
      vertex -2.10527 61.1386 2.4
      vertex -2.10527 61.1386 5.76274
    endloop
  endfacet
  facet normal 0.970022 -0.243015 0
    outer loop
      vertex -2.10527 61.1386 2.4
      vertex -2.15773 60.9292 5.76274
      vertex -2.15773 60.9292 2.4
    endloop
  endfacet
  facet normal 0.740801 -0.671724 0
    outer loop
      vertex -1.70062 61.8957 5.76274
      vertex -1.55563 62.0556 2.4
      vertex -1.55563 62.0556 5.76274
    endloop
  endfacet
  facet normal 0.740801 -0.671724 0
    outer loop
      vertex -1.55563 62.0556 2.4
      vertex -1.70062 61.8957 5.76274
      vertex -1.70062 61.8957 2.4
    endloop
  endfacet
  facet normal -0.857738 -0.514087 0
    outer loop
      vertex 1.94023 61.5371 2.4
      vertex 1.82923 61.7223 5.76274
      vertex 1.82923 61.7223 2.4
    endloop
  endfacet
  facet normal -0.857738 -0.514087 0
    outer loop
      vertex 1.82923 61.7223 5.76274
      vertex 1.94023 61.5371 2.4
      vertex 1.94023 61.5371 5.76274
    endloop
  endfacet
  facet normal -0.427528 -0.904002 0
    outer loop
      vertex 0.841903 62.5325 2.4
      vertex 1.03707 62.4402 5.76274
      vertex 0.841903 62.5325 5.76274
    endloop
  endfacet
  facet normal -0.427528 -0.904002 -0
    outer loop
      vertex 1.03707 62.4402 5.76274
      vertex 0.841903 62.5325 2.4
      vertex 1.03707 62.4402 2.4
    endloop
  endfacet
  facet normal 0.146827 0.989162 -0
    outer loop
      vertex -0.215637 58.3106 2.4
      vertex -0.429198 58.3423 5.76274
      vertex -0.215637 58.3106 5.76274
    endloop
  endfacet
  facet normal 0.146827 0.989162 0
    outer loop
      vertex -0.429198 58.3423 5.76274
      vertex -0.215637 58.3106 2.4
      vertex -0.429198 58.3423 2.4
    endloop
  endfacet
  facet normal 0.337162 -0.941447 0
    outer loop
      vertex -0.841903 62.5325 2.4
      vertex -0.638626 62.6053 5.76274
      vertex -0.841903 62.5325 5.76274
    endloop
  endfacet
  facet normal 0.337162 -0.941447 0
    outer loop
      vertex -0.638626 62.6053 5.76274
      vertex -0.841903 62.5325 2.4
      vertex -0.638626 62.6053 2.4
    endloop
  endfacet
  facet normal 0.514128 -0.857714 0
    outer loop
      vertex -1.22225 62.3292 2.4
      vertex -1.03707 62.4402 5.76274
      vertex -1.22225 62.3292 5.76274
    endloop
  endfacet
  facet normal 0.514128 -0.857714 0
    outer loop
      vertex -1.03707 62.4402 5.76274
      vertex -1.22225 62.3292 2.4
      vertex -1.03707 62.4402 2.4
    endloop
  endfacet
  facet normal 0.998796 0.0490596 0
    outer loop
      vertex -2.18941 60.2844 5.76274
      vertex -2.2 60.5 2.4
      vertex -2.2 60.5 5.76274
    endloop
  endfacet
  facet normal 0.998796 0.0490596 0
    outer loop
      vertex -2.2 60.5 2.4
      vertex -2.18941 60.2844 5.76274
      vertex -2.18941 60.2844 2.4
    endloop
  endfacet
  facet normal 0.80319 0.595723 0
    outer loop
      vertex -1.70062 59.1043 5.76274
      vertex -1.82923 59.2777 2.4
      vertex -1.82923 59.2777 5.76274
    endloop
  endfacet
  facet normal 0.80319 0.595723 0
    outer loop
      vertex -1.82923 59.2777 2.4
      vertex -1.70062 59.1043 5.76274
      vertex -1.70062 59.1043 2.4
    endloop
  endfacet
  facet normal 0.0490974 -0.998794 0
    outer loop
      vertex -0.215637 62.6894 2.4
      vertex 0 62.7 5.76274
      vertex -0.215637 62.6894 5.76274
    endloop
  endfacet
  facet normal 0.0490974 -0.998794 0
    outer loop
      vertex 0 62.7 5.76274
      vertex -0.215637 62.6894 2.4
      vertex 0 62.7 2.4
    endloop
  endfacet
  facet normal -0.740801 0.671724 0
    outer loop
      vertex 1.55563 58.9444 2.4
      vertex 1.70062 59.1043 5.76274
      vertex 1.70062 59.1043 2.4
    endloop
  endfacet
  facet normal -0.740801 0.671724 0
    outer loop
      vertex 1.70062 59.1043 5.76274
      vertex 1.55563 58.9444 2.4
      vertex 1.55563 58.9444 5.76274
    endloop
  endfacet
  facet normal -0.514128 -0.857714 0
    outer loop
      vertex 1.03707 62.4402 2.4
      vertex 1.22225 62.3292 5.76274
      vertex 1.03707 62.4402 5.76274
    endloop
  endfacet
  facet normal -0.514128 -0.857714 -0
    outer loop
      vertex 1.22225 62.3292 5.76274
      vertex 1.03707 62.4402 2.4
      vertex 1.22225 62.3292 2.4
    endloop
  endfacet
  facet normal -0.427528 0.904002 0
    outer loop
      vertex 1.03707 58.5598 2.4
      vertex 0.841903 58.4675 5.76274
      vertex 1.03707 58.5598 5.76274
    endloop
  endfacet
  facet normal -0.427528 0.904002 0
    outer loop
      vertex 0.841903 58.4675 5.76274
      vertex 1.03707 58.5598 2.4
      vertex 0.841903 58.4675 2.4
    endloop
  endfacet
  facet normal 0.242723 0.970096 -0
    outer loop
      vertex -0.429198 58.3423 2.4
      vertex -0.638626 58.3947 5.76274
      vertex -0.429198 58.3423 5.76274
    endloop
  endfacet
  facet normal 0.242723 0.970096 0
    outer loop
      vertex -0.638626 58.3947 5.76274
      vertex -0.429198 58.3423 2.4
      vertex -0.638626 58.3947 2.4
    endloop
  endfacet
  facet normal 0.514128 0.857714 -0
    outer loop
      vertex -1.03707 58.5598 2.4
      vertex -1.22225 58.6708 5.76274
      vertex -1.03707 58.5598 5.76274
    endloop
  endfacet
  facet normal 0.514128 0.857714 0
    outer loop
      vertex -1.22225 58.6708 5.76274
      vertex -1.03707 58.5598 2.4
      vertex -1.22225 58.6708 2.4
    endloop
  endfacet
  facet normal 0.941547 0.336882 0
    outer loop
      vertex -2.03253 59.6581 5.76274
      vertex -2.10527 59.8614 2.4
      vertex -2.10527 59.8614 5.76274
    endloop
  endfacet
  facet normal 0.941547 0.336882 0
    outer loop
      vertex -2.10527 59.8614 2.4
      vertex -2.03253 59.6581 5.76274
      vertex -2.03253 59.6581 2.4
    endloop
  endfacet
  facet normal -0.740801 -0.671724 0
    outer loop
      vertex 1.70062 61.8957 2.4
      vertex 1.55563 62.0556 5.76274
      vertex 1.55563 62.0556 2.4
    endloop
  endfacet
  facet normal -0.740801 -0.671724 0
    outer loop
      vertex 1.55563 62.0556 5.76274
      vertex 1.70062 61.8957 2.4
      vertex 1.70062 61.8957 5.76274
    endloop
  endfacet
  facet normal -0.0490974 -0.998794 0
    outer loop
      vertex 0 62.7 2.4
      vertex 0.215637 62.6894 5.76274
      vertex 0 62.7 5.76274
    endloop
  endfacet
  facet normal -0.0490974 -0.998794 -0
    outer loop
      vertex 0.215637 62.6894 5.76274
      vertex 0 62.7 2.4
      vertex 0.215637 62.6894 2.4
    endloop
  endfacet
  facet normal -0.146827 -0.989162 0
    outer loop
      vertex 0.215637 62.6894 2.4
      vertex 0.429198 62.6577 5.76274
      vertex 0.215637 62.6894 5.76274
    endloop
  endfacet
  facet normal -0.146827 -0.989162 -0
    outer loop
      vertex 0.429198 62.6577 5.76274
      vertex 0.215637 62.6894 2.4
      vertex 0.429198 62.6577 2.4
    endloop
  endfacet
  facet normal 0.857738 0.514087 0
    outer loop
      vertex -1.82923 59.2777 5.76274
      vertex -1.94023 59.4629 2.4
      vertex -1.94023 59.4629 5.76274
    endloop
  endfacet
  facet normal 0.857738 0.514087 0
    outer loop
      vertex -1.94023 59.4629 2.4
      vertex -1.82923 59.2777 5.76274
      vertex -1.82923 59.2777 2.4
    endloop
  endfacet
  facet normal 0.427528 0.904002 -0
    outer loop
      vertex -0.841903 58.4675 2.4
      vertex -1.03707 58.5598 5.76274
      vertex -0.841903 58.4675 5.76274
    endloop
  endfacet
  facet normal 0.427528 0.904002 0
    outer loop
      vertex -1.03707 58.5598 5.76274
      vertex -0.841903 58.4675 2.4
      vertex -1.03707 58.5598 2.4
    endloop
  endfacet
  facet normal 0.671612 -0.740903 0
    outer loop
      vertex -1.55563 62.0556 2.4
      vertex -1.39567 62.2006 5.76274
      vertex -1.55563 62.0556 5.76274
    endloop
  endfacet
  facet normal 0.671612 -0.740903 0
    outer loop
      vertex -1.39567 62.2006 5.76274
      vertex -1.55563 62.0556 2.4
      vertex -1.39567 62.2006 2.4
    endloop
  endfacet
  facet normal -0.242723 -0.970096 0
    outer loop
      vertex 0.429198 62.6577 2.4
      vertex 0.638626 62.6053 5.76274
      vertex 0.429198 62.6577 5.76274
    endloop
  endfacet
  facet normal -0.242723 -0.970096 -0
    outer loop
      vertex 0.638626 62.6053 5.76274
      vertex 0.429198 62.6577 2.4
      vertex 0.638626 62.6053 2.4
    endloop
  endfacet
  facet normal 0.427528 -0.904002 0
    outer loop
      vertex -1.03707 62.4402 2.4
      vertex -0.841903 62.5325 5.76274
      vertex -1.03707 62.4402 5.76274
    endloop
  endfacet
  facet normal 0.427528 -0.904002 0
    outer loop
      vertex -0.841903 62.5325 5.76274
      vertex -1.03707 62.4402 2.4
      vertex -0.841903 62.5325 2.4
    endloop
  endfacet
  facet normal -0.80319 -0.595723 0
    outer loop
      vertex 1.82923 61.7223 2.4
      vertex 1.70062 61.8957 5.76274
      vertex 1.70062 61.8957 2.4
    endloop
  endfacet
  facet normal -0.80319 -0.595723 0
    outer loop
      vertex 1.70062 61.8957 5.76274
      vertex 1.82923 61.7223 2.4
      vertex 1.82923 61.7223 5.76274
    endloop
  endfacet
  facet normal 0.0490974 0.998794 -0
    outer loop
      vertex 0 58.3 2.4
      vertex -0.215637 58.3106 5.76274
      vertex 0 58.3 5.76274
    endloop
  endfacet
  facet normal 0.0490974 0.998794 0
    outer loop
      vertex -0.215637 58.3106 5.76274
      vertex 0 58.3 2.4
      vertex -0.215637 58.3106 2.4
    endloop
  endfacet
  facet normal 0.80319 -0.595723 0
    outer loop
      vertex -1.82923 61.7223 5.76274
      vertex -1.70062 61.8957 2.4
      vertex -1.70062 61.8957 5.76274
    endloop
  endfacet
  facet normal 0.80319 -0.595723 0
    outer loop
      vertex -1.70062 61.8957 2.4
      vertex -1.82923 61.7223 5.76274
      vertex -1.82923 61.7223 2.4
    endloop
  endfacet
  facet normal 0.90403 0.427469 0
    outer loop
      vertex -1.94023 59.4629 5.76274
      vertex -2.03253 59.6581 2.4
      vertex -2.03253 59.6581 5.76274
    endloop
  endfacet
  facet normal 0.90403 0.427469 0
    outer loop
      vertex -2.03253 59.6581 2.4
      vertex -1.94023 59.4629 5.76274
      vertex -1.94023 59.4629 2.4
    endloop
  endfacet
  facet normal -0.242723 0.970096 0
    outer loop
      vertex 0.638626 58.3947 2.4
      vertex 0.429198 58.3423 5.76274
      vertex 0.638626 58.3947 5.76274
    endloop
  endfacet
  facet normal -0.242723 0.970096 0
    outer loop
      vertex 0.429198 58.3423 5.76274
      vertex 0.638626 58.3947 2.4
      vertex 0.429198 58.3423 2.4
    endloop
  endfacet
  facet normal -0.671612 0.740903 0
    outer loop
      vertex 1.55563 58.9444 2.4
      vertex 1.39567 58.7994 5.76274
      vertex 1.55563 58.9444 5.76274
    endloop
  endfacet
  facet normal -0.671612 0.740903 0
    outer loop
      vertex 1.39567 58.7994 5.76274
      vertex 1.55563 58.9444 2.4
      vertex 1.39567 58.7994 2.4
    endloop
  endfacet
  facet normal -0.998796 -0.0490596 0
    outer loop
      vertex 2.2 60.5 2.4
      vertex 2.18941 60.7156 5.76274
      vertex 2.18941 60.7156 2.4
    endloop
  endfacet
  facet normal -0.998796 -0.0490596 0
    outer loop
      vertex 2.18941 60.7156 5.76274
      vertex 2.2 60.5 2.4
      vertex 2.2 60.5 5.76274
    endloop
  endfacet
  facet normal 0.337162 0.941447 -0
    outer loop
      vertex -0.638626 58.3947 2.4
      vertex -0.841903 58.4675 5.76274
      vertex -0.638626 58.3947 5.76274
    endloop
  endfacet
  facet normal 0.337162 0.941447 0
    outer loop
      vertex -0.841903 58.4675 5.76274
      vertex -0.638626 58.3947 2.4
      vertex -0.841903 58.4675 2.4
    endloop
  endfacet
  facet normal 0.671612 0.740903 -0
    outer loop
      vertex -1.39567 58.7994 2.4
      vertex -1.55563 58.9444 5.76274
      vertex -1.39567 58.7994 5.76274
    endloop
  endfacet
  facet normal 0.671612 0.740903 0
    outer loop
      vertex -1.55563 58.9444 5.76274
      vertex -1.39567 58.7994 2.4
      vertex -1.55563 58.9444 2.4
    endloop
  endfacet
  facet normal 0.970022 0.243015 0
    outer loop
      vertex -2.10527 59.8614 5.76274
      vertex -2.15773 60.0708 2.4
      vertex -2.15773 60.0708 5.76274
    endloop
  endfacet
  facet normal 0.970022 0.243015 0
    outer loop
      vertex -2.15773 60.0708 2.4
      vertex -2.10527 59.8614 5.76274
      vertex -2.10527 59.8614 2.4
    endloop
  endfacet
  facet normal 0.740801 0.671724 0
    outer loop
      vertex -1.55563 58.9444 5.76274
      vertex -1.70062 59.1043 2.4
      vertex -1.70062 59.1043 5.76274
    endloop
  endfacet
  facet normal 0.740801 0.671724 0
    outer loop
      vertex -1.70062 59.1043 2.4
      vertex -1.55563 58.9444 5.76274
      vertex -1.55563 58.9444 2.4
    endloop
  endfacet
  facet normal 0.941547 -0.336882 0
    outer loop
      vertex -2.10527 61.1386 5.76274
      vertex -2.03253 61.3419 2.4
      vertex -2.03253 61.3419 5.76274
    endloop
  endfacet
  facet normal 0.941547 -0.336882 0
    outer loop
      vertex -2.03253 61.3419 2.4
      vertex -2.10527 61.1386 5.76274
      vertex -2.10527 61.1386 2.4
    endloop
  endfacet
  facet normal 0.595648 -0.803245 0
    outer loop
      vertex -1.39567 62.2006 2.4
      vertex -1.22225 62.3292 5.76274
      vertex -1.39567 62.2006 5.76274
    endloop
  endfacet
  facet normal 0.595648 -0.803245 0
    outer loop
      vertex -1.22225 62.3292 5.76274
      vertex -1.39567 62.2006 2.4
      vertex -1.22225 62.3292 2.4
    endloop
  endfacet
  facet normal -0.90403 -0.427469 0
    outer loop
      vertex 2.03253 61.3419 2.4
      vertex 1.94023 61.5371 5.76274
      vertex 1.94023 61.5371 2.4
    endloop
  endfacet
  facet normal -0.90403 -0.427469 0
    outer loop
      vertex 1.94023 61.5371 5.76274
      vertex 2.03253 61.3419 2.4
      vertex 2.03253 61.3419 5.76274
    endloop
  endfacet
  facet normal -0.970022 0.243015 0
    outer loop
      vertex 2.10527 59.8614 2.4
      vertex 2.15773 60.0708 5.76274
      vertex 2.15773 60.0708 2.4
    endloop
  endfacet
  facet normal -0.970022 0.243015 0
    outer loop
      vertex 2.15773 60.0708 5.76274
      vertex 2.10527 59.8614 2.4
      vertex 2.10527 59.8614 5.76274
    endloop
  endfacet
  facet normal 0.90403 -0.427469 0
    outer loop
      vertex -2.03253 61.3419 5.76274
      vertex -1.94023 61.5371 2.4
      vertex -1.94023 61.5371 5.76274
    endloop
  endfacet
  facet normal 0.90403 -0.427469 0
    outer loop
      vertex -1.94023 61.5371 2.4
      vertex -2.03253 61.3419 5.76274
      vertex -2.03253 61.3419 2.4
    endloop
  endfacet
  facet normal 0.98918 0.14671 0
    outer loop
      vertex -2.15773 60.0708 5.76274
      vertex -2.18941 60.2844 2.4
      vertex -2.18941 60.2844 5.76274
    endloop
  endfacet
  facet normal 0.98918 0.14671 0
    outer loop
      vertex -2.18941 60.2844 2.4
      vertex -2.15773 60.0708 5.76274
      vertex -2.15773 60.0708 2.4
    endloop
  endfacet
  facet normal 0.857738 -0.514087 0
    outer loop
      vertex -1.94023 61.5371 5.76274
      vertex -1.82923 61.7223 2.4
      vertex -1.82923 61.7223 5.76274
    endloop
  endfacet
  facet normal 0.857738 -0.514087 0
    outer loop
      vertex -1.82923 61.7223 2.4
      vertex -1.94023 61.5371 5.76274
      vertex -1.94023 61.5371 2.4
    endloop
  endfacet
  facet normal -0.337162 -0.941447 0
    outer loop
      vertex 0.638626 62.6053 2.4
      vertex 0.841903 62.5325 5.76274
      vertex 0.638626 62.6053 5.76274
    endloop
  endfacet
  facet normal -0.337162 -0.941447 -0
    outer loop
      vertex 0.841903 62.5325 5.76274
      vertex 0.638626 62.6053 2.4
      vertex 0.841903 62.5325 2.4
    endloop
  endfacet
  facet normal -0.80319 0.595723 0
    outer loop
      vertex 1.70062 59.1043 2.4
      vertex 1.82923 59.2777 5.76274
      vertex 1.82923 59.2777 2.4
    endloop
  endfacet
  facet normal -0.80319 0.595723 0
    outer loop
      vertex 1.82923 59.2777 5.76274
      vertex 1.70062 59.1043 2.4
      vertex 1.70062 59.1043 5.76274
    endloop
  endfacet
  facet normal -0.857738 0.514087 0
    outer loop
      vertex 1.82923 59.2777 2.4
      vertex 1.94023 59.4629 5.76274
      vertex 1.94023 59.4629 2.4
    endloop
  endfacet
  facet normal -0.857738 0.514087 0
    outer loop
      vertex 1.94023 59.4629 5.76274
      vertex 1.82923 59.2777 2.4
      vertex 1.82923 59.2777 5.76274
    endloop
  endfacet
  facet normal -0.98918 0.14671 0
    outer loop
      vertex 2.15773 60.0708 2.4
      vertex 2.18941 60.2844 5.76274
      vertex 2.18941 60.2844 2.4
    endloop
  endfacet
  facet normal -0.98918 0.14671 0
    outer loop
      vertex 2.18941 60.2844 5.76274
      vertex 2.15773 60.0708 2.4
      vertex 2.15773 60.0708 5.76274
    endloop
  endfacet
  facet normal -0.0490974 0.998794 0
    outer loop
      vertex 0.215637 58.3106 2.4
      vertex 0 58.3 5.76274
      vertex 0.215637 58.3106 5.76274
    endloop
  endfacet
  facet normal -0.0490974 0.998794 0
    outer loop
      vertex 0 58.3 5.76274
      vertex 0.215637 58.3106 2.4
      vertex 0 58.3 2.4
    endloop
  endfacet
  facet normal -0.671612 -0.740903 0
    outer loop
      vertex 1.39567 62.2006 2.4
      vertex 1.55563 62.0556 5.76274
      vertex 1.39567 62.2006 5.76274
    endloop
  endfacet
  facet normal -0.671612 -0.740903 -0
    outer loop
      vertex 1.55563 62.0556 5.76274
      vertex 1.39567 62.2006 2.4
      vertex 1.55563 62.0556 2.4
    endloop
  endfacet
  facet normal -0.970022 -0.243015 0
    outer loop
      vertex 2.15773 60.9292 2.4
      vertex 2.10527 61.1386 5.76274
      vertex 2.10527 61.1386 2.4
    endloop
  endfacet
  facet normal -0.970022 -0.243015 0
    outer loop
      vertex 2.10527 61.1386 5.76274
      vertex 2.15773 60.9292 2.4
      vertex 2.15773 60.9292 5.76274
    endloop
  endfacet
  facet normal -0.90403 0.427469 0
    outer loop
      vertex 1.94023 59.4629 2.4
      vertex 2.03253 59.6581 5.76274
      vertex 2.03253 59.6581 2.4
    endloop
  endfacet
  facet normal -0.90403 0.427469 0
    outer loop
      vertex 2.03253 59.6581 5.76274
      vertex 1.94023 59.4629 2.4
      vertex 1.94023 59.4629 5.76274
    endloop
  endfacet
  facet normal -0.98918 -0.14671 0
    outer loop
      vertex 2.18941 60.7156 2.4
      vertex 2.15773 60.9292 5.76274
      vertex 2.15773 60.9292 2.4
    endloop
  endfacet
  facet normal -0.98918 -0.14671 0
    outer loop
      vertex 2.15773 60.9292 5.76274
      vertex 2.18941 60.7156 2.4
      vertex 2.18941 60.7156 5.76274
    endloop
  endfacet
  facet normal 0.242723 -0.970096 0
    outer loop
      vertex -0.638626 62.6053 2.4
      vertex -0.429198 62.6577 5.76274
      vertex -0.638626 62.6053 5.76274
    endloop
  endfacet
  facet normal 0.242723 -0.970096 0
    outer loop
      vertex -0.429198 62.6577 5.76274
      vertex -0.638626 62.6053 2.4
      vertex -0.429198 62.6577 2.4
    endloop
  endfacet
  facet normal -0.941547 0.336882 0
    outer loop
      vertex 2.03253 59.6581 2.4
      vertex 2.10527 59.8614 5.76274
      vertex 2.10527 59.8614 2.4
    endloop
  endfacet
  facet normal -0.941547 0.336882 0
    outer loop
      vertex 2.10527 59.8614 5.76274
      vertex 2.03253 59.6581 2.4
      vertex 2.03253 59.6581 5.76274
    endloop
  endfacet
  facet normal 0.595648 0.803245 -0
    outer loop
      vertex -1.22225 58.6708 2.4
      vertex -1.39567 58.7994 5.76274
      vertex -1.22225 58.6708 5.76274
    endloop
  endfacet
  facet normal 0.595648 0.803245 0
    outer loop
      vertex -1.39567 58.7994 5.76274
      vertex -1.22225 58.6708 2.4
      vertex -1.39567 58.7994 2.4
    endloop
  endfacet
  facet normal -0.595648 -0.803245 0
    outer loop
      vertex 1.22225 62.3292 2.4
      vertex 1.39567 62.2006 5.76274
      vertex 1.22225 62.3292 5.76274
    endloop
  endfacet
  facet normal -0.595648 -0.803245 -0
    outer loop
      vertex 1.39567 62.2006 5.76274
      vertex 1.22225 62.3292 2.4
      vertex 1.39567 62.2006 2.4
    endloop
  endfacet
  facet normal -0.941547 -0.336882 0
    outer loop
      vertex 2.10527 61.1386 2.4
      vertex 2.03253 61.3419 5.76274
      vertex 2.03253 61.3419 2.4
    endloop
  endfacet
  facet normal -0.941547 -0.336882 0
    outer loop
      vertex 2.03253 61.3419 5.76274
      vertex 2.10527 61.1386 2.4
      vertex 2.10527 61.1386 5.76274
    endloop
  endfacet
  facet normal -0.146827 0.989162 0
    outer loop
      vertex 0.429198 58.3423 2.4
      vertex 0.215637 58.3106 5.76274
      vertex 0.429198 58.3423 5.76274
    endloop
  endfacet
  facet normal -0.146827 0.989162 0
    outer loop
      vertex 0.215637 58.3106 5.76274
      vertex 0.429198 58.3423 2.4
      vertex 0.215637 58.3106 2.4
    endloop
  endfacet
  facet normal -0.595648 0.803245 0
    outer loop
      vertex 1.39567 58.7994 2.4
      vertex 1.22225 58.6708 5.76274
      vertex 1.39567 58.7994 5.76274
    endloop
  endfacet
  facet normal -0.595648 0.803245 0
    outer loop
      vertex 1.22225 58.6708 5.76274
      vertex 1.39567 58.7994 2.4
      vertex 1.22225 58.6708 2.4
    endloop
  endfacet
  facet normal -0.514128 0.857714 0
    outer loop
      vertex 1.22225 58.6708 2.4
      vertex 1.03707 58.5598 5.76274
      vertex 1.22225 58.6708 5.76274
    endloop
  endfacet
  facet normal -0.514128 0.857714 0
    outer loop
      vertex 1.03707 58.5598 5.76274
      vertex 1.22225 58.6708 2.4
      vertex 1.03707 58.5598 2.4
    endloop
  endfacet
  facet normal -0.998796 0.0490596 0
    outer loop
      vertex 2.18941 60.2844 2.4
      vertex 2.2 60.5 5.76274
      vertex 2.2 60.5 2.4
    endloop
  endfacet
  facet normal -0.998796 0.0490596 0
    outer loop
      vertex 2.2 60.5 5.76274
      vertex 2.18941 60.2844 2.4
      vertex 2.18941 60.2844 5.76274
    endloop
  endfacet
  facet normal 0.146827 -0.989162 0
    outer loop
      vertex -0.429198 62.6577 2.4
      vertex -0.215637 62.6894 5.76274
      vertex -0.429198 62.6577 5.76274
    endloop
  endfacet
  facet normal 0.146827 -0.989162 0
    outer loop
      vertex -0.215637 62.6894 5.76274
      vertex -0.429198 62.6577 2.4
      vertex -0.215637 62.6894 2.4
    endloop
  endfacet
  facet normal -0.337162 0.941447 0
    outer loop
      vertex 0.841903 58.4675 2.4
      vertex 0.638626 58.3947 5.76274
      vertex 0.841903 58.4675 5.76274
    endloop
  endfacet
  facet normal -0.337162 0.941447 0
    outer loop
      vertex 0.638626 58.3947 5.76274
      vertex 0.841903 58.4675 2.4
      vertex 0.638626 58.3947 2.4
    endloop
  endfacet
  facet normal 0.768979 -0.0377713 -0.638157
    outer loop
      vertex -2.2 60.5 2.4
      vertex -4.19165 60.5009 1.12378e-05
      vertex -2.18941 60.7156 2.4
    endloop
  endfacet
  facet normal 0.769079 -0.0341813 -0.638239
    outer loop
      vertex -4.19165 60.5009 1.12378e-05
      vertex -2.2 60.5 2.4
      vertex -4.19169 60.5 1.12378e-05
    endloop
  endfacet
  facet normal -0.395789 0.660386 -0.638155
    outer loop
      vertex 1.97595 56.8033 1.12378e-05
      vertex 1.03707 58.5598 2.4
      vertex 2.32801 57.0143 1.12378e-05
    endloop
  endfacet
  facet normal 0.618407 0.458619 -0.638155
    outer loop
      vertex -3.24022 57.8408 1.12378e-05
      vertex -3.48473 58.1705 1.12378e-05
      vertex -1.70062 59.1043 2.4
    endloop
  endfacet
  facet normal -0.570446 -0.517059 -0.638154
    outer loop
      vertex 1.70062 61.8957 2.4
      vertex 2.96458 63.4633 1.12378e-05
      vertex 3.24022 63.1592 1.12378e-05
    endloop
  endfacet
  facet normal 0.493756 0.592507 -0.636506
    outer loop
      vertex -2.3295 57.0153 1.12378e-05
      vertex -1.22225 58.6708 2.4
      vertex -2.32878 57.0147 1.12378e-05
    endloop
  endfacet
  facet normal 0.458592 0.618422 -0.638159
    outer loop
      vertex -1.22225 58.6708 2.4
      vertex -2.3295 57.0153 1.12378e-05
      vertex -1.39567 58.7994 2.4
    endloop
  endfacet
  facet normal 0.0855964 0.766703 -0.63627
    outer loop
      vertex -0.000895719 56.3084 1.12378e-05
      vertex 0 58.3 2.4
      vertex 0 56.3083 1.12378e-05
    endloop
  endfacet
  facet normal 0.0378008 0.768986 -0.638147
    outer loop
      vertex 0 58.3 2.4
      vertex -0.000895719 56.3084 1.12378e-05
      vertex -0.215637 58.3106 2.4
    endloop
  endfacet
  facet normal 0.69597 -0.329226 -0.638151
    outer loop
      vertex -3.87224 62.1049 1.12378e-05
      vertex -3.69674 62.4759 1.12378e-05
      vertex -1.94023 61.5371 2.4
    endloop
  endfacet
  facet normal 0.187017 0.746853 -0.63815
    outer loop
      vertex -0.818628 56.3891 1.12378e-05
      vertex -1.21678 56.4888 1.12378e-05
      vertex -0.638626 58.3947 2.4
    endloop
  endfacet
  facet normal -0.516988 0.570507 -0.638158
    outer loop
      vertex 2.65918 57.2598 1.12378e-05
      vertex 1.39567 58.7994 2.4
      vertex 2.96331 57.5354 1.12378e-05
    endloop
  endfacet
  facet normal 0.458592 -0.618422 -0.638159
    outer loop
      vertex -2.3295 63.9847 1.12378e-05
      vertex -1.22225 62.3292 2.4
      vertex -1.39567 62.2006 2.4
    endloop
  endfacet
  facet normal 0.493756 -0.592507 -0.636506
    outer loop
      vertex -1.22225 62.3292 2.4
      vertex -2.3295 63.9847 1.12378e-05
      vertex -2.32878 63.9853 1.12378e-05
    endloop
  endfacet
  facet normal 0.660401 0.395772 -0.63815
    outer loop
      vertex -3.48573 58.172 1.12378e-05
      vertex -3.69674 58.5241 1.12378e-05
      vertex -1.94023 59.4629 2.4
    endloop
  endfacet
  facet normal 0.730786 -0.243595 -0.637662
    outer loop
      vertex -2.03253 61.3419 2.4
      vertex -3.87292 62.1032 1.12378e-05
      vertex -3.87262 62.1041 1.12378e-05
    endloop
  endfacet
  facet normal 0.724905 -0.259368 -0.638155
    outer loop
      vertex -3.87292 62.1032 1.12378e-05
      vertex -2.03253 61.3419 2.4
      vertex -2.10527 61.1386 2.4
    endloop
  endfacet
  facet normal 0.11292 0.76158 -0.638158
    outer loop
      vertex -0.410857 56.3285 1.12378e-05
      vertex -0.816871 56.3887 1.12378e-05
      vertex -0.215637 58.3106 2.4
    endloop
  endfacet
  facet normal -0.259581 -0.724819 -0.638165
    outer loop
      vertex 1.60325 64.3729 1.12378e-05
      vertex 0.841903 62.5325 2.4
      vertex 0.638626 62.6053 2.4
    endloop
  endfacet
  facet normal -0.25895 -0.725059 -0.638149
    outer loop
      vertex 0.841903 62.5325 2.4
      vertex 1.60325 64.3729 1.12378e-05
      vertex 1.60409 64.3726 1.12378e-05
    endloop
  endfacet
  facet normal 0.0378895 -0.768971 -0.638159
    outer loop
      vertex -0.215637 62.6894 2.4
      vertex -0.410857 64.6715 1.12378e-05
      vertex -0.000895719 64.6917 1.12378e-05
    endloop
  endfacet
  facet normal -0.768979 -0.0377737 -0.638157
    outer loop
      vertex 2.18941 60.7156 2.4
      vertex 4.17151 60.9109 1.12378e-05
      vertex 4.19165 60.5009 1.12378e-05
    endloop
  endfacet
  facet normal 0.696016 0.32911 -0.638161
    outer loop
      vertex -1.94023 59.4629 2.4
      vertex -3.87262 58.8959 1.12378e-05
      vertex -2.03253 59.6581 2.4
    endloop
  endfacet
  facet normal 0.695515 0.33037 -0.638055
    outer loop
      vertex -3.87262 58.8959 1.12378e-05
      vertex -1.94023 59.4629 2.4
      vertex -3.87224 58.8951 1.12378e-05
    endloop
  endfacet
  facet normal -0.746838 0.187047 -0.638158
    outer loop
      vertex 4.0112 59.2832 1.12378e-05
      vertex 2.10527 59.8614 2.4
      vertex 4.11093 59.6814 1.12378e-05
    endloop
  endfacet
  facet normal 0.516988 0.570507 -0.638158
    outer loop
      vertex -2.65918 57.2598 1.12378e-05
      vertex -2.96331 57.5354 1.12378e-05
      vertex -1.39567 58.7994 2.4
    endloop
  endfacet
  facet normal -0.769079 0.0341813 -0.638239
    outer loop
      vertex 4.19165 60.4991 1.12378e-05
      vertex 2.2 60.5 2.4
      vertex 4.19169 60.5 1.12378e-05
    endloop
  endfacet
  facet normal -0.768979 0.0377713 -0.638157
    outer loop
      vertex 2.2 60.5 2.4
      vertex 4.19165 60.4991 1.12378e-05
      vertex 2.18941 60.2844 2.4
    endloop
  endfacet
  facet normal -0.660401 -0.395772 -0.63815
    outer loop
      vertex 1.94023 61.5371 2.4
      vertex 3.48573 62.828 1.12378e-05
      vertex 3.69674 62.4759 1.12378e-05
    endloop
  endfacet
  facet normal -0.187017 0.746853 -0.63815
    outer loop
      vertex 0.818628 56.3891 1.12378e-05
      vertex 0.638626 58.3947 2.4
      vertex 1.21678 56.4888 1.12378e-05
    endloop
  endfacet
  facet normal 0.768979 0.0377737 -0.638157
    outer loop
      vertex -4.17151 60.0891 1.12378e-05
      vertex -4.19165 60.4991 1.12378e-05
      vertex -2.18941 60.2844 2.4
    endloop
  endfacet
  facet normal -0.259407 -0.724895 -0.63815
    outer loop
      vertex 0.638626 62.6053 2.4
      vertex 1.21678 64.5112 1.12378e-05
      vertex 1.60325 64.3729 1.12378e-05
    endloop
  endfacet
  facet normal -0.769079 -0.0341813 -0.638239
    outer loop
      vertex 2.2 60.5 2.4
      vertex 4.19165 60.5009 1.12378e-05
      vertex 4.19169 60.5 1.12378e-05
    endloop
  endfacet
  facet normal -0.768979 -0.0377713 -0.638157
    outer loop
      vertex 4.19165 60.5009 1.12378e-05
      vertex 2.2 60.5 2.4
      vertex 2.18941 60.7156 2.4
    endloop
  endfacet
  facet normal 0.329188 -0.695984 -0.638155
    outer loop
      vertex -1.97595 64.1967 1.12378e-05
      vertex -1.6049 64.3722 1.12378e-05
      vertex -1.03707 62.4402 2.4
    endloop
  endfacet
  facet normal 0.76157 -0.112979 -0.638159
    outer loop
      vertex -4.17151 60.9109 1.12378e-05
      vertex -4.11128 61.3169 1.12378e-05
      vertex -2.18941 60.7156 2.4
    endloop
  endfacet
  facet normal 0.570342 -0.51716 -0.638165
    outer loop
      vertex -2.96458 63.4633 1.12378e-05
      vertex -1.55563 62.0556 2.4
      vertex -1.70062 61.8957 2.4
    endloop
  endfacet
  facet normal 0.580706 -0.506044 -0.63773
    outer loop
      vertex -1.55563 62.0556 2.4
      vertex -2.96458 63.4633 1.12378e-05
      vertex -2.96397 63.464 1.12378e-05
    endloop
  endfacet
  facet normal 0.570446 0.517059 -0.638154
    outer loop
      vertex -2.96458 57.5367 1.12378e-05
      vertex -3.24022 57.8408 1.12378e-05
      vertex -1.70062 59.1043 2.4
    endloop
  endfacet
  facet normal -0.329188 -0.695984 -0.638155
    outer loop
      vertex 1.03707 62.4402 2.4
      vertex 1.6049 64.3722 1.12378e-05
      vertex 1.97595 64.1967 1.12378e-05
    endloop
  endfacet
  facet normal 0.329155 0.695994 -0.63816
    outer loop
      vertex -1.60409 56.6274 1.12378e-05
      vertex -1.03707 58.5598 2.4
      vertex -0.841903 58.4675 2.4
    endloop
  endfacet
  facet normal 0.341289 0.69111 -0.637094
    outer loop
      vertex -1.03707 58.5598 2.4
      vertex -1.60409 56.6274 1.12378e-05
      vertex -1.6049 56.6278 1.12378e-05
    endloop
  endfacet
  facet normal -0.0378895 -0.768971 -0.638159
    outer loop
      vertex 0.215637 62.6894 2.4
      vertex 0.000895719 64.6917 1.12378e-05
      vertex 0.410857 64.6715 1.12378e-05
    endloop
  endfacet
  facet normal 0.11292 -0.76158 -0.638158
    outer loop
      vertex -0.816871 64.6113 1.12378e-05
      vertex -0.410857 64.6715 1.12378e-05
      vertex -0.215637 62.6894 2.4
    endloop
  endfacet
  facet normal -0.25895 0.725059 -0.638149
    outer loop
      vertex 1.60325 56.6271 1.12378e-05
      vertex 0.841903 58.4675 2.4
      vertex 1.60409 56.6274 1.12378e-05
    endloop
  endfacet
  facet normal -0.259581 0.724819 -0.638165
    outer loop
      vertex 0.841903 58.4675 2.4
      vertex 1.60325 56.6271 1.12378e-05
      vertex 0.638626 58.3947 2.4
    endloop
  endfacet
  facet normal 0.580706 0.506044 -0.63773
    outer loop
      vertex -2.96458 57.5367 1.12378e-05
      vertex -1.55563 58.9444 2.4
      vertex -2.96397 57.536 1.12378e-05
    endloop
  endfacet
  facet normal 0.570342 0.51716 -0.638165
    outer loop
      vertex -1.55563 58.9444 2.4
      vertex -2.96458 57.5367 1.12378e-05
      vertex -1.70062 59.1043 2.4
    endloop
  endfacet
  facet normal 0.570446 -0.517059 -0.638154
    outer loop
      vertex -3.24022 63.1592 1.12378e-05
      vertex -2.96458 63.4633 1.12378e-05
      vertex -1.70062 61.8957 2.4
    endloop
  endfacet
  facet normal 0.329188 0.695984 -0.638155
    outer loop
      vertex -1.6049 56.6278 1.12378e-05
      vertex -1.97595 56.8033 1.12378e-05
      vertex -1.03707 58.5598 2.4
    endloop
  endfacet
  facet normal -0.695515 -0.33037 -0.638055
    outer loop
      vertex 3.87262 62.1041 1.12378e-05
      vertex 1.94023 61.5371 2.4
      vertex 3.87224 62.1049 1.12378e-05
    endloop
  endfacet
  facet normal -0.696016 -0.32911 -0.638161
    outer loop
      vertex 1.94023 61.5371 2.4
      vertex 3.87262 62.1041 1.12378e-05
      vertex 2.03253 61.3419 2.4
    endloop
  endfacet
  facet normal 0.663951 -0.390071 -0.637976
    outer loop
      vertex -1.82923 61.7223 2.4
      vertex -3.48573 62.828 1.12378e-05
      vertex -3.48526 62.8288 1.12378e-05
    endloop
  endfacet
  facet normal 0.660381 -0.395801 -0.638152
    outer loop
      vertex -3.48573 62.828 1.12378e-05
      vertex -1.82923 61.7223 2.4
      vertex -1.94023 61.5371 2.4
    endloop
  endfacet
  facet normal -0.730786 -0.243595 -0.637662
    outer loop
      vertex 3.87292 62.1032 1.12378e-05
      vertex 2.03253 61.3419 2.4
      vertex 3.87262 62.1041 1.12378e-05
    endloop
  endfacet
  facet normal -0.724905 -0.259368 -0.638155
    outer loop
      vertex 2.03253 61.3419 2.4
      vertex 3.87292 62.1032 1.12378e-05
      vertex 2.10527 61.1386 2.4
    endloop
  endfacet
  facet normal -0.517875 -0.569662 -0.638193
    outer loop
      vertex 1.55563 62.0556 2.4
      vertex 2.96331 63.4646 1.12378e-05
      vertex 2.96397 63.464 1.12378e-05
    endloop
  endfacet
  facet normal -0.517072 -0.57042 -0.638167
    outer loop
      vertex 2.96331 63.4646 1.12378e-05
      vertex 1.55563 62.0556 2.4
      vertex 1.39567 62.2006 2.4
    endloop
  endfacet
  facet normal 0.25895 -0.725059 -0.638149
    outer loop
      vertex -1.60325 64.3729 1.12378e-05
      vertex -0.841903 62.5325 2.4
      vertex -1.60409 64.3726 1.12378e-05
    endloop
  endfacet
  facet normal 0.259581 -0.724819 -0.638165
    outer loop
      vertex -0.841903 62.5325 2.4
      vertex -1.60325 64.3729 1.12378e-05
      vertex -0.638626 62.6053 2.4
    endloop
  endfacet
  facet normal 0.660381 0.395801 -0.638152
    outer loop
      vertex -1.82923 59.2777 2.4
      vertex -3.48573 58.172 1.12378e-05
      vertex -1.94023 59.4629 2.4
    endloop
  endfacet
  facet normal 0.663951 0.390071 -0.637976
    outer loop
      vertex -3.48573 58.172 1.12378e-05
      vertex -1.82923 59.2777 2.4
      vertex -3.48526 58.1712 1.12378e-05
    endloop
  endfacet
  facet normal 0.618407 -0.458619 -0.638155
    outer loop
      vertex -3.48473 62.8295 1.12378e-05
      vertex -3.24022 63.1592 1.12378e-05
      vertex -1.70062 61.8957 2.4
    endloop
  endfacet
  facet normal 0.769079 0.0341813 -0.638239
    outer loop
      vertex -2.2 60.5 2.4
      vertex -4.19165 60.4991 1.12378e-05
      vertex -4.19169 60.5 1.12378e-05
    endloop
  endfacet
  facet normal 0.768979 0.0377713 -0.638157
    outer loop
      vertex -4.19165 60.4991 1.12378e-05
      vertex -2.2 60.5 2.4
      vertex -2.18941 60.2844 2.4
    endloop
  endfacet
  facet normal -0.663951 -0.390071 -0.637976
    outer loop
      vertex 3.48573 62.828 1.12378e-05
      vertex 1.82923 61.7223 2.4
      vertex 3.48526 62.8288 1.12378e-05
    endloop
  endfacet
  facet normal -0.660381 -0.395801 -0.638152
    outer loop
      vertex 1.82923 61.7223 2.4
      vertex 3.48573 62.828 1.12378e-05
      vertex 1.94023 61.5371 2.4
    endloop
  endfacet
  facet normal 0.259407 0.724895 -0.63815
    outer loop
      vertex -1.21678 56.4888 1.12378e-05
      vertex -1.60325 56.6271 1.12378e-05
      vertex -0.638626 58.3947 2.4
    endloop
  endfacet
  facet normal 0.724885 0.259413 -0.638158
    outer loop
      vertex -3.87292 58.8968 1.12378e-05
      vertex -4.0112 59.2832 1.12378e-05
      vertex -2.10527 59.8614 2.4
    endloop
  endfacet
  facet normal 0.768979 -0.0377737 -0.638157
    outer loop
      vertex -4.19165 60.5009 1.12378e-05
      vertex -4.17151 60.9109 1.12378e-05
      vertex -2.18941 60.7156 2.4
    endloop
  endfacet
  facet normal 0.76157 0.112979 -0.638159
    outer loop
      vertex -4.11128 59.6831 1.12378e-05
      vertex -4.17151 60.0891 1.12378e-05
      vertex -2.18941 60.2844 2.4
    endloop
  endfacet
  facet normal 0.259581 0.724819 -0.638165
    outer loop
      vertex -1.60325 56.6271 1.12378e-05
      vertex -0.841903 58.4675 2.4
      vertex -0.638626 58.3947 2.4
    endloop
  endfacet
  facet normal 0.25895 0.725059 -0.638149
    outer loop
      vertex -0.841903 58.4675 2.4
      vertex -1.60325 56.6271 1.12378e-05
      vertex -1.60409 56.6274 1.12378e-05
    endloop
  endfacet
  facet normal 0.660401 -0.395772 -0.63815
    outer loop
      vertex -3.69674 62.4759 1.12378e-05
      vertex -3.48573 62.828 1.12378e-05
      vertex -1.94023 61.5371 2.4
    endloop
  endfacet
  facet normal 0.252762 -0.73301 -0.631512
    outer loop
      vertex -0.817758 64.6112 1.12378e-05
      vertex -0.638626 62.6053 2.4
      vertex -0.818628 64.6109 1.12378e-05
    endloop
  endfacet
  facet normal 0.18687 -0.746867 -0.638176
    outer loop
      vertex -0.638626 62.6053 2.4
      vertex -0.817758 64.6112 1.12378e-05
      vertex -0.429198 62.6577 2.4
    endloop
  endfacet
  facet normal 0.341289 -0.69111 -0.637094
    outer loop
      vertex -1.60409 64.3726 1.12378e-05
      vertex -1.03707 62.4402 2.4
      vertex -1.6049 64.3722 1.12378e-05
    endloop
  endfacet
  facet normal 0.329155 -0.695994 -0.63816
    outer loop
      vertex -1.03707 62.4402 2.4
      vertex -1.60409 64.3726 1.12378e-05
      vertex -0.841903 62.5325 2.4
    endloop
  endfacet
  facet normal 0.0377026 0.768984 -0.638155
    outer loop
      vertex -0.410857 56.3285 1.12378e-05
      vertex -0.215637 58.3106 2.4
      vertex -0.000895719 56.3084 1.12378e-05
    endloop
  endfacet
  facet normal 0.458624 -0.618402 -0.638156
    outer loop
      vertex -2.65918 63.7402 1.12378e-05
      vertex -2.3295 63.9847 1.12378e-05
      vertex -1.39567 62.2006 2.4
    endloop
  endfacet
  facet normal 0.395789 -0.660386 -0.638155
    outer loop
      vertex -2.32801 63.9857 1.12378e-05
      vertex -1.97595 64.1967 1.12378e-05
      vertex -1.03707 62.4402 2.4
    endloop
  endfacet
  facet normal -0.76157 0.112979 -0.638159
    outer loop
      vertex 4.11128 59.6831 1.12378e-05
      vertex 2.18941 60.2844 2.4
      vertex 4.17151 60.0891 1.12378e-05
    endloop
  endfacet
  facet normal 0.746838 0.187047 -0.638158
    outer loop
      vertex -4.0112 59.2832 1.12378e-05
      vertex -4.11093 59.6814 1.12378e-05
      vertex -2.10527 59.8614 2.4
    endloop
  endfacet
  facet normal -0.724885 0.259413 -0.638158
    outer loop
      vertex 3.87292 58.8968 1.12378e-05
      vertex 2.10527 59.8614 2.4
      vertex 4.0112 59.2832 1.12378e-05
    endloop
  endfacet
  facet normal -0.570342 -0.51716 -0.638165
    outer loop
      vertex 1.55563 62.0556 2.4
      vertex 2.96458 63.4633 1.12378e-05
      vertex 1.70062 61.8957 2.4
    endloop
  endfacet
  facet normal -0.580706 -0.506044 -0.63773
    outer loop
      vertex 2.96458 63.4633 1.12378e-05
      vertex 1.55563 62.0556 2.4
      vertex 2.96397 63.464 1.12378e-05
    endloop
  endfacet
  facet normal 0.458624 0.618402 -0.638156
    outer loop
      vertex -2.3295 57.0153 1.12378e-05
      vertex -2.65918 57.2598 1.12378e-05
      vertex -1.39567 58.7994 2.4
    endloop
  endfacet
  facet normal -0.259407 0.724895 -0.63815
    outer loop
      vertex 1.21678 56.4888 1.12378e-05
      vertex 0.638626 58.3947 2.4
      vertex 1.60325 56.6271 1.12378e-05
    endloop
  endfacet
  facet normal 0.259407 -0.724895 -0.63815
    outer loop
      vertex -1.60325 64.3729 1.12378e-05
      vertex -1.21678 64.5112 1.12378e-05
      vertex -0.638626 62.6053 2.4
    endloop
  endfacet
  facet normal -0.660381 0.395801 -0.638152
    outer loop
      vertex 3.48573 58.172 1.12378e-05
      vertex 1.82923 59.2777 2.4
      vertex 1.94023 59.4629 2.4
    endloop
  endfacet
  facet normal -0.663951 0.390071 -0.637976
    outer loop
      vertex 1.82923 59.2777 2.4
      vertex 3.48573 58.172 1.12378e-05
      vertex 3.48526 58.1712 1.12378e-05
    endloop
  endfacet
  facet normal 0.517072 0.57042 -0.638167
    outer loop
      vertex -2.96331 57.5354 1.12378e-05
      vertex -1.55563 58.9444 2.4
      vertex -1.39567 58.7994 2.4
    endloop
  endfacet
  facet normal 0.517875 0.569662 -0.638193
    outer loop
      vertex -1.55563 58.9444 2.4
      vertex -2.96331 57.5354 1.12378e-05
      vertex -2.96397 57.536 1.12378e-05
    endloop
  endfacet
  facet normal -0.395789 -0.660386 -0.638155
    outer loop
      vertex 1.03707 62.4402 2.4
      vertex 1.97595 64.1967 1.12378e-05
      vertex 2.32801 63.9857 1.12378e-05
    endloop
  endfacet
  facet normal 0.395789 0.660386 -0.638155
    outer loop
      vertex -1.97595 56.8033 1.12378e-05
      vertex -2.32801 57.0143 1.12378e-05
      vertex -1.03707 58.5598 2.4
    endloop
  endfacet
  facet normal -0.493756 0.592507 -0.636506
    outer loop
      vertex 1.22225 58.6708 2.4
      vertex 2.3295 57.0153 1.12378e-05
      vertex 2.32878 57.0147 1.12378e-05
    endloop
  endfacet
  facet normal -0.458592 0.618422 -0.638159
    outer loop
      vertex 2.3295 57.0153 1.12378e-05
      vertex 1.22225 58.6708 2.4
      vertex 1.39567 58.7994 2.4
    endloop
  endfacet
  facet normal -0.61395 0.464848 -0.637951
    outer loop
      vertex 3.48473 58.1705 1.12378e-05
      vertex 1.82923 59.2777 2.4
      vertex 3.48526 58.1712 1.12378e-05
    endloop
  endfacet
  facet normal -0.618385 0.458653 -0.638152
    outer loop
      vertex 1.82923 59.2777 2.4
      vertex 3.48473 58.1705 1.12378e-05
      vertex 1.70062 59.1043 2.4
    endloop
  endfacet
  facet normal 0.618385 -0.458653 -0.638152
    outer loop
      vertex -1.82923 61.7223 2.4
      vertex -3.48473 62.8295 1.12378e-05
      vertex -1.70062 61.8957 2.4
    endloop
  endfacet
  facet normal 0.61395 -0.464848 -0.637951
    outer loop
      vertex -3.48473 62.8295 1.12378e-05
      vertex -1.82923 61.7223 2.4
      vertex -3.48526 62.8288 1.12378e-05
    endloop
  endfacet
  facet normal -0.458624 -0.618402 -0.638156
    outer loop
      vertex 1.39567 62.2006 2.4
      vertex 2.3295 63.9847 1.12378e-05
      vertex 2.65918 63.7402 1.12378e-05
    endloop
  endfacet
  facet normal 0.761576 0.112953 -0.638157
    outer loop
      vertex -2.15773 60.0708 2.4
      vertex -4.11128 59.6831 1.12378e-05
      vertex -2.18941 60.2844 2.4
    endloop
  endfacet
  facet normal 0.762058 0.110075 -0.638084
    outer loop
      vertex -4.11128 59.6831 1.12378e-05
      vertex -2.15773 60.0708 2.4
      vertex -4.11115 59.6822 1.12378e-05
    endloop
  endfacet
  facet normal 0.618385 0.458653 -0.638152
    outer loop
      vertex -3.48473 58.1705 1.12378e-05
      vertex -1.82923 59.2777 2.4
      vertex -1.70062 59.1043 2.4
    endloop
  endfacet
  facet normal 0.61395 0.464848 -0.637951
    outer loop
      vertex -1.82923 59.2777 2.4
      vertex -3.48473 58.1705 1.12378e-05
      vertex -3.48526 58.1712 1.12378e-05
    endloop
  endfacet
  facet normal -0.618407 0.458619 -0.638155
    outer loop
      vertex 3.24022 57.8408 1.12378e-05
      vertex 1.70062 59.1043 2.4
      vertex 3.48473 58.1705 1.12378e-05
    endloop
  endfacet
  facet normal 0.695515 -0.33037 -0.638055
    outer loop
      vertex -1.94023 61.5371 2.4
      vertex -3.87262 62.1041 1.12378e-05
      vertex -3.87224 62.1049 1.12378e-05
    endloop
  endfacet
  facet normal 0.696016 -0.32911 -0.638161
    outer loop
      vertex -3.87262 62.1041 1.12378e-05
      vertex -1.94023 61.5371 2.4
      vertex -2.03253 61.3419 2.4
    endloop
  endfacet
  facet normal 0.69597 0.329226 -0.638151
    outer loop
      vertex -3.69674 58.5241 1.12378e-05
      vertex -3.87224 58.8951 1.12378e-05
      vertex -1.94023 59.4629 2.4
    endloop
  endfacet
  facet normal 0.517072 -0.57042 -0.638167
    outer loop
      vertex -1.55563 62.0556 2.4
      vertex -2.96331 63.4646 1.12378e-05
      vertex -1.39567 62.2006 2.4
    endloop
  endfacet
  facet normal 0.517875 -0.569662 -0.638193
    outer loop
      vertex -2.96331 63.4646 1.12378e-05
      vertex -1.55563 62.0556 2.4
      vertex -2.96397 63.464 1.12378e-05
    endloop
  endfacet
  facet normal -0.69597 -0.329226 -0.638151
    outer loop
      vertex 1.94023 61.5371 2.4
      vertex 3.69674 62.4759 1.12378e-05
      vertex 3.87224 62.1049 1.12378e-05
    endloop
  endfacet
  facet normal -0.724885 -0.259413 -0.638158
    outer loop
      vertex 2.10527 61.1386 2.4
      vertex 3.87292 62.1032 1.12378e-05
      vertex 4.0112 61.7168 1.12378e-05
    endloop
  endfacet
  facet normal -0.0378008 0.768986 -0.638147
    outer loop
      vertex 0.000895719 56.3084 1.12378e-05
      vertex 0 58.3 2.4
      vertex 0.215637 58.3106 2.4
    endloop
  endfacet
  facet normal -0.0855964 0.766703 -0.63627
    outer loop
      vertex 0 58.3 2.4
      vertex 0.000895719 56.3084 1.12378e-05
      vertex 0 56.3083 1.12378e-05
    endloop
  endfacet
  facet normal -0.618407 -0.458619 -0.638155
    outer loop
      vertex 1.70062 61.8957 2.4
      vertex 3.24022 63.1592 1.12378e-05
      vertex 3.48473 62.8295 1.12378e-05
    endloop
  endfacet
  facet normal 0.0378 -0.76897 -0.638166
    outer loop
      vertex -0.000895719 64.6917 1.12378e-05
      vertex 0 62.7 2.4
      vertex -0.215637 62.6894 2.4
    endloop
  endfacet
  facet normal 0 -0.769527 -0.638614
    outer loop
      vertex 0 62.7 2.4
      vertex -0.000895719 64.6917 1.12378e-05
      vertex 0 64.6917 1.12378e-05
    endloop
  endfacet
  facet normal -0.329155 -0.695994 -0.63816
    outer loop
      vertex 1.60409 64.3726 1.12378e-05
      vertex 1.03707 62.4402 2.4
      vertex 0.841903 62.5325 2.4
    endloop
  endfacet
  facet normal -0.341289 -0.69111 -0.637094
    outer loop
      vertex 1.03707 62.4402 2.4
      vertex 1.60409 64.3726 1.12378e-05
      vertex 1.6049 64.3722 1.12378e-05
    endloop
  endfacet
  facet normal -0.458592 -0.618422 -0.638159
    outer loop
      vertex 1.22225 62.3292 2.4
      vertex 2.3295 63.9847 1.12378e-05
      vertex 1.39567 62.2006 2.4
    endloop
  endfacet
  facet normal -0.493756 -0.592507 -0.636506
    outer loop
      vertex 2.3295 63.9847 1.12378e-05
      vertex 1.22225 62.3292 2.4
      vertex 2.32878 63.9853 1.12378e-05
    endloop
  endfacet
  facet normal -0.746838 -0.187047 -0.638158
    outer loop
      vertex 2.10527 61.1386 2.4
      vertex 4.0112 61.7168 1.12378e-05
      vertex 4.11093 61.3186 1.12378e-05
    endloop
  endfacet
  facet normal 0.187017 -0.746853 -0.63815
    outer loop
      vertex -1.21678 64.5112 1.12378e-05
      vertex -0.818628 64.6109 1.12378e-05
      vertex -0.638626 62.6053 2.4
    endloop
  endfacet
  facet normal -0.187017 -0.746853 -0.63815
    outer loop
      vertex 0.638626 62.6053 2.4
      vertex 0.818628 64.6109 1.12378e-05
      vertex 1.21678 64.5112 1.12378e-05
    endloop
  endfacet
  facet normal -0.762058 -0.110075 -0.638084
    outer loop
      vertex 4.11128 61.3169 1.12378e-05
      vertex 2.15773 60.9292 2.4
      vertex 4.11115 61.3178 1.12378e-05
    endloop
  endfacet
  facet normal -0.761576 -0.112953 -0.638157
    outer loop
      vertex 2.15773 60.9292 2.4
      vertex 4.11128 61.3169 1.12378e-05
      vertex 2.18941 60.7156 2.4
    endloop
  endfacet
  facet normal -0.76157 -0.112979 -0.638159
    outer loop
      vertex 2.18941 60.7156 2.4
      vertex 4.11128 61.3169 1.12378e-05
      vertex 4.17151 60.9109 1.12378e-05
    endloop
  endfacet
  facet normal -0.458624 0.618402 -0.638156
    outer loop
      vertex 2.3295 57.0153 1.12378e-05
      vertex 1.39567 58.7994 2.4
      vertex 2.65918 57.2598 1.12378e-05
    endloop
  endfacet
  facet normal -0.61395 -0.464848 -0.637951
    outer loop
      vertex 1.82923 61.7223 2.4
      vertex 3.48473 62.8295 1.12378e-05
      vertex 3.48526 62.8288 1.12378e-05
    endloop
  endfacet
  facet normal -0.618385 -0.458653 -0.638152
    outer loop
      vertex 3.48473 62.8295 1.12378e-05
      vertex 1.82923 61.7223 2.4
      vertex 1.70062 61.8957 2.4
    endloop
  endfacet
  facet normal -0.570446 0.517059 -0.638154
    outer loop
      vertex 2.96458 57.5367 1.12378e-05
      vertex 1.70062 59.1043 2.4
      vertex 3.24022 57.8408 1.12378e-05
    endloop
  endfacet
  facet normal -0.516988 -0.570507 -0.638158
    outer loop
      vertex 1.39567 62.2006 2.4
      vertex 2.65918 63.7402 1.12378e-05
      vertex 2.96331 63.4646 1.12378e-05
    endloop
  endfacet
  facet normal -0.69597 0.329226 -0.638151
    outer loop
      vertex 3.69674 58.5241 1.12378e-05
      vertex 1.94023 59.4629 2.4
      vertex 3.87224 58.8951 1.12378e-05
    endloop
  endfacet
  facet normal -0.395829 -0.660358 -0.638159
    outer loop
      vertex 2.32801 63.9857 1.12378e-05
      vertex 1.22225 62.3292 2.4
      vertex 1.03707 62.4402 2.4
    endloop
  endfacet
  facet normal -0.355614 -0.684557 -0.636333
    outer loop
      vertex 1.22225 62.3292 2.4
      vertex 2.32801 63.9857 1.12378e-05
      vertex 2.32878 63.9853 1.12378e-05
    endloop
  endfacet
  facet normal 0.724885 -0.259413 -0.638158
    outer loop
      vertex -4.0112 61.7168 1.12378e-05
      vertex -3.87292 62.1032 1.12378e-05
      vertex -2.10527 61.1386 2.4
    endloop
  endfacet
  facet normal -0.696016 0.32911 -0.638161
    outer loop
      vertex 3.87262 58.8959 1.12378e-05
      vertex 1.94023 59.4629 2.4
      vertex 2.03253 59.6581 2.4
    endloop
  endfacet
  facet normal -0.695515 0.33037 -0.638055
    outer loop
      vertex 1.94023 59.4629 2.4
      vertex 3.87262 58.8959 1.12378e-05
      vertex 3.87224 58.8951 1.12378e-05
    endloop
  endfacet
  facet normal -0.0377026 0.768984 -0.638155
    outer loop
      vertex 0.000895719 56.3084 1.12378e-05
      vertex 0.215637 58.3106 2.4
      vertex 0.410857 56.3285 1.12378e-05
    endloop
  endfacet
  facet normal -0.761576 0.112953 -0.638157
    outer loop
      vertex 4.11128 59.6831 1.12378e-05
      vertex 2.15773 60.0708 2.4
      vertex 2.18941 60.2844 2.4
    endloop
  endfacet
  facet normal -0.762058 0.110075 -0.638084
    outer loop
      vertex 2.15773 60.0708 2.4
      vertex 4.11128 59.6831 1.12378e-05
      vertex 4.11115 59.6822 1.12378e-05
    endloop
  endfacet
  facet normal -0.172291 0.749467 -0.63923
    outer loop
      vertex 0.817758 56.3889 1.12378e-05
      vertex 0.638626 58.3947 2.4
      vertex 0.818628 56.3891 1.12378e-05
    endloop
  endfacet
  facet normal -0.186874 0.746882 -0.638158
    outer loop
      vertex 0.638626 58.3947 2.4
      vertex 0.817758 56.3889 1.12378e-05
      vertex 0.429198 58.3423 2.4
    endloop
  endfacet
  facet normal -0.11292 -0.76158 -0.638158
    outer loop
      vertex 0.215637 62.6894 2.4
      vertex 0.410857 64.6715 1.12378e-05
      vertex 0.816871 64.6113 1.12378e-05
    endloop
  endfacet
  facet normal -0.660401 0.395772 -0.63815
    outer loop
      vertex 3.48573 58.172 1.12378e-05
      vertex 1.94023 59.4629 2.4
      vertex 3.69674 58.5241 1.12378e-05
    endloop
  endfacet
  facet normal -0.517875 0.569662 -0.638193
    outer loop
      vertex 2.96331 57.5354 1.12378e-05
      vertex 1.55563 58.9444 2.4
      vertex 2.96397 57.536 1.12378e-05
    endloop
  endfacet
  facet normal -0.517072 0.57042 -0.638167
    outer loop
      vertex 1.55563 58.9444 2.4
      vertex 2.96331 57.5354 1.12378e-05
      vertex 1.39567 58.7994 2.4
    endloop
  endfacet
  facet normal 0.395829 0.660358 -0.638159
    outer loop
      vertex -2.32801 57.0143 1.12378e-05
      vertex -1.22225 58.6708 2.4
      vertex -1.03707 58.5598 2.4
    endloop
  endfacet
  facet normal 0.355614 0.684557 -0.636333
    outer loop
      vertex -1.22225 58.6708 2.4
      vertex -2.32801 57.0143 1.12378e-05
      vertex -2.32878 57.0147 1.12378e-05
    endloop
  endfacet
  facet normal 0.355614 -0.684557 -0.636333
    outer loop
      vertex -2.32801 63.9857 1.12378e-05
      vertex -1.22225 62.3292 2.4
      vertex -2.32878 63.9853 1.12378e-05
    endloop
  endfacet
  facet normal 0.395829 -0.660358 -0.638159
    outer loop
      vertex -1.22225 62.3292 2.4
      vertex -2.32801 63.9857 1.12378e-05
      vertex -1.03707 62.4402 2.4
    endloop
  endfacet
  facet normal -0.580706 0.506044 -0.63773
    outer loop
      vertex 1.55563 58.9444 2.4
      vertex 2.96458 57.5367 1.12378e-05
      vertex 2.96397 57.536 1.12378e-05
    endloop
  endfacet
  facet normal -0.570342 0.51716 -0.638165
    outer loop
      vertex 2.96458 57.5367 1.12378e-05
      vertex 1.55563 58.9444 2.4
      vertex 1.70062 59.1043 2.4
    endloop
  endfacet
  facet normal -0.11292 0.76158 -0.638158
    outer loop
      vertex 0.410857 56.3285 1.12378e-05
      vertex 0.215637 58.3106 2.4
      vertex 0.816871 56.3887 1.12378e-05
    endloop
  endfacet
  facet normal 0.724905 0.259368 -0.638155
    outer loop
      vertex -2.03253 59.6581 2.4
      vertex -3.87292 58.8968 1.12378e-05
      vertex -2.10527 59.8614 2.4
    endloop
  endfacet
  facet normal 0.730786 0.243595 -0.637662
    outer loop
      vertex -3.87292 58.8968 1.12378e-05
      vertex -2.03253 59.6581 2.4
      vertex -3.87262 58.8959 1.12378e-05
    endloop
  endfacet
  facet normal 0.746826 0.187099 -0.638158
    outer loop
      vertex -2.10527 59.8614 2.4
      vertex -4.11115 59.6822 1.12378e-05
      vertex -2.15773 60.0708 2.4
    endloop
  endfacet
  facet normal 0.743518 0.204467 -0.63669
    outer loop
      vertex -4.11115 59.6822 1.12378e-05
      vertex -2.10527 59.8614 2.4
      vertex -4.11093 59.6814 1.12378e-05
    endloop
  endfacet
  facet normal 0.516988 -0.570507 -0.638158
    outer loop
      vertex -2.96331 63.4646 1.12378e-05
      vertex -2.65918 63.7402 1.12378e-05
      vertex -1.39567 62.2006 2.4
    endloop
  endfacet
  facet normal 0.746838 -0.187047 -0.638158
    outer loop
      vertex -4.11093 61.3186 1.12378e-05
      vertex -4.0112 61.7168 1.12378e-05
      vertex -2.10527 61.1386 2.4
    endloop
  endfacet
  facet normal -0 -0.769527 -0.638614
    outer loop
      vertex 0.000895719 64.6917 1.12378e-05
      vertex 0 62.7 2.4
      vertex 0 64.6917 1.12378e-05
    endloop
  endfacet
  facet normal -0.0378 -0.76897 -0.638166
    outer loop
      vertex 0 62.7 2.4
      vertex 0.000895719 64.6917 1.12378e-05
      vertex 0.215637 62.6894 2.4
    endloop
  endfacet
  facet normal -0.18687 -0.746867 -0.638176
    outer loop
      vertex 0.817758 64.6112 1.12378e-05
      vertex 0.638626 62.6053 2.4
      vertex 0.429198 62.6577 2.4
    endloop
  endfacet
  facet normal -0.252762 -0.73301 -0.631512
    outer loop
      vertex 0.638626 62.6053 2.4
      vertex 0.817758 64.6112 1.12378e-05
      vertex 0.818628 64.6109 1.12378e-05
    endloop
  endfacet
  facet normal -0.341289 0.69111 -0.637094
    outer loop
      vertex 1.60409 56.6274 1.12378e-05
      vertex 1.03707 58.5598 2.4
      vertex 1.6049 56.6278 1.12378e-05
    endloop
  endfacet
  facet normal -0.329155 0.695994 -0.63816
    outer loop
      vertex 1.03707 58.5598 2.4
      vertex 1.60409 56.6274 1.12378e-05
      vertex 0.841903 58.4675 2.4
    endloop
  endfacet
  facet normal -0.169286 0.750784 -0.638486
    outer loop
      vertex 0.816871 56.3887 1.12378e-05
      vertex 0.429198 58.3423 2.4
      vertex 0.817758 56.3889 1.12378e-05
    endloop
  endfacet
  facet normal -0.113041 0.761554 -0.638167
    outer loop
      vertex 0.429198 58.3423 2.4
      vertex 0.816871 56.3887 1.12378e-05
      vertex 0.215637 58.3106 2.4
    endloop
  endfacet
  facet normal -0.724905 0.259368 -0.638155
    outer loop
      vertex 3.87292 58.8968 1.12378e-05
      vertex 2.03253 59.6581 2.4
      vertex 2.10527 59.8614 2.4
    endloop
  endfacet
  facet normal -0.730786 0.243595 -0.637662
    outer loop
      vertex 2.03253 59.6581 2.4
      vertex 3.87292 58.8968 1.12378e-05
      vertex 3.87262 58.8959 1.12378e-05
    endloop
  endfacet
  facet normal -0.768979 0.0377737 -0.638157
    outer loop
      vertex 4.17151 60.0891 1.12378e-05
      vertex 2.18941 60.2844 2.4
      vertex 4.19165 60.4991 1.12378e-05
    endloop
  endfacet
  facet normal 0.086333 -0.765774 -0.637289
    outer loop
      vertex -0.816871 64.6113 1.12378e-05
      vertex -0.429198 62.6577 2.4
      vertex -0.817758 64.6112 1.12378e-05
    endloop
  endfacet
  facet normal 0.113041 -0.761554 -0.638167
    outer loop
      vertex -0.429198 62.6577 2.4
      vertex -0.816871 64.6113 1.12378e-05
      vertex -0.215637 62.6894 2.4
    endloop
  endfacet
  facet normal -0.329188 0.695984 -0.638155
    outer loop
      vertex 1.6049 56.6278 1.12378e-05
      vertex 1.03707 58.5598 2.4
      vertex 1.97595 56.8033 1.12378e-05
    endloop
  endfacet
  facet normal -0.743518 -0.204467 -0.63669
    outer loop
      vertex 4.11115 61.3178 1.12378e-05
      vertex 2.10527 61.1386 2.4
      vertex 4.11093 61.3186 1.12378e-05
    endloop
  endfacet
  facet normal -0.746826 -0.187099 -0.638158
    outer loop
      vertex 2.10527 61.1386 2.4
      vertex 4.11115 61.3178 1.12378e-05
      vertex 2.15773 60.9292 2.4
    endloop
  endfacet
  facet normal 0.113041 0.761554 -0.638167
    outer loop
      vertex -0.816871 56.3887 1.12378e-05
      vertex -0.429198 58.3423 2.4
      vertex -0.215637 58.3106 2.4
    endloop
  endfacet
  facet normal 0.169286 0.750784 -0.638486
    outer loop
      vertex -0.429198 58.3423 2.4
      vertex -0.816871 56.3887 1.12378e-05
      vertex -0.817758 56.3889 1.12378e-05
    endloop
  endfacet
  facet normal -0.355614 0.684557 -0.636333
    outer loop
      vertex 2.32801 57.0143 1.12378e-05
      vertex 1.22225 58.6708 2.4
      vertex 2.32878 57.0147 1.12378e-05
    endloop
  endfacet
  facet normal -0.395829 0.660358 -0.638159
    outer loop
      vertex 1.22225 58.6708 2.4
      vertex 2.32801 57.0143 1.12378e-05
      vertex 1.03707 58.5598 2.4
    endloop
  endfacet
  facet normal -0.746826 0.187099 -0.638158
    outer loop
      vertex 4.11115 59.6822 1.12378e-05
      vertex 2.10527 59.8614 2.4
      vertex 2.15773 60.0708 2.4
    endloop
  endfacet
  facet normal -0.743518 0.204467 -0.63669
    outer loop
      vertex 2.10527 59.8614 2.4
      vertex 4.11115 59.6822 1.12378e-05
      vertex 4.11093 59.6814 1.12378e-05
    endloop
  endfacet
  facet normal 0.186874 0.746882 -0.638158
    outer loop
      vertex -0.817758 56.3889 1.12378e-05
      vertex -0.638626 58.3947 2.4
      vertex -0.429198 58.3423 2.4
    endloop
  endfacet
  facet normal 0.172291 0.749467 -0.63923
    outer loop
      vertex -0.638626 58.3947 2.4
      vertex -0.817758 56.3889 1.12378e-05
      vertex -0.818628 56.3891 1.12378e-05
    endloop
  endfacet
  facet normal 0.743518 -0.204467 -0.63669
    outer loop
      vertex -2.10527 61.1386 2.4
      vertex -4.11115 61.3178 1.12378e-05
      vertex -4.11093 61.3186 1.12378e-05
    endloop
  endfacet
  facet normal 0.746826 -0.187099 -0.638158
    outer loop
      vertex -4.11115 61.3178 1.12378e-05
      vertex -2.10527 61.1386 2.4
      vertex -2.15773 60.9292 2.4
    endloop
  endfacet
  facet normal 0.762058 -0.110075 -0.638084
    outer loop
      vertex -2.15773 60.9292 2.4
      vertex -4.11128 61.3169 1.12378e-05
      vertex -4.11115 61.3178 1.12378e-05
    endloop
  endfacet
  facet normal 0.761576 -0.112953 -0.638157
    outer loop
      vertex -4.11128 61.3169 1.12378e-05
      vertex -2.15773 60.9292 2.4
      vertex -2.18941 60.7156 2.4
    endloop
  endfacet
  facet normal -0.113041 -0.761554 -0.638167
    outer loop
      vertex 0.816871 64.6113 1.12378e-05
      vertex 0.429198 62.6577 2.4
      vertex 0.215637 62.6894 2.4
    endloop
  endfacet
  facet normal -0.086333 -0.765774 -0.637289
    outer loop
      vertex 0.429198 62.6577 2.4
      vertex 0.816871 64.6113 1.12378e-05
      vertex 0.817758 64.6112 1.12378e-05
    endloop
  endfacet
  facet normal 0.90403 -0.427469 0
    outer loop
      vertex -2.03253 41.3419 5.76274
      vertex -1.94023 41.5371 2.4
      vertex -1.94023 41.5371 5.76274
    endloop
  endfacet
  facet normal 0.90403 -0.427469 0
    outer loop
      vertex -1.94023 41.5371 2.4
      vertex -2.03253 41.3419 5.76274
      vertex -2.03253 41.3419 2.4
    endloop
  endfacet
  facet normal 0.998796 -0.0490596 0
    outer loop
      vertex -2.2 40.5 5.76274
      vertex -2.18941 40.7156 2.4
      vertex -2.18941 40.7156 5.76274
    endloop
  endfacet
  facet normal 0.998796 -0.0490596 0
    outer loop
      vertex -2.18941 40.7156 2.4
      vertex -2.2 40.5 5.76274
      vertex -2.2 40.5 2.4
    endloop
  endfacet
  facet normal -0.941547 -0.336882 0
    outer loop
      vertex 2.10527 41.1386 2.4
      vertex 2.03253 41.3419 5.76274
      vertex 2.03253 41.3419 2.4
    endloop
  endfacet
  facet normal -0.941547 -0.336882 0
    outer loop
      vertex 2.03253 41.3419 5.76274
      vertex 2.10527 41.1386 2.4
      vertex 2.10527 41.1386 5.76274
    endloop
  endfacet
  facet normal 0.427528 -0.904002 0
    outer loop
      vertex -1.03707 42.4402 2.4
      vertex -0.841903 42.5325 5.76274
      vertex -1.03707 42.4402 5.76274
    endloop
  endfacet
  facet normal 0.427528 -0.904002 0
    outer loop
      vertex -0.841903 42.5325 5.76274
      vertex -1.03707 42.4402 2.4
      vertex -0.841903 42.5325 2.4
    endloop
  endfacet
  facet normal -0.0490974 0.998794 0
    outer loop
      vertex 0.215637 38.3106 2.4
      vertex 0 38.3 5.76274
      vertex 0.215637 38.3106 5.76274
    endloop
  endfacet
  facet normal -0.0490974 0.998794 0
    outer loop
      vertex 0 38.3 5.76274
      vertex 0.215637 38.3106 2.4
      vertex 0 38.3 2.4
    endloop
  endfacet
  facet normal 0.671612 -0.740903 0
    outer loop
      vertex -1.55563 42.0556 2.4
      vertex -1.39567 42.2006 5.76274
      vertex -1.55563 42.0556 5.76274
    endloop
  endfacet
  facet normal 0.671612 -0.740903 0
    outer loop
      vertex -1.39567 42.2006 5.76274
      vertex -1.55563 42.0556 2.4
      vertex -1.39567 42.2006 2.4
    endloop
  endfacet
  facet normal -0.998796 -0.0490596 0
    outer loop
      vertex 2.2 40.5 2.4
      vertex 2.18941 40.7156 5.76274
      vertex 2.18941 40.7156 2.4
    endloop
  endfacet
  facet normal -0.998796 -0.0490596 0
    outer loop
      vertex 2.18941 40.7156 5.76274
      vertex 2.2 40.5 2.4
      vertex 2.2 40.5 5.76274
    endloop
  endfacet
  facet normal 0.998796 0.0490596 0
    outer loop
      vertex -2.18941 40.2844 5.76274
      vertex -2.2 40.5 2.4
      vertex -2.2 40.5 5.76274
    endloop
  endfacet
  facet normal 0.998796 0.0490596 0
    outer loop
      vertex -2.2 40.5 2.4
      vertex -2.18941 40.2844 5.76274
      vertex -2.18941 40.2844 2.4
    endloop
  endfacet
  facet normal 0.80319 -0.595723 0
    outer loop
      vertex -1.82923 41.7223 5.76274
      vertex -1.70062 41.8957 2.4
      vertex -1.70062 41.8957 5.76274
    endloop
  endfacet
  facet normal 0.80319 -0.595723 0
    outer loop
      vertex -1.70062 41.8957 2.4
      vertex -1.82923 41.7223 5.76274
      vertex -1.82923 41.7223 2.4
    endloop
  endfacet
  facet normal 0.857738 -0.514087 0
    outer loop
      vertex -1.94023 41.5371 5.76274
      vertex -1.82923 41.7223 2.4
      vertex -1.82923 41.7223 5.76274
    endloop
  endfacet
  facet normal 0.857738 -0.514087 0
    outer loop
      vertex -1.82923 41.7223 2.4
      vertex -1.94023 41.5371 5.76274
      vertex -1.94023 41.5371 2.4
    endloop
  endfacet
  facet normal 0.90403 0.427469 0
    outer loop
      vertex -1.94023 39.4629 5.76274
      vertex -2.03253 39.6581 2.4
      vertex -2.03253 39.6581 5.76274
    endloop
  endfacet
  facet normal 0.90403 0.427469 0
    outer loop
      vertex -2.03253 39.6581 2.4
      vertex -1.94023 39.4629 5.76274
      vertex -1.94023 39.4629 2.4
    endloop
  endfacet
  facet normal 0.514128 -0.857714 0
    outer loop
      vertex -1.22225 42.3292 2.4
      vertex -1.03707 42.4402 5.76274
      vertex -1.22225 42.3292 5.76274
    endloop
  endfacet
  facet normal 0.514128 -0.857714 0
    outer loop
      vertex -1.03707 42.4402 5.76274
      vertex -1.22225 42.3292 2.4
      vertex -1.03707 42.4402 2.4
    endloop
  endfacet
  facet normal 0.970022 -0.243015 0
    outer loop
      vertex -2.15773 40.9292 5.76274
      vertex -2.10527 41.1386 2.4
      vertex -2.10527 41.1386 5.76274
    endloop
  endfacet
  facet normal 0.970022 -0.243015 0
    outer loop
      vertex -2.10527 41.1386 2.4
      vertex -2.15773 40.9292 5.76274
      vertex -2.15773 40.9292 2.4
    endloop
  endfacet
  facet normal 0.98918 -0.14671 0
    outer loop
      vertex -2.18941 40.7156 5.76274
      vertex -2.15773 40.9292 2.4
      vertex -2.15773 40.9292 5.76274
    endloop
  endfacet
  facet normal 0.98918 -0.14671 0
    outer loop
      vertex -2.15773 40.9292 2.4
      vertex -2.18941 40.7156 5.76274
      vertex -2.18941 40.7156 2.4
    endloop
  endfacet
  facet normal -0.146827 -0.989162 0
    outer loop
      vertex 0.215637 42.6894 2.4
      vertex 0.429198 42.6577 5.76274
      vertex 0.215637 42.6894 5.76274
    endloop
  endfacet
  facet normal -0.146827 -0.989162 -0
    outer loop
      vertex 0.429198 42.6577 5.76274
      vertex 0.215637 42.6894 2.4
      vertex 0.429198 42.6577 2.4
    endloop
  endfacet
  facet normal 0.941547 0.336882 0
    outer loop
      vertex -2.03253 39.6581 5.76274
      vertex -2.10527 39.8614 2.4
      vertex -2.10527 39.8614 5.76274
    endloop
  endfacet
  facet normal 0.941547 0.336882 0
    outer loop
      vertex -2.10527 39.8614 2.4
      vertex -2.03253 39.6581 5.76274
      vertex -2.03253 39.6581 2.4
    endloop
  endfacet
  facet normal 0.146827 0.989162 -0
    outer loop
      vertex -0.215637 38.3106 2.4
      vertex -0.429198 38.3423 5.76274
      vertex -0.215637 38.3106 5.76274
    endloop
  endfacet
  facet normal 0.146827 0.989162 0
    outer loop
      vertex -0.429198 38.3423 5.76274
      vertex -0.215637 38.3106 2.4
      vertex -0.429198 38.3423 2.4
    endloop
  endfacet
  facet normal 0.242723 0.970096 -0
    outer loop
      vertex -0.429198 38.3423 2.4
      vertex -0.638626 38.3947 5.76274
      vertex -0.429198 38.3423 5.76274
    endloop
  endfacet
  facet normal 0.242723 0.970096 0
    outer loop
      vertex -0.638626 38.3947 5.76274
      vertex -0.429198 38.3423 2.4
      vertex -0.638626 38.3947 2.4
    endloop
  endfacet
  facet normal -0.857738 -0.514087 0
    outer loop
      vertex 1.94023 41.5371 2.4
      vertex 1.82923 41.7223 5.76274
      vertex 1.82923 41.7223 2.4
    endloop
  endfacet
  facet normal -0.857738 -0.514087 0
    outer loop
      vertex 1.82923 41.7223 5.76274
      vertex 1.94023 41.5371 2.4
      vertex 1.94023 41.5371 5.76274
    endloop
  endfacet
  facet normal 0.970022 0.243015 0
    outer loop
      vertex -2.10527 39.8614 5.76274
      vertex -2.15773 40.0708 2.4
      vertex -2.15773 40.0708 5.76274
    endloop
  endfacet
  facet normal 0.970022 0.243015 0
    outer loop
      vertex -2.15773 40.0708 2.4
      vertex -2.10527 39.8614 5.76274
      vertex -2.10527 39.8614 2.4
    endloop
  endfacet
  facet normal 0.514128 0.857714 -0
    outer loop
      vertex -1.03707 38.5598 2.4
      vertex -1.22225 38.6708 5.76274
      vertex -1.03707 38.5598 5.76274
    endloop
  endfacet
  facet normal 0.514128 0.857714 0
    outer loop
      vertex -1.22225 38.6708 5.76274
      vertex -1.03707 38.5598 2.4
      vertex -1.22225 38.6708 2.4
    endloop
  endfacet
  facet normal 0.0490974 -0.998794 0
    outer loop
      vertex -0.215637 42.6894 2.4
      vertex 0 42.7 5.76274
      vertex -0.215637 42.6894 5.76274
    endloop
  endfacet
  facet normal 0.0490974 -0.998794 0
    outer loop
      vertex 0 42.7 5.76274
      vertex -0.215637 42.6894 2.4
      vertex 0 42.7 2.4
    endloop
  endfacet
  facet normal -0.98918 -0.14671 0
    outer loop
      vertex 2.18941 40.7156 2.4
      vertex 2.15773 40.9292 5.76274
      vertex 2.15773 40.9292 2.4
    endloop
  endfacet
  facet normal -0.98918 -0.14671 0
    outer loop
      vertex 2.15773 40.9292 5.76274
      vertex 2.18941 40.7156 2.4
      vertex 2.18941 40.7156 5.76274
    endloop
  endfacet
  facet normal -0.337162 -0.941447 0
    outer loop
      vertex 0.638626 42.6053 2.4
      vertex 0.841903 42.5325 5.76274
      vertex 0.638626 42.6053 5.76274
    endloop
  endfacet
  facet normal -0.337162 -0.941447 -0
    outer loop
      vertex 0.841903 42.5325 5.76274
      vertex 0.638626 42.6053 2.4
      vertex 0.841903 42.5325 2.4
    endloop
  endfacet
  facet normal -0.514128 -0.857714 0
    outer loop
      vertex 1.03707 42.4402 2.4
      vertex 1.22225 42.3292 5.76274
      vertex 1.03707 42.4402 5.76274
    endloop
  endfacet
  facet normal -0.514128 -0.857714 -0
    outer loop
      vertex 1.22225 42.3292 5.76274
      vertex 1.03707 42.4402 2.4
      vertex 1.22225 42.3292 2.4
    endloop
  endfacet
  facet normal -0.90403 0.427469 0
    outer loop
      vertex 1.94023 39.4629 2.4
      vertex 2.03253 39.6581 5.76274
      vertex 2.03253 39.6581 2.4
    endloop
  endfacet
  facet normal -0.90403 0.427469 0
    outer loop
      vertex 2.03253 39.6581 5.76274
      vertex 1.94023 39.4629 2.4
      vertex 1.94023 39.4629 5.76274
    endloop
  endfacet
  facet normal 0.146827 -0.989162 0
    outer loop
      vertex -0.429198 42.6577 2.4
      vertex -0.215637 42.6894 5.76274
      vertex -0.429198 42.6577 5.76274
    endloop
  endfacet
  facet normal 0.146827 -0.989162 0
    outer loop
      vertex -0.215637 42.6894 5.76274
      vertex -0.429198 42.6577 2.4
      vertex -0.215637 42.6894 2.4
    endloop
  endfacet
  facet normal 0.337162 0.941447 -0
    outer loop
      vertex -0.638626 38.3947 2.4
      vertex -0.841903 38.4675 5.76274
      vertex -0.638626 38.3947 5.76274
    endloop
  endfacet
  facet normal 0.337162 0.941447 0
    outer loop
      vertex -0.841903 38.4675 5.76274
      vertex -0.638626 38.3947 2.4
      vertex -0.841903 38.4675 2.4
    endloop
  endfacet
  facet normal -0.671612 -0.740903 0
    outer loop
      vertex 1.39567 42.2006 2.4
      vertex 1.55563 42.0556 5.76274
      vertex 1.39567 42.2006 5.76274
    endloop
  endfacet
  facet normal -0.671612 -0.740903 -0
    outer loop
      vertex 1.55563 42.0556 5.76274
      vertex 1.39567 42.2006 2.4
      vertex 1.55563 42.0556 2.4
    endloop
  endfacet
  facet normal -0.0490974 -0.998794 0
    outer loop
      vertex 0 42.7 2.4
      vertex 0.215637 42.6894 5.76274
      vertex 0 42.7 5.76274
    endloop
  endfacet
  facet normal -0.0490974 -0.998794 -0
    outer loop
      vertex 0.215637 42.6894 5.76274
      vertex 0 42.7 2.4
      vertex 0.215637 42.6894 2.4
    endloop
  endfacet
  facet normal -0.740801 0.671724 0
    outer loop
      vertex 1.55563 38.9444 2.4
      vertex 1.70062 39.1043 5.76274
      vertex 1.70062 39.1043 2.4
    endloop
  endfacet
  facet normal -0.740801 0.671724 0
    outer loop
      vertex 1.70062 39.1043 5.76274
      vertex 1.55563 38.9444 2.4
      vertex 1.55563 38.9444 5.76274
    endloop
  endfacet
  facet normal -0.970022 0.243015 0
    outer loop
      vertex 2.10527 39.8614 2.4
      vertex 2.15773 40.0708 5.76274
      vertex 2.15773 40.0708 2.4
    endloop
  endfacet
  facet normal -0.970022 0.243015 0
    outer loop
      vertex 2.15773 40.0708 5.76274
      vertex 2.10527 39.8614 2.4
      vertex 2.10527 39.8614 5.76274
    endloop
  endfacet
  facet normal -0.941547 0.336882 0
    outer loop
      vertex 2.03253 39.6581 2.4
      vertex 2.10527 39.8614 5.76274
      vertex 2.10527 39.8614 2.4
    endloop
  endfacet
  facet normal -0.941547 0.336882 0
    outer loop
      vertex 2.10527 39.8614 5.76274
      vertex 2.03253 39.6581 2.4
      vertex 2.03253 39.6581 5.76274
    endloop
  endfacet
  facet normal -0.146827 0.989162 0
    outer loop
      vertex 0.429198 38.3423 2.4
      vertex 0.215637 38.3106 5.76274
      vertex 0.429198 38.3423 5.76274
    endloop
  endfacet
  facet normal -0.146827 0.989162 0
    outer loop
      vertex 0.215637 38.3106 5.76274
      vertex 0.429198 38.3423 2.4
      vertex 0.215637 38.3106 2.4
    endloop
  endfacet
  facet normal -0.595648 -0.803245 0
    outer loop
      vertex 1.22225 42.3292 2.4
      vertex 1.39567 42.2006 5.76274
      vertex 1.22225 42.3292 5.76274
    endloop
  endfacet
  facet normal -0.595648 -0.803245 -0
    outer loop
      vertex 1.39567 42.2006 5.76274
      vertex 1.22225 42.3292 2.4
      vertex 1.39567 42.2006 2.4
    endloop
  endfacet
  facet normal 0.740801 -0.671724 0
    outer loop
      vertex -1.70062 41.8957 5.76274
      vertex -1.55563 42.0556 2.4
      vertex -1.55563 42.0556 5.76274
    endloop
  endfacet
  facet normal 0.740801 -0.671724 0
    outer loop
      vertex -1.55563 42.0556 2.4
      vertex -1.70062 41.8957 5.76274
      vertex -1.70062 41.8957 2.4
    endloop
  endfacet
  facet normal 0.857738 0.514087 0
    outer loop
      vertex -1.82923 39.2777 5.76274
      vertex -1.94023 39.4629 2.4
      vertex -1.94023 39.4629 5.76274
    endloop
  endfacet
  facet normal 0.857738 0.514087 0
    outer loop
      vertex -1.94023 39.4629 2.4
      vertex -1.82923 39.2777 5.76274
      vertex -1.82923 39.2777 2.4
    endloop
  endfacet
  facet normal 0.98918 0.14671 0
    outer loop
      vertex -2.15773 40.0708 5.76274
      vertex -2.18941 40.2844 2.4
      vertex -2.18941 40.2844 5.76274
    endloop
  endfacet
  facet normal 0.98918 0.14671 0
    outer loop
      vertex -2.18941 40.2844 2.4
      vertex -2.15773 40.0708 5.76274
      vertex -2.15773 40.0708 2.4
    endloop
  endfacet
  facet normal -0.80319 0.595723 0
    outer loop
      vertex 1.70062 39.1043 2.4
      vertex 1.82923 39.2777 5.76274
      vertex 1.82923 39.2777 2.4
    endloop
  endfacet
  facet normal -0.80319 0.595723 0
    outer loop
      vertex 1.82923 39.2777 5.76274
      vertex 1.70062 39.1043 2.4
      vertex 1.70062 39.1043 5.76274
    endloop
  endfacet
  facet normal 0.941547 -0.336882 0
    outer loop
      vertex -2.10527 41.1386 5.76274
      vertex -2.03253 41.3419 2.4
      vertex -2.03253 41.3419 5.76274
    endloop
  endfacet
  facet normal 0.941547 -0.336882 0
    outer loop
      vertex -2.03253 41.3419 2.4
      vertex -2.10527 41.1386 5.76274
      vertex -2.10527 41.1386 2.4
    endloop
  endfacet
  facet normal -0.90403 -0.427469 0
    outer loop
      vertex 2.03253 41.3419 2.4
      vertex 1.94023 41.5371 5.76274
      vertex 1.94023 41.5371 2.4
    endloop
  endfacet
  facet normal -0.90403 -0.427469 0
    outer loop
      vertex 1.94023 41.5371 5.76274
      vertex 2.03253 41.3419 2.4
      vertex 2.03253 41.3419 5.76274
    endloop
  endfacet
  facet normal -0.427528 -0.904002 0
    outer loop
      vertex 0.841903 42.5325 2.4
      vertex 1.03707 42.4402 5.76274
      vertex 0.841903 42.5325 5.76274
    endloop
  endfacet
  facet normal -0.427528 -0.904002 -0
    outer loop
      vertex 1.03707 42.4402 5.76274
      vertex 0.841903 42.5325 2.4
      vertex 1.03707 42.4402 2.4
    endloop
  endfacet
  facet normal 0.427528 0.904002 -0
    outer loop
      vertex -0.841903 38.4675 2.4
      vertex -1.03707 38.5598 5.76274
      vertex -0.841903 38.4675 5.76274
    endloop
  endfacet
  facet normal 0.427528 0.904002 0
    outer loop
      vertex -1.03707 38.5598 5.76274
      vertex -0.841903 38.4675 2.4
      vertex -1.03707 38.5598 2.4
    endloop
  endfacet
  facet normal -0.80319 -0.595723 0
    outer loop
      vertex 1.82923 41.7223 2.4
      vertex 1.70062 41.8957 5.76274
      vertex 1.70062 41.8957 2.4
    endloop
  endfacet
  facet normal -0.80319 -0.595723 0
    outer loop
      vertex 1.70062 41.8957 5.76274
      vertex 1.82923 41.7223 2.4
      vertex 1.82923 41.7223 5.76274
    endloop
  endfacet
  facet normal 0.0490974 0.998794 -0
    outer loop
      vertex 0 38.3 2.4
      vertex -0.215637 38.3106 5.76274
      vertex 0 38.3 5.76274
    endloop
  endfacet
  facet normal 0.0490974 0.998794 0
    outer loop
      vertex -0.215637 38.3106 5.76274
      vertex 0 38.3 2.4
      vertex -0.215637 38.3106 2.4
    endloop
  endfacet
  facet normal 0.595648 -0.803245 0
    outer loop
      vertex -1.39567 42.2006 2.4
      vertex -1.22225 42.3292 5.76274
      vertex -1.39567 42.2006 5.76274
    endloop
  endfacet
  facet normal 0.595648 -0.803245 0
    outer loop
      vertex -1.22225 42.3292 5.76274
      vertex -1.39567 42.2006 2.4
      vertex -1.22225 42.3292 2.4
    endloop
  endfacet
  facet normal 0.80319 0.595723 0
    outer loop
      vertex -1.70062 39.1043 5.76274
      vertex -1.82923 39.2777 2.4
      vertex -1.82923 39.2777 5.76274
    endloop
  endfacet
  facet normal 0.80319 0.595723 0
    outer loop
      vertex -1.82923 39.2777 2.4
      vertex -1.70062 39.1043 5.76274
      vertex -1.70062 39.1043 2.4
    endloop
  endfacet
  facet normal -0.242723 -0.970096 0
    outer loop
      vertex 0.429198 42.6577 2.4
      vertex 0.638626 42.6053 5.76274
      vertex 0.429198 42.6577 5.76274
    endloop
  endfacet
  facet normal -0.242723 -0.970096 -0
    outer loop
      vertex 0.638626 42.6053 5.76274
      vertex 0.429198 42.6577 2.4
      vertex 0.638626 42.6053 2.4
    endloop
  endfacet
  facet normal 0.337162 -0.941447 0
    outer loop
      vertex -0.841903 42.5325 2.4
      vertex -0.638626 42.6053 5.76274
      vertex -0.841903 42.5325 5.76274
    endloop
  endfacet
  facet normal 0.337162 -0.941447 0
    outer loop
      vertex -0.638626 42.6053 5.76274
      vertex -0.841903 42.5325 2.4
      vertex -0.638626 42.6053 2.4
    endloop
  endfacet
  facet normal -0.740801 -0.671724 0
    outer loop
      vertex 1.70062 41.8957 2.4
      vertex 1.55563 42.0556 5.76274
      vertex 1.55563 42.0556 2.4
    endloop
  endfacet
  facet normal -0.740801 -0.671724 0
    outer loop
      vertex 1.55563 42.0556 5.76274
      vertex 1.70062 41.8957 2.4
      vertex 1.70062 41.8957 5.76274
    endloop
  endfacet
  facet normal -0.970022 -0.243015 0
    outer loop
      vertex 2.15773 40.9292 2.4
      vertex 2.10527 41.1386 5.76274
      vertex 2.10527 41.1386 2.4
    endloop
  endfacet
  facet normal -0.970022 -0.243015 0
    outer loop
      vertex 2.10527 41.1386 5.76274
      vertex 2.15773 40.9292 2.4
      vertex 2.15773 40.9292 5.76274
    endloop
  endfacet
  facet normal 0.595648 0.803245 -0
    outer loop
      vertex -1.22225 38.6708 2.4
      vertex -1.39567 38.7994 5.76274
      vertex -1.22225 38.6708 5.76274
    endloop
  endfacet
  facet normal 0.595648 0.803245 0
    outer loop
      vertex -1.39567 38.7994 5.76274
      vertex -1.22225 38.6708 2.4
      vertex -1.39567 38.7994 2.4
    endloop
  endfacet
  facet normal -0.337162 0.941447 0
    outer loop
      vertex 0.841903 38.4675 2.4
      vertex 0.638626 38.3947 5.76274
      vertex 0.841903 38.4675 5.76274
    endloop
  endfacet
  facet normal -0.337162 0.941447 0
    outer loop
      vertex 0.638626 38.3947 5.76274
      vertex 0.841903 38.4675 2.4
      vertex 0.638626 38.3947 2.4
    endloop
  endfacet
  facet normal -0.427528 0.904002 0
    outer loop
      vertex 1.03707 38.5598 2.4
      vertex 0.841903 38.4675 5.76274
      vertex 1.03707 38.5598 5.76274
    endloop
  endfacet
  facet normal -0.427528 0.904002 0
    outer loop
      vertex 0.841903 38.4675 5.76274
      vertex 1.03707 38.5598 2.4
      vertex 0.841903 38.4675 2.4
    endloop
  endfacet
  facet normal -0.671612 0.740903 0
    outer loop
      vertex 1.55563 38.9444 2.4
      vertex 1.39567 38.7994 5.76274
      vertex 1.55563 38.9444 5.76274
    endloop
  endfacet
  facet normal -0.671612 0.740903 0
    outer loop
      vertex 1.39567 38.7994 5.76274
      vertex 1.55563 38.9444 2.4
      vertex 1.39567 38.7994 2.4
    endloop
  endfacet
  facet normal -0.595648 0.803245 0
    outer loop
      vertex 1.39567 38.7994 2.4
      vertex 1.22225 38.6708 5.76274
      vertex 1.39567 38.7994 5.76274
    endloop
  endfacet
  facet normal -0.595648 0.803245 0
    outer loop
      vertex 1.22225 38.6708 5.76274
      vertex 1.39567 38.7994 2.4
      vertex 1.22225 38.6708 2.4
    endloop
  endfacet
  facet normal -0.857738 0.514087 0
    outer loop
      vertex 1.82923 39.2777 2.4
      vertex 1.94023 39.4629 5.76274
      vertex 1.94023 39.4629 2.4
    endloop
  endfacet
  facet normal -0.857738 0.514087 0
    outer loop
      vertex 1.94023 39.4629 5.76274
      vertex 1.82923 39.2777 2.4
      vertex 1.82923 39.2777 5.76274
    endloop
  endfacet
  facet normal 0.242723 -0.970096 0
    outer loop
      vertex -0.638626 42.6053 2.4
      vertex -0.429198 42.6577 5.76274
      vertex -0.638626 42.6053 5.76274
    endloop
  endfacet
  facet normal 0.242723 -0.970096 0
    outer loop
      vertex -0.429198 42.6577 5.76274
      vertex -0.638626 42.6053 2.4
      vertex -0.429198 42.6577 2.4
    endloop
  endfacet
  facet normal 0.740801 0.671724 0
    outer loop
      vertex -1.55563 38.9444 5.76274
      vertex -1.70062 39.1043 2.4
      vertex -1.70062 39.1043 5.76274
    endloop
  endfacet
  facet normal 0.740801 0.671724 0
    outer loop
      vertex -1.70062 39.1043 2.4
      vertex -1.55563 38.9444 5.76274
      vertex -1.55563 38.9444 2.4
    endloop
  endfacet
  facet normal -0.242723 0.970096 0
    outer loop
      vertex 0.638626 38.3947 2.4
      vertex 0.429198 38.3423 5.76274
      vertex 0.638626 38.3947 5.76274
    endloop
  endfacet
  facet normal -0.242723 0.970096 0
    outer loop
      vertex 0.429198 38.3423 5.76274
      vertex 0.638626 38.3947 2.4
      vertex 0.429198 38.3423 2.4
    endloop
  endfacet
  facet normal 0.671612 0.740903 -0
    outer loop
      vertex -1.39567 38.7994 2.4
      vertex -1.55563 38.9444 5.76274
      vertex -1.39567 38.7994 5.76274
    endloop
  endfacet
  facet normal 0.671612 0.740903 0
    outer loop
      vertex -1.55563 38.9444 5.76274
      vertex -1.39567 38.7994 2.4
      vertex -1.55563 38.9444 2.4
    endloop
  endfacet
  facet normal -0.998796 0.0490596 0
    outer loop
      vertex 2.18941 40.2844 2.4
      vertex 2.2 40.5 5.76274
      vertex 2.2 40.5 2.4
    endloop
  endfacet
  facet normal -0.998796 0.0490596 0
    outer loop
      vertex 2.2 40.5 5.76274
      vertex 2.18941 40.2844 2.4
      vertex 2.18941 40.2844 5.76274
    endloop
  endfacet
  facet normal -0.98918 0.14671 0
    outer loop
      vertex 2.15773 40.0708 2.4
      vertex 2.18941 40.2844 5.76274
      vertex 2.18941 40.2844 2.4
    endloop
  endfacet
  facet normal -0.98918 0.14671 0
    outer loop
      vertex 2.18941 40.2844 5.76274
      vertex 2.15773 40.0708 2.4
      vertex 2.15773 40.0708 5.76274
    endloop
  endfacet
  facet normal -0.514128 0.857714 0
    outer loop
      vertex 1.22225 38.6708 2.4
      vertex 1.03707 38.5598 5.76274
      vertex 1.22225 38.6708 5.76274
    endloop
  endfacet
  facet normal -0.514128 0.857714 0
    outer loop
      vertex 1.03707 38.5598 5.76274
      vertex 1.22225 38.6708 2.4
      vertex 1.03707 38.5598 2.4
    endloop
  endfacet
  facet normal 0.768979 -0.0377713 -0.638157
    outer loop
      vertex -2.2 40.5 2.4
      vertex -4.19165 40.5009 1.12378e-05
      vertex -2.18941 40.7156 2.4
    endloop
  endfacet
  facet normal 0.769079 -0.0341813 -0.638239
    outer loop
      vertex -4.19165 40.5009 1.12378e-05
      vertex -2.2 40.5 2.4
      vertex -4.19169 40.5 1.12378e-05
    endloop
  endfacet
  facet normal -0.395789 0.660386 -0.638155
    outer loop
      vertex 1.97595 36.8033 1.12378e-05
      vertex 1.03707 38.5598 2.4
      vertex 2.32801 37.0143 1.12378e-05
    endloop
  endfacet
  facet normal 0.618407 0.458619 -0.638155
    outer loop
      vertex -3.24022 37.8408 1.12378e-05
      vertex -3.48473 38.1705 1.12378e-05
      vertex -1.70062 39.1043 2.4
    endloop
  endfacet
  facet normal -0.570446 -0.517059 -0.638154
    outer loop
      vertex 1.70062 41.8957 2.4
      vertex 2.96458 43.4633 1.12378e-05
      vertex 3.24022 43.1592 1.12378e-05
    endloop
  endfacet
  facet normal 0.493756 0.592507 -0.636506
    outer loop
      vertex -2.3295 37.0153 1.12378e-05
      vertex -1.22225 38.6708 2.4
      vertex -2.32878 37.0147 1.12378e-05
    endloop
  endfacet
  facet normal 0.458592 0.618422 -0.638159
    outer loop
      vertex -1.22225 38.6708 2.4
      vertex -2.3295 37.0153 1.12378e-05
      vertex -1.39567 38.7994 2.4
    endloop
  endfacet
  facet normal 0.0855964 0.766703 -0.63627
    outer loop
      vertex -0.000895719 36.3084 1.12378e-05
      vertex 0 38.3 2.4
      vertex 0 36.3083 1.12378e-05
    endloop
  endfacet
  facet normal 0.0378008 0.768986 -0.638147
    outer loop
      vertex 0 38.3 2.4
      vertex -0.000895719 36.3084 1.12378e-05
      vertex -0.215637 38.3106 2.4
    endloop
  endfacet
  facet normal 0.69597 -0.329226 -0.638151
    outer loop
      vertex -3.87224 42.1049 1.12378e-05
      vertex -3.69674 42.4759 1.12378e-05
      vertex -1.94023 41.5371 2.4
    endloop
  endfacet
  facet normal 0.187017 0.746853 -0.63815
    outer loop
      vertex -0.818628 36.3891 1.12378e-05
      vertex -1.21678 36.4888 1.12378e-05
      vertex -0.638626 38.3947 2.4
    endloop
  endfacet
  facet normal -0.516988 0.570507 -0.638158
    outer loop
      vertex 2.65918 37.2598 1.12378e-05
      vertex 1.39567 38.7994 2.4
      vertex 2.96331 37.5354 1.12378e-05
    endloop
  endfacet
  facet normal 0.458592 -0.618422 -0.638159
    outer loop
      vertex -2.3295 43.9847 1.12378e-05
      vertex -1.22225 42.3292 2.4
      vertex -1.39567 42.2006 2.4
    endloop
  endfacet
  facet normal 0.493756 -0.592507 -0.636506
    outer loop
      vertex -1.22225 42.3292 2.4
      vertex -2.3295 43.9847 1.12378e-05
      vertex -2.32878 43.9853 1.12378e-05
    endloop
  endfacet
  facet normal 0.660401 0.395772 -0.63815
    outer loop
      vertex -3.48573 38.172 1.12378e-05
      vertex -3.69674 38.5241 1.12378e-05
      vertex -1.94023 39.4629 2.4
    endloop
  endfacet
  facet normal 0.730786 -0.243595 -0.637662
    outer loop
      vertex -2.03253 41.3419 2.4
      vertex -3.87292 42.1032 1.12378e-05
      vertex -3.87262 42.1041 1.12378e-05
    endloop
  endfacet
  facet normal 0.724905 -0.259368 -0.638155
    outer loop
      vertex -3.87292 42.1032 1.12378e-05
      vertex -2.03253 41.3419 2.4
      vertex -2.10527 41.1386 2.4
    endloop
  endfacet
  facet normal 0.11292 0.76158 -0.638158
    outer loop
      vertex -0.410857 36.3285 1.12378e-05
      vertex -0.816871 36.3887 1.12378e-05
      vertex -0.215637 38.3106 2.4
    endloop
  endfacet
  facet normal -0.259581 -0.724819 -0.638165
    outer loop
      vertex 1.60325 44.3729 1.12378e-05
      vertex 0.841903 42.5325 2.4
      vertex 0.638626 42.6053 2.4
    endloop
  endfacet
  facet normal -0.25895 -0.725059 -0.638149
    outer loop
      vertex 0.841903 42.5325 2.4
      vertex 1.60325 44.3729 1.12378e-05
      vertex 1.60409 44.3726 1.12378e-05
    endloop
  endfacet
  facet normal 0.0377026 -0.768984 -0.638155
    outer loop
      vertex -0.215637 42.6894 2.4
      vertex -0.410857 44.6715 1.12378e-05
      vertex -0.000895719 44.6916 1.12378e-05
    endloop
  endfacet
  facet normal -0.768979 -0.0377737 -0.638157
    outer loop
      vertex 2.18941 40.7156 2.4
      vertex 4.17151 40.9109 1.12378e-05
      vertex 4.19165 40.5009 1.12378e-05
    endloop
  endfacet
  facet normal 0.696016 0.32911 -0.638161
    outer loop
      vertex -1.94023 39.4629 2.4
      vertex -3.87262 38.8959 1.12378e-05
      vertex -2.03253 39.6581 2.4
    endloop
  endfacet
  facet normal 0.695515 0.33037 -0.638055
    outer loop
      vertex -3.87262 38.8959 1.12378e-05
      vertex -1.94023 39.4629 2.4
      vertex -3.87224 38.8951 1.12378e-05
    endloop
  endfacet
  facet normal -0.746838 0.187047 -0.638158
    outer loop
      vertex 4.0112 39.2832 1.12378e-05
      vertex 2.10527 39.8614 2.4
      vertex 4.11093 39.6814 1.12378e-05
    endloop
  endfacet
  facet normal 0.516988 0.570507 -0.638158
    outer loop
      vertex -2.65918 37.2598 1.12378e-05
      vertex -2.96331 37.5354 1.12378e-05
      vertex -1.39567 38.7994 2.4
    endloop
  endfacet
  facet normal -0.769079 0.0341813 -0.638239
    outer loop
      vertex 4.19165 40.4991 1.12378e-05
      vertex 2.2 40.5 2.4
      vertex 4.19169 40.5 1.12378e-05
    endloop
  endfacet
  facet normal -0.768979 0.0377713 -0.638157
    outer loop
      vertex 2.2 40.5 2.4
      vertex 4.19165 40.4991 1.12378e-05
      vertex 2.18941 40.2844 2.4
    endloop
  endfacet
  facet normal -0.660401 -0.395772 -0.63815
    outer loop
      vertex 1.94023 41.5371 2.4
      vertex 3.48573 42.828 1.12378e-05
      vertex 3.69674 42.4759 1.12378e-05
    endloop
  endfacet
  facet normal -0.187017 0.746853 -0.63815
    outer loop
      vertex 0.818628 36.3891 1.12378e-05
      vertex 0.638626 38.3947 2.4
      vertex 1.21678 36.4888 1.12378e-05
    endloop
  endfacet
  facet normal 0.768979 0.0377737 -0.638157
    outer loop
      vertex -4.17151 40.0891 1.12378e-05
      vertex -4.19165 40.4991 1.12378e-05
      vertex -2.18941 40.2844 2.4
    endloop
  endfacet
  facet normal -0.259407 -0.724895 -0.63815
    outer loop
      vertex 0.638626 42.6053 2.4
      vertex 1.21678 44.5112 1.12378e-05
      vertex 1.60325 44.3729 1.12378e-05
    endloop
  endfacet
  facet normal -0.769079 -0.0341813 -0.638239
    outer loop
      vertex 2.2 40.5 2.4
      vertex 4.19165 40.5009 1.12378e-05
      vertex 4.19169 40.5 1.12378e-05
    endloop
  endfacet
  facet normal -0.768979 -0.0377713 -0.638157
    outer loop
      vertex 4.19165 40.5009 1.12378e-05
      vertex 2.2 40.5 2.4
      vertex 2.18941 40.7156 2.4
    endloop
  endfacet
  facet normal 0.329188 -0.695984 -0.638155
    outer loop
      vertex -1.97595 44.1967 1.12378e-05
      vertex -1.6049 44.3722 1.12378e-05
      vertex -1.03707 42.4402 2.4
    endloop
  endfacet
  facet normal 0.76157 -0.112979 -0.638159
    outer loop
      vertex -4.17151 40.9109 1.12378e-05
      vertex -4.11128 41.3169 1.12378e-05
      vertex -2.18941 40.7156 2.4
    endloop
  endfacet
  facet normal 0.570342 -0.51716 -0.638165
    outer loop
      vertex -2.96458 43.4633 1.12378e-05
      vertex -1.55563 42.0556 2.4
      vertex -1.70062 41.8957 2.4
    endloop
  endfacet
  facet normal 0.580706 -0.506044 -0.63773
    outer loop
      vertex -1.55563 42.0556 2.4
      vertex -2.96458 43.4633 1.12378e-05
      vertex -2.96397 43.464 1.12378e-05
    endloop
  endfacet
  facet normal 0.570446 0.517059 -0.638154
    outer loop
      vertex -2.96458 37.5367 1.12378e-05
      vertex -3.24022 37.8408 1.12378e-05
      vertex -1.70062 39.1043 2.4
    endloop
  endfacet
  facet normal -0.329188 -0.695984 -0.638155
    outer loop
      vertex 1.03707 42.4402 2.4
      vertex 1.6049 44.3722 1.12378e-05
      vertex 1.97595 44.1967 1.12378e-05
    endloop
  endfacet
  facet normal 0.329155 0.695994 -0.63816
    outer loop
      vertex -1.60409 36.6274 1.12378e-05
      vertex -1.03707 38.5598 2.4
      vertex -0.841903 38.4675 2.4
    endloop
  endfacet
  facet normal 0.341289 0.69111 -0.637094
    outer loop
      vertex -1.03707 38.5598 2.4
      vertex -1.60409 36.6274 1.12378e-05
      vertex -1.6049 36.6278 1.12378e-05
    endloop
  endfacet
  facet normal -0.0377026 -0.768984 -0.638155
    outer loop
      vertex 0.215637 42.6894 2.4
      vertex 0.000895719 44.6916 1.12378e-05
      vertex 0.410857 44.6715 1.12378e-05
    endloop
  endfacet
  facet normal 0.11292 -0.76158 -0.638158
    outer loop
      vertex -0.816871 44.6113 1.12378e-05
      vertex -0.410857 44.6715 1.12378e-05
      vertex -0.215637 42.6894 2.4
    endloop
  endfacet
  facet normal -0.25895 0.725059 -0.638149
    outer loop
      vertex 1.60325 36.6271 1.12378e-05
      vertex 0.841903 38.4675 2.4
      vertex 1.60409 36.6274 1.12378e-05
    endloop
  endfacet
  facet normal -0.259581 0.724819 -0.638165
    outer loop
      vertex 0.841903 38.4675 2.4
      vertex 1.60325 36.6271 1.12378e-05
      vertex 0.638626 38.3947 2.4
    endloop
  endfacet
  facet normal 0.580706 0.506044 -0.63773
    outer loop
      vertex -2.96458 37.5367 1.12378e-05
      vertex -1.55563 38.9444 2.4
      vertex -2.96397 37.536 1.12378e-05
    endloop
  endfacet
  facet normal 0.570342 0.51716 -0.638165
    outer loop
      vertex -1.55563 38.9444 2.4
      vertex -2.96458 37.5367 1.12378e-05
      vertex -1.70062 39.1043 2.4
    endloop
  endfacet
  facet normal 0.570446 -0.517059 -0.638154
    outer loop
      vertex -3.24022 43.1592 1.12378e-05
      vertex -2.96458 43.4633 1.12378e-05
      vertex -1.70062 41.8957 2.4
    endloop
  endfacet
  facet normal 0.329188 0.695984 -0.638155
    outer loop
      vertex -1.6049 36.6278 1.12378e-05
      vertex -1.97595 36.8033 1.12378e-05
      vertex -1.03707 38.5598 2.4
    endloop
  endfacet
  facet normal -0.695515 -0.33037 -0.638055
    outer loop
      vertex 3.87262 42.1041 1.12378e-05
      vertex 1.94023 41.5371 2.4
      vertex 3.87224 42.1049 1.12378e-05
    endloop
  endfacet
  facet normal -0.696016 -0.32911 -0.638161
    outer loop
      vertex 1.94023 41.5371 2.4
      vertex 3.87262 42.1041 1.12378e-05
      vertex 2.03253 41.3419 2.4
    endloop
  endfacet
  facet normal 0.663951 -0.390071 -0.637976
    outer loop
      vertex -1.82923 41.7223 2.4
      vertex -3.48573 42.828 1.12378e-05
      vertex -3.48526 42.8288 1.12378e-05
    endloop
  endfacet
  facet normal 0.660381 -0.395801 -0.638152
    outer loop
      vertex -3.48573 42.828 1.12378e-05
      vertex -1.82923 41.7223 2.4
      vertex -1.94023 41.5371 2.4
    endloop
  endfacet
  facet normal -0.730786 -0.243595 -0.637662
    outer loop
      vertex 3.87292 42.1032 1.12378e-05
      vertex 2.03253 41.3419 2.4
      vertex 3.87262 42.1041 1.12378e-05
    endloop
  endfacet
  facet normal -0.724905 -0.259368 -0.638155
    outer loop
      vertex 2.03253 41.3419 2.4
      vertex 3.87292 42.1032 1.12378e-05
      vertex 2.10527 41.1386 2.4
    endloop
  endfacet
  facet normal -0.517875 -0.569662 -0.638193
    outer loop
      vertex 1.55563 42.0556 2.4
      vertex 2.96331 43.4646 1.12378e-05
      vertex 2.96397 43.464 1.12378e-05
    endloop
  endfacet
  facet normal -0.517072 -0.57042 -0.638167
    outer loop
      vertex 2.96331 43.4646 1.12378e-05
      vertex 1.55563 42.0556 2.4
      vertex 1.39567 42.2006 2.4
    endloop
  endfacet
  facet normal 0.25895 -0.725059 -0.638149
    outer loop
      vertex -1.60325 44.3729 1.12378e-05
      vertex -0.841903 42.5325 2.4
      vertex -1.60409 44.3726 1.12378e-05
    endloop
  endfacet
  facet normal 0.259581 -0.724819 -0.638165
    outer loop
      vertex -0.841903 42.5325 2.4
      vertex -1.60325 44.3729 1.12378e-05
      vertex -0.638626 42.6053 2.4
    endloop
  endfacet
  facet normal 0.660381 0.395801 -0.638152
    outer loop
      vertex -1.82923 39.2777 2.4
      vertex -3.48573 38.172 1.12378e-05
      vertex -1.94023 39.4629 2.4
    endloop
  endfacet
  facet normal 0.663951 0.390071 -0.637976
    outer loop
      vertex -3.48573 38.172 1.12378e-05
      vertex -1.82923 39.2777 2.4
      vertex -3.48526 38.1712 1.12378e-05
    endloop
  endfacet
  facet normal 0.618407 -0.458619 -0.638155
    outer loop
      vertex -3.48473 42.8295 1.12378e-05
      vertex -3.24022 43.1592 1.12378e-05
      vertex -1.70062 41.8957 2.4
    endloop
  endfacet
  facet normal 0.769079 0.0341813 -0.638239
    outer loop
      vertex -2.2 40.5 2.4
      vertex -4.19165 40.4991 1.12378e-05
      vertex -4.19169 40.5 1.12378e-05
    endloop
  endfacet
  facet normal 0.768979 0.0377713 -0.638157
    outer loop
      vertex -4.19165 40.4991 1.12378e-05
      vertex -2.2 40.5 2.4
      vertex -2.18941 40.2844 2.4
    endloop
  endfacet
  facet normal -0.663951 -0.390071 -0.637976
    outer loop
      vertex 3.48573 42.828 1.12378e-05
      vertex 1.82923 41.7223 2.4
      vertex 3.48526 42.8288 1.12378e-05
    endloop
  endfacet
  facet normal -0.660381 -0.395801 -0.638152
    outer loop
      vertex 1.82923 41.7223 2.4
      vertex 3.48573 42.828 1.12378e-05
      vertex 1.94023 41.5371 2.4
    endloop
  endfacet
  facet normal 0.259407 0.724895 -0.63815
    outer loop
      vertex -1.21678 36.4888 1.12378e-05
      vertex -1.60325 36.6271 1.12378e-05
      vertex -0.638626 38.3947 2.4
    endloop
  endfacet
  facet normal 0.724885 0.259413 -0.638158
    outer loop
      vertex -3.87292 38.8968 1.12378e-05
      vertex -4.0112 39.2832 1.12378e-05
      vertex -2.10527 39.8614 2.4
    endloop
  endfacet
  facet normal 0.768979 -0.0377737 -0.638157
    outer loop
      vertex -4.19165 40.5009 1.12378e-05
      vertex -4.17151 40.9109 1.12378e-05
      vertex -2.18941 40.7156 2.4
    endloop
  endfacet
  facet normal 0.76157 0.112979 -0.638159
    outer loop
      vertex -4.11128 39.6831 1.12378e-05
      vertex -4.17151 40.0891 1.12378e-05
      vertex -2.18941 40.2844 2.4
    endloop
  endfacet
  facet normal 0.259581 0.724819 -0.638165
    outer loop
      vertex -1.60325 36.6271 1.12378e-05
      vertex -0.841903 38.4675 2.4
      vertex -0.638626 38.3947 2.4
    endloop
  endfacet
  facet normal 0.25895 0.725059 -0.638149
    outer loop
      vertex -0.841903 38.4675 2.4
      vertex -1.60325 36.6271 1.12378e-05
      vertex -1.60409 36.6274 1.12378e-05
    endloop
  endfacet
  facet normal 0.660401 -0.395772 -0.63815
    outer loop
      vertex -3.69674 42.4759 1.12378e-05
      vertex -3.48573 42.828 1.12378e-05
      vertex -1.94023 41.5371 2.4
    endloop
  endfacet
  facet normal 0.172291 -0.749467 -0.63923
    outer loop
      vertex -0.817758 44.6111 1.12378e-05
      vertex -0.638626 42.6053 2.4
      vertex -0.818628 44.6109 1.12378e-05
    endloop
  endfacet
  facet normal 0.186874 -0.746882 -0.638158
    outer loop
      vertex -0.638626 42.6053 2.4
      vertex -0.817758 44.6111 1.12378e-05
      vertex -0.429198 42.6577 2.4
    endloop
  endfacet
  facet normal 0.341289 -0.69111 -0.637094
    outer loop
      vertex -1.60409 44.3726 1.12378e-05
      vertex -1.03707 42.4402 2.4
      vertex -1.6049 44.3722 1.12378e-05
    endloop
  endfacet
  facet normal 0.329155 -0.695994 -0.63816
    outer loop
      vertex -1.03707 42.4402 2.4
      vertex -1.60409 44.3726 1.12378e-05
      vertex -0.841903 42.5325 2.4
    endloop
  endfacet
  facet normal 0.0377026 0.768984 -0.638155
    outer loop
      vertex -0.410857 36.3285 1.12378e-05
      vertex -0.215637 38.3106 2.4
      vertex -0.000895719 36.3084 1.12378e-05
    endloop
  endfacet
  facet normal 0.458624 -0.618402 -0.638156
    outer loop
      vertex -2.65918 43.7402 1.12378e-05
      vertex -2.3295 43.9847 1.12378e-05
      vertex -1.39567 42.2006 2.4
    endloop
  endfacet
  facet normal 0.395789 -0.660386 -0.638155
    outer loop
      vertex -2.32801 43.9857 1.12378e-05
      vertex -1.97595 44.1967 1.12378e-05
      vertex -1.03707 42.4402 2.4
    endloop
  endfacet
  facet normal -0.76157 0.112979 -0.638159
    outer loop
      vertex 4.11128 39.6831 1.12378e-05
      vertex 2.18941 40.2844 2.4
      vertex 4.17151 40.0891 1.12378e-05
    endloop
  endfacet
  facet normal 0.746838 0.187047 -0.638158
    outer loop
      vertex -4.0112 39.2832 1.12378e-05
      vertex -4.11093 39.6814 1.12378e-05
      vertex -2.10527 39.8614 2.4
    endloop
  endfacet
  facet normal -0.724885 0.259413 -0.638158
    outer loop
      vertex 3.87292 38.8968 1.12378e-05
      vertex 2.10527 39.8614 2.4
      vertex 4.0112 39.2832 1.12378e-05
    endloop
  endfacet
  facet normal -0.570342 -0.51716 -0.638165
    outer loop
      vertex 1.55563 42.0556 2.4
      vertex 2.96458 43.4633 1.12378e-05
      vertex 1.70062 41.8957 2.4
    endloop
  endfacet
  facet normal -0.580706 -0.506044 -0.63773
    outer loop
      vertex 2.96458 43.4633 1.12378e-05
      vertex 1.55563 42.0556 2.4
      vertex 2.96397 43.464 1.12378e-05
    endloop
  endfacet
  facet normal 0.458624 0.618402 -0.638156
    outer loop
      vertex -2.3295 37.0153 1.12378e-05
      vertex -2.65918 37.2598 1.12378e-05
      vertex -1.39567 38.7994 2.4
    endloop
  endfacet
  facet normal -0.259407 0.724895 -0.63815
    outer loop
      vertex 1.21678 36.4888 1.12378e-05
      vertex 0.638626 38.3947 2.4
      vertex 1.60325 36.6271 1.12378e-05
    endloop
  endfacet
  facet normal 0.259407 -0.724895 -0.63815
    outer loop
      vertex -1.60325 44.3729 1.12378e-05
      vertex -1.21678 44.5112 1.12378e-05
      vertex -0.638626 42.6053 2.4
    endloop
  endfacet
  facet normal -0.660381 0.395801 -0.638152
    outer loop
      vertex 3.48573 38.172 1.12378e-05
      vertex 1.82923 39.2777 2.4
      vertex 1.94023 39.4629 2.4
    endloop
  endfacet
  facet normal -0.663951 0.390071 -0.637976
    outer loop
      vertex 1.82923 39.2777 2.4
      vertex 3.48573 38.172 1.12378e-05
      vertex 3.48526 38.1712 1.12378e-05
    endloop
  endfacet
  facet normal 0.517072 0.57042 -0.638167
    outer loop
      vertex -2.96331 37.5354 1.12378e-05
      vertex -1.55563 38.9444 2.4
      vertex -1.39567 38.7994 2.4
    endloop
  endfacet
  facet normal 0.517875 0.569662 -0.638193
    outer loop
      vertex -1.55563 38.9444 2.4
      vertex -2.96331 37.5354 1.12378e-05
      vertex -2.96397 37.536 1.12378e-05
    endloop
  endfacet
  facet normal -0.395789 -0.660386 -0.638155
    outer loop
      vertex 1.03707 42.4402 2.4
      vertex 1.97595 44.1967 1.12378e-05
      vertex 2.32801 43.9857 1.12378e-05
    endloop
  endfacet
  facet normal 0.395789 0.660386 -0.638155
    outer loop
      vertex -1.97595 36.8033 1.12378e-05
      vertex -2.32801 37.0143 1.12378e-05
      vertex -1.03707 38.5598 2.4
    endloop
  endfacet
  facet normal -0.493756 0.592507 -0.636506
    outer loop
      vertex 1.22225 38.6708 2.4
      vertex 2.3295 37.0153 1.12378e-05
      vertex 2.32878 37.0147 1.12378e-05
    endloop
  endfacet
  facet normal -0.458592 0.618422 -0.638159
    outer loop
      vertex 2.3295 37.0153 1.12378e-05
      vertex 1.22225 38.6708 2.4
      vertex 1.39567 38.7994 2.4
    endloop
  endfacet
  facet normal -0.61395 0.464848 -0.637951
    outer loop
      vertex 3.48473 38.1705 1.12378e-05
      vertex 1.82923 39.2777 2.4
      vertex 3.48526 38.1712 1.12378e-05
    endloop
  endfacet
  facet normal -0.618385 0.458653 -0.638152
    outer loop
      vertex 1.82923 39.2777 2.4
      vertex 3.48473 38.1705 1.12378e-05
      vertex 1.70062 39.1043 2.4
    endloop
  endfacet
  facet normal 0.618385 -0.458653 -0.638152
    outer loop
      vertex -1.82923 41.7223 2.4
      vertex -3.48473 42.8295 1.12378e-05
      vertex -1.70062 41.8957 2.4
    endloop
  endfacet
  facet normal 0.61395 -0.464848 -0.637951
    outer loop
      vertex -3.48473 42.8295 1.12378e-05
      vertex -1.82923 41.7223 2.4
      vertex -3.48526 42.8288 1.12378e-05
    endloop
  endfacet
  facet normal -0.458624 -0.618402 -0.638156
    outer loop
      vertex 1.39567 42.2006 2.4
      vertex 2.3295 43.9847 1.12378e-05
      vertex 2.65918 43.7402 1.12378e-05
    endloop
  endfacet
  facet normal 0.761576 0.112953 -0.638157
    outer loop
      vertex -2.15773 40.0708 2.4
      vertex -4.11128 39.6831 1.12378e-05
      vertex -2.18941 40.2844 2.4
    endloop
  endfacet
  facet normal 0.762058 0.110075 -0.638084
    outer loop
      vertex -4.11128 39.6831 1.12378e-05
      vertex -2.15773 40.0708 2.4
      vertex -4.11115 39.6822 1.12378e-05
    endloop
  endfacet
  facet normal 0.618385 0.458653 -0.638152
    outer loop
      vertex -3.48473 38.1705 1.12378e-05
      vertex -1.82923 39.2777 2.4
      vertex -1.70062 39.1043 2.4
    endloop
  endfacet
  facet normal 0.61395 0.464848 -0.637951
    outer loop
      vertex -1.82923 39.2777 2.4
      vertex -3.48473 38.1705 1.12378e-05
      vertex -3.48526 38.1712 1.12378e-05
    endloop
  endfacet
  facet normal -0.618407 0.458619 -0.638155
    outer loop
      vertex 3.24022 37.8408 1.12378e-05
      vertex 1.70062 39.1043 2.4
      vertex 3.48473 38.1705 1.12378e-05
    endloop
  endfacet
  facet normal 0.695515 -0.33037 -0.638055
    outer loop
      vertex -1.94023 41.5371 2.4
      vertex -3.87262 42.1041 1.12378e-05
      vertex -3.87224 42.1049 1.12378e-05
    endloop
  endfacet
  facet normal 0.696016 -0.32911 -0.638161
    outer loop
      vertex -3.87262 42.1041 1.12378e-05
      vertex -1.94023 41.5371 2.4
      vertex -2.03253 41.3419 2.4
    endloop
  endfacet
  facet normal 0.69597 0.329226 -0.638151
    outer loop
      vertex -3.69674 38.5241 1.12378e-05
      vertex -3.87224 38.8951 1.12378e-05
      vertex -1.94023 39.4629 2.4
    endloop
  endfacet
  facet normal 0.517072 -0.57042 -0.638167
    outer loop
      vertex -1.55563 42.0556 2.4
      vertex -2.96331 43.4646 1.12378e-05
      vertex -1.39567 42.2006 2.4
    endloop
  endfacet
  facet normal 0.517875 -0.569662 -0.638193
    outer loop
      vertex -2.96331 43.4646 1.12378e-05
      vertex -1.55563 42.0556 2.4
      vertex -2.96397 43.464 1.12378e-05
    endloop
  endfacet
  facet normal -0.69597 -0.329226 -0.638151
    outer loop
      vertex 1.94023 41.5371 2.4
      vertex 3.69674 42.4759 1.12378e-05
      vertex 3.87224 42.1049 1.12378e-05
    endloop
  endfacet
  facet normal -0.724885 -0.259413 -0.638158
    outer loop
      vertex 2.10527 41.1386 2.4
      vertex 3.87292 42.1032 1.12378e-05
      vertex 4.0112 41.7168 1.12378e-05
    endloop
  endfacet
  facet normal -0.0378008 0.768986 -0.638147
    outer loop
      vertex 0.000895719 36.3084 1.12378e-05
      vertex 0 38.3 2.4
      vertex 0.215637 38.3106 2.4
    endloop
  endfacet
  facet normal -0.0855964 0.766703 -0.63627
    outer loop
      vertex 0 38.3 2.4
      vertex 0.000895719 36.3084 1.12378e-05
      vertex 0 36.3083 1.12378e-05
    endloop
  endfacet
  facet normal -0.618407 -0.458619 -0.638155
    outer loop
      vertex 1.70062 41.8957 2.4
      vertex 3.24022 43.1592 1.12378e-05
      vertex 3.48473 42.8295 1.12378e-05
    endloop
  endfacet
  facet normal 0.0378008 -0.768986 -0.638147
    outer loop
      vertex -0.000895719 44.6916 1.12378e-05
      vertex 0 42.7 2.4
      vertex -0.215637 42.6894 2.4
    endloop
  endfacet
  facet normal 0.0855964 -0.766703 -0.63627
    outer loop
      vertex 0 42.7 2.4
      vertex -0.000895719 44.6916 1.12378e-05
      vertex 0 44.6917 1.12378e-05
    endloop
  endfacet
  facet normal -0.329155 -0.695994 -0.63816
    outer loop
      vertex 1.60409 44.3726 1.12378e-05
      vertex 1.03707 42.4402 2.4
      vertex 0.841903 42.5325 2.4
    endloop
  endfacet
  facet normal -0.341289 -0.69111 -0.637094
    outer loop
      vertex 1.03707 42.4402 2.4
      vertex 1.60409 44.3726 1.12378e-05
      vertex 1.6049 44.3722 1.12378e-05
    endloop
  endfacet
  facet normal -0.458592 -0.618422 -0.638159
    outer loop
      vertex 1.22225 42.3292 2.4
      vertex 2.3295 43.9847 1.12378e-05
      vertex 1.39567 42.2006 2.4
    endloop
  endfacet
  facet normal -0.493756 -0.592507 -0.636506
    outer loop
      vertex 2.3295 43.9847 1.12378e-05
      vertex 1.22225 42.3292 2.4
      vertex 2.32878 43.9853 1.12378e-05
    endloop
  endfacet
  facet normal -0.746838 -0.187047 -0.638158
    outer loop
      vertex 2.10527 41.1386 2.4
      vertex 4.0112 41.7168 1.12378e-05
      vertex 4.11093 41.3186 1.12378e-05
    endloop
  endfacet
  facet normal 0.187017 -0.746853 -0.63815
    outer loop
      vertex -1.21678 44.5112 1.12378e-05
      vertex -0.818628 44.6109 1.12378e-05
      vertex -0.638626 42.6053 2.4
    endloop
  endfacet
  facet normal -0.187017 -0.746853 -0.63815
    outer loop
      vertex 0.638626 42.6053 2.4
      vertex 0.818628 44.6109 1.12378e-05
      vertex 1.21678 44.5112 1.12378e-05
    endloop
  endfacet
  facet normal -0.762058 -0.110075 -0.638084
    outer loop
      vertex 4.11128 41.3169 1.12378e-05
      vertex 2.15773 40.9292 2.4
      vertex 4.11115 41.3178 1.12378e-05
    endloop
  endfacet
  facet normal -0.761576 -0.112953 -0.638157
    outer loop
      vertex 2.15773 40.9292 2.4
      vertex 4.11128 41.3169 1.12378e-05
      vertex 2.18941 40.7156 2.4
    endloop
  endfacet
  facet normal -0.76157 -0.112979 -0.638159
    outer loop
      vertex 2.18941 40.7156 2.4
      vertex 4.11128 41.3169 1.12378e-05
      vertex 4.17151 40.9109 1.12378e-05
    endloop
  endfacet
  facet normal -0.458624 0.618402 -0.638156
    outer loop
      vertex 2.3295 37.0153 1.12378e-05
      vertex 1.39567 38.7994 2.4
      vertex 2.65918 37.2598 1.12378e-05
    endloop
  endfacet
  facet normal -0.61395 -0.464848 -0.637951
    outer loop
      vertex 1.82923 41.7223 2.4
      vertex 3.48473 42.8295 1.12378e-05
      vertex 3.48526 42.8288 1.12378e-05
    endloop
  endfacet
  facet normal -0.618385 -0.458653 -0.638152
    outer loop
      vertex 3.48473 42.8295 1.12378e-05
      vertex 1.82923 41.7223 2.4
      vertex 1.70062 41.8957 2.4
    endloop
  endfacet
  facet normal -0.570446 0.517059 -0.638154
    outer loop
      vertex 2.96458 37.5367 1.12378e-05
      vertex 1.70062 39.1043 2.4
      vertex 3.24022 37.8408 1.12378e-05
    endloop
  endfacet
  facet normal -0.516988 -0.570507 -0.638158
    outer loop
      vertex 1.39567 42.2006 2.4
      vertex 2.65918 43.7402 1.12378e-05
      vertex 2.96331 43.4646 1.12378e-05
    endloop
  endfacet
  facet normal -0.69597 0.329226 -0.638151
    outer loop
      vertex 3.69674 38.5241 1.12378e-05
      vertex 1.94023 39.4629 2.4
      vertex 3.87224 38.8951 1.12378e-05
    endloop
  endfacet
  facet normal -0.395829 -0.660358 -0.638159
    outer loop
      vertex 2.32801 43.9857 1.12378e-05
      vertex 1.22225 42.3292 2.4
      vertex 1.03707 42.4402 2.4
    endloop
  endfacet
  facet normal -0.355614 -0.684557 -0.636333
    outer loop
      vertex 1.22225 42.3292 2.4
      vertex 2.32801 43.9857 1.12378e-05
      vertex 2.32878 43.9853 1.12378e-05
    endloop
  endfacet
  facet normal 0.724885 -0.259413 -0.638158
    outer loop
      vertex -4.0112 41.7168 1.12378e-05
      vertex -3.87292 42.1032 1.12378e-05
      vertex -2.10527 41.1386 2.4
    endloop
  endfacet
  facet normal -0.696016 0.32911 -0.638161
    outer loop
      vertex 3.87262 38.8959 1.12378e-05
      vertex 1.94023 39.4629 2.4
      vertex 2.03253 39.6581 2.4
    endloop
  endfacet
  facet normal -0.695515 0.33037 -0.638055
    outer loop
      vertex 1.94023 39.4629 2.4
      vertex 3.87262 38.8959 1.12378e-05
      vertex 3.87224 38.8951 1.12378e-05
    endloop
  endfacet
  facet normal -0.0377026 0.768984 -0.638155
    outer loop
      vertex 0.000895719 36.3084 1.12378e-05
      vertex 0.215637 38.3106 2.4
      vertex 0.410857 36.3285 1.12378e-05
    endloop
  endfacet
  facet normal -0.761576 0.112953 -0.638157
    outer loop
      vertex 4.11128 39.6831 1.12378e-05
      vertex 2.15773 40.0708 2.4
      vertex 2.18941 40.2844 2.4
    endloop
  endfacet
  facet normal -0.762058 0.110075 -0.638084
    outer loop
      vertex 2.15773 40.0708 2.4
      vertex 4.11128 39.6831 1.12378e-05
      vertex 4.11115 39.6822 1.12378e-05
    endloop
  endfacet
  facet normal -0.172291 0.749467 -0.63923
    outer loop
      vertex 0.817758 36.3889 1.12378e-05
      vertex 0.638626 38.3947 2.4
      vertex 0.818628 36.3891 1.12378e-05
    endloop
  endfacet
  facet normal -0.186874 0.746882 -0.638158
    outer loop
      vertex 0.638626 38.3947 2.4
      vertex 0.817758 36.3889 1.12378e-05
      vertex 0.429198 38.3423 2.4
    endloop
  endfacet
  facet normal -0.11292 -0.76158 -0.638158
    outer loop
      vertex 0.215637 42.6894 2.4
      vertex 0.410857 44.6715 1.12378e-05
      vertex 0.816871 44.6113 1.12378e-05
    endloop
  endfacet
  facet normal -0.660401 0.395772 -0.63815
    outer loop
      vertex 3.48573 38.172 1.12378e-05
      vertex 1.94023 39.4629 2.4
      vertex 3.69674 38.5241 1.12378e-05
    endloop
  endfacet
  facet normal -0.517875 0.569662 -0.638193
    outer loop
      vertex 2.96331 37.5354 1.12378e-05
      vertex 1.55563 38.9444 2.4
      vertex 2.96397 37.536 1.12378e-05
    endloop
  endfacet
  facet normal -0.517072 0.57042 -0.638167
    outer loop
      vertex 1.55563 38.9444 2.4
      vertex 2.96331 37.5354 1.12378e-05
      vertex 1.39567 38.7994 2.4
    endloop
  endfacet
  facet normal 0.395829 0.660358 -0.638159
    outer loop
      vertex -2.32801 37.0143 1.12378e-05
      vertex -1.22225 38.6708 2.4
      vertex -1.03707 38.5598 2.4
    endloop
  endfacet
  facet normal 0.355614 0.684557 -0.636333
    outer loop
      vertex -1.22225 38.6708 2.4
      vertex -2.32801 37.0143 1.12378e-05
      vertex -2.32878 37.0147 1.12378e-05
    endloop
  endfacet
  facet normal 0.355614 -0.684557 -0.636333
    outer loop
      vertex -2.32801 43.9857 1.12378e-05
      vertex -1.22225 42.3292 2.4
      vertex -2.32878 43.9853 1.12378e-05
    endloop
  endfacet
  facet normal 0.395829 -0.660358 -0.638159
    outer loop
      vertex -1.22225 42.3292 2.4
      vertex -2.32801 43.9857 1.12378e-05
      vertex -1.03707 42.4402 2.4
    endloop
  endfacet
  facet normal -0.580706 0.506044 -0.63773
    outer loop
      vertex 1.55563 38.9444 2.4
      vertex 2.96458 37.5367 1.12378e-05
      vertex 2.96397 37.536 1.12378e-05
    endloop
  endfacet
  facet normal -0.570342 0.51716 -0.638165
    outer loop
      vertex 2.96458 37.5367 1.12378e-05
      vertex 1.55563 38.9444 2.4
      vertex 1.70062 39.1043 2.4
    endloop
  endfacet
  facet normal -0.11292 0.76158 -0.638158
    outer loop
      vertex 0.410857 36.3285 1.12378e-05
      vertex 0.215637 38.3106 2.4
      vertex 0.816871 36.3887 1.12378e-05
    endloop
  endfacet
  facet normal 0.724905 0.259368 -0.638155
    outer loop
      vertex -2.03253 39.6581 2.4
      vertex -3.87292 38.8968 1.12378e-05
      vertex -2.10527 39.8614 2.4
    endloop
  endfacet
  facet normal 0.730786 0.243595 -0.637662
    outer loop
      vertex -3.87292 38.8968 1.12378e-05
      vertex -2.03253 39.6581 2.4
      vertex -3.87262 38.8959 1.12378e-05
    endloop
  endfacet
  facet normal 0.746826 0.187099 -0.638158
    outer loop
      vertex -2.10527 39.8614 2.4
      vertex -4.11115 39.6822 1.12378e-05
      vertex -2.15773 40.0708 2.4
    endloop
  endfacet
  facet normal 0.743518 0.204467 -0.63669
    outer loop
      vertex -4.11115 39.6822 1.12378e-05
      vertex -2.10527 39.8614 2.4
      vertex -4.11093 39.6814 1.12378e-05
    endloop
  endfacet
  facet normal 0.516988 -0.570507 -0.638158
    outer loop
      vertex -2.96331 43.4646 1.12378e-05
      vertex -2.65918 43.7402 1.12378e-05
      vertex -1.39567 42.2006 2.4
    endloop
  endfacet
  facet normal 0.746838 -0.187047 -0.638158
    outer loop
      vertex -4.11093 41.3186 1.12378e-05
      vertex -4.0112 41.7168 1.12378e-05
      vertex -2.10527 41.1386 2.4
    endloop
  endfacet
  facet normal -0.0855964 -0.766703 -0.63627
    outer loop
      vertex 0.000895719 44.6916 1.12378e-05
      vertex 0 42.7 2.4
      vertex 0 44.6917 1.12378e-05
    endloop
  endfacet
  facet normal -0.0378008 -0.768986 -0.638147
    outer loop
      vertex 0 42.7 2.4
      vertex 0.000895719 44.6916 1.12378e-05
      vertex 0.215637 42.6894 2.4
    endloop
  endfacet
  facet normal -0.186874 -0.746882 -0.638158
    outer loop
      vertex 0.817758 44.6111 1.12378e-05
      vertex 0.638626 42.6053 2.4
      vertex 0.429198 42.6577 2.4
    endloop
  endfacet
  facet normal -0.172291 -0.749467 -0.63923
    outer loop
      vertex 0.638626 42.6053 2.4
      vertex 0.817758 44.6111 1.12378e-05
      vertex 0.818628 44.6109 1.12378e-05
    endloop
  endfacet
  facet normal -0.341289 0.69111 -0.637094
    outer loop
      vertex 1.60409 36.6274 1.12378e-05
      vertex 1.03707 38.5598 2.4
      vertex 1.6049 36.6278 1.12378e-05
    endloop
  endfacet
  facet normal -0.329155 0.695994 -0.63816
    outer loop
      vertex 1.03707 38.5598 2.4
      vertex 1.60409 36.6274 1.12378e-05
      vertex 0.841903 38.4675 2.4
    endloop
  endfacet
  facet normal -0.169286 0.750784 -0.638486
    outer loop
      vertex 0.816871 36.3887 1.12378e-05
      vertex 0.429198 38.3423 2.4
      vertex 0.817758 36.3889 1.12378e-05
    endloop
  endfacet
  facet normal -0.113041 0.761554 -0.638167
    outer loop
      vertex 0.429198 38.3423 2.4
      vertex 0.816871 36.3887 1.12378e-05
      vertex 0.215637 38.3106 2.4
    endloop
  endfacet
  facet normal -0.724905 0.259368 -0.638155
    outer loop
      vertex 3.87292 38.8968 1.12378e-05
      vertex 2.03253 39.6581 2.4
      vertex 2.10527 39.8614 2.4
    endloop
  endfacet
  facet normal -0.730786 0.243595 -0.637662
    outer loop
      vertex 2.03253 39.6581 2.4
      vertex 3.87292 38.8968 1.12378e-05
      vertex 3.87262 38.8959 1.12378e-05
    endloop
  endfacet
  facet normal -0.768979 0.0377737 -0.638157
    outer loop
      vertex 4.17151 40.0891 1.12378e-05
      vertex 2.18941 40.2844 2.4
      vertex 4.19165 40.4991 1.12378e-05
    endloop
  endfacet
  facet normal 0.169286 -0.750784 -0.638486
    outer loop
      vertex -0.816871 44.6113 1.12378e-05
      vertex -0.429198 42.6577 2.4
      vertex -0.817758 44.6111 1.12378e-05
    endloop
  endfacet
  facet normal 0.113041 -0.761554 -0.638167
    outer loop
      vertex -0.429198 42.6577 2.4
      vertex -0.816871 44.6113 1.12378e-05
      vertex -0.215637 42.6894 2.4
    endloop
  endfacet
  facet normal -0.329188 0.695984 -0.638155
    outer loop
      vertex 1.6049 36.6278 1.12378e-05
      vertex 1.03707 38.5598 2.4
      vertex 1.97595 36.8033 1.12378e-05
    endloop
  endfacet
  facet normal -0.743518 -0.204467 -0.63669
    outer loop
      vertex 4.11115 41.3178 1.12378e-05
      vertex 2.10527 41.1386 2.4
      vertex 4.11093 41.3186 1.12378e-05
    endloop
  endfacet
  facet normal -0.746826 -0.187099 -0.638158
    outer loop
      vertex 2.10527 41.1386 2.4
      vertex 4.11115 41.3178 1.12378e-05
      vertex 2.15773 40.9292 2.4
    endloop
  endfacet
  facet normal 0.113041 0.761554 -0.638167
    outer loop
      vertex -0.816871 36.3887 1.12378e-05
      vertex -0.429198 38.3423 2.4
      vertex -0.215637 38.3106 2.4
    endloop
  endfacet
  facet normal 0.169286 0.750784 -0.638486
    outer loop
      vertex -0.429198 38.3423 2.4
      vertex -0.816871 36.3887 1.12378e-05
      vertex -0.817758 36.3889 1.12378e-05
    endloop
  endfacet
  facet normal -0.355614 0.684557 -0.636333
    outer loop
      vertex 2.32801 37.0143 1.12378e-05
      vertex 1.22225 38.6708 2.4
      vertex 2.32878 37.0147 1.12378e-05
    endloop
  endfacet
  facet normal -0.395829 0.660358 -0.638159
    outer loop
      vertex 1.22225 38.6708 2.4
      vertex 2.32801 37.0143 1.12378e-05
      vertex 1.03707 38.5598 2.4
    endloop
  endfacet
  facet normal -0.746826 0.187099 -0.638158
    outer loop
      vertex 4.11115 39.6822 1.12378e-05
      vertex 2.10527 39.8614 2.4
      vertex 2.15773 40.0708 2.4
    endloop
  endfacet
  facet normal -0.743518 0.204467 -0.63669
    outer loop
      vertex 2.10527 39.8614 2.4
      vertex 4.11115 39.6822 1.12378e-05
      vertex 4.11093 39.6814 1.12378e-05
    endloop
  endfacet
  facet normal 0.186874 0.746882 -0.638158
    outer loop
      vertex -0.817758 36.3889 1.12378e-05
      vertex -0.638626 38.3947 2.4
      vertex -0.429198 38.3423 2.4
    endloop
  endfacet
  facet normal 0.172291 0.749467 -0.63923
    outer loop
      vertex -0.638626 38.3947 2.4
      vertex -0.817758 36.3889 1.12378e-05
      vertex -0.818628 36.3891 1.12378e-05
    endloop
  endfacet
  facet normal 0.743518 -0.204467 -0.63669
    outer loop
      vertex -2.10527 41.1386 2.4
      vertex -4.11115 41.3178 1.12378e-05
      vertex -4.11093 41.3186 1.12378e-05
    endloop
  endfacet
  facet normal 0.746826 -0.187099 -0.638158
    outer loop
      vertex -4.11115 41.3178 1.12378e-05
      vertex -2.10527 41.1386 2.4
      vertex -2.15773 40.9292 2.4
    endloop
  endfacet
  facet normal 0.762058 -0.110075 -0.638084
    outer loop
      vertex -2.15773 40.9292 2.4
      vertex -4.11128 41.3169 1.12378e-05
      vertex -4.11115 41.3178 1.12378e-05
    endloop
  endfacet
  facet normal 0.761576 -0.112953 -0.638157
    outer loop
      vertex -4.11128 41.3169 1.12378e-05
      vertex -2.15773 40.9292 2.4
      vertex -2.18941 40.7156 2.4
    endloop
  endfacet
  facet normal -0.113041 -0.761554 -0.638167
    outer loop
      vertex 0.816871 44.6113 1.12378e-05
      vertex 0.429198 42.6577 2.4
      vertex 0.215637 42.6894 2.4
    endloop
  endfacet
  facet normal -0.169286 -0.750784 -0.638486
    outer loop
      vertex 0.429198 42.6577 2.4
      vertex 0.816871 44.6113 1.12378e-05
      vertex 0.817758 44.6111 1.12378e-05
    endloop
  endfacet
  facet normal 0.98918 -0.14671 0
    outer loop
      vertex -2.18941 20.7156 5.76274
      vertex -2.15773 20.9292 2.4
      vertex -2.15773 20.9292 5.76274
    endloop
  endfacet
  facet normal 0.98918 -0.14671 0
    outer loop
      vertex -2.15773 20.9292 2.4
      vertex -2.18941 20.7156 5.76274
      vertex -2.18941 20.7156 2.4
    endloop
  endfacet
  facet normal 0.998796 -0.0490596 0
    outer loop
      vertex -2.2 20.5 5.76274
      vertex -2.18941 20.7156 2.4
      vertex -2.18941 20.7156 5.76274
    endloop
  endfacet
  facet normal 0.998796 -0.0490596 0
    outer loop
      vertex -2.18941 20.7156 2.4
      vertex -2.2 20.5 5.76274
      vertex -2.2 20.5 2.4
    endloop
  endfacet
  facet normal 0.970022 -0.243015 0
    outer loop
      vertex -2.15773 20.9292 5.76274
      vertex -2.10527 21.1386 2.4
      vertex -2.10527 21.1386 5.76274
    endloop
  endfacet
  facet normal 0.970022 -0.243015 0
    outer loop
      vertex -2.10527 21.1386 2.4
      vertex -2.15773 20.9292 5.76274
      vertex -2.15773 20.9292 2.4
    endloop
  endfacet
  facet normal 0.740801 -0.671724 0
    outer loop
      vertex -1.70062 21.8957 5.76274
      vertex -1.55563 22.0556 2.4
      vertex -1.55563 22.0556 5.76274
    endloop
  endfacet
  facet normal 0.740801 -0.671724 0
    outer loop
      vertex -1.55563 22.0556 2.4
      vertex -1.70062 21.8957 5.76274
      vertex -1.70062 21.8957 2.4
    endloop
  endfacet
  facet normal -0.857738 -0.514087 0
    outer loop
      vertex 1.94023 21.5371 2.4
      vertex 1.82923 21.7223 5.76274
      vertex 1.82923 21.7223 2.4
    endloop
  endfacet
  facet normal -0.857738 -0.514087 0
    outer loop
      vertex 1.82923 21.7223 5.76274
      vertex 1.94023 21.5371 2.4
      vertex 1.94023 21.5371 5.76274
    endloop
  endfacet
  facet normal -0.427528 -0.904002 0
    outer loop
      vertex 0.841903 22.5325 2.4
      vertex 1.03707 22.4402 5.76274
      vertex 0.841903 22.5325 5.76274
    endloop
  endfacet
  facet normal -0.427528 -0.904002 -0
    outer loop
      vertex 1.03707 22.4402 5.76274
      vertex 0.841903 22.5325 2.4
      vertex 1.03707 22.4402 2.4
    endloop
  endfacet
  facet normal 0.146827 0.989162 -0
    outer loop
      vertex -0.215637 18.3106 2.4
      vertex -0.429198 18.3423 5.76274
      vertex -0.215637 18.3106 5.76274
    endloop
  endfacet
  facet normal 0.146827 0.989162 0
    outer loop
      vertex -0.429198 18.3423 5.76274
      vertex -0.215637 18.3106 2.4
      vertex -0.429198 18.3423 2.4
    endloop
  endfacet
  facet normal 0.337162 -0.941447 0
    outer loop
      vertex -0.841903 22.5325 2.4
      vertex -0.638626 22.6053 5.76274
      vertex -0.841903 22.5325 5.76274
    endloop
  endfacet
  facet normal 0.337162 -0.941447 0
    outer loop
      vertex -0.638626 22.6053 5.76274
      vertex -0.841903 22.5325 2.4
      vertex -0.638626 22.6053 2.4
    endloop
  endfacet
  facet normal 0.514128 -0.857714 0
    outer loop
      vertex -1.22225 22.3292 2.4
      vertex -1.03707 22.4402 5.76274
      vertex -1.22225 22.3292 5.76274
    endloop
  endfacet
  facet normal 0.514128 -0.857714 0
    outer loop
      vertex -1.03707 22.4402 5.76274
      vertex -1.22225 22.3292 2.4
      vertex -1.03707 22.4402 2.4
    endloop
  endfacet
  facet normal 0.998796 0.0490596 0
    outer loop
      vertex -2.18941 20.2844 5.76274
      vertex -2.2 20.5 2.4
      vertex -2.2 20.5 5.76274
    endloop
  endfacet
  facet normal 0.998796 0.0490596 0
    outer loop
      vertex -2.2 20.5 2.4
      vertex -2.18941 20.2844 5.76274
      vertex -2.18941 20.2844 2.4
    endloop
  endfacet
  facet normal 0.80319 0.595723 0
    outer loop
      vertex -1.70062 19.1043 5.76274
      vertex -1.82923 19.2777 2.4
      vertex -1.82923 19.2777 5.76274
    endloop
  endfacet
  facet normal 0.80319 0.595723 0
    outer loop
      vertex -1.82923 19.2777 2.4
      vertex -1.70062 19.1043 5.76274
      vertex -1.70062 19.1043 2.4
    endloop
  endfacet
  facet normal 0.0490974 -0.998794 0
    outer loop
      vertex -0.215637 22.6894 2.4
      vertex 0 22.7 5.76274
      vertex -0.215637 22.6894 5.76274
    endloop
  endfacet
  facet normal 0.0490974 -0.998794 0
    outer loop
      vertex 0 22.7 5.76274
      vertex -0.215637 22.6894 2.4
      vertex 0 22.7 2.4
    endloop
  endfacet
  facet normal -0.740801 0.671724 0
    outer loop
      vertex 1.55563 18.9444 2.4
      vertex 1.70062 19.1043 5.76274
      vertex 1.70062 19.1043 2.4
    endloop
  endfacet
  facet normal -0.740801 0.671724 0
    outer loop
      vertex 1.70062 19.1043 5.76274
      vertex 1.55563 18.9444 2.4
      vertex 1.55563 18.9444 5.76274
    endloop
  endfacet
  facet normal -0.514128 -0.857714 0
    outer loop
      vertex 1.03707 22.4402 2.4
      vertex 1.22225 22.3292 5.76274
      vertex 1.03707 22.4402 5.76274
    endloop
  endfacet
  facet normal -0.514128 -0.857714 -0
    outer loop
      vertex 1.22225 22.3292 5.76274
      vertex 1.03707 22.4402 2.4
      vertex 1.22225 22.3292 2.4
    endloop
  endfacet
  facet normal -0.427528 0.904002 0
    outer loop
      vertex 1.03707 18.5598 2.4
      vertex 0.841903 18.4675 5.76274
      vertex 1.03707 18.5598 5.76274
    endloop
  endfacet
  facet normal -0.427528 0.904002 0
    outer loop
      vertex 0.841903 18.4675 5.76274
      vertex 1.03707 18.5598 2.4
      vertex 0.841903 18.4675 2.4
    endloop
  endfacet
  facet normal 0.242723 0.970096 -0
    outer loop
      vertex -0.429198 18.3423 2.4
      vertex -0.638626 18.3947 5.76274
      vertex -0.429198 18.3423 5.76274
    endloop
  endfacet
  facet normal 0.242723 0.970096 0
    outer loop
      vertex -0.638626 18.3947 5.76274
      vertex -0.429198 18.3423 2.4
      vertex -0.638626 18.3947 2.4
    endloop
  endfacet
  facet normal 0.514128 0.857714 -0
    outer loop
      vertex -1.03707 18.5598 2.4
      vertex -1.22225 18.6708 5.76274
      vertex -1.03707 18.5598 5.76274
    endloop
  endfacet
  facet normal 0.514128 0.857714 0
    outer loop
      vertex -1.22225 18.6708 5.76274
      vertex -1.03707 18.5598 2.4
      vertex -1.22225 18.6708 2.4
    endloop
  endfacet
  facet normal 0.941547 0.336882 0
    outer loop
      vertex -2.03253 19.6581 5.76274
      vertex -2.10527 19.8614 2.4
      vertex -2.10527 19.8614 5.76274
    endloop
  endfacet
  facet normal 0.941547 0.336882 0
    outer loop
      vertex -2.10527 19.8614 2.4
      vertex -2.03253 19.6581 5.76274
      vertex -2.03253 19.6581 2.4
    endloop
  endfacet
  facet normal -0.740801 -0.671724 0
    outer loop
      vertex 1.70062 21.8957 2.4
      vertex 1.55563 22.0556 5.76274
      vertex 1.55563 22.0556 2.4
    endloop
  endfacet
  facet normal -0.740801 -0.671724 0
    outer loop
      vertex 1.55563 22.0556 5.76274
      vertex 1.70062 21.8957 2.4
      vertex 1.70062 21.8957 5.76274
    endloop
  endfacet
  facet normal -0.0490974 -0.998794 0
    outer loop
      vertex 0 22.7 2.4
      vertex 0.215637 22.6894 5.76274
      vertex 0 22.7 5.76274
    endloop
  endfacet
  facet normal -0.0490974 -0.998794 -0
    outer loop
      vertex 0.215637 22.6894 5.76274
      vertex 0 22.7 2.4
      vertex 0.215637 22.6894 2.4
    endloop
  endfacet
  facet normal -0.146827 -0.989162 0
    outer loop
      vertex 0.215637 22.6894 2.4
      vertex 0.429198 22.6577 5.76274
      vertex 0.215637 22.6894 5.76274
    endloop
  endfacet
  facet normal -0.146827 -0.989162 -0
    outer loop
      vertex 0.429198 22.6577 5.76274
      vertex 0.215637 22.6894 2.4
      vertex 0.429198 22.6577 2.4
    endloop
  endfacet
  facet normal 0.857738 0.514087 0
    outer loop
      vertex -1.82923 19.2777 5.76274
      vertex -1.94023 19.4629 2.4
      vertex -1.94023 19.4629 5.76274
    endloop
  endfacet
  facet normal 0.857738 0.514087 0
    outer loop
      vertex -1.94023 19.4629 2.4
      vertex -1.82923 19.2777 5.76274
      vertex -1.82923 19.2777 2.4
    endloop
  endfacet
  facet normal 0.427528 0.904002 -0
    outer loop
      vertex -0.841903 18.4675 2.4
      vertex -1.03707 18.5598 5.76274
      vertex -0.841903 18.4675 5.76274
    endloop
  endfacet
  facet normal 0.427528 0.904002 0
    outer loop
      vertex -1.03707 18.5598 5.76274
      vertex -0.841903 18.4675 2.4
      vertex -1.03707 18.5598 2.4
    endloop
  endfacet
  facet normal 0.671612 -0.740903 0
    outer loop
      vertex -1.55563 22.0556 2.4
      vertex -1.39567 22.2006 5.76274
      vertex -1.55563 22.0556 5.76274
    endloop
  endfacet
  facet normal 0.671612 -0.740903 0
    outer loop
      vertex -1.39567 22.2006 5.76274
      vertex -1.55563 22.0556 2.4
      vertex -1.39567 22.2006 2.4
    endloop
  endfacet
  facet normal -0.242723 -0.970096 0
    outer loop
      vertex 0.429198 22.6577 2.4
      vertex 0.638626 22.6053 5.76274
      vertex 0.429198 22.6577 5.76274
    endloop
  endfacet
  facet normal -0.242723 -0.970096 -0
    outer loop
      vertex 0.638626 22.6053 5.76274
      vertex 0.429198 22.6577 2.4
      vertex 0.638626 22.6053 2.4
    endloop
  endfacet
  facet normal 0.427528 -0.904002 0
    outer loop
      vertex -1.03707 22.4402 2.4
      vertex -0.841903 22.5325 5.76274
      vertex -1.03707 22.4402 5.76274
    endloop
  endfacet
  facet normal 0.427528 -0.904002 0
    outer loop
      vertex -0.841903 22.5325 5.76274
      vertex -1.03707 22.4402 2.4
      vertex -0.841903 22.5325 2.4
    endloop
  endfacet
  facet normal -0.80319 -0.595723 0
    outer loop
      vertex 1.82923 21.7223 2.4
      vertex 1.70062 21.8957 5.76274
      vertex 1.70062 21.8957 2.4
    endloop
  endfacet
  facet normal -0.80319 -0.595723 0
    outer loop
      vertex 1.70062 21.8957 5.76274
      vertex 1.82923 21.7223 2.4
      vertex 1.82923 21.7223 5.76274
    endloop
  endfacet
  facet normal 0.0490974 0.998794 -0
    outer loop
      vertex 0 18.3 2.4
      vertex -0.215637 18.3106 5.76274
      vertex 0 18.3 5.76274
    endloop
  endfacet
  facet normal 0.0490974 0.998794 0
    outer loop
      vertex -0.215637 18.3106 5.76274
      vertex 0 18.3 2.4
      vertex -0.215637 18.3106 2.4
    endloop
  endfacet
  facet normal 0.80319 -0.595723 0
    outer loop
      vertex -1.82923 21.7223 5.76274
      vertex -1.70062 21.8957 2.4
      vertex -1.70062 21.8957 5.76274
    endloop
  endfacet
  facet normal 0.80319 -0.595723 0
    outer loop
      vertex -1.70062 21.8957 2.4
      vertex -1.82923 21.7223 5.76274
      vertex -1.82923 21.7223 2.4
    endloop
  endfacet
  facet normal 0.90403 0.427469 0
    outer loop
      vertex -1.94023 19.4629 5.76274
      vertex -2.03253 19.6581 2.4
      vertex -2.03253 19.6581 5.76274
    endloop
  endfacet
  facet normal 0.90403 0.427469 0
    outer loop
      vertex -2.03253 19.6581 2.4
      vertex -1.94023 19.4629 5.76274
      vertex -1.94023 19.4629 2.4
    endloop
  endfacet
  facet normal -0.242723 0.970096 0
    outer loop
      vertex 0.638626 18.3947 2.4
      vertex 0.429198 18.3423 5.76274
      vertex 0.638626 18.3947 5.76274
    endloop
  endfacet
  facet normal -0.242723 0.970096 0
    outer loop
      vertex 0.429198 18.3423 5.76274
      vertex 0.638626 18.3947 2.4
      vertex 0.429198 18.3423 2.4
    endloop
  endfacet
  facet normal -0.671612 0.740903 0
    outer loop
      vertex 1.55563 18.9444 2.4
      vertex 1.39567 18.7994 5.76274
      vertex 1.55563 18.9444 5.76274
    endloop
  endfacet
  facet normal -0.671612 0.740903 0
    outer loop
      vertex 1.39567 18.7994 5.76274
      vertex 1.55563 18.9444 2.4
      vertex 1.39567 18.7994 2.4
    endloop
  endfacet
  facet normal -0.998796 -0.0490596 0
    outer loop
      vertex 2.2 20.5 2.4
      vertex 2.18941 20.7156 5.76274
      vertex 2.18941 20.7156 2.4
    endloop
  endfacet
  facet normal -0.998796 -0.0490596 0
    outer loop
      vertex 2.18941 20.7156 5.76274
      vertex 2.2 20.5 2.4
      vertex 2.2 20.5 5.76274
    endloop
  endfacet
  facet normal 0.337162 0.941447 -0
    outer loop
      vertex -0.638626 18.3947 2.4
      vertex -0.841903 18.4675 5.76274
      vertex -0.638626 18.3947 5.76274
    endloop
  endfacet
  facet normal 0.337162 0.941447 0
    outer loop
      vertex -0.841903 18.4675 5.76274
      vertex -0.638626 18.3947 2.4
      vertex -0.841903 18.4675 2.4
    endloop
  endfacet
  facet normal 0.671612 0.740903 -0
    outer loop
      vertex -1.39567 18.7994 2.4
      vertex -1.55563 18.9444 5.76274
      vertex -1.39567 18.7994 5.76274
    endloop
  endfacet
  facet normal 0.671612 0.740903 0
    outer loop
      vertex -1.55563 18.9444 5.76274
      vertex -1.39567 18.7994 2.4
      vertex -1.55563 18.9444 2.4
    endloop
  endfacet
  facet normal 0.970022 0.243015 0
    outer loop
      vertex -2.10527 19.8614 5.76274
      vertex -2.15773 20.0708 2.4
      vertex -2.15773 20.0708 5.76274
    endloop
  endfacet
  facet normal 0.970022 0.243015 0
    outer loop
      vertex -2.15773 20.0708 2.4
      vertex -2.10527 19.8614 5.76274
      vertex -2.10527 19.8614 2.4
    endloop
  endfacet
  facet normal 0.740801 0.671724 0
    outer loop
      vertex -1.55563 18.9444 5.76274
      vertex -1.70062 19.1043 2.4
      vertex -1.70062 19.1043 5.76274
    endloop
  endfacet
  facet normal 0.740801 0.671724 0
    outer loop
      vertex -1.70062 19.1043 2.4
      vertex -1.55563 18.9444 5.76274
      vertex -1.55563 18.9444 2.4
    endloop
  endfacet
  facet normal 0.941547 -0.336882 0
    outer loop
      vertex -2.10527 21.1386 5.76274
      vertex -2.03253 21.3419 2.4
      vertex -2.03253 21.3419 5.76274
    endloop
  endfacet
  facet normal 0.941547 -0.336882 0
    outer loop
      vertex -2.03253 21.3419 2.4
      vertex -2.10527 21.1386 5.76274
      vertex -2.10527 21.1386 2.4
    endloop
  endfacet
  facet normal 0.595648 -0.803245 0
    outer loop
      vertex -1.39567 22.2006 2.4
      vertex -1.22225 22.3292 5.76274
      vertex -1.39567 22.2006 5.76274
    endloop
  endfacet
  facet normal 0.595648 -0.803245 0
    outer loop
      vertex -1.22225 22.3292 5.76274
      vertex -1.39567 22.2006 2.4
      vertex -1.22225 22.3292 2.4
    endloop
  endfacet
  facet normal -0.90403 -0.427469 0
    outer loop
      vertex 2.03253 21.3419 2.4
      vertex 1.94023 21.5371 5.76274
      vertex 1.94023 21.5371 2.4
    endloop
  endfacet
  facet normal -0.90403 -0.427469 0
    outer loop
      vertex 1.94023 21.5371 5.76274
      vertex 2.03253 21.3419 2.4
      vertex 2.03253 21.3419 5.76274
    endloop
  endfacet
  facet normal -0.970022 0.243015 0
    outer loop
      vertex 2.10527 19.8614 2.4
      vertex 2.15773 20.0708 5.76274
      vertex 2.15773 20.0708 2.4
    endloop
  endfacet
  facet normal -0.970022 0.243015 0
    outer loop
      vertex 2.15773 20.0708 5.76274
      vertex 2.10527 19.8614 2.4
      vertex 2.10527 19.8614 5.76274
    endloop
  endfacet
  facet normal 0.90403 -0.427469 0
    outer loop
      vertex -2.03253 21.3419 5.76274
      vertex -1.94023 21.5371 2.4
      vertex -1.94023 21.5371 5.76274
    endloop
  endfacet
  facet normal 0.90403 -0.427469 0
    outer loop
      vertex -1.94023 21.5371 2.4
      vertex -2.03253 21.3419 5.76274
      vertex -2.03253 21.3419 2.4
    endloop
  endfacet
  facet normal 0.98918 0.14671 0
    outer loop
      vertex -2.15773 20.0708 5.76274
      vertex -2.18941 20.2844 2.4
      vertex -2.18941 20.2844 5.76274
    endloop
  endfacet
  facet normal 0.98918 0.14671 0
    outer loop
      vertex -2.18941 20.2844 2.4
      vertex -2.15773 20.0708 5.76274
      vertex -2.15773 20.0708 2.4
    endloop
  endfacet
  facet normal 0.857738 -0.514087 0
    outer loop
      vertex -1.94023 21.5371 5.76274
      vertex -1.82923 21.7223 2.4
      vertex -1.82923 21.7223 5.76274
    endloop
  endfacet
  facet normal 0.857738 -0.514087 0
    outer loop
      vertex -1.82923 21.7223 2.4
      vertex -1.94023 21.5371 5.76274
      vertex -1.94023 21.5371 2.4
    endloop
  endfacet
  facet normal -0.337162 -0.941447 0
    outer loop
      vertex 0.638626 22.6053 2.4
      vertex 0.841903 22.5325 5.76274
      vertex 0.638626 22.6053 5.76274
    endloop
  endfacet
  facet normal -0.337162 -0.941447 -0
    outer loop
      vertex 0.841903 22.5325 5.76274
      vertex 0.638626 22.6053 2.4
      vertex 0.841903 22.5325 2.4
    endloop
  endfacet
  facet normal -0.80319 0.595723 0
    outer loop
      vertex 1.70062 19.1043 2.4
      vertex 1.82923 19.2777 5.76274
      vertex 1.82923 19.2777 2.4
    endloop
  endfacet
  facet normal -0.80319 0.595723 0
    outer loop
      vertex 1.82923 19.2777 5.76274
      vertex 1.70062 19.1043 2.4
      vertex 1.70062 19.1043 5.76274
    endloop
  endfacet
  facet normal -0.857738 0.514087 0
    outer loop
      vertex 1.82923 19.2777 2.4
      vertex 1.94023 19.4629 5.76274
      vertex 1.94023 19.4629 2.4
    endloop
  endfacet
  facet normal -0.857738 0.514087 0
    outer loop
      vertex 1.94023 19.4629 5.76274
      vertex 1.82923 19.2777 2.4
      vertex 1.82923 19.2777 5.76274
    endloop
  endfacet
  facet normal -0.98918 0.14671 0
    outer loop
      vertex 2.15773 20.0708 2.4
      vertex 2.18941 20.2844 5.76274
      vertex 2.18941 20.2844 2.4
    endloop
  endfacet
  facet normal -0.98918 0.14671 0
    outer loop
      vertex 2.18941 20.2844 5.76274
      vertex 2.15773 20.0708 2.4
      vertex 2.15773 20.0708 5.76274
    endloop
  endfacet
  facet normal -0.0490974 0.998794 0
    outer loop
      vertex 0.215637 18.3106 2.4
      vertex 0 18.3 5.76274
      vertex 0.215637 18.3106 5.76274
    endloop
  endfacet
  facet normal -0.0490974 0.998794 0
    outer loop
      vertex 0 18.3 5.76274
      vertex 0.215637 18.3106 2.4
      vertex 0 18.3 2.4
    endloop
  endfacet
  facet normal -0.671612 -0.740903 0
    outer loop
      vertex 1.39567 22.2006 2.4
      vertex 1.55563 22.0556 5.76274
      vertex 1.39567 22.2006 5.76274
    endloop
  endfacet
  facet normal -0.671612 -0.740903 -0
    outer loop
      vertex 1.55563 22.0556 5.76274
      vertex 1.39567 22.2006 2.4
      vertex 1.55563 22.0556 2.4
    endloop
  endfacet
  facet normal -0.970022 -0.243015 0
    outer loop
      vertex 2.15773 20.9292 2.4
      vertex 2.10527 21.1386 5.76274
      vertex 2.10527 21.1386 2.4
    endloop
  endfacet
  facet normal -0.970022 -0.243015 0
    outer loop
      vertex 2.10527 21.1386 5.76274
      vertex 2.15773 20.9292 2.4
      vertex 2.15773 20.9292 5.76274
    endloop
  endfacet
  facet normal -0.595648 -0.803245 0
    outer loop
      vertex 1.22225 22.3292 2.4
      vertex 1.39567 22.2006 5.76274
      vertex 1.22225 22.3292 5.76274
    endloop
  endfacet
  facet normal -0.595648 -0.803245 -0
    outer loop
      vertex 1.39567 22.2006 5.76274
      vertex 1.22225 22.3292 2.4
      vertex 1.39567 22.2006 2.4
    endloop
  endfacet
  facet normal -0.90403 0.427469 0
    outer loop
      vertex 1.94023 19.4629 2.4
      vertex 2.03253 19.6581 5.76274
      vertex 2.03253 19.6581 2.4
    endloop
  endfacet
  facet normal -0.90403 0.427469 0
    outer loop
      vertex 2.03253 19.6581 5.76274
      vertex 1.94023 19.4629 2.4
      vertex 1.94023 19.4629 5.76274
    endloop
  endfacet
  facet normal -0.98918 -0.14671 0
    outer loop
      vertex 2.18941 20.7156 2.4
      vertex 2.15773 20.9292 5.76274
      vertex 2.15773 20.9292 2.4
    endloop
  endfacet
  facet normal -0.98918 -0.14671 0
    outer loop
      vertex 2.15773 20.9292 5.76274
      vertex 2.18941 20.7156 2.4
      vertex 2.18941 20.7156 5.76274
    endloop
  endfacet
  facet normal 0.242723 -0.970096 0
    outer loop
      vertex -0.638626 22.6053 2.4
      vertex -0.429198 22.6577 5.76274
      vertex -0.638626 22.6053 5.76274
    endloop
  endfacet
  facet normal 0.242723 -0.970096 0
    outer loop
      vertex -0.429198 22.6577 5.76274
      vertex -0.638626 22.6053 2.4
      vertex -0.429198 22.6577 2.4
    endloop
  endfacet
  facet normal -0.941547 0.336882 0
    outer loop
      vertex 2.03253 19.6581 2.4
      vertex 2.10527 19.8614 5.76274
      vertex 2.10527 19.8614 2.4
    endloop
  endfacet
  facet normal -0.941547 0.336882 0
    outer loop
      vertex 2.10527 19.8614 5.76274
      vertex 2.03253 19.6581 2.4
      vertex 2.03253 19.6581 5.76274
    endloop
  endfacet
  facet normal 0.595648 0.803245 -0
    outer loop
      vertex -1.22225 18.6708 2.4
      vertex -1.39567 18.7994 5.76274
      vertex -1.22225 18.6708 5.76274
    endloop
  endfacet
  facet normal 0.595648 0.803245 0
    outer loop
      vertex -1.39567 18.7994 5.76274
      vertex -1.22225 18.6708 2.4
      vertex -1.39567 18.7994 2.4
    endloop
  endfacet
  facet normal -0.941547 -0.336882 0
    outer loop
      vertex 2.10527 21.1386 2.4
      vertex 2.03253 21.3419 5.76274
      vertex 2.03253 21.3419 2.4
    endloop
  endfacet
  facet normal -0.941547 -0.336882 0
    outer loop
      vertex 2.03253 21.3419 5.76274
      vertex 2.10527 21.1386 2.4
      vertex 2.10527 21.1386 5.76274
    endloop
  endfacet
  facet normal -0.146827 0.989162 0
    outer loop
      vertex 0.429198 18.3423 2.4
      vertex 0.215637 18.3106 5.76274
      vertex 0.429198 18.3423 5.76274
    endloop
  endfacet
  facet normal -0.146827 0.989162 0
    outer loop
      vertex 0.215637 18.3106 5.76274
      vertex 0.429198 18.3423 2.4
      vertex 0.215637 18.3106 2.4
    endloop
  endfacet
  facet normal -0.595648 0.803245 0
    outer loop
      vertex 1.39567 18.7994 2.4
      vertex 1.22225 18.6708 5.76274
      vertex 1.39567 18.7994 5.76274
    endloop
  endfacet
  facet normal -0.595648 0.803245 0
    outer loop
      vertex 1.22225 18.6708 5.76274
      vertex 1.39567 18.7994 2.4
      vertex 1.22225 18.6708 2.4
    endloop
  endfacet
  facet normal -0.514128 0.857714 0
    outer loop
      vertex 1.22225 18.6708 2.4
      vertex 1.03707 18.5598 5.76274
      vertex 1.22225 18.6708 5.76274
    endloop
  endfacet
  facet normal -0.514128 0.857714 0
    outer loop
      vertex 1.03707 18.5598 5.76274
      vertex 1.22225 18.6708 2.4
      vertex 1.03707 18.5598 2.4
    endloop
  endfacet
  facet normal -0.998796 0.0490596 0
    outer loop
      vertex 2.18941 20.2844 2.4
      vertex 2.2 20.5 5.76274
      vertex 2.2 20.5 2.4
    endloop
  endfacet
  facet normal -0.998796 0.0490596 0
    outer loop
      vertex 2.2 20.5 5.76274
      vertex 2.18941 20.2844 2.4
      vertex 2.18941 20.2844 5.76274
    endloop
  endfacet
  facet normal 0.146827 -0.989162 0
    outer loop
      vertex -0.429198 22.6577 2.4
      vertex -0.215637 22.6894 5.76274
      vertex -0.429198 22.6577 5.76274
    endloop
  endfacet
  facet normal 0.146827 -0.989162 0
    outer loop
      vertex -0.215637 22.6894 5.76274
      vertex -0.429198 22.6577 2.4
      vertex -0.215637 22.6894 2.4
    endloop
  endfacet
  facet normal -0.337162 0.941447 0
    outer loop
      vertex 0.841903 18.4675 2.4
      vertex 0.638626 18.3947 5.76274
      vertex 0.841903 18.4675 5.76274
    endloop
  endfacet
  facet normal -0.337162 0.941447 0
    outer loop
      vertex 0.638626 18.3947 5.76274
      vertex 0.841903 18.4675 2.4
      vertex 0.638626 18.3947 2.4
    endloop
  endfacet
  facet normal 0.768979 -0.0377713 -0.638157
    outer loop
      vertex -2.2 20.5 2.4
      vertex -4.19165 20.5009 1.12378e-05
      vertex -2.18941 20.7156 2.4
    endloop
  endfacet
  facet normal 0.769079 -0.0341813 -0.638239
    outer loop
      vertex -4.19165 20.5009 1.12378e-05
      vertex -2.2 20.5 2.4
      vertex -4.19169 20.5 1.12378e-05
    endloop
  endfacet
  facet normal -0.395789 0.660386 -0.638155
    outer loop
      vertex 1.97595 16.8033 1.12378e-05
      vertex 1.03707 18.5598 2.4
      vertex 2.32801 17.0143 1.12378e-05
    endloop
  endfacet
  facet normal 0.618407 0.458619 -0.638155
    outer loop
      vertex -3.24022 17.8408 1.12378e-05
      vertex -3.48473 18.1705 1.12378e-05
      vertex -1.70062 19.1043 2.4
    endloop
  endfacet
  facet normal -0.570446 -0.517059 -0.638154
    outer loop
      vertex 1.70062 21.8957 2.4
      vertex 2.96458 23.4633 1.12378e-05
      vertex 3.24022 23.1592 1.12378e-05
    endloop
  endfacet
  facet normal 0.493756 0.592507 -0.636506
    outer loop
      vertex -2.3295 17.0153 1.12378e-05
      vertex -1.22225 18.6708 2.4
      vertex -2.32878 17.0147 1.12378e-05
    endloop
  endfacet
  facet normal 0.458592 0.618422 -0.638159
    outer loop
      vertex -1.22225 18.6708 2.4
      vertex -2.3295 17.0153 1.12378e-05
      vertex -1.39567 18.7994 2.4
    endloop
  endfacet
  facet normal 0.0855964 0.766703 -0.63627
    outer loop
      vertex -0.000895719 16.3084 1.12378e-05
      vertex 0 18.3 2.4
      vertex 0 16.3083 1.12378e-05
    endloop
  endfacet
  facet normal 0.0378008 0.768986 -0.638147
    outer loop
      vertex 0 18.3 2.4
      vertex -0.000895719 16.3084 1.12378e-05
      vertex -0.215637 18.3106 2.4
    endloop
  endfacet
  facet normal 0.695999 -0.329151 -0.638157
    outer loop
      vertex -3.87224 22.1049 1.12378e-05
      vertex -3.69674 22.476 1.12378e-05
      vertex -1.94023 21.5371 2.4
    endloop
  endfacet
  facet normal 0.187017 0.746853 -0.63815
    outer loop
      vertex -0.818628 16.3891 1.12378e-05
      vertex -1.21678 16.4888 1.12378e-05
      vertex -0.638626 18.3947 2.4
    endloop
  endfacet
  facet normal -0.516988 0.570507 -0.638158
    outer loop
      vertex 2.65918 17.2598 1.12378e-05
      vertex 1.39567 18.7994 2.4
      vertex 2.96331 17.5354 1.12378e-05
    endloop
  endfacet
  facet normal 0.458592 -0.618422 -0.638159
    outer loop
      vertex -2.3295 23.9847 1.12378e-05
      vertex -1.22225 22.3292 2.4
      vertex -1.39567 22.2006 2.4
    endloop
  endfacet
  facet normal 0.493756 -0.592507 -0.636506
    outer loop
      vertex -1.22225 22.3292 2.4
      vertex -2.3295 23.9847 1.12378e-05
      vertex -2.32878 23.9853 1.12378e-05
    endloop
  endfacet
  facet normal 0.660346 0.395851 -0.638157
    outer loop
      vertex -3.48573 18.172 1.12378e-05
      vertex -3.69674 18.524 1.12378e-05
      vertex -1.94023 19.4629 2.4
    endloop
  endfacet
  facet normal 0.730786 -0.243595 -0.637662
    outer loop
      vertex -2.03253 21.3419 2.4
      vertex -3.87292 22.1032 1.12378e-05
      vertex -3.87262 22.1041 1.12378e-05
    endloop
  endfacet
  facet normal 0.724905 -0.259368 -0.638155
    outer loop
      vertex -3.87292 22.1032 1.12378e-05
      vertex -2.03253 21.3419 2.4
      vertex -2.10527 21.1386 2.4
    endloop
  endfacet
  facet normal 0.11292 0.76158 -0.638158
    outer loop
      vertex -0.410857 16.3285 1.12378e-05
      vertex -0.816871 16.3887 1.12378e-05
      vertex -0.215637 18.3106 2.4
    endloop
  endfacet
  facet normal -0.259581 -0.724819 -0.638165
    outer loop
      vertex 1.60325 24.3729 1.12378e-05
      vertex 0.841903 22.5325 2.4
      vertex 0.638626 22.6053 2.4
    endloop
  endfacet
  facet normal -0.25895 -0.725059 -0.638149
    outer loop
      vertex 0.841903 22.5325 2.4
      vertex 1.60325 24.3729 1.12378e-05
      vertex 1.60409 24.3726 1.12378e-05
    endloop
  endfacet
  facet normal 0.0377026 -0.768984 -0.638155
    outer loop
      vertex -0.215637 22.6894 2.4
      vertex -0.410857 24.6715 1.12378e-05
      vertex -0.000895719 24.6916 1.12378e-05
    endloop
  endfacet
  facet normal -0.768979 -0.0377737 -0.638157
    outer loop
      vertex 2.18941 20.7156 2.4
      vertex 4.17151 20.9109 1.12378e-05
      vertex 4.19165 20.5009 1.12378e-05
    endloop
  endfacet
  facet normal 0.696016 0.32911 -0.638161
    outer loop
      vertex -1.94023 19.4629 2.4
      vertex -3.87262 18.8959 1.12378e-05
      vertex -2.03253 19.6581 2.4
    endloop
  endfacet
  facet normal 0.695515 0.33037 -0.638055
    outer loop
      vertex -3.87262 18.8959 1.12378e-05
      vertex -1.94023 19.4629 2.4
      vertex -3.87224 18.8951 1.12378e-05
    endloop
  endfacet
  facet normal -0.746838 0.187047 -0.638158
    outer loop
      vertex 4.0112 19.2832 1.12378e-05
      vertex 2.10527 19.8614 2.4
      vertex 4.11093 19.6814 1.12378e-05
    endloop
  endfacet
  facet normal 0.516988 0.570507 -0.638158
    outer loop
      vertex -2.65918 17.2598 1.12378e-05
      vertex -2.96331 17.5354 1.12378e-05
      vertex -1.39567 18.7994 2.4
    endloop
  endfacet
  facet normal -0.769079 0.0341813 -0.638239
    outer loop
      vertex 4.19165 20.4991 1.12378e-05
      vertex 2.2 20.5 2.4
      vertex 4.19169 20.5 1.12378e-05
    endloop
  endfacet
  facet normal -0.768979 0.0377713 -0.638157
    outer loop
      vertex 2.2 20.5 2.4
      vertex 4.19165 20.4991 1.12378e-05
      vertex 2.18941 20.2844 2.4
    endloop
  endfacet
  facet normal -0.660346 -0.395851 -0.638157
    outer loop
      vertex 1.94023 21.5371 2.4
      vertex 3.48573 22.828 1.12378e-05
      vertex 3.69674 22.476 1.12378e-05
    endloop
  endfacet
  facet normal -0.187017 0.746853 -0.63815
    outer loop
      vertex 0.818628 16.3891 1.12378e-05
      vertex 0.638626 18.3947 2.4
      vertex 1.21678 16.4888 1.12378e-05
    endloop
  endfacet
  facet normal 0.768979 0.0377737 -0.638157
    outer loop
      vertex -4.17151 20.0891 1.12378e-05
      vertex -4.19165 20.4991 1.12378e-05
      vertex -2.18941 20.2844 2.4
    endloop
  endfacet
  facet normal -0.259407 -0.724895 -0.63815
    outer loop
      vertex 0.638626 22.6053 2.4
      vertex 1.21678 24.5112 1.12378e-05
      vertex 1.60325 24.3729 1.12378e-05
    endloop
  endfacet
  facet normal -0.769079 -0.0341813 -0.638239
    outer loop
      vertex 2.2 20.5 2.4
      vertex 4.19165 20.5009 1.12378e-05
      vertex 4.19169 20.5 1.12378e-05
    endloop
  endfacet
  facet normal -0.768979 -0.0377713 -0.638157
    outer loop
      vertex 4.19165 20.5009 1.12378e-05
      vertex 2.2 20.5 2.4
      vertex 2.18941 20.7156 2.4
    endloop
  endfacet
  facet normal 0.329188 -0.695984 -0.638155
    outer loop
      vertex -1.97595 24.1967 1.12378e-05
      vertex -1.6049 24.3722 1.12378e-05
      vertex -1.03707 22.4402 2.4
    endloop
  endfacet
  facet normal 0.76157 -0.112979 -0.638159
    outer loop
      vertex -4.17151 20.9109 1.12378e-05
      vertex -4.11128 21.3169 1.12378e-05
      vertex -2.18941 20.7156 2.4
    endloop
  endfacet
  facet normal 0.570342 -0.51716 -0.638165
    outer loop
      vertex -2.96458 23.4633 1.12378e-05
      vertex -1.55563 22.0556 2.4
      vertex -1.70062 21.8957 2.4
    endloop
  endfacet
  facet normal 0.580706 -0.506044 -0.63773
    outer loop
      vertex -1.55563 22.0556 2.4
      vertex -2.96458 23.4633 1.12378e-05
      vertex -2.96397 23.464 1.12378e-05
    endloop
  endfacet
  facet normal 0.570446 0.517059 -0.638154
    outer loop
      vertex -2.96458 17.5367 1.12378e-05
      vertex -3.24022 17.8408 1.12378e-05
      vertex -1.70062 19.1043 2.4
    endloop
  endfacet
  facet normal -0.329188 -0.695984 -0.638155
    outer loop
      vertex 1.03707 22.4402 2.4
      vertex 1.6049 24.3722 1.12378e-05
      vertex 1.97595 24.1967 1.12378e-05
    endloop
  endfacet
  facet normal 0.329155 0.695994 -0.63816
    outer loop
      vertex -1.60409 16.6274 1.12378e-05
      vertex -1.03707 18.5598 2.4
      vertex -0.841903 18.4675 2.4
    endloop
  endfacet
  facet normal 0.341289 0.69111 -0.637094
    outer loop
      vertex -1.03707 18.5598 2.4
      vertex -1.60409 16.6274 1.12378e-05
      vertex -1.6049 16.6278 1.12378e-05
    endloop
  endfacet
  facet normal -0.0377026 -0.768984 -0.638155
    outer loop
      vertex 0.215637 22.6894 2.4
      vertex 0.000895719 24.6916 1.12378e-05
      vertex 0.410857 24.6715 1.12378e-05
    endloop
  endfacet
  facet normal 0.11292 -0.76158 -0.638158
    outer loop
      vertex -0.816871 24.6113 1.12378e-05
      vertex -0.410857 24.6715 1.12378e-05
      vertex -0.215637 22.6894 2.4
    endloop
  endfacet
  facet normal -0.25895 0.725059 -0.638149
    outer loop
      vertex 1.60325 16.6271 1.12378e-05
      vertex 0.841903 18.4675 2.4
      vertex 1.60409 16.6274 1.12378e-05
    endloop
  endfacet
  facet normal -0.259581 0.724819 -0.638165
    outer loop
      vertex 0.841903 18.4675 2.4
      vertex 1.60325 16.6271 1.12378e-05
      vertex 0.638626 18.3947 2.4
    endloop
  endfacet
  facet normal 0.580706 0.506044 -0.63773
    outer loop
      vertex -2.96458 17.5367 1.12378e-05
      vertex -1.55563 18.9444 2.4
      vertex -2.96397 17.536 1.12378e-05
    endloop
  endfacet
  facet normal 0.570342 0.51716 -0.638165
    outer loop
      vertex -1.55563 18.9444 2.4
      vertex -2.96458 17.5367 1.12378e-05
      vertex -1.70062 19.1043 2.4
    endloop
  endfacet
  facet normal 0.570446 -0.517059 -0.638154
    outer loop
      vertex -3.24022 23.1592 1.12378e-05
      vertex -2.96458 23.4633 1.12378e-05
      vertex -1.70062 21.8957 2.4
    endloop
  endfacet
  facet normal 0.329188 0.695984 -0.638155
    outer loop
      vertex -1.6049 16.6278 1.12378e-05
      vertex -1.97595 16.8033 1.12378e-05
      vertex -1.03707 18.5598 2.4
    endloop
  endfacet
  facet normal -0.695515 -0.33037 -0.638055
    outer loop
      vertex 3.87262 22.1041 1.12378e-05
      vertex 1.94023 21.5371 2.4
      vertex 3.87224 22.1049 1.12378e-05
    endloop
  endfacet
  facet normal -0.696016 -0.32911 -0.638161
    outer loop
      vertex 1.94023 21.5371 2.4
      vertex 3.87262 22.1041 1.12378e-05
      vertex 2.03253 21.3419 2.4
    endloop
  endfacet
  facet normal 0.663951 -0.390071 -0.637976
    outer loop
      vertex -1.82923 21.7223 2.4
      vertex -3.48573 22.828 1.12378e-05
      vertex -3.48526 22.8288 1.12378e-05
    endloop
  endfacet
  facet normal 0.660381 -0.395801 -0.638152
    outer loop
      vertex -3.48573 22.828 1.12378e-05
      vertex -1.82923 21.7223 2.4
      vertex -1.94023 21.5371 2.4
    endloop
  endfacet
  facet normal -0.730786 -0.243595 -0.637662
    outer loop
      vertex 3.87292 22.1032 1.12378e-05
      vertex 2.03253 21.3419 2.4
      vertex 3.87262 22.1041 1.12378e-05
    endloop
  endfacet
  facet normal -0.724905 -0.259368 -0.638155
    outer loop
      vertex 2.03253 21.3419 2.4
      vertex 3.87292 22.1032 1.12378e-05
      vertex 2.10527 21.1386 2.4
    endloop
  endfacet
  facet normal -0.517875 -0.569662 -0.638193
    outer loop
      vertex 1.55563 22.0556 2.4
      vertex 2.96331 23.4646 1.12378e-05
      vertex 2.96397 23.464 1.12378e-05
    endloop
  endfacet
  facet normal -0.517072 -0.57042 -0.638167
    outer loop
      vertex 2.96331 23.4646 1.12378e-05
      vertex 1.55563 22.0556 2.4
      vertex 1.39567 22.2006 2.4
    endloop
  endfacet
  facet normal 0.25895 -0.725059 -0.638149
    outer loop
      vertex -1.60325 24.3729 1.12378e-05
      vertex -0.841903 22.5325 2.4
      vertex -1.60409 24.3726 1.12378e-05
    endloop
  endfacet
  facet normal 0.259581 -0.724819 -0.638165
    outer loop
      vertex -0.841903 22.5325 2.4
      vertex -1.60325 24.3729 1.12378e-05
      vertex -0.638626 22.6053 2.4
    endloop
  endfacet
  facet normal 0.660381 0.395801 -0.638152
    outer loop
      vertex -1.82923 19.2777 2.4
      vertex -3.48573 18.172 1.12378e-05
      vertex -1.94023 19.4629 2.4
    endloop
  endfacet
  facet normal 0.663951 0.390071 -0.637976
    outer loop
      vertex -3.48573 18.172 1.12378e-05
      vertex -1.82923 19.2777 2.4
      vertex -3.48526 18.1712 1.12378e-05
    endloop
  endfacet
  facet normal 0.618407 -0.458619 -0.638155
    outer loop
      vertex -3.48473 22.8295 1.12378e-05
      vertex -3.24022 23.1592 1.12378e-05
      vertex -1.70062 21.8957 2.4
    endloop
  endfacet
  facet normal 0.769079 0.0341813 -0.638239
    outer loop
      vertex -2.2 20.5 2.4
      vertex -4.19165 20.4991 1.12378e-05
      vertex -4.19169 20.5 1.12378e-05
    endloop
  endfacet
  facet normal 0.768979 0.0377713 -0.638157
    outer loop
      vertex -4.19165 20.4991 1.12378e-05
      vertex -2.2 20.5 2.4
      vertex -2.18941 20.2844 2.4
    endloop
  endfacet
  facet normal -0.663951 -0.390071 -0.637976
    outer loop
      vertex 3.48573 22.828 1.12378e-05
      vertex 1.82923 21.7223 2.4
      vertex 3.48526 22.8288 1.12378e-05
    endloop
  endfacet
  facet normal -0.660381 -0.395801 -0.638152
    outer loop
      vertex 1.82923 21.7223 2.4
      vertex 3.48573 22.828 1.12378e-05
      vertex 1.94023 21.5371 2.4
    endloop
  endfacet
  facet normal 0.259407 0.724895 -0.63815
    outer loop
      vertex -1.21678 16.4888 1.12378e-05
      vertex -1.60325 16.6271 1.12378e-05
      vertex -0.638626 18.3947 2.4
    endloop
  endfacet
  facet normal 0.724885 0.259413 -0.638158
    outer loop
      vertex -3.87292 18.8968 1.12378e-05
      vertex -4.0112 19.2832 1.12378e-05
      vertex -2.10527 19.8614 2.4
    endloop
  endfacet
  facet normal 0.768979 -0.0377737 -0.638157
    outer loop
      vertex -4.19165 20.5009 1.12378e-05
      vertex -4.17151 20.9109 1.12378e-05
      vertex -2.18941 20.7156 2.4
    endloop
  endfacet
  facet normal 0.76157 0.112979 -0.638159
    outer loop
      vertex -4.11128 19.6831 1.12378e-05
      vertex -4.17151 20.0891 1.12378e-05
      vertex -2.18941 20.2844 2.4
    endloop
  endfacet
  facet normal 0.259581 0.724819 -0.638165
    outer loop
      vertex -1.60325 16.6271 1.12378e-05
      vertex -0.841903 18.4675 2.4
      vertex -0.638626 18.3947 2.4
    endloop
  endfacet
  facet normal 0.25895 0.725059 -0.638149
    outer loop
      vertex -0.841903 18.4675 2.4
      vertex -1.60325 16.6271 1.12378e-05
      vertex -1.60409 16.6274 1.12378e-05
    endloop
  endfacet
  facet normal 0.660346 -0.395851 -0.638157
    outer loop
      vertex -3.69674 22.476 1.12378e-05
      vertex -3.48573 22.828 1.12378e-05
      vertex -1.94023 21.5371 2.4
    endloop
  endfacet
  facet normal 0.252762 -0.73301 -0.631512
    outer loop
      vertex -0.817758 24.6112 1.12378e-05
      vertex -0.638626 22.6053 2.4
      vertex -0.818628 24.6109 1.12378e-05
    endloop
  endfacet
  facet normal 0.18687 -0.746867 -0.638176
    outer loop
      vertex -0.638626 22.6053 2.4
      vertex -0.817758 24.6112 1.12378e-05
      vertex -0.429198 22.6577 2.4
    endloop
  endfacet
  facet normal 0.341289 -0.69111 -0.637094
    outer loop
      vertex -1.60409 24.3726 1.12378e-05
      vertex -1.03707 22.4402 2.4
      vertex -1.6049 24.3722 1.12378e-05
    endloop
  endfacet
  facet normal 0.329155 -0.695994 -0.63816
    outer loop
      vertex -1.03707 22.4402 2.4
      vertex -1.60409 24.3726 1.12378e-05
      vertex -0.841903 22.5325 2.4
    endloop
  endfacet
  facet normal 0.0377026 0.768984 -0.638155
    outer loop
      vertex -0.410857 16.3285 1.12378e-05
      vertex -0.215637 18.3106 2.4
      vertex -0.000895719 16.3084 1.12378e-05
    endloop
  endfacet
  facet normal 0.458624 -0.618402 -0.638156
    outer loop
      vertex -2.65918 23.7402 1.12378e-05
      vertex -2.3295 23.9847 1.12378e-05
      vertex -1.39567 22.2006 2.4
    endloop
  endfacet
  facet normal 0.395789 -0.660386 -0.638155
    outer loop
      vertex -2.32801 23.9857 1.12378e-05
      vertex -1.97595 24.1967 1.12378e-05
      vertex -1.03707 22.4402 2.4
    endloop
  endfacet
  facet normal -0.76157 0.112979 -0.638159
    outer loop
      vertex 4.11128 19.6831 1.12378e-05
      vertex 2.18941 20.2844 2.4
      vertex 4.17151 20.0891 1.12378e-05
    endloop
  endfacet
  facet normal 0.746838 0.187047 -0.638158
    outer loop
      vertex -4.0112 19.2832 1.12378e-05
      vertex -4.11093 19.6814 1.12378e-05
      vertex -2.10527 19.8614 2.4
    endloop
  endfacet
  facet normal -0.724885 0.259413 -0.638158
    outer loop
      vertex 3.87292 18.8968 1.12378e-05
      vertex 2.10527 19.8614 2.4
      vertex 4.0112 19.2832 1.12378e-05
    endloop
  endfacet
  facet normal -0.570342 -0.51716 -0.638165
    outer loop
      vertex 1.55563 22.0556 2.4
      vertex 2.96458 23.4633 1.12378e-05
      vertex 1.70062 21.8957 2.4
    endloop
  endfacet
  facet normal -0.580706 -0.506044 -0.63773
    outer loop
      vertex 2.96458 23.4633 1.12378e-05
      vertex 1.55563 22.0556 2.4
      vertex 2.96397 23.464 1.12378e-05
    endloop
  endfacet
  facet normal 0.458624 0.618402 -0.638156
    outer loop
      vertex -2.3295 17.0153 1.12378e-05
      vertex -2.65918 17.2598 1.12378e-05
      vertex -1.39567 18.7994 2.4
    endloop
  endfacet
  facet normal -0.259407 0.724895 -0.63815
    outer loop
      vertex 1.21678 16.4888 1.12378e-05
      vertex 0.638626 18.3947 2.4
      vertex 1.60325 16.6271 1.12378e-05
    endloop
  endfacet
  facet normal 0.259407 -0.724895 -0.63815
    outer loop
      vertex -1.60325 24.3729 1.12378e-05
      vertex -1.21678 24.5112 1.12378e-05
      vertex -0.638626 22.6053 2.4
    endloop
  endfacet
  facet normal -0.660381 0.395801 -0.638152
    outer loop
      vertex 3.48573 18.172 1.12378e-05
      vertex 1.82923 19.2777 2.4
      vertex 1.94023 19.4629 2.4
    endloop
  endfacet
  facet normal -0.663951 0.390071 -0.637976
    outer loop
      vertex 1.82923 19.2777 2.4
      vertex 3.48573 18.172 1.12378e-05
      vertex 3.48526 18.1712 1.12378e-05
    endloop
  endfacet
  facet normal 0.517072 0.57042 -0.638167
    outer loop
      vertex -2.96331 17.5354 1.12378e-05
      vertex -1.55563 18.9444 2.4
      vertex -1.39567 18.7994 2.4
    endloop
  endfacet
  facet normal 0.517875 0.569662 -0.638193
    outer loop
      vertex -1.55563 18.9444 2.4
      vertex -2.96331 17.5354 1.12378e-05
      vertex -2.96397 17.536 1.12378e-05
    endloop
  endfacet
  facet normal -0.395789 -0.660386 -0.638155
    outer loop
      vertex 1.03707 22.4402 2.4
      vertex 1.97595 24.1967 1.12378e-05
      vertex 2.32801 23.9857 1.12378e-05
    endloop
  endfacet
  facet normal 0.395789 0.660386 -0.638155
    outer loop
      vertex -1.97595 16.8033 1.12378e-05
      vertex -2.32801 17.0143 1.12378e-05
      vertex -1.03707 18.5598 2.4
    endloop
  endfacet
  facet normal -0.493756 0.592507 -0.636506
    outer loop
      vertex 1.22225 18.6708 2.4
      vertex 2.3295 17.0153 1.12378e-05
      vertex 2.32878 17.0147 1.12378e-05
    endloop
  endfacet
  facet normal -0.458592 0.618422 -0.638159
    outer loop
      vertex 2.3295 17.0153 1.12378e-05
      vertex 1.22225 18.6708 2.4
      vertex 1.39567 18.7994 2.4
    endloop
  endfacet
  facet normal -0.61395 0.464848 -0.637951
    outer loop
      vertex 3.48473 18.1705 1.12378e-05
      vertex 1.82923 19.2777 2.4
      vertex 3.48526 18.1712 1.12378e-05
    endloop
  endfacet
  facet normal -0.618385 0.458653 -0.638152
    outer loop
      vertex 1.82923 19.2777 2.4
      vertex 3.48473 18.1705 1.12378e-05
      vertex 1.70062 19.1043 2.4
    endloop
  endfacet
  facet normal 0.618385 -0.458653 -0.638152
    outer loop
      vertex -1.82923 21.7223 2.4
      vertex -3.48473 22.8295 1.12378e-05
      vertex -1.70062 21.8957 2.4
    endloop
  endfacet
  facet normal 0.61395 -0.464848 -0.637951
    outer loop
      vertex -3.48473 22.8295 1.12378e-05
      vertex -1.82923 21.7223 2.4
      vertex -3.48526 22.8288 1.12378e-05
    endloop
  endfacet
  facet normal -0.458624 -0.618402 -0.638156
    outer loop
      vertex 1.39567 22.2006 2.4
      vertex 2.3295 23.9847 1.12378e-05
      vertex 2.65918 23.7402 1.12378e-05
    endloop
  endfacet
  facet normal 0.761576 0.112953 -0.638157
    outer loop
      vertex -2.15773 20.0708 2.4
      vertex -4.11128 19.6831 1.12378e-05
      vertex -2.18941 20.2844 2.4
    endloop
  endfacet
  facet normal 0.762058 0.110075 -0.638084
    outer loop
      vertex -4.11128 19.6831 1.12378e-05
      vertex -2.15773 20.0708 2.4
      vertex -4.11115 19.6822 1.12378e-05
    endloop
  endfacet
  facet normal 0.618385 0.458653 -0.638152
    outer loop
      vertex -3.48473 18.1705 1.12378e-05
      vertex -1.82923 19.2777 2.4
      vertex -1.70062 19.1043 2.4
    endloop
  endfacet
  facet normal 0.61395 0.464848 -0.637951
    outer loop
      vertex -1.82923 19.2777 2.4
      vertex -3.48473 18.1705 1.12378e-05
      vertex -3.48526 18.1712 1.12378e-05
    endloop
  endfacet
  facet normal -0.618407 0.458619 -0.638155
    outer loop
      vertex 3.24022 17.8408 1.12378e-05
      vertex 1.70062 19.1043 2.4
      vertex 3.48473 18.1705 1.12378e-05
    endloop
  endfacet
  facet normal 0.695515 -0.33037 -0.638055
    outer loop
      vertex -1.94023 21.5371 2.4
      vertex -3.87262 22.1041 1.12378e-05
      vertex -3.87224 22.1049 1.12378e-05
    endloop
  endfacet
  facet normal 0.696016 -0.32911 -0.638161
    outer loop
      vertex -3.87262 22.1041 1.12378e-05
      vertex -1.94023 21.5371 2.4
      vertex -2.03253 21.3419 2.4
    endloop
  endfacet
  facet normal 0.695999 0.329151 -0.638157
    outer loop
      vertex -3.69674 18.524 1.12378e-05
      vertex -3.87224 18.8951 1.12378e-05
      vertex -1.94023 19.4629 2.4
    endloop
  endfacet
  facet normal 0.517072 -0.57042 -0.638167
    outer loop
      vertex -1.55563 22.0556 2.4
      vertex -2.96331 23.4646 1.12378e-05
      vertex -1.39567 22.2006 2.4
    endloop
  endfacet
  facet normal 0.517875 -0.569662 -0.638193
    outer loop
      vertex -2.96331 23.4646 1.12378e-05
      vertex -1.55563 22.0556 2.4
      vertex -2.96397 23.464 1.12378e-05
    endloop
  endfacet
  facet normal -0.695999 -0.329151 -0.638157
    outer loop
      vertex 1.94023 21.5371 2.4
      vertex 3.69674 22.476 1.12378e-05
      vertex 3.87224 22.1049 1.12378e-05
    endloop
  endfacet
  facet normal -0.724885 -0.259413 -0.638158
    outer loop
      vertex 2.10527 21.1386 2.4
      vertex 3.87292 22.1032 1.12378e-05
      vertex 4.0112 21.7168 1.12378e-05
    endloop
  endfacet
  facet normal -0.0378008 0.768986 -0.638147
    outer loop
      vertex 0.000895719 16.3084 1.12378e-05
      vertex 0 18.3 2.4
      vertex 0.215637 18.3106 2.4
    endloop
  endfacet
  facet normal -0.0855964 0.766703 -0.63627
    outer loop
      vertex 0 18.3 2.4
      vertex 0.000895719 16.3084 1.12378e-05
      vertex 0 16.3083 1.12378e-05
    endloop
  endfacet
  facet normal -0.618407 -0.458619 -0.638155
    outer loop
      vertex 1.70062 21.8957 2.4
      vertex 3.24022 23.1592 1.12378e-05
      vertex 3.48473 22.8295 1.12378e-05
    endloop
  endfacet
  facet normal 0.0378008 -0.768986 -0.638147
    outer loop
      vertex -0.000895719 24.6916 1.12378e-05
      vertex 0 22.7 2.4
      vertex -0.215637 22.6894 2.4
    endloop
  endfacet
  facet normal 0.0855964 -0.766703 -0.63627
    outer loop
      vertex 0 22.7 2.4
      vertex -0.000895719 24.6916 1.12378e-05
      vertex 0 24.6917 1.12378e-05
    endloop
  endfacet
  facet normal -0.329155 -0.695994 -0.63816
    outer loop
      vertex 1.60409 24.3726 1.12378e-05
      vertex 1.03707 22.4402 2.4
      vertex 0.841903 22.5325 2.4
    endloop
  endfacet
  facet normal -0.341289 -0.69111 -0.637094
    outer loop
      vertex 1.03707 22.4402 2.4
      vertex 1.60409 24.3726 1.12378e-05
      vertex 1.6049 24.3722 1.12378e-05
    endloop
  endfacet
  facet normal -0.458592 -0.618422 -0.638159
    outer loop
      vertex 1.22225 22.3292 2.4
      vertex 2.3295 23.9847 1.12378e-05
      vertex 1.39567 22.2006 2.4
    endloop
  endfacet
  facet normal -0.493756 -0.592507 -0.636506
    outer loop
      vertex 2.3295 23.9847 1.12378e-05
      vertex 1.22225 22.3292 2.4
      vertex 2.32878 23.9853 1.12378e-05
    endloop
  endfacet
  facet normal -0.746838 -0.187047 -0.638158
    outer loop
      vertex 2.10527 21.1386 2.4
      vertex 4.0112 21.7168 1.12378e-05
      vertex 4.11093 21.3186 1.12378e-05
    endloop
  endfacet
  facet normal 0.187017 -0.746853 -0.63815
    outer loop
      vertex -1.21678 24.5112 1.12378e-05
      vertex -0.818628 24.6109 1.12378e-05
      vertex -0.638626 22.6053 2.4
    endloop
  endfacet
  facet normal -0.187017 -0.746853 -0.63815
    outer loop
      vertex 0.638626 22.6053 2.4
      vertex 0.818628 24.6109 1.12378e-05
      vertex 1.21678 24.5112 1.12378e-05
    endloop
  endfacet
  facet normal -0.762058 -0.110075 -0.638084
    outer loop
      vertex 4.11128 21.3169 1.12378e-05
      vertex 2.15773 20.9292 2.4
      vertex 4.11115 21.3178 1.12378e-05
    endloop
  endfacet
  facet normal -0.761576 -0.112953 -0.638157
    outer loop
      vertex 2.15773 20.9292 2.4
      vertex 4.11128 21.3169 1.12378e-05
      vertex 2.18941 20.7156 2.4
    endloop
  endfacet
  facet normal -0.76157 -0.112979 -0.638159
    outer loop
      vertex 2.18941 20.7156 2.4
      vertex 4.11128 21.3169 1.12378e-05
      vertex 4.17151 20.9109 1.12378e-05
    endloop
  endfacet
  facet normal -0.458624 0.618402 -0.638156
    outer loop
      vertex 2.3295 17.0153 1.12378e-05
      vertex 1.39567 18.7994 2.4
      vertex 2.65918 17.2598 1.12378e-05
    endloop
  endfacet
  facet normal -0.61395 -0.464848 -0.637951
    outer loop
      vertex 1.82923 21.7223 2.4
      vertex 3.48473 22.8295 1.12378e-05
      vertex 3.48526 22.8288 1.12378e-05
    endloop
  endfacet
  facet normal -0.618385 -0.458653 -0.638152
    outer loop
      vertex 3.48473 22.8295 1.12378e-05
      vertex 1.82923 21.7223 2.4
      vertex 1.70062 21.8957 2.4
    endloop
  endfacet
  facet normal -0.570446 0.517059 -0.638154
    outer loop
      vertex 2.96458 17.5367 1.12378e-05
      vertex 1.70062 19.1043 2.4
      vertex 3.24022 17.8408 1.12378e-05
    endloop
  endfacet
  facet normal -0.516988 -0.570507 -0.638158
    outer loop
      vertex 1.39567 22.2006 2.4
      vertex 2.65918 23.7402 1.12378e-05
      vertex 2.96331 23.4646 1.12378e-05
    endloop
  endfacet
  facet normal -0.695999 0.329151 -0.638157
    outer loop
      vertex 3.69674 18.524 1.12378e-05
      vertex 1.94023 19.4629 2.4
      vertex 3.87224 18.8951 1.12378e-05
    endloop
  endfacet
  facet normal -0.395829 -0.660358 -0.638159
    outer loop
      vertex 2.32801 23.9857 1.12378e-05
      vertex 1.22225 22.3292 2.4
      vertex 1.03707 22.4402 2.4
    endloop
  endfacet
  facet normal -0.355614 -0.684557 -0.636333
    outer loop
      vertex 1.22225 22.3292 2.4
      vertex 2.32801 23.9857 1.12378e-05
      vertex 2.32878 23.9853 1.12378e-05
    endloop
  endfacet
  facet normal 0.724885 -0.259413 -0.638158
    outer loop
      vertex -4.0112 21.7168 1.12378e-05
      vertex -3.87292 22.1032 1.12378e-05
      vertex -2.10527 21.1386 2.4
    endloop
  endfacet
  facet normal -0.696016 0.32911 -0.638161
    outer loop
      vertex 3.87262 18.8959 1.12378e-05
      vertex 1.94023 19.4629 2.4
      vertex 2.03253 19.6581 2.4
    endloop
  endfacet
  facet normal -0.695515 0.33037 -0.638055
    outer loop
      vertex 1.94023 19.4629 2.4
      vertex 3.87262 18.8959 1.12378e-05
      vertex 3.87224 18.8951 1.12378e-05
    endloop
  endfacet
  facet normal -0.0377026 0.768984 -0.638155
    outer loop
      vertex 0.000895719 16.3084 1.12378e-05
      vertex 0.215637 18.3106 2.4
      vertex 0.410857 16.3285 1.12378e-05
    endloop
  endfacet
  facet normal -0.761576 0.112953 -0.638157
    outer loop
      vertex 4.11128 19.6831 1.12378e-05
      vertex 2.15773 20.0708 2.4
      vertex 2.18941 20.2844 2.4
    endloop
  endfacet
  facet normal -0.762058 0.110075 -0.638084
    outer loop
      vertex 2.15773 20.0708 2.4
      vertex 4.11128 19.6831 1.12378e-05
      vertex 4.11115 19.6822 1.12378e-05
    endloop
  endfacet
  facet normal -0.252762 0.73301 -0.631512
    outer loop
      vertex 0.817758 16.3888 1.12378e-05
      vertex 0.638626 18.3947 2.4
      vertex 0.818628 16.3891 1.12378e-05
    endloop
  endfacet
  facet normal -0.18687 0.746867 -0.638176
    outer loop
      vertex 0.638626 18.3947 2.4
      vertex 0.817758 16.3888 1.12378e-05
      vertex 0.429198 18.3423 2.4
    endloop
  endfacet
  facet normal -0.11292 -0.76158 -0.638158
    outer loop
      vertex 0.215637 22.6894 2.4
      vertex 0.410857 24.6715 1.12378e-05
      vertex 0.816871 24.6113 1.12378e-05
    endloop
  endfacet
  facet normal -0.660346 0.395851 -0.638157
    outer loop
      vertex 3.48573 18.172 1.12378e-05
      vertex 1.94023 19.4629 2.4
      vertex 3.69674 18.524 1.12378e-05
    endloop
  endfacet
  facet normal -0.517875 0.569662 -0.638193
    outer loop
      vertex 2.96331 17.5354 1.12378e-05
      vertex 1.55563 18.9444 2.4
      vertex 2.96397 17.536 1.12378e-05
    endloop
  endfacet
  facet normal -0.517072 0.57042 -0.638167
    outer loop
      vertex 1.55563 18.9444 2.4
      vertex 2.96331 17.5354 1.12378e-05
      vertex 1.39567 18.7994 2.4
    endloop
  endfacet
  facet normal 0.395829 0.660358 -0.638159
    outer loop
      vertex -2.32801 17.0143 1.12378e-05
      vertex -1.22225 18.6708 2.4
      vertex -1.03707 18.5598 2.4
    endloop
  endfacet
  facet normal 0.355614 0.684557 -0.636333
    outer loop
      vertex -1.22225 18.6708 2.4
      vertex -2.32801 17.0143 1.12378e-05
      vertex -2.32878 17.0147 1.12378e-05
    endloop
  endfacet
  facet normal 0.355614 -0.684557 -0.636333
    outer loop
      vertex -2.32801 23.9857 1.12378e-05
      vertex -1.22225 22.3292 2.4
      vertex -2.32878 23.9853 1.12378e-05
    endloop
  endfacet
  facet normal 0.395829 -0.660358 -0.638159
    outer loop
      vertex -1.22225 22.3292 2.4
      vertex -2.32801 23.9857 1.12378e-05
      vertex -1.03707 22.4402 2.4
    endloop
  endfacet
  facet normal -0.580706 0.506044 -0.63773
    outer loop
      vertex 1.55563 18.9444 2.4
      vertex 2.96458 17.5367 1.12378e-05
      vertex 2.96397 17.536 1.12378e-05
    endloop
  endfacet
  facet normal -0.570342 0.51716 -0.638165
    outer loop
      vertex 2.96458 17.5367 1.12378e-05
      vertex 1.55563 18.9444 2.4
      vertex 1.70062 19.1043 2.4
    endloop
  endfacet
  facet normal -0.11292 0.76158 -0.638158
    outer loop
      vertex 0.410857 16.3285 1.12378e-05
      vertex 0.215637 18.3106 2.4
      vertex 0.816871 16.3887 1.12378e-05
    endloop
  endfacet
  facet normal 0.724905 0.259368 -0.638155
    outer loop
      vertex -2.03253 19.6581 2.4
      vertex -3.87292 18.8968 1.12378e-05
      vertex -2.10527 19.8614 2.4
    endloop
  endfacet
  facet normal 0.730786 0.243595 -0.637662
    outer loop
      vertex -3.87292 18.8968 1.12378e-05
      vertex -2.03253 19.6581 2.4
      vertex -3.87262 18.8959 1.12378e-05
    endloop
  endfacet
  facet normal 0.746826 0.187099 -0.638158
    outer loop
      vertex -2.10527 19.8614 2.4
      vertex -4.11115 19.6822 1.12378e-05
      vertex -2.15773 20.0708 2.4
    endloop
  endfacet
  facet normal 0.743518 0.204467 -0.63669
    outer loop
      vertex -4.11115 19.6822 1.12378e-05
      vertex -2.10527 19.8614 2.4
      vertex -4.11093 19.6814 1.12378e-05
    endloop
  endfacet
  facet normal 0.516988 -0.570507 -0.638158
    outer loop
      vertex -2.96331 23.4646 1.12378e-05
      vertex -2.65918 23.7402 1.12378e-05
      vertex -1.39567 22.2006 2.4
    endloop
  endfacet
  facet normal 0.746838 -0.187047 -0.638158
    outer loop
      vertex -4.11093 21.3186 1.12378e-05
      vertex -4.0112 21.7168 1.12378e-05
      vertex -2.10527 21.1386 2.4
    endloop
  endfacet
  facet normal -0.0855964 -0.766703 -0.63627
    outer loop
      vertex 0.000895719 24.6916 1.12378e-05
      vertex 0 22.7 2.4
      vertex 0 24.6917 1.12378e-05
    endloop
  endfacet
  facet normal -0.0378008 -0.768986 -0.638147
    outer loop
      vertex 0 22.7 2.4
      vertex 0.000895719 24.6916 1.12378e-05
      vertex 0.215637 22.6894 2.4
    endloop
  endfacet
  facet normal -0.18687 -0.746867 -0.638176
    outer loop
      vertex 0.817758 24.6112 1.12378e-05
      vertex 0.638626 22.6053 2.4
      vertex 0.429198 22.6577 2.4
    endloop
  endfacet
  facet normal -0.252762 -0.73301 -0.631512
    outer loop
      vertex 0.638626 22.6053 2.4
      vertex 0.817758 24.6112 1.12378e-05
      vertex 0.818628 24.6109 1.12378e-05
    endloop
  endfacet
  facet normal -0.341289 0.69111 -0.637094
    outer loop
      vertex 1.60409 16.6274 1.12378e-05
      vertex 1.03707 18.5598 2.4
      vertex 1.6049 16.6278 1.12378e-05
    endloop
  endfacet
  facet normal -0.329155 0.695994 -0.63816
    outer loop
      vertex 1.03707 18.5598 2.4
      vertex 1.60409 16.6274 1.12378e-05
      vertex 0.841903 18.4675 2.4
    endloop
  endfacet
  facet normal -0.086333 0.765774 -0.637289
    outer loop
      vertex 0.816871 16.3887 1.12378e-05
      vertex 0.429198 18.3423 2.4
      vertex 0.817758 16.3888 1.12378e-05
    endloop
  endfacet
  facet normal -0.113041 0.761554 -0.638167
    outer loop
      vertex 0.429198 18.3423 2.4
      vertex 0.816871 16.3887 1.12378e-05
      vertex 0.215637 18.3106 2.4
    endloop
  endfacet
  facet normal -0.724905 0.259368 -0.638155
    outer loop
      vertex 3.87292 18.8968 1.12378e-05
      vertex 2.03253 19.6581 2.4
      vertex 2.10527 19.8614 2.4
    endloop
  endfacet
  facet normal -0.730786 0.243595 -0.637662
    outer loop
      vertex 2.03253 19.6581 2.4
      vertex 3.87292 18.8968 1.12378e-05
      vertex 3.87262 18.8959 1.12378e-05
    endloop
  endfacet
  facet normal -0.768979 0.0377737 -0.638157
    outer loop
      vertex 4.17151 20.0891 1.12378e-05
      vertex 2.18941 20.2844 2.4
      vertex 4.19165 20.4991 1.12378e-05
    endloop
  endfacet
  facet normal 0.086333 -0.765774 -0.637289
    outer loop
      vertex -0.816871 24.6113 1.12378e-05
      vertex -0.429198 22.6577 2.4
      vertex -0.817758 24.6112 1.12378e-05
    endloop
  endfacet
  facet normal 0.113041 -0.761554 -0.638167
    outer loop
      vertex -0.429198 22.6577 2.4
      vertex -0.816871 24.6113 1.12378e-05
      vertex -0.215637 22.6894 2.4
    endloop
  endfacet
  facet normal -0.329188 0.695984 -0.638155
    outer loop
      vertex 1.6049 16.6278 1.12378e-05
      vertex 1.03707 18.5598 2.4
      vertex 1.97595 16.8033 1.12378e-05
    endloop
  endfacet
  facet normal -0.743518 -0.204467 -0.63669
    outer loop
      vertex 4.11115 21.3178 1.12378e-05
      vertex 2.10527 21.1386 2.4
      vertex 4.11093 21.3186 1.12378e-05
    endloop
  endfacet
  facet normal -0.746826 -0.187099 -0.638158
    outer loop
      vertex 2.10527 21.1386 2.4
      vertex 4.11115 21.3178 1.12378e-05
      vertex 2.15773 20.9292 2.4
    endloop
  endfacet
  facet normal 0.113041 0.761554 -0.638167
    outer loop
      vertex -0.816871 16.3887 1.12378e-05
      vertex -0.429198 18.3423 2.4
      vertex -0.215637 18.3106 2.4
    endloop
  endfacet
  facet normal 0.086333 0.765774 -0.637289
    outer loop
      vertex -0.429198 18.3423 2.4
      vertex -0.816871 16.3887 1.12378e-05
      vertex -0.817758 16.3888 1.12378e-05
    endloop
  endfacet
  facet normal -0.355614 0.684557 -0.636333
    outer loop
      vertex 2.32801 17.0143 1.12378e-05
      vertex 1.22225 18.6708 2.4
      vertex 2.32878 17.0147 1.12378e-05
    endloop
  endfacet
  facet normal -0.395829 0.660358 -0.638159
    outer loop
      vertex 1.22225 18.6708 2.4
      vertex 2.32801 17.0143 1.12378e-05
      vertex 1.03707 18.5598 2.4
    endloop
  endfacet
  facet normal -0.746826 0.187099 -0.638158
    outer loop
      vertex 4.11115 19.6822 1.12378e-05
      vertex 2.10527 19.8614 2.4
      vertex 2.15773 20.0708 2.4
    endloop
  endfacet
  facet normal -0.743518 0.204467 -0.63669
    outer loop
      vertex 2.10527 19.8614 2.4
      vertex 4.11115 19.6822 1.12378e-05
      vertex 4.11093 19.6814 1.12378e-05
    endloop
  endfacet
  facet normal 0.18687 0.746867 -0.638176
    outer loop
      vertex -0.817758 16.3888 1.12378e-05
      vertex -0.638626 18.3947 2.4
      vertex -0.429198 18.3423 2.4
    endloop
  endfacet
  facet normal 0.252762 0.73301 -0.631512
    outer loop
      vertex -0.638626 18.3947 2.4
      vertex -0.817758 16.3888 1.12378e-05
      vertex -0.818628 16.3891 1.12378e-05
    endloop
  endfacet
  facet normal 0.743518 -0.204467 -0.63669
    outer loop
      vertex -2.10527 21.1386 2.4
      vertex -4.11115 21.3178 1.12378e-05
      vertex -4.11093 21.3186 1.12378e-05
    endloop
  endfacet
  facet normal 0.746826 -0.187099 -0.638158
    outer loop
      vertex -4.11115 21.3178 1.12378e-05
      vertex -2.10527 21.1386 2.4
      vertex -2.15773 20.9292 2.4
    endloop
  endfacet
  facet normal 0.762058 -0.110075 -0.638084
    outer loop
      vertex -2.15773 20.9292 2.4
      vertex -4.11128 21.3169 1.12378e-05
      vertex -4.11115 21.3178 1.12378e-05
    endloop
  endfacet
  facet normal 0.761576 -0.112953 -0.638157
    outer loop
      vertex -4.11128 21.3169 1.12378e-05
      vertex -2.15773 20.9292 2.4
      vertex -2.18941 20.7156 2.4
    endloop
  endfacet
  facet normal -0.113041 -0.761554 -0.638167
    outer loop
      vertex 0.816871 24.6113 1.12378e-05
      vertex 0.429198 22.6577 2.4
      vertex 0.215637 22.6894 2.4
    endloop
  endfacet
  facet normal -0.086333 -0.765774 -0.637289
    outer loop
      vertex 0.429198 22.6577 2.4
      vertex 0.816871 24.6113 1.12378e-05
      vertex 0.817758 24.6112 1.12378e-05
    endloop
  endfacet
  facet normal 0 0 1
    outer loop
      vertex 5.2 15.3 12.7627
      vertex 8 67.9 12.7627
      vertex 5.2 65.7 12.7627
    endloop
  endfacet
  facet normal 0 0 1
    outer loop
      vertex 8 67.9 12.7627
      vertex -5.2 65.7 12.7627
      vertex 5.2 65.7 12.7627
    endloop
  endfacet
  facet normal 0 0 1
    outer loop
      vertex -5.2 65.7 12.7627
      vertex -8 67.9 12.7627
      vertex -5.2 15.3 12.7627
    endloop
  endfacet
  facet normal -0 0 1
    outer loop
      vertex -8 67.9 12.7627
      vertex -5.2 65.7 12.7627
      vertex 8 67.9 12.7627
    endloop
  endfacet
  facet normal 0 0 1
    outer loop
      vertex 8 67.9 12.7627
      vertex 5.2 15.3 12.7627
      vertex 8 0 12.7627
    endloop
  endfacet
  facet normal -0 0 1
    outer loop
      vertex -5.2 15.3 12.7627
      vertex 8 0 12.7627
      vertex 5.2 15.3 12.7627
    endloop
  endfacet
  facet normal 0 0 1
    outer loop
      vertex -5.2 15.3 12.7627
      vertex -8 0 12.7627
      vertex 8 0 12.7627
    endloop
  endfacet
  facet normal 0 0 1
    outer loop
      vertex -8 0 12.7627
      vertex -5.2 15.3 12.7627
      vertex -8 67.9 12.7627
    endloop
  endfacet
  facet normal -0.954231 1.72668e-07 0.299069
    outer loop
      vertex -9.14917 7.69181 9.09611
      vertex -8 67.9 12.7627
      vertex -12 67.9 1.12378e-05
    endloop
  endfacet
  facet normal -0.954222 -1.88876e-06 0.2991
    outer loop
      vertex -8 67.9 12.7627
      vertex -9.14917 7.69181 9.09611
      vertex -9.09694 7.7 9.26274
    endloop
  endfacet
  facet normal -0.954236 -2.08969e-06 0.299055
    outer loop
      vertex -12 67.9 1.12378e-05
      vertex -9.20089 7.66733 8.93108
      vertex -9.14917 7.69181 9.09611
    endloop
  endfacet
  facet normal -0.954231 3.62111e-07 0.299071
    outer loop
      vertex -12 67.9 1.12378e-05
      vertex -9.25161 7.6268 8.76925
      vertex -9.20089 7.66733 8.93108
    endloop
  endfacet
  facet normal -0.954233 -7.16294e-07 0.299064
    outer loop
      vertex -12 67.9 1.12378e-05
      vertex -9.30084 7.57059 8.61217
      vertex -9.25161 7.6268 8.76925
    endloop
  endfacet
  facet normal -0.954225 3.57866e-06 0.299091
    outer loop
      vertex -12 67.9 1.12378e-05
      vertex -9.34811 7.49927 8.46136
      vertex -9.30084 7.57059 8.61217
    endloop
  endfacet
  facet normal -0.954243 -5.30283e-06 0.299033
    outer loop
      vertex -12 67.9 1.12378e-05
      vertex -9.39295 7.4135 8.31827
      vertex -9.34811 7.49927 8.46136
    endloop
  endfacet
  facet normal -0.954227 2.3683e-06 0.299084
    outer loop
      vertex -12 67.9 1.12378e-05
      vertex -9.43495 7.31412 8.18427
      vertex -9.39295 7.4135 8.31827
    endloop
  endfacet
  facet normal -0.954234 -8.67967e-07 0.299062
    outer loop
      vertex -12 67.9 1.12378e-05
      vertex -9.47369 7.20208 8.06066
      vertex -9.43495 7.31412 8.18427
    endloop
  endfacet
  facet normal -0.954221 5.16607e-06 0.299104
    outer loop
      vertex -12 67.9 1.12378e-05
      vertex -9.50881 7.07847 7.94862
      vertex -9.47369 7.20208 8.06066
    endloop
  endfacet
  facet normal -0.954232 0 0.299068
    outer loop
      vertex -12 0 1.12378e-05
      vertex -9.50881 7.07847 7.94862
      vertex -12 67.9 1.12378e-05
    endloop
  endfacet
  facet normal -0.954195 -0.000144546 0.299185
    outer loop
      vertex -9.50881 7.07847 7.94862
      vertex -12 0 1.12378e-05
      vertex -9.53995 6.94447 7.84924
    endloop
  endfacet
  facet normal -0.954227 -2.02916e-05 0.299085
    outer loop
      vertex -9.53995 6.94447 7.84924
      vertex -12 0 1.12378e-05
      vertex -9.56683 6.80137 7.76347
    endloop
  endfacet
  facet normal -0.954243 4.58174e-05 0.299032
    outer loop
      vertex -9.56683 6.80137 7.76347
      vertex -12 0 1.12378e-05
      vertex -9.58919 6.65056 7.69214
    endloop
  endfacet
  facet normal -0.954224 -3.33136e-05 0.299094
    outer loop
      vertex -9.58919 6.65056 7.69214
      vertex -12 0 1.12378e-05
      vertex -9.6068 6.49348 7.63594
    endloop
  endfacet
  facet normal -0.954239 3.17203e-05 0.299044
    outer loop
      vertex -9.6068 6.49348 7.63594
      vertex -12 0 1.12378e-05
      vertex -9.61951 6.33165 7.5954
    endloop
  endfacet
  facet normal -0.954228 -1.54319e-05 0.29908
    outer loop
      vertex -9.61951 6.33165 7.5954
      vertex -12 0 1.12378e-05
      vertex -9.62718 6.16663 7.57092
    endloop
  endfacet
  facet normal -0.95424 3.74794e-05 0.299041
    outer loop
      vertex -9.62718 6.16663 7.57092
      vertex -12 0 1.12378e-05
      vertex -9.62975 6 7.56274
    endloop
  endfacet
  facet normal -0.954237 -1.76488e-05 0.299053
    outer loop
      vertex -9.20089 4.33266 8.93108
      vertex -8 0 12.7627
      vertex -9.14917 4.30819 9.09611
    endloop
  endfacet
  facet normal -0.954231 -4.58566e-07 0.29907
    outer loop
      vertex -9.25161 4.3732 8.76925
      vertex -8 0 12.7627
      vertex -9.20089 4.33266 8.93108
    endloop
  endfacet
  facet normal -0.954234 -1.10489e-05 0.29906
    outer loop
      vertex -9.30084 4.4294 8.61217
      vertex -8 0 12.7627
      vertex -9.25161 4.3732 8.76925
    endloop
  endfacet
  facet normal -0.954231 -1.62129e-06 0.299069
    outer loop
      vertex -8 0 12.7627
      vertex -9.30084 4.4294 8.61217
      vertex -12 0 1.12378e-05
    endloop
  endfacet
  facet normal -0.954228 -2.71058e-05 0.299081
    outer loop
      vertex -9.34811 4.50073 8.46136
      vertex -12 0 1.12378e-05
      vertex -9.30084 4.4294 8.61217
    endloop
  endfacet
  facet normal -0.954237 3.6269e-05 0.29905
    outer loop
      vertex -9.39295 4.5865 8.31827
      vertex -12 0 1.12378e-05
      vertex -9.34811 4.50073 8.46136
    endloop
  endfacet
  facet normal -0.954229 -1.4677e-05 0.299076
    outer loop
      vertex -9.43495 4.68588 8.18427
      vertex -12 0 1.12378e-05
      vertex -9.39295 4.5865 8.31827
    endloop
  endfacet
  facet normal -0.954233 4.87647e-06 0.299066
    outer loop
      vertex -9.47369 4.79792 8.06066
      vertex -12 0 1.12378e-05
      vertex -9.43495 4.68588 8.18427
    endloop
  endfacet
  facet normal -0.954227 -2.62592e-05 0.299083
    outer loop
      vertex -9.50881 4.92153 7.94862
      vertex -12 0 1.12378e-05
      vertex -9.47369 4.79792 8.06066
    endloop
  endfacet
  facet normal -0.954238 3.36364e-05 0.299049
    outer loop
      vertex -9.53995 5.05553 7.84924
      vertex -12 0 1.12378e-05
      vertex -9.50881 4.92153 7.94862
    endloop
  endfacet
  facet normal -0.954233 6.87704e-06 0.299065
    outer loop
      vertex -9.56683 5.19862 7.76347
      vertex -12 0 1.12378e-05
      vertex -9.53995 5.05553 7.84924
    endloop
  endfacet
  facet normal -0.954228 -2.03768e-05 0.299081
    outer loop
      vertex -9.58919 5.34944 7.69214
      vertex -12 0 1.12378e-05
      vertex -9.56683 5.19862 7.76347
    endloop
  endfacet
  facet normal -0.954235 1.84246e-05 0.299057
    outer loop
      vertex -9.6068 5.50652 7.63594
      vertex -12 0 1.12378e-05
      vertex -9.58919 5.34944 7.69214
    endloop
  endfacet
  facet normal -0.954227 -2.11431e-05 0.299083
    outer loop
      vertex -9.61951 5.66835 7.5954
      vertex -12 0 1.12378e-05
      vertex -9.6068 5.50652 7.63594
    endloop
  endfacet
  facet normal -0.954234 1.21757e-05 0.29906
    outer loop
      vertex -9.62718 5.83337 7.57092
      vertex -12 0 1.12378e-05
      vertex -9.61951 5.66835 7.5954
    endloop
  endfacet
  facet normal -0.954224 -3.46688e-05 0.299093
    outer loop
      vertex -9.62975 6 7.56274
      vertex -12 0 1.12378e-05
      vertex -9.62718 5.83337 7.57092
    endloop
  endfacet
  facet normal -0.954238 1.44192e-06 0.299048
    outer loop
      vertex -9.04472 7.69181 9.42937
      vertex -8 67.9 12.7627
      vertex -9.09694 7.7 9.26274
    endloop
  endfacet
  facet normal -0.954231 -1.26886e-08 0.299072
    outer loop
      vertex -8.993 7.66733 9.59439
      vertex -8 67.9 12.7627
      vertex -9.04472 7.69181 9.42937
    endloop
  endfacet
  facet normal -0.954231 4.89683e-08 0.299071
    outer loop
      vertex -8.94228 7.6268 9.75622
      vertex -8 67.9 12.7627
      vertex -8.993 7.66733 9.59439
    endloop
  endfacet
  facet normal -0.954233 4.28957e-07 0.299064
    outer loop
      vertex -8.89305 7.57059 9.9133
      vertex -8 67.9 12.7627
      vertex -8.94228 7.6268 9.75622
    endloop
  endfacet
  facet normal -0.954219 -1.96961e-06 0.29911
    outer loop
      vertex -8.84578 7.49927 10.0641
      vertex -8 67.9 12.7627
      vertex -8.89305 7.57059 9.9133
    endloop
  endfacet
  facet normal -0.954249 2.78421e-06 0.299013
    outer loop
      vertex -8.80094 7.4135 10.2072
      vertex -8 67.9 12.7627
      vertex -8.84578 7.49927 10.0641
    endloop
  endfacet
  facet normal -0.954226 -5.75333e-07 0.299085
    outer loop
      vertex -8.75894 7.31412 10.3412
      vertex -8 67.9 12.7627
      vertex -8.80094 7.4135 10.2072
    endloop
  endfacet
  facet normal -0.954227 -4.82787e-07 0.299083
    outer loop
      vertex -8.7202 7.20208 10.4648
      vertex -8 67.9 12.7627
      vertex -8.75894 7.31412 10.3412
    endloop
  endfacet
  facet normal -0.954263 4.33117e-06 0.298968
    outer loop
      vertex -8.68508 7.07847 10.5769
      vertex -8 67.9 12.7627
      vertex -8.7202 7.20208 10.4648
    endloop
  endfacet
  facet normal -0.954184 -5.63065e-06 0.29922
    outer loop
      vertex -8.65394 6.94447 10.6762
      vertex -8 67.9 12.7627
      vertex -8.68508 7.07847 10.5769
    endloop
  endfacet
  facet normal -0.954264 3.95821e-06 0.298965
    outer loop
      vertex -8.62706 6.80137 10.762
      vertex -8 67.9 12.7627
      vertex -8.65394 6.94447 10.6762
    endloop
  endfacet
  facet normal -0.954183 -5.38211e-06 0.299225
    outer loop
      vertex -8.6047 6.65056 10.8333
      vertex -8 67.9 12.7627
      vertex -8.62706 6.80137 10.762
    endloop
  endfacet
  facet normal -0.954249 1.88695e-06 0.299014
    outer loop
      vertex -8.58709 6.49348 10.8895
      vertex -8 67.9 12.7627
      vertex -8.6047 6.65056 10.8333
    endloop
  endfacet
  facet normal -0.954319 9.37922e-06 0.298791
    outer loop
      vertex -8.57438 6.33165 10.9301
      vertex -8 67.9 12.7627
      vertex -8.58709 6.49348 10.8895
    endloop
  endfacet
  facet normal -0.954125 0.000105382 0.299409
    outer loop
      vertex -8 0 12.7627
      vertex -8.57438 6.33165 10.9301
      vertex -8.56671 6.16663 10.9546
    endloop
  endfacet
  facet normal -0.954436 -0.000214429 0.298416
    outer loop
      vertex -8 0 12.7627
      vertex -8.56671 6.16663 10.9546
      vertex -8.56414 6 10.9627
    endloop
  endfacet
  facet normal -0.954221 2.74659e-05 0.299101
    outer loop
      vertex -9.14917 4.30819 9.09611
      vertex -8 0 12.7627
      vertex -9.09694 4.3 9.26274
    endloop
  endfacet
  facet normal -0.954238 -1.94658e-05 0.299049
    outer loop
      vertex -9.09694 4.3 9.26274
      vertex -8 0 12.7627
      vertex -9.04472 4.30819 9.42937
    endloop
  endfacet
  facet normal -0.954231 1.60382e-07 0.299072
    outer loop
      vertex -9.04472 4.30819 9.42937
      vertex -8 0 12.7627
      vertex -8.993 4.33266 9.59439
    endloop
  endfacet
  facet normal -0.954231 -5.82938e-07 0.299071
    outer loop
      vertex -8.993 4.33266 9.59439
      vertex -8 0 12.7627
      vertex -8.94228 4.3732 9.75622
    endloop
  endfacet
  facet normal -0.954229 0 0.299078
    outer loop
      vertex -8.57438 6.33165 10.9301
      vertex -8 0 12.7627
      vertex -8 67.9 12.7627
    endloop
  endfacet
  facet normal -0.954085 0.000154571 0.299536
    outer loop
      vertex -8.56671 5.83337 10.9546
      vertex -8 0 12.7627
      vertex -8.56414 6 10.9627
    endloop
  endfacet
  facet normal -0.95426 -3.51784e-05 0.298979
    outer loop
      vertex -8.57438 5.66835 10.9301
      vertex -8 0 12.7627
      vertex -8.56671 5.83337 10.9546
    endloop
  endfacet
  facet normal -0.954273 -4.97913e-05 0.298938
    outer loop
      vertex -8.58709 5.50652 10.8895
      vertex -8 0 12.7627
      vertex -8.57438 5.66835 10.9301
    endloop
  endfacet
  facet normal -0.954241 -1.17062e-05 0.299039
    outer loop
      vertex -8.6047 5.34944 10.8333
      vertex -8 0 12.7627
      vertex -8.58709 5.50652 10.8895
    endloop
  endfacet
  facet normal -0.954202 3.7285e-05 0.299163
    outer loop
      vertex -8.62706 5.19862 10.762
      vertex -8 0 12.7627
      vertex -8.6047 5.34944 10.8333
    endloop
  endfacet
  facet normal -0.954252 -2.98815e-05 0.299004
    outer loop
      vertex -8.65394 5.05553 10.6762
      vertex -8 0 12.7627
      vertex -8.62706 5.19862 10.762
    endloop
  endfacet
  facet normal -0.9542 4.56196e-05 0.299171
    outer loop
      vertex -8.68508 4.92153 10.5769
      vertex -8 0 12.7627
      vertex -8.65394 5.05553 10.6762
    endloop
  endfacet
  facet normal -0.954253 -3.73532e-05 0.299001
    outer loop
      vertex -8.7202 4.79792 10.4648
      vertex -8 0 12.7627
      vertex -8.68508 4.92153 10.5769
    endloop
  endfacet
  facet normal -0.954228 4.40493e-06 0.29908
    outer loop
      vertex -8.75894 4.68588 10.3412
      vertex -8 0 12.7627
      vertex -8.7202 4.79792 10.4648
    endloop
  endfacet
  facet normal -0.954227 5.53712e-06 0.299082
    outer loop
      vertex -8.80094 4.5865 10.2072
      vertex -8 0 12.7627
      vertex -8.75894 4.68588 10.3412
    endloop
  endfacet
  facet normal -0.954245 -2.82225e-05 0.299027
    outer loop
      vertex -8.84578 4.50073 10.0641
      vertex -8 0 12.7627
      vertex -8.80094 4.5865 10.2072
    endloop
  endfacet
  facet normal -0.954221 2.10274e-05 0.299102
    outer loop
      vertex -8.89305 4.4294 9.9133
      vertex -8 0 12.7627
      vertex -8.84578 4.50073 10.0641
    endloop
  endfacet
  facet normal -0.954233 -4.82966e-06 0.299065
    outer loop
      vertex -8.94228 4.3732 9.75622
      vertex -8 0 12.7627
      vertex -8.89305 4.4294 9.9133
    endloop
  endfacet
  facet normal 0 1 0
    outer loop
      vertex 12 67.9 1.12378e-05
      vertex -8 67.9 12.7627
      vertex 8 67.9 12.7627
    endloop
  endfacet
  facet normal 0 1 0
    outer loop
      vertex -8 67.9 12.7627
      vertex 12 67.9 1.12378e-05
      vertex -12 67.9 1.12378e-05
    endloop
  endfacet
  facet normal 0 0 -1
    outer loop
      vertex 4.17151 40.9109 1.12378e-05
      vertex 12 67.9 1.12378e-05
      vertex 4.19165 40.5009 1.12378e-05
    endloop
  endfacet
  facet normal 0 0 -1
    outer loop
      vertex 12 67.9 1.12378e-05
      vertex 4.19165 60.4991 1.12378e-05
      vertex 4.19169 60.5 1.12378e-05
    endloop
  endfacet
  facet normal 0 0 -1
    outer loop
      vertex 4.11128 41.3169 1.12378e-05
      vertex 12 67.9 1.12378e-05
      vertex 4.17151 40.9109 1.12378e-05
    endloop
  endfacet
  facet normal 0 0 -1
    outer loop
      vertex 12 67.9 1.12378e-05
      vertex 4.17151 60.0891 1.12378e-05
      vertex 4.19165 60.4991 1.12378e-05
    endloop
  endfacet
  facet normal 0 0 -1
    outer loop
      vertex 4.11115 41.3178 1.12378e-05
      vertex 12 67.9 1.12378e-05
      vertex 4.11128 41.3169 1.12378e-05
    endloop
  endfacet
  facet normal 0 0 -1
    outer loop
      vertex 12 67.9 1.12378e-05
      vertex 4.11128 59.6831 1.12378e-05
      vertex 4.17151 60.0891 1.12378e-05
    endloop
  endfacet
  facet normal 0 0 -1
    outer loop
      vertex 4.11093 41.3186 1.12378e-05
      vertex 12 67.9 1.12378e-05
      vertex 4.11115 41.3178 1.12378e-05
    endloop
  endfacet
  facet normal 0 0 -1
    outer loop
      vertex 12 67.9 1.12378e-05
      vertex 4.11115 59.6822 1.12378e-05
      vertex 4.11128 59.6831 1.12378e-05
    endloop
  endfacet
  facet normal 0 0 -1
    outer loop
      vertex 4.0112 41.7168 1.12378e-05
      vertex 12 67.9 1.12378e-05
      vertex 4.11093 41.3186 1.12378e-05
    endloop
  endfacet
  facet normal 0 0 -1
    outer loop
      vertex 12 67.9 1.12378e-05
      vertex 4.11093 59.6814 1.12378e-05
      vertex 4.11115 59.6822 1.12378e-05
    endloop
  endfacet
  facet normal 0 0 -1
    outer loop
      vertex 3.87292 42.1032 1.12378e-05
      vertex 12 67.9 1.12378e-05
      vertex 4.0112 41.7168 1.12378e-05
    endloop
  endfacet
  facet normal 0 0 -1
    outer loop
      vertex 12 67.9 1.12378e-05
      vertex 4.0112 59.2832 1.12378e-05
      vertex 4.11093 59.6814 1.12378e-05
    endloop
  endfacet
  facet normal 0 0 -1
    outer loop
      vertex 3.87262 42.1041 1.12378e-05
      vertex 12 67.9 1.12378e-05
      vertex 3.87292 42.1032 1.12378e-05
    endloop
  endfacet
  facet normal 0 0 -1
    outer loop
      vertex 12 67.9 1.12378e-05
      vertex 3.87292 58.8968 1.12378e-05
      vertex 4.0112 59.2832 1.12378e-05
    endloop
  endfacet
  facet normal 0 0 -1
    outer loop
      vertex 3.87262 58.8959 1.12378e-05
      vertex 12 67.9 1.12378e-05
      vertex 3.87262 42.1041 1.12378e-05
    endloop
  endfacet
  facet normal 0 0 -1
    outer loop
      vertex 12 67.9 1.12378e-05
      vertex 3.87262 58.8959 1.12378e-05
      vertex 3.87292 58.8968 1.12378e-05
    endloop
  endfacet
  facet normal 0 0 -1
    outer loop
      vertex 3.87224 42.1049 1.12378e-05
      vertex 3.87262 58.8959 1.12378e-05
      vertex 3.87262 42.1041 1.12378e-05
    endloop
  endfacet
  facet normal 0 0 -1
    outer loop
      vertex 3.87224 42.1049 1.12378e-05
      vertex 3.87224 58.8951 1.12378e-05
      vertex 3.87262 58.8959 1.12378e-05
    endloop
  endfacet
  facet normal 0 0 -1
    outer loop
      vertex 3.69674 42.4759 1.12378e-05
      vertex 3.87224 58.8951 1.12378e-05
      vertex 3.87224 42.1049 1.12378e-05
    endloop
  endfacet
  facet normal 0 0 -1
    outer loop
      vertex 3.69674 42.4759 1.12378e-05
      vertex 3.69674 58.5241 1.12378e-05
      vertex 3.87224 58.8951 1.12378e-05
    endloop
  endfacet
  facet normal 0 0 -1
    outer loop
      vertex 3.48573 42.828 1.12378e-05
      vertex 3.69674 58.5241 1.12378e-05
      vertex 3.69674 42.4759 1.12378e-05
    endloop
  endfacet
  facet normal 0 0 -1
    outer loop
      vertex 3.48573 42.828 1.12378e-05
      vertex 3.48573 58.172 1.12378e-05
      vertex 3.69674 58.5241 1.12378e-05
    endloop
  endfacet
  facet normal 0 0 -1
    outer loop
      vertex 3.48526 42.8288 1.12378e-05
      vertex 3.48573 58.172 1.12378e-05
      vertex 3.48573 42.828 1.12378e-05
    endloop
  endfacet
  facet normal 0 0 -1
    outer loop
      vertex 3.48526 42.8288 1.12378e-05
      vertex 3.48526 58.1712 1.12378e-05
      vertex 3.48573 58.172 1.12378e-05
    endloop
  endfacet
  facet normal 0 0 -1
    outer loop
      vertex 3.48473 42.8295 1.12378e-05
      vertex 3.48526 58.1712 1.12378e-05
      vertex 3.48526 42.8288 1.12378e-05
    endloop
  endfacet
  facet normal 0 0 -1
    outer loop
      vertex 3.48473 42.8295 1.12378e-05
      vertex 3.48473 58.1705 1.12378e-05
      vertex 3.48526 58.1712 1.12378e-05
    endloop
  endfacet
  facet normal 0 0 -1
    outer loop
      vertex 3.24022 43.1592 1.12378e-05
      vertex 3.48473 58.1705 1.12378e-05
      vertex 3.48473 42.8295 1.12378e-05
    endloop
  endfacet
  facet normal 0 0 -1
    outer loop
      vertex 3.24022 43.1592 1.12378e-05
      vertex 3.24022 57.8408 1.12378e-05
      vertex 3.48473 58.1705 1.12378e-05
    endloop
  endfacet
  facet normal 0 0 -1
    outer loop
      vertex 2.96458 43.4633 1.12378e-05
      vertex 3.24022 57.8408 1.12378e-05
      vertex 3.24022 43.1592 1.12378e-05
    endloop
  endfacet
  facet normal 0 0 -1
    outer loop
      vertex 2.96458 43.4633 1.12378e-05
      vertex 2.96458 57.5367 1.12378e-05
      vertex 3.24022 57.8408 1.12378e-05
    endloop
  endfacet
  facet normal 0 0 -1
    outer loop
      vertex 2.96397 43.464 1.12378e-05
      vertex 2.96458 57.5367 1.12378e-05
      vertex 2.96458 43.4633 1.12378e-05
    endloop
  endfacet
  facet normal 0 0 -1
    outer loop
      vertex 2.96397 43.464 1.12378e-05
      vertex 2.96397 57.536 1.12378e-05
      vertex 2.96458 57.5367 1.12378e-05
    endloop
  endfacet
  facet normal 0 0 -1
    outer loop
      vertex 2.96331 43.4646 1.12378e-05
      vertex 2.96397 57.536 1.12378e-05
      vertex 2.96397 43.464 1.12378e-05
    endloop
  endfacet
  facet normal 0 0 -1
    outer loop
      vertex 2.96331 43.4646 1.12378e-05
      vertex 2.96331 57.5354 1.12378e-05
      vertex 2.96397 57.536 1.12378e-05
    endloop
  endfacet
  facet normal 0 0 -1
    outer loop
      vertex 2.65918 43.7402 1.12378e-05
      vertex 2.96331 57.5354 1.12378e-05
      vertex 2.96331 43.4646 1.12378e-05
    endloop
  endfacet
  facet normal 0 0 -1
    outer loop
      vertex 2.65918 43.7402 1.12378e-05
      vertex 2.65918 57.2598 1.12378e-05
      vertex 2.96331 57.5354 1.12378e-05
    endloop
  endfacet
  facet normal 0 0 -1
    outer loop
      vertex 2.3295 43.9847 1.12378e-05
      vertex 2.65918 57.2598 1.12378e-05
      vertex 2.65918 43.7402 1.12378e-05
    endloop
  endfacet
  facet normal 0 0 -1
    outer loop
      vertex 2.3295 43.9847 1.12378e-05
      vertex 2.3295 57.0153 1.12378e-05
      vertex 2.65918 57.2598 1.12378e-05
    endloop
  endfacet
  facet normal 0 0 -1
    outer loop
      vertex 2.32878 43.9853 1.12378e-05
      vertex 2.3295 57.0153 1.12378e-05
      vertex 2.3295 43.9847 1.12378e-05
    endloop
  endfacet
  facet normal 0 0 -1
    outer loop
      vertex 2.32878 43.9853 1.12378e-05
      vertex 2.32878 57.0147 1.12378e-05
      vertex 2.3295 57.0153 1.12378e-05
    endloop
  endfacet
  facet normal 0 0 -1
    outer loop
      vertex 2.32801 43.9857 1.12378e-05
      vertex 2.32878 57.0147 1.12378e-05
      vertex 2.32878 43.9853 1.12378e-05
    endloop
  endfacet
  facet normal 0 0 -1
    outer loop
      vertex 2.32801 43.9857 1.12378e-05
      vertex 2.32801 57.0143 1.12378e-05
      vertex 2.32878 57.0147 1.12378e-05
    endloop
  endfacet
  facet normal 0 0 -1
    outer loop
      vertex 1.97595 44.1967 1.12378e-05
      vertex 2.32801 57.0143 1.12378e-05
      vertex 2.32801 43.9857 1.12378e-05
    endloop
  endfacet
  facet normal 0 0 -1
    outer loop
      vertex 1.97595 44.1967 1.12378e-05
      vertex 1.97595 56.8033 1.12378e-05
      vertex 2.32801 57.0143 1.12378e-05
    endloop
  endfacet
  facet normal 0 0 -1
    outer loop
      vertex 1.6049 44.3722 1.12378e-05
      vertex 1.97595 56.8033 1.12378e-05
      vertex 1.97595 44.1967 1.12378e-05
    endloop
  endfacet
  facet normal 0 0 -1
    outer loop
      vertex 1.6049 44.3722 1.12378e-05
      vertex 1.6049 56.6278 1.12378e-05
      vertex 1.97595 56.8033 1.12378e-05
    endloop
  endfacet
  facet normal 0 0 -1
    outer loop
      vertex 1.60409 44.3726 1.12378e-05
      vertex 1.6049 56.6278 1.12378e-05
      vertex 1.6049 44.3722 1.12378e-05
    endloop
  endfacet
  facet normal 0 0 -1
    outer loop
      vertex 1.60409 44.3726 1.12378e-05
      vertex 1.60409 56.6274 1.12378e-05
      vertex 1.6049 56.6278 1.12378e-05
    endloop
  endfacet
  facet normal 0 0 -1
    outer loop
      vertex 1.60325 44.3729 1.12378e-05
      vertex 1.60409 56.6274 1.12378e-05
      vertex 1.60409 44.3726 1.12378e-05
    endloop
  endfacet
  facet normal 0 0 -1
    outer loop
      vertex 1.60325 44.3729 1.12378e-05
      vertex 1.60325 56.6271 1.12378e-05
      vertex 1.60409 56.6274 1.12378e-05
    endloop
  endfacet
  facet normal 0 0 -1
    outer loop
      vertex 1.21678 44.5112 1.12378e-05
      vertex 1.60325 56.6271 1.12378e-05
      vertex 1.60325 44.3729 1.12378e-05
    endloop
  endfacet
  facet normal 0 0 -1
    outer loop
      vertex 1.21678 44.5112 1.12378e-05
      vertex 1.21678 56.4888 1.12378e-05
      vertex 1.60325 56.6271 1.12378e-05
    endloop
  endfacet
  facet normal 0 0 -1
    outer loop
      vertex 0.818628 44.6109 1.12378e-05
      vertex 1.21678 56.4888 1.12378e-05
      vertex 1.21678 44.5112 1.12378e-05
    endloop
  endfacet
  facet normal 0 0 -1
    outer loop
      vertex 0.818628 44.6109 1.12378e-05
      vertex 0.818628 56.3891 1.12378e-05
      vertex 1.21678 56.4888 1.12378e-05
    endloop
  endfacet
  facet normal 0 0 -1
    outer loop
      vertex 0.817758 44.6111 1.12378e-05
      vertex 0.818628 56.3891 1.12378e-05
      vertex 0.818628 44.6109 1.12378e-05
    endloop
  endfacet
  facet normal 0 0 -1
    outer loop
      vertex 0.817758 44.6111 1.12378e-05
      vertex 0.817758 56.3889 1.12378e-05
      vertex 0.818628 56.3891 1.12378e-05
    endloop
  endfacet
  facet normal 0 0 -1
    outer loop
      vertex 0.816871 44.6113 1.12378e-05
      vertex 0.817758 56.3889 1.12378e-05
      vertex 0.817758 44.6111 1.12378e-05
    endloop
  endfacet
  facet normal 0 0 -1
    outer loop
      vertex 0.816871 44.6113 1.12378e-05
      vertex 0.816871 56.3887 1.12378e-05
      vertex 0.817758 56.3889 1.12378e-05
    endloop
  endfacet
  facet normal 0 0 -1
    outer loop
      vertex 0.410857 44.6715 1.12378e-05
      vertex 0.816871 56.3887 1.12378e-05
      vertex 0.816871 44.6113 1.12378e-05
    endloop
  endfacet
  facet normal 0 0 -1
    outer loop
      vertex 0.410857 44.6715 1.12378e-05
      vertex 0.410857 56.3285 1.12378e-05
      vertex 0.816871 56.3887 1.12378e-05
    endloop
  endfacet
  facet normal 0 0 -1
    outer loop
      vertex 0.000895719 44.6916 1.12378e-05
      vertex 0.410857 56.3285 1.12378e-05
      vertex 0.410857 44.6715 1.12378e-05
    endloop
  endfacet
  facet normal 0 0 -1
    outer loop
      vertex 0.000895719 44.6916 1.12378e-05
      vertex 0.000895719 56.3084 1.12378e-05
      vertex 0.410857 56.3285 1.12378e-05
    endloop
  endfacet
  facet normal 0 0 -1
    outer loop
      vertex 0 44.6917 1.12378e-05
      vertex 0.000895719 56.3084 1.12378e-05
      vertex 0.000895719 44.6916 1.12378e-05
    endloop
  endfacet
  facet normal 0 0 -1
    outer loop
      vertex 0 44.6917 1.12378e-05
      vertex 0 56.3083 1.12378e-05
      vertex 0.000895719 56.3084 1.12378e-05
    endloop
  endfacet
  facet normal 0 0 -1
    outer loop
      vertex -0.000895719 44.6916 1.12378e-05
      vertex 0 56.3083 1.12378e-05
      vertex 0 44.6917 1.12378e-05
    endloop
  endfacet
  facet normal 0 0 -1
    outer loop
      vertex -0.000895719 44.6916 1.12378e-05
      vertex -0.000895719 56.3084 1.12378e-05
      vertex 0 56.3083 1.12378e-05
    endloop
  endfacet
  facet normal 0 0 -1
    outer loop
      vertex -0.410857 44.6715 1.12378e-05
      vertex -0.000895719 56.3084 1.12378e-05
      vertex -0.000895719 44.6916 1.12378e-05
    endloop
  endfacet
  facet normal 0 0 -1
    outer loop
      vertex -0.410857 44.6715 1.12378e-05
      vertex -0.410857 56.3285 1.12378e-05
      vertex -0.000895719 56.3084 1.12378e-05
    endloop
  endfacet
  facet normal 0 0 -1
    outer loop
      vertex -0.816871 44.6113 1.12378e-05
      vertex -0.410857 56.3285 1.12378e-05
      vertex -0.410857 44.6715 1.12378e-05
    endloop
  endfacet
  facet normal 0 0 -1
    outer loop
      vertex -0.816871 44.6113 1.12378e-05
      vertex -0.816871 56.3887 1.12378e-05
      vertex -0.410857 56.3285 1.12378e-05
    endloop
  endfacet
  facet normal 0 0 -1
    outer loop
      vertex -0.817758 44.6111 1.12378e-05
      vertex -0.816871 56.3887 1.12378e-05
      vertex -0.816871 44.6113 1.12378e-05
    endloop
  endfacet
  facet normal 0 0 -1
    outer loop
      vertex -0.817758 44.6111 1.12378e-05
      vertex -0.817758 56.3889 1.12378e-05
      vertex -0.816871 56.3887 1.12378e-05
    endloop
  endfacet
  facet normal 0 0 -1
    outer loop
      vertex -0.818628 44.6109 1.12378e-05
      vertex -0.817758 56.3889 1.12378e-05
      vertex -0.817758 44.6111 1.12378e-05
    endloop
  endfacet
  facet normal 0 0 -1
    outer loop
      vertex -0.818628 44.6109 1.12378e-05
      vertex -0.818628 56.3891 1.12378e-05
      vertex -0.817758 56.3889 1.12378e-05
    endloop
  endfacet
  facet normal 0 0 -1
    outer loop
      vertex -1.21678 44.5112 1.12378e-05
      vertex -0.818628 56.3891 1.12378e-05
      vertex -0.818628 44.6109 1.12378e-05
    endloop
  endfacet
  facet normal 0 0 -1
    outer loop
      vertex -1.21678 44.5112 1.12378e-05
      vertex -1.21678 56.4888 1.12378e-05
      vertex -0.818628 56.3891 1.12378e-05
    endloop
  endfacet
  facet normal 0 0 -1
    outer loop
      vertex -1.60325 44.3729 1.12378e-05
      vertex -1.21678 56.4888 1.12378e-05
      vertex -1.21678 44.5112 1.12378e-05
    endloop
  endfacet
  facet normal 0 0 -1
    outer loop
      vertex -1.60325 44.3729 1.12378e-05
      vertex -1.60325 56.6271 1.12378e-05
      vertex -1.21678 56.4888 1.12378e-05
    endloop
  endfacet
  facet normal 0 0 -1
    outer loop
      vertex -1.60409 44.3726 1.12378e-05
      vertex -1.60325 56.6271 1.12378e-05
      vertex -1.60325 44.3729 1.12378e-05
    endloop
  endfacet
  facet normal 0 0 -1
    outer loop
      vertex -1.60409 44.3726 1.12378e-05
      vertex -1.60409 56.6274 1.12378e-05
      vertex -1.60325 56.6271 1.12378e-05
    endloop
  endfacet
  facet normal 0 0 -1
    outer loop
      vertex -1.6049 44.3722 1.12378e-05
      vertex -1.60409 56.6274 1.12378e-05
      vertex -1.60409 44.3726 1.12378e-05
    endloop
  endfacet
  facet normal 0 0 -1
    outer loop
      vertex -1.6049 44.3722 1.12378e-05
      vertex -1.6049 56.6278 1.12378e-05
      vertex -1.60409 56.6274 1.12378e-05
    endloop
  endfacet
  facet normal 0 0 -1
    outer loop
      vertex -1.97595 44.1967 1.12378e-05
      vertex -1.6049 56.6278 1.12378e-05
      vertex -1.6049 44.3722 1.12378e-05
    endloop
  endfacet
  facet normal 0 0 -1
    outer loop
      vertex -1.97595 44.1967 1.12378e-05
      vertex -1.97595 56.8033 1.12378e-05
      vertex -1.6049 56.6278 1.12378e-05
    endloop
  endfacet
  facet normal 0 0 -1
    outer loop
      vertex -2.32801 43.9857 1.12378e-05
      vertex -1.97595 56.8033 1.12378e-05
      vertex -1.97595 44.1967 1.12378e-05
    endloop
  endfacet
  facet normal 0 0 -1
    outer loop
      vertex -2.32801 43.9857 1.12378e-05
      vertex -2.32801 57.0143 1.12378e-05
      vertex -1.97595 56.8033 1.12378e-05
    endloop
  endfacet
  facet normal 0 0 -1
    outer loop
      vertex -2.32878 43.9853 1.12378e-05
      vertex -2.32801 57.0143 1.12378e-05
      vertex -2.32801 43.9857 1.12378e-05
    endloop
  endfacet
  facet normal 0 0 -1
    outer loop
      vertex -2.32878 43.9853 1.12378e-05
      vertex -2.32878 57.0147 1.12378e-05
      vertex -2.32801 57.0143 1.12378e-05
    endloop
  endfacet
  facet normal 0 0 -1
    outer loop
      vertex -2.3295 43.9847 1.12378e-05
      vertex -2.32878 57.0147 1.12378e-05
      vertex -2.32878 43.9853 1.12378e-05
    endloop
  endfacet
  facet normal 0 0 -1
    outer loop
      vertex -2.3295 43.9847 1.12378e-05
      vertex -2.3295 57.0153 1.12378e-05
      vertex -2.32878 57.0147 1.12378e-05
    endloop
  endfacet
  facet normal 0 0 -1
    outer loop
      vertex -2.65918 43.7402 1.12378e-05
      vertex -2.3295 57.0153 1.12378e-05
      vertex -2.3295 43.9847 1.12378e-05
    endloop
  endfacet
  facet normal 0 0 -1
    outer loop
      vertex -2.65918 43.7402 1.12378e-05
      vertex -2.65918 57.2598 1.12378e-05
      vertex -2.3295 57.0153 1.12378e-05
    endloop
  endfacet
  facet normal 0 0 -1
    outer loop
      vertex -2.96331 43.4646 1.12378e-05
      vertex -2.65918 57.2598 1.12378e-05
      vertex -2.65918 43.7402 1.12378e-05
    endloop
  endfacet
  facet normal 0 0 -1
    outer loop
      vertex -2.96331 43.4646 1.12378e-05
      vertex -2.96331 57.5354 1.12378e-05
      vertex -2.65918 57.2598 1.12378e-05
    endloop
  endfacet
  facet normal 0 0 -1
    outer loop
      vertex -2.96397 43.464 1.12378e-05
      vertex -2.96331 57.5354 1.12378e-05
      vertex -2.96331 43.4646 1.12378e-05
    endloop
  endfacet
  facet normal 0 0 -1
    outer loop
      vertex -2.96397 43.464 1.12378e-05
      vertex -2.96397 57.536 1.12378e-05
      vertex -2.96331 57.5354 1.12378e-05
    endloop
  endfacet
  facet normal 0 0 -1
    outer loop
      vertex -2.96458 43.4633 1.12378e-05
      vertex -2.96397 57.536 1.12378e-05
      vertex -2.96397 43.464 1.12378e-05
    endloop
  endfacet
  facet normal 0 0 -1
    outer loop
      vertex -2.96458 43.4633 1.12378e-05
      vertex -2.96458 57.5367 1.12378e-05
      vertex -2.96397 57.536 1.12378e-05
    endloop
  endfacet
  facet normal 0 0 -1
    outer loop
      vertex -3.24022 43.1592 1.12378e-05
      vertex -2.96458 57.5367 1.12378e-05
      vertex -2.96458 43.4633 1.12378e-05
    endloop
  endfacet
  facet normal 0 0 -1
    outer loop
      vertex -3.24022 43.1592 1.12378e-05
      vertex -3.24022 57.8408 1.12378e-05
      vertex -2.96458 57.5367 1.12378e-05
    endloop
  endfacet
  facet normal 0 0 -1
    outer loop
      vertex -3.48473 42.8295 1.12378e-05
      vertex -3.24022 57.8408 1.12378e-05
      vertex -3.24022 43.1592 1.12378e-05
    endloop
  endfacet
  facet normal 0 0 -1
    outer loop
      vertex -3.48473 42.8295 1.12378e-05
      vertex -3.48473 58.1705 1.12378e-05
      vertex -3.24022 57.8408 1.12378e-05
    endloop
  endfacet
  facet normal 0 0 -1
    outer loop
      vertex -3.48526 42.8288 1.12378e-05
      vertex -3.48473 58.1705 1.12378e-05
      vertex -3.48473 42.8295 1.12378e-05
    endloop
  endfacet
  facet normal 0 0 -1
    outer loop
      vertex -3.48526 42.8288 1.12378e-05
      vertex -3.48526 58.1712 1.12378e-05
      vertex -3.48473 58.1705 1.12378e-05
    endloop
  endfacet
  facet normal 0 0 -1
    outer loop
      vertex -3.48573 42.828 1.12378e-05
      vertex -3.48526 58.1712 1.12378e-05
      vertex -3.48526 42.8288 1.12378e-05
    endloop
  endfacet
  facet normal 0 0 -1
    outer loop
      vertex -3.48573 42.828 1.12378e-05
      vertex -3.48573 58.172 1.12378e-05
      vertex -3.48526 58.1712 1.12378e-05
    endloop
  endfacet
  facet normal 0 0 -1
    outer loop
      vertex -3.69674 42.4759 1.12378e-05
      vertex -3.48573 58.172 1.12378e-05
      vertex -3.48573 42.828 1.12378e-05
    endloop
  endfacet
  facet normal 0 0 -1
    outer loop
      vertex -3.69674 42.4759 1.12378e-05
      vertex -3.69674 58.5241 1.12378e-05
      vertex -3.48573 58.172 1.12378e-05
    endloop
  endfacet
  facet normal 0 0 -1
    outer loop
      vertex -3.87224 42.1049 1.12378e-05
      vertex -3.69674 58.5241 1.12378e-05
      vertex -3.69674 42.4759 1.12378e-05
    endloop
  endfacet
  facet normal 0 0 -1
    outer loop
      vertex -3.87224 42.1049 1.12378e-05
      vertex -3.87224 58.8951 1.12378e-05
      vertex -3.69674 58.5241 1.12378e-05
    endloop
  endfacet
  facet normal 0 0 -1
    outer loop
      vertex -3.87262 42.1041 1.12378e-05
      vertex -3.87224 58.8951 1.12378e-05
      vertex -3.87224 42.1049 1.12378e-05
    endloop
  endfacet
  facet normal 0 0 -1
    outer loop
      vertex -3.87262 42.1041 1.12378e-05
      vertex -3.87262 58.8959 1.12378e-05
      vertex -3.87224 58.8951 1.12378e-05
    endloop
  endfacet
  facet normal 0 0 -1
    outer loop
      vertex -12 67.9 1.12378e-05
      vertex -3.87262 42.1041 1.12378e-05
      vertex -3.87292 42.1032 1.12378e-05
    endloop
  endfacet
  facet normal 0 0 -1
    outer loop
      vertex -3.87262 42.1041 1.12378e-05
      vertex -12 67.9 1.12378e-05
      vertex -3.87262 58.8959 1.12378e-05
    endloop
  endfacet
  facet normal 0 0 -1
    outer loop
      vertex -12 67.9 1.12378e-05
      vertex -3.87292 42.1032 1.12378e-05
      vertex -4.0112 41.7168 1.12378e-05
    endloop
  endfacet
  facet normal 0 0 -1
    outer loop
      vertex -3.87262 58.8959 1.12378e-05
      vertex -12 67.9 1.12378e-05
      vertex -3.87292 58.8968 1.12378e-05
    endloop
  endfacet
  facet normal 0 0 -1
    outer loop
      vertex -12 67.9 1.12378e-05
      vertex -4.0112 41.7168 1.12378e-05
      vertex -4.11093 41.3186 1.12378e-05
    endloop
  endfacet
  facet normal 0 0 -1
    outer loop
      vertex -3.87292 58.8968 1.12378e-05
      vertex -12 67.9 1.12378e-05
      vertex -4.0112 59.2832 1.12378e-05
    endloop
  endfacet
  facet normal 0 0 -1
    outer loop
      vertex -12 67.9 1.12378e-05
      vertex -4.11093 41.3186 1.12378e-05
      vertex -4.11115 41.3178 1.12378e-05
    endloop
  endfacet
  facet normal 0 0 -1
    outer loop
      vertex -4.0112 59.2832 1.12378e-05
      vertex -12 67.9 1.12378e-05
      vertex -4.11093 59.6814 1.12378e-05
    endloop
  endfacet
  facet normal 0 0 -1
    outer loop
      vertex -12 67.9 1.12378e-05
      vertex -4.11115 41.3178 1.12378e-05
      vertex -4.11128 41.3169 1.12378e-05
    endloop
  endfacet
  facet normal 0 0 -1
    outer loop
      vertex -4.11093 59.6814 1.12378e-05
      vertex -12 67.9 1.12378e-05
      vertex -4.11115 59.6822 1.12378e-05
    endloop
  endfacet
  facet normal 0 0 -1
    outer loop
      vertex -12 67.9 1.12378e-05
      vertex -4.11128 41.3169 1.12378e-05
      vertex -4.17151 40.9109 1.12378e-05
    endloop
  endfacet
  facet normal 0 0 -1
    outer loop
      vertex -4.11115 59.6822 1.12378e-05
      vertex -12 67.9 1.12378e-05
      vertex -4.11128 59.6831 1.12378e-05
    endloop
  endfacet
  facet normal 0 0 -1
    outer loop
      vertex -12 67.9 1.12378e-05
      vertex -4.17151 40.9109 1.12378e-05
      vertex -4.19165 40.5009 1.12378e-05
    endloop
  endfacet
  facet normal 0 0 -1
    outer loop
      vertex -4.11128 59.6831 1.12378e-05
      vertex -12 67.9 1.12378e-05
      vertex -4.17151 60.0891 1.12378e-05
    endloop
  endfacet
  facet normal 0 0 -1
    outer loop
      vertex -12 67.9 1.12378e-05
      vertex -4.19165 40.5009 1.12378e-05
      vertex -4.19169 40.5 1.12378e-05
    endloop
  endfacet
  facet normal 0 0 -1
    outer loop
      vertex -4.17151 60.0891 1.12378e-05
      vertex -12 67.9 1.12378e-05
      vertex -4.19165 60.4991 1.12378e-05
    endloop
  endfacet
  facet normal 0 0 -1
    outer loop
      vertex 4.17151 20.9109 1.12378e-05
      vertex 12 0 1.12378e-05
      vertex 4.19165 20.5009 1.12378e-05
    endloop
  endfacet
  facet normal 0 0 -1
    outer loop
      vertex 12 0 1.12378e-05
      vertex 4.19165 40.4991 1.12378e-05
      vertex 4.19169 40.5 1.12378e-05
    endloop
  endfacet
  facet normal 0 0 -1
    outer loop
      vertex 4.11128 21.3169 1.12378e-05
      vertex 12 0 1.12378e-05
      vertex 4.17151 20.9109 1.12378e-05
    endloop
  endfacet
  facet normal 0 0 -1
    outer loop
      vertex 12 0 1.12378e-05
      vertex 4.17151 40.0891 1.12378e-05
      vertex 4.19165 40.4991 1.12378e-05
    endloop
  endfacet
  facet normal 0 0 -1
    outer loop
      vertex 4.11115 21.3178 1.12378e-05
      vertex 12 0 1.12378e-05
      vertex 4.11128 21.3169 1.12378e-05
    endloop
  endfacet
  facet normal 0 0 -1
    outer loop
      vertex 12 0 1.12378e-05
      vertex 4.11128 39.6831 1.12378e-05
      vertex 4.17151 40.0891 1.12378e-05
    endloop
  endfacet
  facet normal 0 0 -1
    outer loop
      vertex 4.11115 39.6822 1.12378e-05
      vertex 12 0 1.12378e-05
      vertex 4.11115 21.3178 1.12378e-05
    endloop
  endfacet
  facet normal 0 0 -1
    outer loop
      vertex 12 0 1.12378e-05
      vertex 4.11115 39.6822 1.12378e-05
      vertex 4.11128 39.6831 1.12378e-05
    endloop
  endfacet
  facet normal 0 0 -1
    outer loop
      vertex 4.11093 21.3186 1.12378e-05
      vertex 4.11115 39.6822 1.12378e-05
      vertex 4.11115 21.3178 1.12378e-05
    endloop
  endfacet
  facet normal 0 0 -1
    outer loop
      vertex 4.11093 21.3186 1.12378e-05
      vertex 4.11093 39.6814 1.12378e-05
      vertex 4.11115 39.6822 1.12378e-05
    endloop
  endfacet
  facet normal 0 0 -1
    outer loop
      vertex 4.0112 21.7168 1.12378e-05
      vertex 4.11093 39.6814 1.12378e-05
      vertex 4.11093 21.3186 1.12378e-05
    endloop
  endfacet
  facet normal 0 0 -1
    outer loop
      vertex 4.0112 21.7168 1.12378e-05
      vertex 4.0112 39.2832 1.12378e-05
      vertex 4.11093 39.6814 1.12378e-05
    endloop
  endfacet
  facet normal 0 0 -1
    outer loop
      vertex 3.87292 22.1032 1.12378e-05
      vertex 4.0112 39.2832 1.12378e-05
      vertex 4.0112 21.7168 1.12378e-05
    endloop
  endfacet
  facet normal 0 0 -1
    outer loop
      vertex 3.87292 22.1032 1.12378e-05
      vertex 3.87292 38.8968 1.12378e-05
      vertex 4.0112 39.2832 1.12378e-05
    endloop
  endfacet
  facet normal 0 0 -1
    outer loop
      vertex 3.87262 22.1041 1.12378e-05
      vertex 3.87292 38.8968 1.12378e-05
      vertex 3.87292 22.1032 1.12378e-05
    endloop
  endfacet
  facet normal 0 0 -1
    outer loop
      vertex 3.87262 22.1041 1.12378e-05
      vertex 3.87262 38.8959 1.12378e-05
      vertex 3.87292 38.8968 1.12378e-05
    endloop
  endfacet
  facet normal 0 0 -1
    outer loop
      vertex 3.87224 22.1049 1.12378e-05
      vertex 3.87262 38.8959 1.12378e-05
      vertex 3.87262 22.1041 1.12378e-05
    endloop
  endfacet
  facet normal 0 0 -1
    outer loop
      vertex 3.87224 22.1049 1.12378e-05
      vertex 3.87224 38.8951 1.12378e-05
      vertex 3.87262 38.8959 1.12378e-05
    endloop
  endfacet
  facet normal 0 0 -1
    outer loop
      vertex 3.69674 22.476 1.12378e-05
      vertex 3.87224 38.8951 1.12378e-05
      vertex 3.87224 22.1049 1.12378e-05
    endloop
  endfacet
  facet normal 0 0 -1
    outer loop
      vertex 3.69674 22.476 1.12378e-05
      vertex 3.69674 38.5241 1.12378e-05
      vertex 3.87224 38.8951 1.12378e-05
    endloop
  endfacet
  facet normal 0 0 -1
    outer loop
      vertex 3.48573 22.828 1.12378e-05
      vertex 3.69674 38.5241 1.12378e-05
      vertex 3.69674 22.476 1.12378e-05
    endloop
  endfacet
  facet normal 0 0 -1
    outer loop
      vertex 3.48573 22.828 1.12378e-05
      vertex 3.48573 38.172 1.12378e-05
      vertex 3.69674 38.5241 1.12378e-05
    endloop
  endfacet
  facet normal 0 0 -1
    outer loop
      vertex 3.48526 22.8288 1.12378e-05
      vertex 3.48573 38.172 1.12378e-05
      vertex 3.48573 22.828 1.12378e-05
    endloop
  endfacet
  facet normal 0 0 -1
    outer loop
      vertex 3.48526 22.8288 1.12378e-05
      vertex 3.48526 38.1712 1.12378e-05
      vertex 3.48573 38.172 1.12378e-05
    endloop
  endfacet
  facet normal 0 0 -1
    outer loop
      vertex 3.48473 22.8295 1.12378e-05
      vertex 3.48526 38.1712 1.12378e-05
      vertex 3.48526 22.8288 1.12378e-05
    endloop
  endfacet
  facet normal 0 0 -1
    outer loop
      vertex 3.48473 22.8295 1.12378e-05
      vertex 3.48473 38.1705 1.12378e-05
      vertex 3.48526 38.1712 1.12378e-05
    endloop
  endfacet
  facet normal 0 0 -1
    outer loop
      vertex 3.24022 23.1592 1.12378e-05
      vertex 3.48473 38.1705 1.12378e-05
      vertex 3.48473 22.8295 1.12378e-05
    endloop
  endfacet
  facet normal 0 0 -1
    outer loop
      vertex 3.24022 23.1592 1.12378e-05
      vertex 3.24022 37.8408 1.12378e-05
      vertex 3.48473 38.1705 1.12378e-05
    endloop
  endfacet
  facet normal 0 0 -1
    outer loop
      vertex 2.96458 23.4633 1.12378e-05
      vertex 3.24022 37.8408 1.12378e-05
      vertex 3.24022 23.1592 1.12378e-05
    endloop
  endfacet
  facet normal 0 0 -1
    outer loop
      vertex 2.96458 23.4633 1.12378e-05
      vertex 2.96458 37.5367 1.12378e-05
      vertex 3.24022 37.8408 1.12378e-05
    endloop
  endfacet
  facet normal 0 0 -1
    outer loop
      vertex 2.96397 23.464 1.12378e-05
      vertex 2.96458 37.5367 1.12378e-05
      vertex 2.96458 23.4633 1.12378e-05
    endloop
  endfacet
  facet normal 0 0 -1
    outer loop
      vertex 2.96397 23.464 1.12378e-05
      vertex 2.96397 37.536 1.12378e-05
      vertex 2.96458 37.5367 1.12378e-05
    endloop
  endfacet
  facet normal 0 0 -1
    outer loop
      vertex 2.96331 23.4646 1.12378e-05
      vertex 2.96397 37.536 1.12378e-05
      vertex 2.96397 23.464 1.12378e-05
    endloop
  endfacet
  facet normal 0 0 -1
    outer loop
      vertex 2.96331 23.4646 1.12378e-05
      vertex 2.96331 37.5354 1.12378e-05
      vertex 2.96397 37.536 1.12378e-05
    endloop
  endfacet
  facet normal 0 0 -1
    outer loop
      vertex 2.65918 23.7402 1.12378e-05
      vertex 2.96331 37.5354 1.12378e-05
      vertex 2.96331 23.4646 1.12378e-05
    endloop
  endfacet
  facet normal 0 0 -1
    outer loop
      vertex 2.65918 23.7402 1.12378e-05
      vertex 2.65918 37.2598 1.12378e-05
      vertex 2.96331 37.5354 1.12378e-05
    endloop
  endfacet
  facet normal 0 0 -1
    outer loop
      vertex 2.3295 23.9847 1.12378e-05
      vertex 2.65918 37.2598 1.12378e-05
      vertex 2.65918 23.7402 1.12378e-05
    endloop
  endfacet
  facet normal 0 0 -1
    outer loop
      vertex 2.3295 23.9847 1.12378e-05
      vertex 2.3295 37.0153 1.12378e-05
      vertex 2.65918 37.2598 1.12378e-05
    endloop
  endfacet
  facet normal 0 0 -1
    outer loop
      vertex 2.32878 23.9853 1.12378e-05
      vertex 2.3295 37.0153 1.12378e-05
      vertex 2.3295 23.9847 1.12378e-05
    endloop
  endfacet
  facet normal 0 0 -1
    outer loop
      vertex 2.32878 23.9853 1.12378e-05
      vertex 2.32878 37.0147 1.12378e-05
      vertex 2.3295 37.0153 1.12378e-05
    endloop
  endfacet
  facet normal 0 0 -1
    outer loop
      vertex 2.32801 23.9857 1.12378e-05
      vertex 2.32878 37.0147 1.12378e-05
      vertex 2.32878 23.9853 1.12378e-05
    endloop
  endfacet
  facet normal 0 0 -1
    outer loop
      vertex 2.32801 23.9857 1.12378e-05
      vertex 2.32801 37.0143 1.12378e-05
      vertex 2.32878 37.0147 1.12378e-05
    endloop
  endfacet
  facet normal 0 0 -1
    outer loop
      vertex 1.97595 24.1967 1.12378e-05
      vertex 2.32801 37.0143 1.12378e-05
      vertex 2.32801 23.9857 1.12378e-05
    endloop
  endfacet
  facet normal 0 0 -1
    outer loop
      vertex 1.97595 24.1967 1.12378e-05
      vertex 1.97595 36.8033 1.12378e-05
      vertex 2.32801 37.0143 1.12378e-05
    endloop
  endfacet
  facet normal 0 0 -1
    outer loop
      vertex 1.6049 24.3722 1.12378e-05
      vertex 1.97595 36.8033 1.12378e-05
      vertex 1.97595 24.1967 1.12378e-05
    endloop
  endfacet
  facet normal 0 0 -1
    outer loop
      vertex 1.6049 24.3722 1.12378e-05
      vertex 1.6049 36.6278 1.12378e-05
      vertex 1.97595 36.8033 1.12378e-05
    endloop
  endfacet
  facet normal 0 0 -1
    outer loop
      vertex 1.60409 24.3726 1.12378e-05
      vertex 1.6049 36.6278 1.12378e-05
      vertex 1.6049 24.3722 1.12378e-05
    endloop
  endfacet
  facet normal 0 0 -1
    outer loop
      vertex 1.60409 24.3726 1.12378e-05
      vertex 1.60409 36.6274 1.12378e-05
      vertex 1.6049 36.6278 1.12378e-05
    endloop
  endfacet
  facet normal 0 0 -1
    outer loop
      vertex 1.60325 24.3729 1.12378e-05
      vertex 1.60409 36.6274 1.12378e-05
      vertex 1.60409 24.3726 1.12378e-05
    endloop
  endfacet
  facet normal 0 0 -1
    outer loop
      vertex 1.60325 24.3729 1.12378e-05
      vertex 1.60325 36.6271 1.12378e-05
      vertex 1.60409 36.6274 1.12378e-05
    endloop
  endfacet
  facet normal 0 0 -1
    outer loop
      vertex 1.21678 24.5112 1.12378e-05
      vertex 1.60325 36.6271 1.12378e-05
      vertex 1.60325 24.3729 1.12378e-05
    endloop
  endfacet
  facet normal 0 0 -1
    outer loop
      vertex 1.21678 24.5112 1.12378e-05
      vertex 1.21678 36.4888 1.12378e-05
      vertex 1.60325 36.6271 1.12378e-05
    endloop
  endfacet
  facet normal 0 0 -1
    outer loop
      vertex 0.818628 24.6109 1.12378e-05
      vertex 1.21678 36.4888 1.12378e-05
      vertex 1.21678 24.5112 1.12378e-05
    endloop
  endfacet
  facet normal 0 0 -1
    outer loop
      vertex 0.818628 24.6109 1.12378e-05
      vertex 0.818628 36.3891 1.12378e-05
      vertex 1.21678 36.4888 1.12378e-05
    endloop
  endfacet
  facet normal 0 0 -1
    outer loop
      vertex 0.817758 24.6112 1.12378e-05
      vertex 0.818628 36.3891 1.12378e-05
      vertex 0.818628 24.6109 1.12378e-05
    endloop
  endfacet
  facet normal 0 0 -1
    outer loop
      vertex 0.817758 24.6112 1.12378e-05
      vertex 0.817758 36.3889 1.12378e-05
      vertex 0.818628 36.3891 1.12378e-05
    endloop
  endfacet
  facet normal 0 0 -1
    outer loop
      vertex 0.816871 24.6113 1.12378e-05
      vertex 0.817758 36.3889 1.12378e-05
      vertex 0.817758 24.6112 1.12378e-05
    endloop
  endfacet
  facet normal 0 0 -1
    outer loop
      vertex 0.816871 24.6113 1.12378e-05
      vertex 0.816871 36.3887 1.12378e-05
      vertex 0.817758 36.3889 1.12378e-05
    endloop
  endfacet
  facet normal 0 0 -1
    outer loop
      vertex 0.410857 24.6715 1.12378e-05
      vertex 0.816871 36.3887 1.12378e-05
      vertex 0.816871 24.6113 1.12378e-05
    endloop
  endfacet
  facet normal 0 0 -1
    outer loop
      vertex 0.410857 24.6715 1.12378e-05
      vertex 0.410857 36.3285 1.12378e-05
      vertex 0.816871 36.3887 1.12378e-05
    endloop
  endfacet
  facet normal 0 0 -1
    outer loop
      vertex 0.000895719 24.6916 1.12378e-05
      vertex 0.410857 36.3285 1.12378e-05
      vertex 0.410857 24.6715 1.12378e-05
    endloop
  endfacet
  facet normal 0 0 -1
    outer loop
      vertex 0.000895719 24.6916 1.12378e-05
      vertex 0.000895719 36.3084 1.12378e-05
      vertex 0.410857 36.3285 1.12378e-05
    endloop
  endfacet
  facet normal 0 0 -1
    outer loop
      vertex 0 24.6917 1.12378e-05
      vertex 0.000895719 36.3084 1.12378e-05
      vertex 0.000895719 24.6916 1.12378e-05
    endloop
  endfacet
  facet normal 0 0 -1
    outer loop
      vertex 0 24.6917 1.12378e-05
      vertex 0 36.3083 1.12378e-05
      vertex 0.000895719 36.3084 1.12378e-05
    endloop
  endfacet
  facet normal 0 0 -1
    outer loop
      vertex -0.000895719 24.6916 1.12378e-05
      vertex 0 36.3083 1.12378e-05
      vertex 0 24.6917 1.12378e-05
    endloop
  endfacet
  facet normal 0 0 -1
    outer loop
      vertex -0.000895719 24.6916 1.12378e-05
      vertex -0.000895719 36.3084 1.12378e-05
      vertex 0 36.3083 1.12378e-05
    endloop
  endfacet
  facet normal 0 0 -1
    outer loop
      vertex -0.410857 24.6715 1.12378e-05
      vertex -0.000895719 36.3084 1.12378e-05
      vertex -0.000895719 24.6916 1.12378e-05
    endloop
  endfacet
  facet normal 0 0 -1
    outer loop
      vertex -0.410857 24.6715 1.12378e-05
      vertex -0.410857 36.3285 1.12378e-05
      vertex -0.000895719 36.3084 1.12378e-05
    endloop
  endfacet
  facet normal 0 0 -1
    outer loop
      vertex -0.816871 24.6113 1.12378e-05
      vertex -0.410857 36.3285 1.12378e-05
      vertex -0.410857 24.6715 1.12378e-05
    endloop
  endfacet
  facet normal 0 0 -1
    outer loop
      vertex -0.816871 24.6113 1.12378e-05
      vertex -0.816871 36.3887 1.12378e-05
      vertex -0.410857 36.3285 1.12378e-05
    endloop
  endfacet
  facet normal 0 0 -1
    outer loop
      vertex -0.817758 24.6112 1.12378e-05
      vertex -0.816871 36.3887 1.12378e-05
      vertex -0.816871 24.6113 1.12378e-05
    endloop
  endfacet
  facet normal 0 0 -1
    outer loop
      vertex -0.817758 24.6112 1.12378e-05
      vertex -0.817758 36.3889 1.12378e-05
      vertex -0.816871 36.3887 1.12378e-05
    endloop
  endfacet
  facet normal 0 0 -1
    outer loop
      vertex -0.818628 24.6109 1.12378e-05
      vertex -0.817758 36.3889 1.12378e-05
      vertex -0.817758 24.6112 1.12378e-05
    endloop
  endfacet
  facet normal 0 0 -1
    outer loop
      vertex -0.818628 24.6109 1.12378e-05
      vertex -0.818628 36.3891 1.12378e-05
      vertex -0.817758 36.3889 1.12378e-05
    endloop
  endfacet
  facet normal 0 0 -1
    outer loop
      vertex -1.21678 24.5112 1.12378e-05
      vertex -0.818628 36.3891 1.12378e-05
      vertex -0.818628 24.6109 1.12378e-05
    endloop
  endfacet
  facet normal 0 0 -1
    outer loop
      vertex -1.21678 24.5112 1.12378e-05
      vertex -1.21678 36.4888 1.12378e-05
      vertex -0.818628 36.3891 1.12378e-05
    endloop
  endfacet
  facet normal 0 0 -1
    outer loop
      vertex -1.60325 24.3729 1.12378e-05
      vertex -1.21678 36.4888 1.12378e-05
      vertex -1.21678 24.5112 1.12378e-05
    endloop
  endfacet
  facet normal 0 0 -1
    outer loop
      vertex -1.60325 24.3729 1.12378e-05
      vertex -1.60325 36.6271 1.12378e-05
      vertex -1.21678 36.4888 1.12378e-05
    endloop
  endfacet
  facet normal 0 0 -1
    outer loop
      vertex -1.60409 24.3726 1.12378e-05
      vertex -1.60325 36.6271 1.12378e-05
      vertex -1.60325 24.3729 1.12378e-05
    endloop
  endfacet
  facet normal 0 0 -1
    outer loop
      vertex -1.60409 24.3726 1.12378e-05
      vertex -1.60409 36.6274 1.12378e-05
      vertex -1.60325 36.6271 1.12378e-05
    endloop
  endfacet
  facet normal 0 0 -1
    outer loop
      vertex -1.6049 24.3722 1.12378e-05
      vertex -1.60409 36.6274 1.12378e-05
      vertex -1.60409 24.3726 1.12378e-05
    endloop
  endfacet
  facet normal 0 0 -1
    outer loop
      vertex -1.6049 24.3722 1.12378e-05
      vertex -1.6049 36.6278 1.12378e-05
      vertex -1.60409 36.6274 1.12378e-05
    endloop
  endfacet
  facet normal 0 0 -1
    outer loop
      vertex -1.97595 24.1967 1.12378e-05
      vertex -1.6049 36.6278 1.12378e-05
      vertex -1.6049 24.3722 1.12378e-05
    endloop
  endfacet
  facet normal 0 0 -1
    outer loop
      vertex -1.97595 24.1967 1.12378e-05
      vertex -1.97595 36.8033 1.12378e-05
      vertex -1.6049 36.6278 1.12378e-05
    endloop
  endfacet
  facet normal 0 0 -1
    outer loop
      vertex -2.32801 23.9857 1.12378e-05
      vertex -1.97595 36.8033 1.12378e-05
      vertex -1.97595 24.1967 1.12378e-05
    endloop
  endfacet
  facet normal 0 0 -1
    outer loop
      vertex -2.32801 23.9857 1.12378e-05
      vertex -2.32801 37.0143 1.12378e-05
      vertex -1.97595 36.8033 1.12378e-05
    endloop
  endfacet
  facet normal 0 0 -1
    outer loop
      vertex -2.32878 23.9853 1.12378e-05
      vertex -2.32801 37.0143 1.12378e-05
      vertex -2.32801 23.9857 1.12378e-05
    endloop
  endfacet
  facet normal 0 0 -1
    outer loop
      vertex -2.32878 23.9853 1.12378e-05
      vertex -2.32878 37.0147 1.12378e-05
      vertex -2.32801 37.0143 1.12378e-05
    endloop
  endfacet
  facet normal 0 0 -1
    outer loop
      vertex -2.3295 23.9847 1.12378e-05
      vertex -2.32878 37.0147 1.12378e-05
      vertex -2.32878 23.9853 1.12378e-05
    endloop
  endfacet
  facet normal 0 0 -1
    outer loop
      vertex -2.3295 23.9847 1.12378e-05
      vertex -2.3295 37.0153 1.12378e-05
      vertex -2.32878 37.0147 1.12378e-05
    endloop
  endfacet
  facet normal 0 0 -1
    outer loop
      vertex -2.65918 23.7402 1.12378e-05
      vertex -2.3295 37.0153 1.12378e-05
      vertex -2.3295 23.9847 1.12378e-05
    endloop
  endfacet
  facet normal 0 0 -1
    outer loop
      vertex -2.65918 23.7402 1.12378e-05
      vertex -2.65918 37.2598 1.12378e-05
      vertex -2.3295 37.0153 1.12378e-05
    endloop
  endfacet
  facet normal 0 0 -1
    outer loop
      vertex -2.96331 23.4646 1.12378e-05
      vertex -2.65918 37.2598 1.12378e-05
      vertex -2.65918 23.7402 1.12378e-05
    endloop
  endfacet
  facet normal 0 0 -1
    outer loop
      vertex -2.96331 23.4646 1.12378e-05
      vertex -2.96331 37.5354 1.12378e-05
      vertex -2.65918 37.2598 1.12378e-05
    endloop
  endfacet
  facet normal 0 0 -1
    outer loop
      vertex -2.96397 23.464 1.12378e-05
      vertex -2.96331 37.5354 1.12378e-05
      vertex -2.96331 23.4646 1.12378e-05
    endloop
  endfacet
  facet normal 0 0 -1
    outer loop
      vertex -2.96397 23.464 1.12378e-05
      vertex -2.96397 37.536 1.12378e-05
      vertex -2.96331 37.5354 1.12378e-05
    endloop
  endfacet
  facet normal 0 0 -1
    outer loop
      vertex -2.96458 23.4633 1.12378e-05
      vertex -2.96397 37.536 1.12378e-05
      vertex -2.96397 23.464 1.12378e-05
    endloop
  endfacet
  facet normal 0 0 -1
    outer loop
      vertex -2.96458 23.4633 1.12378e-05
      vertex -2.96458 37.5367 1.12378e-05
      vertex -2.96397 37.536 1.12378e-05
    endloop
  endfacet
  facet normal 0 0 -1
    outer loop
      vertex -3.24022 23.1592 1.12378e-05
      vertex -2.96458 37.5367 1.12378e-05
      vertex -2.96458 23.4633 1.12378e-05
    endloop
  endfacet
  facet normal 0 0 -1
    outer loop
      vertex -3.24022 23.1592 1.12378e-05
      vertex -3.24022 37.8408 1.12378e-05
      vertex -2.96458 37.5367 1.12378e-05
    endloop
  endfacet
  facet normal 0 0 -1
    outer loop
      vertex -3.48473 22.8295 1.12378e-05
      vertex -3.24022 37.8408 1.12378e-05
      vertex -3.24022 23.1592 1.12378e-05
    endloop
  endfacet
  facet normal 0 0 -1
    outer loop
      vertex -3.48473 22.8295 1.12378e-05
      vertex -3.48473 38.1705 1.12378e-05
      vertex -3.24022 37.8408 1.12378e-05
    endloop
  endfacet
  facet normal 0 0 -1
    outer loop
      vertex -3.48526 22.8288 1.12378e-05
      vertex -3.48473 38.1705 1.12378e-05
      vertex -3.48473 22.8295 1.12378e-05
    endloop
  endfacet
  facet normal 0 0 -1
    outer loop
      vertex -3.48526 22.8288 1.12378e-05
      vertex -3.48526 38.1712 1.12378e-05
      vertex -3.48473 38.1705 1.12378e-05
    endloop
  endfacet
  facet normal 0 0 -1
    outer loop
      vertex -3.48573 22.828 1.12378e-05
      vertex -3.48526 38.1712 1.12378e-05
      vertex -3.48526 22.8288 1.12378e-05
    endloop
  endfacet
  facet normal 0 0 -1
    outer loop
      vertex -3.48573 22.828 1.12378e-05
      vertex -3.48573 38.172 1.12378e-05
      vertex -3.48526 38.1712 1.12378e-05
    endloop
  endfacet
  facet normal 0 0 -1
    outer loop
      vertex -3.69674 22.476 1.12378e-05
      vertex -3.48573 38.172 1.12378e-05
      vertex -3.48573 22.828 1.12378e-05
    endloop
  endfacet
  facet normal 0 0 -1
    outer loop
      vertex -3.69674 22.476 1.12378e-05
      vertex -3.69674 38.5241 1.12378e-05
      vertex -3.48573 38.172 1.12378e-05
    endloop
  endfacet
  facet normal 0 0 -1
    outer loop
      vertex -3.87224 22.1049 1.12378e-05
      vertex -3.69674 38.5241 1.12378e-05
      vertex -3.69674 22.476 1.12378e-05
    endloop
  endfacet
  facet normal 0 0 -1
    outer loop
      vertex -3.87224 22.1049 1.12378e-05
      vertex -3.87224 38.8951 1.12378e-05
      vertex -3.69674 38.5241 1.12378e-05
    endloop
  endfacet
  facet normal 0 0 -1
    outer loop
      vertex -3.87262 22.1041 1.12378e-05
      vertex -3.87224 38.8951 1.12378e-05
      vertex -3.87224 22.1049 1.12378e-05
    endloop
  endfacet
  facet normal 0 0 -1
    outer loop
      vertex -3.87262 22.1041 1.12378e-05
      vertex -3.87262 38.8959 1.12378e-05
      vertex -3.87224 38.8951 1.12378e-05
    endloop
  endfacet
  facet normal 0 0 -1
    outer loop
      vertex -3.87292 22.1032 1.12378e-05
      vertex -3.87262 38.8959 1.12378e-05
      vertex -3.87262 22.1041 1.12378e-05
    endloop
  endfacet
  facet normal 0 0 -1
    outer loop
      vertex -3.87292 22.1032 1.12378e-05
      vertex -3.87292 38.8968 1.12378e-05
      vertex -3.87262 38.8959 1.12378e-05
    endloop
  endfacet
  facet normal 0 0 -1
    outer loop
      vertex -4.0112 21.7168 1.12378e-05
      vertex -3.87292 38.8968 1.12378e-05
      vertex -3.87292 22.1032 1.12378e-05
    endloop
  endfacet
  facet normal 0 0 -1
    outer loop
      vertex -4.0112 21.7168 1.12378e-05
      vertex -4.0112 39.2832 1.12378e-05
      vertex -3.87292 38.8968 1.12378e-05
    endloop
  endfacet
  facet normal 0 0 -1
    outer loop
      vertex -4.11093 21.3186 1.12378e-05
      vertex -4.0112 39.2832 1.12378e-05
      vertex -4.0112 21.7168 1.12378e-05
    endloop
  endfacet
  facet normal 0 0 -1
    outer loop
      vertex -4.11093 21.3186 1.12378e-05
      vertex -4.11093 39.6814 1.12378e-05
      vertex -4.0112 39.2832 1.12378e-05
    endloop
  endfacet
  facet normal 0 0 -1
    outer loop
      vertex -4.11115 21.3178 1.12378e-05
      vertex -4.11093 39.6814 1.12378e-05
      vertex -4.11093 21.3186 1.12378e-05
    endloop
  endfacet
  facet normal 0 0 -1
    outer loop
      vertex -4.11115 21.3178 1.12378e-05
      vertex -4.11115 39.6822 1.12378e-05
      vertex -4.11093 39.6814 1.12378e-05
    endloop
  endfacet
  facet normal 0 0 -1
    outer loop
      vertex -12 0 1.12378e-05
      vertex -4.11115 21.3178 1.12378e-05
      vertex -4.11128 21.3169 1.12378e-05
    endloop
  endfacet
  facet normal -0 0 -1
    outer loop
      vertex -4.11115 21.3178 1.12378e-05
      vertex -12 0 1.12378e-05
      vertex -4.11115 39.6822 1.12378e-05
    endloop
  endfacet
  facet normal 0 0 -1
    outer loop
      vertex -12 0 1.12378e-05
      vertex -4.11128 21.3169 1.12378e-05
      vertex -4.17151 20.9109 1.12378e-05
    endloop
  endfacet
  facet normal -0 0 -1
    outer loop
      vertex -4.11115 39.6822 1.12378e-05
      vertex -12 0 1.12378e-05
      vertex -4.11128 39.6831 1.12378e-05
    endloop
  endfacet
  facet normal 0 0 -1
    outer loop
      vertex -12 0 1.12378e-05
      vertex -4.17151 20.9109 1.12378e-05
      vertex -4.19165 20.5009 1.12378e-05
    endloop
  endfacet
  facet normal -0 0 -1
    outer loop
      vertex -4.11128 39.6831 1.12378e-05
      vertex -12 0 1.12378e-05
      vertex -4.17151 40.0891 1.12378e-05
    endloop
  endfacet
  facet normal 0 0 -1
    outer loop
      vertex -12 0 1.12378e-05
      vertex -4.19165 20.5009 1.12378e-05
      vertex -4.19169 20.5 1.12378e-05
    endloop
  endfacet
  facet normal 0 0 -1
    outer loop
      vertex -12 67.9 1.12378e-05
      vertex -4.17151 40.0891 1.12378e-05
      vertex -12 0 1.12378e-05
    endloop
  endfacet
  facet normal 0 0 -1
    outer loop
      vertex 12 0 1.12378e-05
      vertex 4.19165 20.4991 1.12378e-05
      vertex 4.19169 20.5 1.12378e-05
    endloop
  endfacet
  facet normal 0 0 -1
    outer loop
      vertex 12 0 1.12378e-05
      vertex 4.17151 20.0891 1.12378e-05
      vertex 4.19165 20.4991 1.12378e-05
    endloop
  endfacet
  facet normal 0 0 -1
    outer loop
      vertex 5.35 8.9 1.12378e-05
      vertex 4.11128 19.6831 1.12378e-05
      vertex 4.17151 20.0891 1.12378e-05
    endloop
  endfacet
  facet normal 0 0 -1
    outer loop
      vertex 5.35 8.9 1.12378e-05
      vertex 4.11115 19.6822 1.12378e-05
      vertex 4.11128 19.6831 1.12378e-05
    endloop
  endfacet
  facet normal 0 0 -1
    outer loop
      vertex 5.35 8.9 1.12378e-05
      vertex 4.11093 19.6814 1.12378e-05
      vertex 4.11115 19.6822 1.12378e-05
    endloop
  endfacet
  facet normal 0 0 -1
    outer loop
      vertex 5.35 8.9 1.12378e-05
      vertex 4.0112 19.2832 1.12378e-05
      vertex 4.11093 19.6814 1.12378e-05
    endloop
  endfacet
  facet normal 0 0 -1
    outer loop
      vertex 5.35 8.9 1.12378e-05
      vertex 3.87292 18.8968 1.12378e-05
      vertex 4.0112 19.2832 1.12378e-05
    endloop
  endfacet
  facet normal 0 0 -1
    outer loop
      vertex 5.35 8.9 1.12378e-05
      vertex 3.87262 18.8959 1.12378e-05
      vertex 3.87292 18.8968 1.12378e-05
    endloop
  endfacet
  facet normal 0 0 -1
    outer loop
      vertex 5.35 8.9 1.12378e-05
      vertex 3.87224 18.8951 1.12378e-05
      vertex 3.87262 18.8959 1.12378e-05
    endloop
  endfacet
  facet normal 0 0 -1
    outer loop
      vertex 5.35 8.9 1.12378e-05
      vertex 3.69674 18.524 1.12378e-05
      vertex 3.87224 18.8951 1.12378e-05
    endloop
  endfacet
  facet normal 0 0 -1
    outer loop
      vertex 5.35 8.9 1.12378e-05
      vertex 3.48573 18.172 1.12378e-05
      vertex 3.69674 18.524 1.12378e-05
    endloop
  endfacet
  facet normal 0 0 -1
    outer loop
      vertex 5.35 8.9 1.12378e-05
      vertex 3.48526 18.1712 1.12378e-05
      vertex 3.48573 18.172 1.12378e-05
    endloop
  endfacet
  facet normal 0 0 -1
    outer loop
      vertex 5.35 8.9 1.12378e-05
      vertex 3.48473 18.1705 1.12378e-05
      vertex 3.48526 18.1712 1.12378e-05
    endloop
  endfacet
  facet normal 0 0 -1
    outer loop
      vertex 5.35 8.9 1.12378e-05
      vertex 3.24022 17.8408 1.12378e-05
      vertex 3.48473 18.1705 1.12378e-05
    endloop
  endfacet
  facet normal 0 0 -1
    outer loop
      vertex 5.35 8.9 1.12378e-05
      vertex 2.96458 17.5367 1.12378e-05
      vertex 3.24022 17.8408 1.12378e-05
    endloop
  endfacet
  facet normal 0 0 -1
    outer loop
      vertex 5.35 8.9 1.12378e-05
      vertex 2.96397 17.536 1.12378e-05
      vertex 2.96458 17.5367 1.12378e-05
    endloop
  endfacet
  facet normal 0 0 -1
    outer loop
      vertex 5.35 8.9 1.12378e-05
      vertex 2.96331 17.5354 1.12378e-05
      vertex 2.96397 17.536 1.12378e-05
    endloop
  endfacet
  facet normal 0 0 -1
    outer loop
      vertex 5.35 8.9 1.12378e-05
      vertex 2.65918 17.2598 1.12378e-05
      vertex 2.96331 17.5354 1.12378e-05
    endloop
  endfacet
  facet normal 0 0 -1
    outer loop
      vertex 1.97595 16.8033 1.12378e-05
      vertex 5.35 8.9 1.12378e-05
      vertex 2.65 8.9 1.12378e-05
    endloop
  endfacet
  facet normal 0 0 -1
    outer loop
      vertex 5.35 8.9 1.12378e-05
      vertex 2.3295 17.0153 1.12378e-05
      vertex 2.65918 17.2598 1.12378e-05
    endloop
  endfacet
  facet normal 0 0 -1
    outer loop
      vertex 5.35 8.9 1.12378e-05
      vertex 12 0 1.12378e-05
      vertex 5.35 3.1 1.12378e-05
    endloop
  endfacet
  facet normal 0 0 -1
    outer loop
      vertex 12 0 1.12378e-05
      vertex 2.65 3.1 1.12378e-05
      vertex 5.35 3.1 1.12378e-05
    endloop
  endfacet
  facet normal 0 0 -1
    outer loop
      vertex -12 0 1.12378e-05
      vertex 2.65 8.9 1.12378e-05
      vertex 2.65 3.1 1.12378e-05
    endloop
  endfacet
  facet normal 0 0 -1
    outer loop
      vertex 5.35 8.9 1.12378e-05
      vertex 2.32878 17.0147 1.12378e-05
      vertex 2.3295 17.0153 1.12378e-05
    endloop
  endfacet
  facet normal 0 0 -1
    outer loop
      vertex 5.35 8.9 1.12378e-05
      vertex 2.32801 17.0143 1.12378e-05
      vertex 2.32878 17.0147 1.12378e-05
    endloop
  endfacet
  facet normal 0 0 -1
    outer loop
      vertex 5.35 8.9 1.12378e-05
      vertex 1.97595 16.8033 1.12378e-05
      vertex 2.32801 17.0143 1.12378e-05
    endloop
  endfacet
  facet normal 0 0 -1
    outer loop
      vertex 2.65 8.9 1.12378e-05
      vertex 1.6049 16.6278 1.12378e-05
      vertex 1.97595 16.8033 1.12378e-05
    endloop
  endfacet
  facet normal 0 0 -1
    outer loop
      vertex 2.65 8.9 1.12378e-05
      vertex 1.60409 16.6274 1.12378e-05
      vertex 1.6049 16.6278 1.12378e-05
    endloop
  endfacet
  facet normal 0 0 -1
    outer loop
      vertex 2.65 8.9 1.12378e-05
      vertex 1.60325 16.6271 1.12378e-05
      vertex 1.60409 16.6274 1.12378e-05
    endloop
  endfacet
  facet normal 0 0 -1
    outer loop
      vertex 2.65 8.9 1.12378e-05
      vertex 1.21678 16.4888 1.12378e-05
      vertex 1.60325 16.6271 1.12378e-05
    endloop
  endfacet
  facet normal 0 0 -1
    outer loop
      vertex 2.65 8.9 1.12378e-05
      vertex 0.818628 16.3891 1.12378e-05
      vertex 1.21678 16.4888 1.12378e-05
    endloop
  endfacet
  facet normal 0 0 -1
    outer loop
      vertex 2.65 8.9 1.12378e-05
      vertex 0.817758 16.3888 1.12378e-05
      vertex 0.818628 16.3891 1.12378e-05
    endloop
  endfacet
  facet normal 0 0 -1
    outer loop
      vertex 2.65 8.9 1.12378e-05
      vertex 0.816871 16.3887 1.12378e-05
      vertex 0.817758 16.3888 1.12378e-05
    endloop
  endfacet
  facet normal 0 0 -1
    outer loop
      vertex 2.65 8.9 1.12378e-05
      vertex 0.410857 16.3285 1.12378e-05
      vertex 0.816871 16.3887 1.12378e-05
    endloop
  endfacet
  facet normal 0 0 -1
    outer loop
      vertex 2.65 8.9 1.12378e-05
      vertex 0.000895719 16.3084 1.12378e-05
      vertex 0.410857 16.3285 1.12378e-05
    endloop
  endfacet
  facet normal 0 0 -1
    outer loop
      vertex 2.65 8.9 1.12378e-05
      vertex 0 16.3083 1.12378e-05
      vertex 0.000895719 16.3084 1.12378e-05
    endloop
  endfacet
  facet normal 0 0 -1
    outer loop
      vertex 2.65 8.9 1.12378e-05
      vertex -0.000895719 16.3084 1.12378e-05
      vertex 0 16.3083 1.12378e-05
    endloop
  endfacet
  facet normal 0 0 -1
    outer loop
      vertex 2.65 8.9 1.12378e-05
      vertex -0.410857 16.3285 1.12378e-05
      vertex -0.000895719 16.3084 1.12378e-05
    endloop
  endfacet
  facet normal 0 0 -1
    outer loop
      vertex 2.65 8.9 1.12378e-05
      vertex -0.816871 16.3887 1.12378e-05
      vertex -0.410857 16.3285 1.12378e-05
    endloop
  endfacet
  facet normal 0 0 -1
    outer loop
      vertex 2.65 8.9 1.12378e-05
      vertex -0.817758 16.3888 1.12378e-05
      vertex -0.816871 16.3887 1.12378e-05
    endloop
  endfacet
  facet normal 0 0 -1
    outer loop
      vertex 2.65 8.9 1.12378e-05
      vertex -0.818628 16.3891 1.12378e-05
      vertex -0.817758 16.3888 1.12378e-05
    endloop
  endfacet
  facet normal 0 0 -1
    outer loop
      vertex 2.65 8.9 1.12378e-05
      vertex -1.21678 16.4888 1.12378e-05
      vertex -0.818628 16.3891 1.12378e-05
    endloop
  endfacet
  facet normal 0 0 -1
    outer loop
      vertex 2.65 8.9 1.12378e-05
      vertex -1.60325 16.6271 1.12378e-05
      vertex -1.21678 16.4888 1.12378e-05
    endloop
  endfacet
  facet normal 0 0 -1
    outer loop
      vertex 2.65 8.9 1.12378e-05
      vertex -1.60409 16.6274 1.12378e-05
      vertex -1.60325 16.6271 1.12378e-05
    endloop
  endfacet
  facet normal 0 0 -1
    outer loop
      vertex 2.65 8.9 1.12378e-05
      vertex -1.6049 16.6278 1.12378e-05
      vertex -1.60409 16.6274 1.12378e-05
    endloop
  endfacet
  facet normal 0 0 -1
    outer loop
      vertex 2.65 8.9 1.12378e-05
      vertex -1.97595 16.8033 1.12378e-05
      vertex -1.6049 16.6278 1.12378e-05
    endloop
  endfacet
  facet normal -0 0 -1
    outer loop
      vertex 2.65 8.9 1.12378e-05
      vertex -12 0 1.12378e-05
      vertex -1.97595 16.8033 1.12378e-05
    endloop
  endfacet
  facet normal -0 0 -1
    outer loop
      vertex -1.97595 16.8033 1.12378e-05
      vertex -12 0 1.12378e-05
      vertex -2.32801 17.0143 1.12378e-05
    endloop
  endfacet
  facet normal -0 0 -1
    outer loop
      vertex -2.32801 17.0143 1.12378e-05
      vertex -12 0 1.12378e-05
      vertex -2.32878 17.0147 1.12378e-05
    endloop
  endfacet
  facet normal -0 0 -1
    outer loop
      vertex -2.32878 17.0147 1.12378e-05
      vertex -12 0 1.12378e-05
      vertex -2.3295 17.0153 1.12378e-05
    endloop
  endfacet
  facet normal -0 0 -1
    outer loop
      vertex -2.3295 17.0153 1.12378e-05
      vertex -12 0 1.12378e-05
      vertex -2.65918 17.2598 1.12378e-05
    endloop
  endfacet
  facet normal -0 0 -1
    outer loop
      vertex -2.65918 17.2598 1.12378e-05
      vertex -12 0 1.12378e-05
      vertex -2.96331 17.5354 1.12378e-05
    endloop
  endfacet
  facet normal -0 0 -1
    outer loop
      vertex -2.96331 17.5354 1.12378e-05
      vertex -12 0 1.12378e-05
      vertex -2.96397 17.536 1.12378e-05
    endloop
  endfacet
  facet normal -0 0 -1
    outer loop
      vertex -2.96397 17.536 1.12378e-05
      vertex -12 0 1.12378e-05
      vertex -2.96458 17.5367 1.12378e-05
    endloop
  endfacet
  facet normal -0 0 -1
    outer loop
      vertex -2.96458 17.5367 1.12378e-05
      vertex -12 0 1.12378e-05
      vertex -3.24022 17.8408 1.12378e-05
    endloop
  endfacet
  facet normal -0 0 -1
    outer loop
      vertex -3.24022 17.8408 1.12378e-05
      vertex -12 0 1.12378e-05
      vertex -3.48473 18.1705 1.12378e-05
    endloop
  endfacet
  facet normal -0 0 -1
    outer loop
      vertex -3.48473 18.1705 1.12378e-05
      vertex -12 0 1.12378e-05
      vertex -3.48526 18.1712 1.12378e-05
    endloop
  endfacet
  facet normal -0 0 -1
    outer loop
      vertex -3.48526 18.1712 1.12378e-05
      vertex -12 0 1.12378e-05
      vertex -3.48573 18.172 1.12378e-05
    endloop
  endfacet
  facet normal -0 0 -1
    outer loop
      vertex -3.48573 18.172 1.12378e-05
      vertex -12 0 1.12378e-05
      vertex -3.69674 18.524 1.12378e-05
    endloop
  endfacet
  facet normal -0 0 -1
    outer loop
      vertex -3.69674 18.524 1.12378e-05
      vertex -12 0 1.12378e-05
      vertex -3.87224 18.8951 1.12378e-05
    endloop
  endfacet
  facet normal 0 0 -1
    outer loop
      vertex -12 0 1.12378e-05
      vertex -3.87292 18.8968 1.12378e-05
      vertex -3.87262 18.8959 1.12378e-05
    endloop
  endfacet
  facet normal 0 0 -1
    outer loop
      vertex -12 0 1.12378e-05
      vertex -4.11093 19.6814 1.12378e-05
      vertex -4.0112 19.2832 1.12378e-05
    endloop
  endfacet
  facet normal 0 0 1
    outer loop
      vertex -4.17151 20.0891 1.12378e-05
      vertex -4.19169 20.5 1.12378e-05
      vertex -4.19165 20.4991 1.12378e-05
    endloop
  endfacet
  facet normal 0 0 -1
    outer loop
      vertex -4.17151 40.0891 1.12378e-05
      vertex -12 67.9 1.12378e-05
      vertex -4.19165 40.4991 1.12378e-05
    endloop
  endfacet
  facet normal 0 0 -1
    outer loop
      vertex -4.19165 40.4991 1.12378e-05
      vertex -12 67.9 1.12378e-05
      vertex -4.19169 40.5 1.12378e-05
    endloop
  endfacet
  facet normal -0 0 -1
    outer loop
      vertex -4.17151 20.0891 1.12378e-05
      vertex -12 0 1.12378e-05
      vertex -4.19169 20.5 1.12378e-05
    endloop
  endfacet
  facet normal -0 0 -1
    outer loop
      vertex -4.11128 19.6831 1.12378e-05
      vertex -12 0 1.12378e-05
      vertex -4.17151 20.0891 1.12378e-05
    endloop
  endfacet
  facet normal -0 0 -1
    outer loop
      vertex -4.11115 19.6822 1.12378e-05
      vertex -12 0 1.12378e-05
      vertex -4.11128 19.6831 1.12378e-05
    endloop
  endfacet
  facet normal -0 0 -1
    outer loop
      vertex -4.11093 19.6814 1.12378e-05
      vertex -12 0 1.12378e-05
      vertex -4.11115 19.6822 1.12378e-05
    endloop
  endfacet
  facet normal -0 0 -1
    outer loop
      vertex -3.87292 18.8968 1.12378e-05
      vertex -12 0 1.12378e-05
      vertex -4.0112 19.2832 1.12378e-05
    endloop
  endfacet
  facet normal -0 0 -1
    outer loop
      vertex -3.87224 18.8951 1.12378e-05
      vertex -12 0 1.12378e-05
      vertex -3.87262 18.8959 1.12378e-05
    endloop
  endfacet
  facet normal 0 0 -1
    outer loop
      vertex -12 0 1.12378e-05
      vertex 2.65 3.1 1.12378e-05
      vertex 12 0 1.12378e-05
    endloop
  endfacet
  facet normal 0 0 -1
    outer loop
      vertex 4.17151 20.0891 1.12378e-05
      vertex 12 0 1.12378e-05
      vertex 5.35 8.9 1.12378e-05
    endloop
  endfacet
  facet normal 0 0 -1
    outer loop
      vertex 4.19165 20.5009 1.12378e-05
      vertex 12 0 1.12378e-05
      vertex 4.19169 20.5 1.12378e-05
    endloop
  endfacet
  facet normal 0 0 -1
    outer loop
      vertex 12 0 1.12378e-05
      vertex 4.19169 40.5 1.12378e-05
      vertex 12 67.9 1.12378e-05
    endloop
  endfacet
  facet normal 0 0 -1
    outer loop
      vertex 4.19165 40.5009 1.12378e-05
      vertex 12 67.9 1.12378e-05
      vertex 4.19169 40.5 1.12378e-05
    endloop
  endfacet
  facet normal 0 0 -1
    outer loop
      vertex 4.19165 60.5009 1.12378e-05
      vertex 12 67.9 1.12378e-05
      vertex 4.19169 60.5 1.12378e-05
    endloop
  endfacet
  facet normal 0 0 -1
    outer loop
      vertex 4.17151 60.9109 1.12378e-05
      vertex 12 67.9 1.12378e-05
      vertex 4.19165 60.5009 1.12378e-05
    endloop
  endfacet
  facet normal 0 0 -1
    outer loop
      vertex 4.11128 61.3169 1.12378e-05
      vertex 12 67.9 1.12378e-05
      vertex 4.17151 60.9109 1.12378e-05
    endloop
  endfacet
  facet normal 0 0 -1
    outer loop
      vertex 4.11115 61.3178 1.12378e-05
      vertex 12 67.9 1.12378e-05
      vertex 4.11128 61.3169 1.12378e-05
    endloop
  endfacet
  facet normal 0 0 -1
    outer loop
      vertex 4.11093 61.3186 1.12378e-05
      vertex 12 67.9 1.12378e-05
      vertex 4.11115 61.3178 1.12378e-05
    endloop
  endfacet
  facet normal 0 0 -1
    outer loop
      vertex 4.0112 61.7168 1.12378e-05
      vertex 12 67.9 1.12378e-05
      vertex 4.11093 61.3186 1.12378e-05
    endloop
  endfacet
  facet normal 0 0 -1
    outer loop
      vertex 3.87292 62.1032 1.12378e-05
      vertex 12 67.9 1.12378e-05
      vertex 4.0112 61.7168 1.12378e-05
    endloop
  endfacet
  facet normal 0 0 -1
    outer loop
      vertex 3.87262 62.1041 1.12378e-05
      vertex 12 67.9 1.12378e-05
      vertex 3.87292 62.1032 1.12378e-05
    endloop
  endfacet
  facet normal 0 0 -1
    outer loop
      vertex 3.87224 62.1049 1.12378e-05
      vertex 12 67.9 1.12378e-05
      vertex 3.87262 62.1041 1.12378e-05
    endloop
  endfacet
  facet normal 0 0 -1
    outer loop
      vertex 3.69674 62.4759 1.12378e-05
      vertex 12 67.9 1.12378e-05
      vertex 3.87224 62.1049 1.12378e-05
    endloop
  endfacet
  facet normal 0 0 -1
    outer loop
      vertex 3.48573 62.828 1.12378e-05
      vertex 12 67.9 1.12378e-05
      vertex 3.69674 62.4759 1.12378e-05
    endloop
  endfacet
  facet normal 0 0 -1
    outer loop
      vertex 3.48526 62.8288 1.12378e-05
      vertex 12 67.9 1.12378e-05
      vertex 3.48573 62.828 1.12378e-05
    endloop
  endfacet
  facet normal 0 0 -1
    outer loop
      vertex 3.48473 62.8295 1.12378e-05
      vertex 12 67.9 1.12378e-05
      vertex 3.48526 62.8288 1.12378e-05
    endloop
  endfacet
  facet normal 0 0 -1
    outer loop
      vertex 3.24022 63.1592 1.12378e-05
      vertex 12 67.9 1.12378e-05
      vertex 3.48473 62.8295 1.12378e-05
    endloop
  endfacet
  facet normal 0 0 -1
    outer loop
      vertex 2.96458 63.4633 1.12378e-05
      vertex 12 67.9 1.12378e-05
      vertex 3.24022 63.1592 1.12378e-05
    endloop
  endfacet
  facet normal 0 0 -1
    outer loop
      vertex 2.96397 63.464 1.12378e-05
      vertex 12 67.9 1.12378e-05
      vertex 2.96458 63.4633 1.12378e-05
    endloop
  endfacet
  facet normal 0 0 -1
    outer loop
      vertex 2.96331 63.4646 1.12378e-05
      vertex 12 67.9 1.12378e-05
      vertex 2.96397 63.464 1.12378e-05
    endloop
  endfacet
  facet normal 0 0 -1
    outer loop
      vertex 2.65918 63.7402 1.12378e-05
      vertex 12 67.9 1.12378e-05
      vertex 2.96331 63.4646 1.12378e-05
    endloop
  endfacet
  facet normal 0 0 -1
    outer loop
      vertex 2.3295 63.9847 1.12378e-05
      vertex 12 67.9 1.12378e-05
      vertex 2.65918 63.7402 1.12378e-05
    endloop
  endfacet
  facet normal 0 0 -1
    outer loop
      vertex 2.32878 63.9853 1.12378e-05
      vertex 12 67.9 1.12378e-05
      vertex 2.3295 63.9847 1.12378e-05
    endloop
  endfacet
  facet normal 0 0 -1
    outer loop
      vertex 2.32801 63.9857 1.12378e-05
      vertex 12 67.9 1.12378e-05
      vertex 2.32878 63.9853 1.12378e-05
    endloop
  endfacet
  facet normal 0 0 -1
    outer loop
      vertex 1.97595 64.1967 1.12378e-05
      vertex 12 67.9 1.12378e-05
      vertex 2.32801 63.9857 1.12378e-05
    endloop
  endfacet
  facet normal 0 0 -1
    outer loop
      vertex 1.6049 64.3722 1.12378e-05
      vertex 12 67.9 1.12378e-05
      vertex 1.97595 64.1967 1.12378e-05
    endloop
  endfacet
  facet normal 0 0 -1
    outer loop
      vertex 1.60409 64.3726 1.12378e-05
      vertex 12 67.9 1.12378e-05
      vertex 1.6049 64.3722 1.12378e-05
    endloop
  endfacet
  facet normal 0 0 -1
    outer loop
      vertex 1.60325 64.3729 1.12378e-05
      vertex 12 67.9 1.12378e-05
      vertex 1.60409 64.3726 1.12378e-05
    endloop
  endfacet
  facet normal 0 0 -1
    outer loop
      vertex 1.21678 64.5112 1.12378e-05
      vertex 12 67.9 1.12378e-05
      vertex 1.60325 64.3729 1.12378e-05
    endloop
  endfacet
  facet normal 0 0 -1
    outer loop
      vertex 0.818628 64.6109 1.12378e-05
      vertex 12 67.9 1.12378e-05
      vertex 1.21678 64.5112 1.12378e-05
    endloop
  endfacet
  facet normal 0 0 -1
    outer loop
      vertex 0.817758 64.6112 1.12378e-05
      vertex 12 67.9 1.12378e-05
      vertex 0.818628 64.6109 1.12378e-05
    endloop
  endfacet
  facet normal 0 0 -1
    outer loop
      vertex 0.816871 64.6113 1.12378e-05
      vertex 12 67.9 1.12378e-05
      vertex 0.817758 64.6112 1.12378e-05
    endloop
  endfacet
  facet normal 0 0 -1
    outer loop
      vertex 0.410857 64.6715 1.12378e-05
      vertex 12 67.9 1.12378e-05
      vertex 0.816871 64.6113 1.12378e-05
    endloop
  endfacet
  facet normal 0 0 -1
    outer loop
      vertex 0.000895719 64.6917 1.12378e-05
      vertex 12 67.9 1.12378e-05
      vertex 0.410857 64.6715 1.12378e-05
    endloop
  endfacet
  facet normal 0 0 -1
    outer loop
      vertex 0 64.6917 1.12378e-05
      vertex 12 67.9 1.12378e-05
      vertex 0.000895719 64.6917 1.12378e-05
    endloop
  endfacet
  facet normal 0 0 -1
    outer loop
      vertex -12 67.9 1.12378e-05
      vertex 0 64.6917 1.12378e-05
      vertex -0.000895719 64.6917 1.12378e-05
    endloop
  endfacet
  facet normal 0 0 -1
    outer loop
      vertex -12 67.9 1.12378e-05
      vertex -0.000895719 64.6917 1.12378e-05
      vertex -0.410857 64.6715 1.12378e-05
    endloop
  endfacet
  facet normal 0 0 -1
    outer loop
      vertex -12 67.9 1.12378e-05
      vertex -0.410857 64.6715 1.12378e-05
      vertex -0.816871 64.6113 1.12378e-05
    endloop
  endfacet
  facet normal 0 0 -1
    outer loop
      vertex -12 67.9 1.12378e-05
      vertex -0.816871 64.6113 1.12378e-05
      vertex -0.817758 64.6112 1.12378e-05
    endloop
  endfacet
  facet normal 0 0 -1
    outer loop
      vertex -12 67.9 1.12378e-05
      vertex -0.817758 64.6112 1.12378e-05
      vertex -0.818628 64.6109 1.12378e-05
    endloop
  endfacet
  facet normal 0 0 -1
    outer loop
      vertex -12 67.9 1.12378e-05
      vertex -0.818628 64.6109 1.12378e-05
      vertex -1.21678 64.5112 1.12378e-05
    endloop
  endfacet
  facet normal 0 0 -1
    outer loop
      vertex -12 67.9 1.12378e-05
      vertex -1.60325 64.3729 1.12378e-05
      vertex -1.60409 64.3726 1.12378e-05
    endloop
  endfacet
  facet normal 0 0 -1
    outer loop
      vertex -12 67.9 1.12378e-05
      vertex -3.87224 62.1049 1.12378e-05
      vertex -3.87262 62.1041 1.12378e-05
    endloop
  endfacet
  facet normal 0 0 -1
    outer loop
      vertex -12 67.9 1.12378e-05
      vertex -3.87292 62.1032 1.12378e-05
      vertex -4.0112 61.7168 1.12378e-05
    endloop
  endfacet
  facet normal 0 0 -1
    outer loop
      vertex -12 67.9 1.12378e-05
      vertex -4.11093 61.3186 1.12378e-05
      vertex -4.11115 61.3178 1.12378e-05
    endloop
  endfacet
  facet normal 0 0 -1
    outer loop
      vertex -12 67.9 1.12378e-05
      vertex -4.19165 60.5009 1.12378e-05
      vertex -4.19169 60.5 1.12378e-05
    endloop
  endfacet
  facet normal 0 0 -1
    outer loop
      vertex -4.19165 60.4991 1.12378e-05
      vertex -12 67.9 1.12378e-05
      vertex -4.19169 60.5 1.12378e-05
    endloop
  endfacet
  facet normal 0 0 -1
    outer loop
      vertex 0 64.6917 1.12378e-05
      vertex -12 67.9 1.12378e-05
      vertex 12 67.9 1.12378e-05
    endloop
  endfacet
  facet normal 0 0 -1
    outer loop
      vertex -1.60325 64.3729 1.12378e-05
      vertex -12 67.9 1.12378e-05
      vertex -1.21678 64.5112 1.12378e-05
    endloop
  endfacet
  facet normal 0 0 -1
    outer loop
      vertex -1.6049 64.3722 1.12378e-05
      vertex -12 67.9 1.12378e-05
      vertex -1.60409 64.3726 1.12378e-05
    endloop
  endfacet
  facet normal 0 0 -1
    outer loop
      vertex -1.97595 64.1967 1.12378e-05
      vertex -12 67.9 1.12378e-05
      vertex -1.6049 64.3722 1.12378e-05
    endloop
  endfacet
  facet normal 0 0 -1
    outer loop
      vertex -2.32801 63.9857 1.12378e-05
      vertex -12 67.9 1.12378e-05
      vertex -1.97595 64.1967 1.12378e-05
    endloop
  endfacet
  facet normal 0 0 -1
    outer loop
      vertex -2.32878 63.9853 1.12378e-05
      vertex -12 67.9 1.12378e-05
      vertex -2.32801 63.9857 1.12378e-05
    endloop
  endfacet
  facet normal 0 0 -1
    outer loop
      vertex -2.3295 63.9847 1.12378e-05
      vertex -12 67.9 1.12378e-05
      vertex -2.32878 63.9853 1.12378e-05
    endloop
  endfacet
  facet normal 0 0 -1
    outer loop
      vertex -2.65918 63.7402 1.12378e-05
      vertex -12 67.9 1.12378e-05
      vertex -2.3295 63.9847 1.12378e-05
    endloop
  endfacet
  facet normal 0 0 -1
    outer loop
      vertex -2.96331 63.4646 1.12378e-05
      vertex -12 67.9 1.12378e-05
      vertex -2.65918 63.7402 1.12378e-05
    endloop
  endfacet
  facet normal 0 0 -1
    outer loop
      vertex -2.96397 63.464 1.12378e-05
      vertex -12 67.9 1.12378e-05
      vertex -2.96331 63.4646 1.12378e-05
    endloop
  endfacet
  facet normal 0 0 -1
    outer loop
      vertex -2.96458 63.4633 1.12378e-05
      vertex -12 67.9 1.12378e-05
      vertex -2.96397 63.464 1.12378e-05
    endloop
  endfacet
  facet normal 0 0 -1
    outer loop
      vertex -3.24022 63.1592 1.12378e-05
      vertex -12 67.9 1.12378e-05
      vertex -2.96458 63.4633 1.12378e-05
    endloop
  endfacet
  facet normal 0 0 -1
    outer loop
      vertex -3.48473 62.8295 1.12378e-05
      vertex -12 67.9 1.12378e-05
      vertex -3.24022 63.1592 1.12378e-05
    endloop
  endfacet
  facet normal 0 0 -1
    outer loop
      vertex -3.48526 62.8288 1.12378e-05
      vertex -12 67.9 1.12378e-05
      vertex -3.48473 62.8295 1.12378e-05
    endloop
  endfacet
  facet normal 0 0 -1
    outer loop
      vertex -3.48573 62.828 1.12378e-05
      vertex -12 67.9 1.12378e-05
      vertex -3.48526 62.8288 1.12378e-05
    endloop
  endfacet
  facet normal 0 0 -1
    outer loop
      vertex -3.69674 62.4759 1.12378e-05
      vertex -12 67.9 1.12378e-05
      vertex -3.48573 62.828 1.12378e-05
    endloop
  endfacet
  facet normal 0 0 -1
    outer loop
      vertex -3.87224 62.1049 1.12378e-05
      vertex -12 67.9 1.12378e-05
      vertex -3.69674 62.4759 1.12378e-05
    endloop
  endfacet
  facet normal 0 0 -1
    outer loop
      vertex -3.87292 62.1032 1.12378e-05
      vertex -12 67.9 1.12378e-05
      vertex -3.87262 62.1041 1.12378e-05
    endloop
  endfacet
  facet normal 0 0 -1
    outer loop
      vertex -4.11093 61.3186 1.12378e-05
      vertex -12 67.9 1.12378e-05
      vertex -4.0112 61.7168 1.12378e-05
    endloop
  endfacet
  facet normal 0 0 -1
    outer loop
      vertex -4.11128 61.3169 1.12378e-05
      vertex -12 67.9 1.12378e-05
      vertex -4.11115 61.3178 1.12378e-05
    endloop
  endfacet
  facet normal 0 0 -1
    outer loop
      vertex -4.17151 60.9109 1.12378e-05
      vertex -12 67.9 1.12378e-05
      vertex -4.11128 61.3169 1.12378e-05
    endloop
  endfacet
  facet normal 0 0 -1
    outer loop
      vertex -4.19165 60.5009 1.12378e-05
      vertex -12 67.9 1.12378e-05
      vertex -4.17151 60.9109 1.12378e-05
    endloop
  endfacet
  facet normal 0 -1 0
    outer loop
      vertex -12 0 1.12378e-05
      vertex 8 0 12.7627
      vertex -8 0 12.7627
    endloop
  endfacet
  facet normal 0 -1 -0
    outer loop
      vertex 8 0 12.7627
      vertex -12 0 1.12378e-05
      vertex 12 0 1.12378e-05
    endloop
  endfacet
  facet normal 0.954222 -1.88876e-06 0.2991
    outer loop
      vertex 9.14917 7.69181 9.09611
      vertex 8 67.9 12.7627
      vertex 9.09694 7.7 9.26274
    endloop
  endfacet
  facet normal 0.954238 1.44192e-06 0.299048
    outer loop
      vertex 8 67.9 12.7627
      vertex 9.04472 7.69181 9.42937
      vertex 9.09694 7.7 9.26274
    endloop
  endfacet
  facet normal 0.954231 -1.26886e-08 0.299072
    outer loop
      vertex 8 67.9 12.7627
      vertex 8.993 7.66733 9.59439
      vertex 9.04472 7.69181 9.42937
    endloop
  endfacet
  facet normal 0.954231 4.89683e-08 0.299071
    outer loop
      vertex 8 67.9 12.7627
      vertex 8.94228 7.6268 9.75622
      vertex 8.993 7.66733 9.59439
    endloop
  endfacet
  facet normal 0.954233 4.28957e-07 0.299064
    outer loop
      vertex 8 67.9 12.7627
      vertex 8.89305 7.57059 9.9133
      vertex 8.94228 7.6268 9.75622
    endloop
  endfacet
  facet normal 0.954219 -1.96961e-06 0.29911
    outer loop
      vertex 8 67.9 12.7627
      vertex 8.84578 7.49927 10.0641
      vertex 8.89305 7.57059 9.9133
    endloop
  endfacet
  facet normal 0.954249 2.78421e-06 0.299013
    outer loop
      vertex 8 67.9 12.7627
      vertex 8.80094 7.4135 10.2072
      vertex 8.84578 7.49927 10.0641
    endloop
  endfacet
  facet normal 0.954226 -5.75333e-07 0.299085
    outer loop
      vertex 8 67.9 12.7627
      vertex 8.75894 7.31412 10.3412
      vertex 8.80094 7.4135 10.2072
    endloop
  endfacet
  facet normal 0.954227 -4.82787e-07 0.299083
    outer loop
      vertex 8 67.9 12.7627
      vertex 8.7202 7.20208 10.4648
      vertex 8.75894 7.31412 10.3412
    endloop
  endfacet
  facet normal 0.954263 4.33117e-06 0.298968
    outer loop
      vertex 8 67.9 12.7627
      vertex 8.68508 7.07847 10.5769
      vertex 8.7202 7.20208 10.4648
    endloop
  endfacet
  facet normal 0.954184 -5.63065e-06 0.29922
    outer loop
      vertex 8 67.9 12.7627
      vertex 8.65394 6.94447 10.6762
      vertex 8.68508 7.07847 10.5769
    endloop
  endfacet
  facet normal 0.954264 3.95821e-06 0.298965
    outer loop
      vertex 8 67.9 12.7627
      vertex 8.62706 6.80137 10.762
      vertex 8.65394 6.94447 10.6762
    endloop
  endfacet
  facet normal 0.954183 -5.38211e-06 0.299225
    outer loop
      vertex 8 67.9 12.7627
      vertex 8.6047 6.65056 10.8333
      vertex 8.62706 6.80137 10.762
    endloop
  endfacet
  facet normal 0.954249 1.88695e-06 0.299014
    outer loop
      vertex 8 67.9 12.7627
      vertex 8.58709 6.49348 10.8895
      vertex 8.6047 6.65056 10.8333
    endloop
  endfacet
  facet normal 0.954319 9.37922e-06 0.298791
    outer loop
      vertex 8 67.9 12.7627
      vertex 8.57438 6.33165 10.9301
      vertex 8.58709 6.49348 10.8895
    endloop
  endfacet
  facet normal 0.954229 -0 0.299078
    outer loop
      vertex 8 0 12.7627
      vertex 8.57438 6.33165 10.9301
      vertex 8 67.9 12.7627
    endloop
  endfacet
  facet normal 0.954125 0.000105382 0.299409
    outer loop
      vertex 8.57438 6.33165 10.9301
      vertex 8 0 12.7627
      vertex 8.56671 6.16663 10.9546
    endloop
  endfacet
  facet normal 0.954238 -1.94658e-05 0.299049
    outer loop
      vertex 9.04472 4.30819 9.42937
      vertex 8 0 12.7627
      vertex 9.09694 4.3 9.26274
    endloop
  endfacet
  facet normal 0.954231 1.60382e-07 0.299072
    outer loop
      vertex 8.993 4.33266 9.59439
      vertex 8 0 12.7627
      vertex 9.04472 4.30819 9.42937
    endloop
  endfacet
  facet normal 0.954231 -5.82938e-07 0.299071
    outer loop
      vertex 8.94228 4.3732 9.75622
      vertex 8 0 12.7627
      vertex 8.993 4.33266 9.59439
    endloop
  endfacet
  facet normal 0.954233 -4.82966e-06 0.299065
    outer loop
      vertex 8.89305 4.4294 9.9133
      vertex 8 0 12.7627
      vertex 8.94228 4.3732 9.75622
    endloop
  endfacet
  facet normal 0.954221 2.10274e-05 0.299102
    outer loop
      vertex 8.84578 4.50073 10.0641
      vertex 8 0 12.7627
      vertex 8.89305 4.4294 9.9133
    endloop
  endfacet
  facet normal 0.954245 -2.82225e-05 0.299027
    outer loop
      vertex 8.80094 4.5865 10.2072
      vertex 8 0 12.7627
      vertex 8.84578 4.50073 10.0641
    endloop
  endfacet
  facet normal 0.954227 5.53712e-06 0.299082
    outer loop
      vertex 8.75894 4.68588 10.3412
      vertex 8 0 12.7627
      vertex 8.80094 4.5865 10.2072
    endloop
  endfacet
  facet normal 0.954228 4.40493e-06 0.29908
    outer loop
      vertex 8.7202 4.79792 10.4648
      vertex 8 0 12.7627
      vertex 8.75894 4.68588 10.3412
    endloop
  endfacet
  facet normal 0.954253 -3.73532e-05 0.299001
    outer loop
      vertex 8.68508 4.92153 10.5769
      vertex 8 0 12.7627
      vertex 8.7202 4.79792 10.4648
    endloop
  endfacet
  facet normal 0.9542 4.56196e-05 0.299171
    outer loop
      vertex 8.65394 5.05553 10.6762
      vertex 8 0 12.7627
      vertex 8.68508 4.92153 10.5769
    endloop
  endfacet
  facet normal 0.954252 -2.98815e-05 0.299004
    outer loop
      vertex 8.62706 5.19862 10.762
      vertex 8 0 12.7627
      vertex 8.65394 5.05553 10.6762
    endloop
  endfacet
  facet normal 0.954202 3.7285e-05 0.299163
    outer loop
      vertex 8.6047 5.34944 10.8333
      vertex 8 0 12.7627
      vertex 8.62706 5.19862 10.762
    endloop
  endfacet
  facet normal 0.954241 -1.17062e-05 0.299039
    outer loop
      vertex 8.58709 5.50652 10.8895
      vertex 8 0 12.7627
      vertex 8.6047 5.34944 10.8333
    endloop
  endfacet
  facet normal 0.954273 -4.97913e-05 0.298938
    outer loop
      vertex 8.57438 5.66835 10.9301
      vertex 8 0 12.7627
      vertex 8.58709 5.50652 10.8895
    endloop
  endfacet
  facet normal 0.95426 -3.51784e-05 0.298979
    outer loop
      vertex 8.56671 5.83337 10.9546
      vertex 8 0 12.7627
      vertex 8.57438 5.66835 10.9301
    endloop
  endfacet
  facet normal 0.954085 0.000154571 0.299536
    outer loop
      vertex 8.56414 6 10.9627
      vertex 8 0 12.7627
      vertex 8.56671 5.83337 10.9546
    endloop
  endfacet
  facet normal 0.954436 -0.000214429 0.298416
    outer loop
      vertex 8.56671 6.16663 10.9546
      vertex 8 0 12.7627
      vertex 8.56414 6 10.9627
    endloop
  endfacet
  facet normal 0.954231 1.72668e-07 0.299069
    outer loop
      vertex 8 67.9 12.7627
      vertex 9.14917 7.69181 9.09611
      vertex 12 67.9 1.12378e-05
    endloop
  endfacet
  facet normal 0.954236 -2.08969e-06 0.299055
    outer loop
      vertex 9.20089 7.66733 8.93108
      vertex 12 67.9 1.12378e-05
      vertex 9.14917 7.69181 9.09611
    endloop
  endfacet
  facet normal 0.954231 3.62111e-07 0.299071
    outer loop
      vertex 9.25161 7.6268 8.76925
      vertex 12 67.9 1.12378e-05
      vertex 9.20089 7.66733 8.93108
    endloop
  endfacet
  facet normal 0.954233 -7.16294e-07 0.299064
    outer loop
      vertex 9.30084 7.57059 8.61217
      vertex 12 67.9 1.12378e-05
      vertex 9.25161 7.6268 8.76925
    endloop
  endfacet
  facet normal 0.954225 3.57866e-06 0.299091
    outer loop
      vertex 9.34811 7.49927 8.46136
      vertex 12 67.9 1.12378e-05
      vertex 9.30084 7.57059 8.61217
    endloop
  endfacet
  facet normal 0.954243 -5.30283e-06 0.299033
    outer loop
      vertex 9.39295 7.4135 8.31827
      vertex 12 67.9 1.12378e-05
      vertex 9.34811 7.49927 8.46136
    endloop
  endfacet
  facet normal 0.954227 2.3683e-06 0.299084
    outer loop
      vertex 9.43495 7.31412 8.18427
      vertex 12 67.9 1.12378e-05
      vertex 9.39295 7.4135 8.31827
    endloop
  endfacet
  facet normal 0.954234 -8.67967e-07 0.299062
    outer loop
      vertex 9.47369 7.20208 8.06066
      vertex 12 67.9 1.12378e-05
      vertex 9.43495 7.31412 8.18427
    endloop
  endfacet
  facet normal 0.954221 5.16607e-06 0.299104
    outer loop
      vertex 9.50881 7.07847 7.94862
      vertex 12 67.9 1.12378e-05
      vertex 9.47369 7.20208 8.06066
    endloop
  endfacet
  facet normal 0.954195 -0.000144546 0.299185
    outer loop
      vertex 12 0 1.12378e-05
      vertex 9.50881 7.07847 7.94862
      vertex 9.53995 6.94447 7.84924
    endloop
  endfacet
  facet normal 0.954227 -2.02916e-05 0.299085
    outer loop
      vertex 12 0 1.12378e-05
      vertex 9.53995 6.94447 7.84924
      vertex 9.56683 6.80137 7.76347
    endloop
  endfacet
  facet normal 0.954243 4.58174e-05 0.299032
    outer loop
      vertex 12 0 1.12378e-05
      vertex 9.56683 6.80137 7.76347
      vertex 9.58919 6.65056 7.69214
    endloop
  endfacet
  facet normal 0.954224 -3.33136e-05 0.299094
    outer loop
      vertex 12 0 1.12378e-05
      vertex 9.58919 6.65056 7.69214
      vertex 9.6068 6.49348 7.63594
    endloop
  endfacet
  facet normal 0.954239 3.17203e-05 0.299044
    outer loop
      vertex 12 0 1.12378e-05
      vertex 9.6068 6.49348 7.63594
      vertex 9.61951 6.33165 7.5954
    endloop
  endfacet
  facet normal 0.954228 -1.54319e-05 0.29908
    outer loop
      vertex 12 0 1.12378e-05
      vertex 9.61951 6.33165 7.5954
      vertex 9.62718 6.16663 7.57092
    endloop
  endfacet
  facet normal 0.95424 3.74794e-05 0.299041
    outer loop
      vertex 12 0 1.12378e-05
      vertex 9.62718 6.16663 7.57092
      vertex 9.62975 6 7.56274
    endloop
  endfacet
  facet normal 0.954224 -3.46688e-05 0.299093
    outer loop
      vertex 12 0 1.12378e-05
      vertex 9.62975 6 7.56274
      vertex 9.62718 5.83337 7.57092
    endloop
  endfacet
  facet normal 0.954221 2.74659e-05 0.299101
    outer loop
      vertex 8 0 12.7627
      vertex 9.14917 4.30819 9.09611
      vertex 9.09694 4.3 9.26274
    endloop
  endfacet
  facet normal 0.954237 -1.76488e-05 0.299053
    outer loop
      vertex 8 0 12.7627
      vertex 9.20089 4.33266 8.93108
      vertex 9.14917 4.30819 9.09611
    endloop
  endfacet
  facet normal 0.954231 -4.58566e-07 0.29907
    outer loop
      vertex 8 0 12.7627
      vertex 9.25161 4.3732 8.76925
      vertex 9.20089 4.33266 8.93108
    endloop
  endfacet
  facet normal 0.954234 -1.10489e-05 0.29906
    outer loop
      vertex 8 0 12.7627
      vertex 9.30084 4.4294 8.61217
      vertex 9.25161 4.3732 8.76925
    endloop
  endfacet
  facet normal 0.954231 -1.62129e-06 0.299069
    outer loop
      vertex 12 0 1.12378e-05
      vertex 9.30084 4.4294 8.61217
      vertex 8 0 12.7627
    endloop
  endfacet
  facet normal 0.954228 -2.71058e-05 0.299081
    outer loop
      vertex 9.30084 4.4294 8.61217
      vertex 12 0 1.12378e-05
      vertex 9.34811 4.50073 8.46136
    endloop
  endfacet
  facet normal 0.954237 3.6269e-05 0.29905
    outer loop
      vertex 9.34811 4.50073 8.46136
      vertex 12 0 1.12378e-05
      vertex 9.39295 4.5865 8.31827
    endloop
  endfacet
  facet normal 0.954229 -1.4677e-05 0.299076
    outer loop
      vertex 9.39295 4.5865 8.31827
      vertex 12 0 1.12378e-05
      vertex 9.43495 4.68588 8.18427
    endloop
  endfacet
  facet normal 0.954232 0 0.299068
    outer loop
      vertex 9.50881 7.07847 7.94862
      vertex 12 0 1.12378e-05
      vertex 12 67.9 1.12378e-05
    endloop
  endfacet
  facet normal 0.954234 1.21757e-05 0.29906
    outer loop
      vertex 9.61951 5.66835 7.5954
      vertex 12 0 1.12378e-05
      vertex 9.62718 5.83337 7.57092
    endloop
  endfacet
  facet normal 0.954227 -2.11431e-05 0.299083
    outer loop
      vertex 9.6068 5.50652 7.63594
      vertex 12 0 1.12378e-05
      vertex 9.61951 5.66835 7.5954
    endloop
  endfacet
  facet normal 0.954235 1.84246e-05 0.299057
    outer loop
      vertex 9.58919 5.34944 7.69214
      vertex 12 0 1.12378e-05
      vertex 9.6068 5.50652 7.63594
    endloop
  endfacet
  facet normal 0.954228 -2.03768e-05 0.299081
    outer loop
      vertex 9.56683 5.19862 7.76347
      vertex 12 0 1.12378e-05
      vertex 9.58919 5.34944 7.69214
    endloop
  endfacet
  facet normal 0.954233 6.87704e-06 0.299065
    outer loop
      vertex 9.53995 5.05553 7.84924
      vertex 12 0 1.12378e-05
      vertex 9.56683 5.19862 7.76347
    endloop
  endfacet
  facet normal 0.954238 3.36364e-05 0.299049
    outer loop
      vertex 9.50881 4.92153 7.94862
      vertex 12 0 1.12378e-05
      vertex 9.53995 5.05553 7.84924
    endloop
  endfacet
  facet normal 0.954227 -2.62592e-05 0.299083
    outer loop
      vertex 9.47369 4.79792 8.06066
      vertex 12 0 1.12378e-05
      vertex 9.50881 4.92153 7.94862
    endloop
  endfacet
  facet normal 0.954233 4.87647e-06 0.299066
    outer loop
      vertex 9.43495 4.68588 8.18427
      vertex 12 0 1.12378e-05
      vertex 9.47369 4.79792 8.06066
    endloop
  endfacet
  facet normal 1 -0 0
    outer loop
      vertex -5.2 15.3 12.7627
      vertex -5.2 65.7 5.76274
      vertex -5.2 65.7 12.7627
    endloop
  endfacet
  facet normal 1 0 0
    outer loop
      vertex -5.2 65.7 5.76274
      vertex -5.2 15.3 12.7627
      vertex -5.2 15.3 5.76274
    endloop
  endfacet
  facet normal -0 0 1
    outer loop
      vertex 2.15773 40.0708 5.76274
      vertex 5.2 15.3 5.76274
      vertex 2.18941 40.2844 5.76274
    endloop
  endfacet
  facet normal 0 0 1
    outer loop
      vertex 5.2 15.3 5.76274
      vertex 2.18941 20.7156 5.76274
      vertex 2.2 20.5 5.76274
    endloop
  endfacet
  facet normal -0 0 1
    outer loop
      vertex 2.10527 39.8614 5.76274
      vertex 5.2 15.3 5.76274
      vertex 2.15773 40.0708 5.76274
    endloop
  endfacet
  facet normal 0 0 1
    outer loop
      vertex 5.2 15.3 5.76274
      vertex 2.15773 20.9292 5.76274
      vertex 2.18941 20.7156 5.76274
    endloop
  endfacet
  facet normal -0 0 1
    outer loop
      vertex 2.03253 39.6581 5.76274
      vertex 5.2 15.3 5.76274
      vertex 2.10527 39.8614 5.76274
    endloop
  endfacet
  facet normal 0 0 1
    outer loop
      vertex 5.2 15.3 5.76274
      vertex 2.10527 21.1386 5.76274
      vertex 2.15773 20.9292 5.76274
    endloop
  endfacet
  facet normal -0 0 1
    outer loop
      vertex 2.03253 21.3419 5.76274
      vertex 5.2 15.3 5.76274
      vertex 2.03253 39.6581 5.76274
    endloop
  endfacet
  facet normal 0 0 1
    outer loop
      vertex 5.2 15.3 5.76274
      vertex 2.03253 21.3419 5.76274
      vertex 2.10527 21.1386 5.76274
    endloop
  endfacet
  facet normal -0 0 1
    outer loop
      vertex 1.94023 39.4629 5.76274
      vertex 2.03253 21.3419 5.76274
      vertex 2.03253 39.6581 5.76274
    endloop
  endfacet
  facet normal 0 0 1
    outer loop
      vertex 1.94023 39.4629 5.76274
      vertex 1.94023 21.5371 5.76274
      vertex 2.03253 21.3419 5.76274
    endloop
  endfacet
  facet normal -0 0 1
    outer loop
      vertex 1.82923 39.2777 5.76274
      vertex 1.94023 21.5371 5.76274
      vertex 1.94023 39.4629 5.76274
    endloop
  endfacet
  facet normal 0 0 1
    outer loop
      vertex 1.82923 39.2777 5.76274
      vertex 1.82923 21.7223 5.76274
      vertex 1.94023 21.5371 5.76274
    endloop
  endfacet
  facet normal -0 0 1
    outer loop
      vertex 1.70062 39.1043 5.76274
      vertex 1.82923 21.7223 5.76274
      vertex 1.82923 39.2777 5.76274
    endloop
  endfacet
  facet normal 0 0 1
    outer loop
      vertex 1.70062 39.1043 5.76274
      vertex 1.70062 21.8957 5.76274
      vertex 1.82923 21.7223 5.76274
    endloop
  endfacet
  facet normal -0 0 1
    outer loop
      vertex 1.55563 38.9444 5.76274
      vertex 1.70062 21.8957 5.76274
      vertex 1.70062 39.1043 5.76274
    endloop
  endfacet
  facet normal 0 0 1
    outer loop
      vertex 1.55563 38.9444 5.76274
      vertex 1.55563 22.0556 5.76274
      vertex 1.70062 21.8957 5.76274
    endloop
  endfacet
  facet normal -0 0 1
    outer loop
      vertex 1.39567 38.7994 5.76274
      vertex 1.55563 22.0556 5.76274
      vertex 1.55563 38.9444 5.76274
    endloop
  endfacet
  facet normal 0 0 1
    outer loop
      vertex 1.39567 38.7994 5.76274
      vertex 1.39567 22.2006 5.76274
      vertex 1.55563 22.0556 5.76274
    endloop
  endfacet
  facet normal -0 0 1
    outer loop
      vertex 1.22225 38.6708 5.76274
      vertex 1.39567 22.2006 5.76274
      vertex 1.39567 38.7994 5.76274
    endloop
  endfacet
  facet normal 0 0 1
    outer loop
      vertex 1.22225 38.6708 5.76274
      vertex 1.22225 22.3292 5.76274
      vertex 1.39567 22.2006 5.76274
    endloop
  endfacet
  facet normal -0 0 1
    outer loop
      vertex 1.03707 38.5598 5.76274
      vertex 1.22225 22.3292 5.76274
      vertex 1.22225 38.6708 5.76274
    endloop
  endfacet
  facet normal 0 0 1
    outer loop
      vertex 1.03707 38.5598 5.76274
      vertex 1.03707 22.4402 5.76274
      vertex 1.22225 22.3292 5.76274
    endloop
  endfacet
  facet normal -0 0 1
    outer loop
      vertex 0.841903 38.4675 5.76274
      vertex 1.03707 22.4402 5.76274
      vertex 1.03707 38.5598 5.76274
    endloop
  endfacet
  facet normal 0 0 1
    outer loop
      vertex 0.841903 38.4675 5.76274
      vertex 0.841903 22.5325 5.76274
      vertex 1.03707 22.4402 5.76274
    endloop
  endfacet
  facet normal -0 0 1
    outer loop
      vertex 0.638626 38.3947 5.76274
      vertex 0.841903 22.5325 5.76274
      vertex 0.841903 38.4675 5.76274
    endloop
  endfacet
  facet normal 0 0 1
    outer loop
      vertex 0.638626 38.3947 5.76274
      vertex 0.638626 22.6053 5.76274
      vertex 0.841903 22.5325 5.76274
    endloop
  endfacet
  facet normal -0 0 1
    outer loop
      vertex 0.429198 38.3423 5.76274
      vertex 0.638626 22.6053 5.76274
      vertex 0.638626 38.3947 5.76274
    endloop
  endfacet
  facet normal 0 0 1
    outer loop
      vertex 0.429198 38.3423 5.76274
      vertex 0.429198 22.6577 5.76274
      vertex 0.638626 22.6053 5.76274
    endloop
  endfacet
  facet normal -0 0 1
    outer loop
      vertex 0.215637 38.3106 5.76274
      vertex 0.429198 22.6577 5.76274
      vertex 0.429198 38.3423 5.76274
    endloop
  endfacet
  facet normal 0 0 1
    outer loop
      vertex 0.215637 38.3106 5.76274
      vertex 0.215637 22.6894 5.76274
      vertex 0.429198 22.6577 5.76274
    endloop
  endfacet
  facet normal -0 0 1
    outer loop
      vertex 0 38.3 5.76274
      vertex 0.215637 22.6894 5.76274
      vertex 0.215637 38.3106 5.76274
    endloop
  endfacet
  facet normal 0 0 1
    outer loop
      vertex 0 38.3 5.76274
      vertex 0 22.7 5.76274
      vertex 0.215637 22.6894 5.76274
    endloop
  endfacet
  facet normal 0 0 1
    outer loop
      vertex -0.215637 38.3106 5.76274
      vertex 0 22.7 5.76274
      vertex 0 38.3 5.76274
    endloop
  endfacet
  facet normal 0 0 1
    outer loop
      vertex -0.215637 38.3106 5.76274
      vertex -0.215637 22.6894 5.76274
      vertex 0 22.7 5.76274
    endloop
  endfacet
  facet normal 0 0 1
    outer loop
      vertex -0.429198 38.3423 5.76274
      vertex -0.215637 22.6894 5.76274
      vertex -0.215637 38.3106 5.76274
    endloop
  endfacet
  facet normal 0 0 1
    outer loop
      vertex -0.429198 38.3423 5.76274
      vertex -0.429198 22.6577 5.76274
      vertex -0.215637 22.6894 5.76274
    endloop
  endfacet
  facet normal 0 0 1
    outer loop
      vertex -0.638626 38.3947 5.76274
      vertex -0.429198 22.6577 5.76274
      vertex -0.429198 38.3423 5.76274
    endloop
  endfacet
  facet normal 0 0 1
    outer loop
      vertex -0.638626 38.3947 5.76274
      vertex -0.638626 22.6053 5.76274
      vertex -0.429198 22.6577 5.76274
    endloop
  endfacet
  facet normal 0 0 1
    outer loop
      vertex -0.841903 38.4675 5.76274
      vertex -0.638626 22.6053 5.76274
      vertex -0.638626 38.3947 5.76274
    endloop
  endfacet
  facet normal 0 0 1
    outer loop
      vertex -0.841903 38.4675 5.76274
      vertex -0.841903 22.5325 5.76274
      vertex -0.638626 22.6053 5.76274
    endloop
  endfacet
  facet normal 0 0 1
    outer loop
      vertex -1.03707 38.5598 5.76274
      vertex -0.841903 22.5325 5.76274
      vertex -0.841903 38.4675 5.76274
    endloop
  endfacet
  facet normal 0 0 1
    outer loop
      vertex -1.03707 38.5598 5.76274
      vertex -1.03707 22.4402 5.76274
      vertex -0.841903 22.5325 5.76274
    endloop
  endfacet
  facet normal 0 0 1
    outer loop
      vertex -1.22225 38.6708 5.76274
      vertex -1.03707 22.4402 5.76274
      vertex -1.03707 38.5598 5.76274
    endloop
  endfacet
  facet normal 0 0 1
    outer loop
      vertex -1.22225 38.6708 5.76274
      vertex -1.22225 22.3292 5.76274
      vertex -1.03707 22.4402 5.76274
    endloop
  endfacet
  facet normal 0 0 1
    outer loop
      vertex -1.39567 38.7994 5.76274
      vertex -1.22225 22.3292 5.76274
      vertex -1.22225 38.6708 5.76274
    endloop
  endfacet
  facet normal 0 0 1
    outer loop
      vertex -1.39567 38.7994 5.76274
      vertex -1.39567 22.2006 5.76274
      vertex -1.22225 22.3292 5.76274
    endloop
  endfacet
  facet normal 0 0 1
    outer loop
      vertex -1.55563 38.9444 5.76274
      vertex -1.39567 22.2006 5.76274
      vertex -1.39567 38.7994 5.76274
    endloop
  endfacet
  facet normal 0 0 1
    outer loop
      vertex -1.55563 38.9444 5.76274
      vertex -1.55563 22.0556 5.76274
      vertex -1.39567 22.2006 5.76274
    endloop
  endfacet
  facet normal 0 0 1
    outer loop
      vertex -1.70062 39.1043 5.76274
      vertex -1.55563 22.0556 5.76274
      vertex -1.55563 38.9444 5.76274
    endloop
  endfacet
  facet normal 0 0 1
    outer loop
      vertex -1.70062 39.1043 5.76274
      vertex -1.70062 21.8957 5.76274
      vertex -1.55563 22.0556 5.76274
    endloop
  endfacet
  facet normal 0 0 1
    outer loop
      vertex -1.82923 39.2777 5.76274
      vertex -1.70062 21.8957 5.76274
      vertex -1.70062 39.1043 5.76274
    endloop
  endfacet
  facet normal 0 0 1
    outer loop
      vertex -1.82923 39.2777 5.76274
      vertex -1.82923 21.7223 5.76274
      vertex -1.70062 21.8957 5.76274
    endloop
  endfacet
  facet normal 0 0 1
    outer loop
      vertex -1.94023 39.4629 5.76274
      vertex -1.82923 21.7223 5.76274
      vertex -1.82923 39.2777 5.76274
    endloop
  endfacet
  facet normal 0 0 1
    outer loop
      vertex -1.94023 39.4629 5.76274
      vertex -1.94023 21.5371 5.76274
      vertex -1.82923 21.7223 5.76274
    endloop
  endfacet
  facet normal 0 0 1
    outer loop
      vertex -2.03253 39.6581 5.76274
      vertex -1.94023 21.5371 5.76274
      vertex -1.94023 39.4629 5.76274
    endloop
  endfacet
  facet normal 0 0 1
    outer loop
      vertex -2.03253 39.6581 5.76274
      vertex -2.03253 21.3419 5.76274
      vertex -1.94023 21.5371 5.76274
    endloop
  endfacet
  facet normal 0 0 1
    outer loop
      vertex -5.2 15.3 5.76274
      vertex -2.03253 39.6581 5.76274
      vertex -2.10527 39.8614 5.76274
    endloop
  endfacet
  facet normal 0 0 1
    outer loop
      vertex -2.03253 39.6581 5.76274
      vertex -5.2 15.3 5.76274
      vertex -2.03253 21.3419 5.76274
    endloop
  endfacet
  facet normal 0 0 1
    outer loop
      vertex -5.2 15.3 5.76274
      vertex -2.10527 39.8614 5.76274
      vertex -2.15773 40.0708 5.76274
    endloop
  endfacet
  facet normal 0 0 1
    outer loop
      vertex -2.03253 21.3419 5.76274
      vertex -5.2 15.3 5.76274
      vertex -2.10527 21.1386 5.76274
    endloop
  endfacet
  facet normal 0 0 1
    outer loop
      vertex -5.2 15.3 5.76274
      vertex -2.15773 40.0708 5.76274
      vertex -2.18941 40.2844 5.76274
    endloop
  endfacet
  facet normal 0 0 1
    outer loop
      vertex -2.10527 21.1386 5.76274
      vertex -5.2 15.3 5.76274
      vertex -2.15773 20.9292 5.76274
    endloop
  endfacet
  facet normal 0 0 1
    outer loop
      vertex -5.2 15.3 5.76274
      vertex -2.18941 40.2844 5.76274
      vertex -2.2 40.5 5.76274
    endloop
  endfacet
  facet normal 0 0 1
    outer loop
      vertex -2.15773 20.9292 5.76274
      vertex -5.2 15.3 5.76274
      vertex -2.18941 20.7156 5.76274
    endloop
  endfacet
  facet normal 0 0 1
    outer loop
      vertex 2.15773 60.0708 5.76274
      vertex 5.2 65.7 5.76274
      vertex 2.18941 60.2844 5.76274
    endloop
  endfacet
  facet normal 0 0 1
    outer loop
      vertex 5.2 65.7 5.76274
      vertex 2.18941 40.7156 5.76274
      vertex 2.2 40.5 5.76274
    endloop
  endfacet
  facet normal 0 0 1
    outer loop
      vertex 2.10527 59.8614 5.76274
      vertex 5.2 65.7 5.76274
      vertex 2.15773 60.0708 5.76274
    endloop
  endfacet
  facet normal 0 0 1
    outer loop
      vertex 5.2 65.7 5.76274
      vertex 2.15773 40.9292 5.76274
      vertex 2.18941 40.7156 5.76274
    endloop
  endfacet
  facet normal 0 0 1
    outer loop
      vertex 2.03253 59.6581 5.76274
      vertex 5.2 65.7 5.76274
      vertex 2.10527 59.8614 5.76274
    endloop
  endfacet
  facet normal 0 0 1
    outer loop
      vertex 5.2 65.7 5.76274
      vertex 2.10527 41.1386 5.76274
      vertex 2.15773 40.9292 5.76274
    endloop
  endfacet
  facet normal 0 0 1
    outer loop
      vertex 2.03253 41.3419 5.76274
      vertex 5.2 65.7 5.76274
      vertex 2.03253 59.6581 5.76274
    endloop
  endfacet
  facet normal 0 0 1
    outer loop
      vertex 5.2 65.7 5.76274
      vertex 2.03253 41.3419 5.76274
      vertex 2.10527 41.1386 5.76274
    endloop
  endfacet
  facet normal -0 0 1
    outer loop
      vertex 1.94023 59.4629 5.76274
      vertex 2.03253 41.3419 5.76274
      vertex 2.03253 59.6581 5.76274
    endloop
  endfacet
  facet normal 0 0 1
    outer loop
      vertex 1.94023 59.4629 5.76274
      vertex 1.94023 41.5371 5.76274
      vertex 2.03253 41.3419 5.76274
    endloop
  endfacet
  facet normal -0 0 1
    outer loop
      vertex 1.82923 59.2777 5.76274
      vertex 1.94023 41.5371 5.76274
      vertex 1.94023 59.4629 5.76274
    endloop
  endfacet
  facet normal 0 0 1
    outer loop
      vertex 1.82923 59.2777 5.76274
      vertex 1.82923 41.7223 5.76274
      vertex 1.94023 41.5371 5.76274
    endloop
  endfacet
  facet normal -0 0 1
    outer loop
      vertex 1.70062 59.1043 5.76274
      vertex 1.82923 41.7223 5.76274
      vertex 1.82923 59.2777 5.76274
    endloop
  endfacet
  facet normal 0 0 1
    outer loop
      vertex 1.70062 59.1043 5.76274
      vertex 1.70062 41.8957 5.76274
      vertex 1.82923 41.7223 5.76274
    endloop
  endfacet
  facet normal -0 0 1
    outer loop
      vertex 1.55563 58.9444 5.76274
      vertex 1.70062 41.8957 5.76274
      vertex 1.70062 59.1043 5.76274
    endloop
  endfacet
  facet normal 0 0 1
    outer loop
      vertex 1.55563 58.9444 5.76274
      vertex 1.55563 42.0556 5.76274
      vertex 1.70062 41.8957 5.76274
    endloop
  endfacet
  facet normal -0 0 1
    outer loop
      vertex 1.39567 58.7994 5.76274
      vertex 1.55563 42.0556 5.76274
      vertex 1.55563 58.9444 5.76274
    endloop
  endfacet
  facet normal 0 0 1
    outer loop
      vertex 1.39567 58.7994 5.76274
      vertex 1.39567 42.2006 5.76274
      vertex 1.55563 42.0556 5.76274
    endloop
  endfacet
  facet normal -0 0 1
    outer loop
      vertex 1.22225 58.6708 5.76274
      vertex 1.39567 42.2006 5.76274
      vertex 1.39567 58.7994 5.76274
    endloop
  endfacet
  facet normal 0 0 1
    outer loop
      vertex 1.22225 58.6708 5.76274
      vertex 1.22225 42.3292 5.76274
      vertex 1.39567 42.2006 5.76274
    endloop
  endfacet
  facet normal -0 0 1
    outer loop
      vertex 1.03707 58.5598 5.76274
      vertex 1.22225 42.3292 5.76274
      vertex 1.22225 58.6708 5.76274
    endloop
  endfacet
  facet normal 0 0 1
    outer loop
      vertex 1.03707 58.5598 5.76274
      vertex 1.03707 42.4402 5.76274
      vertex 1.22225 42.3292 5.76274
    endloop
  endfacet
  facet normal -0 0 1
    outer loop
      vertex 0.841903 58.4675 5.76274
      vertex 1.03707 42.4402 5.76274
      vertex 1.03707 58.5598 5.76274
    endloop
  endfacet
  facet normal 0 0 1
    outer loop
      vertex 0.841903 58.4675 5.76274
      vertex 0.841903 42.5325 5.76274
      vertex 1.03707 42.4402 5.76274
    endloop
  endfacet
  facet normal -0 0 1
    outer loop
      vertex 0.638626 58.3947 5.76274
      vertex 0.841903 42.5325 5.76274
      vertex 0.841903 58.4675 5.76274
    endloop
  endfacet
  facet normal 0 0 1
    outer loop
      vertex 0.638626 58.3947 5.76274
      vertex 0.638626 42.6053 5.76274
      vertex 0.841903 42.5325 5.76274
    endloop
  endfacet
  facet normal -0 0 1
    outer loop
      vertex 0.429198 58.3423 5.76274
      vertex 0.638626 42.6053 5.76274
      vertex 0.638626 58.3947 5.76274
    endloop
  endfacet
  facet normal 0 0 1
    outer loop
      vertex 0.429198 58.3423 5.76274
      vertex 0.429198 42.6577 5.76274
      vertex 0.638626 42.6053 5.76274
    endloop
  endfacet
  facet normal -0 0 1
    outer loop
      vertex 0.215637 58.3106 5.76274
      vertex 0.429198 42.6577 5.76274
      vertex 0.429198 58.3423 5.76274
    endloop
  endfacet
  facet normal 0 0 1
    outer loop
      vertex 0.215637 58.3106 5.76274
      vertex 0.215637 42.6894 5.76274
      vertex 0.429198 42.6577 5.76274
    endloop
  endfacet
  facet normal -0 0 1
    outer loop
      vertex 0 58.3 5.76274
      vertex 0.215637 42.6894 5.76274
      vertex 0.215637 58.3106 5.76274
    endloop
  endfacet
  facet normal 0 0 1
    outer loop
      vertex 0 58.3 5.76274
      vertex 0 42.7 5.76274
      vertex 0.215637 42.6894 5.76274
    endloop
  endfacet
  facet normal 0 0 1
    outer loop
      vertex -0.215637 58.3106 5.76274
      vertex 0 42.7 5.76274
      vertex 0 58.3 5.76274
    endloop
  endfacet
  facet normal 0 0 1
    outer loop
      vertex -0.215637 58.3106 5.76274
      vertex -0.215637 42.6894 5.76274
      vertex 0 42.7 5.76274
    endloop
  endfacet
  facet normal 0 0 1
    outer loop
      vertex -0.429198 58.3423 5.76274
      vertex -0.215637 42.6894 5.76274
      vertex -0.215637 58.3106 5.76274
    endloop
  endfacet
  facet normal 0 0 1
    outer loop
      vertex -0.429198 58.3423 5.76274
      vertex -0.429198 42.6577 5.76274
      vertex -0.215637 42.6894 5.76274
    endloop
  endfacet
  facet normal 0 0 1
    outer loop
      vertex -0.638626 58.3947 5.76274
      vertex -0.429198 42.6577 5.76274
      vertex -0.429198 58.3423 5.76274
    endloop
  endfacet
  facet normal 0 0 1
    outer loop
      vertex -0.638626 58.3947 5.76274
      vertex -0.638626 42.6053 5.76274
      vertex -0.429198 42.6577 5.76274
    endloop
  endfacet
  facet normal 0 0 1
    outer loop
      vertex -0.841903 58.4675 5.76274
      vertex -0.638626 42.6053 5.76274
      vertex -0.638626 58.3947 5.76274
    endloop
  endfacet
  facet normal 0 0 1
    outer loop
      vertex -0.841903 58.4675 5.76274
      vertex -0.841903 42.5325 5.76274
      vertex -0.638626 42.6053 5.76274
    endloop
  endfacet
  facet normal 0 0 1
    outer loop
      vertex -1.03707 58.5598 5.76274
      vertex -0.841903 42.5325 5.76274
      vertex -0.841903 58.4675 5.76274
    endloop
  endfacet
  facet normal 0 0 1
    outer loop
      vertex -1.03707 58.5598 5.76274
      vertex -1.03707 42.4402 5.76274
      vertex -0.841903 42.5325 5.76274
    endloop
  endfacet
  facet normal 0 0 1
    outer loop
      vertex -1.22225 58.6708 5.76274
      vertex -1.03707 42.4402 5.76274
      vertex -1.03707 58.5598 5.76274
    endloop
  endfacet
  facet normal 0 0 1
    outer loop
      vertex -1.22225 58.6708 5.76274
      vertex -1.22225 42.3292 5.76274
      vertex -1.03707 42.4402 5.76274
    endloop
  endfacet
  facet normal 0 0 1
    outer loop
      vertex -1.39567 58.7994 5.76274
      vertex -1.22225 42.3292 5.76274
      vertex -1.22225 58.6708 5.76274
    endloop
  endfacet
  facet normal 0 0 1
    outer loop
      vertex -1.39567 58.7994 5.76274
      vertex -1.39567 42.2006 5.76274
      vertex -1.22225 42.3292 5.76274
    endloop
  endfacet
  facet normal 0 0 1
    outer loop
      vertex -1.55563 58.9444 5.76274
      vertex -1.39567 42.2006 5.76274
      vertex -1.39567 58.7994 5.76274
    endloop
  endfacet
  facet normal 0 0 1
    outer loop
      vertex -1.55563 58.9444 5.76274
      vertex -1.55563 42.0556 5.76274
      vertex -1.39567 42.2006 5.76274
    endloop
  endfacet
  facet normal 0 0 1
    outer loop
      vertex -1.70062 59.1043 5.76274
      vertex -1.55563 42.0556 5.76274
      vertex -1.55563 58.9444 5.76274
    endloop
  endfacet
  facet normal 0 0 1
    outer loop
      vertex -1.70062 59.1043 5.76274
      vertex -1.70062 41.8957 5.76274
      vertex -1.55563 42.0556 5.76274
    endloop
  endfacet
  facet normal 0 0 1
    outer loop
      vertex -1.82923 59.2777 5.76274
      vertex -1.70062 41.8957 5.76274
      vertex -1.70062 59.1043 5.76274
    endloop
  endfacet
  facet normal 0 0 1
    outer loop
      vertex -1.82923 59.2777 5.76274
      vertex -1.82923 41.7223 5.76274
      vertex -1.70062 41.8957 5.76274
    endloop
  endfacet
  facet normal 0 0 1
    outer loop
      vertex -1.94023 59.4629 5.76274
      vertex -1.82923 41.7223 5.76274
      vertex -1.82923 59.2777 5.76274
    endloop
  endfacet
  facet normal 0 0 1
    outer loop
      vertex -1.94023 59.4629 5.76274
      vertex -1.94023 41.5371 5.76274
      vertex -1.82923 41.7223 5.76274
    endloop
  endfacet
  facet normal 0 0 1
    outer loop
      vertex -2.03253 59.6581 5.76274
      vertex -1.94023 41.5371 5.76274
      vertex -1.94023 59.4629 5.76274
    endloop
  endfacet
  facet normal 0 0 1
    outer loop
      vertex -2.03253 59.6581 5.76274
      vertex -2.03253 41.3419 5.76274
      vertex -1.94023 41.5371 5.76274
    endloop
  endfacet
  facet normal 0 0 1
    outer loop
      vertex -5.2 65.7 5.76274
      vertex -2.03253 59.6581 5.76274
      vertex -2.10527 59.8614 5.76274
    endloop
  endfacet
  facet normal 0 0 1
    outer loop
      vertex -2.03253 59.6581 5.76274
      vertex -5.2 65.7 5.76274
      vertex -2.03253 41.3419 5.76274
    endloop
  endfacet
  facet normal 0 0 1
    outer loop
      vertex -5.2 65.7 5.76274
      vertex -2.10527 59.8614 5.76274
      vertex -2.15773 60.0708 5.76274
    endloop
  endfacet
  facet normal 0 0 1
    outer loop
      vertex -2.03253 41.3419 5.76274
      vertex -5.2 65.7 5.76274
      vertex -2.10527 41.1386 5.76274
    endloop
  endfacet
  facet normal 0 0 1
    outer loop
      vertex -5.2 65.7 5.76274
      vertex -2.15773 60.0708 5.76274
      vertex -2.18941 60.2844 5.76274
    endloop
  endfacet
  facet normal 0 0 1
    outer loop
      vertex -2.10527 41.1386 5.76274
      vertex -5.2 65.7 5.76274
      vertex -2.15773 40.9292 5.76274
    endloop
  endfacet
  facet normal 0 0 1
    outer loop
      vertex -5.2 65.7 5.76274
      vertex -2.18941 60.2844 5.76274
      vertex -2.2 60.5 5.76274
    endloop
  endfacet
  facet normal 0 0 1
    outer loop
      vertex -2.15773 40.9292 5.76274
      vertex -5.2 65.7 5.76274
      vertex -2.18941 40.7156 5.76274
    endloop
  endfacet
  facet normal 0 0 1
    outer loop
      vertex 2.18941 60.2844 5.76274
      vertex 5.2 65.7 5.76274
      vertex 2.2 60.5 5.76274
    endloop
  endfacet
  facet normal 0 0 1
    outer loop
      vertex 5.2 65.7 5.76274
      vertex 2.18941 60.7156 5.76274
      vertex 2.2 60.5 5.76274
    endloop
  endfacet
  facet normal 0 0 1
    outer loop
      vertex 5.2 65.7 5.76274
      vertex 2.15773 60.9292 5.76274
      vertex 2.18941 60.7156 5.76274
    endloop
  endfacet
  facet normal 0 0 1
    outer loop
      vertex 5.2 65.7 5.76274
      vertex 2.10527 61.1386 5.76274
      vertex 2.15773 60.9292 5.76274
    endloop
  endfacet
  facet normal 0 0 1
    outer loop
      vertex 5.2 65.7 5.76274
      vertex 2.03253 61.3419 5.76274
      vertex 2.10527 61.1386 5.76274
    endloop
  endfacet
  facet normal 0 0 1
    outer loop
      vertex 5.2 65.7 5.76274
      vertex 1.94023 61.5371 5.76274
      vertex 2.03253 61.3419 5.76274
    endloop
  endfacet
  facet normal 0 0 1
    outer loop
      vertex 5.2 65.7 5.76274
      vertex 1.82923 61.7223 5.76274
      vertex 1.94023 61.5371 5.76274
    endloop
  endfacet
  facet normal 0 0 1
    outer loop
      vertex 5.2 65.7 5.76274
      vertex 1.70062 61.8957 5.76274
      vertex 1.82923 61.7223 5.76274
    endloop
  endfacet
  facet normal 0 0 1
    outer loop
      vertex 5.2 65.7 5.76274
      vertex 1.55563 62.0556 5.76274
      vertex 1.70062 61.8957 5.76274
    endloop
  endfacet
  facet normal 0 0 1
    outer loop
      vertex 5.2 65.7 5.76274
      vertex 1.39567 62.2006 5.76274
      vertex 1.55563 62.0556 5.76274
    endloop
  endfacet
  facet normal 0 0 1
    outer loop
      vertex 5.2 65.7 5.76274
      vertex 1.22225 62.3292 5.76274
      vertex 1.39567 62.2006 5.76274
    endloop
  endfacet
  facet normal 0 0 1
    outer loop
      vertex 5.2 65.7 5.76274
      vertex 1.03707 62.4402 5.76274
      vertex 1.22225 62.3292 5.76274
    endloop
  endfacet
  facet normal 0 0 1
    outer loop
      vertex 5.2 65.7 5.76274
      vertex 0.841903 62.5325 5.76274
      vertex 1.03707 62.4402 5.76274
    endloop
  endfacet
  facet normal 0 0 1
    outer loop
      vertex 5.2 65.7 5.76274
      vertex 0.638626 62.6053 5.76274
      vertex 0.841903 62.5325 5.76274
    endloop
  endfacet
  facet normal 0 0 1
    outer loop
      vertex 5.2 65.7 5.76274
      vertex 0.429198 62.6577 5.76274
      vertex 0.638626 62.6053 5.76274
    endloop
  endfacet
  facet normal 0 0 1
    outer loop
      vertex 5.2 65.7 5.76274
      vertex 0.215637 62.6894 5.76274
      vertex 0.429198 62.6577 5.76274
    endloop
  endfacet
  facet normal 0 0 1
    outer loop
      vertex 5.2 65.7 5.76274
      vertex 0 62.7 5.76274
      vertex 0.215637 62.6894 5.76274
    endloop
  endfacet
  facet normal -0 0 1
    outer loop
      vertex -5.2 65.7 5.76274
      vertex 0 62.7 5.76274
      vertex 5.2 65.7 5.76274
    endloop
  endfacet
  facet normal 0 0 1
    outer loop
      vertex 0 62.7 5.76274
      vertex -5.2 65.7 5.76274
      vertex -0.215637 62.6894 5.76274
    endloop
  endfacet
  facet normal 0 0 1
    outer loop
      vertex -0.215637 62.6894 5.76274
      vertex -5.2 65.7 5.76274
      vertex -0.429198 62.6577 5.76274
    endloop
  endfacet
  facet normal 0 0 1
    outer loop
      vertex -0.429198 62.6577 5.76274
      vertex -5.2 65.7 5.76274
      vertex -0.638626 62.6053 5.76274
    endloop
  endfacet
  facet normal 0 0 1
    outer loop
      vertex -0.638626 62.6053 5.76274
      vertex -5.2 65.7 5.76274
      vertex -0.841903 62.5325 5.76274
    endloop
  endfacet
  facet normal 0 0 1
    outer loop
      vertex -2.18941 40.7156 5.76274
      vertex -5.2 65.7 5.76274
      vertex -2.2 40.5 5.76274
    endloop
  endfacet
  facet normal 0 0 1
    outer loop
      vertex -5.2 15.3 5.76274
      vertex -2.2 40.5 5.76274
      vertex -5.2 65.7 5.76274
    endloop
  endfacet
  facet normal 0 0 1
    outer loop
      vertex -2.18941 60.7156 5.76274
      vertex -5.2 65.7 5.76274
      vertex -2.2 60.5 5.76274
    endloop
  endfacet
  facet normal 0 0 1
    outer loop
      vertex -2.15773 60.9292 5.76274
      vertex -5.2 65.7 5.76274
      vertex -2.18941 60.7156 5.76274
    endloop
  endfacet
  facet normal 0 0 1
    outer loop
      vertex -2.10527 61.1386 5.76274
      vertex -5.2 65.7 5.76274
      vertex -2.15773 60.9292 5.76274
    endloop
  endfacet
  facet normal 0 0 1
    outer loop
      vertex -2.03253 61.3419 5.76274
      vertex -5.2 65.7 5.76274
      vertex -2.10527 61.1386 5.76274
    endloop
  endfacet
  facet normal 0 0 1
    outer loop
      vertex -1.94023 61.5371 5.76274
      vertex -5.2 65.7 5.76274
      vertex -2.03253 61.3419 5.76274
    endloop
  endfacet
  facet normal 0 0 1
    outer loop
      vertex -1.82923 61.7223 5.76274
      vertex -5.2 65.7 5.76274
      vertex -1.94023 61.5371 5.76274
    endloop
  endfacet
  facet normal 0 0 1
    outer loop
      vertex -1.70062 61.8957 5.76274
      vertex -5.2 65.7 5.76274
      vertex -1.82923 61.7223 5.76274
    endloop
  endfacet
  facet normal 0 0 1
    outer loop
      vertex -1.55563 62.0556 5.76274
      vertex -5.2 65.7 5.76274
      vertex -1.70062 61.8957 5.76274
    endloop
  endfacet
  facet normal 0 0 1
    outer loop
      vertex -1.39567 62.2006 5.76274
      vertex -5.2 65.7 5.76274
      vertex -1.55563 62.0556 5.76274
    endloop
  endfacet
  facet normal 0 0 1
    outer loop
      vertex -1.22225 62.3292 5.76274
      vertex -5.2 65.7 5.76274
      vertex -1.39567 62.2006 5.76274
    endloop
  endfacet
  facet normal 0 0 1
    outer loop
      vertex -1.03707 62.4402 5.76274
      vertex -5.2 65.7 5.76274
      vertex -1.22225 62.3292 5.76274
    endloop
  endfacet
  facet normal 0 0 1
    outer loop
      vertex -0.841903 62.5325 5.76274
      vertex -5.2 65.7 5.76274
      vertex -1.03707 62.4402 5.76274
    endloop
  endfacet
  facet normal 0 0 1
    outer loop
      vertex 5.2 65.7 5.76274
      vertex 2.2 40.5 5.76274
      vertex 5.2 15.3 5.76274
    endloop
  endfacet
  facet normal -0 0 1
    outer loop
      vertex 2.18941 40.2844 5.76274
      vertex 5.2 15.3 5.76274
      vertex 2.2 40.5 5.76274
    endloop
  endfacet
  facet normal -0 0 1
    outer loop
      vertex 2.18941 20.2844 5.76274
      vertex 5.2 15.3 5.76274
      vertex 2.2 20.5 5.76274
    endloop
  endfacet
  facet normal -0 0 1
    outer loop
      vertex 2.15773 20.0708 5.76274
      vertex 5.2 15.3 5.76274
      vertex 2.18941 20.2844 5.76274
    endloop
  endfacet
  facet normal -0 0 1
    outer loop
      vertex 2.10527 19.8614 5.76274
      vertex 5.2 15.3 5.76274
      vertex 2.15773 20.0708 5.76274
    endloop
  endfacet
  facet normal -0 0 1
    outer loop
      vertex 2.03253 19.6581 5.76274
      vertex 5.2 15.3 5.76274
      vertex 2.10527 19.8614 5.76274
    endloop
  endfacet
  facet normal -0 0 1
    outer loop
      vertex 1.94023 19.4629 5.76274
      vertex 5.2 15.3 5.76274
      vertex 2.03253 19.6581 5.76274
    endloop
  endfacet
  facet normal -0 0 1
    outer loop
      vertex 1.82923 19.2777 5.76274
      vertex 5.2 15.3 5.76274
      vertex 1.94023 19.4629 5.76274
    endloop
  endfacet
  facet normal -0 0 1
    outer loop
      vertex 1.70062 19.1043 5.76274
      vertex 5.2 15.3 5.76274
      vertex 1.82923 19.2777 5.76274
    endloop
  endfacet
  facet normal -0 0 1
    outer loop
      vertex 1.55563 18.9444 5.76274
      vertex 5.2 15.3 5.76274
      vertex 1.70062 19.1043 5.76274
    endloop
  endfacet
  facet normal -0 0 1
    outer loop
      vertex 1.39567 18.7994 5.76274
      vertex 5.2 15.3 5.76274
      vertex 1.55563 18.9444 5.76274
    endloop
  endfacet
  facet normal -0 0 1
    outer loop
      vertex 1.22225 18.6708 5.76274
      vertex 5.2 15.3 5.76274
      vertex 1.39567 18.7994 5.76274
    endloop
  endfacet
  facet normal -0 0 1
    outer loop
      vertex 1.03707 18.5598 5.76274
      vertex 5.2 15.3 5.76274
      vertex 1.22225 18.6708 5.76274
    endloop
  endfacet
  facet normal -0 0 1
    outer loop
      vertex 0.841903 18.4675 5.76274
      vertex 5.2 15.3 5.76274
      vertex 1.03707 18.5598 5.76274
    endloop
  endfacet
  facet normal -0 0 1
    outer loop
      vertex 0.638626 18.3947 5.76274
      vertex 5.2 15.3 5.76274
      vertex 0.841903 18.4675 5.76274
    endloop
  endfacet
  facet normal -0 0 1
    outer loop
      vertex 0.429198 18.3423 5.76274
      vertex 5.2 15.3 5.76274
      vertex 0.638626 18.3947 5.76274
    endloop
  endfacet
  facet normal -0 0 1
    outer loop
      vertex 0.215637 18.3106 5.76274
      vertex 5.2 15.3 5.76274
      vertex 0.429198 18.3423 5.76274
    endloop
  endfacet
  facet normal -0 0 1
    outer loop
      vertex 0 18.3 5.76274
      vertex 5.2 15.3 5.76274
      vertex 0.215637 18.3106 5.76274
    endloop
  endfacet
  facet normal 0 0 1
    outer loop
      vertex -5.2 15.3 5.76274
      vertex 0 18.3 5.76274
      vertex -0.215637 18.3106 5.76274
    endloop
  endfacet
  facet normal 0 0 1
    outer loop
      vertex -5.2 15.3 5.76274
      vertex -0.215637 18.3106 5.76274
      vertex -0.429198 18.3423 5.76274
    endloop
  endfacet
  facet normal 0 0 1
    outer loop
      vertex -5.2 15.3 5.76274
      vertex -0.429198 18.3423 5.76274
      vertex -0.638626 18.3947 5.76274
    endloop
  endfacet
  facet normal 0 0 1
    outer loop
      vertex -5.2 15.3 5.76274
      vertex -0.638626 18.3947 5.76274
      vertex -0.841903 18.4675 5.76274
    endloop
  endfacet
  facet normal 0 0 1
    outer loop
      vertex -5.2 15.3 5.76274
      vertex -0.841903 18.4675 5.76274
      vertex -1.03707 18.5598 5.76274
    endloop
  endfacet
  facet normal 0 0 1
    outer loop
      vertex -2.18941 20.7156 5.76274
      vertex -5.2 15.3 5.76274
      vertex -2.2 20.5 5.76274
    endloop
  endfacet
  facet normal 0 0 1
    outer loop
      vertex 0 18.3 5.76274
      vertex -5.2 15.3 5.76274
      vertex 5.2 15.3 5.76274
    endloop
  endfacet
  facet normal 0 0 1
    outer loop
      vertex -1.22225 18.6708 5.76274
      vertex -5.2 15.3 5.76274
      vertex -1.03707 18.5598 5.76274
    endloop
  endfacet
  facet normal 0 0 1
    outer loop
      vertex -1.39567 18.7994 5.76274
      vertex -5.2 15.3 5.76274
      vertex -1.22225 18.6708 5.76274
    endloop
  endfacet
  facet normal 0 0 1
    outer loop
      vertex -1.55563 18.9444 5.76274
      vertex -5.2 15.3 5.76274
      vertex -1.39567 18.7994 5.76274
    endloop
  endfacet
  facet normal 0 0 1
    outer loop
      vertex -1.70062 19.1043 5.76274
      vertex -5.2 15.3 5.76274
      vertex -1.55563 18.9444 5.76274
    endloop
  endfacet
  facet normal 0 0 1
    outer loop
      vertex -1.82923 19.2777 5.76274
      vertex -5.2 15.3 5.76274
      vertex -1.70062 19.1043 5.76274
    endloop
  endfacet
  facet normal 0 0 1
    outer loop
      vertex -1.94023 19.4629 5.76274
      vertex -5.2 15.3 5.76274
      vertex -1.82923 19.2777 5.76274
    endloop
  endfacet
  facet normal 0 0 1
    outer loop
      vertex -2.03253 19.6581 5.76274
      vertex -5.2 15.3 5.76274
      vertex -1.94023 19.4629 5.76274
    endloop
  endfacet
  facet normal 0 0 1
    outer loop
      vertex -2.10527 19.8614 5.76274
      vertex -5.2 15.3 5.76274
      vertex -2.03253 19.6581 5.76274
    endloop
  endfacet
  facet normal 0 0 1
    outer loop
      vertex -2.15773 20.0708 5.76274
      vertex -5.2 15.3 5.76274
      vertex -2.10527 19.8614 5.76274
    endloop
  endfacet
  facet normal 0 0 1
    outer loop
      vertex -2.18941 20.2844 5.76274
      vertex -5.2 15.3 5.76274
      vertex -2.15773 20.0708 5.76274
    endloop
  endfacet
  facet normal 0 0 1
    outer loop
      vertex -2.2 20.5 5.76274
      vertex -5.2 15.3 5.76274
      vertex -2.18941 20.2844 5.76274
    endloop
  endfacet
  facet normal -1 0 0
    outer loop
      vertex 5.2 15.3 5.76274
      vertex 5.2 65.7 12.7627
      vertex 5.2 65.7 5.76274
    endloop
  endfacet
  facet normal -1 -0 0
    outer loop
      vertex 5.2 65.7 12.7627
      vertex 5.2 15.3 5.76274
      vertex 5.2 15.3 12.7627
    endloop
  endfacet
  facet normal 0 -1 0
    outer loop
      vertex -5.2 65.7 5.76274
      vertex 5.2 65.7 12.7627
      vertex -5.2 65.7 12.7627
    endloop
  endfacet
  facet normal 0 -1 -0
    outer loop
      vertex 5.2 65.7 12.7627
      vertex -5.2 65.7 5.76274
      vertex 5.2 65.7 5.76274
    endloop
  endfacet
  facet normal 0 1 -0
    outer loop
      vertex 5.2 15.3 5.76274
      vertex -5.2 15.3 12.7627
      vertex 5.2 15.3 12.7627
    endloop
  endfacet
  facet normal 0 1 0
    outer loop
      vertex -5.2 15.3 12.7627
      vertex 5.2 15.3 5.76274
      vertex -5.2 15.3 5.76274
    endloop
  endfacet
  facet normal 0 -0.427566 0.903984
    outer loop
      vertex 5.35 6.65056 7.69214
      vertex 9.56683 6.80137 7.76347
      vertex 5.35 6.80137 7.76347
    endloop
  endfacet
  facet normal 0 -0.427566 0.903984
    outer loop
      vertex 9.56683 6.80137 7.76347
      vertex 5.35 6.65056 7.69214
      vertex 9.58919 6.65056 7.69214
    endloop
  endfacet
  facet normal 0 -0.427566 0.903984
    outer loop
      vertex -9.56683 6.80137 7.76347
      vertex 2.65 6.65056 7.69214
      vertex 2.65 6.80137 7.76347
    endloop
  endfacet
  facet normal 0 -0.427566 0.903984
    outer loop
      vertex 2.65 6.65056 7.69214
      vertex -9.56683 6.80137 7.76347
      vertex -9.58919 6.65056 7.69214
    endloop
  endfacet
  facet normal 0 -0.243339 -0.969941
    outer loop
      vertex 5.35 6.49348 10.8895
      vertex 8.57438 6.33165 10.9301
      vertex 5.35 6.33165 10.9301
    endloop
  endfacet
  facet normal 0 -0.243339 -0.969941
    outer loop
      vertex 8.57438 6.33165 10.9301
      vertex 5.35 6.49348 10.8895
      vertex 8.58709 6.49348 10.8895
    endloop
  endfacet
  facet normal 0 -0.243339 -0.969941
    outer loop
      vertex -8.57438 6.33165 10.9301
      vertex 2.65 6.49348 10.8895
      vertex 2.65 6.33165 10.9301
    endloop
  endfacet
  facet normal -0 -0.243339 -0.969941
    outer loop
      vertex 2.65 6.49348 10.8895
      vertex -8.57438 6.33165 10.9301
      vertex -8.58709 6.49348 10.8895
    endloop
  endfacet
  facet normal -0 0.941552 0.336868
    outer loop
      vertex 5.35 4.4294 8.61217
      vertex 9.25161 4.3732 8.76925
      vertex 9.30084 4.4294 8.61217
    endloop
  endfacet
  facet normal 0 0.941552 0.336868
    outer loop
      vertex 9.25161 4.3732 8.76925
      vertex 5.35 4.4294 8.61217
      vertex 5.35 4.3732 8.76925
    endloop
  endfacet
  facet normal 0 0.941552 0.336868
    outer loop
      vertex 2.65 4.4294 8.61217
      vertex -9.25161 4.3732 8.76925
      vertex 2.65 4.3732 8.76925
    endloop
  endfacet
  facet normal 0 0.941552 0.336868
    outer loop
      vertex -9.25161 4.3732 8.76925
      vertex 2.65 4.4294 8.61217
      vertex -9.30084 4.4294 8.61217
    endloop
  endfacet
  facet normal 0 -0.941533 -0.336921
    outer loop
      vertex 5.35 7.6268 9.75622
      vertex 8.89305 7.57059 9.9133
      vertex 5.35 7.57059 9.9133
    endloop
  endfacet
  facet normal 0 -0.941533 -0.336921
    outer loop
      vertex 8.89305 7.57059 9.9133
      vertex 5.35 7.6268 9.75622
      vertex 8.94228 7.6268 9.75622
    endloop
  endfacet
  facet normal -0 -0.941533 -0.336921
    outer loop
      vertex 2.65 7.6268 9.75622
      vertex -8.89305 7.57059 9.9133
      vertex -8.94228 7.6268 9.75622
    endloop
  endfacet
  facet normal 0 -0.941533 -0.336921
    outer loop
      vertex -8.89305 7.57059 9.9133
      vertex 2.65 7.6268 9.75622
      vertex 2.65 7.57059 9.9133
    endloop
  endfacet
  facet normal 0 -0.989176 0.146731
    outer loop
      vertex 5.35 7.66733 8.93108
      vertex 9.14917 7.69181 9.09611
      vertex 5.35 7.69181 9.09611
    endloop
  endfacet
  facet normal 0 -0.989176 0.146731
    outer loop
      vertex 9.14917 7.69181 9.09611
      vertex 5.35 7.66733 8.93108
      vertex 9.20089 7.66733 8.93108
    endloop
  endfacet
  facet normal 0 -0.989176 0.146731
    outer loop
      vertex 2.65 7.66733 8.93108
      vertex -9.14917 7.69181 9.09611
      vertex -9.20089 7.66733 8.93108
    endloop
  endfacet
  facet normal 0 -0.989176 0.146731
    outer loop
      vertex -9.14917 7.69181 9.09611
      vertex 2.65 7.66733 8.93108
      vertex 2.65 7.69181 9.09611
    endloop
  endfacet
  facet normal 0 0.857731 -0.514099
    outer loop
      vertex 5.35 4.50073 10.0641
      vertex 8.80094 4.5865 10.2072
      vertex 8.84578 4.50073 10.0641
    endloop
  endfacet
  facet normal 0 0.857731 -0.514099
    outer loop
      vertex 8.80094 4.5865 10.2072
      vertex 5.35 4.50073 10.0641
      vertex 5.35 4.5865 10.2072
    endloop
  endfacet
  facet normal 0 0.857731 -0.514099
    outer loop
      vertex 2.65 4.50073 10.0641
      vertex -8.80094 4.5865 10.2072
      vertex 2.65 4.5865 10.2072
    endloop
  endfacet
  facet normal 0 0.857731 -0.514099
    outer loop
      vertex -8.80094 4.5865 10.2072
      vertex 2.65 4.50073 10.0641
      vertex -8.84578 4.50073 10.0641
    endloop
  endfacet
  facet normal 0 -0.803211 -0.595695
    outer loop
      vertex 5.35 7.4135 10.2072
      vertex 8.75894 7.31412 10.3412
      vertex 5.35 7.31412 10.3412
    endloop
  endfacet
  facet normal 0 -0.803211 -0.595695
    outer loop
      vertex 8.75894 7.31412 10.3412
      vertex 5.35 7.4135 10.2072
      vertex 8.80094 7.4135 10.2072
    endloop
  endfacet
  facet normal -0 -0.803211 -0.595695
    outer loop
      vertex 2.65 7.4135 10.2072
      vertex -8.75894 7.31412 10.3412
      vertex -8.80094 7.4135 10.2072
    endloop
  endfacet
  facet normal 0 -0.803211 -0.595695
    outer loop
      vertex -8.75894 7.31412 10.3412
      vertex 2.65 7.4135 10.2072
      vertex 2.65 7.31412 10.3412
    endloop
  endfacet
  facet normal 0 -0.671777 -0.740753
    outer loop
      vertex 5.35 7.20208 10.4648
      vertex 8.68508 7.07847 10.5769
      vertex 5.35 7.07847 10.5769
    endloop
  endfacet
  facet normal 0 -0.671777 -0.740753
    outer loop
      vertex 8.68508 7.07847 10.5769
      vertex 5.35 7.20208 10.4648
      vertex 8.7202 7.20208 10.4648
    endloop
  endfacet
  facet normal 0 -0.671777 -0.740753
    outer loop
      vertex -8.68508 7.07847 10.5769
      vertex 2.65 7.20208 10.4648
      vertex 2.65 7.07847 10.5769
    endloop
  endfacet
  facet normal -0 -0.671777 -0.740753
    outer loop
      vertex 2.65 7.20208 10.4648
      vertex -8.68508 7.07847 10.5769
      vertex -8.7202 7.20208 10.4648
    endloop
  endfacet
  facet normal 0 0.0485534 -0.998821
    outer loop
      vertex 5.35 5.83337 10.9546
      vertex 8.56414 6 10.9627
      vertex 8.56671 5.83337 10.9546
    endloop
  endfacet
  facet normal 0 0.0485534 -0.998821
    outer loop
      vertex 8.56414 6 10.9627
      vertex 5.35 5.83337 10.9546
      vertex 5.35 6 10.9627
    endloop
  endfacet
  facet normal 0 0.0485534 -0.998821
    outer loop
      vertex 2.65 5.83337 10.9546
      vertex -8.56414 6 10.9627
      vertex 2.65 6 10.9627
    endloop
  endfacet
  facet normal 0 0.0485534 -0.998821
    outer loop
      vertex -8.56414 6 10.9627
      vertex 2.65 5.83337 10.9546
      vertex -8.56671 5.83337 10.9546
    endloop
  endfacet
  facet normal 0 -0.97004 0.242945
    outer loop
      vertex 5.35 7.6268 8.76925
      vertex 9.20089 7.66733 8.93108
      vertex 5.35 7.66733 8.93108
    endloop
  endfacet
  facet normal 0 -0.97004 0.242945
    outer loop
      vertex 9.20089 7.66733 8.93108
      vertex 5.35 7.6268 8.76925
      vertex 9.25161 7.6268 8.76925
    endloop
  endfacet
  facet normal 0 -0.97004 0.242945
    outer loop
      vertex 2.65 7.6268 8.76925
      vertex -9.20089 7.66733 8.93108
      vertex -9.25161 7.6268 8.76925
    endloop
  endfacet
  facet normal 0 -0.97004 0.242945
    outer loop
      vertex -9.20089 7.66733 8.93108
      vertex 2.65 7.6268 8.76925
      vertex 2.65 7.66733 8.93108
    endloop
  endfacet
  facet normal -0 0.903984 0.427566
    outer loop
      vertex 5.35 4.50073 8.46136
      vertex 9.30084 4.4294 8.61217
      vertex 9.34811 4.50073 8.46136
    endloop
  endfacet
  facet normal 0 0.903984 0.427566
    outer loop
      vertex 9.30084 4.4294 8.61217
      vertex 5.35 4.50073 8.46136
      vertex 5.35 4.4294 8.61217
    endloop
  endfacet
  facet normal 0 0.903984 0.427566
    outer loop
      vertex 2.65 4.50073 8.46136
      vertex -9.30084 4.4294 8.61217
      vertex 2.65 4.4294 8.61217
    endloop
  endfacet
  facet normal 0 0.903984 0.427566
    outer loop
      vertex -9.30084 4.4294 8.61217
      vertex 2.65 4.50073 8.46136
      vertex -9.34811 4.50073 8.46136
    endloop
  endfacet
  facet normal 0 -0.0485534 -0.998821
    outer loop
      vertex 5.35 6.16663 10.9546
      vertex 8.56414 6 10.9627
      vertex 5.35 6 10.9627
    endloop
  endfacet
  facet normal 0 -0.0485534 -0.998821
    outer loop
      vertex 8.56414 6 10.9627
      vertex 5.35 6.16663 10.9546
      vertex 8.56671 6.16663 10.9546
    endloop
  endfacet
  facet normal 0 -0.0485534 -0.998821
    outer loop
      vertex -8.56414 6 10.9627
      vertex 2.65 6.16663 10.9546
      vertex 2.65 6 10.9627
    endloop
  endfacet
  facet normal -0 -0.0485534 -0.998821
    outer loop
      vertex 2.65 6.16663 10.9546
      vertex -8.56414 6 10.9627
      vertex -8.56671 6.16663 10.9546
    endloop
  endfacet
  facet normal 0 -0.903996 -0.42754
    outer loop
      vertex 5.35 7.57059 9.9133
      vertex 8.84578 7.49927 10.0641
      vertex 5.35 7.49927 10.0641
    endloop
  endfacet
  facet normal 0 -0.903996 -0.42754
    outer loop
      vertex 8.84578 7.49927 10.0641
      vertex 5.35 7.57059 9.9133
      vertex 8.89305 7.57059 9.9133
    endloop
  endfacet
  facet normal -0 -0.903996 -0.42754
    outer loop
      vertex 2.65 7.57059 9.9133
      vertex -8.84578 7.49927 10.0641
      vertex -8.89305 7.57059 9.9133
    endloop
  endfacet
  facet normal 0 -0.903996 -0.42754
    outer loop
      vertex -8.84578 7.49927 10.0641
      vertex 2.65 7.57059 9.9133
      vertex 2.65 7.49927 10.0641
    endloop
  endfacet
  facet normal -0 0.14674 0.989175
    outer loop
      vertex 5.35 5.83337 7.57092
      vertex 9.61951 5.66835 7.5954
      vertex 9.62718 5.83337 7.57092
    endloop
  endfacet
  facet normal 0 0.14674 0.989175
    outer loop
      vertex 9.61951 5.66835 7.5954
      vertex 5.35 5.83337 7.57092
      vertex 5.35 5.66835 7.5954
    endloop
  endfacet
  facet normal 0 0.14674 0.989175
    outer loop
      vertex 2.65 5.83337 7.57092
      vertex -9.61951 5.66835 7.5954
      vertex 2.65 5.66835 7.5954
    endloop
  endfacet
  facet normal 0 0.14674 0.989175
    outer loop
      vertex -9.61951 5.66835 7.5954
      vertex 2.65 5.83337 7.57092
      vertex -9.62718 5.83337 7.57092
    endloop
  endfacet
  facet normal 0 0.740905 -0.67161
    outer loop
      vertex 5.35 4.68588 10.3412
      vertex 8.7202 4.79792 10.4648
      vertex 8.75894 4.68588 10.3412
    endloop
  endfacet
  facet normal 0 0.740905 -0.67161
    outer loop
      vertex 8.7202 4.79792 10.4648
      vertex 5.35 4.68588 10.3412
      vertex 5.35 4.79792 10.4648
    endloop
  endfacet
  facet normal 0 0.740905 -0.67161
    outer loop
      vertex 2.65 4.68588 10.3412
      vertex -8.7202 4.79792 10.4648
      vertex 2.65 4.79792 10.4648
    endloop
  endfacet
  facet normal 0 0.740905 -0.67161
    outer loop
      vertex -8.7202 4.79792 10.4648
      vertex 2.65 4.68588 10.3412
      vertex -8.75894 4.68588 10.3412
    endloop
  endfacet
  facet normal 0 -0.904007 0.427517
    outer loop
      vertex 5.35 7.49927 8.46136
      vertex 9.30084 7.57059 8.61217
      vertex 5.35 7.57059 8.61217
    endloop
  endfacet
  facet normal 0 -0.904007 0.427517
    outer loop
      vertex 9.30084 7.57059 8.61217
      vertex 5.35 7.49927 8.46136
      vertex 9.34811 7.49927 8.46136
    endloop
  endfacet
  facet normal 0 -0.904007 0.427517
    outer loop
      vertex 2.65 7.49927 8.46136
      vertex -9.30084 7.57059 8.61217
      vertex -9.34811 7.49927 8.46136
    endloop
  endfacet
  facet normal 0 -0.904007 0.427517
    outer loop
      vertex -9.30084 7.57059 8.61217
      vertex 2.65 7.49927 8.46136
      vertex 2.65 7.57059 8.61217
    endloop
  endfacet
  facet normal 0 0.243339 -0.969941
    outer loop
      vertex 5.35 5.50652 10.8895
      vertex 8.57438 5.66835 10.9301
      vertex 8.58709 5.50652 10.8895
    endloop
  endfacet
  facet normal 0 0.243339 -0.969941
    outer loop
      vertex 8.57438 5.66835 10.9301
      vertex 5.35 5.50652 10.8895
      vertex 5.35 5.66835 10.9301
    endloop
  endfacet
  facet normal 0 0.243339 -0.969941
    outer loop
      vertex 2.65 5.50652 10.8895
      vertex -8.57438 5.66835 10.9301
      vertex 2.65 5.66835 10.9301
    endloop
  endfacet
  facet normal 0 0.243339 -0.969941
    outer loop
      vertex -8.57438 5.66835 10.9301
      vertex 2.65 5.50652 10.8895
      vertex -8.58709 5.50652 10.8895
    endloop
  endfacet
  facet normal 0 0.970026 -0.243001
    outer loop
      vertex 5.35 4.33266 9.59439
      vertex 8.94228 4.3732 9.75622
      vertex 8.993 4.33266 9.59439
    endloop
  endfacet
  facet normal 0 0.970026 -0.243001
    outer loop
      vertex 8.94228 4.3732 9.75622
      vertex 5.35 4.33266 9.59439
      vertex 5.35 4.3732 9.75622
    endloop
  endfacet
  facet normal 0 0.970026 -0.243001
    outer loop
      vertex 2.65 4.33266 9.59439
      vertex -8.94228 4.3732 9.75622
      vertex 2.65 4.3732 9.75622
    endloop
  endfacet
  facet normal 0 0.970026 -0.243001
    outer loop
      vertex -8.94228 4.3732 9.75622
      vertex 2.65 4.33266 9.59439
      vertex -8.993 4.33266 9.59439
    endloop
  endfacet
  facet normal 0 -0.14674 0.989175
    outer loop
      vertex 5.35 6.16663 7.57092
      vertex 9.61951 6.33165 7.5954
      vertex 5.35 6.33165 7.5954
    endloop
  endfacet
  facet normal 0 -0.14674 0.989175
    outer loop
      vertex 9.61951 6.33165 7.5954
      vertex 5.35 6.16663 7.57092
      vertex 9.62718 6.16663 7.57092
    endloop
  endfacet
  facet normal 0 -0.14674 0.989175
    outer loop
      vertex -9.61951 6.33165 7.5954
      vertex 2.65 6.16663 7.57092
      vertex 2.65 6.33165 7.5954
    endloop
  endfacet
  facet normal 0 -0.14674 0.989175
    outer loop
      vertex 2.65 6.16663 7.57092
      vertex -9.61951 6.33165 7.5954
      vertex -9.62718 6.16663 7.57092
    endloop
  endfacet
  facet normal 0 -0.243001 0.970026
    outer loop
      vertex 5.35 6.33165 7.5954
      vertex 9.6068 6.49348 7.63594
      vertex 5.35 6.49348 7.63594
    endloop
  endfacet
  facet normal 0 -0.243001 0.970026
    outer loop
      vertex 9.6068 6.49348 7.63594
      vertex 5.35 6.33165 7.5954
      vertex 9.61951 6.33165 7.5954
    endloop
  endfacet
  facet normal 0 -0.243001 0.970026
    outer loop
      vertex -9.6068 6.49348 7.63594
      vertex 2.65 6.33165 7.5954
      vertex 2.65 6.49348 7.63594
    endloop
  endfacet
  facet normal 0 -0.243001 0.970026
    outer loop
      vertex 2.65 6.33165 7.5954
      vertex -9.6068 6.49348 7.63594
      vertex -9.61951 6.33165 7.5954
    endloop
  endfacet
  facet normal 0 -0.595385 -0.80344
    outer loop
      vertex 5.35 7.07847 10.5769
      vertex 8.65394 6.94447 10.6762
      vertex 5.35 6.94447 10.6762
    endloop
  endfacet
  facet normal 0 -0.595385 -0.80344
    outer loop
      vertex 8.65394 6.94447 10.6762
      vertex 5.35 7.07847 10.5769
      vertex 8.68508 7.07847 10.5769
    endloop
  endfacet
  facet normal 0 -0.595385 -0.80344
    outer loop
      vertex -8.65394 6.94447 10.6762
      vertex 2.65 7.07847 10.5769
      vertex 2.65 6.94447 10.6762
    endloop
  endfacet
  facet normal -0 -0.595385 -0.80344
    outer loop
      vertex 2.65 7.07847 10.5769
      vertex -8.65394 6.94447 10.6762
      vertex -8.68508 7.07847 10.5769
    endloop
  endfacet
  facet normal 0 0.595385 -0.80344
    outer loop
      vertex 5.35 4.92153 10.5769
      vertex 8.65394 5.05553 10.6762
      vertex 8.68508 4.92153 10.5769
    endloop
  endfacet
  facet normal 0 0.595385 -0.80344
    outer loop
      vertex 8.65394 5.05553 10.6762
      vertex 5.35 4.92153 10.5769
      vertex 5.35 5.05553 10.6762
    endloop
  endfacet
  facet normal 0 0.595385 -0.80344
    outer loop
      vertex 2.65 4.92153 10.5769
      vertex -8.65394 5.05553 10.6762
      vertex 2.65 5.05553 10.6762
    endloop
  endfacet
  facet normal 0 0.595385 -0.80344
    outer loop
      vertex -8.65394 5.05553 10.6762
      vertex 2.65 4.92153 10.5769
      vertex -8.68508 4.92153 10.5769
    endloop
  endfacet
  facet normal -0 0.803211 0.595695
    outer loop
      vertex 5.35 4.68588 8.18427
      vertex 9.39295 4.5865 8.31827
      vertex 9.43495 4.68588 8.18427
    endloop
  endfacet
  facet normal 0 0.803211 0.595695
    outer loop
      vertex 9.39295 4.5865 8.31827
      vertex 5.35 4.68588 8.18427
      vertex 5.35 4.5865 8.31827
    endloop
  endfacet
  facet normal 0 0.803211 0.595695
    outer loop
      vertex 2.65 4.68588 8.18427
      vertex -9.39295 4.5865 8.31827
      vertex 2.65 4.5865 8.31827
    endloop
  endfacet
  facet normal 0 0.803211 0.595695
    outer loop
      vertex -9.39295 4.5865 8.31827
      vertex 2.65 4.68588 8.18427
      vertex -9.43495 4.68588 8.18427
    endloop
  endfacet
  facet normal 0 -0.998794 -0.0490916
    outer loop
      vertex 5.35 7.7 9.26274
      vertex 9.04472 7.69181 9.42937
      vertex 5.35 7.69181 9.42937
    endloop
  endfacet
  facet normal 0 -0.998794 -0.0490916
    outer loop
      vertex 9.04472 7.69181 9.42937
      vertex 5.35 7.7 9.26274
      vertex 9.09694 7.7 9.26274
    endloop
  endfacet
  facet normal -0 -0.998794 -0.0490916
    outer loop
      vertex 2.65 7.7 9.26274
      vertex -9.04472 7.69181 9.42937
      vertex -9.09694 7.7 9.26274
    endloop
  endfacet
  facet normal 0 -0.998794 -0.0490916
    outer loop
      vertex -9.04472 7.69181 9.42937
      vertex 2.65 7.7 9.26274
      vertex 2.65 7.69181 9.42937
    endloop
  endfacet
  facet normal -0 0.67158 0.740932
    outer loop
      vertex 5.35 4.92153 7.94862
      vertex 9.47369 4.79792 8.06066
      vertex 9.50881 4.92153 7.94862
    endloop
  endfacet
  facet normal 0 0.67158 0.740932
    outer loop
      vertex 9.47369 4.79792 8.06066
      vertex 5.35 4.92153 7.94862
      vertex 5.35 4.79792 8.06066
    endloop
  endfacet
  facet normal 0 0.67158 0.740932
    outer loop
      vertex 2.65 4.92153 7.94862
      vertex -9.47369 4.79792 8.06066
      vertex 2.65 4.79792 8.06066
    endloop
  endfacet
  facet normal 0 0.67158 0.740932
    outer loop
      vertex -9.47369 4.79792 8.06066
      vertex 2.65 4.92153 7.94862
      vertex -9.50881 4.92153 7.94862
    endloop
  endfacet
  facet normal 0 -0.941533 0.336921
    outer loop
      vertex 5.35 7.57059 8.61217
      vertex 9.25161 7.6268 8.76925
      vertex 5.35 7.6268 8.76925
    endloop
  endfacet
  facet normal 0 -0.941533 0.336921
    outer loop
      vertex 9.25161 7.6268 8.76925
      vertex 5.35 7.57059 8.61217
      vertex 9.30084 7.57059 8.61217
    endloop
  endfacet
  facet normal 0 -0.941533 0.336921
    outer loop
      vertex 2.65 7.57059 8.61217
      vertex -9.25161 7.6268 8.76925
      vertex -9.30084 7.57059 8.61217
    endloop
  endfacet
  facet normal 0 -0.941533 0.336921
    outer loop
      vertex -9.25161 7.6268 8.76925
      vertex 2.65 7.57059 8.61217
      vertex 2.65 7.6268 8.76925
    endloop
  endfacet
  facet normal -0 0.336868 0.941552
    outer loop
      vertex 5.35 5.50652 7.63594
      vertex 9.58919 5.34944 7.69214
      vertex 9.6068 5.50652 7.63594
    endloop
  endfacet
  facet normal 0 0.336868 0.941552
    outer loop
      vertex 9.58919 5.34944 7.69214
      vertex 5.35 5.50652 7.63594
      vertex 5.35 5.34944 7.69214
    endloop
  endfacet
  facet normal 0 0.336868 0.941552
    outer loop
      vertex 2.65 5.50652 7.63594
      vertex -9.58919 5.34944 7.69214
      vertex 2.65 5.34944 7.69214
    endloop
  endfacet
  facet normal 0 0.336868 0.941552
    outer loop
      vertex -9.58919 5.34944 7.69214
      vertex 2.65 5.50652 7.63594
      vertex -9.6068 5.50652 7.63594
    endloop
  endfacet
  facet normal 0 -0.427419 -0.904054
    outer loop
      vertex 5.35 6.80137 10.762
      vertex 8.6047 6.65056 10.8333
      vertex 5.35 6.65056 10.8333
    endloop
  endfacet
  facet normal 0 -0.427419 -0.904054
    outer loop
      vertex 8.6047 6.65056 10.8333
      vertex 5.35 6.80137 10.762
      vertex 8.62706 6.80137 10.762
    endloop
  endfacet
  facet normal 0 -0.427419 -0.904054
    outer loop
      vertex -8.6047 6.65056 10.8333
      vertex 2.65 6.80137 10.762
      vertex 2.65 6.65056 10.8333
    endloop
  endfacet
  facet normal -0 -0.427419 -0.904054
    outer loop
      vertex 2.65 6.80137 10.762
      vertex -8.6047 6.65056 10.8333
      vertex -8.62706 6.80137 10.762
    endloop
  endfacet
  facet normal 0 -0.146857 -0.989158
    outer loop
      vertex 5.35 6.33165 10.9301
      vertex 8.56671 6.16663 10.9546
      vertex 5.35 6.16663 10.9546
    endloop
  endfacet
  facet normal 0 -0.146857 -0.989158
    outer loop
      vertex 8.56671 6.16663 10.9546
      vertex 5.35 6.33165 10.9301
      vertex 8.57438 6.33165 10.9301
    endloop
  endfacet
  facet normal 0 -0.146857 -0.989158
    outer loop
      vertex -8.56671 6.16663 10.9546
      vertex 2.65 6.33165 10.9301
      vertex 2.65 6.16663 10.9546
    endloop
  endfacet
  facet normal -0 -0.146857 -0.989158
    outer loop
      vertex 2.65 6.33165 10.9301
      vertex -8.56671 6.16663 10.9546
      vertex -8.57438 6.33165 10.9301
    endloop
  endfacet
  facet normal 0 -0.803211 0.595695
    outer loop
      vertex 5.35 7.31412 8.18427
      vertex 9.39295 7.4135 8.31827
      vertex 5.35 7.4135 8.31827
    endloop
  endfacet
  facet normal 0 -0.803211 0.595695
    outer loop
      vertex 9.39295 7.4135 8.31827
      vertex 5.35 7.31412 8.18427
      vertex 9.43495 7.31412 8.18427
    endloop
  endfacet
  facet normal 0 -0.803211 0.595695
    outer loop
      vertex 2.65 7.31412 8.18427
      vertex -9.39295 7.4135 8.31827
      vertex -9.43495 7.31412 8.18427
    endloop
  endfacet
  facet normal 0 -0.803211 0.595695
    outer loop
      vertex -9.39295 7.4135 8.31827
      vertex 2.65 7.31412 8.18427
      vertex 2.65 7.4135 8.31827
    endloop
  endfacet
  facet normal 0 0.671777 -0.740753
    outer loop
      vertex 5.35 4.79792 10.4648
      vertex 8.68508 4.92153 10.5769
      vertex 8.7202 4.79792 10.4648
    endloop
  endfacet
  facet normal 0 0.671777 -0.740753
    outer loop
      vertex 8.68508 4.92153 10.5769
      vertex 5.35 4.79792 10.4648
      vertex 5.35 4.92153 10.5769
    endloop
  endfacet
  facet normal 0 0.671777 -0.740753
    outer loop
      vertex 2.65 4.79792 10.4648
      vertex -8.68508 4.92153 10.5769
      vertex 2.65 4.92153 10.5769
    endloop
  endfacet
  facet normal 0 0.671777 -0.740753
    outer loop
      vertex -8.68508 4.92153 10.5769
      vertex 2.65 4.79792 10.4648
      vertex -8.7202 4.79792 10.4648
    endloop
  endfacet
  facet normal 0 0.989184 -0.146681
    outer loop
      vertex 5.35 4.30819 9.42937
      vertex 8.993 4.33266 9.59439
      vertex 9.04472 4.30819 9.42937
    endloop
  endfacet
  facet normal 0 0.989184 -0.146681
    outer loop
      vertex 8.993 4.33266 9.59439
      vertex 5.35 4.30819 9.42937
      vertex 5.35 4.33266 9.59439
    endloop
  endfacet
  facet normal 0 0.989184 -0.146681
    outer loop
      vertex 2.65 4.30819 9.42937
      vertex -8.993 4.33266 9.59439
      vertex 2.65 4.33266 9.59439
    endloop
  endfacet
  facet normal 0 0.989184 -0.146681
    outer loop
      vertex -8.993 4.33266 9.59439
      vertex 2.65 4.30819 9.42937
      vertex -9.04472 4.30819 9.42937
    endloop
  endfacet
  facet normal 0 -0.857715 0.514125
    outer loop
      vertex 5.35 7.4135 8.31827
      vertex 9.34811 7.49927 8.46136
      vertex 5.35 7.49927 8.46136
    endloop
  endfacet
  facet normal 0 -0.857715 0.514125
    outer loop
      vertex 9.34811 7.49927 8.46136
      vertex 5.35 7.4135 8.31827
      vertex 9.39295 7.4135 8.31827
    endloop
  endfacet
  facet normal 0 -0.857715 0.514125
    outer loop
      vertex 2.65 7.4135 8.31827
      vertex -9.34811 7.49927 8.46136
      vertex -9.39295 7.4135 8.31827
    endloop
  endfacet
  facet normal 0 -0.857715 0.514125
    outer loop
      vertex -9.34811 7.49927 8.46136
      vertex 2.65 7.4135 8.31827
      vertex 2.65 7.49927 8.46136
    endloop
  endfacet
  facet normal 0 0.514258 -0.857636
    outer loop
      vertex 5.35 5.05553 10.6762
      vertex 8.62706 5.19862 10.762
      vertex 8.65394 5.05553 10.6762
    endloop
  endfacet
  facet normal 0 0.514258 -0.857636
    outer loop
      vertex 8.62706 5.19862 10.762
      vertex 5.35 5.05553 10.6762
      vertex 5.35 5.19862 10.762
    endloop
  endfacet
  facet normal 0 0.514258 -0.857636
    outer loop
      vertex 2.65 5.05553 10.6762
      vertex -8.62706 5.19862 10.762
      vertex 2.65 5.19862 10.762
    endloop
  endfacet
  facet normal 0 0.514258 -0.857636
    outer loop
      vertex -8.62706 5.19862 10.762
      vertex 2.65 5.05553 10.6762
      vertex -8.65394 5.05553 10.6762
    endloop
  endfacet
  facet normal 0 -0.336868 -0.941552
    outer loop
      vertex 5.35 6.65056 10.8333
      vertex 8.58709 6.49348 10.8895
      vertex 5.35 6.49348 10.8895
    endloop
  endfacet
  facet normal 0 -0.336868 -0.941552
    outer loop
      vertex 8.58709 6.49348 10.8895
      vertex 5.35 6.65056 10.8333
      vertex 8.6047 6.65056 10.8333
    endloop
  endfacet
  facet normal 0 -0.336868 -0.941552
    outer loop
      vertex -8.58709 6.49348 10.8895
      vertex 2.65 6.65056 10.8333
      vertex 2.65 6.49348 10.8895
    endloop
  endfacet
  facet normal -0 -0.336868 -0.941552
    outer loop
      vertex 2.65 6.65056 10.8333
      vertex -8.58709 6.49348 10.8895
      vertex -8.6047 6.65056 10.8333
    endloop
  endfacet
  facet normal 0 -0.97004 -0.242945
    outer loop
      vertex 5.35 7.66733 9.59439
      vertex 8.94228 7.6268 9.75622
      vertex 5.35 7.6268 9.75622
    endloop
  endfacet
  facet normal 0 -0.97004 -0.242945
    outer loop
      vertex 8.94228 7.6268 9.75622
      vertex 5.35 7.66733 9.59439
      vertex 8.993 7.66733 9.59439
    endloop
  endfacet
  facet normal -0 -0.97004 -0.242945
    outer loop
      vertex 2.65 7.66733 9.59439
      vertex -8.94228 7.6268 9.75622
      vertex -8.993 7.66733 9.59439
    endloop
  endfacet
  facet normal 0 -0.97004 -0.242945
    outer loop
      vertex -8.94228 7.6268 9.75622
      vertex 2.65 7.66733 9.59439
      vertex 2.65 7.6268 9.75622
    endloop
  endfacet
  facet normal 0 -0.336868 0.941552
    outer loop
      vertex 5.35 6.49348 7.63594
      vertex 9.58919 6.65056 7.69214
      vertex 5.35 6.65056 7.69214
    endloop
  endfacet
  facet normal 0 -0.336868 0.941552
    outer loop
      vertex 9.58919 6.65056 7.69214
      vertex 5.35 6.49348 7.63594
      vertex 9.6068 6.49348 7.63594
    endloop
  endfacet
  facet normal 0 -0.336868 0.941552
    outer loop
      vertex -9.58919 6.65056 7.69214
      vertex 2.65 6.49348 7.63594
      vertex 2.65 6.65056 7.69214
    endloop
  endfacet
  facet normal 0 -0.336868 0.941552
    outer loop
      vertex 2.65 6.49348 7.63594
      vertex -9.58919 6.65056 7.69214
      vertex -9.6068 6.49348 7.63594
    endloop
  endfacet
  facet normal 0 -0.740905 -0.67161
    outer loop
      vertex 5.35 7.31412 10.3412
      vertex 8.7202 7.20208 10.4648
      vertex 5.35 7.20208 10.4648
    endloop
  endfacet
  facet normal 0 -0.740905 -0.67161
    outer loop
      vertex 8.7202 7.20208 10.4648
      vertex 5.35 7.31412 10.3412
      vertex 8.75894 7.31412 10.3412
    endloop
  endfacet
  facet normal -0 -0.740905 -0.67161
    outer loop
      vertex 2.65 7.31412 10.3412
      vertex -8.7202 7.20208 10.4648
      vertex -8.75894 7.31412 10.3412
    endloop
  endfacet
  facet normal 0 -0.740905 -0.67161
    outer loop
      vertex -8.7202 7.20208 10.4648
      vertex 2.65 7.31412 10.3412
      vertex 2.65 7.20208 10.4648
    endloop
  endfacet
  facet normal -0 0.427543 0.903995
    outer loop
      vertex 5.35 5.34944 7.69214
      vertex 9.56683 5.19862 7.76347
      vertex 9.58919 5.34944 7.69214
    endloop
  endfacet
  facet normal 0 0.427543 0.903995
    outer loop
      vertex 9.56683 5.19862 7.76347
      vertex 5.35 5.34944 7.69214
      vertex 5.35 5.19862 7.76347
    endloop
  endfacet
  facet normal 0 0.427543 0.903995
    outer loop
      vertex 2.65 5.34944 7.69214
      vertex -9.56683 5.19862 7.76347
      vertex 2.65 5.19862 7.76347
    endloop
  endfacet
  facet normal 0 0.427543 0.903995
    outer loop
      vertex -9.56683 5.19862 7.76347
      vertex 2.65 5.34944 7.69214
      vertex -9.58919 5.34944 7.69214
    endloop
  endfacet
  facet normal 0 -0.998794 0.0490916
    outer loop
      vertex 5.35 7.69181 9.09611
      vertex 9.09694 7.7 9.26274
      vertex 5.35 7.7 9.26274
    endloop
  endfacet
  facet normal 0 -0.998794 0.0490916
    outer loop
      vertex 9.09694 7.7 9.26274
      vertex 5.35 7.69181 9.09611
      vertex 9.14917 7.69181 9.09611
    endloop
  endfacet
  facet normal 0 -0.998794 0.0490916
    outer loop
      vertex 2.65 7.69181 9.09611
      vertex -9.09694 7.7 9.26274
      vertex -9.14917 7.69181 9.09611
    endloop
  endfacet
  facet normal 0 -0.998794 0.0490916
    outer loop
      vertex -9.09694 7.7 9.26274
      vertex 2.65 7.69181 9.09611
      vertex 2.65 7.7 9.26274
    endloop
  endfacet
  facet normal 0 0.903973 -0.427589
    outer loop
      vertex 5.35 4.4294 9.9133
      vertex 8.84578 4.50073 10.0641
      vertex 8.89305 4.4294 9.9133
    endloop
  endfacet
  facet normal 0 0.903973 -0.427589
    outer loop
      vertex 8.84578 4.50073 10.0641
      vertex 5.35 4.4294 9.9133
      vertex 5.35 4.50073 10.0641
    endloop
  endfacet
  facet normal 0 0.903973 -0.427589
    outer loop
      vertex 2.65 4.4294 9.9133
      vertex -8.84578 4.50073 10.0641
      vertex 2.65 4.50073 10.0641
    endloop
  endfacet
  facet normal 0 0.903973 -0.427589
    outer loop
      vertex -8.84578 4.50073 10.0641
      vertex 2.65 4.4294 9.9133
      vertex -8.89305 4.4294 9.9133
    endloop
  endfacet
  facet normal 0 -0.857731 -0.514099
    outer loop
      vertex 5.35 7.49927 10.0641
      vertex 8.80094 7.4135 10.2072
      vertex 5.35 7.4135 10.2072
    endloop
  endfacet
  facet normal 0 -0.857731 -0.514099
    outer loop
      vertex 8.80094 7.4135 10.2072
      vertex 5.35 7.49927 10.0641
      vertex 8.84578 7.49927 10.0641
    endloop
  endfacet
  facet normal -0 -0.857731 -0.514099
    outer loop
      vertex 2.65 7.49927 10.0641
      vertex -8.80094 7.4135 10.2072
      vertex -8.84578 7.49927 10.0641
    endloop
  endfacet
  facet normal 0 -0.857731 -0.514099
    outer loop
      vertex -8.80094 7.4135 10.2072
      vertex 2.65 7.49927 10.0641
      vertex 2.65 7.4135 10.2072
    endloop
  endfacet
  facet normal 0 0.146857 -0.989158
    outer loop
      vertex 5.35 5.66835 10.9301
      vertex 8.56671 5.83337 10.9546
      vertex 8.57438 5.66835 10.9301
    endloop
  endfacet
  facet normal 0 0.146857 -0.989158
    outer loop
      vertex 8.56671 5.83337 10.9546
      vertex 5.35 5.66835 10.9301
      vertex 5.35 5.83337 10.9546
    endloop
  endfacet
  facet normal 0 0.146857 -0.989158
    outer loop
      vertex 2.65 5.66835 10.9301
      vertex -8.56671 5.83337 10.9546
      vertex 2.65 5.83337 10.9546
    endloop
  endfacet
  facet normal 0 0.146857 -0.989158
    outer loop
      vertex -8.56671 5.83337 10.9546
      vertex 2.65 5.66835 10.9301
      vertex -8.57438 5.66835 10.9301
    endloop
  endfacet
  facet normal -0 0.243001 0.970026
    outer loop
      vertex 5.35 5.66835 7.5954
      vertex 9.6068 5.50652 7.63594
      vertex 9.61951 5.66835 7.5954
    endloop
  endfacet
  facet normal 0 0.243001 0.970026
    outer loop
      vertex 9.6068 5.50652 7.63594
      vertex 5.35 5.66835 7.5954
      vertex 5.35 5.50652 7.63594
    endloop
  endfacet
  facet normal 0 0.243001 0.970026
    outer loop
      vertex 2.65 5.66835 7.5954
      vertex -9.6068 5.50652 7.63594
      vertex 2.65 5.50652 7.63594
    endloop
  endfacet
  facet normal 0 0.243001 0.970026
    outer loop
      vertex -9.6068 5.50652 7.63594
      vertex 2.65 5.66835 7.5954
      vertex -9.61951 5.66835 7.5954
    endloop
  endfacet
  facet normal 0 -0.514231 -0.857652
    outer loop
      vertex 5.35 6.94447 10.6762
      vertex 8.62706 6.80137 10.762
      vertex 5.35 6.80137 10.762
    endloop
  endfacet
  facet normal 0 -0.514231 -0.857652
    outer loop
      vertex 8.62706 6.80137 10.762
      vertex 5.35 6.94447 10.6762
      vertex 8.65394 6.94447 10.6762
    endloop
  endfacet
  facet normal 0 -0.514231 -0.857652
    outer loop
      vertex -8.62706 6.80137 10.762
      vertex 2.65 6.94447 10.6762
      vertex 2.65 6.80137 10.762
    endloop
  endfacet
  facet normal -0 -0.514231 -0.857652
    outer loop
      vertex 2.65 6.94447 10.6762
      vertex -8.62706 6.80137 10.762
      vertex -8.65394 6.94447 10.6762
    endloop
  endfacet
  facet normal 0 -0.740932 0.67158
    outer loop
      vertex 5.35 7.20208 8.06066
      vertex 9.43495 7.31412 8.18427
      vertex 5.35 7.31412 8.18427
    endloop
  endfacet
  facet normal 0 -0.740932 0.67158
    outer loop
      vertex 9.43495 7.31412 8.18427
      vertex 5.35 7.20208 8.06066
      vertex 9.47369 7.20208 8.06066
    endloop
  endfacet
  facet normal 0 -0.740932 0.67158
    outer loop
      vertex 2.65 7.20208 8.06066
      vertex -9.43495 7.31412 8.18427
      vertex -9.47369 7.20208 8.06066
    endloop
  endfacet
  facet normal 0 -0.740932 0.67158
    outer loop
      vertex -9.43495 7.31412 8.18427
      vertex 2.65 7.20208 8.06066
      vertex 2.65 7.31412 8.18427
    endloop
  endfacet
  facet normal 0 -0.67158 0.740932
    outer loop
      vertex 5.35 7.07847 7.94862
      vertex 9.47369 7.20208 8.06066
      vertex 5.35 7.20208 8.06066
    endloop
  endfacet
  facet normal 0 -0.67158 0.740932
    outer loop
      vertex 9.47369 7.20208 8.06066
      vertex 5.35 7.07847 7.94862
      vertex 9.50881 7.07847 7.94862
    endloop
  endfacet
  facet normal 0 -0.67158 0.740932
    outer loop
      vertex -9.47369 7.20208 8.06066
      vertex 2.65 7.07847 7.94862
      vertex 2.65 7.20208 8.06066
    endloop
  endfacet
  facet normal 0 -0.67158 0.740932
    outer loop
      vertex 2.65 7.07847 7.94862
      vertex -9.47369 7.20208 8.06066
      vertex -9.50881 7.07847 7.94862
    endloop
  endfacet
  facet normal 0 0.427396 -0.904065
    outer loop
      vertex 5.35 5.19862 10.762
      vertex 8.6047 5.34944 10.8333
      vertex 8.62706 5.19862 10.762
    endloop
  endfacet
  facet normal 0 0.427396 -0.904065
    outer loop
      vertex 8.6047 5.34944 10.8333
      vertex 5.35 5.19862 10.762
      vertex 5.35 5.34944 10.8333
    endloop
  endfacet
  facet normal 0 0.427396 -0.904065
    outer loop
      vertex 2.65 5.19862 10.762
      vertex -8.6047 5.34944 10.8333
      vertex 2.65 5.34944 10.8333
    endloop
  endfacet
  facet normal 0 0.427396 -0.904065
    outer loop
      vertex -8.6047 5.34944 10.8333
      vertex 2.65 5.19862 10.762
      vertex -8.62706 5.19862 10.762
    endloop
  endfacet
  facet normal 0 0.998794 -0.0490916
    outer loop
      vertex 5.35 4.3 9.26274
      vertex 9.04472 4.30819 9.42937
      vertex 9.09694 4.3 9.26274
    endloop
  endfacet
  facet normal 0 0.998794 -0.0490916
    outer loop
      vertex 9.04472 4.30819 9.42937
      vertex 5.35 4.3 9.26274
      vertex 5.35 4.30819 9.42937
    endloop
  endfacet
  facet normal 0 0.998794 -0.0490916
    outer loop
      vertex 2.65 4.3 9.26274
      vertex -9.04472 4.30819 9.42937
      vertex 2.65 4.30819 9.42937
    endloop
  endfacet
  facet normal 0 0.998794 -0.0490916
    outer loop
      vertex -9.04472 4.30819 9.42937
      vertex 2.65 4.3 9.26274
      vertex -9.09694 4.3 9.26274
    endloop
  endfacet
  facet normal -0 0.740932 0.67158
    outer loop
      vertex 5.35 4.79792 8.06066
      vertex 9.43495 4.68588 8.18427
      vertex 9.47369 4.79792 8.06066
    endloop
  endfacet
  facet normal 0 0.740932 0.67158
    outer loop
      vertex 9.43495 4.68588 8.18427
      vertex 5.35 4.79792 8.06066
      vertex 5.35 4.68588 8.18427
    endloop
  endfacet
  facet normal 0 0.740932 0.67158
    outer loop
      vertex 2.65 4.79792 8.06066
      vertex -9.43495 4.68588 8.18427
      vertex 2.65 4.68588 8.18427
    endloop
  endfacet
  facet normal 0 0.740932 0.67158
    outer loop
      vertex -9.43495 4.68588 8.18427
      vertex 2.65 4.79792 8.06066
      vertex -9.47369 4.79792 8.06066
    endloop
  endfacet
  facet normal 0 0.336868 -0.941552
    outer loop
      vertex 5.35 5.34944 10.8333
      vertex 8.58709 5.50652 10.8895
      vertex 8.6047 5.34944 10.8333
    endloop
  endfacet
  facet normal 0 0.336868 -0.941552
    outer loop
      vertex 8.58709 5.50652 10.8895
      vertex 5.35 5.34944 10.8333
      vertex 5.35 5.50652 10.8895
    endloop
  endfacet
  facet normal 0 0.336868 -0.941552
    outer loop
      vertex 2.65 5.34944 10.8333
      vertex -8.58709 5.50652 10.8895
      vertex 2.65 5.50652 10.8895
    endloop
  endfacet
  facet normal 0 0.336868 -0.941552
    outer loop
      vertex -8.58709 5.50652 10.8895
      vertex 2.65 5.34944 10.8333
      vertex -8.6047 5.34944 10.8333
    endloop
  endfacet
  facet normal -0 0.970026 0.243001
    outer loop
      vertex 5.35 4.3732 8.76925
      vertex 9.20089 4.33266 8.93108
      vertex 9.25161 4.3732 8.76925
    endloop
  endfacet
  facet normal 0 0.970026 0.243001
    outer loop
      vertex 9.20089 4.33266 8.93108
      vertex 5.35 4.3732 8.76925
      vertex 5.35 4.33266 8.93108
    endloop
  endfacet
  facet normal 0 0.970026 0.243001
    outer loop
      vertex 2.65 4.3732 8.76925
      vertex -9.20089 4.33266 8.93108
      vertex 2.65 4.33266 8.93108
    endloop
  endfacet
  facet normal 0 0.970026 0.243001
    outer loop
      vertex -9.20089 4.33266 8.93108
      vertex 2.65 4.3732 8.76925
      vertex -9.25161 4.3732 8.76925
    endloop
  endfacet
  facet normal 0 0.803211 -0.595695
    outer loop
      vertex 5.35 4.5865 10.2072
      vertex 8.75894 4.68588 10.3412
      vertex 8.80094 4.5865 10.2072
    endloop
  endfacet
  facet normal 0 0.803211 -0.595695
    outer loop
      vertex 8.75894 4.68588 10.3412
      vertex 5.35 4.5865 10.2072
      vertex 5.35 4.68588 10.3412
    endloop
  endfacet
  facet normal 0 0.803211 -0.595695
    outer loop
      vertex 2.65 4.5865 10.2072
      vertex -8.75894 4.68588 10.3412
      vertex 2.65 4.68588 10.3412
    endloop
  endfacet
  facet normal 0 0.803211 -0.595695
    outer loop
      vertex -8.75894 4.68588 10.3412
      vertex 2.65 4.5865 10.2072
      vertex -8.80094 4.5865 10.2072
    endloop
  endfacet
  facet normal -0 0.595695 0.803211
    outer loop
      vertex 5.35 5.05553 7.84924
      vertex 9.50881 4.92153 7.94862
      vertex 9.53995 5.05553 7.84924
    endloop
  endfacet
  facet normal 0 0.595695 0.803211
    outer loop
      vertex 9.50881 4.92153 7.94862
      vertex 5.35 5.05553 7.84924
      vertex 5.35 4.92153 7.94862
    endloop
  endfacet
  facet normal 0 0.595695 0.803211
    outer loop
      vertex 2.65 5.05553 7.84924
      vertex -9.50881 4.92153 7.94862
      vertex 2.65 4.92153 7.94862
    endloop
  endfacet
  facet normal 0 0.595695 0.803211
    outer loop
      vertex -9.50881 4.92153 7.94862
      vertex 2.65 5.05553 7.84924
      vertex -9.53995 5.05553 7.84924
    endloop
  endfacet
  facet normal 0 -0.989175 -0.14674
    outer loop
      vertex 5.35 7.69181 9.42937
      vertex 8.993 7.66733 9.59439
      vertex 5.35 7.66733 9.59439
    endloop
  endfacet
  facet normal 0 -0.989175 -0.14674
    outer loop
      vertex 8.993 7.66733 9.59439
      vertex 5.35 7.69181 9.42937
      vertex 9.04472 7.69181 9.42937
    endloop
  endfacet
  facet normal -0 -0.989175 -0.14674
    outer loop
      vertex 2.65 7.69181 9.42937
      vertex -8.993 7.66733 9.59439
      vertex -9.04472 7.69181 9.42937
    endloop
  endfacet
  facet normal 0 -0.989175 -0.14674
    outer loop
      vertex -8.993 7.66733 9.59439
      vertex 2.65 7.69181 9.42937
      vertex 2.65 7.66733 9.59439
    endloop
  endfacet
  facet normal 0 -0.514099 0.857731
    outer loop
      vertex 5.35 6.80137 7.76347
      vertex 9.53995 6.94447 7.84924
      vertex 5.35 6.94447 7.84924
    endloop
  endfacet
  facet normal 0 -0.514099 0.857731
    outer loop
      vertex 9.53995 6.94447 7.84924
      vertex 5.35 6.80137 7.76347
      vertex 9.56683 6.80137 7.76347
    endloop
  endfacet
  facet normal 0 -0.514099 0.857731
    outer loop
      vertex -9.53995 6.94447 7.84924
      vertex 2.65 6.80137 7.76347
      vertex 2.65 6.94447 7.84924
    endloop
  endfacet
  facet normal 0 -0.514099 0.857731
    outer loop
      vertex 2.65 6.80137 7.76347
      vertex -9.53995 6.94447 7.84924
      vertex -9.56683 6.80137 7.76347
    endloop
  endfacet
  facet normal 0 0.941552 -0.336868
    outer loop
      vertex 5.35 4.3732 9.75622
      vertex 8.89305 4.4294 9.9133
      vertex 8.94228 4.3732 9.75622
    endloop
  endfacet
  facet normal 0 0.941552 -0.336868
    outer loop
      vertex 8.89305 4.4294 9.9133
      vertex 5.35 4.3732 9.75622
      vertex 5.35 4.4294 9.9133
    endloop
  endfacet
  facet normal 0 0.941552 -0.336868
    outer loop
      vertex 2.65 4.3732 9.75622
      vertex -8.89305 4.4294 9.9133
      vertex 2.65 4.4294 9.9133
    endloop
  endfacet
  facet normal 0 0.941552 -0.336868
    outer loop
      vertex -8.89305 4.4294 9.9133
      vertex 2.65 4.3732 9.75622
      vertex -8.94228 4.3732 9.75622
    endloop
  endfacet
  facet normal -0 0.998794 0.0490916
    outer loop
      vertex 5.35 4.30819 9.09611
      vertex 9.09694 4.3 9.26274
      vertex 9.14917 4.30819 9.09611
    endloop
  endfacet
  facet normal 0 0.998794 0.0490916
    outer loop
      vertex 9.09694 4.3 9.26274
      vertex 5.35 4.30819 9.09611
      vertex 5.35 4.3 9.26274
    endloop
  endfacet
  facet normal 0 0.998794 0.0490916
    outer loop
      vertex 2.65 4.30819 9.09611
      vertex -9.09694 4.3 9.26274
      vertex 2.65 4.3 9.26274
    endloop
  endfacet
  facet normal 0 0.998794 0.0490916
    outer loop
      vertex -9.09694 4.3 9.26274
      vertex 2.65 4.30819 9.09611
      vertex -9.14917 4.30819 9.09611
    endloop
  endfacet
  facet normal -0 0.989185 0.146672
    outer loop
      vertex 5.35 4.33266 8.93108
      vertex 9.14917 4.30819 9.09611
      vertex 9.20089 4.33266 8.93108
    endloop
  endfacet
  facet normal 0 0.989185 0.146672
    outer loop
      vertex 9.14917 4.30819 9.09611
      vertex 5.35 4.33266 8.93108
      vertex 5.35 4.30819 9.09611
    endloop
  endfacet
  facet normal 0 0.989185 0.146672
    outer loop
      vertex 2.65 4.33266 8.93108
      vertex -9.14917 4.30819 9.09611
      vertex 2.65 4.30819 9.09611
    endloop
  endfacet
  facet normal 0 0.989185 0.146672
    outer loop
      vertex -9.14917 4.30819 9.09611
      vertex 2.65 4.33266 8.93108
      vertex -9.20089 4.33266 8.93108
    endloop
  endfacet
  facet normal -0 0.514125 0.857715
    outer loop
      vertex 5.35 5.19862 7.76347
      vertex 9.53995 5.05553 7.84924
      vertex 9.56683 5.19862 7.76347
    endloop
  endfacet
  facet normal 0 0.514125 0.857715
    outer loop
      vertex 9.53995 5.05553 7.84924
      vertex 5.35 5.19862 7.76347
      vertex 5.35 5.05553 7.84924
    endloop
  endfacet
  facet normal 0 0.514125 0.857715
    outer loop
      vertex 2.65 5.19862 7.76347
      vertex -9.53995 5.05553 7.84924
      vertex 2.65 5.05553 7.84924
    endloop
  endfacet
  facet normal 0 0.514125 0.857715
    outer loop
      vertex -9.53995 5.05553 7.84924
      vertex 2.65 5.19862 7.76347
      vertex -9.56683 5.19862 7.76347
    endloop
  endfacet
  facet normal -0 0.857715 0.514125
    outer loop
      vertex 5.35 4.5865 8.31827
      vertex 9.34811 4.50073 8.46136
      vertex 9.39295 4.5865 8.31827
    endloop
  endfacet
  facet normal 0 0.857715 0.514125
    outer loop
      vertex 9.34811 4.50073 8.46136
      vertex 5.35 4.5865 8.31827
      vertex 5.35 4.50073 8.46136
    endloop
  endfacet
  facet normal 0 0.857715 0.514125
    outer loop
      vertex 2.65 4.5865 8.31827
      vertex -9.34811 4.50073 8.46136
      vertex 2.65 4.50073 8.46136
    endloop
  endfacet
  facet normal 0 0.857715 0.514125
    outer loop
      vertex -9.34811 4.50073 8.46136
      vertex 2.65 4.5865 8.31827
      vertex -9.39295 4.5865 8.31827
    endloop
  endfacet
  facet normal 0 -0.0490318 0.998797
    outer loop
      vertex 5.35 6 7.56274
      vertex 9.62718 6.16663 7.57092
      vertex 5.35 6.16663 7.57092
    endloop
  endfacet
  facet normal 0 -0.0490318 0.998797
    outer loop
      vertex 9.62718 6.16663 7.57092
      vertex 5.35 6 7.56274
      vertex 9.62975 6 7.56274
    endloop
  endfacet
  facet normal 0 -0.0490318 0.998797
    outer loop
      vertex -9.62718 6.16663 7.57092
      vertex 2.65 6 7.56274
      vertex 2.65 6.16663 7.57092
    endloop
  endfacet
  facet normal 0 -0.0490318 0.998797
    outer loop
      vertex 2.65 6 7.56274
      vertex -9.62718 6.16663 7.57092
      vertex -9.62975 6 7.56274
    endloop
  endfacet
  facet normal -0 0.0490318 0.998797
    outer loop
      vertex 5.35 6 7.56274
      vertex 9.62718 5.83337 7.57092
      vertex 9.62975 6 7.56274
    endloop
  endfacet
  facet normal 0 0.0490318 0.998797
    outer loop
      vertex 9.62718 5.83337 7.57092
      vertex 5.35 6 7.56274
      vertex 5.35 5.83337 7.57092
    endloop
  endfacet
  facet normal 0 0.0490318 0.998797
    outer loop
      vertex 2.65 6 7.56274
      vertex -9.62718 5.83337 7.57092
      vertex 2.65 5.83337 7.57092
    endloop
  endfacet
  facet normal 0 0.0490318 0.998797
    outer loop
      vertex -9.62718 5.83337 7.57092
      vertex 2.65 6 7.56274
      vertex -9.62975 6 7.56274
    endloop
  endfacet
  facet normal 0 -0.595695 0.803211
    outer loop
      vertex 5.35 6.94447 7.84924
      vertex 9.50881 7.07847 7.94862
      vertex 5.35 7.07847 7.94862
    endloop
  endfacet
  facet normal 0 -0.595695 0.803211
    outer loop
      vertex 9.50881 7.07847 7.94862
      vertex 5.35 6.94447 7.84924
      vertex 9.53995 6.94447 7.84924
    endloop
  endfacet
  facet normal 0 -0.595695 0.803211
    outer loop
      vertex -9.50881 7.07847 7.94862
      vertex 2.65 6.94447 7.84924
      vertex 2.65 7.07847 7.94862
    endloop
  endfacet
  facet normal 0 -0.595695 0.803211
    outer loop
      vertex 2.65 6.94447 7.84924
      vertex -9.50881 7.07847 7.94862
      vertex -9.53995 6.94447 7.84924
    endloop
  endfacet
  facet normal 1 0 0
    outer loop
      vertex 2.65 7.69181 9.09611
      vertex 2.65 8.9 12.1627
      vertex 2.65 7.7 9.26274
    endloop
  endfacet
  facet normal 1 0 0
    outer loop
      vertex 2.65 8.9 12.1627
      vertex 2.65 7.69181 9.42937
      vertex 2.65 7.7 9.26274
    endloop
  endfacet
  facet normal 1 0 0
    outer loop
      vertex 2.65 8.9 12.1627
      vertex 2.65 7.66733 9.59439
      vertex 2.65 7.69181 9.42937
    endloop
  endfacet
  facet normal 1 0 0
    outer loop
      vertex 2.65 8.9 12.1627
      vertex 2.65 7.6268 9.75622
      vertex 2.65 7.66733 9.59439
    endloop
  endfacet
  facet normal 1 0 0
    outer loop
      vertex 2.65 8.9 12.1627
      vertex 2.65 7.57059 9.9133
      vertex 2.65 7.6268 9.75622
    endloop
  endfacet
  facet normal 1 0 0
    outer loop
      vertex 2.65 8.9 12.1627
      vertex 2.65 7.49927 10.0641
      vertex 2.65 7.57059 9.9133
    endloop
  endfacet
  facet normal 1 0 0
    outer loop
      vertex 2.65 8.9 12.1627
      vertex 2.65 7.4135 10.2072
      vertex 2.65 7.49927 10.0641
    endloop
  endfacet
  facet normal 1 0 0
    outer loop
      vertex 2.65 8.9 12.1627
      vertex 2.65 7.31412 10.3412
      vertex 2.65 7.4135 10.2072
    endloop
  endfacet
  facet normal 1 0 0
    outer loop
      vertex 2.65 8.9 12.1627
      vertex 2.65 7.20208 10.4648
      vertex 2.65 7.31412 10.3412
    endloop
  endfacet
  facet normal 1 0 0
    outer loop
      vertex 2.65 8.9 12.1627
      vertex 2.65 7.07847 10.5769
      vertex 2.65 7.20208 10.4648
    endloop
  endfacet
  facet normal 1 0 0
    outer loop
      vertex 2.65 8.9 12.1627
      vertex 2.65 6.94447 10.6762
      vertex 2.65 7.07847 10.5769
    endloop
  endfacet
  facet normal 1 0 0
    outer loop
      vertex 2.65 8.9 12.1627
      vertex 2.65 6.80137 10.762
      vertex 2.65 6.94447 10.6762
    endloop
  endfacet
  facet normal 1 0 0
    outer loop
      vertex 2.65 8.9 12.1627
      vertex 2.65 6.65056 10.8333
      vertex 2.65 6.80137 10.762
    endloop
  endfacet
  facet normal 1 0 0
    outer loop
      vertex 2.65 8.9 12.1627
      vertex 2.65 6.49348 10.8895
      vertex 2.65 6.65056 10.8333
    endloop
  endfacet
  facet normal 1 0 0
    outer loop
      vertex 2.65 8.9 12.1627
      vertex 2.65 6.33165 10.9301
      vertex 2.65 6.49348 10.8895
    endloop
  endfacet
  facet normal 1 0 0
    outer loop
      vertex 2.65 8.9 12.1627
      vertex 2.65 6.16663 10.9546
      vertex 2.65 6.33165 10.9301
    endloop
  endfacet
  facet normal 1 0 0
    outer loop
      vertex 2.65 8.9 12.1627
      vertex 2.65 6 10.9627
      vertex 2.65 6.16663 10.9546
    endloop
  endfacet
  facet normal 1 -0 0
    outer loop
      vertex 2.65 3.1 12.1627
      vertex 2.65 6 10.9627
      vertex 2.65 8.9 12.1627
    endloop
  endfacet
  facet normal 1 0 0
    outer loop
      vertex 2.65 6 10.9627
      vertex 2.65 3.1 12.1627
      vertex 2.65 5.83337 10.9546
    endloop
  endfacet
  facet normal 1 0 0
    outer loop
      vertex 2.65 5.83337 10.9546
      vertex 2.65 3.1 12.1627
      vertex 2.65 5.66835 10.9301
    endloop
  endfacet
  facet normal 1 0 0
    outer loop
      vertex 2.65 5.66835 10.9301
      vertex 2.65 3.1 12.1627
      vertex 2.65 5.50652 10.8895
    endloop
  endfacet
  facet normal 1 0 0
    outer loop
      vertex 2.65 4.30819 9.42937
      vertex 2.65 3.1 12.1627
      vertex 2.65 4.3 9.26274
    endloop
  endfacet
  facet normal 1 0 0
    outer loop
      vertex 2.65 4.33266 9.59439
      vertex 2.65 3.1 12.1627
      vertex 2.65 4.30819 9.42937
    endloop
  endfacet
  facet normal 1 0 0
    outer loop
      vertex 2.65 4.3732 9.75622
      vertex 2.65 3.1 12.1627
      vertex 2.65 4.33266 9.59439
    endloop
  endfacet
  facet normal 1 0 0
    outer loop
      vertex 2.65 4.4294 9.9133
      vertex 2.65 3.1 12.1627
      vertex 2.65 4.3732 9.75622
    endloop
  endfacet
  facet normal 1 0 0
    outer loop
      vertex 2.65 4.50073 10.0641
      vertex 2.65 3.1 12.1627
      vertex 2.65 4.4294 9.9133
    endloop
  endfacet
  facet normal 1 0 0
    outer loop
      vertex 2.65 4.5865 10.2072
      vertex 2.65 3.1 12.1627
      vertex 2.65 4.50073 10.0641
    endloop
  endfacet
  facet normal 1 0 0
    outer loop
      vertex 2.65 4.68588 10.3412
      vertex 2.65 3.1 12.1627
      vertex 2.65 4.5865 10.2072
    endloop
  endfacet
  facet normal 1 0 0
    outer loop
      vertex 2.65 4.79792 10.4648
      vertex 2.65 3.1 12.1627
      vertex 2.65 4.68588 10.3412
    endloop
  endfacet
  facet normal 1 0 0
    outer loop
      vertex 2.65 4.92153 10.5769
      vertex 2.65 3.1 12.1627
      vertex 2.65 4.79792 10.4648
    endloop
  endfacet
  facet normal 1 0 0
    outer loop
      vertex 2.65 5.05553 10.6762
      vertex 2.65 3.1 12.1627
      vertex 2.65 4.92153 10.5769
    endloop
  endfacet
  facet normal 1 0 0
    outer loop
      vertex 2.65 5.19862 10.762
      vertex 2.65 3.1 12.1627
      vertex 2.65 5.05553 10.6762
    endloop
  endfacet
  facet normal 1 0 0
    outer loop
      vertex 2.65 5.34944 10.8333
      vertex 2.65 3.1 12.1627
      vertex 2.65 5.19862 10.762
    endloop
  endfacet
  facet normal 1 0 0
    outer loop
      vertex 2.65 5.50652 10.8895
      vertex 2.65 3.1 12.1627
      vertex 2.65 5.34944 10.8333
    endloop
  endfacet
  facet normal 1 0 0
    outer loop
      vertex 2.65 7.66733 8.93108
      vertex 2.65 8.9 12.1627
      vertex 2.65 7.69181 9.09611
    endloop
  endfacet
  facet normal 1 0 0
    outer loop
      vertex 2.65 8.9 12.1627
      vertex 2.65 7.66733 8.93108
      vertex 2.65 8.9 1.12378e-05
    endloop
  endfacet
  facet normal 1 -0 0
    outer loop
      vertex 2.65 7.6268 8.76925
      vertex 2.65 8.9 1.12378e-05
      vertex 2.65 7.66733 8.93108
    endloop
  endfacet
  facet normal 1 -0 0
    outer loop
      vertex 2.65 7.57059 8.61217
      vertex 2.65 8.9 1.12378e-05
      vertex 2.65 7.6268 8.76925
    endloop
  endfacet
  facet normal 1 -0 0
    outer loop
      vertex 2.65 7.49927 8.46136
      vertex 2.65 8.9 1.12378e-05
      vertex 2.65 7.57059 8.61217
    endloop
  endfacet
  facet normal 1 -0 0
    outer loop
      vertex 2.65 7.4135 8.31827
      vertex 2.65 8.9 1.12378e-05
      vertex 2.65 7.49927 8.46136
    endloop
  endfacet
  facet normal 1 -0 0
    outer loop
      vertex 2.65 7.31412 8.18427
      vertex 2.65 8.9 1.12378e-05
      vertex 2.65 7.4135 8.31827
    endloop
  endfacet
  facet normal 1 -0 0
    outer loop
      vertex 2.65 7.20208 8.06066
      vertex 2.65 8.9 1.12378e-05
      vertex 2.65 7.31412 8.18427
    endloop
  endfacet
  facet normal 1 -0 0
    outer loop
      vertex 2.65 7.07847 7.94862
      vertex 2.65 8.9 1.12378e-05
      vertex 2.65 7.20208 8.06066
    endloop
  endfacet
  facet normal 1 -0 0
    outer loop
      vertex 2.65 6.94447 7.84924
      vertex 2.65 8.9 1.12378e-05
      vertex 2.65 7.07847 7.94862
    endloop
  endfacet
  facet normal 1 -0 0
    outer loop
      vertex 2.65 6.80137 7.76347
      vertex 2.65 8.9 1.12378e-05
      vertex 2.65 6.94447 7.84924
    endloop
  endfacet
  facet normal 1 -0 0
    outer loop
      vertex 2.65 6.65056 7.69214
      vertex 2.65 8.9 1.12378e-05
      vertex 2.65 6.80137 7.76347
    endloop
  endfacet
  facet normal 1 -0 0
    outer loop
      vertex 2.65 6.49348 7.63594
      vertex 2.65 8.9 1.12378e-05
      vertex 2.65 6.65056 7.69214
    endloop
  endfacet
  facet normal 1 -0 0
    outer loop
      vertex 2.65 6.33165 7.5954
      vertex 2.65 8.9 1.12378e-05
      vertex 2.65 6.49348 7.63594
    endloop
  endfacet
  facet normal 1 -0 0
    outer loop
      vertex 2.65 6.16663 7.57092
      vertex 2.65 8.9 1.12378e-05
      vertex 2.65 6.33165 7.5954
    endloop
  endfacet
  facet normal 1 -0 0
    outer loop
      vertex 2.65 6 7.56274
      vertex 2.65 8.9 1.12378e-05
      vertex 2.65 6.16663 7.57092
    endloop
  endfacet
  facet normal 1 0 0
    outer loop
      vertex 2.65 3.1 1.12378e-05
      vertex 2.65 6 7.56274
      vertex 2.65 5.83337 7.57092
    endloop
  endfacet
  facet normal 1 0 0
    outer loop
      vertex 2.65 3.1 1.12378e-05
      vertex 2.65 5.83337 7.57092
      vertex 2.65 5.66835 7.5954
    endloop
  endfacet
  facet normal 1 0 0
    outer loop
      vertex 2.65 3.1 1.12378e-05
      vertex 2.65 5.66835 7.5954
      vertex 2.65 5.50652 7.63594
    endloop
  endfacet
  facet normal 1 0 0
    outer loop
      vertex 2.65 3.1 1.12378e-05
      vertex 2.65 5.50652 7.63594
      vertex 2.65 5.34944 7.69214
    endloop
  endfacet
  facet normal 1 0 0
    outer loop
      vertex 2.65 3.1 1.12378e-05
      vertex 2.65 5.34944 7.69214
      vertex 2.65 5.19862 7.76347
    endloop
  endfacet
  facet normal 1 0 0
    outer loop
      vertex 2.65 3.1 1.12378e-05
      vertex 2.65 5.19862 7.76347
      vertex 2.65 5.05553 7.84924
    endloop
  endfacet
  facet normal 1 0 0
    outer loop
      vertex 2.65 3.1 1.12378e-05
      vertex 2.65 5.05553 7.84924
      vertex 2.65 4.92153 7.94862
    endloop
  endfacet
  facet normal 1 0 0
    outer loop
      vertex 2.65 3.1 1.12378e-05
      vertex 2.65 4.92153 7.94862
      vertex 2.65 4.79792 8.06066
    endloop
  endfacet
  facet normal 1 0 0
    outer loop
      vertex 2.65 3.1 1.12378e-05
      vertex 2.65 4.79792 8.06066
      vertex 2.65 4.68588 8.18427
    endloop
  endfacet
  facet normal 1 0 0
    outer loop
      vertex 2.65 3.1 1.12378e-05
      vertex 2.65 4.68588 8.18427
      vertex 2.65 4.5865 8.31827
    endloop
  endfacet
  facet normal 1 0 0
    outer loop
      vertex 2.65 3.1 1.12378e-05
      vertex 2.65 4.5865 8.31827
      vertex 2.65 4.50073 8.46136
    endloop
  endfacet
  facet normal 1 0 0
    outer loop
      vertex 2.65 3.1 12.1627
      vertex 2.65 4.30819 9.09611
      vertex 2.65 4.3 9.26274
    endloop
  endfacet
  facet normal 1 0 0
    outer loop
      vertex 2.65 3.1 12.1627
      vertex 2.65 4.33266 8.93108
      vertex 2.65 4.30819 9.09611
    endloop
  endfacet
  facet normal 1 0 0
    outer loop
      vertex 2.65 3.1 1.12378e-05
      vertex 2.65 4.33266 8.93108
      vertex 2.65 3.1 12.1627
    endloop
  endfacet
  facet normal 1 0 0
    outer loop
      vertex 2.65 4.33266 8.93108
      vertex 2.65 3.1 1.12378e-05
      vertex 2.65 4.3732 8.76925
    endloop
  endfacet
  facet normal 1 0 0
    outer loop
      vertex 2.65 6 7.56274
      vertex 2.65 3.1 1.12378e-05
      vertex 2.65 8.9 1.12378e-05
    endloop
  endfacet
  facet normal 1 0 0
    outer loop
      vertex 2.65 4.4294 8.61217
      vertex 2.65 3.1 1.12378e-05
      vertex 2.65 4.50073 8.46136
    endloop
  endfacet
  facet normal 1 0 0
    outer loop
      vertex 2.65 4.3732 8.76925
      vertex 2.65 3.1 1.12378e-05
      vertex 2.65 4.4294 8.61217
    endloop
  endfacet
  facet normal 0 0 -1
    outer loop
      vertex 2.65 3.1 12.1627
      vertex 5.35 8.9 12.1627
      vertex 5.35 3.1 12.1627
    endloop
  endfacet
  facet normal -0 0 -1
    outer loop
      vertex 5.35 8.9 12.1627
      vertex 2.65 3.1 12.1627
      vertex 2.65 8.9 12.1627
    endloop
  endfacet
  facet normal -1 0 0
    outer loop
      vertex 5.35 7.66733 8.93108
      vertex 5.35 8.9 12.1627
      vertex 5.35 8.9 1.12378e-05
    endloop
  endfacet
  facet normal -1 0 0
    outer loop
      vertex 5.35 8.9 12.1627
      vertex 5.35 7.69181 9.09611
      vertex 5.35 7.7 9.26274
    endloop
  endfacet
  facet normal -1 0 0
    outer loop
      vertex 5.35 8.9 12.1627
      vertex 5.35 7.66733 8.93108
      vertex 5.35 7.69181 9.09611
    endloop
  endfacet
  facet normal -1 0 0
    outer loop
      vertex 5.35 8.9 1.12378e-05
      vertex 5.35 7.6268 8.76925
      vertex 5.35 7.66733 8.93108
    endloop
  endfacet
  facet normal -1 0 0
    outer loop
      vertex 5.35 8.9 1.12378e-05
      vertex 5.35 7.57059 8.61217
      vertex 5.35 7.6268 8.76925
    endloop
  endfacet
  facet normal -1 0 0
    outer loop
      vertex 5.35 8.9 1.12378e-05
      vertex 5.35 7.49927 8.46136
      vertex 5.35 7.57059 8.61217
    endloop
  endfacet
  facet normal -1 0 0
    outer loop
      vertex 5.35 8.9 1.12378e-05
      vertex 5.35 7.4135 8.31827
      vertex 5.35 7.49927 8.46136
    endloop
  endfacet
  facet normal -1 0 0
    outer loop
      vertex 5.35 8.9 1.12378e-05
      vertex 5.35 7.31412 8.18427
      vertex 5.35 7.4135 8.31827
    endloop
  endfacet
  facet normal -1 0 0
    outer loop
      vertex 5.35 8.9 1.12378e-05
      vertex 5.35 7.20208 8.06066
      vertex 5.35 7.31412 8.18427
    endloop
  endfacet
  facet normal -1 0 0
    outer loop
      vertex 5.35 8.9 1.12378e-05
      vertex 5.35 7.07847 7.94862
      vertex 5.35 7.20208 8.06066
    endloop
  endfacet
  facet normal -1 0 0
    outer loop
      vertex 5.35 8.9 1.12378e-05
      vertex 5.35 6.94447 7.84924
      vertex 5.35 7.07847 7.94862
    endloop
  endfacet
  facet normal -1 0 0
    outer loop
      vertex 5.35 8.9 1.12378e-05
      vertex 5.35 6.80137 7.76347
      vertex 5.35 6.94447 7.84924
    endloop
  endfacet
  facet normal -1 0 0
    outer loop
      vertex 5.35 8.9 1.12378e-05
      vertex 5.35 6.65056 7.69214
      vertex 5.35 6.80137 7.76347
    endloop
  endfacet
  facet normal -1 0 0
    outer loop
      vertex 5.35 8.9 1.12378e-05
      vertex 5.35 6.49348 7.63594
      vertex 5.35 6.65056 7.69214
    endloop
  endfacet
  facet normal -1 0 0
    outer loop
      vertex 5.35 8.9 1.12378e-05
      vertex 5.35 6.33165 7.5954
      vertex 5.35 6.49348 7.63594
    endloop
  endfacet
  facet normal -1 0 0
    outer loop
      vertex 5.35 8.9 1.12378e-05
      vertex 5.35 6.16663 7.57092
      vertex 5.35 6.33165 7.5954
    endloop
  endfacet
  facet normal -1 0 0
    outer loop
      vertex 5.35 8.9 1.12378e-05
      vertex 5.35 6 7.56274
      vertex 5.35 6.16663 7.57092
    endloop
  endfacet
  facet normal -1 0 0
    outer loop
      vertex 5.35 3.1 1.12378e-05
      vertex 5.35 6 7.56274
      vertex 5.35 8.9 1.12378e-05
    endloop
  endfacet
  facet normal -1 -0 0
    outer loop
      vertex 5.35 6 7.56274
      vertex 5.35 3.1 1.12378e-05
      vertex 5.35 5.83337 7.57092
    endloop
  endfacet
  facet normal -1 -0 0
    outer loop
      vertex 5.35 5.83337 7.57092
      vertex 5.35 3.1 1.12378e-05
      vertex 5.35 5.66835 7.5954
    endloop
  endfacet
  facet normal -1 -0 0
    outer loop
      vertex 5.35 5.66835 7.5954
      vertex 5.35 3.1 1.12378e-05
      vertex 5.35 5.50652 7.63594
    endloop
  endfacet
  facet normal -1 -0 0
    outer loop
      vertex 5.35 5.50652 7.63594
      vertex 5.35 3.1 1.12378e-05
      vertex 5.35 5.34944 7.69214
    endloop
  endfacet
  facet normal -1 -0 0
    outer loop
      vertex 5.35 5.34944 7.69214
      vertex 5.35 3.1 1.12378e-05
      vertex 5.35 5.19862 7.76347
    endloop
  endfacet
  facet normal -1 -0 0
    outer loop
      vertex 5.35 5.19862 7.76347
      vertex 5.35 3.1 1.12378e-05
      vertex 5.35 5.05553 7.84924
    endloop
  endfacet
  facet normal -1 -0 0
    outer loop
      vertex 5.35 5.05553 7.84924
      vertex 5.35 3.1 1.12378e-05
      vertex 5.35 4.92153 7.94862
    endloop
  endfacet
  facet normal -1 -0 0
    outer loop
      vertex 5.35 4.92153 7.94862
      vertex 5.35 3.1 1.12378e-05
      vertex 5.35 4.79792 8.06066
    endloop
  endfacet
  facet normal -1 -0 0
    outer loop
      vertex 5.35 4.79792 8.06066
      vertex 5.35 3.1 1.12378e-05
      vertex 5.35 4.68588 8.18427
    endloop
  endfacet
  facet normal -1 -0 0
    outer loop
      vertex 5.35 4.68588 8.18427
      vertex 5.35 3.1 1.12378e-05
      vertex 5.35 4.5865 8.31827
    endloop
  endfacet
  facet normal -1 0 0
    outer loop
      vertex 5.35 4.33266 8.93108
      vertex 5.35 3.1 12.1627
      vertex 5.35 4.30819 9.09611
    endloop
  endfacet
  facet normal -1 0 0
    outer loop
      vertex 5.35 3.1 12.1627
      vertex 5.35 4.33266 8.93108
      vertex 5.35 3.1 1.12378e-05
    endloop
  endfacet
  facet normal -1 -0 0
    outer loop
      vertex 5.35 4.3732 8.76925
      vertex 5.35 3.1 1.12378e-05
      vertex 5.35 4.33266 8.93108
    endloop
  endfacet
  facet normal -1 -0 0
    outer loop
      vertex 5.35 4.4294 8.61217
      vertex 5.35 3.1 1.12378e-05
      vertex 5.35 4.3732 8.76925
    endloop
  endfacet
  facet normal -1 -0 0
    outer loop
      vertex 5.35 4.50073 8.46136
      vertex 5.35 3.1 1.12378e-05
      vertex 5.35 4.4294 8.61217
    endloop
  endfacet
  facet normal -1 -0 0
    outer loop
      vertex 5.35 4.5865 8.31827
      vertex 5.35 3.1 1.12378e-05
      vertex 5.35 4.50073 8.46136
    endloop
  endfacet
  facet normal -1 0 0
    outer loop
      vertex 5.35 7.69181 9.42937
      vertex 5.35 8.9 12.1627
      vertex 5.35 7.7 9.26274
    endloop
  endfacet
  facet normal -1 0 0
    outer loop
      vertex 5.35 7.66733 9.59439
      vertex 5.35 8.9 12.1627
      vertex 5.35 7.69181 9.42937
    endloop
  endfacet
  facet normal -1 0 0
    outer loop
      vertex 5.35 7.6268 9.75622
      vertex 5.35 8.9 12.1627
      vertex 5.35 7.66733 9.59439
    endloop
  endfacet
  facet normal -1 0 0
    outer loop
      vertex 5.35 7.57059 9.9133
      vertex 5.35 8.9 12.1627
      vertex 5.35 7.6268 9.75622
    endloop
  endfacet
  facet normal -1 0 0
    outer loop
      vertex 5.35 7.49927 10.0641
      vertex 5.35 8.9 12.1627
      vertex 5.35 7.57059 9.9133
    endloop
  endfacet
  facet normal -1 0 0
    outer loop
      vertex 5.35 7.4135 10.2072
      vertex 5.35 8.9 12.1627
      vertex 5.35 7.49927 10.0641
    endloop
  endfacet
  facet normal -1 0 0
    outer loop
      vertex 5.35 7.31412 10.3412
      vertex 5.35 8.9 12.1627
      vertex 5.35 7.4135 10.2072
    endloop
  endfacet
  facet normal -1 0 0
    outer loop
      vertex 5.35 7.20208 10.4648
      vertex 5.35 8.9 12.1627
      vertex 5.35 7.31412 10.3412
    endloop
  endfacet
  facet normal -1 0 0
    outer loop
      vertex 5.35 7.07847 10.5769
      vertex 5.35 8.9 12.1627
      vertex 5.35 7.20208 10.4648
    endloop
  endfacet
  facet normal -1 0 0
    outer loop
      vertex 5.35 6.94447 10.6762
      vertex 5.35 8.9 12.1627
      vertex 5.35 7.07847 10.5769
    endloop
  endfacet
  facet normal -1 0 0
    outer loop
      vertex 5.35 6.80137 10.762
      vertex 5.35 8.9 12.1627
      vertex 5.35 6.94447 10.6762
    endloop
  endfacet
  facet normal -1 0 0
    outer loop
      vertex 5.35 6.65056 10.8333
      vertex 5.35 8.9 12.1627
      vertex 5.35 6.80137 10.762
    endloop
  endfacet
  facet normal -1 0 0
    outer loop
      vertex 5.35 6.49348 10.8895
      vertex 5.35 8.9 12.1627
      vertex 5.35 6.65056 10.8333
    endloop
  endfacet
  facet normal -1 0 0
    outer loop
      vertex 5.35 6.33165 10.9301
      vertex 5.35 8.9 12.1627
      vertex 5.35 6.49348 10.8895
    endloop
  endfacet
  facet normal -1 0 0
    outer loop
      vertex 5.35 6.16663 10.9546
      vertex 5.35 8.9 12.1627
      vertex 5.35 6.33165 10.9301
    endloop
  endfacet
  facet normal -1 0 0
    outer loop
      vertex 5.35 6 10.9627
      vertex 5.35 8.9 12.1627
      vertex 5.35 6.16663 10.9546
    endloop
  endfacet
  facet normal -1 0 0
    outer loop
      vertex 5.35 3.1 12.1627
      vertex 5.35 6 10.9627
      vertex 5.35 5.83337 10.9546
    endloop
  endfacet
  facet normal -1 0 0
    outer loop
      vertex 5.35 3.1 12.1627
      vertex 5.35 5.83337 10.9546
      vertex 5.35 5.66835 10.9301
    endloop
  endfacet
  facet normal -1 0 0
    outer loop
      vertex 5.35 3.1 12.1627
      vertex 5.35 5.66835 10.9301
      vertex 5.35 5.50652 10.8895
    endloop
  endfacet
  facet normal -1 0 0
    outer loop
      vertex 5.35 3.1 12.1627
      vertex 5.35 5.50652 10.8895
      vertex 5.35 5.34944 10.8333
    endloop
  endfacet
  facet normal -1 0 0
    outer loop
      vertex 5.35 4.30819 9.09611
      vertex 5.35 3.1 12.1627
      vertex 5.35 4.3 9.26274
    endloop
  endfacet
  facet normal -1 0 0
    outer loop
      vertex 5.35 6 10.9627
      vertex 5.35 3.1 12.1627
      vertex 5.35 8.9 12.1627
    endloop
  endfacet
  facet normal -1 0 0
    outer loop
      vertex 5.35 5.19862 10.762
      vertex 5.35 3.1 12.1627
      vertex 5.35 5.34944 10.8333
    endloop
  endfacet
  facet normal -1 0 0
    outer loop
      vertex 5.35 5.05553 10.6762
      vertex 5.35 3.1 12.1627
      vertex 5.35 5.19862 10.762
    endloop
  endfacet
  facet normal -1 0 0
    outer loop
      vertex 5.35 4.92153 10.5769
      vertex 5.35 3.1 12.1627
      vertex 5.35 5.05553 10.6762
    endloop
  endfacet
  facet normal -1 0 0
    outer loop
      vertex 5.35 4.79792 10.4648
      vertex 5.35 3.1 12.1627
      vertex 5.35 4.92153 10.5769
    endloop
  endfacet
  facet normal -1 0 0
    outer loop
      vertex 5.35 4.68588 10.3412
      vertex 5.35 3.1 12.1627
      vertex 5.35 4.79792 10.4648
    endloop
  endfacet
  facet normal -1 0 0
    outer loop
      vertex 5.35 4.5865 10.2072
      vertex 5.35 3.1 12.1627
      vertex 5.35 4.68588 10.3412
    endloop
  endfacet
  facet normal -1 0 0
    outer loop
      vertex 5.35 4.50073 10.0641
      vertex 5.35 3.1 12.1627
      vertex 5.35 4.5865 10.2072
    endloop
  endfacet
  facet normal -1 0 0
    outer loop
      vertex 5.35 4.4294 9.9133
      vertex 5.35 3.1 12.1627
      vertex 5.35 4.50073 10.0641
    endloop
  endfacet
  facet normal -1 0 0
    outer loop
      vertex 5.35 4.3732 9.75622
      vertex 5.35 3.1 12.1627
      vertex 5.35 4.4294 9.9133
    endloop
  endfacet
  facet normal -1 0 0
    outer loop
      vertex 5.35 4.33266 9.59439
      vertex 5.35 3.1 12.1627
      vertex 5.35 4.3732 9.75622
    endloop
  endfacet
  facet normal -1 0 0
    outer loop
      vertex 5.35 4.30819 9.42937
      vertex 5.35 3.1 12.1627
      vertex 5.35 4.33266 9.59439
    endloop
  endfacet
  facet normal -1 0 0
    outer loop
      vertex 5.35 4.3 9.26274
      vertex 5.35 3.1 12.1627
      vertex 5.35 4.30819 9.42937
    endloop
  endfacet
  facet normal 0 -1 0
    outer loop
      vertex 2.65 8.9 1.12378e-05
      vertex 5.35 8.9 12.1627
      vertex 2.65 8.9 12.1627
    endloop
  endfacet
  facet normal 0 -1 -0
    outer loop
      vertex 5.35 8.9 12.1627
      vertex 2.65 8.9 1.12378e-05
      vertex 5.35 8.9 1.12378e-05
    endloop
  endfacet
  facet normal 0 1 -0
    outer loop
      vertex 5.35 3.1 1.12378e-05
      vertex 2.65 3.1 12.1627
      vertex 5.35 3.1 12.1627
    endloop
  endfacet
  facet normal 0 1 0
    outer loop
      vertex 2.65 3.1 12.1627
      vertex 5.35 3.1 1.12378e-05
      vertex 2.65 3.1 1.12378e-05
    endloop
  endfacet
endsolid OpenSCAD_Model
