solid OpenSCAD_Model
  facet normal -0.71572 -0.648791 -0.258485
    outer loop
      vertex -34.3988 1.60116 1.54329
      vertex -34.6828 1.6633 2.17369
      vertex -34.5634 1.78274 1.54329
    endloop
  endfacet
  facet normal -0.715896 -0.648557 -0.258587
    outer loop
      vertex -34.6828 1.6633 2.17369
      vertex -34.3988 1.60116 1.54329
      vertex -34.5183 1.48172 2.17369
    endloop
  endfacet
  facet normal 0.514199 -0.857671 0
    outer loop
      vertex 33.4164 0.651311 2.17369
      vertex 33.6265 0.777272 7
      vertex 33.4164 0.651311 7
    endloop
  endfacet
  facet normal 0.514199 -0.857671 0
    outer loop
      vertex 33.6265 0.777272 7
      vertex 33.4164 0.651311 2.17369
      vertex 33.6265 0.777272 2.17369
    endloop
  endfacet
  facet normal -0.498916 -0.065684 -0.864157
    outer loop
      vertex -34.4091 4.50757 0.190302
      vertex -35.0069 4.75519 0.516617
      vertex -34.4417 4.75519 0.190302
    endloop
  endfacet
  facet normal -0.0382193 -0.257595 -0.965497
    outer loop
      vertex -31.4924 1.59094 0.190302
      vertex -31.5716 2.2358 0.0213881
      vertex -31.3293 2.19985 0.0213881
    endloop
  endfacet
  facet normal -0.0382033 -0.257593 -0.965498
    outer loop
      vertex -31.5716 2.2358 0.0213881
      vertex -31.4924 1.59094 0.190302
      vertex -31.7348 1.62689 0.190302
    endloop
  endfacet
  facet normal 0.133055 -0.222039 -0.965917
    outer loop
      vertex 32.3402 2.51525 0.0213881
      vertex 32.8656 2.09528 0.190302
      vertex 32.6554 1.96932 0.190302
    endloop
  endfacet
  facet normal 0.133061 -0.222032 -0.965918
    outer loop
      vertex 32.8656 2.09528 0.190302
      vertex 32.3402 2.51525 0.0213881
      vertex 32.5504 2.64122 0.0213881
    endloop
  endfacet
  facet normal -0.801771 -0.332207 -0.496792
    outer loop
      vertex -35.0245 3.0527 0.978097
      vertex -35.3071 2.88954 1.54329
      vertex -35.2227 3.53105 0.978097
    endloop
  endfacet
  facet normal -0.965932 0 -0.258797
    outer loop
      vertex -35.8097 5.06149 1.54329
      vertex -35.9786 14 2.17369
      vertex -35.8097 14 1.54329
    endloop
  endfacet
  facet normal -0.965932 -0 -0.258797
    outer loop
      vertex -35.9786 14 2.17369
      vertex -35.8097 5.06149 1.54329
      vertex -35.9786 5.06149 2.17369
    endloop
  endfacet
  facet normal -0.892913 -0.369831 -0.256772
    outer loop
      vertex -35.4534 2.80508 2.17369
      vertex -35.701 3.40288 2.17369
      vertex -35.3071 2.88954 1.54329
    endloop
  endfacet
  facet normal -0.80178 -0.332198 -0.496783
    outer loop
      vertex -35.3071 2.88954 1.54329
      vertex -35.5379 3.44659 1.54329
      vertex -35.2227 3.53105 0.978097
    endloop
  endfacet
  facet normal 0.0340413 -0.258677 -0.965364
    outer loop
      vertex 31.4924 1.59094 0.190302
      vertex 31.2448 2.18873 0.0213881
      vertex 31.3293 2.19985 0.0213881
    endloop
  endfacet
  facet normal 0.485046 -0.121665 -0.865984
    outer loop
      vertex 34.3136 4.02762 0.190302
      vertex 34.9191 4.11895 0.516617
      vertex 34.8595 3.88134 0.516617
    endloop
  endfacet
  facet normal 0.485034 -0.121457 -0.86602
    outer loop
      vertex 34.9191 4.11895 0.516617
      vertex 34.3136 4.02762 0.190302
      vertex 34.3731 4.26523 0.190302
    endloop
  endfacet
  facet normal 0.909848 -0.325098 -0.257854
    outer loop
      vertex 35.5955 3.43115 1.766
      vertex 35.5379 3.44659 1.54329
      vertex 35.5914 3.59632 1.54329
    endloop
  endfacet
  facet normal 0.71572 -0.648791 -0.258485
    outer loop
      vertex 34.6828 1.6633 2.17369
      vertex 34.3988 1.60116 1.54329
      vertex 34.5634 1.78274 1.54329
    endloop
  endfacet
  facet normal 0.715896 -0.648557 -0.258587
    outer loop
      vertex 34.3988 1.60116 1.54329
      vertex 34.6828 1.6633 2.17369
      vertex 34.5183 1.48172 2.17369
    endloop
  endfacet
  facet normal 0.666856 -0.238606 -0.705954
    outer loop
      vertex 35.2227 3.53105 0.978097
      vertex 34.8595 3.88134 0.516617
      vertex 35.3053 3.7619 0.978097
    endloop
  endfacet
  facet normal 0.666856 -0.238606 -0.705954
    outer loop
      vertex 34.8595 3.88134 0.516617
      vertex 35.2227 3.53105 0.978097
      vertex 34.7769 3.65049 0.516617
    endloop
  endfacet
  facet normal 0.432287 -0.563371 -0.704089
    outer loop
      vertex 33.5758 1.35215 0.978097
      vertex 33.345 1.7518 0.516617
      vertex 33.6602 1.99366 0.516617
    endloop
  endfacet
  facet normal 0.0127159 -0.258796 -0.965848
    outer loop
      vertex 30.9385 2.17369 0.0213881
      vertex 31.2448 1.55834 0.190302
      vertex 30.9385 1.54329 0.190302
    endloop
  endfacet
  facet normal 0.0127077 -0.2588 -0.965847
    outer loop
      vertex 31.2448 1.55834 0.190302
      vertex 30.9385 2.17369 0.0213881
      vertex 31.2448 2.18873 0.0213881
    endloop
  endfacet
  facet normal -0.688497 -0.528373 -0.496784
    outer loop
      vertex -34.5634 1.78274 1.54329
      vertex -34.9305 2.26109 1.54329
      vertex -34.6479 2.42425 0.978097
    endloop
  endfacet
  facet normal -0.858019 -0.12746 -0.497552
    outer loop
      vertex -35.3648 3.99951 0.978097
      vertex -35.716 4.15739 1.54329
      vertex -35.4008 4.24185 0.978097
    endloop
  endfacet
  facet normal -0.858019 -0.12746 -0.497552
    outer loop
      vertex -35.716 4.15739 1.54329
      vertex -35.3648 3.99951 0.978097
      vertex -35.68 3.91505 1.54329
    endloop
  endfacet
  facet normal 0.688544 -0.528347 -0.496747
    outer loop
      vertex 34.5634 1.78274 1.54329
      vertex 34.3327 2.01348 0.978097
      vertex 34.6479 2.42425 0.978097
    endloop
  endfacet
  facet normal 0.828444 -0.496688 -0.258807
    outer loop
      vertex 35.3487 2.58363 2.17369
      vertex 35.0764 2.45793 1.54329
      vertex 35.2024 2.66809 1.54329
    endloop
  endfacet
  facet normal 0.828444 -0.496688 -0.258807
    outer loop
      vertex 35.0764 2.45793 1.54329
      vertex 35.3487 2.58363 2.17369
      vertex 35.2227 2.37347 2.17369
    endloop
  endfacet
  facet normal 0.192526 -0.464947 -0.864151
    outer loop
      vertex 32.7166 1.37511 0.516617
      vertex 32.2032 1.76901 0.190302
      vertex 32.434 1.86458 0.190302
    endloop
  endfacet
  facet normal 0.704118 -0.092651 -0.704013
    outer loop
      vertex 35.2278 4.53867 0.766045
      vertex 35.0069 4.75519 0.516617
      vertex 35.1539 4.75519 0.663639
    endloop
  endfacet
  facet normal 0.704041 -0.0927964 -0.704071
    outer loop
      vertex 35.0069 4.75519 0.516617
      vertex 35.2278 4.53867 0.766045
      vertex 35.3133 4.35582 0.875641
    endloop
  endfacet
  facet normal 0.706552 -0.0347838 -0.706805
    outer loop
      vertex 35.1291 4.81368 0.635974
      vertex 35.0219 5.06149 0.516617
      vertex 35.0526 5.06149 0.547306
    endloop
  endfacet
  facet normal 0.706737 -0.0345679 -0.706631
    outer loop
      vertex 35.0069 4.75519 0.516617
      vertex 35.1291 4.81368 0.635974
      vertex 35.1539 4.75519 0.663639
    endloop
  endfacet
  facet normal 0.706746 -0.0346105 -0.70662
    outer loop
      vertex 35.1291 4.81368 0.635974
      vertex 35.0069 4.75519 0.516617
      vertex 35.0219 5.06149 0.516617
    endloop
  endfacet
  facet normal 0.258817 0 -0.965926
    outer loop
      vertex 33.8263 5.06149 0.0213881
      vertex 34.4567 14 0.190302
      vertex 34.4567 5.06149 0.190302
    endloop
  endfacet
  facet normal 0.258817 0 -0.965926
    outer loop
      vertex 34.4567 14 0.190302
      vertex 33.8263 5.06149 0.0213881
      vertex 33.8263 14 0.0213881
    endloop
  endfacet
  facet normal 0.238658 -0.666887 -0.705907
    outer loop
      vertex 32.1187 1.14047 0.516617
      vertex 32.4689 0.777314 0.978097
      vertex 32.2381 0.694718 0.978097
    endloop
  endfacet
  facet normal 0.238667 -0.666881 -0.705909
    outer loop
      vertex 32.4689 0.777314 0.978097
      vertex 32.1187 1.14047 0.516617
      vertex 32.3495 1.22307 0.516617
    endloop
  endfacet
  facet normal -0 -0.707107 -0.707107
    outer loop
      vertex 30.9385 0.978097 0.516617
      vertex 9.57417 0.516617 0.978097
      vertex 9.51021 0.978097 0.516617
    endloop
  endfacet
  facet normal 0 -0.707107 -0.707107
    outer loop
      vertex 9.57417 0.516617 0.978097
      vertex 30.9385 0.978097 0.516617
      vertex 30.9385 0.516617 0.978097
    endloop
  endfacet
  facet normal 0 -0.707107 -0.707107
    outer loop
      vertex -30.9385 0.978097 0.516617
      vertex -9.57417 0.516617 0.978097
      vertex -30.9385 0.516617 0.978097
    endloop
  endfacet
  facet normal 0 -0.707107 -0.707107
    outer loop
      vertex -9.57417 0.516617 0.978097
      vertex -30.9385 0.978097 0.516617
      vertex -9.51021 0.978097 0.516617
    endloop
  endfacet
  facet normal -0.524218 -0.475197 -0.70667
    outer loop
      vertex -34.3327 2.01348 0.978097
      vertex -33.8418 2.15821 0.516617
      vertex -34.1681 1.8319 0.978097
    endloop
  endfacet
  facet normal -0.524324 -0.475004 -0.706722
    outer loop
      vertex -33.8418 2.15821 0.516617
      vertex -34.3327 2.01348 0.978097
      vertex -34.0063 2.33979 0.516617
    endloop
  endfacet
  facet normal -0.432359 -0.563357 -0.704056
    outer loop
      vertex -33.5758 1.35215 0.978097
      vertex -33.9865 1.66735 0.978097
      vertex -33.6602 1.99366 0.516617
    endloop
  endfacet
  facet normal -0.403554 -0.299339 -0.864604
    outer loop
      vertex -34.2482 2.65499 0.516617
      vertex -33.9047 3.13442 0.190302
      vertex -33.7587 2.93759 0.190302
    endloop
  endfacet
  facet normal -0.403564 -0.299331 -0.864602
    outer loop
      vertex -33.9047 3.13442 0.190302
      vertex -34.2482 2.65499 0.516617
      vertex -34.3942 2.85183 0.516617
    endloop
  endfacet
  facet normal -0.432287 -0.563371 -0.704089
    outer loop
      vertex -33.5758 1.35215 0.978097
      vertex -33.6602 1.99366 0.516617
      vertex -33.345 1.7518 0.516617
    endloop
  endfacet
  facet normal -0.499996 0 -0.866028
    outer loop
      vertex -35.0219 5.06149 0.516617
      vertex -34.4567 14 0.190302
      vertex -34.4567 5.06149 0.190302
    endloop
  endfacet
  facet normal -0.499996 0 -0.866028
    outer loop
      vertex -34.4567 14 0.190302
      vertex -35.0219 5.06149 0.516617
      vertex -35.0219 14 0.516617
    endloop
  endfacet
  facet normal -0.803181 -0.595735 0
    outer loop
      vertex -35.0767 2.17663 2.17369
      vertex -35.2227 2.37347 7
      vertex -35.2227 2.37347 2.17369
    endloop
  endfacet
  facet normal -0.803181 -0.595735 0
    outer loop
      vertex -35.2227 2.37347 7
      vertex -35.0767 2.17663 2.17369
      vertex -35.0767 2.17663 7
    endloop
  endfacet
  facet normal -0.958223 -0.126218 -0.256667
    outer loop
      vertex -35.8791 4.11368 2.17369
      vertex -35.9636 4.75519 2.17369
      vertex -35.716 4.15739 1.54329
    endloop
  endfacet
  facet normal 0.258667 -0.0340544 -0.965366
    outer loop
      vertex 34.4091 4.50757 0.190302
      vertex 33.8113 4.75519 0.0213881
      vertex 34.4417 4.75519 0.190302
    endloop
  endfacet
  facet normal 0.453152 -0.214247 -0.865304
    outer loop
      vertex 34.0307 3.34458 0.190302
      vertex 34.6249 3.28344 0.516617
      vertex 34.5202 3.06199 0.516617
    endloop
  endfacet
  facet normal 0.453152 -0.214247 -0.865304
    outer loop
      vertex 34.6249 3.28344 0.516617
      vertex 34.0307 3.34458 0.190302
      vertex 34.1354 3.56603 0.190302
    endloop
  endfacet
  facet normal -0.412994 -0.873416 -0.258033
    outer loop
      vertex -33.3319 0.797594 1.54329
      vertex -33.1949 0.546575 2.17369
      vertex -33.4164 0.651311 2.17369
    endloop
  endfacet
  facet normal -0.413153 -0.873358 -0.257975
    outer loop
      vertex -33.1949 0.546575 2.17369
      vertex -33.3319 0.797594 1.54329
      vertex -33.1105 0.692858 1.54329
    endloop
  endfacet
  facet normal 0 -0.258817 -0.965926
    outer loop
      vertex 9.46498 1.54329 0.190302
      vertex 30.9385 2.17369 0.0213881
      vertex 30.9385 1.54329 0.190302
    endloop
  endfacet
  facet normal -0 -0.258817 -0.965926
    outer loop
      vertex 30.9385 2.17369 0.0213881
      vertex 9.46498 1.54329 0.190302
      vertex 9.44156 2.17369 0.0213881
    endloop
  endfacet
  facet normal 0 -0.258817 -0.965926
    outer loop
      vertex -30.9385 2.17369 0.0213881
      vertex -9.46498 1.54329 0.190302
      vertex -30.9385 1.54329 0.190302
    endloop
  endfacet
  facet normal 0 -0.258817 -0.965926
    outer loop
      vertex -9.46498 1.54329 0.190302
      vertex -30.9385 2.17369 0.0213881
      vertex -9.44156 2.17369 0.0213881
    endloop
  endfacet
  facet normal -0.608794 -0.793329 0
    outer loop
      vertex -34.3367 1.31717 2.17369
      vertex -33.8234 0.923268 7
      vertex -34.3367 1.31717 7
    endloop
  endfacet
  facet normal -0.608794 -0.793329 -0
    outer loop
      vertex -33.8234 0.923268 7
      vertex -34.3367 1.31717 2.17369
      vertex -33.8234 0.923268 2.17369
    endloop
  endfacet
  facet normal -0.336942 -0.941525 0
    outer loop
      vertex -32.5971 0.298961 2.17369
      vertex -32.3663 0.216365 7
      vertex -32.5971 0.298961 7
    endloop
  endfacet
  facet normal -0.336942 -0.941525 -0
    outer loop
      vertex -32.3663 0.216365 7
      vertex -32.5971 0.298961 2.17369
      vertex -32.3663 0.216365 2.17369
    endloop
  endfacet
  facet normal -0.741102 -0.671392 0
    outer loop
      vertex -34.5183 1.48172 2.17369
      vertex -34.6828 1.6633 7
      vertex -34.6828 1.6633 2.17369
    endloop
  endfacet
  facet normal -0.741102 -0.671392 0
    outer loop
      vertex -34.6828 1.6633 7
      vertex -34.5183 1.48172 2.17369
      vertex -34.5183 1.48172 7
    endloop
  endfacet
  facet normal -0.742783 -0.44533 -0.499954
    outer loop
      vertex -34.7938 2.62109 0.978097
      vertex -35.2024 2.66809 1.54329
      vertex -34.9198 2.83125 0.978097
    endloop
  endfacet
  facet normal -0.742783 -0.44533 -0.499954
    outer loop
      vertex -35.2024 2.66809 1.54329
      vertex -34.7938 2.62109 0.978097
      vertex -35.0764 2.45793 1.54329
    endloop
  endfacet
  facet normal 0 -1 0
    outer loop
      vertex -30.9385 0.0213881 2.17369
      vertex -21.2 0.0213881 7
      vertex -30.9385 0.0213881 7
    endloop
  endfacet
  facet normal 0 -1 0
    outer loop
      vertex -9.73989 0.0213881 2.17369
      vertex -21.2 0.0213881 7
      vertex -30.9385 0.0213881 2.17369
    endloop
  endfacet
  facet normal 0 -1 0
    outer loop
      vertex -21.2 0.0213881 7
      vertex -9.73989 0.0213881 2.17369
      vertex -10.4089 0.0213881 7
    endloop
  endfacet
  facet normal 0 -1 0
    outer loop
      vertex 9.73989 0.0213881 2.17369
      vertex 21.2 0.0213881 7
      vertex 10.4089 0.0213881 7
    endloop
  endfacet
  facet normal 0 -1 -0
    outer loop
      vertex 21.2 0.0213881 7
      vertex 9.73989 0.0213881 2.17369
      vertex 30.9385 0.0213881 2.17369
    endloop
  endfacet
  facet normal 0 -1 0
    outer loop
      vertex 21.2 0.0213881 7
      vertex 30.9385 0.0213881 2.17369
      vertex 30.9385 0.0213881 7
    endloop
  endfacet
  facet normal 0.671463 -0.741038 0
    outer loop
      vertex 34.3367 1.31717 2.17369
      vertex 34.5183 1.48172 7
      vertex 34.3367 1.31717 7
    endloop
  endfacet
  facet normal 0.671463 -0.741038 0
    outer loop
      vertex 34.5183 1.48172 7
      vertex 34.3367 1.31717 2.17369
      vertex 34.5183 1.48172 2.17369
    endloop
  endfacet
  facet normal -1 0 0
    outer loop
      vertex -35.9786 5.06149 2.17369
      vertex -35.9786 14 7
      vertex -35.9786 14 2.17369
    endloop
  endfacet
  facet normal -1 -0 0
    outer loop
      vertex -35.9786 14 7
      vertex -35.9786 5.06149 2.17369
      vertex -35.9786 5.06149 7
    endloop
  endfacet
  facet normal 0.369831 -0.892922 -0.256739
    outer loop
      vertex 32.5971 0.298961 2.17369
      vertex 32.5534 0.462118 1.54329
      vertex 33.1105 0.692858 1.54329
    endloop
  endfacet
  facet normal -0.209169 -0.155145 -0.965494
    outer loop
      vertex -33.7587 2.93759 0.190302
      vertex -33.3588 3.44962 0.0213881
      vertex -33.2128 3.25278 0.0213881
    endloop
  endfacet
  facet normal -0.209164 -0.155149 -0.965494
    outer loop
      vertex -33.3588 3.44962 0.0213881
      vertex -33.7587 2.93759 0.190302
      vertex -33.9047 3.13442 0.190302
    endloop
  endfacet
  facet normal 0.873436 -0.412954 -0.258029
    outer loop
      vertex 35.4534 2.80508 2.17369
      vertex 35.2024 2.66809 1.54329
      vertex 35.3071 2.88954 1.54329
    endloop
  endfacet
  facet normal 0.873436 -0.412954 -0.258029
    outer loop
      vertex 35.2024 2.66809 1.54329
      vertex 35.4534 2.80508 2.17369
      vertex 35.3487 2.58363 2.17369
    endloop
  endfacet
  facet normal 0.569954 -0.422456 -0.704757
    outer loop
      vertex 34.6479 2.42425 0.978097
      vertex 34.3942 2.85183 0.516617
      vertex 34.7938 2.62109 0.978097
    endloop
  endfacet
  facet normal 0.569777 -0.422614 -0.704806
    outer loop
      vertex 34.3942 2.85183 0.516617
      vertex 34.6479 2.42425 0.978097
      vertex 34.2482 2.65499 0.516617
    endloop
  endfacet
  facet normal -0.528374 -0.688463 -0.49683
    outer loop
      vertex -33.5758 1.35215 0.978097
      vertex -34.2173 1.43661 1.54329
      vertex -33.9865 1.66735 0.978097
    endloop
  endfacet
  facet normal -0 -0.866025 -0.500001
    outer loop
      vertex 30.9385 0.516617 0.978097
      vertex 9.65251 0.190302 1.54329
      vertex 9.57417 0.516617 0.978097
    endloop
  endfacet
  facet normal 0 -0.866025 -0.500001
    outer loop
      vertex 9.65251 0.190302 1.54329
      vertex 30.9385 0.516617 0.978097
      vertex 30.9385 0.190302 1.54329
    endloop
  endfacet
  facet normal 0 -0.866025 -0.500001
    outer loop
      vertex -30.9385 0.516617 0.978097
      vertex -9.65251 0.190302 1.54329
      vertex -30.9385 0.190302 1.54329
    endloop
  endfacet
  facet normal 0 -0.866025 -0.500001
    outer loop
      vertex -9.65251 0.190302 1.54329
      vertex -30.9385 0.516617 0.978097
      vertex -9.57417 0.516617 0.978097
    endloop
  endfacet
  facet normal -0.575559 -0.776237 -0.257272
    outer loop
      vertex -33.7389 1.06955 1.54329
      vertex -33.6265 0.777272 2.17369
      vertex -33.8234 0.923268 2.17369
    endloop
  endfacet
  facet normal -0.575759 -0.776118 -0.257181
    outer loop
      vertex -33.6265 0.777272 2.17369
      vertex -33.7389 1.06955 1.54329
      vertex -33.5421 0.923555 1.54329
    endloop
  endfacet
  facet normal 0.0245519 -0.49985 -0.865764
    outer loop
      vertex 30.9385 1.54329 0.190302
      vertex 31.2448 0.993142 0.516617
      vertex 30.9385 0.978097 0.516617
    endloop
  endfacet
  facet normal 0.0245599 -0.499847 -0.865766
    outer loop
      vertex 31.2448 0.993142 0.516617
      vertex 30.9385 1.54329 0.190302
      vertex 31.2448 1.55834 0.190302
    endloop
  endfacet
  facet normal -0.302898 -0.640267 -0.705912
    outer loop
      vertex -32.9473 0.975455 0.978097
      vertex -32.938 1.47985 0.516617
      vertex -32.7166 1.37511 0.516617
    endloop
  endfacet
  facet normal -0.302761 -0.640297 -0.705943
    outer loop
      vertex -32.938 1.47985 0.516617
      vertex -32.9473 0.975455 0.978097
      vertex -33.1688 1.08019 0.978097
    endloop
  endfacet
  facet normal -0.86047 -0.113145 -0.49678
    outer loop
      vertex -35.4008 4.24185 0.978097
      vertex -35.716 4.15739 1.54329
      vertex -35.4683 4.75519 0.978097
    endloop
  endfacet
  facet normal -0.685942 -0.171767 -0.707092
    outer loop
      vertex -35.3648 3.99951 0.978097
      vertex -34.8595 3.88134 0.516617
      vertex -35.3053 3.7619 0.978097
    endloop
  endfacet
  facet normal -0.685944 -0.172056 -0.70702
    outer loop
      vertex -34.8595 3.88134 0.516617
      vertex -35.3648 3.99951 0.978097
      vertex -34.9191 4.11895 0.516617
    endloop
  endfacet
  facet normal 0.258796 -0.0126737 -0.965849
    outer loop
      vertex 34.4417 4.75519 0.190302
      vertex 33.8263 5.06149 0.0213881
      vertex 34.4567 5.06149 0.190302
    endloop
  endfacet
  facet normal 0.258796 -0.0126737 -0.965849
    outer loop
      vertex 33.8263 5.06149 0.0213881
      vertex 34.4417 4.75519 0.190302
      vertex 33.8113 4.75519 0.0213881
    endloop
  endfacet
  facet normal 0.209164 -0.155149 -0.965494
    outer loop
      vertex 33.7587 2.93759 0.190302
      vertex 33.3588 3.44962 0.0213881
      vertex 33.9047 3.13442 0.190302
    endloop
  endfacet
  facet normal 0.209169 -0.155145 -0.965494
    outer loop
      vertex 33.3588 3.44962 0.0213881
      vertex 33.7587 2.93759 0.190302
      vertex 33.2128 3.25278 0.0213881
    endloop
  endfacet
  facet normal 0.158787 -0.207009 -0.965367
    outer loop
      vertex 33.0624 2.24128 0.190302
      vertex 32.8148 2.83907 0.0213881
      vertex 33.2606 2.39331 0.190302
    endloop
  endfacet
  facet normal 0.257584 -0.0382645 -0.965498
    outer loop
      vertex 33.7642 4.42839 0.0213881
      vertex 34.4091 4.50757 0.190302
      vertex 34.3731 4.26523 0.190302
    endloop
  endfacet
  facet normal 0.257584 -0.0382645 -0.965498
    outer loop
      vertex 34.4091 4.50757 0.190302
      vertex 33.7642 4.42839 0.0213881
      vertex 33.8002 4.67073 0.0213881
    endloop
  endfacet
  facet normal -0.588319 -0.766773 -0.256786
    outer loop
      vertex -33.8234 0.923268 2.17369
      vertex -34.2173 1.43661 1.54329
      vertex -33.7389 1.06955 1.54329
    endloop
  endfacet
  facet normal -0.648626 -0.715834 -0.258582
    outer loop
      vertex -34.3988 1.60116 1.54329
      vertex -34.3367 1.31717 2.17369
      vertex -34.5183 1.48172 2.17369
    endloop
  endfacet
  facet normal -0.648839 -0.715675 -0.258489
    outer loop
      vertex -34.3367 1.31717 2.17369
      vertex -34.3988 1.60116 1.54329
      vertex -34.2173 1.43661 1.54329
    endloop
  endfacet
  facet normal 0.766762 -0.588369 -0.256704
    outer loop
      vertex 34.6828 1.6633 2.17369
      vertex 34.5634 1.78274 1.54329
      vertex 35.0767 2.17663 2.17369
    endloop
  endfacet
  facet normal 0.640367 -0.302761 -0.70588
    outer loop
      vertex 34.5202 3.06199 0.516617
      vertex 35.0245 3.0527 0.978097
      vertex 34.9198 2.83125 0.978097
    endloop
  endfacet
  facet normal 0.640367 -0.302761 -0.70588
    outer loop
      vertex 35.0245 3.0527 0.978097
      vertex 34.5202 3.06199 0.516617
      vertex 34.6249 3.28344 0.516617
    endloop
  endfacet
  facet normal 0.894401 -0.36626 -0.256713
    outer loop
      vertex 35.5953 3.42244 1.77773
      vertex 35.5379 3.44659 1.54329
      vertex 35.5955 3.43115 1.766
    endloop
  endfacet
  facet normal 0.892876 -0.369915 -0.256779
    outer loop
      vertex 35.3071 2.88954 1.54329
      vertex 35.5953 3.42244 1.77773
      vertex 35.6048 3.27744 2.01965
    endloop
  endfacet
  facet normal 0.892881 -0.369943 -0.25672
    outer loop
      vertex 35.5953 3.42244 1.77773
      vertex 35.3071 2.88954 1.54329
      vertex 35.5379 3.44659 1.54329
    endloop
  endfacet
  facet normal 0.608794 -0.793329 0
    outer loop
      vertex 33.8234 0.923268 2.17369
      vertex 34.3367 1.31717 7
      vertex 33.8234 0.923268 7
    endloop
  endfacet
  facet normal 0.608794 -0.793329 0
    outer loop
      vertex 34.3367 1.31717 7
      vertex 33.8234 0.923268 2.17369
      vertex 34.3367 1.31717 2.17369
    endloop
  endfacet
  facet normal 0.923889 -0.382661 0
    outer loop
      vertex 35.4534 2.80508 7
      vertex 35.701 3.40288 5.18962
      vertex 35.701 3.40288 7
    endloop
  endfacet
  facet normal 0.924007 -0.382375 0.00011088
    outer loop
      vertex 35.701 3.40288 5.18962
      vertex 35.4534 2.80508 7
      vertex 35.6444 3.26604 4.96133
    endloop
  endfacet
  facet normal 0.923825 -0.382814 -5.59568e-06
    outer loop
      vertex 35.6444 3.26604 4.96133
      vertex 35.4534 2.80508 7
      vertex 35.5905 3.13597 4.68632
    endloop
  endfacet
  facet normal 0.923751 -0.382994 -3.5674e-05
    outer loop
      vertex 35.5905 3.13597 4.68632
      vertex 35.4534 2.80508 7
      vertex 35.548 3.03349 4.39988
    endloop
  endfacet
  facet normal 0.923678 -0.38317 -1.99892e-05
    outer loop
      vertex 35.4989 2.91493 3.80385
      vertex 35.4534 2.80508 7
      vertex 35.4927 2.9 3.5
    endloop
  endfacet
  facet normal 0.923824 -0.382818 -5.80895e-06
    outer loop
      vertex 35.5174 2.95957 4.10478
      vertex 35.4534 2.80508 7
      vertex 35.4989 2.91493 3.80385
    endloop
  endfacet
  facet normal 0.923944 -0.382527 1.24068e-05
    outer loop
      vertex 35.548 3.03349 4.39988
      vertex 35.4534 2.80508 7
      vertex 35.5174 2.95957 4.10478
    endloop
  endfacet
  facet normal 0.92387 -0.382707 -0.000205676
    outer loop
      vertex 35.5905 3.13597 2.31368
      vertex 35.4534 2.80508 2.17369
      vertex 35.6179 3.20219 2.17369
    endloop
  endfacet
  facet normal 0.923823 -0.38282 0.000108504
    outer loop
      vertex 35.548 3.03349 2.60012
      vertex 35.4534 2.80508 2.17369
      vertex 35.5905 3.13597 2.31368
    endloop
  endfacet
  facet normal 0.923916 -0.382595 -3.25575e-05
    outer loop
      vertex 35.5174 2.95957 2.89522
      vertex 35.4534 2.80508 2.17369
      vertex 35.548 3.03349 2.60012
    endloop
  endfacet
  facet normal 0.923841 -0.382777 1.29714e-05
    outer loop
      vertex 35.4989 2.91493 3.19615
      vertex 35.4534 2.80508 2.17369
      vertex 35.5174 2.95957 2.89522
    endloop
  endfacet
  facet normal 0.923774 -0.382938 3.33288e-05
    outer loop
      vertex 35.4927 2.9 3.5
      vertex 35.4534 2.80508 2.17369
      vertex 35.4989 2.91493 3.19615
    endloop
  endfacet
  facet normal 0.923939 -0.382541 0
    outer loop
      vertex 35.4534 2.80508 2.17369
      vertex 35.4927 2.9 3.5
      vertex 35.4534 2.80508 7
    endloop
  endfacet
  facet normal 0.499846 -0.0244783 -0.865768
    outer loop
      vertex 35.0069 4.75519 0.516617
      vertex 34.4567 5.06149 0.190302
      vertex 35.0219 5.06149 0.516617
    endloop
  endfacet
  facet normal 0.499846 -0.0244783 -0.865768
    outer loop
      vertex 34.4567 5.06149 0.190302
      vertex 35.0069 4.75519 0.516617
      vertex 34.4417 4.75519 0.190302
    endloop
  endfacet
  facet normal 0.641844 -0.581824 -0.499517
    outer loop
      vertex 34.5634 1.78274 1.54329
      vertex 34.1681 1.8319 0.978097
      vertex 34.3327 2.01348 0.978097
    endloop
  endfacet
  facet normal 0.641844 -0.581824 -0.499517
    outer loop
      vertex 34.1681 1.8319 0.978097
      vertex 34.5634 1.78274 1.54329
      vertex 34.3988 1.60116 1.54329
    endloop
  endfacet
  facet normal 0.563337 -0.432333 -0.704088
    outer loop
      vertex 34.6479 2.42425 0.978097
      vertex 34.0063 2.33979 0.516617
      vertex 34.2482 2.65499 0.516617
    endloop
  endfacet
  facet normal -0.258796 -0.0126737 -0.965849
    outer loop
      vertex -34.4417 4.75519 0.190302
      vertex -33.8263 5.06149 0.0213881
      vertex -33.8113 4.75519 0.0213881
    endloop
  endfacet
  facet normal -0.258796 -0.0126737 -0.965849
    outer loop
      vertex -33.8263 5.06149 0.0213881
      vertex -34.4417 4.75519 0.190302
      vertex -34.4567 5.06149 0.190302
    endloop
  endfacet
  facet normal 0.70698 -0.000474991 -0.707233
    outer loop
      vertex 35.0219 5.06149 0.516617
      vertex 35.0388 5.10012 0.533485
      vertex 35.0526 5.06149 0.547306
    endloop
  endfacet
  facet normal 0.706436 0 -0.707777
    outer loop
      vertex 35.0388 5.10012 0.533485
      vertex 35.0219 5.06149 0.516617
      vertex 35.0219 5.16746 0.516617
    endloop
  endfacet
  facet normal 0.707091 0 -0.707122
    outer loop
      vertex 35.4834 7.79731 0.978097
      vertex 35.0219 14 0.516617
      vertex 35.4834 14 0.978097
    endloop
  endfacet
  facet normal 0.706834 -3.82915e-05 -0.707379
    outer loop
      vertex 35.4277 7.72227 0.922444
      vertex 35.0219 14 0.516617
      vertex 35.4834 7.79731 0.978097
    endloop
  endfacet
  facet normal 0.707107 -3.00895e-06 -0.707107
    outer loop
      vertex 35.2713 7.46133 0.766045
      vertex 35.0219 14 0.516617
      vertex 35.4277 7.72227 0.922444
    endloop
  endfacet
  facet normal 0.707288 1.08256e-05 -0.706925
    outer loop
      vertex 35.1413 7.18632 0.635974
      vertex 35.0219 14 0.516617
      vertex 35.2713 7.46133 0.766045
    endloop
  endfacet
  facet normal 0.707065 2.9866e-06 -0.707149
    outer loop
      vertex 35.0388 6.89988 0.533485
      vertex 35.0219 14 0.516617
      vertex 35.1413 7.18632 0.635974
    endloop
  endfacet
  facet normal 0.706436 0 -0.707777
    outer loop
      vertex 35.0219 14 0.516617
      vertex 35.0388 6.89988 0.533485
      vertex 35.0219 6.83254 0.516617
    endloop
  endfacet
  facet normal 0.499996 0 -0.866028
    outer loop
      vertex 34.4567 5.06149 0.190302
      vertex 35.0219 5.16746 0.516617
      vertex 35.0219 5.06149 0.516617
    endloop
  endfacet
  facet normal 0.499884 6.48345e-05 -0.866092
    outer loop
      vertex 34.8458 5.69615 0.414927
      vertex 34.4567 5.06149 0.190302
      vertex 34.8199 6 0.400001
    endloop
  endfacet
  facet normal 0.499999 -2.87843e-05 -0.866026
    outer loop
      vertex 34.9231 5.39522 0.459566
      vertex 34.4567 5.06149 0.190302
      vertex 34.8458 5.69615 0.414927
    endloop
  endfacet
  facet normal 0.500001 -3.29936e-05 -0.866025
    outer loop
      vertex 35.0219 5.16746 0.516617
      vertex 34.4567 5.06149 0.190302
      vertex 34.9231 5.39522 0.459566
    endloop
  endfacet
  facet normal 0.500048 5.48775e-06 -0.865998
    outer loop
      vertex 34.4567 14 0.190302
      vertex 35.0219 6.83254 0.516617
      vertex 34.9231 6.60478 0.459566
    endloop
  endfacet
  facet normal 0.500063 6.71673e-06 -0.865989
    outer loop
      vertex 34.4567 14 0.190302
      vertex 34.9231 6.60478 0.459566
      vertex 34.8458 6.30385 0.414927
    endloop
  endfacet
  facet normal 0.500206 -0.000101441 -0.865906
    outer loop
      vertex 34.4567 5.06149 0.190302
      vertex 34.8458 6.30385 0.414927
      vertex 34.8199 6 0.400001
    endloop
  endfacet
  facet normal 0.499963 0 -0.866047
    outer loop
      vertex 34.8458 6.30385 0.414927
      vertex 34.4567 5.06149 0.190302
      vertex 34.4567 14 0.190302
    endloop
  endfacet
  facet normal 0.499996 0 -0.866028
    outer loop
      vertex 35.0219 6.83254 0.516617
      vertex 34.4567 14 0.190302
      vertex 35.0219 14 0.516617
    endloop
  endfacet
  facet normal 0.965932 0 -0.258797
    outer loop
      vertex 35.9786 8.79781 2.17369
      vertex 35.8097 14 1.54329
      vertex 35.9786 14 2.17369
    endloop
  endfacet
  facet normal 0.96589 -2.02919e-05 -0.258954
    outer loop
      vertex 35.9424 8.73396 2.03867
      vertex 35.8097 14 1.54329
      vertex 35.9786 8.79781 2.17369
    endloop
  endfacet
  facet normal 0.965943 -2.15601e-07 -0.258754
    outer loop
      vertex 35.8725 8.57756 1.77773
      vertex 35.8097 14 1.54329
      vertex 35.9424 8.73396 2.03867
    endloop
  endfacet
  facet normal 0.965944 0 -0.25875
    outer loop
      vertex 35.8097 14 1.54329
      vertex 35.8725 8.57756 1.77773
      vertex 35.8097 8.40368 1.54329
    endloop
  endfacet
  facet normal 0.76674 -0.588419 -0.256655
    outer loop
      vertex 35.0767 2.17663 2.17369
      vertex 34.5634 1.78274 1.54329
      vertex 34.9305 2.26109 1.54329
    endloop
  endfacet
  facet normal -0.514199 -0.857671 0
    outer loop
      vertex -33.6265 0.777272 2.17369
      vertex -33.4164 0.651311 7
      vertex -33.6265 0.777272 7
    endloop
  endfacet
  facet normal -0.514199 -0.857671 -0
    outer loop
      vertex -33.4164 0.651311 7
      vertex -33.6265 0.777272 2.17369
      vertex -33.4164 0.651311 2.17369
    endloop
  endfacet
  facet normal -0.581866 -0.641803 -0.499521
    outer loop
      vertex -34.1681 1.8319 0.978097
      vertex -34.2173 1.43661 1.54329
      vertex -34.3988 1.60116 1.54329
    endloop
  endfacet
  facet normal -0.581662 -0.641931 -0.499594
    outer loop
      vertex -34.2173 1.43661 1.54329
      vertex -34.1681 1.8319 0.978097
      vertex -33.9865 1.66735 0.978097
    endloop
  endfacet
  facet normal -0.306357 -0.399255 -0.864142
    outer loop
      vertex -33.345 1.7518 0.516617
      vertex -33.6602 1.99366 0.516617
      vertex -33.2606 2.39331 0.190302
    endloop
  endfacet
  facet normal -0.528315 -0.688568 -0.496746
    outer loop
      vertex -33.7389 1.06955 1.54329
      vertex -34.2173 1.43661 1.54329
      vertex -33.5758 1.35215 0.978097
    endloop
  endfacet
  facet normal 0.1689 -0.471939 -0.865301
    outer loop
      vertex 31.9724 1.68641 0.190302
      vertex 32.3495 1.22307 0.516617
      vertex 32.1187 1.14047 0.516617
    endloop
  endfacet
  facet normal 0.1689 -0.471939 -0.865301
    outer loop
      vertex 32.3495 1.22307 0.516617
      vertex 31.9724 1.68641 0.190302
      vertex 32.2032 1.76901 0.190302
    endloop
  endfacet
  facet normal 0 -0.500001 -0.866025
    outer loop
      vertex 9.51021 0.978097 0.516617
      vertex 30.9385 1.54329 0.190302
      vertex 30.9385 0.978097 0.516617
    endloop
  endfacet
  facet normal -0 -0.500001 -0.866025
    outer loop
      vertex 30.9385 1.54329 0.190302
      vertex 9.51021 0.978097 0.516617
      vertex 9.46498 1.54329 0.190302
    endloop
  endfacet
  facet normal 0 -0.500001 -0.866025
    outer loop
      vertex -30.9385 1.54329 0.190302
      vertex -9.51021 0.978097 0.516617
      vertex -30.9385 0.978097 0.516617
    endloop
  endfacet
  facet normal 0 -0.500001 -0.866025
    outer loop
      vertex -9.51021 0.978097 0.516617
      vertex -30.9385 1.54329 0.190302
      vertex -9.46498 1.54329 0.190302
    endloop
  endfacet
  facet normal 0.158804 -0.207002 -0.965366
    outer loop
      vertex 33.0624 2.24128 0.190302
      vertex 32.7472 2.78721 0.0213881
      vertex 32.8148 2.83907 0.0213881
    endloop
  endfacet
  facet normal -0.998803 -0.048913 0
    outer loop
      vertex -35.9636 4.75519 2.17369
      vertex -35.9786 5.06149 7
      vertex -35.9786 5.06149 2.17369
    endloop
  endfacet
  facet normal -0.998803 -0.048913 0
    outer loop
      vertex -35.9786 5.06149 7
      vertex -35.9636 4.75519 2.17369
      vertex -35.9636 4.75519 7
    endloop
  endfacet
  facet normal -0.453152 -0.214247 -0.865304
    outer loop
      vertex -34.6249 3.28344 0.516617
      vertex -34.0307 3.34458 0.190302
      vertex -34.5202 3.06199 0.516617
    endloop
  endfacet
  facet normal -0.453152 -0.214247 -0.865304
    outer loop
      vertex -34.0307 3.34458 0.190302
      vertex -34.6249 3.28344 0.516617
      vertex -34.1354 3.56603 0.190302
    endloop
  endfacet
  facet normal -0.1689 -0.471939 -0.865301
    outer loop
      vertex -32.3495 1.22307 0.516617
      vertex -31.9724 1.68641 0.190302
      vertex -32.1187 1.14047 0.516617
    endloop
  endfacet
  facet normal -0.1689 -0.471939 -0.865301
    outer loop
      vertex -31.9724 1.68641 0.190302
      vertex -32.3495 1.22307 0.516617
      vertex -32.2032 1.76901 0.190302
    endloop
  endfacet
  facet normal -0.158804 -0.207002 -0.965366
    outer loop
      vertex -32.7472 2.78721 0.0213881
      vertex -33.0624 2.24128 0.190302
      vertex -32.8148 2.83907 0.0213881
    endloop
  endfacet
  facet normal -0.641844 -0.581824 -0.499517
    outer loop
      vertex -34.1681 1.8319 0.978097
      vertex -34.5634 1.78274 1.54329
      vertex -34.3327 2.01348 0.978097
    endloop
  endfacet
  facet normal -0.641844 -0.581824 -0.499517
    outer loop
      vertex -34.5634 1.78274 1.54329
      vertex -34.1681 1.8319 0.978097
      vertex -34.3988 1.60116 1.54329
    endloop
  endfacet
  facet normal -0.606533 -0.363642 -0.707024
    outer loop
      vertex -34.7938 2.62109 0.978097
      vertex -34.5202 3.06199 0.516617
      vertex -34.3942 2.85183 0.516617
    endloop
  endfacet
  facet normal -0.606533 -0.363642 -0.707024
    outer loop
      vertex -34.5202 3.06199 0.516617
      vertex -34.7938 2.62109 0.978097
      vertex -34.9198 2.83125 0.978097
    endloop
  endfacet
  facet normal -0.776336 -0.575429 -0.257263
    outer loop
      vertex -34.9305 2.26109 1.54329
      vertex -35.2227 2.37347 2.17369
      vertex -35.0764 2.45793 1.54329
    endloop
  endfacet
  facet normal -0.776174 -0.575703 -0.257139
    outer loop
      vertex -35.2227 2.37347 2.17369
      vertex -34.9305 2.26109 1.54329
      vertex -35.0767 2.17663 2.17369
    endloop
  endfacet
  facet normal -0.671463 -0.741038 0
    outer loop
      vertex -34.5183 1.48172 2.17369
      vertex -34.3367 1.31717 7
      vertex -34.5183 1.48172 7
    endloop
  endfacet
  facet normal -0.671463 -0.741038 -0
    outer loop
      vertex -34.3367 1.31717 7
      vertex -34.5183 1.48172 2.17369
      vertex -34.3367 1.31717 2.17369
    endloop
  endfacet
  facet normal -0.588391 -0.766742 -0.256716
    outer loop
      vertex -33.8234 0.923268 2.17369
      vertex -34.3367 1.31717 2.17369
      vertex -34.2173 1.43661 1.54329
    endloop
  endfacet
  facet normal -0.234738 -0.936981 -0.258777
    outer loop
      vertex -32.3226 0.379522 1.54329
      vertex -32.1287 0.15684 2.17369
      vertex -32.3663 0.216365 2.17369
    endloop
  endfacet
  facet normal -0.234639 -0.936995 -0.258813
    outer loop
      vertex -32.1287 0.15684 2.17369
      vertex -32.3226 0.379522 1.54329
      vertex -32.0849 0.319998 1.54329
    endloop
  endfacet
  facet normal -0.496688 -0.828465 -0.258742
    outer loop
      vertex -33.5421 0.923555 1.54329
      vertex -33.4164 0.651311 2.17369
      vertex -33.6265 0.777272 2.17369
    endloop
  endfacet
  facet normal -0.496504 -0.828552 -0.258816
    outer loop
      vertex -33.4164 0.651311 2.17369
      vertex -33.5421 0.923555 1.54329
      vertex -33.3319 0.797594 1.54329
    endloop
  endfacet
  facet normal -0.793347 -0.608769 0
    outer loop
      vertex -34.6828 1.6633 2.17369
      vertex -35.0767 2.17663 7
      vertex -35.0767 2.17663 2.17369
    endloop
  endfacet
  facet normal -0.793347 -0.608769 0
    outer loop
      vertex -35.0767 2.17663 7
      vertex -34.6828 1.6633 2.17369
      vertex -34.6828 1.6633 7
    endloop
  endfacet
  facet normal -0.857666 -0.514208 0
    outer loop
      vertex -35.2227 2.37347 2.17369
      vertex -35.3487 2.58363 7
      vertex -35.3487 2.58363 2.17369
    endloop
  endfacet
  facet normal -0.857666 -0.514208 0
    outer loop
      vertex -35.3487 2.58363 7
      vertex -35.2227 2.37347 2.17369
      vertex -35.2227 2.37347 7
    endloop
  endfacet
  facet normal -0.892895 -0.369949 -0.256665
    outer loop
      vertex -35.3071 2.88954 1.54329
      vertex -35.701 3.40288 2.17369
      vertex -35.5379 3.44659 1.54329
    endloop
  endfacet
  facet normal 0.332094 -0.801811 -0.496803
    outer loop
      vertex 32.5534 0.462118 1.54329
      vertex 32.4689 0.777314 0.978097
      vertex 33.1105 0.692858 1.54329
    endloop
  endfacet
  facet normal 0.80178 -0.332198 -0.496783
    outer loop
      vertex 35.3071 2.88954 1.54329
      vertex 35.2227 3.53105 0.978097
      vertex 35.5379 3.44659 1.54329
    endloop
  endfacet
  facet normal 0.696875 -0.516532 -0.497554
    outer loop
      vertex 35.0764 2.45793 1.54329
      vertex 34.6479 2.42425 0.978097
      vertex 34.7938 2.62109 0.978097
    endloop
  endfacet
  facet normal 0.696875 -0.516532 -0.497554
    outer loop
      vertex 34.6479 2.42425 0.978097
      vertex 35.0764 2.45793 1.54329
      vertex 34.9305 2.26109 1.54329
    endloop
  endfacet
  facet normal 0.803181 -0.595735 0
    outer loop
      vertex 35.0767 2.17663 7
      vertex 35.2227 2.37347 2.17369
      vertex 35.2227 2.37347 7
    endloop
  endfacet
  facet normal 0.803181 -0.595735 0
    outer loop
      vertex 35.2227 2.37347 2.17369
      vertex 35.0767 2.17663 7
      vertex 35.0767 2.17663 2.17369
    endloop
  endfacet
  facet normal 0.793347 -0.608769 0
    outer loop
      vertex 34.6828 1.6633 7
      vertex 35.0767 2.17663 2.17369
      vertex 35.0767 2.17663 7
    endloop
  endfacet
  facet normal 0.793347 -0.608769 0
    outer loop
      vertex 35.0767 2.17663 2.17369
      vertex 34.6828 1.6633 7
      vertex 34.6828 1.6633 2.17369
    endloop
  endfacet
  facet normal -0.866035 0 -0.499984
    outer loop
      vertex -35.4834 5.06149 0.978097
      vertex -35.8097 14 1.54329
      vertex -35.4834 14 0.978097
    endloop
  endfacet
  facet normal -0.866035 -0 -0.499984
    outer loop
      vertex -35.8097 14 1.54329
      vertex -35.4834 5.06149 0.978097
      vertex -35.8097 5.06149 1.54329
    endloop
  endfacet
  facet normal -0.258817 0 -0.965926
    outer loop
      vertex -34.4567 5.06149 0.190302
      vertex -33.8263 14 0.0213881
      vertex -33.8263 5.06149 0.0213881
    endloop
  endfacet
  facet normal -0.258817 0 -0.965926
    outer loop
      vertex -33.8263 14 0.0213881
      vertex -34.4567 5.06149 0.190302
      vertex -34.4567 14 0.190302
    endloop
  endfacet
  facet normal -0.707091 0 -0.707122
    outer loop
      vertex -35.0219 5.06149 0.516617
      vertex -35.4834 14 0.978097
      vertex -35.0219 14 0.516617
    endloop
  endfacet
  facet normal -0.707091 -0 -0.707122
    outer loop
      vertex -35.4834 14 0.978097
      vertex -35.0219 5.06149 0.516617
      vertex -35.4834 5.06149 0.978097
    endloop
  endfacet
  facet normal 1 -0 0
    outer loop
      vertex 35.9786 9.04043 4.10478
      vertex 35.9786 14 2.17369
      vertex 35.9786 14 7
    endloop
  endfacet
  facet normal 1 0 0
    outer loop
      vertex 35.9786 14 2.17369
      vertex 35.9786 9.08507 3.80385
      vertex 35.9786 9.1 3.5
    endloop
  endfacet
  facet normal 1 0 0
    outer loop
      vertex 35.9786 14 2.17369
      vertex 35.9786 9.04043 4.10478
      vertex 35.9786 9.08507 3.80385
    endloop
  endfacet
  facet normal 1 0 0
    outer loop
      vertex 35.9786 14 7
      vertex 35.9786 8.96651 4.39988
      vertex 35.9786 9.04043 4.10478
    endloop
  endfacet
  facet normal 1 0 0
    outer loop
      vertex 35.9786 14 7
      vertex 35.9786 8.86403 4.68632
      vertex 35.9786 8.96651 4.39988
    endloop
  endfacet
  facet normal 1 0 0
    outer loop
      vertex 35.9786 14 7
      vertex 35.9786 8.73396 4.96133
      vertex 35.9786 8.86403 4.68632
    endloop
  endfacet
  facet normal 1 0 0
    outer loop
      vertex 35.9786 14 7
      vertex 35.9786 8.57756 5.22227
      vertex 35.9786 8.73396 4.96133
    endloop
  endfacet
  facet normal 1 0 0
    outer loop
      vertex 35.9786 14 7
      vertex 35.9786 8.39633 5.46662
      vertex 35.9786 8.57756 5.22227
    endloop
  endfacet
  facet normal 1 0 0
    outer loop
      vertex 35.9786 14 7
      vertex 35.9786 8.19203 5.69203
      vertex 35.9786 8.39633 5.46662
    endloop
  endfacet
  facet normal 1 0 0
    outer loop
      vertex 35.9786 14 7
      vertex 35.9786 7.96662 5.89633
      vertex 35.9786 8.19203 5.69203
    endloop
  endfacet
  facet normal 1 0 0
    outer loop
      vertex 35.9786 14 7
      vertex 35.9786 7.72227 6.07756
      vertex 35.9786 7.96662 5.89633
    endloop
  endfacet
  facet normal 1 0 0
    outer loop
      vertex 35.9786 14 7
      vertex 35.9786 7.46133 6.23396
      vertex 35.9786 7.72227 6.07756
    endloop
  endfacet
  facet normal 1 0 0
    outer loop
      vertex 35.9786 14 7
      vertex 35.9786 7.18632 6.36403
      vertex 35.9786 7.46133 6.23396
    endloop
  endfacet
  facet normal 1 0 0
    outer loop
      vertex 35.9786 14 7
      vertex 35.9786 6.89988 6.46651
      vertex 35.9786 7.18632 6.36403
    endloop
  endfacet
  facet normal 1 0 0
    outer loop
      vertex 35.9786 14 7
      vertex 35.9786 6.60478 6.54043
      vertex 35.9786 6.89988 6.46651
    endloop
  endfacet
  facet normal 1 -0 0
    outer loop
      vertex 35.9786 5.06149 7
      vertex 35.9786 6.60478 6.54043
      vertex 35.9786 14 7
    endloop
  endfacet
  facet normal 1 0 0
    outer loop
      vertex 35.9786 6.60478 6.54043
      vertex 35.9786 5.06149 7
      vertex 35.9786 6.30385 6.58507
    endloop
  endfacet
  facet normal 1 0 0
    outer loop
      vertex 35.9786 6.30385 6.58507
      vertex 35.9786 5.06149 7
      vertex 35.9786 6 6.6
    endloop
  endfacet
  facet normal 1 0 0
    outer loop
      vertex 35.9786 6 6.6
      vertex 35.9786 5.06149 7
      vertex 35.9786 5.69615 6.58507
    endloop
  endfacet
  facet normal 1 0 0
    outer loop
      vertex 35.9786 5.06149 7
      vertex 35.9786 5.39522 6.54043
      vertex 35.9786 5.69615 6.58507
    endloop
  endfacet
  facet normal 1 0 0
    outer loop
      vertex 35.9786 5.06149 7
      vertex 35.9786 5.10012 6.46651
      vertex 35.9786 5.39522 6.54043
    endloop
  endfacet
  facet normal 1 0 0
    outer loop
      vertex 35.9786 5.10012 6.46651
      vertex 35.9786 5.06149 7
      vertex 35.9786 5.06149 6.45269
    endloop
  endfacet
  facet normal 1 -0 0
    outer loop
      vertex 35.9786 9.08507 3.19615
      vertex 35.9786 14 2.17369
      vertex 35.9786 9.1 3.5
    endloop
  endfacet
  facet normal 1 -0 0
    outer loop
      vertex 35.9786 9.04043 2.89522
      vertex 35.9786 14 2.17369
      vertex 35.9786 9.08507 3.19615
    endloop
  endfacet
  facet normal 1 -0 0
    outer loop
      vertex 35.9786 8.96651 2.60012
      vertex 35.9786 14 2.17369
      vertex 35.9786 9.04043 2.89522
    endloop
  endfacet
  facet normal 1 -0 0
    outer loop
      vertex 35.9786 8.86403 2.31368
      vertex 35.9786 14 2.17369
      vertex 35.9786 8.96651 2.60012
    endloop
  endfacet
  facet normal 1 0 0
    outer loop
      vertex 35.9786 14 2.17369
      vertex 35.9786 8.86403 2.31368
      vertex 35.9786 8.79781 2.17369
    endloop
  endfacet
  facet normal -0.191982 -0.174039 -0.965843
    outer loop
      vertex -33.6067 2.73944 0.190302
      vertex -32.9964 3.00362 0.0213881
      vertex -33.4421 2.55787 0.190302
    endloop
  endfacet
  facet normal -0.192019 -0.173958 -0.965851
    outer loop
      vertex -32.9964 3.00362 0.0213881
      vertex -33.6067 2.73944 0.190302
      vertex -33.1609 3.1852 0.0213881
    endloop
  endfacet
  facet normal 0.464884 -0.19261 -0.864167
    outer loop
      vertex 34.6249 3.28344 0.516617
      vertex 34.1354 3.56603 0.190302
      vertex 34.231 3.79677 0.190302
    endloop
  endfacet
  facet normal 0.685942 -0.171767 -0.707092
    outer loop
      vertex 34.8595 3.88134 0.516617
      vertex 35.3648 3.99951 0.978097
      vertex 35.3053 3.7619 0.978097
    endloop
  endfacet
  facet normal 0.685944 -0.172056 -0.70702
    outer loop
      vertex 35.3648 3.99951 0.978097
      vertex 34.8595 3.88134 0.516617
      vertex 34.9191 4.11895 0.516617
    endloop
  endfacet
  facet normal -0.399262 -0.306272 -0.864169
    outer loop
      vertex -33.6067 2.73944 0.190302
      vertex -34.2482 2.65499 0.516617
      vertex -33.7587 2.93759 0.190302
    endloop
  endfacet
  facet normal 0.38268 -0.923881 0
    outer loop
      vertex 32.5971 0.298961 2.17369
      vertex 33.1949 0.546575 7
      vertex 32.5971 0.298961 7
    endloop
  endfacet
  facet normal 0.38268 -0.923881 0
    outer loop
      vertex 33.1949 0.546575 7
      vertex 32.5971 0.298961 2.17369
      vertex 33.1949 0.546575 2.17369
    endloop
  endfacet
  facet normal 0.0382033 -0.257593 -0.965498
    outer loop
      vertex 31.4924 1.59094 0.190302
      vertex 31.5716 2.2358 0.0213881
      vertex 31.7348 1.62689 0.190302
    endloop
  endfacet
  facet normal 0.0382193 -0.257595 -0.965497
    outer loop
      vertex 31.5716 2.2358 0.0213881
      vertex 31.4924 1.59094 0.190302
      vertex 31.3293 2.19985 0.0213881
    endloop
  endfacet
  facet normal 0.445332 -0.742809 -0.499915
    outer loop
      vertex 33.3789 1.20615 0.978097
      vertex 33.3319 0.797594 1.54329
      vertex 33.1688 1.08019 0.978097
    endloop
  endfacet
  facet normal 0.445161 -0.742871 -0.499974
    outer loop
      vertex 33.3319 0.797594 1.54329
      vertex 33.3789 1.20615 0.978097
      vertex 33.5421 0.923555 1.54329
    endloop
  endfacet
  facet normal -0.428865 -0.257123 -0.866004
    outer loop
      vertex -34.3942 2.85183 0.516617
      vertex -34.0307 3.34458 0.190302
      vertex -33.9047 3.13442 0.190302
    endloop
  endfacet
  facet normal -0.428865 -0.257123 -0.866004
    outer loop
      vertex -34.0307 3.34458 0.190302
      vertex -34.3942 2.85183 0.516617
      vertex -34.5202 3.06199 0.516617
    endloop
  endfacet
  facet normal 0.306357 -0.399255 -0.864142
    outer loop
      vertex 33.345 1.7518 0.516617
      vertex 33.2606 2.39331 0.190302
      vertex 33.6602 1.99366 0.516617
    endloop
  endfacet
  facet normal 0.524218 -0.475197 -0.70667
    outer loop
      vertex 33.8418 2.15821 0.516617
      vertex 34.3327 2.01348 0.978097
      vertex 34.1681 1.8319 0.978097
    endloop
  endfacet
  facet normal 0.524324 -0.475004 -0.706722
    outer loop
      vertex 34.3327 2.01348 0.978097
      vertex 33.8418 2.15821 0.516617
      vertex 34.0063 2.33979 0.516617
    endloop
  endfacet
  facet normal 0.2347 -0.110965 -0.965714
    outer loop
      vertex 33.4847 3.65978 0.0213881
      vertex 34.1354 3.56603 0.190302
      vertex 34.0307 3.34458 0.190302
    endloop
  endfacet
  facet normal 0.234684 -0.111063 -0.965706
    outer loop
      vertex 34.1354 3.56603 0.190302
      vertex 33.4847 3.65978 0.0213881
      vertex 33.5895 3.88123 0.0213881
    endloop
  endfacet
  facet normal -0.241052 -0.0998511 -0.965362
    outer loop
      vertex -33.5895 3.88123 0.0213881
      vertex -34.1354 3.56603 0.190302
      vertex -33.6221 3.95993 0.0213881
    endloop
  endfacet
  facet normal -0.0926981 -0.704062 -0.704062
    outer loop
      vertex -31.2448 0.531662 0.978097
      vertex -31.7581 0.599244 0.978097
      vertex -31.2448 0.993142 0.516617
    endloop
  endfacet
  facet normal 0.866035 0 -0.499984
    outer loop
      vertex 35.8097 8.40368 1.54329
      vertex 35.4834 14 0.978097
      vertex 35.8097 14 1.54329
    endloop
  endfacet
  facet normal 0.866784 0.000174959 -0.498684
    outer loop
      vertex 35.804 8.39633 1.53338
      vertex 35.4834 14 0.978097
      vertex 35.8097 8.40368 1.54329
    endloop
  endfacet
  facet normal 0.865934 -1.97526e-05 -0.500158
    outer loop
      vertex 35.6738 8.19203 1.30797
      vertex 35.4834 14 0.978097
      vertex 35.804 8.39633 1.53338
    endloop
  endfacet
  facet normal 0.86612 4.59758e-06 -0.499836
    outer loop
      vertex 35.5559 7.96662 1.10367
      vertex 35.4834 14 0.978097
      vertex 35.6738 8.19203 1.30797
    endloop
  endfacet
  facet normal 0.866024 0 -0.500002
    outer loop
      vertex 35.4834 14 0.978097
      vertex 35.5559 7.96662 1.10367
      vertex 35.4834 7.79731 0.978097
    endloop
  endfacet
  facet normal 0.688497 -0.528373 -0.496784
    outer loop
      vertex 34.9305 2.26109 1.54329
      vertex 34.5634 1.78274 1.54329
      vertex 34.6479 2.42425 0.978097
    endloop
  endfacet
  facet normal 0.892651 -0.371379 -0.255446
    outer loop
      vertex 35.6055 3.26604 2.03867
      vertex 35.3071 2.88954 1.54329
      vertex 35.6048 3.27744 2.01965
    endloop
  endfacet
  facet normal 0.892862 -0.369862 -0.256904
    outer loop
      vertex 35.4534 2.80508 2.17369
      vertex 35.6055 3.26604 2.03867
      vertex 35.6179 3.20219 2.17369
    endloop
  endfacet
  facet normal 0.892909 -0.369839 -0.256772
    outer loop
      vertex 35.6055 3.26604 2.03867
      vertex 35.4534 2.80508 2.17369
      vertex 35.3071 2.88954 1.54329
    endloop
  endfacet
  facet normal -0.445161 -0.742871 -0.499974
    outer loop
      vertex -33.3789 1.20615 0.978097
      vertex -33.3319 0.797594 1.54329
      vertex -33.5421 0.923555 1.54329
    endloop
  endfacet
  facet normal -0.445332 -0.742809 -0.499915
    outer loop
      vertex -33.3319 0.797594 1.54329
      vertex -33.3789 1.20615 0.978097
      vertex -33.1688 1.08019 0.978097
    endloop
  endfacet
  facet normal -0.0347111 -0.706681 -0.706681
    outer loop
      vertex -31.2448 0.993142 0.516617
      vertex -30.9385 0.516617 0.978097
      vertex -31.2448 0.531662 0.978097
    endloop
  endfacet
  facet normal -0.0347111 -0.706681 -0.706681
    outer loop
      vertex -30.9385 0.516617 0.978097
      vertex -31.2448 0.993142 0.516617
      vertex -30.9385 0.978097 0.516617
    endloop
  endfacet
  facet normal -0.141763 -0.95589 -0.25725
    outer loop
      vertex -32.0849 0.319998 1.54329
      vertex -31.8863 0.120891 2.17369
      vertex -32.1287 0.15684 2.17369
    endloop
  endfacet
  facet normal -0.141825 -0.955886 -0.257229
    outer loop
      vertex -31.8863 0.120891 2.17369
      vertex -32.0849 0.319998 1.54329
      vertex -31.8426 0.284048 1.54329
    endloop
  endfacet
  facet normal 0.155158 -0.209144 -0.965497
    outer loop
      vertex 32.5504 2.64122 0.0213881
      vertex 33.0624 2.24128 0.190302
      vertex 32.8656 2.09528 0.190302
    endloop
  endfacet
  facet normal 0.155152 -0.209151 -0.965497
    outer loop
      vertex 33.0624 2.24128 0.190302
      vertex 32.5504 2.64122 0.0213881
      vertex 32.7472 2.78721 0.0213881
    endloop
  endfacet
  facet normal 0.258689 -0.0339978 -0.965362
    outer loop
      vertex 34.4091 4.50757 0.190302
      vertex 33.8002 4.67073 0.0213881
      vertex 33.8113 4.75519 0.0213881
    endloop
  endfacet
  facet normal 0.206943 -0.158928 -0.965358
    outer loop
      vertex 33.7587 2.93759 0.190302
      vertex 33.1609 3.1852 0.0213881
      vertex 33.2128 3.25278 0.0213881
    endloop
  endfacet
  facet normal -0.70413 -0.0925874 -0.704008
    outer loop
      vertex -35.4008 4.24185 0.978097
      vertex -35.4683 4.75519 0.978097
      vertex -35.0069 4.75519 0.516617
    endloop
  endfacet
  facet normal -0.964853 -0.0472504 -0.258508
    outer loop
      vertex -35.7947 4.75519 1.54329
      vertex -35.9786 5.06149 2.17369
      vertex -35.8097 5.06149 1.54329
    endloop
  endfacet
  facet normal -0.964853 -0.0472504 -0.258508
    outer loop
      vertex -35.9786 5.06149 2.17369
      vertex -35.7947 4.75519 1.54329
      vertex -35.9636 4.75519 2.17369
    endloop
  endfacet
  facet normal -0.816079 -0.292 -0.49875
    outer loop
      vertex -35.2227 3.53105 0.978097
      vertex -35.6205 3.67744 1.54329
      vertex -35.3053 3.7619 0.978097
    endloop
  endfacet
  facet normal -0.816079 -0.292 -0.49875
    outer loop
      vertex -35.6205 3.67744 1.54329
      vertex -35.2227 3.53105 0.978097
      vertex -35.5379 3.44659 1.54329
    endloop
  endfacet
  facet normal -0.93699 -0.234632 -0.25884
    outer loop
      vertex -35.6205 3.67744 1.54329
      vertex -35.8432 3.87134 2.17369
      vertex -35.68 3.91505 1.54329
    endloop
  endfacet
  facet normal -0.936932 -0.235012 -0.258702
    outer loop
      vertex -35.8432 3.87134 2.17369
      vertex -35.6205 3.67744 1.54329
      vertex -35.7836 3.63373 2.17369
    endloop
  endfacet
  facet normal -0.37087 -0.335984 -0.865777
    outer loop
      vertex -34.0063 2.33979 0.516617
      vertex -33.4421 2.55787 0.190302
      vertex -33.8418 2.15821 0.516617
    endloop
  endfacet
  facet normal -0.370794 -0.336139 -0.86575
    outer loop
      vertex -33.4421 2.55787 0.190302
      vertex -34.0063 2.33979 0.516617
      vertex -33.6067 2.73944 0.190302
    endloop
  endfacet
  facet normal -0.258689 -0.0339978 -0.965362
    outer loop
      vertex -33.8002 4.67073 0.0213881
      vertex -34.4091 4.50757 0.190302
      vertex -33.8113 4.75519 0.0213881
    endloop
  endfacet
  facet normal 0.207002 -0.158791 -0.965368
    outer loop
      vertex 33.6067 2.73944 0.190302
      vertex 33.1609 3.1852 0.0213881
      vertex 33.7587 2.93759 0.190302
    endloop
  endfacet
  facet normal 0.111028 -0.234692 -0.965708
    outer loop
      vertex 32.434 1.86458 0.190302
      vertex 32.3402 2.51525 0.0213881
      vertex 32.6554 1.96932 0.190302
    endloop
  endfacet
  facet normal 0.111018 -0.234694 -0.965709
    outer loop
      vertex 32.3402 2.51525 0.0213881
      vertex 32.434 1.86458 0.190302
      vertex 32.1188 2.41052 0.0213881
    endloop
  endfacet
  facet normal 0.221991 -0.133093 -0.965923
    outer loop
      vertex 33.9047 3.13442 0.190302
      vertex 33.4847 3.65978 0.0213881
      vertex 34.0307 3.34458 0.190302
    endloop
  endfacet
  facet normal 0.222064 -0.133031 -0.965914
    outer loop
      vertex 33.4847 3.65978 0.0213881
      vertex 33.9047 3.13442 0.190302
      vertex 33.3588 3.44962 0.0213881
    endloop
  endfacet
  facet normal -0.766762 -0.588369 -0.256704
    outer loop
      vertex -34.6828 1.6633 2.17369
      vertex -35.0767 2.17663 2.17369
      vertex -34.5634 1.78274 1.54329
    endloop
  endfacet
  facet normal -0.696875 -0.516532 -0.497554
    outer loop
      vertex -34.6479 2.42425 0.978097
      vertex -35.0764 2.45793 1.54329
      vertex -34.7938 2.62109 0.978097
    endloop
  endfacet
  facet normal -0.696875 -0.516532 -0.497554
    outer loop
      vertex -35.0764 2.45793 1.54329
      vertex -34.6479 2.42425 0.978097
      vertex -34.9305 2.26109 1.54329
    endloop
  endfacet
  facet normal -0.563337 -0.432333 -0.704088
    outer loop
      vertex -34.0063 2.33979 0.516617
      vertex -34.6479 2.42425 0.978097
      vertex -34.2482 2.65499 0.516617
    endloop
  endfacet
  facet normal -0.13053 -0.991444 0
    outer loop
      vertex -31.8863 0.120891 2.17369
      vertex -31.2448 0.0364332 7
      vertex -31.8863 0.120891 7
    endloop
  endfacet
  facet normal -0.13053 -0.991444 -0
    outer loop
      vertex -31.2448 0.0364332 7
      vertex -31.8863 0.120891 2.17369
      vertex -31.2448 0.0364332 2.17369
    endloop
  endfacet
  facet normal 0.496504 -0.828552 -0.258816
    outer loop
      vertex 33.5421 0.923555 1.54329
      vertex 33.4164 0.651311 2.17369
      vertex 33.3319 0.797594 1.54329
    endloop
  endfacet
  facet normal 0.496688 -0.828465 -0.258742
    outer loop
      vertex 33.4164 0.651311 2.17369
      vertex 33.5421 0.923555 1.54329
      vertex 33.6265 0.777272 2.17369
    endloop
  endfacet
  facet normal 0.325535 -0.909651 -0.257998
    outer loop
      vertex 32.5534 0.462118 1.54329
      vertex 32.3663 0.216365 2.17369
      vertex 32.3226 0.379522 1.54329
    endloop
  endfacet
  facet normal 0.325535 -0.909651 -0.257998
    outer loop
      vertex 32.3663 0.216365 2.17369
      vertex 32.5534 0.462118 1.54329
      vertex 32.5971 0.298961 2.17369
    endloop
  endfacet
  facet normal 0 -0.965926 -0.258817
    outer loop
      vertex -30.9385 0.190302 1.54329
      vertex -9.73989 0.0213881 2.17369
      vertex -30.9385 0.0213881 2.17369
    endloop
  endfacet
  facet normal 0 -0.965926 -0.258817
    outer loop
      vertex -9.73989 0.0213881 2.17369
      vertex -30.9385 0.190302 1.54329
      vertex -9.65251 0.190302 1.54329
    endloop
  endfacet
  facet normal -0 -0.965926 -0.258817
    outer loop
      vertex 30.9385 0.190302 1.54329
      vertex 9.73989 0.0213881 2.17369
      vertex 9.65251 0.190302 1.54329
    endloop
  endfacet
  facet normal 0 -0.965926 -0.258817
    outer loop
      vertex 9.73989 0.0213881 2.17369
      vertex 30.9385 0.190302 1.54329
      vertex 30.9385 0.0213881 2.17369
    endloop
  endfacet
  facet normal 0.244457 -0.0874687 -0.965707
    outer loop
      vertex 34.231 3.79677 0.190302
      vertex 33.7047 4.19078 0.0213881
      vertex 34.3136 4.02762 0.190302
    endloop
  endfacet
  facet normal 0.244457 -0.0874687 -0.965707
    outer loop
      vertex 33.7047 4.19078 0.0213881
      vertex 34.231 3.79677 0.190302
      vertex 33.6221 3.95993 0.0213881
    endloop
  endfacet
  facet normal -0.704014 -0.0927605 -0.704102
    outer loop
      vertex -34.955 4.36129 0.516617
      vertex -35.4008 4.24185 0.978097
      vertex -35.0069 4.75519 0.516617
    endloop
  endfacet
  facet normal -0.865247 -0.042655 -0.499528
    outer loop
      vertex -35.4683 4.75519 0.978097
      vertex -35.8097 5.06149 1.54329
      vertex -35.4834 5.06149 0.978097
    endloop
  endfacet
  facet normal -0.865191 -0.0423698 -0.499649
    outer loop
      vertex -35.8097 5.06149 1.54329
      vertex -35.4683 4.75519 0.978097
      vertex -35.7947 4.75519 1.54329
    endloop
  endfacet
  facet normal 0.498916 -0.065684 -0.864157
    outer loop
      vertex 35.0069 4.75519 0.516617
      vertex 34.4091 4.50757 0.190302
      vertex 34.4417 4.75519 0.190302
    endloop
  endfacet
  facet normal -0.192553 -0.464919 -0.86416
    outer loop
      vertex -32.3495 1.22307 0.516617
      vertex -32.7166 1.37511 0.516617
      vertex -32.2032 1.76901 0.190302
    endloop
  endfacet
  facet normal -0.464884 -0.19261 -0.864167
    outer loop
      vertex -34.1354 3.56603 0.190302
      vertex -34.6249 3.28344 0.516617
      vertex -34.231 3.79677 0.190302
    endloop
  endfacet
  facet normal 0.191982 -0.174039 -0.965843
    outer loop
      vertex 32.9964 3.00362 0.0213881
      vertex 33.6067 2.73944 0.190302
      vertex 33.4421 2.55787 0.190302
    endloop
  endfacet
  facet normal 0.192019 -0.173958 -0.965851
    outer loop
      vertex 33.6067 2.73944 0.190302
      vertex 32.9964 3.00362 0.0213881
      vertex 33.1609 3.1852 0.0213881
    endloop
  endfacet
  facet normal 0.588319 -0.766773 -0.256786
    outer loop
      vertex 33.8234 0.923268 2.17369
      vertex 33.7389 1.06955 1.54329
      vertex 34.2173 1.43661 1.54329
    endloop
  endfacet
  facet normal -0.251104 -0.062879 -0.965916
    outer loop
      vertex -34.3731 4.26523 0.190302
      vertex -33.7047 4.19078 0.0213881
      vertex -34.3136 4.02762 0.190302
    endloop
  endfacet
  facet normal -0.251104 -0.062879 -0.965916
    outer loop
      vertex -33.7047 4.19078 0.0213881
      vertex -34.3731 4.26523 0.190302
      vertex -33.7642 4.42839 0.0213881
    endloop
  endfacet
  facet normal 0.422553 -0.569868 -0.704769
    outer loop
      vertex 33.1482 1.60581 0.516617
      vertex 33.5758 1.35215 0.978097
      vertex 33.3789 1.20615 0.978097
    endloop
  endfacet
  facet normal 0.422655 -0.569754 -0.7048
    outer loop
      vertex 33.5758 1.35215 0.978097
      vertex 33.1482 1.60581 0.516617
      vertex 33.345 1.7518 0.516617
    endloop
  endfacet
  facet normal 0.370501 -0.783559 -0.498763
    outer loop
      vertex 33.1688 1.08019 0.978097
      vertex 33.1105 0.692858 1.54329
      vertex 32.9473 0.975455 0.978097
    endloop
  endfacet
  facet normal 0.370652 -0.783516 -0.498718
    outer loop
      vertex 33.1105 0.692858 1.54329
      vertex 33.1688 1.08019 0.978097
      vertex 33.3319 0.797594 1.54329
    endloop
  endfacet
  facet normal 0.428865 -0.257123 -0.866004
    outer loop
      vertex 34.3942 2.85183 0.516617
      vertex 34.0307 3.34458 0.190302
      vertex 34.5202 3.06199 0.516617
    endloop
  endfacet
  facet normal 0.428865 -0.257123 -0.866004
    outer loop
      vertex 34.0307 3.34458 0.190302
      vertex 34.3942 2.85183 0.516617
      vertex 33.9047 3.13442 0.190302
    endloop
  endfacet
  facet normal -0.0245519 -0.49985 -0.865764
    outer loop
      vertex -31.2448 0.993142 0.516617
      vertex -30.9385 1.54329 0.190302
      vertex -30.9385 0.978097 0.516617
    endloop
  endfacet
  facet normal -0.0245599 -0.499847 -0.865766
    outer loop
      vertex -30.9385 1.54329 0.190302
      vertex -31.2448 0.993142 0.516617
      vertex -31.2448 1.55834 0.190302
    endloop
  endfacet
  facet normal 0.0340576 -0.258671 -0.965365
    outer loop
      vertex 31.4924 1.59094 0.190302
      vertex 31.2448 1.55834 0.190302
      vertex 31.2448 2.18873 0.0213881
    endloop
  endfacet
  facet normal 0.840149 -0.210479 -0.499848
    outer loop
      vertex 35.3053 3.7619 0.978097
      vertex 35.4656 3.9725 1.15885
      vertex 35.5131 3.80797 1.30797
    endloop
  endfacet
  facet normal 0.840119 -0.210374 -0.499943
    outer loop
      vertex 35.4656 3.9725 1.15885
      vertex 35.3053 3.7619 0.978097
      vertex 35.3648 3.99951 0.978097
    endloop
  endfacet
  facet normal 0.840187 -0.210172 -0.499914
    outer loop
      vertex 35.3053 3.7619 0.978097
      vertex 35.5131 3.80797 1.30797
      vertex 35.5595 3.69378 1.43396
    endloop
  endfacet
  facet normal 0.85816 -0.127132 -0.497391
    outer loop
      vertex 35.4426 4.03338 1.10367
      vertex 35.3648 3.99951 0.978097
      vertex 35.3949 4.20269 0.978097
    endloop
  endfacet
  facet normal 0.858158 -0.126717 -0.497502
    outer loop
      vertex 35.3648 3.99951 0.978097
      vertex 35.4426 4.03338 1.10367
      vertex 35.4656 3.9725 1.15885
    endloop
  endfacet
  facet normal 0.998803 -0.048913 0
    outer loop
      vertex 35.9636 4.75519 7
      vertex 35.9786 5.06149 6.45269
      vertex 35.9786 5.06149 7
    endloop
  endfacet
  facet normal 0.998792 -0.0491286 -0.000120933
    outer loop
      vertex 35.9786 5.06149 6.45269
      vertex 35.9636 4.75519 7
      vertex 35.9664 4.81368 6.36403
    endloop
  endfacet
  facet normal 0.998856 -0.0478167 0
    outer loop
      vertex 35.9664 4.81368 6.36403
      vertex 35.9636 4.75519 7
      vertex 35.9636 4.75519 6.33636
    endloop
  endfacet
  facet normal 0.776336 -0.575429 -0.257263
    outer loop
      vertex 35.2227 2.37347 2.17369
      vertex 34.9305 2.26109 1.54329
      vertex 35.0764 2.45793 1.54329
    endloop
  endfacet
  facet normal 0.776174 -0.575703 -0.257139
    outer loop
      vertex 34.9305 2.26109 1.54329
      vertex 35.2227 2.37347 2.17369
      vertex 35.0767 2.17663 2.17369
    endloop
  endfacet
  facet normal -0.427469 -0.90403 0
    outer loop
      vertex -33.4164 0.651311 2.17369
      vertex -33.1949 0.546575 7
      vertex -33.4164 0.651311 7
    endloop
  endfacet
  facet normal -0.427469 -0.90403 -0
    outer loop
      vertex -33.1949 0.546575 7
      vertex -33.4164 0.651311 2.17369
      vertex -33.1949 0.546575 2.17369
    endloop
  endfacet
  facet normal -0.38268 -0.923881 0
    outer loop
      vertex -33.1949 0.546575 2.17369
      vertex -32.5971 0.298961 7
      vertex -33.1949 0.546575 7
    endloop
  endfacet
  facet normal -0.38268 -0.923881 -0
    outer loop
      vertex -32.5971 0.298961 7
      vertex -33.1949 0.546575 2.17369
      vertex -32.5971 0.298961 2.17369
    endloop
  endfacet
  facet normal -0.210377 -0.840107 -0.499962
    outer loop
      vertex -32.2381 0.694718 0.978097
      vertex -32.0849 0.319998 1.54329
      vertex -32.3226 0.379522 1.54329
    endloop
  endfacet
  facet normal -0.210464 -0.840101 -0.499935
    outer loop
      vertex -32.0849 0.319998 1.54329
      vertex -32.2381 0.694718 0.978097
      vertex -32.0005 0.635194 0.978097
    endloop
  endfacet
  facet normal -0.369855 -0.892919 -0.256717
    outer loop
      vertex -32.5971 0.298961 2.17369
      vertex -33.1949 0.546575 2.17369
      vertex -33.1105 0.692858 1.54329
    endloop
  endfacet
  facet normal -0.0473919 -0.964841 -0.258526
    outer loop
      vertex -31.2448 0.205347 1.54329
      vertex -30.9385 0.0213881 2.17369
      vertex -31.2448 0.0364332 2.17369
    endloop
  endfacet
  facet normal -0.0473916 -0.964841 -0.258526
    outer loop
      vertex -30.9385 0.0213881 2.17369
      vertex -31.2448 0.205347 1.54329
      vertex -30.9385 0.190302 1.54329
    endloop
  endfacet
  facet normal -0.243016 -0.970022 0
    outer loop
      vertex -32.3663 0.216365 2.17369
      vertex -32.1287 0.15684 7
      vertex -32.3663 0.216365 7
    endloop
  endfacet
  facet normal -0.243016 -0.970022 -0
    outer loop
      vertex -32.1287 0.15684 7
      vertex -32.3663 0.216365 2.17369
      vertex -32.1287 0.15684 2.17369
    endloop
  endfacet
  facet normal -0.126149 -0.95821 -0.256749
    outer loop
      vertex -31.2448 0.0364332 2.17369
      vertex -31.8426 0.284048 1.54329
      vertex -31.2448 0.205347 1.54329
    endloop
  endfacet
  facet normal -0.370652 -0.783516 -0.498718
    outer loop
      vertex -33.1688 1.08019 0.978097
      vertex -33.1105 0.692858 1.54329
      vertex -33.3319 0.797594 1.54329
    endloop
  endfacet
  facet normal -0.370501 -0.783559 -0.498763
    outer loop
      vertex -33.1105 0.692858 1.54329
      vertex -33.1688 1.08019 0.978097
      vertex -32.9473 0.975455 0.978097
    endloop
  endfacet
  facet normal -0.516836 -0.696691 -0.497495
    outer loop
      vertex -33.5758 1.35215 0.978097
      vertex -33.5421 0.923555 1.54329
      vertex -33.7389 1.06955 1.54329
    endloop
  endfacet
  facet normal -0.516653 -0.696774 -0.497569
    outer loop
      vertex -33.5421 0.923555 1.54329
      vertex -33.5758 1.35215 0.978097
      vertex -33.3789 1.20615 0.978097
    endloop
  endfacet
  facet normal -0.475091 -0.524318 -0.706667
    outer loop
      vertex -33.9865 1.66735 0.978097
      vertex -33.8418 2.15821 0.516617
      vertex -33.6602 1.99366 0.516617
    endloop
  endfacet
  facet normal -0.475091 -0.524318 -0.706667
    outer loop
      vertex -33.8418 2.15821 0.516617
      vertex -33.9865 1.66735 0.978097
      vertex -34.1681 1.8319 0.978097
    endloop
  endfacet
  facet normal 0.214357 -0.453109 -0.8653
    outer loop
      vertex 32.7166 1.37511 0.516617
      vertex 32.6554 1.96932 0.190302
      vertex 32.938 1.47985 0.516617
    endloop
  endfacet
  facet normal 0.214357 -0.453109 -0.8653
    outer loop
      vertex 32.6554 1.96932 0.190302
      vertex 32.7166 1.37511 0.516617
      vertex 32.434 1.86458 0.190302
    endloop
  endfacet
  facet normal 0.0473919 -0.964841 -0.258526
    outer loop
      vertex 30.9385 0.190302 1.54329
      vertex 31.2448 0.0364332 2.17369
      vertex 30.9385 0.0213881 2.17369
    endloop
  endfacet
  facet normal 0.0473916 -0.964841 -0.258526
    outer loop
      vertex 31.2448 0.0364332 2.17369
      vertex 30.9385 0.190302 1.54329
      vertex 31.2448 0.205347 1.54329
    endloop
  endfacet
  facet normal 0.0424994 -0.865242 -0.499549
    outer loop
      vertex 30.9385 0.516617 0.978097
      vertex 31.2448 0.205347 1.54329
      vertex 30.9385 0.190302 1.54329
    endloop
  endfacet
  facet normal 0.0424994 -0.865242 -0.499549
    outer loop
      vertex 31.2448 0.205347 1.54329
      vertex 30.9385 0.516617 0.978097
      vertex 31.2448 0.531662 0.978097
    endloop
  endfacet
  facet normal -0.244457 -0.0874687 -0.965707
    outer loop
      vertex -34.231 3.79677 0.190302
      vertex -33.7047 4.19078 0.0213881
      vertex -33.6221 3.95993 0.0213881
    endloop
  endfacet
  facet normal -0.244457 -0.0874687 -0.965707
    outer loop
      vertex -33.7047 4.19078 0.0213881
      vertex -34.231 3.79677 0.190302
      vertex -34.3136 4.02762 0.190302
    endloop
  endfacet
  facet normal -0.0628995 -0.251091 -0.965918
    outer loop
      vertex -31.7348 1.62689 0.190302
      vertex -31.8092 2.29532 0.0213881
      vertex -31.5716 2.2358 0.0213881
    endloop
  endfacet
  facet normal -0.0628995 -0.251091 -0.965918
    outer loop
      vertex -31.8092 2.29532 0.0213881
      vertex -31.7348 1.62689 0.190302
      vertex -31.9724 1.68641 0.190302
    endloop
  endfacet
  facet normal -0.336163 -0.370768 -0.865752
    outer loop
      vertex -33.6602 1.99366 0.516617
      vertex -33.4421 2.55787 0.190302
      vertex -33.2606 2.39331 0.190302
    endloop
  endfacet
  facet normal -0.33602 -0.370837 -0.865777
    outer loop
      vertex -33.4421 2.55787 0.190302
      vertex -33.6602 1.99366 0.516617
      vertex -33.8418 2.15821 0.516617
    endloop
  endfacet
  facet normal -0.207002 -0.158791 -0.965368
    outer loop
      vertex -33.6067 2.73944 0.190302
      vertex -33.7587 2.93759 0.190302
      vertex -33.1609 3.1852 0.0213881
    endloop
  endfacet
  facet normal -0.840112 -0.210373 -0.499955
    outer loop
      vertex -35.3053 3.7619 0.978097
      vertex -35.68 3.91505 1.54329
      vertex -35.3648 3.99951 0.978097
    endloop
  endfacet
  facet normal -0.840112 -0.210373 -0.499955
    outer loop
      vertex -35.68 3.91505 1.54329
      vertex -35.3053 3.7619 0.978097
      vertex -35.6205 3.67744 1.54329
    endloop
  endfacet
  facet normal -0.860395 -0.113271 -0.49688
    outer loop
      vertex -35.716 4.15739 1.54329
      vertex -35.7947 4.75519 1.54329
      vertex -35.4683 4.75519 0.978097
    endloop
  endfacet
  facet normal -0.989205 -0.14654 0
    outer loop
      vertex -35.8432 3.87134 2.17369
      vertex -35.8791 4.11368 7
      vertex -35.8791 4.11368 2.17369
    endloop
  endfacet
  facet normal -0.989205 -0.14654 0
    outer loop
      vertex -35.8791 4.11368 7
      vertex -35.8432 3.87134 2.17369
      vertex -35.8432 3.87134 7
    endloop
  endfacet
  facet normal -0.941543 -0.336892 0
    outer loop
      vertex -35.701 3.40288 2.17369
      vertex -35.7836 3.63373 7
      vertex -35.7836 3.63373 2.17369
    endloop
  endfacet
  facet normal -0.941543 -0.336892 0
    outer loop
      vertex -35.7836 3.63373 7
      vertex -35.701 3.40288 2.17369
      vertex -35.701 3.40288 7
    endloop
  endfacet
  facet normal -0.909686 -0.325493 -0.257927
    outer loop
      vertex -35.5379 3.44659 1.54329
      vertex -35.7836 3.63373 2.17369
      vertex -35.6205 3.67744 1.54329
    endloop
  endfacet
  facet normal -0.909686 -0.325493 -0.257927
    outer loop
      vertex -35.7836 3.63373 2.17369
      vertex -35.5379 3.44659 1.54329
      vertex -35.701 3.40288 2.17369
    endloop
  endfacet
  facet normal -0.923889 -0.382661 0
    outer loop
      vertex -35.4534 2.80508 2.17369
      vertex -35.701 3.40288 7
      vertex -35.701 3.40288 2.17369
    endloop
  endfacet
  facet normal -0.923889 -0.382661 0
    outer loop
      vertex -35.701 3.40288 7
      vertex -35.4534 2.80508 2.17369
      vertex -35.4534 2.80508 7
    endloop
  endfacet
  facet normal -0.828444 -0.496688 -0.258807
    outer loop
      vertex -35.0764 2.45793 1.54329
      vertex -35.3487 2.58363 2.17369
      vertex -35.2024 2.66809 1.54329
    endloop
  endfacet
  facet normal -0.828444 -0.496688 -0.258807
    outer loop
      vertex -35.3487 2.58363 2.17369
      vertex -35.0764 2.45793 1.54329
      vertex -35.2227 2.37347 2.17369
    endloop
  endfacet
  facet normal -0.873436 -0.412954 -0.258029
    outer loop
      vertex -35.2024 2.66809 1.54329
      vertex -35.4534 2.80508 2.17369
      vertex -35.3071 2.88954 1.54329
    endloop
  endfacet
  facet normal -0.873436 -0.412954 -0.258029
    outer loop
      vertex -35.4534 2.80508 2.17369
      vertex -35.2024 2.66809 1.54329
      vertex -35.3487 2.58363 2.17369
    endloop
  endfacet
  facet normal -0.656083 -0.271842 -0.704029
    outer loop
      vertex -35.0245 3.0527 0.978097
      vertex -35.2227 3.53105 0.978097
      vertex -34.6249 3.28344 0.516617
    endloop
  endfacet
  facet normal -0.485046 -0.121665 -0.865984
    outer loop
      vertex -34.9191 4.11895 0.516617
      vertex -34.3136 4.02762 0.190302
      vertex -34.8595 3.88134 0.516617
    endloop
  endfacet
  facet normal -0.485034 -0.121457 -0.86602
    outer loop
      vertex -34.3136 4.02762 0.190302
      vertex -34.9191 4.11895 0.516617
      vertex -34.3731 4.26523 0.190302
    endloop
  endfacet
  facet normal -0.666856 -0.238606 -0.705954
    outer loop
      vertex -35.2227 3.53105 0.978097
      vertex -34.8595 3.88134 0.516617
      vertex -34.7769 3.65049 0.516617
    endloop
  endfacet
  facet normal -0.666856 -0.238606 -0.705954
    outer loop
      vertex -34.8595 3.88134 0.516617
      vertex -35.2227 3.53105 0.978097
      vertex -35.3053 3.7619 0.978097
    endloop
  endfacet
  facet normal -0.0656836 -0.498916 -0.864158
    outer loop
      vertex -31.2448 0.993142 0.516617
      vertex -31.6387 1.045 0.516617
      vertex -31.4924 1.59094 0.190302
    endloop
  endfacet
  facet normal 0.087483 -0.244444 -0.965709
    outer loop
      vertex 31.8092 2.29532 0.0213881
      vertex 32.2032 1.76901 0.190302
      vertex 31.9724 1.68641 0.190302
    endloop
  endfacet
  facet normal 0.0874529 -0.244466 -0.965706
    outer loop
      vertex 32.2032 1.76901 0.190302
      vertex 31.8092 2.29532 0.0213881
      vertex 32.0401 2.37792 0.0213881
    endloop
  endfacet
  facet normal 0.0656895 -0.498918 -0.864156
    outer loop
      vertex 31.4924 1.59094 0.190302
      vertex 31.2448 0.993142 0.516617
      vertex 31.2448 1.55834 0.190302
    endloop
  endfacet
  facet normal -0.214357 -0.453109 -0.8653
    outer loop
      vertex -32.7166 1.37511 0.516617
      vertex -32.6554 1.96932 0.190302
      vertex -32.434 1.86458 0.190302
    endloop
  endfacet
  facet normal -0.214357 -0.453109 -0.8653
    outer loop
      vertex -32.6554 1.96932 0.190302
      vertex -32.7166 1.37511 0.516617
      vertex -32.938 1.47985 0.516617
    endloop
  endfacet
  facet normal 0.251104 -0.062879 -0.965916
    outer loop
      vertex 33.7047 4.19078 0.0213881
      vertex 34.3731 4.26523 0.190302
      vertex 34.3136 4.02762 0.190302
    endloop
  endfacet
  facet normal 0.251104 -0.062879 -0.965916
    outer loop
      vertex 34.3731 4.26523 0.190302
      vertex 33.7047 4.19078 0.0213881
      vertex 33.7642 4.42839 0.0213881
    endloop
  endfacet
  facet normal -0.76674 -0.588419 -0.256655
    outer loop
      vertex -34.5634 1.78274 1.54329
      vertex -35.0767 2.17663 2.17369
      vertex -34.9305 2.26109 1.54329
    endloop
  endfacet
  facet normal -0.595607 -0.803276 0
    outer loop
      vertex -33.8234 0.923268 2.17369
      vertex -33.6265 0.777272 7
      vertex -33.8234 0.923268 7
    endloop
  endfacet
  facet normal -0.595607 -0.803276 -0
    outer loop
      vertex -33.6265 0.777272 7
      vertex -33.8234 0.923268 2.17369
      vertex -33.6265 0.777272 2.17369
    endloop
  endfacet
  facet normal -0.0490597 -0.998796 0
    outer loop
      vertex -31.2448 0.0364332 2.17369
      vertex -30.9385 0.0213881 7
      vertex -31.2448 0.0364332 7
    endloop
  endfacet
  facet normal -0.0490597 -0.998796 -0
    outer loop
      vertex -30.9385 0.0213881 7
      vertex -31.2448 0.0364332 2.17369
      vertex -30.9385 0.0213881 2.17369
    endloop
  endfacet
  facet normal 0.210464 -0.840101 -0.499935
    outer loop
      vertex 32.2381 0.694718 0.978097
      vertex 32.0849 0.319998 1.54329
      vertex 32.0005 0.635194 0.978097
    endloop
  endfacet
  facet normal 0.210377 -0.840107 -0.499962
    outer loop
      vertex 32.0849 0.319998 1.54329
      vertex 32.2381 0.694718 0.978097
      vertex 32.3226 0.379522 1.54329
    endloop
  endfacet
  facet normal 0.126149 -0.95821 -0.256749
    outer loop
      vertex 31.8426 0.284048 1.54329
      vertex 31.2448 0.0364332 2.17369
      vertex 31.2448 0.205347 1.54329
    endloop
  endfacet
  facet normal 0.13053 -0.991444 0
    outer loop
      vertex 31.2448 0.0364332 2.17369
      vertex 31.8863 0.120891 7
      vertex 31.2448 0.0364332 7
    endloop
  endfacet
  facet normal 0.13053 -0.991444 0
    outer loop
      vertex 31.8863 0.120891 7
      vertex 31.2448 0.0364332 2.17369
      vertex 31.8863 0.120891 2.17369
    endloop
  endfacet
  facet normal 0.741102 -0.671392 0
    outer loop
      vertex 34.5183 1.48172 7
      vertex 34.6828 1.6633 2.17369
      vertex 34.6828 1.6633 7
    endloop
  endfacet
  facet normal 0.741102 -0.671392 0
    outer loop
      vertex 34.6828 1.6633 2.17369
      vertex 34.5183 1.48172 7
      vertex 34.5183 1.48172 2.17369
    endloop
  endfacet
  facet normal 0.427469 -0.90403 0
    outer loop
      vertex 33.1949 0.546575 2.17369
      vertex 33.4164 0.651311 7
      vertex 33.1949 0.546575 7
    endloop
  endfacet
  facet normal 0.427469 -0.90403 0
    outer loop
      vertex 33.4164 0.651311 7
      vertex 33.1949 0.546575 2.17369
      vertex 33.4164 0.651311 2.17369
    endloop
  endfacet
  facet normal -0.257584 -0.0382645 -0.965498
    outer loop
      vertex -34.4091 4.50757 0.190302
      vertex -33.7642 4.42839 0.0213881
      vertex -34.3731 4.26523 0.190302
    endloop
  endfacet
  facet normal -0.257584 -0.0382645 -0.965498
    outer loop
      vertex -33.7642 4.42839 0.0213881
      vertex -34.4091 4.50757 0.190302
      vertex -33.8002 4.67073 0.0213881
    endloop
  endfacet
  facet normal -0.499846 -0.0244783 -0.865768
    outer loop
      vertex -35.0069 4.75519 0.516617
      vertex -34.4567 5.06149 0.190302
      vertex -34.4417 4.75519 0.190302
    endloop
  endfacet
  facet normal -0.499846 -0.0244783 -0.865768
    outer loop
      vertex -34.4567 5.06149 0.190302
      vertex -35.0069 4.75519 0.516617
      vertex -35.0219 5.06149 0.516617
    endloop
  endfacet
  facet normal 0.941543 -0.336892 0
    outer loop
      vertex 35.701 3.40288 7
      vertex 35.7836 3.63373 5.49978
      vertex 35.7836 3.63373 7
    endloop
  endfacet
  facet normal 0.942016 -0.335568 0.000229666
    outer loop
      vertex 35.7836 3.63373 5.49978
      vertex 35.701 3.40288 7
      vertex 35.7729 3.60367 5.46662
    endloop
  endfacet
  facet normal 0.941455 -0.33714 -2.40145e-06
    outer loop
      vertex 35.7729 3.60367 5.46662
      vertex 35.701 3.40288 7
      vertex 35.708 3.42244 5.22227
    endloop
  endfacet
  facet normal 0.941524 -0.336946 0
    outer loop
      vertex 35.708 3.42244 5.22227
      vertex 35.701 3.40288 7
      vertex 35.701 3.40288 5.18962
    endloop
  endfacet
  facet normal 0.464953 -0.192543 -0.864144
    outer loop
      vertex 34.6249 3.28344 0.516617
      vertex 34.231 3.79677 0.190302
      vertex 34.7769 3.65049 0.516617
    endloop
  endfacet
  facet normal 0.432359 -0.563357 -0.704056
    outer loop
      vertex 33.9865 1.66735 0.978097
      vertex 33.5758 1.35215 0.978097
      vertex 33.6602 1.99366 0.516617
    endloop
  endfacet
  facet normal 0.581662 -0.641931 -0.499594
    outer loop
      vertex 34.1681 1.8319 0.978097
      vertex 34.2173 1.43661 1.54329
      vertex 33.9865 1.66735 0.978097
    endloop
  endfacet
  facet normal 0.581866 -0.641803 -0.499521
    outer loop
      vertex 34.2173 1.43661 1.54329
      vertex 34.1681 1.8319 0.978097
      vertex 34.3988 1.60116 1.54329
    endloop
  endfacet
  facet normal 0.332091 -0.801814 -0.496799
    outer loop
      vertex 33.1105 0.692858 1.54329
      vertex 32.4689 0.777314 0.978097
      vertex 32.9473 0.975455 0.978097
    endloop
  endfacet
  facet normal 0.299366 -0.403557 -0.864593
    outer loop
      vertex 32.8656 2.09528 0.190302
      vertex 33.345 1.7518 0.516617
      vertex 33.1482 1.60581 0.516617
    endloop
  endfacet
  facet normal 0.299377 -0.403544 -0.864596
    outer loop
      vertex 33.345 1.7518 0.516617
      vertex 32.8656 2.09528 0.190302
      vertex 33.0624 2.24128 0.190302
    endloop
  endfacet
  facet normal 0.174051 -0.191968 -0.965844
    outer loop
      vertex 33.2606 2.39331 0.190302
      vertex 32.9964 3.00362 0.0213881
      vertex 33.4421 2.55787 0.190302
    endloop
  endfacet
  facet normal 0.173976 -0.192003 -0.965851
    outer loop
      vertex 32.9964 3.00362 0.0213881
      vertex 33.2606 2.39331 0.190302
      vertex 32.8148 2.83907 0.0213881
    endloop
  endfacet
  facet normal 0.33602 -0.370837 -0.865777
    outer loop
      vertex 33.6602 1.99366 0.516617
      vertex 33.4421 2.55787 0.190302
      vertex 33.8418 2.15821 0.516617
    endloop
  endfacet
  facet normal 0.336163 -0.370768 -0.865752
    outer loop
      vertex 33.4421 2.55787 0.190302
      vertex 33.6602 1.99366 0.516617
      vertex 33.2606 2.39331 0.190302
    endloop
  endfacet
  facet normal 0.475091 -0.524318 -0.706667
    outer loop
      vertex 33.9865 1.66735 0.978097
      vertex 33.8418 2.15821 0.516617
      vertex 34.1681 1.8319 0.978097
    endloop
  endfacet
  facet normal 0.475091 -0.524318 -0.706667
    outer loop
      vertex 33.8418 2.15821 0.516617
      vertex 33.9865 1.66735 0.978097
      vertex 33.6602 1.99366 0.516617
    endloop
  endfacet
  facet normal 0.271741 -0.656102 -0.70405
    outer loop
      vertex 32.9473 0.975455 0.978097
      vertex 32.4689 0.777314 0.978097
      vertex 32.7166 1.37511 0.516617
    endloop
  endfacet
  facet normal 0.241039 -0.0998673 -0.965363
    outer loop
      vertex 34.1354 3.56603 0.190302
      vertex 33.6221 3.95993 0.0213881
      vertex 34.231 3.79677 0.190302
    endloop
  endfacet
  facet normal 0.656072 -0.271688 -0.704099
    outer loop
      vertex 35.2227 3.53105 0.978097
      vertex 34.6249 3.28344 0.516617
      vertex 34.7769 3.65049 0.516617
    endloop
  endfacet
  facet normal 0.742783 -0.44533 -0.499954
    outer loop
      vertex 35.2024 2.66809 1.54329
      vertex 34.7938 2.62109 0.978097
      vertex 34.9198 2.83125 0.978097
    endloop
  endfacet
  facet normal 0.742783 -0.44533 -0.499954
    outer loop
      vertex 34.7938 2.62109 0.978097
      vertex 35.2024 2.66809 1.54329
      vertex 35.0764 2.45793 1.54329
    endloop
  endfacet
  facet normal 0.37087 -0.335984 -0.865777
    outer loop
      vertex 33.4421 2.55787 0.190302
      vertex 34.0063 2.33979 0.516617
      vertex 33.8418 2.15821 0.516617
    endloop
  endfacet
  facet normal 0.370794 -0.336139 -0.86575
    outer loop
      vertex 34.0063 2.33979 0.516617
      vertex 33.4421 2.55787 0.190302
      vertex 33.6067 2.73944 0.190302
    endloop
  endfacet
  facet normal 0.271734 -0.656102 -0.704053
    outer loop
      vertex 32.4689 0.777314 0.978097
      vertex 32.3495 1.22307 0.516617
      vertex 32.7166 1.37511 0.516617
    endloop
  endfacet
  facet normal -0.0340576 -0.258671 -0.965365
    outer loop
      vertex -31.2448 1.55834 0.190302
      vertex -31.4924 1.59094 0.190302
      vertex -31.2448 2.18873 0.0213881
    endloop
  endfacet
  facet normal 0.701904 -0.103983 -0.70464
    outer loop
      vertex 35.3648 3.99951 0.978097
      vertex 35.366 4.25115 0.942158
      vertex 35.3949 4.20269 0.978097
    endloop
  endfacet
  facet normal 0.701812 -0.103996 -0.70473
    outer loop
      vertex 34.9191 4.11895 0.516617
      vertex 35.366 4.25115 0.942158
      vertex 35.3648 3.99951 0.978097
    endloop
  endfacet
  facet normal 0.70181 -0.103965 -0.704737
    outer loop
      vertex 35.366 4.25115 0.942158
      vertex 34.9191 4.11895 0.516617
      vertex 34.955 4.36129 0.516617
    endloop
  endfacet
  facet normal 0.816309 -0.291807 -0.498487
    outer loop
      vertex 35.5379 3.44659 1.54329
      vertex 35.5595 3.69378 1.43396
      vertex 35.588 3.60367 1.53338
    endloop
  endfacet
  facet normal 0.817191 -0.29199 -0.49693
    outer loop
      vertex 35.5379 3.44659 1.54329
      vertex 35.588 3.60367 1.53338
      vertex 35.5914 3.59632 1.54329
    endloop
  endfacet
  facet normal 0.8161 -0.292007 -0.498711
    outer loop
      vertex 35.5595 3.69378 1.43396
      vertex 35.2227 3.53105 0.978097
      vertex 35.3053 3.7619 0.978097
    endloop
  endfacet
  facet normal 0.816109 -0.291908 -0.498754
    outer loop
      vertex 35.5595 3.69378 1.43396
      vertex 35.5379 3.44659 1.54329
      vertex 35.2227 3.53105 0.978097
    endloop
  endfacet
  facet normal 0.991448 -0.130502 0
    outer loop
      vertex 35.9636 4.75519 7
      vertex 35.9351 4.53867 6.23396
      vertex 35.9636 4.75519 6.33636
    endloop
  endfacet
  facet normal 0.991436 -0.130592 2.60356e-05
    outer loop
      vertex 35.8791 4.11368 7
      vertex 35.9351 4.53867 6.23396
      vertex 35.9636 4.75519 7
    endloop
  endfacet
  facet normal 0.991424 -0.130685 -2.61145e-05
    outer loop
      vertex 35.9351 4.53867 6.23396
      vertex 35.8791 4.11368 7
      vertex 35.9007 4.27773 6.07756
    endloop
  endfacet
  facet normal 0.991443 -0.13054 0
    outer loop
      vertex 35.9007 4.27773 6.07756
      vertex 35.8791 4.11368 7
      vertex 35.8791 4.11368 5.95588
    endloop
  endfacet
  facet normal -0.0424994 -0.865242 -0.499549
    outer loop
      vertex -31.2448 0.531662 0.978097
      vertex -30.9385 0.190302 1.54329
      vertex -31.2448 0.205347 1.54329
    endloop
  endfacet
  facet normal -0.0424994 -0.865242 -0.499549
    outer loop
      vertex -30.9385 0.190302 1.54329
      vertex -31.2448 0.531662 0.978097
      vertex -30.9385 0.516617 0.978097
    endloop
  endfacet
  facet normal -0.126155 -0.95821 -0.256744
    outer loop
      vertex -31.2448 0.0364332 2.17369
      vertex -31.8863 0.120891 2.17369
      vertex -31.8426 0.284048 1.54329
    endloop
  endfacet
  facet normal -0.238658 -0.666887 -0.705907
    outer loop
      vertex -32.4689 0.777314 0.978097
      vertex -32.1187 1.14047 0.516617
      vertex -32.2381 0.694718 0.978097
    endloop
  endfacet
  facet normal -0.238667 -0.666881 -0.705909
    outer loop
      vertex -32.1187 1.14047 0.516617
      vertex -32.4689 0.777314 0.978097
      vertex -32.3495 1.22307 0.516617
    endloop
  endfacet
  facet normal -0.422553 -0.569868 -0.704769
    outer loop
      vertex -33.5758 1.35215 0.978097
      vertex -33.1482 1.60581 0.516617
      vertex -33.3789 1.20615 0.978097
    endloop
  endfacet
  facet normal -0.422655 -0.569754 -0.7048
    outer loop
      vertex -33.1482 1.60581 0.516617
      vertex -33.5758 1.35215 0.978097
      vertex -33.345 1.7518 0.516617
    endloop
  endfacet
  facet normal -0.292041 -0.816058 -0.49876
    outer loop
      vertex -32.4689 0.777314 0.978097
      vertex -32.3226 0.379522 1.54329
      vertex -32.5534 0.462118 1.54329
    endloop
  endfacet
  facet normal -0.292041 -0.816058 -0.49876
    outer loop
      vertex -32.3226 0.379522 1.54329
      vertex -32.4689 0.777314 0.978097
      vertex -32.2381 0.694718 0.978097
    endloop
  endfacet
  facet normal -0.369831 -0.892922 -0.256739
    outer loop
      vertex -32.5971 0.298961 2.17369
      vertex -33.1105 0.692858 1.54329
      vertex -32.5534 0.462118 1.54329
    endloop
  endfacet
  facet normal -0.173976 -0.192003 -0.965851
    outer loop
      vertex -33.2606 2.39331 0.190302
      vertex -32.9964 3.00362 0.0213881
      vertex -32.8148 2.83907 0.0213881
    endloop
  endfacet
  facet normal -0.174051 -0.191968 -0.965844
    outer loop
      vertex -32.9964 3.00362 0.0213881
      vertex -33.2606 2.39331 0.190302
      vertex -33.4421 2.55787 0.190302
    endloop
  endfacet
  facet normal -0.399232 -0.30639 -0.86414
    outer loop
      vertex -34.0063 2.33979 0.516617
      vertex -34.2482 2.65499 0.516617
      vertex -33.6067 2.73944 0.190302
    endloop
  endfacet
  facet normal 0.121509 -0.485057 -0.866
    outer loop
      vertex 31.8811 1.08095 0.516617
      vertex 31.9724 1.68641 0.190302
      vertex 32.1187 1.14047 0.516617
    endloop
  endfacet
  facet normal 0.121509 -0.485057 -0.866
    outer loop
      vertex 31.9724 1.68641 0.190302
      vertex 31.8811 1.08095 0.516617
      vertex 31.7348 1.62689 0.190302
    endloop
  endfacet
  facet normal -0.087483 -0.244444 -0.965709
    outer loop
      vertex -32.2032 1.76901 0.190302
      vertex -31.8092 2.29532 0.0213881
      vertex -31.9724 1.68641 0.190302
    endloop
  endfacet
  facet normal -0.0874529 -0.244466 -0.965706
    outer loop
      vertex -31.8092 2.29532 0.0213881
      vertex -32.2032 1.76901 0.190302
      vertex -32.0401 2.37792 0.0213881
    endloop
  endfacet
  facet normal -0.206943 -0.158928 -0.965358
    outer loop
      vertex -33.1609 3.1852 0.0213881
      vertex -33.7587 2.93759 0.190302
      vertex -33.2128 3.25278 0.0213881
    endloop
  endfacet
  facet normal -0.706668 -0.0346067 -0.706699
    outer loop
      vertex -35.0069 4.75519 0.516617
      vertex -35.4834 5.06149 0.978097
      vertex -35.0219 5.06149 0.516617
    endloop
  endfacet
  facet normal -0.706739 -0.0348409 -0.706616
    outer loop
      vertex -35.4834 5.06149 0.978097
      vertex -35.0069 4.75519 0.516617
      vertex -35.4683 4.75519 0.978097
    endloop
  endfacet
  facet normal -0.498932 -0.0657389 -0.864144
    outer loop
      vertex -34.955 4.36129 0.516617
      vertex -35.0069 4.75519 0.516617
      vertex -34.4091 4.50757 0.190302
    endloop
  endfacet
  facet normal -0.955881 -0.141998 -0.257156
    outer loop
      vertex -35.68 3.91505 1.54329
      vertex -35.8791 4.11368 2.17369
      vertex -35.716 4.15739 1.54329
    endloop
  endfacet
  facet normal -0.955904 -0.141607 -0.257286
    outer loop
      vertex -35.8791 4.11368 2.17369
      vertex -35.68 3.91505 1.54329
      vertex -35.8432 3.87134 2.17369
    endloop
  endfacet
  facet normal -0.958215 -0.126148 -0.25673
    outer loop
      vertex -35.716 4.15739 1.54329
      vertex -35.9636 4.75519 2.17369
      vertex -35.7947 4.75519 1.54329
    endloop
  endfacet
  facet normal -0.991436 -0.130592 0
    outer loop
      vertex -35.8791 4.11368 2.17369
      vertex -35.9636 4.75519 7
      vertex -35.9636 4.75519 2.17369
    endloop
  endfacet
  facet normal -0.991436 -0.130592 0
    outer loop
      vertex -35.9636 4.75519 7
      vertex -35.8791 4.11368 2.17369
      vertex -35.8791 4.11368 7
    endloop
  endfacet
  facet normal -0.969953 -0.243294 0
    outer loop
      vertex -35.7836 3.63373 2.17369
      vertex -35.8432 3.87134 7
      vertex -35.8432 3.87134 2.17369
    endloop
  endfacet
  facet normal -0.969953 -0.243294 0
    outer loop
      vertex -35.8432 3.87134 7
      vertex -35.7836 3.63373 2.17369
      vertex -35.7836 3.63373 7
    endloop
  endfacet
  facet normal -0.904049 -0.427428 0
    outer loop
      vertex -35.3487 2.58363 2.17369
      vertex -35.4534 2.80508 7
      vertex -35.4534 2.80508 2.17369
    endloop
  endfacet
  facet normal -0.904049 -0.427428 0
    outer loop
      vertex -35.4534 2.80508 7
      vertex -35.3487 2.58363 2.17369
      vertex -35.3487 2.58363 7
    endloop
  endfacet
  facet normal -0.563348 -0.432279 -0.704112
    outer loop
      vertex -34.3327 2.01348 0.978097
      vertex -34.6479 2.42425 0.978097
      vertex -34.0063 2.33979 0.516617
    endloop
  endfacet
  facet normal -0.688544 -0.528347 -0.496747
    outer loop
      vertex -34.5634 1.78274 1.54329
      vertex -34.6479 2.42425 0.978097
      vertex -34.3327 2.01348 0.978097
    endloop
  endfacet
  facet normal -0.471977 -0.168877 -0.865285
    outer loop
      vertex -34.7769 3.65049 0.516617
      vertex -34.3136 4.02762 0.190302
      vertex -34.231 3.79677 0.190302
    endloop
  endfacet
  facet normal -0.471977 -0.168877 -0.865285
    outer loop
      vertex -34.3136 4.02762 0.190302
      vertex -34.7769 3.65049 0.516617
      vertex -34.8595 3.88134 0.516617
    endloop
  endfacet
  facet normal -0.464953 -0.192543 -0.864144
    outer loop
      vertex -34.6249 3.28344 0.516617
      vertex -34.7769 3.65049 0.516617
      vertex -34.231 3.79677 0.190302
    endloop
  endfacet
  facet normal -0.241039 -0.0998673 -0.965363
    outer loop
      vertex -34.1354 3.56603 0.190302
      vertex -34.231 3.79677 0.190302
      vertex -33.6221 3.95993 0.0213881
    endloop
  endfacet
  facet normal -0.569777 -0.422614 -0.704806
    outer loop
      vertex -34.6479 2.42425 0.978097
      vertex -34.3942 2.85183 0.516617
      vertex -34.2482 2.65499 0.516617
    endloop
  endfacet
  facet normal -0.569954 -0.422456 -0.704757
    outer loop
      vertex -34.3942 2.85183 0.516617
      vertex -34.6479 2.42425 0.978097
      vertex -34.7938 2.62109 0.978097
    endloop
  endfacet
  facet normal -0.258667 -0.0340544 -0.965366
    outer loop
      vertex -34.4091 4.50757 0.190302
      vertex -34.4417 4.75519 0.190302
      vertex -33.8113 4.75519 0.0213881
    endloop
  endfacet
  facet normal -0.222064 -0.133031 -0.965914
    outer loop
      vertex -33.9047 3.13442 0.190302
      vertex -33.4847 3.65978 0.0213881
      vertex -33.3588 3.44962 0.0213881
    endloop
  endfacet
  facet normal -0.221991 -0.133093 -0.965923
    outer loop
      vertex -33.4847 3.65978 0.0213881
      vertex -33.9047 3.13442 0.190302
      vertex -34.0307 3.34458 0.190302
    endloop
  endfacet
  facet normal -0.192526 -0.464947 -0.864151
    outer loop
      vertex -32.2032 1.76901 0.190302
      vertex -32.7166 1.37511 0.516617
      vertex -32.434 1.86458 0.190302
    endloop
  endfacet
  facet normal 0.0998179 -0.241059 -0.965364
    outer loop
      vertex 32.2032 1.76901 0.190302
      vertex 32.0401 2.37792 0.0213881
      vertex 32.434 1.86458 0.190302
    endloop
  endfacet
  facet normal 0.127257 -0.858054 -0.497544
    outer loop
      vertex 32.0005 0.635194 0.978097
      vertex 31.8426 0.284048 1.54329
      vertex 31.7581 0.599244 0.978097
    endloop
  endfacet
  facet normal 0.127309 -0.858054 -0.497529
    outer loop
      vertex 31.8426 0.284048 1.54329
      vertex 32.0005 0.635194 0.978097
      vertex 32.0849 0.319998 1.54329
    endloop
  endfacet
  facet normal 0.104077 -0.701757 -0.704774
    outer loop
      vertex 31.7581 0.599244 0.978097
      vertex 31.8811 1.08095 0.516617
      vertex 32.0005 0.635194 0.978097
    endloop
  endfacet
  facet normal 0.104077 -0.701757 -0.704774
    outer loop
      vertex 31.8811 1.08095 0.516617
      vertex 31.7581 0.599244 0.978097
      vertex 31.6387 1.045 0.516617
    endloop
  endfacet
  facet normal 0.1467 -0.989181 0
    outer loop
      vertex 31.8863 0.120891 2.17369
      vertex 32.1287 0.15684 7
      vertex 31.8863 0.120891 7
    endloop
  endfacet
  facet normal 0.1467 -0.989181 0
    outer loop
      vertex 32.1287 0.15684 7
      vertex 31.8863 0.120891 2.17369
      vertex 32.1287 0.15684 2.17369
    endloop
  endfacet
  facet normal -0.70176 -0.104248 -0.704745
    outer loop
      vertex -35.4008 4.24185 0.978097
      vertex -34.9191 4.11895 0.516617
      vertex -35.3648 3.99951 0.978097
    endloop
  endfacet
  facet normal -0.701743 -0.103955 -0.704805
    outer loop
      vertex -34.9191 4.11895 0.516617
      vertex -35.4008 4.24185 0.978097
      vertex -34.955 4.36129 0.516617
    endloop
  endfacet
  facet normal 0.904049 -0.427428 0
    outer loop
      vertex 35.3487 2.58363 7
      vertex 35.4534 2.80508 2.17369
      vertex 35.4534 2.80508 7
    endloop
  endfacet
  facet normal 0.904049 -0.427428 0
    outer loop
      vertex 35.4534 2.80508 2.17369
      vertex 35.3487 2.58363 7
      vertex 35.3487 2.58363 2.17369
    endloop
  endfacet
  facet normal 0.969953 -0.243294 0
    outer loop
      vertex 35.7836 3.63373 7
      vertex 35.8432 3.87134 5.74946
      vertex 35.8432 3.87134 7
    endloop
  endfacet
  facet normal 0.969938 -0.243354 -1.19764e-05
    outer loop
      vertex 35.8432 3.87134 5.74946
      vertex 35.7836 3.63373 7
      vertex 35.8273 3.80797 5.69203
    endloop
  endfacet
  facet normal 0.969959 -0.243269 0
    outer loop
      vertex 35.8273 3.80797 5.69203
      vertex 35.7836 3.63373 7
      vertex 35.7836 3.63373 5.49978
    endloop
  endfacet
  facet normal 0 0 -1
    outer loop
      vertex -26.5335 11.1001 0.0213881
      vertex -9.44156 14 0.0213881
      vertex -9.44156 2.17369 0.0213881
    endloop
  endfacet
  facet normal 0 0 -1
    outer loop
      vertex -9.44156 14 0.0213881
      vertex -26.4149 11.6961 0.0213881
      vertex -26.4 12 0.0213881
    endloop
  endfacet
  facet normal 0 0 -1
    outer loop
      vertex -9.44156 14 0.0213881
      vertex -26.4596 11.3952 0.0213881
      vertex -26.4149 11.6961 0.0213881
    endloop
  endfacet
  facet normal 0 0 -1
    outer loop
      vertex -9.44156 14 0.0213881
      vertex -26.5335 11.1001 0.0213881
      vertex -26.4596 11.3952 0.0213881
    endloop
  endfacet
  facet normal 0 0 -1
    outer loop
      vertex -9.44156 2.17369 0.0213881
      vertex -26.636 10.8137 0.0213881
      vertex -26.5335 11.1001 0.0213881
    endloop
  endfacet
  facet normal 0 0 -1
    outer loop
      vertex -9.44156 2.17369 0.0213881
      vertex -26.766 10.5387 0.0213881
      vertex -26.636 10.8137 0.0213881
    endloop
  endfacet
  facet normal 0 0 -1
    outer loop
      vertex -9.44156 2.17369 0.0213881
      vertex -26.9224 10.2777 0.0213881
      vertex -26.766 10.5387 0.0213881
    endloop
  endfacet
  facet normal 0 0 -1
    outer loop
      vertex -9.44156 2.17369 0.0213881
      vertex -27.1037 10.0334 0.0213881
      vertex -26.9224 10.2777 0.0213881
    endloop
  endfacet
  facet normal 0 0 -1
    outer loop
      vertex -9.44156 2.17369 0.0213881
      vertex -27.308 9.80797 0.0213881
      vertex -27.1037 10.0334 0.0213881
    endloop
  endfacet
  facet normal 0 0 -1
    outer loop
      vertex -9.44156 2.17369 0.0213881
      vertex -27.5334 9.60367 0.0213881
      vertex -27.308 9.80797 0.0213881
    endloop
  endfacet
  facet normal 0 0 -1
    outer loop
      vertex -30.9385 2.17369 0.0213881
      vertex -27.5334 9.60367 0.0213881
      vertex -9.44156 2.17369 0.0213881
    endloop
  endfacet
  facet normal 0 0 -1
    outer loop
      vertex -27.5334 9.60367 0.0213881
      vertex -30.9385 2.17369 0.0213881
      vertex -27.7777 9.42244 0.0213881
    endloop
  endfacet
  facet normal 0 0 -1
    outer loop
      vertex -27.7777 9.42244 0.0213881
      vertex -30.9385 2.17369 0.0213881
      vertex -28.0387 9.26604 0.0213881
    endloop
  endfacet
  facet normal 0 0 -1
    outer loop
      vertex -28.0387 9.26604 0.0213881
      vertex -30.9385 2.17369 0.0213881
      vertex -28.3137 9.13597 0.0213881
    endloop
  endfacet
  facet normal 0 0 -1
    outer loop
      vertex -28.3137 9.13597 0.0213881
      vertex -30.9385 2.17369 0.0213881
      vertex -28.6001 9.03349 0.0213881
    endloop
  endfacet
  facet normal 0 0 -1
    outer loop
      vertex -28.6001 9.03349 0.0213881
      vertex -30.9385 2.17369 0.0213881
      vertex -28.8952 8.95957 0.0213881
    endloop
  endfacet
  facet normal 0 0 -1
    outer loop
      vertex -28.8952 8.95957 0.0213881
      vertex -30.9385 2.17369 0.0213881
      vertex -29.1961 8.91493 0.0213881
    endloop
  endfacet
  facet normal 0 0 -1
    outer loop
      vertex -29.1961 8.91493 0.0213881
      vertex -30.9385 2.17369 0.0213881
      vertex -29.5 8.9 0.0213881
    endloop
  endfacet
  facet normal -0 0 -1
    outer loop
      vertex -29.5 8.9 0.0213881
      vertex -30.9385 2.17369 0.0213881
      vertex -29.8039 8.91493 0.0213881
    endloop
  endfacet
  facet normal -0 0 -1
    outer loop
      vertex -29.8039 8.91493 0.0213881
      vertex -30.9385 2.17369 0.0213881
      vertex -30.1048 8.95957 0.0213881
    endloop
  endfacet
  facet normal 0 0 -1
    outer loop
      vertex -33.8263 5.06149 0.0213881
      vertex -30.1048 8.95957 0.0213881
      vertex -30.9385 2.17369 0.0213881
    endloop
  endfacet
  facet normal -0 0 -1
    outer loop
      vertex -30.1048 8.95957 0.0213881
      vertex -33.8263 5.06149 0.0213881
      vertex -30.3999 9.03349 0.0213881
    endloop
  endfacet
  facet normal -0 0 -1
    outer loop
      vertex -30.3999 9.03349 0.0213881
      vertex -33.8263 5.06149 0.0213881
      vertex -30.6863 9.13597 0.0213881
    endloop
  endfacet
  facet normal -0 0 -1
    outer loop
      vertex -30.6863 9.13597 0.0213881
      vertex -33.8263 5.06149 0.0213881
      vertex -30.9613 9.26604 0.0213881
    endloop
  endfacet
  facet normal 0 0 -1
    outer loop
      vertex -31.3293 2.19985 0.0213881
      vertex -30.9385 2.17369 0.0213881
      vertex -31.2448 2.18873 0.0213881
    endloop
  endfacet
  facet normal 0 0 -1
    outer loop
      vertex -30.9385 2.17369 0.0213881
      vertex -31.3293 2.19985 0.0213881
      vertex -33.8263 5.06149 0.0213881
    endloop
  endfacet
  facet normal -0 0 -1
    outer loop
      vertex -30.9613 9.26604 0.0213881
      vertex -33.8263 5.06149 0.0213881
      vertex -31.2223 9.42244 0.0213881
    endloop
  endfacet
  facet normal 0 0 -1
    outer loop
      vertex -32.0401 2.37792 0.0213881
      vertex -31.3293 2.19985 0.0213881
      vertex -31.5716 2.2358 0.0213881
    endloop
  endfacet
  facet normal -0 0 -1
    outer loop
      vertex -31.2223 9.42244 0.0213881
      vertex -33.8263 5.06149 0.0213881
      vertex -31.4666 9.60367 0.0213881
    endloop
  endfacet
  facet normal 0 0 -1
    outer loop
      vertex -32.0401 2.37792 0.0213881
      vertex -31.5716 2.2358 0.0213881
      vertex -31.8092 2.29532 0.0213881
    endloop
  endfacet
  facet normal -0 0 -1
    outer loop
      vertex -31.4666 9.60367 0.0213881
      vertex -33.8263 5.06149 0.0213881
      vertex -31.692 9.80797 0.0213881
    endloop
  endfacet
  facet normal 0 0 -1
    outer loop
      vertex -31.3293 2.19985 0.0213881
      vertex -32.0401 2.37792 0.0213881
      vertex -33.8002 4.67073 0.0213881
    endloop
  endfacet
  facet normal -0 0 -1
    outer loop
      vertex -31.692 9.80797 0.0213881
      vertex -33.8263 5.06149 0.0213881
      vertex -31.8963 10.0334 0.0213881
    endloop
  endfacet
  facet normal 0 0 -1
    outer loop
      vertex -33.8002 4.67073 0.0213881
      vertex -32.0401 2.37792 0.0213881
      vertex -32.1188 2.41052 0.0213881
    endloop
  endfacet
  facet normal -0 0 -1
    outer loop
      vertex -31.8963 10.0334 0.0213881
      vertex -33.8263 5.06149 0.0213881
      vertex -32.0776 10.2777 0.0213881
    endloop
  endfacet
  facet normal 0 0 -1
    outer loop
      vertex -32.7472 2.78721 0.0213881
      vertex -32.1188 2.41052 0.0213881
      vertex -32.3402 2.51525 0.0213881
    endloop
  endfacet
  facet normal -0 0 -1
    outer loop
      vertex -32.0776 10.2777 0.0213881
      vertex -33.8263 5.06149 0.0213881
      vertex -32.234 10.5387 0.0213881
    endloop
  endfacet
  facet normal -0 0 -1
    outer loop
      vertex -32.234 10.5387 0.0213881
      vertex -33.8263 5.06149 0.0213881
      vertex -32.364 10.8137 0.0213881
    endloop
  endfacet
  facet normal -0 0 -1
    outer loop
      vertex -32.364 10.8137 0.0213881
      vertex -33.8263 5.06149 0.0213881
      vertex -32.4665 11.1001 0.0213881
    endloop
  endfacet
  facet normal 0 0 -1
    outer loop
      vertex -32.7472 2.78721 0.0213881
      vertex -32.3402 2.51525 0.0213881
      vertex -32.5504 2.64122 0.0213881
    endloop
  endfacet
  facet normal -0 0 -1
    outer loop
      vertex -32.4665 11.1001 0.0213881
      vertex -33.8263 5.06149 0.0213881
      vertex -32.5404 11.3952 0.0213881
    endloop
  endfacet
  facet normal 0 0 -1
    outer loop
      vertex -33.8263 14 0.0213881
      vertex -32.5404 11.3952 0.0213881
      vertex -33.8263 5.06149 0.0213881
    endloop
  endfacet
  facet normal 0 0 -1
    outer loop
      vertex -32.1188 2.41052 0.0213881
      vertex -32.7472 2.78721 0.0213881
      vertex -33.8002 4.67073 0.0213881
    endloop
  endfacet
  facet normal 0 0 -1
    outer loop
      vertex -26.4149 12.3039 0.0213881
      vertex -9.44156 14 0.0213881
      vertex -26.4 12 0.0213881
    endloop
  endfacet
  facet normal 0 0 -1
    outer loop
      vertex -26.4596 12.6048 0.0213881
      vertex -9.44156 14 0.0213881
      vertex -26.4149 12.3039 0.0213881
    endloop
  endfacet
  facet normal 0 0 -1
    outer loop
      vertex -26.5335 12.8999 0.0213881
      vertex -9.44156 14 0.0213881
      vertex -26.4596 12.6048 0.0213881
    endloop
  endfacet
  facet normal 0 0 -1
    outer loop
      vertex -26.636 13.1863 0.0213881
      vertex -9.44156 14 0.0213881
      vertex -26.5335 12.8999 0.0213881
    endloop
  endfacet
  facet normal 0 0 -1
    outer loop
      vertex -26.766 13.4613 0.0213881
      vertex -9.44156 14 0.0213881
      vertex -26.636 13.1863 0.0213881
    endloop
  endfacet
  facet normal 0 0 -1
    outer loop
      vertex -26.9224 13.7223 0.0213881
      vertex -9.44156 14 0.0213881
      vertex -26.766 13.4613 0.0213881
    endloop
  endfacet
  facet normal 0 0 -1
    outer loop
      vertex -27.1037 13.9666 0.0213881
      vertex -9.44156 14 0.0213881
      vertex -26.9224 13.7223 0.0213881
    endloop
  endfacet
  facet normal -0 0 -1
    outer loop
      vertex -9.44156 14 0.0213881
      vertex -27.1037 13.9666 0.0213881
      vertex -27.1339 14 0.0213881
    endloop
  endfacet
  facet normal 0 0 -1
    outer loop
      vertex -32.9964 3.00362 0.0213881
      vertex -32.7472 2.78721 0.0213881
      vertex -32.8148 2.83907 0.0213881
    endloop
  endfacet
  facet normal 0 0 -1
    outer loop
      vertex -32.7472 2.78721 0.0213881
      vertex -32.9964 3.00362 0.0213881
      vertex -33.2128 3.25278 0.0213881
    endloop
  endfacet
  facet normal 0 0 -1
    outer loop
      vertex -33.2128 3.25278 0.0213881
      vertex -32.9964 3.00362 0.0213881
      vertex -33.1609 3.1852 0.0213881
    endloop
  endfacet
  facet normal 0 0 -1
    outer loop
      vertex -32.5404 11.3952 0.0213881
      vertex -33.8263 14 0.0213881
      vertex -32.5851 11.6961 0.0213881
    endloop
  endfacet
  facet normal 0 0 -1
    outer loop
      vertex -32.7472 2.78721 0.0213881
      vertex -33.2128 3.25278 0.0213881
      vertex -33.8002 4.67073 0.0213881
    endloop
  endfacet
  facet normal 0 0 -1
    outer loop
      vertex -33.5895 3.88123 0.0213881
      vertex -33.2128 3.25278 0.0213881
      vertex -33.3588 3.44962 0.0213881
    endloop
  endfacet
  facet normal 0 0 -1
    outer loop
      vertex -33.5895 3.88123 0.0213881
      vertex -33.3588 3.44962 0.0213881
      vertex -33.4847 3.65978 0.0213881
    endloop
  endfacet
  facet normal 0 0 -1
    outer loop
      vertex -33.2128 3.25278 0.0213881
      vertex -33.5895 3.88123 0.0213881
      vertex -33.8002 4.67073 0.0213881
    endloop
  endfacet
  facet normal 0 0 -1
    outer loop
      vertex -33.8002 4.67073 0.0213881
      vertex -33.5895 3.88123 0.0213881
      vertex -33.6221 3.95993 0.0213881
    endloop
  endfacet
  facet normal 0 0 -1
    outer loop
      vertex -33.8002 4.67073 0.0213881
      vertex -33.6221 3.95993 0.0213881
      vertex -33.7047 4.19078 0.0213881
    endloop
  endfacet
  facet normal 0 0 -1
    outer loop
      vertex -33.8002 4.67073 0.0213881
      vertex -33.7047 4.19078 0.0213881
      vertex -33.7642 4.42839 0.0213881
    endloop
  endfacet
  facet normal 0 0 -1
    outer loop
      vertex -32.5851 11.6961 0.0213881
      vertex -33.8263 14 0.0213881
      vertex -32.6 12 0.0213881
    endloop
  endfacet
  facet normal 0 0 -1
    outer loop
      vertex -31.3293 2.19985 0.0213881
      vertex -33.8002 4.67073 0.0213881
      vertex -33.8263 5.06149 0.0213881
    endloop
  endfacet
  facet normal 0 0 -1
    outer loop
      vertex -33.8263 5.06149 0.0213881
      vertex -33.8002 4.67073 0.0213881
      vertex -33.8113 4.75519 0.0213881
    endloop
  endfacet
  facet normal 0 0 -1
    outer loop
      vertex -32.6 12 0.0213881
      vertex -33.8263 14 0.0213881
      vertex -32.5851 12.3039 0.0213881
    endloop
  endfacet
  facet normal 0 0 -1
    outer loop
      vertex -31.8963 13.9666 0.0213881
      vertex -33.8263 14 0.0213881
      vertex -31.8661 14 0.0213881
    endloop
  endfacet
  facet normal 0 0 -1
    outer loop
      vertex -32.0776 13.7223 0.0213881
      vertex -33.8263 14 0.0213881
      vertex -31.8963 13.9666 0.0213881
    endloop
  endfacet
  facet normal 0 0 -1
    outer loop
      vertex -32.234 13.4613 0.0213881
      vertex -33.8263 14 0.0213881
      vertex -32.0776 13.7223 0.0213881
    endloop
  endfacet
  facet normal 0 0 -1
    outer loop
      vertex -32.364 13.1863 0.0213881
      vertex -33.8263 14 0.0213881
      vertex -32.234 13.4613 0.0213881
    endloop
  endfacet
  facet normal 0 0 -1
    outer loop
      vertex -32.4665 12.8999 0.0213881
      vertex -33.8263 14 0.0213881
      vertex -32.364 13.1863 0.0213881
    endloop
  endfacet
  facet normal 0 0 -1
    outer loop
      vertex -32.5404 12.6048 0.0213881
      vertex -33.8263 14 0.0213881
      vertex -32.4665 12.8999 0.0213881
    endloop
  endfacet
  facet normal 0 0 -1
    outer loop
      vertex -32.5851 12.3039 0.0213881
      vertex -33.8263 14 0.0213881
      vertex -32.5404 12.6048 0.0213881
    endloop
  endfacet
  facet normal 0 0 -1
    outer loop
      vertex 33.8263 14 0.0213881
      vertex 32.5851 11.6961 0.0213881
      vertex 32.6 12 0.0213881
    endloop
  endfacet
  facet normal 0 0 -1
    outer loop
      vertex 32.1188 2.41052 0.0213881
      vertex 32.7472 2.78721 0.0213881
      vertex 32.5504 2.64122 0.0213881
    endloop
  endfacet
  facet normal 0 0 -1
    outer loop
      vertex 33.8263 5.06149 0.0213881
      vertex 32.5404 11.3952 0.0213881
      vertex 32.5851 11.6961 0.0213881
    endloop
  endfacet
  facet normal 0 0 -1
    outer loop
      vertex 33.8263 5.06149 0.0213881
      vertex 32.4665 11.1001 0.0213881
      vertex 32.5404 11.3952 0.0213881
    endloop
  endfacet
  facet normal 0 0 -1
    outer loop
      vertex 33.8263 5.06149 0.0213881
      vertex 32.364 10.8137 0.0213881
      vertex 32.4665 11.1001 0.0213881
    endloop
  endfacet
  facet normal 0 0 -1
    outer loop
      vertex 32.1188 2.41052 0.0213881
      vertex 32.5504 2.64122 0.0213881
      vertex 32.3402 2.51525 0.0213881
    endloop
  endfacet
  facet normal 0 0 -1
    outer loop
      vertex 33.8263 5.06149 0.0213881
      vertex 32.234 10.5387 0.0213881
      vertex 32.364 10.8137 0.0213881
    endloop
  endfacet
  facet normal 0 0 -1
    outer loop
      vertex 32.7472 2.78721 0.0213881
      vertex 32.1188 2.41052 0.0213881
      vertex 31.3293 2.19985 0.0213881
    endloop
  endfacet
  facet normal 0 0 -1
    outer loop
      vertex 33.8263 5.06149 0.0213881
      vertex 32.0776 10.2777 0.0213881
      vertex 32.234 10.5387 0.0213881
    endloop
  endfacet
  facet normal 0 0 -1
    outer loop
      vertex 31.3293 2.19985 0.0213881
      vertex 32.1188 2.41052 0.0213881
      vertex 32.0401 2.37792 0.0213881
    endloop
  endfacet
  facet normal 0 0 -1
    outer loop
      vertex 33.8263 5.06149 0.0213881
      vertex 31.8963 10.0334 0.0213881
      vertex 32.0776 10.2777 0.0213881
    endloop
  endfacet
  facet normal 0 0 -1
    outer loop
      vertex 31.3293 2.19985 0.0213881
      vertex 32.0401 2.37792 0.0213881
      vertex 31.8092 2.29532 0.0213881
    endloop
  endfacet
  facet normal 0 0 -1
    outer loop
      vertex 33.8263 5.06149 0.0213881
      vertex 31.692 9.80797 0.0213881
      vertex 31.8963 10.0334 0.0213881
    endloop
  endfacet
  facet normal 0 0 -1
    outer loop
      vertex 31.3293 2.19985 0.0213881
      vertex 31.8092 2.29532 0.0213881
      vertex 31.5716 2.2358 0.0213881
    endloop
  endfacet
  facet normal 0 0 -1
    outer loop
      vertex 33.8263 5.06149 0.0213881
      vertex 31.4666 9.60367 0.0213881
      vertex 31.692 9.80797 0.0213881
    endloop
  endfacet
  facet normal 0 0 -1
    outer loop
      vertex 33.8263 5.06149 0.0213881
      vertex 31.3293 2.19985 0.0213881
      vertex 30.9385 2.17369 0.0213881
    endloop
  endfacet
  facet normal 0 0 -1
    outer loop
      vertex 30.9385 2.17369 0.0213881
      vertex 31.3293 2.19985 0.0213881
      vertex 31.2448 2.18873 0.0213881
    endloop
  endfacet
  facet normal 0 0 -1
    outer loop
      vertex 33.8263 5.06149 0.0213881
      vertex 31.2223 9.42244 0.0213881
      vertex 31.4666 9.60367 0.0213881
    endloop
  endfacet
  facet normal 0 0 -1
    outer loop
      vertex 33.8263 5.06149 0.0213881
      vertex 30.9613 9.26604 0.0213881
      vertex 31.2223 9.42244 0.0213881
    endloop
  endfacet
  facet normal -0 0 -1
    outer loop
      vertex 33.8263 5.06149 0.0213881
      vertex 30.9385 2.17369 0.0213881
      vertex 30.1048 8.95957 0.0213881
    endloop
  endfacet
  facet normal 0 0 -1
    outer loop
      vertex 33.8263 5.06149 0.0213881
      vertex 30.6863 9.13597 0.0213881
      vertex 30.9613 9.26604 0.0213881
    endloop
  endfacet
  facet normal 0 0 -1
    outer loop
      vertex 33.8263 5.06149 0.0213881
      vertex 30.3999 9.03349 0.0213881
      vertex 30.6863 9.13597 0.0213881
    endloop
  endfacet
  facet normal 0 0 -1
    outer loop
      vertex 33.8263 5.06149 0.0213881
      vertex 30.1048 8.95957 0.0213881
      vertex 30.3999 9.03349 0.0213881
    endloop
  endfacet
  facet normal 0 0 -1
    outer loop
      vertex 30.9385 2.17369 0.0213881
      vertex 29.8039 8.91493 0.0213881
      vertex 30.1048 8.95957 0.0213881
    endloop
  endfacet
  facet normal 0 0 -1
    outer loop
      vertex 30.9385 2.17369 0.0213881
      vertex 29.5 8.9 0.0213881
      vertex 29.8039 8.91493 0.0213881
    endloop
  endfacet
  facet normal 0 0 -1
    outer loop
      vertex 30.9385 2.17369 0.0213881
      vertex 29.1961 8.91493 0.0213881
      vertex 29.5 8.9 0.0213881
    endloop
  endfacet
  facet normal 0 0 -1
    outer loop
      vertex 30.9385 2.17369 0.0213881
      vertex 28.8952 8.95957 0.0213881
      vertex 29.1961 8.91493 0.0213881
    endloop
  endfacet
  facet normal 0 0 -1
    outer loop
      vertex 30.9385 2.17369 0.0213881
      vertex 28.6001 9.03349 0.0213881
      vertex 28.8952 8.95957 0.0213881
    endloop
  endfacet
  facet normal 0 0 -1
    outer loop
      vertex 30.9385 2.17369 0.0213881
      vertex 28.3137 9.13597 0.0213881
      vertex 28.6001 9.03349 0.0213881
    endloop
  endfacet
  facet normal 0 0 -1
    outer loop
      vertex 30.9385 2.17369 0.0213881
      vertex 28.0387 9.26604 0.0213881
      vertex 28.3137 9.13597 0.0213881
    endloop
  endfacet
  facet normal 0 0 -1
    outer loop
      vertex 30.9385 2.17369 0.0213881
      vertex 27.7777 9.42244 0.0213881
      vertex 28.0387 9.26604 0.0213881
    endloop
  endfacet
  facet normal 0 0 -1
    outer loop
      vertex 30.9385 2.17369 0.0213881
      vertex 27.5334 9.60367 0.0213881
      vertex 27.7777 9.42244 0.0213881
    endloop
  endfacet
  facet normal 0 0 -1
    outer loop
      vertex 30.9385 2.17369 0.0213881
      vertex 27.308 9.80797 0.0213881
      vertex 27.5334 9.60367 0.0213881
    endloop
  endfacet
  facet normal 0 0 -1
    outer loop
      vertex 9.44156 2.17369 0.0213881
      vertex 27.308 9.80797 0.0213881
      vertex 30.9385 2.17369 0.0213881
    endloop
  endfacet
  facet normal -0 0 -1
    outer loop
      vertex 27.308 9.80797 0.0213881
      vertex 9.44156 2.17369 0.0213881
      vertex 27.1037 10.0334 0.0213881
    endloop
  endfacet
  facet normal -0 0 -1
    outer loop
      vertex 27.1037 10.0334 0.0213881
      vertex 9.44156 2.17369 0.0213881
      vertex 26.9224 10.2777 0.0213881
    endloop
  endfacet
  facet normal 0 0 -1
    outer loop
      vertex 26.4596 11.3952 0.0213881
      vertex 9.44156 14 0.0213881
      vertex 26.4149 11.6961 0.0213881
    endloop
  endfacet
  facet normal 0 0 -1
    outer loop
      vertex 26.5335 11.1001 0.0213881
      vertex 9.44156 14 0.0213881
      vertex 26.4596 11.3952 0.0213881
    endloop
  endfacet
  facet normal 0 0 -1
    outer loop
      vertex 9.44156 14 0.0213881
      vertex 26.5335 11.1001 0.0213881
      vertex 9.44156 2.17369 0.0213881
    endloop
  endfacet
  facet normal -0 0 -1
    outer loop
      vertex 26.636 10.8137 0.0213881
      vertex 9.44156 2.17369 0.0213881
      vertex 26.5335 11.1001 0.0213881
    endloop
  endfacet
  facet normal -0 0 -1
    outer loop
      vertex 26.766 10.5387 0.0213881
      vertex 9.44156 2.17369 0.0213881
      vertex 26.636 10.8137 0.0213881
    endloop
  endfacet
  facet normal -0 0 -1
    outer loop
      vertex 26.9224 10.2777 0.0213881
      vertex 9.44156 2.17369 0.0213881
      vertex 26.766 10.5387 0.0213881
    endloop
  endfacet
  facet normal 0 0 -1
    outer loop
      vertex 33.8002 4.67073 0.0213881
      vertex 33.8263 5.06149 0.0213881
      vertex 33.8113 4.75519 0.0213881
    endloop
  endfacet
  facet normal 0 0 -1
    outer loop
      vertex 31.3293 2.19985 0.0213881
      vertex 33.8002 4.67073 0.0213881
      vertex 32.7472 2.78721 0.0213881
    endloop
  endfacet
  facet normal 0 0 -1
    outer loop
      vertex 33.6221 3.95993 0.0213881
      vertex 33.8002 4.67073 0.0213881
      vertex 33.7642 4.42839 0.0213881
    endloop
  endfacet
  facet normal 0 0 -1
    outer loop
      vertex 33.6221 3.95993 0.0213881
      vertex 33.7642 4.42839 0.0213881
      vertex 33.7047 4.19078 0.0213881
    endloop
  endfacet
  facet normal 0 0 -1
    outer loop
      vertex 33.8002 4.67073 0.0213881
      vertex 33.6221 3.95993 0.0213881
      vertex 32.7472 2.78721 0.0213881
    endloop
  endfacet
  facet normal 0 0 -1
    outer loop
      vertex 32.7472 2.78721 0.0213881
      vertex 33.6221 3.95993 0.0213881
      vertex 33.5895 3.88123 0.0213881
    endloop
  endfacet
  facet normal 0 0 -1
    outer loop
      vertex 33.2128 3.25278 0.0213881
      vertex 33.5895 3.88123 0.0213881
      vertex 33.4847 3.65978 0.0213881
    endloop
  endfacet
  facet normal 0 0 -1
    outer loop
      vertex 33.2128 3.25278 0.0213881
      vertex 33.4847 3.65978 0.0213881
      vertex 33.3588 3.44962 0.0213881
    endloop
  endfacet
  facet normal 0 0 -1
    outer loop
      vertex 33.5895 3.88123 0.0213881
      vertex 33.2128 3.25278 0.0213881
      vertex 32.7472 2.78721 0.0213881
    endloop
  endfacet
  facet normal 0 0 -1
    outer loop
      vertex 32.9964 3.00362 0.0213881
      vertex 33.2128 3.25278 0.0213881
      vertex 33.1609 3.1852 0.0213881
    endloop
  endfacet
  facet normal 0 0 -1
    outer loop
      vertex 33.2128 3.25278 0.0213881
      vertex 32.9964 3.00362 0.0213881
      vertex 32.7472 2.78721 0.0213881
    endloop
  endfacet
  facet normal 0 0 -1
    outer loop
      vertex 32.7472 2.78721 0.0213881
      vertex 32.9964 3.00362 0.0213881
      vertex 32.8148 2.83907 0.0213881
    endloop
  endfacet
  facet normal -0 0 -1
    outer loop
      vertex 33.8002 4.67073 0.0213881
      vertex 31.3293 2.19985 0.0213881
      vertex 33.8263 5.06149 0.0213881
    endloop
  endfacet
  facet normal 0 0 -1
    outer loop
      vertex 32.5851 11.6961 0.0213881
      vertex 33.8263 14 0.0213881
      vertex 33.8263 5.06149 0.0213881
    endloop
  endfacet
  facet normal 0 0 -1
    outer loop
      vertex 32.5851 12.3039 0.0213881
      vertex 33.8263 14 0.0213881
      vertex 32.6 12 0.0213881
    endloop
  endfacet
  facet normal 0 0 -1
    outer loop
      vertex 32.5404 12.6048 0.0213881
      vertex 33.8263 14 0.0213881
      vertex 32.5851 12.3039 0.0213881
    endloop
  endfacet
  facet normal 0 0 -1
    outer loop
      vertex 32.4665 12.8999 0.0213881
      vertex 33.8263 14 0.0213881
      vertex 32.5404 12.6048 0.0213881
    endloop
  endfacet
  facet normal 0 0 -1
    outer loop
      vertex 32.364 13.1863 0.0213881
      vertex 33.8263 14 0.0213881
      vertex 32.4665 12.8999 0.0213881
    endloop
  endfacet
  facet normal 0 0 -1
    outer loop
      vertex 32.234 13.4613 0.0213881
      vertex 33.8263 14 0.0213881
      vertex 32.364 13.1863 0.0213881
    endloop
  endfacet
  facet normal 0 0 -1
    outer loop
      vertex 32.0776 13.7223 0.0213881
      vertex 33.8263 14 0.0213881
      vertex 32.234 13.4613 0.0213881
    endloop
  endfacet
  facet normal 0 0 -1
    outer loop
      vertex 31.8963 13.9666 0.0213881
      vertex 33.8263 14 0.0213881
      vertex 32.0776 13.7223 0.0213881
    endloop
  endfacet
  facet normal -0 0 -1
    outer loop
      vertex 33.8263 14 0.0213881
      vertex 31.8963 13.9666 0.0213881
      vertex 31.8661 14 0.0213881
    endloop
  endfacet
  facet normal 0 0 -1
    outer loop
      vertex 26.4149 11.6961 0.0213881
      vertex 9.44156 14 0.0213881
      vertex 26.4 12 0.0213881
    endloop
  endfacet
  facet normal 0 0 -1
    outer loop
      vertex 26.4 12 0.0213881
      vertex 9.44156 14 0.0213881
      vertex 26.4149 12.3039 0.0213881
    endloop
  endfacet
  facet normal 0 0 -1
    outer loop
      vertex 26.4149 12.3039 0.0213881
      vertex 9.44156 14 0.0213881
      vertex 26.4596 12.6048 0.0213881
    endloop
  endfacet
  facet normal 0 0 -1
    outer loop
      vertex 26.4596 12.6048 0.0213881
      vertex 9.44156 14 0.0213881
      vertex 26.5335 12.8999 0.0213881
    endloop
  endfacet
  facet normal 0 0 -1
    outer loop
      vertex 26.5335 12.8999 0.0213881
      vertex 9.44156 14 0.0213881
      vertex 26.636 13.1863 0.0213881
    endloop
  endfacet
  facet normal 0 0 -1
    outer loop
      vertex 26.636 13.1863 0.0213881
      vertex 9.44156 14 0.0213881
      vertex 26.766 13.4613 0.0213881
    endloop
  endfacet
  facet normal 0 0 -1
    outer loop
      vertex 26.766 13.4613 0.0213881
      vertex 9.44156 14 0.0213881
      vertex 26.9224 13.7223 0.0213881
    endloop
  endfacet
  facet normal 0 0 -1
    outer loop
      vertex 26.9224 13.7223 0.0213881
      vertex 9.44156 14 0.0213881
      vertex 27.1037 13.9666 0.0213881
    endloop
  endfacet
  facet normal 0 0 -1
    outer loop
      vertex 27.1037 13.9666 0.0213881
      vertex 9.44156 14 0.0213881
      vertex 27.1339 14 0.0213881
    endloop
  endfacet
  facet normal 0.588391 -0.766742 -0.256716
    outer loop
      vertex 34.3367 1.31717 2.17369
      vertex 33.8234 0.923268 2.17369
      vertex 34.2173 1.43661 1.54329
    endloop
  endfacet
  facet normal 0.648839 -0.715675 -0.258489
    outer loop
      vertex 34.3988 1.60116 1.54329
      vertex 34.3367 1.31717 2.17369
      vertex 34.2173 1.43661 1.54329
    endloop
  endfacet
  facet normal 0.648626 -0.715834 -0.258582
    outer loop
      vertex 34.3367 1.31717 2.17369
      vertex 34.3988 1.60116 1.54329
      vertex 34.5183 1.48172 2.17369
    endloop
  endfacet
  facet normal -0.2347 -0.110965 -0.965714
    outer loop
      vertex -34.1354 3.56603 0.190302
      vertex -33.4847 3.65978 0.0213881
      vertex -34.0307 3.34458 0.190302
    endloop
  endfacet
  facet normal -0.234684 -0.111063 -0.965706
    outer loop
      vertex -33.4847 3.65978 0.0213881
      vertex -34.1354 3.56603 0.190302
      vertex -33.5895 3.88123 0.0213881
    endloop
  endfacet
  facet normal 0.516653 -0.696774 -0.497569
    outer loop
      vertex 33.5758 1.35215 0.978097
      vertex 33.5421 0.923555 1.54329
      vertex 33.3789 1.20615 0.978097
    endloop
  endfacet
  facet normal 0.516836 -0.696691 -0.497495
    outer loop
      vertex 33.5421 0.923555 1.54329
      vertex 33.5758 1.35215 0.978097
      vertex 33.7389 1.06955 1.54329
    endloop
  endfacet
  facet normal 0.306267 -0.399277 -0.864163
    outer loop
      vertex 33.345 1.7518 0.516617
      vertex 33.0624 2.24128 0.190302
      vertex 33.2606 2.39331 0.190302
    endloop
  endfacet
  facet normal 0.363601 -0.606484 -0.707087
    outer loop
      vertex 32.938 1.47985 0.516617
      vertex 33.3789 1.20615 0.978097
      vertex 33.1688 1.08019 0.978097
    endloop
  endfacet
  facet normal 0.363494 -0.606593 -0.707049
    outer loop
      vertex 33.3789 1.20615 0.978097
      vertex 32.938 1.47985 0.516617
      vertex 33.1482 1.60581 0.516617
    endloop
  endfacet
  facet normal 0.606533 -0.363642 -0.707024
    outer loop
      vertex 34.7938 2.62109 0.978097
      vertex 34.5202 3.06199 0.516617
      vertex 34.9198 2.83125 0.978097
    endloop
  endfacet
  facet normal 0.606533 -0.363642 -0.707024
    outer loop
      vertex 34.5202 3.06199 0.516617
      vertex 34.7938 2.62109 0.978097
      vertex 34.3942 2.85183 0.516617
    endloop
  endfacet
  facet normal 0.241052 -0.0998511 -0.965362
    outer loop
      vertex 34.1354 3.56603 0.190302
      vertex 33.5895 3.88123 0.0213881
      vertex 33.6221 3.95993 0.0213881
    endloop
  endfacet
  facet normal 0.399232 -0.30639 -0.86414
    outer loop
      vertex 34.0063 2.33979 0.516617
      vertex 33.6067 2.73944 0.190302
      vertex 34.2482 2.65499 0.516617
    endloop
  endfacet
  facet normal 0.563348 -0.432279 -0.704112
    outer loop
      vertex 34.3327 2.01348 0.978097
      vertex 34.0063 2.33979 0.516617
      vertex 34.6479 2.42425 0.978097
    endloop
  endfacet
  facet normal 0.497009 -0.0736265 -0.864616
    outer loop
      vertex 34.3731 4.26523 0.190302
      vertex 34.955 4.36129 0.516617
      vertex 34.9191 4.11895 0.516617
    endloop
  endfacet
  facet normal 0.497028 -0.0738343 -0.864588
    outer loop
      vertex 34.955 4.36129 0.516617
      vertex 34.3731 4.26523 0.190302
      vertex 34.4091 4.50757 0.190302
    endloop
  endfacet
  facet normal 0.498932 -0.0657389 -0.864144
    outer loop
      vertex 34.955 4.36129 0.516617
      vertex 34.4091 4.50757 0.190302
      vertex 35.0069 4.75519 0.516617
    endloop
  endfacet
  facet normal 0.783584 -0.370473 -0.498745
    outer loop
      vertex 35.3071 2.88954 1.54329
      vertex 34.9198 2.83125 0.978097
      vertex 35.0245 3.0527 0.978097
    endloop
  endfacet
  facet normal 0.783584 -0.370473 -0.498745
    outer loop
      vertex 34.9198 2.83125 0.978097
      vertex 35.3071 2.88954 1.54329
      vertex 35.2024 2.66809 1.54329
    endloop
  endfacet
  facet normal -0.113288 -0.860445 -0.496789
    outer loop
      vertex -31.2448 0.531662 0.978097
      vertex -31.8426 0.284048 1.54329
      vertex -31.7581 0.599244 0.978097
    endloop
  endfacet
  facet normal -0.113279 -0.860451 -0.496782
    outer loop
      vertex -31.2448 0.205347 1.54329
      vertex -31.8426 0.284048 1.54329
      vertex -31.2448 0.531662 0.978097
    endloop
  endfacet
  facet normal -0.155158 -0.209144 -0.965497
    outer loop
      vertex -33.0624 2.24128 0.190302
      vertex -32.5504 2.64122 0.0213881
      vertex -32.8656 2.09528 0.190302
    endloop
  endfacet
  facet normal -0.155152 -0.209151 -0.965497
    outer loop
      vertex -32.5504 2.64122 0.0213881
      vertex -33.0624 2.24128 0.190302
      vertex -32.7472 2.78721 0.0213881
    endloop
  endfacet
  facet normal -0.271734 -0.656102 -0.704053
    outer loop
      vertex -32.4689 0.777314 0.978097
      vertex -32.7166 1.37511 0.516617
      vertex -32.3495 1.22307 0.516617
    endloop
  endfacet
  facet normal -0.299366 -0.403557 -0.864593
    outer loop
      vertex -33.345 1.7518 0.516617
      vertex -32.8656 2.09528 0.190302
      vertex -33.1482 1.60581 0.516617
    endloop
  endfacet
  facet normal -0.299377 -0.403544 -0.864596
    outer loop
      vertex -32.8656 2.09528 0.190302
      vertex -33.345 1.7518 0.516617
      vertex -33.0624 2.24128 0.190302
    endloop
  endfacet
  facet normal -0.332094 -0.801811 -0.496803
    outer loop
      vertex -32.5534 0.462118 1.54329
      vertex -33.1105 0.692858 1.54329
      vertex -32.4689 0.777314 0.978097
    endloop
  endfacet
  facet normal 0.171849 -0.685965 -0.70705
    outer loop
      vertex 32.0005 0.635194 0.978097
      vertex 32.1187 1.14047 0.516617
      vertex 32.2381 0.694718 0.978097
    endloop
  endfacet
  facet normal 0.171838 -0.685965 -0.707053
    outer loop
      vertex 32.1187 1.14047 0.516617
      vertex 32.0005 0.635194 0.978097
      vertex 31.8811 1.08095 0.516617
    endloop
  endfacet
  facet normal 0.113288 -0.860445 -0.496789
    outer loop
      vertex 31.8426 0.284048 1.54329
      vertex 31.2448 0.531662 0.978097
      vertex 31.7581 0.599244 0.978097
    endloop
  endfacet
  facet normal 0.292041 -0.816058 -0.49876
    outer loop
      vertex 32.4689 0.777314 0.978097
      vertex 32.3226 0.379522 1.54329
      vertex 32.2381 0.694718 0.978097
    endloop
  endfacet
  facet normal 0.292041 -0.816058 -0.49876
    outer loop
      vertex 32.3226 0.379522 1.54329
      vertex 32.4689 0.777314 0.978097
      vertex 32.5534 0.462118 1.54329
    endloop
  endfacet
  facet normal -0.656072 -0.271688 -0.704099
    outer loop
      vertex -34.6249 3.28344 0.516617
      vertex -35.2227 3.53105 0.978097
      vertex -34.7769 3.65049 0.516617
    endloop
  endfacet
  facet normal -0.640367 -0.302761 -0.70588
    outer loop
      vertex -35.0245 3.0527 0.978097
      vertex -34.5202 3.06199 0.516617
      vertex -34.9198 2.83125 0.978097
    endloop
  endfacet
  facet normal -0.640367 -0.302761 -0.70588
    outer loop
      vertex -34.5202 3.06199 0.516617
      vertex -35.0245 3.0527 0.978097
      vertex -34.6249 3.28344 0.516617
    endloop
  endfacet
  facet normal 0.0998456 -0.241038 -0.965366
    outer loop
      vertex 32.434 1.86458 0.190302
      vertex 32.0401 2.37792 0.0213881
      vertex 32.1188 2.41052 0.0213881
    endloop
  endfacet
  facet normal -0.0656895 -0.498918 -0.864156
    outer loop
      vertex -31.2448 0.993142 0.516617
      vertex -31.4924 1.59094 0.190302
      vertex -31.2448 1.55834 0.190302
    endloop
  endfacet
  facet normal 0.0628995 -0.251091 -0.965918
    outer loop
      vertex 31.7348 1.62689 0.190302
      vertex 31.8092 2.29532 0.0213881
      vertex 31.9724 1.68641 0.190302
    endloop
  endfacet
  facet normal 0.0628995 -0.251091 -0.965918
    outer loop
      vertex 31.8092 2.29532 0.0213881
      vertex 31.7348 1.62689 0.190302
      vertex 31.5716 2.2358 0.0213881
    endloop
  endfacet
  facet normal 0.234639 -0.936995 -0.258813
    outer loop
      vertex 32.3226 0.379522 1.54329
      vertex 32.1287 0.15684 2.17369
      vertex 32.0849 0.319998 1.54329
    endloop
  endfacet
  facet normal 0.234738 -0.936981 -0.258777
    outer loop
      vertex 32.1287 0.15684 2.17369
      vertex 32.3226 0.379522 1.54329
      vertex 32.3663 0.216365 2.17369
    endloop
  endfacet
  facet normal 0.595607 -0.803276 0
    outer loop
      vertex 33.6265 0.777272 2.17369
      vertex 33.8234 0.923268 7
      vertex 33.6265 0.777272 7
    endloop
  endfacet
  facet normal 0.595607 -0.803276 0
    outer loop
      vertex 33.8234 0.923268 7
      vertex 33.6265 0.777272 2.17369
      vertex 33.8234 0.923268 2.17369
    endloop
  endfacet
  facet normal 0.0347111 -0.706681 -0.706681
    outer loop
      vertex 30.9385 0.978097 0.516617
      vertex 31.2448 0.531662 0.978097
      vertex 30.9385 0.516617 0.978097
    endloop
  endfacet
  facet normal 0.0347111 -0.706681 -0.706681
    outer loop
      vertex 31.2448 0.531662 0.978097
      vertex 30.9385 0.978097 0.516617
      vertex 31.2448 0.993142 0.516617
    endloop
  endfacet
  facet normal 0.336942 -0.941525 0
    outer loop
      vertex 32.3663 0.216365 2.17369
      vertex 32.5971 0.298961 7
      vertex 32.3663 0.216365 7
    endloop
  endfacet
  facet normal 0.336942 -0.941525 0
    outer loop
      vertex 32.5971 0.298961 7
      vertex 32.3663 0.216365 2.17369
      vertex 32.5971 0.298961 2.17369
    endloop
  endfacet
  facet normal -0.497009 -0.0736265 -0.864616
    outer loop
      vertex -34.955 4.36129 0.516617
      vertex -34.3731 4.26523 0.190302
      vertex -34.9191 4.11895 0.516617
    endloop
  endfacet
  facet normal -0.497028 -0.0738343 -0.864588
    outer loop
      vertex -34.3731 4.26523 0.190302
      vertex -34.955 4.36129 0.516617
      vertex -34.4091 4.50757 0.190302
    endloop
  endfacet
  facet normal 0.857666 -0.514208 0
    outer loop
      vertex 35.2227 2.37347 7
      vertex 35.3487 2.58363 2.17369
      vertex 35.3487 2.58363 7
    endloop
  endfacet
  facet normal 0.857666 -0.514208 0
    outer loop
      vertex 35.3487 2.58363 2.17369
      vertex 35.2227 2.37347 7
      vertex 35.2227 2.37347 2.17369
    endloop
  endfacet
  facet normal 0.302761 -0.640297 -0.705943
    outer loop
      vertex 32.9473 0.975455 0.978097
      vertex 32.938 1.47985 0.516617
      vertex 33.1688 1.08019 0.978097
    endloop
  endfacet
  facet normal 0.302898 -0.640267 -0.705912
    outer loop
      vertex 32.938 1.47985 0.516617
      vertex 32.9473 0.975455 0.978097
      vertex 32.7166 1.37511 0.516617
    endloop
  endfacet
  facet normal 0.528374 -0.688463 -0.49683
    outer loop
      vertex 34.2173 1.43661 1.54329
      vertex 33.5758 1.35215 0.978097
      vertex 33.9865 1.66735 0.978097
    endloop
  endfacet
  facet normal 0.528315 -0.688568 -0.496746
    outer loop
      vertex 33.7389 1.06955 1.54329
      vertex 33.5758 1.35215 0.978097
      vertex 34.2173 1.43661 1.54329
    endloop
  endfacet
  facet normal 0.399262 -0.306272 -0.864169
    outer loop
      vertex 34.2482 2.65499 0.516617
      vertex 33.6067 2.73944 0.190302
      vertex 33.7587 2.93759 0.190302
    endloop
  endfacet
  facet normal 0.403564 -0.299331 -0.864602
    outer loop
      vertex 34.2482 2.65499 0.516617
      vertex 33.9047 3.13442 0.190302
      vertex 34.3942 2.85183 0.516617
    endloop
  endfacet
  facet normal 0.403554 -0.299339 -0.864604
    outer loop
      vertex 33.9047 3.13442 0.190302
      vertex 34.2482 2.65499 0.516617
      vertex 33.7587 2.93759 0.190302
    endloop
  endfacet
  facet normal 0.192553 -0.464919 -0.86416
    outer loop
      vertex 32.3495 1.22307 0.516617
      vertex 32.2032 1.76901 0.190302
      vertex 32.7166 1.37511 0.516617
    endloop
  endfacet
  facet normal 0.0737134 -0.497027 -0.864598
    outer loop
      vertex 31.6387 1.045 0.516617
      vertex 31.7348 1.62689 0.190302
      vertex 31.8811 1.08095 0.516617
    endloop
  endfacet
  facet normal 0.0737134 -0.497027 -0.864598
    outer loop
      vertex 31.7348 1.62689 0.190302
      vertex 31.6387 1.045 0.516617
      vertex 31.4924 1.59094 0.190302
    endloop
  endfacet
  facet normal 0.0656836 -0.498916 -0.864158
    outer loop
      vertex 31.6387 1.045 0.516617
      vertex 31.2448 0.993142 0.516617
      vertex 31.4924 1.59094 0.190302
    endloop
  endfacet
  facet normal 0.704061 -0.0927666 -0.704054
    outer loop
      vertex 35.3133 4.35582 0.875641
      vertex 34.955 4.36129 0.516617
      vertex 35.0069 4.75519 0.516617
    endloop
  endfacet
  facet normal 0.704052 -0.0928881 -0.704047
    outer loop
      vertex 35.3498 4.27773 0.922444
      vertex 34.955 4.36129 0.516617
      vertex 35.3133 4.35582 0.875641
    endloop
  endfacet
  facet normal 0.704015 -0.0931045 -0.704056
    outer loop
      vertex 34.955 4.36129 0.516617
      vertex 35.3498 4.27773 0.922444
      vertex 35.366 4.25115 0.942158
    endloop
  endfacet
  facet normal 0.656083 -0.271842 -0.704029
    outer loop
      vertex 35.0245 3.0527 0.978097
      vertex 34.6249 3.28344 0.516617
      vertex 35.2227 3.53105 0.978097
    endloop
  endfacet
  facet normal 0.801771 -0.332207 -0.496792
    outer loop
      vertex 35.3071 2.88954 1.54329
      vertex 35.0245 3.0527 0.978097
      vertex 35.2227 3.53105 0.978097
    endloop
  endfacet
  facet normal 0.471977 -0.168877 -0.865285
    outer loop
      vertex 34.7769 3.65049 0.516617
      vertex 34.3136 4.02762 0.190302
      vertex 34.8595 3.88134 0.516617
    endloop
  endfacet
  facet normal 0.471977 -0.168877 -0.865285
    outer loop
      vertex 34.3136 4.02762 0.190302
      vertex 34.7769 3.65049 0.516617
      vertex 34.231 3.79677 0.190302
    endloop
  endfacet
  facet normal -0.0340413 -0.258677 -0.965364
    outer loop
      vertex -31.2448 2.18873 0.0213881
      vertex -31.4924 1.59094 0.190302
      vertex -31.3293 2.19985 0.0213881
    endloop
  endfacet
  facet normal -0.127309 -0.858054 -0.497529
    outer loop
      vertex -32.0005 0.635194 0.978097
      vertex -31.8426 0.284048 1.54329
      vertex -32.0849 0.319998 1.54329
    endloop
  endfacet
  facet normal -0.127257 -0.858054 -0.497544
    outer loop
      vertex -31.8426 0.284048 1.54329
      vertex -32.0005 0.635194 0.978097
      vertex -31.7581 0.599244 0.978097
    endloop
  endfacet
  facet normal -0.158787 -0.207009 -0.965367
    outer loop
      vertex -33.0624 2.24128 0.190302
      vertex -33.2606 2.39331 0.190302
      vertex -32.8148 2.83907 0.0213881
    endloop
  endfacet
  facet normal -0.306267 -0.399277 -0.864163
    outer loop
      vertex -33.0624 2.24128 0.190302
      vertex -33.345 1.7518 0.516617
      vertex -33.2606 2.39331 0.190302
    endloop
  endfacet
  facet normal -0.133055 -0.222039 -0.965917
    outer loop
      vertex -32.8656 2.09528 0.190302
      vertex -32.3402 2.51525 0.0213881
      vertex -32.6554 1.96932 0.190302
    endloop
  endfacet
  facet normal -0.133061 -0.222032 -0.965918
    outer loop
      vertex -32.3402 2.51525 0.0213881
      vertex -32.8656 2.09528 0.190302
      vertex -32.5504 2.64122 0.0213881
    endloop
  endfacet
  facet normal -0.271741 -0.656102 -0.70405
    outer loop
      vertex -32.4689 0.777314 0.978097
      vertex -32.9473 0.975455 0.978097
      vertex -32.7166 1.37511 0.516617
    endloop
  endfacet
  facet normal -0.332091 -0.801814 -0.496799
    outer loop
      vertex -32.4689 0.777314 0.978097
      vertex -33.1105 0.692858 1.54329
      vertex -32.9473 0.975455 0.978097
    endloop
  endfacet
  facet normal -0.363601 -0.606484 -0.707087
    outer loop
      vertex -33.3789 1.20615 0.978097
      vertex -32.938 1.47985 0.516617
      vertex -33.1688 1.08019 0.978097
    endloop
  endfacet
  facet normal -0.363494 -0.606593 -0.707049
    outer loop
      vertex -32.938 1.47985 0.516617
      vertex -33.3789 1.20615 0.978097
      vertex -33.1482 1.60581 0.516617
    endloop
  endfacet
  facet normal -0.325535 -0.909651 -0.257998
    outer loop
      vertex -32.5534 0.462118 1.54329
      vertex -32.3663 0.216365 2.17369
      vertex -32.5971 0.298961 2.17369
    endloop
  endfacet
  facet normal -0.325535 -0.909651 -0.257998
    outer loop
      vertex -32.3663 0.216365 2.17369
      vertex -32.5534 0.462118 1.54329
      vertex -32.3226 0.379522 1.54329
    endloop
  endfacet
  facet normal -0.171838 -0.685965 -0.707053
    outer loop
      vertex -32.0005 0.635194 0.978097
      vertex -32.1187 1.14047 0.516617
      vertex -31.8811 1.08095 0.516617
    endloop
  endfacet
  facet normal -0.171849 -0.685965 -0.70705
    outer loop
      vertex -32.1187 1.14047 0.516617
      vertex -32.0005 0.635194 0.978097
      vertex -32.2381 0.694718 0.978097
    endloop
  endfacet
  facet normal -0.0127159 -0.258796 -0.965848
    outer loop
      vertex -31.2448 1.55834 0.190302
      vertex -30.9385 2.17369 0.0213881
      vertex -30.9385 1.54329 0.190302
    endloop
  endfacet
  facet normal -0.0127077 -0.2588 -0.965847
    outer loop
      vertex -30.9385 2.17369 0.0213881
      vertex -31.2448 1.55834 0.190302
      vertex -31.2448 2.18873 0.0213881
    endloop
  endfacet
  facet normal -0.783584 -0.370473 -0.498745
    outer loop
      vertex -34.9198 2.83125 0.978097
      vertex -35.3071 2.88954 1.54329
      vertex -35.0245 3.0527 0.978097
    endloop
  endfacet
  facet normal -0.783584 -0.370473 -0.498745
    outer loop
      vertex -35.3071 2.88954 1.54329
      vertex -34.9198 2.83125 0.978097
      vertex -35.2024 2.66809 1.54329
    endloop
  endfacet
  facet normal -0.1467 -0.989181 0
    outer loop
      vertex -32.1287 0.15684 2.17369
      vertex -31.8863 0.120891 7
      vertex -32.1287 0.15684 7
    endloop
  endfacet
  facet normal -0.1467 -0.989181 -0
    outer loop
      vertex -31.8863 0.120891 7
      vertex -32.1287 0.15684 2.17369
      vertex -31.8863 0.120891 2.17369
    endloop
  endfacet
  facet normal 0.243016 -0.970022 0
    outer loop
      vertex 32.1287 0.15684 2.17369
      vertex 32.3663 0.216365 7
      vertex 32.1287 0.15684 7
    endloop
  endfacet
  facet normal 0.243016 -0.970022 0
    outer loop
      vertex 32.3663 0.216365 7
      vertex 32.1287 0.15684 2.17369
      vertex 32.3663 0.216365 2.17369
    endloop
  endfacet
  facet normal 0.113279 -0.860451 -0.496782
    outer loop
      vertex 31.8426 0.284048 1.54329
      vertex 31.2448 0.205347 1.54329
      vertex 31.2448 0.531662 0.978097
    endloop
  endfacet
  facet normal 0.0926981 -0.704062 -0.704062
    outer loop
      vertex 31.7581 0.599244 0.978097
      vertex 31.2448 0.531662 0.978097
      vertex 31.2448 0.993142 0.516617
    endloop
  endfacet
  facet normal 0.257033 -0.428933 -0.865997
    outer loop
      vertex 32.6554 1.96932 0.190302
      vertex 33.1482 1.60581 0.516617
      vertex 32.938 1.47985 0.516617
    endloop
  endfacet
  facet normal 0.257033 -0.428933 -0.865997
    outer loop
      vertex 33.1482 1.60581 0.516617
      vertex 32.6554 1.96932 0.190302
      vertex 32.8656 2.09528 0.190302
    endloop
  endfacet
  facet normal 0.0926922 -0.704066 -0.704059
    outer loop
      vertex 31.7581 0.599244 0.978097
      vertex 31.2448 0.993142 0.516617
      vertex 31.6387 1.045 0.516617
    endloop
  endfacet
  facet normal -0.0926922 -0.704066 -0.704059
    outer loop
      vertex -31.2448 0.993142 0.516617
      vertex -31.7581 0.599244 0.978097
      vertex -31.6387 1.045 0.516617
    endloop
  endfacet
  facet normal -0.104077 -0.701757 -0.704774
    outer loop
      vertex -31.7581 0.599244 0.978097
      vertex -31.8811 1.08095 0.516617
      vertex -31.6387 1.045 0.516617
    endloop
  endfacet
  facet normal -0.104077 -0.701757 -0.704774
    outer loop
      vertex -31.8811 1.08095 0.516617
      vertex -31.7581 0.599244 0.978097
      vertex -32.0005 0.635194 0.978097
    endloop
  endfacet
  facet normal -0.0998456 -0.241038 -0.965366
    outer loop
      vertex -32.0401 2.37792 0.0213881
      vertex -32.434 1.86458 0.190302
      vertex -32.1188 2.41052 0.0213881
    endloop
  endfacet
  facet normal -0.0998179 -0.241059 -0.965364
    outer loop
      vertex -32.2032 1.76901 0.190302
      vertex -32.434 1.86458 0.190302
      vertex -32.0401 2.37792 0.0213881
    endloop
  endfacet
  facet normal -0.257033 -0.428933 -0.865997
    outer loop
      vertex -33.1482 1.60581 0.516617
      vertex -32.6554 1.96932 0.190302
      vertex -32.938 1.47985 0.516617
    endloop
  endfacet
  facet normal -0.257033 -0.428933 -0.865997
    outer loop
      vertex -32.6554 1.96932 0.190302
      vertex -33.1482 1.60581 0.516617
      vertex -32.8656 2.09528 0.190302
    endloop
  endfacet
  facet normal 0.575759 -0.776118 -0.257181
    outer loop
      vertex 33.7389 1.06955 1.54329
      vertex 33.6265 0.777272 2.17369
      vertex 33.5421 0.923555 1.54329
    endloop
  endfacet
  facet normal 0.575559 -0.776237 -0.257272
    outer loop
      vertex 33.6265 0.777272 2.17369
      vertex 33.7389 1.06955 1.54329
      vertex 33.8234 0.923268 2.17369
    endloop
  endfacet
  facet normal 0.369855 -0.892919 -0.256717
    outer loop
      vertex 33.1949 0.546575 2.17369
      vertex 32.5971 0.298961 2.17369
      vertex 33.1105 0.692858 1.54329
    endloop
  endfacet
  facet normal 0.413153 -0.873358 -0.257975
    outer loop
      vertex 33.3319 0.797594 1.54329
      vertex 33.1949 0.546575 2.17369
      vertex 33.1105 0.692858 1.54329
    endloop
  endfacet
  facet normal 0.412994 -0.873416 -0.258033
    outer loop
      vertex 33.1949 0.546575 2.17369
      vertex 33.3319 0.797594 1.54329
      vertex 33.4164 0.651311 2.17369
    endloop
  endfacet
  facet normal 0.141825 -0.955886 -0.257229
    outer loop
      vertex 32.0849 0.319998 1.54329
      vertex 31.8863 0.120891 2.17369
      vertex 31.8426 0.284048 1.54329
    endloop
  endfacet
  facet normal 0.141763 -0.95589 -0.25725
    outer loop
      vertex 31.8863 0.120891 2.17369
      vertex 32.0849 0.319998 1.54329
      vertex 32.1287 0.15684 2.17369
    endloop
  endfacet
  facet normal 0.126155 -0.95821 -0.256744
    outer loop
      vertex 31.8863 0.120891 2.17369
      vertex 31.2448 0.0364332 2.17369
      vertex 31.8426 0.284048 1.54329
    endloop
  endfacet
  facet normal 0.989205 -0.14654 0
    outer loop
      vertex 35.8432 3.87134 7
      vertex 35.8791 4.11368 5.95588
      vertex 35.8791 4.11368 7
    endloop
  endfacet
  facet normal 0.989198 -0.146585 -1.08307e-05
    outer loop
      vertex 35.8791 4.11368 5.95588
      vertex 35.8432 3.87134 7
      vertex 35.8672 4.03338 5.89633
    endloop
  endfacet
  facet normal 0.989209 -0.146513 0
    outer loop
      vertex 35.8672 4.03338 5.89633
      vertex 35.8432 3.87134 7
      vertex 35.8432 3.87134 5.74946
    endloop
  endfacet
  facet normal -0.0737134 -0.497027 -0.864598
    outer loop
      vertex -31.6387 1.045 0.516617
      vertex -31.7348 1.62689 0.190302
      vertex -31.4924 1.59094 0.190302
    endloop
  endfacet
  facet normal -0.0737134 -0.497027 -0.864598
    outer loop
      vertex -31.7348 1.62689 0.190302
      vertex -31.6387 1.045 0.516617
      vertex -31.8811 1.08095 0.516617
    endloop
  endfacet
  facet normal -0.121509 -0.485057 -0.866
    outer loop
      vertex -31.8811 1.08095 0.516617
      vertex -31.9724 1.68641 0.190302
      vertex -31.7348 1.62689 0.190302
    endloop
  endfacet
  facet normal -0.121509 -0.485057 -0.866
    outer loop
      vertex -31.9724 1.68641 0.190302
      vertex -31.8811 1.08095 0.516617
      vertex -32.1187 1.14047 0.516617
    endloop
  endfacet
  facet normal -0.111018 -0.234694 -0.965709
    outer loop
      vertex -32.434 1.86458 0.190302
      vertex -32.3402 2.51525 0.0213881
      vertex -32.1188 2.41052 0.0213881
    endloop
  endfacet
  facet normal -0.111028 -0.234692 -0.965708
    outer loop
      vertex -32.3402 2.51525 0.0213881
      vertex -32.434 1.86458 0.190302
      vertex -32.6554 1.96932 0.190302
    endloop
  endfacet
  facet normal 0.0490597 -0.998796 0
    outer loop
      vertex 30.9385 0.0213881 2.17369
      vertex 31.2448 0.0364332 7
      vertex 30.9385 0.0213881 7
    endloop
  endfacet
  facet normal 0.0490597 -0.998796 0
    outer loop
      vertex 31.2448 0.0364332 7
      vertex 30.9385 0.0213881 2.17369
      vertex 31.2448 0.0364332 2.17369
    endloop
  endfacet
  facet normal 0 0 -1
    outer loop
      vertex -21.2 0 7
      vertex -10.4089 0.0213881 7
      vertex -10.4089 0 7
    endloop
  endfacet
  facet normal -0 0 -1
    outer loop
      vertex -10.4089 0.0213881 7
      vertex -21.2 0 7
      vertex -21.2 0.0213881 7
    endloop
  endfacet
  facet normal 0 0 -1
    outer loop
      vertex 10.4089 0 7
      vertex 21.2 0.0213881 7
      vertex 21.2 0 7
    endloop
  endfacet
  facet normal -0 0 -1
    outer loop
      vertex 21.2 0.0213881 7
      vertex 10.4089 0 7
      vertex 10.4089 0.0213881 7
    endloop
  endfacet
  facet normal 0 0 1
    outer loop
      vertex -27.9077 11.8432 7
      vertex -21.2 14 7
      vertex -27.9 12 7
    endloop
  endfacet
  facet normal 0 0 1
    outer loop
      vertex -21.2 14 7
      vertex -27.9077 12.1568 7
      vertex -27.9 12 7
    endloop
  endfacet
  facet normal 0 0 1
    outer loop
      vertex -21.2 14 7
      vertex -27.9307 12.3121 7
      vertex -27.9077 12.1568 7
    endloop
  endfacet
  facet normal 0 0 1
    outer loop
      vertex -21.2 14 7
      vertex -27.9689 12.4645 7
      vertex -27.9307 12.3121 7
    endloop
  endfacet
  facet normal 0 0 1
    outer loop
      vertex -21.2 14 7
      vertex -28.0218 12.6123 7
      vertex -27.9689 12.4645 7
    endloop
  endfacet
  facet normal 0 0 1
    outer loop
      vertex -21.2 14 7
      vertex -28.0889 12.7542 7
      vertex -28.0218 12.6123 7
    endloop
  endfacet
  facet normal 0 0 1
    outer loop
      vertex -21.2 14 7
      vertex -28.1696 12.8889 7
      vertex -28.0889 12.7542 7
    endloop
  endfacet
  facet normal 0 0 1
    outer loop
      vertex -21.2 14 7
      vertex -28.2632 13.015 7
      vertex -28.1696 12.8889 7
    endloop
  endfacet
  facet normal 0 0 1
    outer loop
      vertex -21.2 14 7
      vertex -28.3686 13.1314 7
      vertex -28.2632 13.015 7
    endloop
  endfacet
  facet normal 0 0 1
    outer loop
      vertex -21.2 14 7
      vertex -28.485 13.2368 7
      vertex -28.3686 13.1314 7
    endloop
  endfacet
  facet normal 0 0 1
    outer loop
      vertex -21.2 14 7
      vertex -28.6111 13.3304 7
      vertex -28.485 13.2368 7
    endloop
  endfacet
  facet normal 0 0 1
    outer loop
      vertex -21.2 14 7
      vertex -28.7458 13.4111 7
      vertex -28.6111 13.3304 7
    endloop
  endfacet
  facet normal 0 0 1
    outer loop
      vertex -21.2 14 7
      vertex -28.8877 13.4782 7
      vertex -28.7458 13.4111 7
    endloop
  endfacet
  facet normal 0 0 1
    outer loop
      vertex -21.2 14 7
      vertex -29.0355 13.5311 7
      vertex -28.8877 13.4782 7
    endloop
  endfacet
  facet normal 0 0 1
    outer loop
      vertex -21.2 14 7
      vertex -29.1879 13.5693 7
      vertex -29.0355 13.5311 7
    endloop
  endfacet
  facet normal 0 0 1
    outer loop
      vertex -21.2 14 7
      vertex -29.3432 13.5923 7
      vertex -29.1879 13.5693 7
    endloop
  endfacet
  facet normal 0 0 1
    outer loop
      vertex -21.2 14 7
      vertex -29.5 13.6 7
      vertex -29.3432 13.5923 7
    endloop
  endfacet
  facet normal 0 0 1
    outer loop
      vertex -29.8121 10.4307 7
      vertex -31.8863 0.120891 7
      vertex -31.2448 0.0364332 7
    endloop
  endfacet
  facet normal 0 0 1
    outer loop
      vertex -35.9786 14 7
      vertex -31.1 12 7
      vertex -31.0923 12.1568 7
    endloop
  endfacet
  facet normal 0 0 1
    outer loop
      vertex -31.0923 11.8432 7
      vertex -35.9786 5.06149 7
      vertex -31.8863 0.120891 7
    endloop
  endfacet
  facet normal -0 -0 1
    outer loop
      vertex -35.9636 4.75519 7
      vertex -31.8863 0.120891 7
      vertex -35.9786 5.06149 7
    endloop
  endfacet
  facet normal -0 -0 1
    outer loop
      vertex -32.5971 0.298961 7
      vertex -31.8863 0.120891 7
      vertex -35.9636 4.75519 7
    endloop
  endfacet
  facet normal 0 0 1
    outer loop
      vertex -32.1287 0.15684 7
      vertex -32.5971 0.298961 7
      vertex -32.3663 0.216365 7
    endloop
  endfacet
  facet normal 0 0 1
    outer loop
      vertex -35.9786 14 7
      vertex -31.0923 12.1568 7
      vertex -31.0693 12.3121 7
    endloop
  endfacet
  facet normal 0 0 1
    outer loop
      vertex -31.8863 0.120891 7
      vertex -32.5971 0.298961 7
      vertex -32.1287 0.15684 7
    endloop
  endfacet
  facet normal 0 0 1
    outer loop
      vertex -32.5971 0.298961 7
      vertex -35.9636 4.75519 7
      vertex -33.1949 0.546575 7
    endloop
  endfacet
  facet normal 0 0 1
    outer loop
      vertex -33.1949 0.546575 7
      vertex -33.8234 0.923268 7
      vertex -33.4164 0.651311 7
    endloop
  endfacet
  facet normal 0 0 1
    outer loop
      vertex -33.4164 0.651311 7
      vertex -33.8234 0.923268 7
      vertex -33.6265 0.777272 7
    endloop
  endfacet
  facet normal 0 0 1
    outer loop
      vertex -35.9786 14 7
      vertex -31.0693 12.3121 7
      vertex -31.0311 12.4645 7
    endloop
  endfacet
  facet normal 0 0 1
    outer loop
      vertex -33.1949 0.546575 7
      vertex -35.9636 4.75519 7
      vertex -33.8234 0.923268 7
    endloop
  endfacet
  facet normal 0 0 1
    outer loop
      vertex -33.8234 0.923268 7
      vertex -35.0767 2.17663 7
      vertex -34.3367 1.31717 7
    endloop
  endfacet
  facet normal 0 0 1
    outer loop
      vertex -34.3367 1.31717 7
      vertex -34.6828 1.6633 7
      vertex -34.5183 1.48172 7
    endloop
  endfacet
  facet normal 0 0 1
    outer loop
      vertex -35.9786 14 7
      vertex -31.0311 12.4645 7
      vertex -30.9782 12.6123 7
    endloop
  endfacet
  facet normal 0 0 1
    outer loop
      vertex -34.3367 1.31717 7
      vertex -35.0767 2.17663 7
      vertex -34.6828 1.6633 7
    endloop
  endfacet
  facet normal 0 0 1
    outer loop
      vertex -33.8234 0.923268 7
      vertex -35.8791 4.11368 7
      vertex -35.0767 2.17663 7
    endloop
  endfacet
  facet normal 0 0 1
    outer loop
      vertex -35.0767 2.17663 7
      vertex -35.4534 2.80508 7
      vertex -35.2227 2.37347 7
    endloop
  endfacet
  facet normal 0 0 1
    outer loop
      vertex -35.2227 2.37347 7
      vertex -35.4534 2.80508 7
      vertex -35.3487 2.58363 7
    endloop
  endfacet
  facet normal 0 0 1
    outer loop
      vertex -35.9786 14 7
      vertex -30.9782 12.6123 7
      vertex -30.9111 12.7542 7
    endloop
  endfacet
  facet normal 0 0 1
    outer loop
      vertex -35.0767 2.17663 7
      vertex -35.8791 4.11368 7
      vertex -35.4534 2.80508 7
    endloop
  endfacet
  facet normal 0 0 1
    outer loop
      vertex -35.701 3.40288 7
      vertex -35.8791 4.11368 7
      vertex -35.7836 3.63373 7
    endloop
  endfacet
  facet normal 0 0 1
    outer loop
      vertex -35.7836 3.63373 7
      vertex -35.8791 4.11368 7
      vertex -35.8432 3.87134 7
    endloop
  endfacet
  facet normal 0 0 1
    outer loop
      vertex -35.4534 2.80508 7
      vertex -35.8791 4.11368 7
      vertex -35.701 3.40288 7
    endloop
  endfacet
  facet normal 0 0 1
    outer loop
      vertex -35.9786 14 7
      vertex -30.9111 12.7542 7
      vertex -30.8304 12.8889 7
    endloop
  endfacet
  facet normal -0 0 1
    outer loop
      vertex -35.9786 14 7
      vertex -29.5 13.6 7
      vertex -21.2 14 7
    endloop
  endfacet
  facet normal 0 0 1
    outer loop
      vertex -35.9786 14 7
      vertex -29.6568 13.5923 7
      vertex -29.5 13.6 7
    endloop
  endfacet
  facet normal 0 0 1
    outer loop
      vertex -35.9786 14 7
      vertex -29.8121 13.5693 7
      vertex -29.6568 13.5923 7
    endloop
  endfacet
  facet normal 0 0 1
    outer loop
      vertex -35.9786 14 7
      vertex -29.9645 13.5311 7
      vertex -29.8121 13.5693 7
    endloop
  endfacet
  facet normal 0 0 1
    outer loop
      vertex -35.9786 14 7
      vertex -30.1123 13.4782 7
      vertex -29.9645 13.5311 7
    endloop
  endfacet
  facet normal 0 0 1
    outer loop
      vertex -35.9786 14 7
      vertex -30.2542 13.4111 7
      vertex -30.1123 13.4782 7
    endloop
  endfacet
  facet normal 0 0 1
    outer loop
      vertex -35.9786 14 7
      vertex -30.3889 13.3304 7
      vertex -30.2542 13.4111 7
    endloop
  endfacet
  facet normal 0 0 1
    outer loop
      vertex -35.9786 14 7
      vertex -30.515 13.2368 7
      vertex -30.3889 13.3304 7
    endloop
  endfacet
  facet normal 0 0 1
    outer loop
      vertex -35.9786 14 7
      vertex -30.6314 13.1314 7
      vertex -30.515 13.2368 7
    endloop
  endfacet
  facet normal 0 0 1
    outer loop
      vertex -35.9786 14 7
      vertex -30.7368 13.015 7
      vertex -30.6314 13.1314 7
    endloop
  endfacet
  facet normal 0 0 1
    outer loop
      vertex -35.9786 14 7
      vertex -30.8304 12.8889 7
      vertex -30.7368 13.015 7
    endloop
  endfacet
  facet normal 0 0 1
    outer loop
      vertex -31.0923 11.8432 7
      vertex -35.9786 14 7
      vertex -35.9786 5.06149 7
    endloop
  endfacet
  facet normal 0 0 1
    outer loop
      vertex -33.8234 0.923268 7
      vertex -35.9636 4.75519 7
      vertex -35.8791 4.11368 7
    endloop
  endfacet
  facet normal 0 0 1
    outer loop
      vertex -27.9307 11.6879 7
      vertex -21.2 14 7
      vertex -27.9077 11.8432 7
    endloop
  endfacet
  facet normal 0 0 1
    outer loop
      vertex -27.9689 11.5355 7
      vertex -21.2 14 7
      vertex -27.9307 11.6879 7
    endloop
  endfacet
  facet normal 0 0 1
    outer loop
      vertex -28.0218 11.3877 7
      vertex -21.2 14 7
      vertex -27.9689 11.5355 7
    endloop
  endfacet
  facet normal 0 0 1
    outer loop
      vertex -28.0889 11.2458 7
      vertex -21.2 14 7
      vertex -28.0218 11.3877 7
    endloop
  endfacet
  facet normal 0 0 1
    outer loop
      vertex -28.1696 11.1111 7
      vertex -21.2 14 7
      vertex -28.0889 11.2458 7
    endloop
  endfacet
  facet normal 0 0 1
    outer loop
      vertex -21.2 14 7
      vertex -28.1696 11.1111 7
      vertex -21.2 0.0213881 7
    endloop
  endfacet
  facet normal -0 0 1
    outer loop
      vertex -28.2632 10.985 7
      vertex -21.2 0.0213881 7
      vertex -28.1696 11.1111 7
    endloop
  endfacet
  facet normal -0 0 1
    outer loop
      vertex -28.3686 10.8686 7
      vertex -21.2 0.0213881 7
      vertex -28.2632 10.985 7
    endloop
  endfacet
  facet normal -0 0 1
    outer loop
      vertex -28.485 10.7632 7
      vertex -21.2 0.0213881 7
      vertex -28.3686 10.8686 7
    endloop
  endfacet
  facet normal -0 0 1
    outer loop
      vertex -28.6111 10.6696 7
      vertex -21.2 0.0213881 7
      vertex -28.485 10.7632 7
    endloop
  endfacet
  facet normal -0 0 1
    outer loop
      vertex -28.7458 10.5889 7
      vertex -21.2 0.0213881 7
      vertex -28.6111 10.6696 7
    endloop
  endfacet
  facet normal -0 0 1
    outer loop
      vertex -28.8877 10.5218 7
      vertex -21.2 0.0213881 7
      vertex -28.7458 10.5889 7
    endloop
  endfacet
  facet normal 0 0 1
    outer loop
      vertex -30.9385 0.0213881 7
      vertex -28.8877 10.5218 7
      vertex -29.0355 10.4689 7
    endloop
  endfacet
  facet normal 0 0 1
    outer loop
      vertex -30.9385 0.0213881 7
      vertex -29.0355 10.4689 7
      vertex -29.1879 10.4307 7
    endloop
  endfacet
  facet normal 0 0 1
    outer loop
      vertex -30.9385 0.0213881 7
      vertex -29.1879 10.4307 7
      vertex -29.3432 10.4077 7
    endloop
  endfacet
  facet normal 0 0 1
    outer loop
      vertex -30.9385 0.0213881 7
      vertex -29.3432 10.4077 7
      vertex -29.5 10.4 7
    endloop
  endfacet
  facet normal 0 0 1
    outer loop
      vertex -30.9385 0.0213881 7
      vertex -29.5 10.4 7
      vertex -29.6568 10.4077 7
    endloop
  endfacet
  facet normal 0 0 1
    outer loop
      vertex -30.9385 0.0213881 7
      vertex -29.6568 10.4077 7
      vertex -29.8121 10.4307 7
    endloop
  endfacet
  facet normal 0 0 1
    outer loop
      vertex -31.8863 0.120891 7
      vertex -29.8121 10.4307 7
      vertex -29.9645 10.4689 7
    endloop
  endfacet
  facet normal 0 0 1
    outer loop
      vertex -31.8863 0.120891 7
      vertex -29.9645 10.4689 7
      vertex -30.1123 10.5218 7
    endloop
  endfacet
  facet normal 0 0 1
    outer loop
      vertex -31.8863 0.120891 7
      vertex -30.1123 10.5218 7
      vertex -30.2542 10.5889 7
    endloop
  endfacet
  facet normal 0 0 1
    outer loop
      vertex -31.8863 0.120891 7
      vertex -30.2542 10.5889 7
      vertex -30.3889 10.6696 7
    endloop
  endfacet
  facet normal 0 0 1
    outer loop
      vertex -31.8863 0.120891 7
      vertex -30.3889 10.6696 7
      vertex -30.515 10.7632 7
    endloop
  endfacet
  facet normal 0 0 1
    outer loop
      vertex -31.8863 0.120891 7
      vertex -30.515 10.7632 7
      vertex -30.6314 10.8686 7
    endloop
  endfacet
  facet normal 0 0 1
    outer loop
      vertex -31.8863 0.120891 7
      vertex -30.6314 10.8686 7
      vertex -30.7368 10.985 7
    endloop
  endfacet
  facet normal 0 0 1
    outer loop
      vertex -28.8877 10.5218 7
      vertex -30.9385 0.0213881 7
      vertex -21.2 0.0213881 7
    endloop
  endfacet
  facet normal 0 0 1
    outer loop
      vertex -31.8863 0.120891 7
      vertex -30.7368 10.985 7
      vertex -30.8304 11.1111 7
    endloop
  endfacet
  facet normal 0 0 1
    outer loop
      vertex -31.8863 0.120891 7
      vertex -30.8304 11.1111 7
      vertex -30.9111 11.2458 7
    endloop
  endfacet
  facet normal 0 0 1
    outer loop
      vertex -31.8863 0.120891 7
      vertex -30.9111 11.2458 7
      vertex -30.9782 11.3877 7
    endloop
  endfacet
  facet normal 0 0 1
    outer loop
      vertex -31.8863 0.120891 7
      vertex -30.9782 11.3877 7
      vertex -31.0311 11.5355 7
    endloop
  endfacet
  facet normal 0 0 1
    outer loop
      vertex -31.8863 0.120891 7
      vertex -31.0311 11.5355 7
      vertex -31.0693 11.6879 7
    endloop
  endfacet
  facet normal 0 0 1
    outer loop
      vertex -31.8863 0.120891 7
      vertex -31.0693 11.6879 7
      vertex -31.0923 11.8432 7
    endloop
  endfacet
  facet normal 0 0 1
    outer loop
      vertex -35.9786 14 7
      vertex -31.0923 11.8432 7
      vertex -31.1 12 7
    endloop
  endfacet
  facet normal 0 0 1
    outer loop
      vertex -29.8121 10.4307 7
      vertex -31.2448 0.0364332 7
      vertex -30.9385 0.0213881 7
    endloop
  endfacet
  facet normal -0 0 1
    outer loop
      vertex 30.9782 11.3877 7
      vertex 35.9786 5.06149 7
      vertex 35.9786 14 7
    endloop
  endfacet
  facet normal -0 0 1
    outer loop
      vertex 30.9111 11.2458 7
      vertex 35.9786 5.06149 7
      vertex 30.9782 11.3877 7
    endloop
  endfacet
  facet normal -0 0 1
    outer loop
      vertex 30.7368 10.985 7
      vertex 35.9786 5.06149 7
      vertex 30.8304 11.1111 7
    endloop
  endfacet
  facet normal -0 0 1
    outer loop
      vertex 30.6314 10.8686 7
      vertex 35.9786 5.06149 7
      vertex 30.7368 10.985 7
    endloop
  endfacet
  facet normal -0 0 1
    outer loop
      vertex 30.515 10.7632 7
      vertex 35.9786 5.06149 7
      vertex 30.6314 10.8686 7
    endloop
  endfacet
  facet normal -0 0 1
    outer loop
      vertex 30.3889 10.6696 7
      vertex 35.9786 5.06149 7
      vertex 30.515 10.7632 7
    endloop
  endfacet
  facet normal -0 0 1
    outer loop
      vertex 30.2542 10.5889 7
      vertex 35.9786 5.06149 7
      vertex 30.3889 10.6696 7
    endloop
  endfacet
  facet normal -0 0 1
    outer loop
      vertex 29.9645 10.4689 7
      vertex 35.9786 5.06149 7
      vertex 30.1123 10.5218 7
    endloop
  endfacet
  facet normal -0 0 1
    outer loop
      vertex 29.8121 10.4307 7
      vertex 35.9786 5.06149 7
      vertex 29.9645 10.4689 7
    endloop
  endfacet
  facet normal 0 -0 1
    outer loop
      vertex 30.9385 0.0213881 7
      vertex 35.9786 5.06149 7
      vertex 29.8121 10.4307 7
    endloop
  endfacet
  facet normal 0 0 1
    outer loop
      vertex 35.9786 5.06149 7
      vertex 30.9385 0.0213881 7
      vertex 35.9636 4.75519 7
    endloop
  endfacet
  facet normal 0 -0 1
    outer loop
      vertex 31.2448 0.0364332 7
      vertex 35.9636 4.75519 7
      vertex 30.9385 0.0213881 7
    endloop
  endfacet
  facet normal 0 0 1
    outer loop
      vertex 35.9636 4.75519 7
      vertex 31.2448 0.0364332 7
      vertex 35.8791 4.11368 7
    endloop
  endfacet
  facet normal 0 0 1
    outer loop
      vertex 35.8432 3.87134 7
      vertex 35.701 3.40288 7
      vertex 35.7836 3.63373 7
    endloop
  endfacet
  facet normal 0 0 1
    outer loop
      vertex 35.8791 4.11368 7
      vertex 35.701 3.40288 7
      vertex 35.8432 3.87134 7
    endloop
  endfacet
  facet normal 0 0 1
    outer loop
      vertex 35.701 3.40288 7
      vertex 31.2448 0.0364332 7
      vertex 35.4534 2.80508 7
    endloop
  endfacet
  facet normal 0 0 1
    outer loop
      vertex 35.4534 2.80508 7
      vertex 35.0767 2.17663 7
      vertex 35.3487 2.58363 7
    endloop
  endfacet
  facet normal 0 0 1
    outer loop
      vertex 35.4534 2.80508 7
      vertex 31.2448 0.0364332 7
      vertex 35.0767 2.17663 7
    endloop
  endfacet
  facet normal 0 0 1
    outer loop
      vertex 35.0767 2.17663 7
      vertex 33.8234 0.923268 7
      vertex 34.6828 1.6633 7
    endloop
  endfacet
  facet normal 0 0 1
    outer loop
      vertex 34.6828 1.6633 7
      vertex 34.3367 1.31717 7
      vertex 34.5183 1.48172 7
    endloop
  endfacet
  facet normal 0 0 1
    outer loop
      vertex 34.6828 1.6633 7
      vertex 33.8234 0.923268 7
      vertex 34.3367 1.31717 7
    endloop
  endfacet
  facet normal 0 0 1
    outer loop
      vertex 31.0923 11.8432 7
      vertex 35.9786 14 7
      vertex 31.1 12 7
    endloop
  endfacet
  facet normal 0 0 1
    outer loop
      vertex 35.9786 14 7
      vertex 31.0923 12.1568 7
      vertex 31.1 12 7
    endloop
  endfacet
  facet normal 0 0 1
    outer loop
      vertex 35.9786 14 7
      vertex 31.0693 12.3121 7
      vertex 31.0923 12.1568 7
    endloop
  endfacet
  facet normal 0 0 1
    outer loop
      vertex 35.9786 14 7
      vertex 31.0311 12.4645 7
      vertex 31.0693 12.3121 7
    endloop
  endfacet
  facet normal 0 0 1
    outer loop
      vertex 35.9786 14 7
      vertex 30.9782 12.6123 7
      vertex 31.0311 12.4645 7
    endloop
  endfacet
  facet normal 0 0 1
    outer loop
      vertex 35.9786 14 7
      vertex 30.9111 12.7542 7
      vertex 30.9782 12.6123 7
    endloop
  endfacet
  facet normal 0 0 1
    outer loop
      vertex 35.9786 14 7
      vertex 30.8304 12.8889 7
      vertex 30.9111 12.7542 7
    endloop
  endfacet
  facet normal 0 0 1
    outer loop
      vertex 35.9786 14 7
      vertex 30.7368 13.015 7
      vertex 30.8304 12.8889 7
    endloop
  endfacet
  facet normal 0 0 1
    outer loop
      vertex 35.9786 14 7
      vertex 30.6314 13.1314 7
      vertex 30.7368 13.015 7
    endloop
  endfacet
  facet normal 0 0 1
    outer loop
      vertex 35.9786 14 7
      vertex 30.515 13.2368 7
      vertex 30.6314 13.1314 7
    endloop
  endfacet
  facet normal 0 0 1
    outer loop
      vertex 35.9786 14 7
      vertex 30.3889 13.3304 7
      vertex 30.515 13.2368 7
    endloop
  endfacet
  facet normal 0 0 1
    outer loop
      vertex 35.9786 14 7
      vertex 30.2542 13.4111 7
      vertex 30.3889 13.3304 7
    endloop
  endfacet
  facet normal 0 0 1
    outer loop
      vertex 35.9786 14 7
      vertex 30.1123 13.4782 7
      vertex 30.2542 13.4111 7
    endloop
  endfacet
  facet normal 0 0 1
    outer loop
      vertex 35.9786 14 7
      vertex 29.9645 13.5311 7
      vertex 30.1123 13.4782 7
    endloop
  endfacet
  facet normal 0 0 1
    outer loop
      vertex 35.9786 14 7
      vertex 29.8121 13.5693 7
      vertex 29.9645 13.5311 7
    endloop
  endfacet
  facet normal 0 0 1
    outer loop
      vertex 35.9786 14 7
      vertex 29.6568 13.5923 7
      vertex 29.8121 13.5693 7
    endloop
  endfacet
  facet normal 0 0 1
    outer loop
      vertex 35.9786 14 7
      vertex 29.5 13.6 7
      vertex 29.6568 13.5923 7
    endloop
  endfacet
  facet normal -0 0 1
    outer loop
      vertex 21.2 14 7
      vertex 29.5 13.6 7
      vertex 35.9786 14 7
    endloop
  endfacet
  facet normal 0 0 1
    outer loop
      vertex 27.9077 12.1568 7
      vertex 21.2 14 7
      vertex 27.9 12 7
    endloop
  endfacet
  facet normal 0 0 1
    outer loop
      vertex 27.9307 12.3121 7
      vertex 21.2 14 7
      vertex 27.9077 12.1568 7
    endloop
  endfacet
  facet normal 0 0 1
    outer loop
      vertex 27.9689 12.4645 7
      vertex 21.2 14 7
      vertex 27.9307 12.3121 7
    endloop
  endfacet
  facet normal 0 0 1
    outer loop
      vertex 28.0218 12.6123 7
      vertex 21.2 14 7
      vertex 27.9689 12.4645 7
    endloop
  endfacet
  facet normal 0 0 1
    outer loop
      vertex 28.0889 12.7542 7
      vertex 21.2 14 7
      vertex 28.0218 12.6123 7
    endloop
  endfacet
  facet normal 0 0 1
    outer loop
      vertex 28.1696 12.8889 7
      vertex 21.2 14 7
      vertex 28.0889 12.7542 7
    endloop
  endfacet
  facet normal 0 0 1
    outer loop
      vertex 28.2632 13.015 7
      vertex 21.2 14 7
      vertex 28.1696 12.8889 7
    endloop
  endfacet
  facet normal 0 0 1
    outer loop
      vertex 28.3686 13.1314 7
      vertex 21.2 14 7
      vertex 28.2632 13.015 7
    endloop
  endfacet
  facet normal 0 0 1
    outer loop
      vertex 28.485 13.2368 7
      vertex 21.2 14 7
      vertex 28.3686 13.1314 7
    endloop
  endfacet
  facet normal 0 0 1
    outer loop
      vertex 28.6111 13.3304 7
      vertex 21.2 14 7
      vertex 28.485 13.2368 7
    endloop
  endfacet
  facet normal 0 0 1
    outer loop
      vertex 28.7458 13.4111 7
      vertex 21.2 14 7
      vertex 28.6111 13.3304 7
    endloop
  endfacet
  facet normal 0 0 1
    outer loop
      vertex 28.8877 13.4782 7
      vertex 21.2 14 7
      vertex 28.7458 13.4111 7
    endloop
  endfacet
  facet normal 0 0 1
    outer loop
      vertex 29.0355 13.5311 7
      vertex 21.2 14 7
      vertex 28.8877 13.4782 7
    endloop
  endfacet
  facet normal 0 0 1
    outer loop
      vertex 29.1879 13.5693 7
      vertex 21.2 14 7
      vertex 29.0355 13.5311 7
    endloop
  endfacet
  facet normal 0 0 1
    outer loop
      vertex 29.3432 13.5923 7
      vertex 21.2 14 7
      vertex 29.1879 13.5693 7
    endloop
  endfacet
  facet normal 0 0 1
    outer loop
      vertex 29.5 13.6 7
      vertex 21.2 14 7
      vertex 29.3432 13.5923 7
    endloop
  endfacet
  facet normal 0 0 1
    outer loop
      vertex 31.0693 11.6879 7
      vertex 35.9786 14 7
      vertex 31.0923 11.8432 7
    endloop
  endfacet
  facet normal 0 0 1
    outer loop
      vertex 31.0311 11.5355 7
      vertex 35.9786 14 7
      vertex 31.0693 11.6879 7
    endloop
  endfacet
  facet normal 0 0 1
    outer loop
      vertex 30.9782 11.3877 7
      vertex 35.9786 14 7
      vertex 31.0311 11.5355 7
    endloop
  endfacet
  facet normal -0 0 1
    outer loop
      vertex 30.8304 11.1111 7
      vertex 35.9786 5.06149 7
      vertex 30.9111 11.2458 7
    endloop
  endfacet
  facet normal -0 0 1
    outer loop
      vertex 30.1123 10.5218 7
      vertex 35.9786 5.06149 7
      vertex 30.2542 10.5889 7
    endloop
  endfacet
  facet normal 0 0 1
    outer loop
      vertex 35.3487 2.58363 7
      vertex 35.0767 2.17663 7
      vertex 35.2227 2.37347 7
    endloop
  endfacet
  facet normal 0 0 1
    outer loop
      vertex 35.0767 2.17663 7
      vertex 31.8863 0.120891 7
      vertex 33.8234 0.923268 7
    endloop
  endfacet
  facet normal 0 0 1
    outer loop
      vertex 33.8234 0.923268 7
      vertex 33.1949 0.546575 7
      vertex 33.6265 0.777272 7
    endloop
  endfacet
  facet normal 0 0 1
    outer loop
      vertex 33.6265 0.777272 7
      vertex 33.1949 0.546575 7
      vertex 33.4164 0.651311 7
    endloop
  endfacet
  facet normal 0 0 1
    outer loop
      vertex 33.8234 0.923268 7
      vertex 31.8863 0.120891 7
      vertex 33.1949 0.546575 7
    endloop
  endfacet
  facet normal 0 0 1
    outer loop
      vertex 33.1949 0.546575 7
      vertex 31.8863 0.120891 7
      vertex 32.5971 0.298961 7
    endloop
  endfacet
  facet normal 0 0 1
    outer loop
      vertex 32.3663 0.216365 7
      vertex 31.8863 0.120891 7
      vertex 32.1287 0.15684 7
    endloop
  endfacet
  facet normal 0 0 1
    outer loop
      vertex 32.5971 0.298961 7
      vertex 31.8863 0.120891 7
      vertex 32.3663 0.216365 7
    endloop
  endfacet
  facet normal 0 0 1
    outer loop
      vertex 35.0767 2.17663 7
      vertex 31.2448 0.0364332 7
      vertex 31.8863 0.120891 7
    endloop
  endfacet
  facet normal 0 -0 1
    outer loop
      vertex 35.701 3.40288 7
      vertex 35.8791 4.11368 7
      vertex 31.2448 0.0364332 7
    endloop
  endfacet
  facet normal -0 0 1
    outer loop
      vertex 29.6568 10.4077 7
      vertex 30.9385 0.0213881 7
      vertex 29.8121 10.4307 7
    endloop
  endfacet
  facet normal -0 0 1
    outer loop
      vertex 29.5 10.4 7
      vertex 30.9385 0.0213881 7
      vertex 29.6568 10.4077 7
    endloop
  endfacet
  facet normal 0 0 1
    outer loop
      vertex 29.3432 10.4077 7
      vertex 30.9385 0.0213881 7
      vertex 29.5 10.4 7
    endloop
  endfacet
  facet normal 0 0 1
    outer loop
      vertex 29.1879 10.4307 7
      vertex 30.9385 0.0213881 7
      vertex 29.3432 10.4077 7
    endloop
  endfacet
  facet normal 0 0 1
    outer loop
      vertex 29.0355 10.4689 7
      vertex 30.9385 0.0213881 7
      vertex 29.1879 10.4307 7
    endloop
  endfacet
  facet normal 0 0 1
    outer loop
      vertex 28.8877 10.5218 7
      vertex 30.9385 0.0213881 7
      vertex 29.0355 10.4689 7
    endloop
  endfacet
  facet normal 0 0 1
    outer loop
      vertex 21.2 0.0213881 7
      vertex 28.8877 10.5218 7
      vertex 28.7458 10.5889 7
    endloop
  endfacet
  facet normal 0 0 1
    outer loop
      vertex 21.2 0.0213881 7
      vertex 28.7458 10.5889 7
      vertex 28.6111 10.6696 7
    endloop
  endfacet
  facet normal 0 0 1
    outer loop
      vertex 21.2 0.0213881 7
      vertex 28.6111 10.6696 7
      vertex 28.485 10.7632 7
    endloop
  endfacet
  facet normal 0 0 1
    outer loop
      vertex 21.2 0.0213881 7
      vertex 28.485 10.7632 7
      vertex 28.3686 10.8686 7
    endloop
  endfacet
  facet normal 0 0 1
    outer loop
      vertex 21.2 0.0213881 7
      vertex 28.3686 10.8686 7
      vertex 28.2632 10.985 7
    endloop
  endfacet
  facet normal 0 0 1
    outer loop
      vertex 21.2 0.0213881 7
      vertex 28.2632 10.985 7
      vertex 28.1696 11.1111 7
    endloop
  endfacet
  facet normal 0 0 1
    outer loop
      vertex 21.2 14 7
      vertex 28.1696 11.1111 7
      vertex 28.0889 11.2458 7
    endloop
  endfacet
  facet normal 0 0 1
    outer loop
      vertex 21.2 14 7
      vertex 28.0889 11.2458 7
      vertex 28.0218 11.3877 7
    endloop
  endfacet
  facet normal 0 0 1
    outer loop
      vertex 21.2 14 7
      vertex 28.0218 11.3877 7
      vertex 27.9689 11.5355 7
    endloop
  endfacet
  facet normal 0 0 1
    outer loop
      vertex 21.2 14 7
      vertex 27.9077 11.8432 7
      vertex 27.9 12 7
    endloop
  endfacet
  facet normal 0 0 1
    outer loop
      vertex 21.2 14 7
      vertex 27.9307 11.6879 7
      vertex 27.9077 11.8432 7
    endloop
  endfacet
  facet normal 0 0 1
    outer loop
      vertex 21.2 14 7
      vertex 27.9689 11.5355 7
      vertex 27.9307 11.6879 7
    endloop
  endfacet
  facet normal 0 0 1
    outer loop
      vertex 28.1696 11.1111 7
      vertex 21.2 14 7
      vertex 21.2 0.0213881 7
    endloop
  endfacet
  facet normal 0 0 1
    outer loop
      vertex 28.8877 10.5218 7
      vertex 21.2 0.0213881 7
      vertex 30.9385 0.0213881 7
    endloop
  endfacet
  facet normal 1 0 0
    outer loop
      vertex 21.2 14 7.05023
      vertex 21.2 0.0213881 7
      vertex 21.2 14 7
    endloop
  endfacet
  facet normal 1 -0 0
    outer loop
      vertex 21.2 0 7.05023
      vertex 21.2 0.0213881 7
      vertex 21.2 14 7.05023
    endloop
  endfacet
  facet normal 1 0 0
    outer loop
      vertex 21.2 0.0213881 7
      vertex 21.2 0 7.05023
      vertex 21.2 0 7
    endloop
  endfacet
  facet normal -0.0377562 0 0.999287
    outer loop
      vertex -1.41333 14 16.6644
      vertex -0.706665 0 16.6911
      vertex -0.706665 14 16.6911
    endloop
  endfacet
  facet normal -0.0377562 0 0.999287
    outer loop
      vertex -0.706665 0 16.6911
      vertex -1.41333 14 16.6644
      vertex -1.41333 0 16.6644
    endloop
  endfacet
  facet normal -0.741656 0 0.670781
    outer loop
      vertex -21.2 0 7.05023
      vertex -20.4933 14 7.8316
      vertex -21.2 14 7.05023
    endloop
  endfacet
  facet normal -0.741656 0 0.670781
    outer loop
      vertex -20.4933 14 7.8316
      vertex -21.2 0 7.05023
      vertex -20.4933 0 7.8316
    endloop
  endfacet
  facet normal -0.490203 0 0.871608
    outer loop
      vertex -14.1333 14 12.889
      vertex -13.4267 0 13.2864
      vertex -13.4267 14 13.2864
    endloop
  endfacet
  facet normal -0.490203 0 0.871608
    outer loop
      vertex -13.4267 0 13.2864
      vertex -14.1333 14 12.889
      vertex -14.1333 0 12.889
    endloop
  endfacet
  facet normal 0.590809 0 0.806811
    outer loop
      vertex 16.2533 14 11.5253
      vertex 16.96 0 11.0078
      vertex 16.96 14 11.0078
    endloop
  endfacet
  facet normal 0.590809 0 0.806811
    outer loop
      vertex 16.96 0 11.0078
      vertex 16.2533 14 11.5253
      vertex 16.2533 0 11.5253
    endloop
  endfacet
  facet normal 0.389653 0 0.920962
    outer loop
      vertex 10.6 14 14.625
      vertex 11.3067 0 14.326
      vertex 11.3067 14 14.326
    endloop
  endfacet
  facet normal 0.389653 0 0.920962
    outer loop
      vertex 11.3067 0 14.326
      vertex 10.6 14 14.625
      vertex 10.6 0 14.625
    endloop
  endfacet
  facet normal -0.716559 0 0.697527
    outer loop
      vertex -20.4933 0 7.8316
      vertex -19.7867 14 8.55748
      vertex -20.4933 14 7.8316
    endloop
  endfacet
  facet normal -0.716559 0 0.697527
    outer loop
      vertex -19.7867 14 8.55748
      vertex -20.4933 0 7.8316
      vertex -19.7867 0 8.55748
    endloop
  endfacet
  facet normal -0.666214 0 0.745761
    outer loop
      vertex -19.08 14 9.2337
      vertex -18.3733 0 9.86502
      vertex -18.3733 14 9.86502
    endloop
  endfacet
  facet normal -0.666214 0 0.745761
    outer loop
      vertex -18.3733 0 9.86502
      vertex -19.08 14 9.2337
      vertex -19.08 0 9.2337
    endloop
  endfacet
  facet normal -1 0 0
    outer loop
      vertex -21.2 0.0213881 7
      vertex -21.2 14 7.05023
      vertex -21.2 14 7
    endloop
  endfacet
  facet normal -1 0 0
    outer loop
      vertex -21.2 0 7.05023
      vertex -21.2 0.0213881 7
      vertex -21.2 0 7
    endloop
  endfacet
  facet normal -1 0 0
    outer loop
      vertex -21.2 0.0213881 7
      vertex -21.2 0 7.05023
      vertex -21.2 14 7.05023
    endloop
  endfacet
  facet normal 0.188585 0 0.982057
    outer loop
      vertex 4.94666 14 16.2614
      vertex 5.65332 0 16.1257
      vertex 5.65332 14 16.1257
    endloop
  endfacet
  facet normal 0.188585 0 0.982057
    outer loop
      vertex 5.65332 0 16.1257
      vertex 4.94666 14 16.2614
      vertex 4.94666 0 16.2614
    endloop
  endfacet
  facet normal 0.0125934 0 0.999921
    outer loop
      vertex 0 14 16.7
      vertex 0.706665 0 16.6911
      vertex 0.706665 14 16.6911
    endloop
  endfacet
  facet normal 0.0125934 0 0.999921
    outer loop
      vertex 0.706665 0 16.6911
      vertex 0 14 16.7
      vertex 0 0 16.7
    endloop
  endfacet
  facet normal 0.741656 -0 0.670781
    outer loop
      vertex 20.4933 0 7.8316
      vertex 21.2 14 7.05023
      vertex 20.4933 14 7.8316
    endloop
  endfacet
  facet normal 0.741656 0 0.670781
    outer loop
      vertex 21.2 14 7.05023
      vertex 20.4933 0 7.8316
      vertex 21.2 0 7.05023
    endloop
  endfacet
  facet normal 0.364487 0 0.931208
    outer loop
      vertex 9.89333 14 14.9016
      vertex 10.6 0 14.625
      vertex 10.6 14 14.625
    endloop
  endfacet
  facet normal 0.364487 0 0.931208
    outer loop
      vertex 10.6 0 14.625
      vertex 9.89333 14 14.9016
      vertex 9.89333 0 14.9016
    endloop
  endfacet
  facet normal -0.0628469 0 0.998023
    outer loop
      vertex -2.12 14 16.6199
      vertex -1.41333 0 16.6644
      vertex -1.41333 14 16.6644
    endloop
  endfacet
  facet normal -0.0628469 0 0.998023
    outer loop
      vertex -1.41333 0 16.6644
      vertex -2.12 14 16.6199
      vertex -2.12 0 16.6199
    endloop
  endfacet
  facet normal 0.691354 0 0.722516
    outer loop
      vertex 19.08 14 9.2337
      vertex 19.7867 0 8.55748
      vertex 19.7867 14 8.55748
    endloop
  endfacet
  facet normal 0.691354 0 0.722516
    outer loop
      vertex 19.7867 0 8.55748
      vertex 19.08 14 9.2337
      vertex 19.08 0 9.2337
    endloop
  endfacet
  facet normal 0.716559 -0 0.697527
    outer loop
      vertex 19.7867 0 8.55748
      vertex 20.4933 14 7.8316
      vertex 19.7867 14 8.55748
    endloop
  endfacet
  facet normal 0.716559 0 0.697527
    outer loop
      vertex 20.4933 14 7.8316
      vertex 19.7867 0 8.55748
      vertex 20.4933 0 7.8316
    endloop
  endfacet
  facet normal -0.188585 0 0.982057
    outer loop
      vertex -5.65332 14 16.1257
      vertex -4.94666 0 16.2614
      vertex -4.94666 14 16.2614
    endloop
  endfacet
  facet normal -0.188585 0 0.982057
    outer loop
      vertex -4.94666 0 16.2614
      vertex -5.65332 14 16.1257
      vertex -5.65332 0 16.1257
    endloop
  endfacet
  facet normal 0.615914 0 0.787813
    outer loop
      vertex 16.96 14 11.0078
      vertex 17.6667 0 10.4553
      vertex 17.6667 14 10.4553
    endloop
  endfacet
  facet normal 0.615914 0 0.787813
    outer loop
      vertex 17.6667 0 10.4553
      vertex 16.96 14 11.0078
      vertex 16.96 0 11.0078
    endloop
  endfacet
  facet normal -0.641111 0 0.767448
    outer loop
      vertex -18.3733 14 9.86502
      vertex -17.6667 0 10.4553
      vertex -17.6667 14 10.4553
    endloop
  endfacet
  facet normal -0.641111 0 0.767448
    outer loop
      vertex -17.6667 0 10.4553
      vertex -18.3733 14 9.86502
      vertex -18.3733 0 9.86502
    endloop
  endfacet
  facet normal 0.0628469 0 0.998023
    outer loop
      vertex 1.41333 14 16.6644
      vertex 2.12 0 16.6199
      vertex 2.12 14 16.6199
    endloop
  endfacet
  facet normal 0.0628469 0 0.998023
    outer loop
      vertex 2.12 0 16.6199
      vertex 1.41333 14 16.6644
      vertex 1.41333 0 16.6644
    endloop
  endfacet
  facet normal 0.238822 0 0.971063
    outer loop
      vertex 6.35999 14 15.9711
      vertex 7.06667 0 15.7973
      vertex 7.06667 14 15.7973
    endloop
  endfacet
  facet normal 0.238822 0 0.971063
    outer loop
      vertex 7.06667 0 15.7973
      vertex 6.35999 14 15.9711
      vertex 6.35999 0 15.9711
    endloop
  endfacet
  facet normal -0.0125934 0 0.999921
    outer loop
      vertex -0.706665 14 16.6911
      vertex 0 0 16.7
      vertex 0 14 16.7
    endloop
  endfacet
  facet normal -0.0125934 0 0.999921
    outer loop
      vertex 0 0 16.7
      vertex -0.706665 14 16.6911
      vertex -0.706665 0 16.6911
    endloop
  endfacet
  facet normal -0.43993 0 0.898032
    outer loop
      vertex -12.72 14 13.6577
      vertex -12.0133 0 14.0039
      vertex -12.0133 14 14.0039
    endloop
  endfacet
  facet normal -0.43993 0 0.898032
    outer loop
      vertex -12.0133 0 14.0039
      vertex -12.72 14 13.6577
      vertex -12.72 0 13.6577
    endloop
  endfacet
  facet normal 0.414783 0 0.909921
    outer loop
      vertex 11.3067 14 14.326
      vertex 12.0133 0 14.0039
      vertex 12.0133 14 14.0039
    endloop
  endfacet
  facet normal 0.414783 0 0.909921
    outer loop
      vertex 12.0133 0 14.0039
      vertex 11.3067 14 14.326
      vertex 11.3067 0 14.326
    endloop
  endfacet
  facet normal -0.113044 0 0.99359
    outer loop
      vertex -3.53333 14 16.4771
      vertex -2.82666 0 16.5575
      vertex -2.82666 14 16.5575
    endloop
  endfacet
  facet normal -0.113044 0 0.99359
    outer loop
      vertex -2.82666 0 16.5575
      vertex -3.53333 14 16.4771
      vertex -3.53333 0 16.4771
    endloop
  endfacet
  facet normal -0.590809 0 0.806811
    outer loop
      vertex -16.96 14 11.0078
      vertex -16.2533 0 11.5253
      vertex -16.2533 14 11.5253
    endloop
  endfacet
  facet normal -0.590809 0 0.806811
    outer loop
      vertex -16.2533 0 11.5253
      vertex -16.96 14 11.0078
      vertex -16.96 0 11.0078
    endloop
  endfacet
  facet normal 0.113044 0 0.99359
    outer loop
      vertex 2.82666 14 16.5575
      vertex 3.53333 0 16.4771
      vertex 3.53333 14 16.4771
    endloop
  endfacet
  facet normal 0.113044 0 0.99359
    outer loop
      vertex 3.53333 0 16.4771
      vertex 2.82666 14 16.5575
      vertex 2.82666 0 16.5575
    endloop
  endfacet
  facet normal 0.641111 0 0.767448
    outer loop
      vertex 17.6667 14 10.4553
      vertex 18.3733 0 9.86502
      vertex 18.3733 14 9.86502
    endloop
  endfacet
  facet normal 0.641111 0 0.767448
    outer loop
      vertex 18.3733 0 9.86502
      vertex 17.6667 14 10.4553
      vertex 17.6667 0 10.4553
    endloop
  endfacet
  facet normal -0.0879605 0 0.996124
    outer loop
      vertex -2.82666 14 16.5575
      vertex -2.12 0 16.6199
      vertex -2.12 14 16.6199
    endloop
  endfacet
  facet normal -0.0879605 0 0.996124
    outer loop
      vertex -2.12 0 16.6199
      vertex -2.82666 14 16.5575
      vertex -2.82666 0 16.5575
    endloop
  endfacet
  facet normal -0.213718 0 0.976895
    outer loop
      vertex -6.35999 14 15.9711
      vertex -5.65332 0 16.1257
      vertex -5.65332 14 16.1257
    endloop
  endfacet
  facet normal -0.213718 0 0.976895
    outer loop
      vertex -5.65332 0 16.1257
      vertex -6.35999 14 15.9711
      vertex -6.35999 0 15.9711
    endloop
  endfacet
  facet normal 0.289086 0 0.957303
    outer loop
      vertex 7.77333 14 15.6039
      vertex 8.48 0 15.3905
      vertex 8.48 14 15.3905
    endloop
  endfacet
  facet normal 0.289086 0 0.957303
    outer loop
      vertex 8.48 0 15.3905
      vertex 7.77333 14 15.6039
      vertex 7.77333 0 15.6039
    endloop
  endfacet
  facet normal 0.213718 0 0.976895
    outer loop
      vertex 5.65332 14 16.1257
      vertex 6.35999 0 15.9711
      vertex 6.35999 14 15.9711
    endloop
  endfacet
  facet normal 0.213718 0 0.976895
    outer loop
      vertex 6.35999 0 15.9711
      vertex 5.65332 14 16.1257
      vertex 5.65332 0 16.1257
    endloop
  endfacet
  facet normal 0 -1 0
    outer loop
      vertex -0.706665 0 16.6911
      vertex 0.706665 0 16.6911
      vertex 0 0 16.7
    endloop
  endfacet
  facet normal 0 -1 0
    outer loop
      vertex -11.3 0 13.429
      vertex -0.706665 0 16.6911
      vertex -1.41333 0 16.6644
    endloop
  endfacet
  facet normal 0 -1 -0
    outer loop
      vertex -0.706665 0 16.6911
      vertex -11.3 0 13.429
      vertex 0.706665 0 16.6911
    endloop
  endfacet
  facet normal 0 -1 0
    outer loop
      vertex -11.3 0 13.429
      vertex -1.41333 0 16.6644
      vertex -2.12 0 16.6199
    endloop
  endfacet
  facet normal 0 -1 0
    outer loop
      vertex 11.3 0 13.429
      vertex 0.706665 0 16.6911
      vertex -11.3 0 13.429
    endloop
  endfacet
  facet normal 0 -1 0
    outer loop
      vertex -11.3 0 13.429
      vertex -2.12 0 16.6199
      vertex -2.82666 0 16.5575
    endloop
  endfacet
  facet normal 0 -1 0
    outer loop
      vertex 0.706665 0 16.6911
      vertex 11.3 0 13.429
      vertex 1.41333 0 16.6644
    endloop
  endfacet
  facet normal 0 -1 0
    outer loop
      vertex -11.3 0 13.429
      vertex -2.82666 0 16.5575
      vertex -3.53333 0 16.4771
    endloop
  endfacet
  facet normal 0 -1 0
    outer loop
      vertex 1.41333 0 16.6644
      vertex 11.3 0 13.429
      vertex 2.12 0 16.6199
    endloop
  endfacet
  facet normal 0 -1 0
    outer loop
      vertex -11.3 0 13.429
      vertex -3.53333 0 16.4771
      vertex -4.23999 0 16.3784
    endloop
  endfacet
  facet normal 0 -1 0
    outer loop
      vertex 2.12 0 16.6199
      vertex 11.3 0 13.429
      vertex 2.82666 0 16.5575
    endloop
  endfacet
  facet normal 0 -1 0
    outer loop
      vertex -11.3 0 13.429
      vertex -4.23999 0 16.3784
      vertex -4.94666 0 16.2614
    endloop
  endfacet
  facet normal 0 -1 0
    outer loop
      vertex 2.82666 0 16.5575
      vertex 11.3 0 13.429
      vertex 3.53333 0 16.4771
    endloop
  endfacet
  facet normal 0 -1 0
    outer loop
      vertex -11.3 0 13.429
      vertex -4.94666 0 16.2614
      vertex -5.65332 0 16.1257
    endloop
  endfacet
  facet normal 0 -1 0
    outer loop
      vertex 3.53333 0 16.4771
      vertex 11.3 0 13.429
      vertex 4.23999 0 16.3784
    endloop
  endfacet
  facet normal 0 -1 0
    outer loop
      vertex -11.3 0 13.429
      vertex -5.65332 0 16.1257
      vertex -6.35999 0 15.9711
    endloop
  endfacet
  facet normal 0 -1 0
    outer loop
      vertex 4.23999 0 16.3784
      vertex 11.3 0 13.429
      vertex 4.94666 0 16.2614
    endloop
  endfacet
  facet normal 0 -1 0
    outer loop
      vertex -11.3 0 13.429
      vertex -6.35999 0 15.9711
      vertex -7.06667 0 15.7973
    endloop
  endfacet
  facet normal 0 -1 0
    outer loop
      vertex 4.94666 0 16.2614
      vertex 11.3 0 13.429
      vertex 5.65332 0 16.1257
    endloop
  endfacet
  facet normal 0 -1 0
    outer loop
      vertex -11.3 0 13.429
      vertex -7.06667 0 15.7973
      vertex -7.77333 0 15.6039
    endloop
  endfacet
  facet normal 0 -1 0
    outer loop
      vertex 5.65332 0 16.1257
      vertex 11.3 0 13.429
      vertex 6.35999 0 15.9711
    endloop
  endfacet
  facet normal 0 -1 0
    outer loop
      vertex -11.3 0 13.429
      vertex -7.77333 0 15.6039
      vertex -8.48 0 15.3905
    endloop
  endfacet
  facet normal 0 -1 0
    outer loop
      vertex 6.35999 0 15.9711
      vertex 11.3 0 13.429
      vertex 7.06667 0 15.7973
    endloop
  endfacet
  facet normal 0 -1 0
    outer loop
      vertex -11.3 0 13.429
      vertex -8.48 0 15.3905
      vertex -9.18666 0 15.1566
    endloop
  endfacet
  facet normal 0 -1 0
    outer loop
      vertex 7.06667 0 15.7973
      vertex 11.3 0 13.429
      vertex 7.77333 0 15.6039
    endloop
  endfacet
  facet normal 0 -1 0
    outer loop
      vertex -11.3 0 13.429
      vertex -9.18666 0 15.1566
      vertex -9.89333 0 14.9016
    endloop
  endfacet
  facet normal 0 -1 0
    outer loop
      vertex 7.77333 0 15.6039
      vertex 11.3 0 13.429
      vertex 8.48 0 15.3905
    endloop
  endfacet
  facet normal 0 -1 0
    outer loop
      vertex -11.3 0 13.429
      vertex -9.89333 0 14.9016
      vertex -10.6 0 14.625
    endloop
  endfacet
  facet normal 0 -1 0
    outer loop
      vertex 8.48 0 15.3905
      vertex 11.3 0 13.429
      vertex 9.18666 0 15.1566
    endloop
  endfacet
  facet normal 0 -1 0
    outer loop
      vertex -11.3 0 13.429
      vertex -10.6 0 14.625
      vertex -11.3067 0 14.326
    endloop
  endfacet
  facet normal 0 -1 0
    outer loop
      vertex 9.18666 0 15.1566
      vertex 11.3 0 13.429
      vertex 9.89333 0 14.9016
    endloop
  endfacet
  facet normal 0 -1 0
    outer loop
      vertex -11.3 0 13.429
      vertex -11.3067 0 14.326
      vertex -12.0133 0 14.0039
    endloop
  endfacet
  facet normal 0 -1 0
    outer loop
      vertex 9.89333 0 14.9016
      vertex 11.3 0 13.429
      vertex 10.6 0 14.625
    endloop
  endfacet
  facet normal 0 -1 0
    outer loop
      vertex -11.3 0 13.429
      vertex -12.0133 0 14.0039
      vertex -12.72 0 13.6577
    endloop
  endfacet
  facet normal 0 -1 0
    outer loop
      vertex 10.6 0 14.625
      vertex 11.3 0 13.429
      vertex 11.3067 0 14.326
    endloop
  endfacet
  facet normal 0 -1 -0
    outer loop
      vertex 11.3067 0 14.326
      vertex 11.3 0 13.429
      vertex 12.0133 0 14.0039
    endloop
  endfacet
  facet normal 0 -1 0
    outer loop
      vertex -13.4267 0 13.2864
      vertex -11.3 0 13.429
      vertex -12.72 0 13.6577
    endloop
  endfacet
  facet normal 0 -1 0
    outer loop
      vertex -14.1333 0 12.889
      vertex -11.3 0 13.429
      vertex -13.4267 0 13.2864
    endloop
  endfacet
  facet normal 0 -1 0
    outer loop
      vertex -10.4089 0 7
      vertex -14.1333 0 12.889
      vertex -14.84 0 12.464
    endloop
  endfacet
  facet normal 0 -1 0
    outer loop
      vertex -10.4089 0 7
      vertex -14.84 0 12.464
      vertex -15.5467 0 12.01
    endloop
  endfacet
  facet normal 0 -1 0
    outer loop
      vertex -10.4089 0 7
      vertex -15.5467 0 12.01
      vertex -16.2533 0 11.5253
    endloop
  endfacet
  facet normal 0 -1 0
    outer loop
      vertex -10.4089 0 7
      vertex -16.2533 0 11.5253
      vertex -16.96 0 11.0078
    endloop
  endfacet
  facet normal 0 -1 0
    outer loop
      vertex -10.4089 0 7
      vertex -16.96 0 11.0078
      vertex -17.6667 0 10.4553
    endloop
  endfacet
  facet normal 0 -1 0
    outer loop
      vertex -10.4089 0 7
      vertex -17.6667 0 10.4553
      vertex -18.3733 0 9.86502
    endloop
  endfacet
  facet normal 0 -1 0
    outer loop
      vertex -10.4089 0 7
      vertex -18.3733 0 9.86502
      vertex -19.08 0 9.2337
    endloop
  endfacet
  facet normal 0 -1 0
    outer loop
      vertex -10.4089 0 7
      vertex -19.08 0 9.2337
      vertex -19.7867 0 8.55748
    endloop
  endfacet
  facet normal 0 -1 0
    outer loop
      vertex -10.4089 0 7
      vertex -19.7867 0 8.55748
      vertex -20.4933 0 7.8316
    endloop
  endfacet
  facet normal 0 -1 0
    outer loop
      vertex -21.2 0 7
      vertex -20.4933 0 7.8316
      vertex -21.2 0 7.05023
    endloop
  endfacet
  facet normal 0 -1 -0
    outer loop
      vertex -20.4933 0 7.8316
      vertex -21.2 0 7
      vertex -10.4089 0 7
    endloop
  endfacet
  facet normal 0 -1 0
    outer loop
      vertex -14.1333 0 12.889
      vertex -10.4089 0 7
      vertex -11.3 0 13.429
    endloop
  endfacet
  facet normal 0 -1 -0
    outer loop
      vertex 12.0133 0 14.0039
      vertex 11.3 0 13.429
      vertex 12.72 0 13.6577
    endloop
  endfacet
  facet normal 0 -1 0
    outer loop
      vertex 11.3 0 13.429
      vertex 13.4267 0 13.2864
      vertex 12.72 0 13.6577
    endloop
  endfacet
  facet normal 0 -1 0
    outer loop
      vertex 11.3 0 13.429
      vertex 14.1333 0 12.889
      vertex 13.4267 0 13.2864
    endloop
  endfacet
  facet normal 0 -1 0
    outer loop
      vertex 10.4089 0 7
      vertex 14.1333 0 12.889
      vertex 11.3 0 13.429
    endloop
  endfacet
  facet normal 0 -1 -0
    outer loop
      vertex 14.1333 0 12.889
      vertex 10.4089 0 7
      vertex 14.84 0 12.464
    endloop
  endfacet
  facet normal 0 -1 -0
    outer loop
      vertex 14.84 0 12.464
      vertex 10.4089 0 7
      vertex 15.5467 0 12.01
    endloop
  endfacet
  facet normal 0 -1 -0
    outer loop
      vertex 15.5467 0 12.01
      vertex 10.4089 0 7
      vertex 16.2533 0 11.5253
    endloop
  endfacet
  facet normal 0 -1 -0
    outer loop
      vertex 16.2533 0 11.5253
      vertex 10.4089 0 7
      vertex 16.96 0 11.0078
    endloop
  endfacet
  facet normal 0 -1 -0
    outer loop
      vertex 16.96 0 11.0078
      vertex 10.4089 0 7
      vertex 17.6667 0 10.4553
    endloop
  endfacet
  facet normal 0 -1 -0
    outer loop
      vertex 17.6667 0 10.4553
      vertex 10.4089 0 7
      vertex 18.3733 0 9.86502
    endloop
  endfacet
  facet normal 0 -1 -0
    outer loop
      vertex 18.3733 0 9.86502
      vertex 10.4089 0 7
      vertex 19.08 0 9.2337
    endloop
  endfacet
  facet normal 0 -1 -0
    outer loop
      vertex 19.08 0 9.2337
      vertex 10.4089 0 7
      vertex 19.7867 0 8.55748
    endloop
  endfacet
  facet normal 0 -1 -0
    outer loop
      vertex 19.7867 0 8.55748
      vertex 10.4089 0 7
      vertex 20.4933 0 7.8316
    endloop
  endfacet
  facet normal 0 -1 0
    outer loop
      vertex 21.2 0 7
      vertex 20.4933 0 7.8316
      vertex 10.4089 0 7
    endloop
  endfacet
  facet normal 0 -1 0
    outer loop
      vertex 20.4933 0 7.8316
      vertex 21.2 0 7
      vertex 21.2 0 7.05023
    endloop
  endfacet
  facet normal -0.615914 0 0.787813
    outer loop
      vertex -17.6667 14 10.4553
      vertex -16.96 0 11.0078
      vertex -16.96 14 11.0078
    endloop
  endfacet
  facet normal -0.615914 0 0.787813
    outer loop
      vertex -16.96 0 11.0078
      vertex -17.6667 14 10.4553
      vertex -17.6667 0 10.4553
    endloop
  endfacet
  facet normal 0.666214 0 0.745761
    outer loop
      vertex 18.3733 14 9.86502
      vertex 19.08 0 9.2337
      vertex 19.08 14 9.2337
    endloop
  endfacet
  facet normal 0.666214 0 0.745761
    outer loop
      vertex 19.08 0 9.2337
      vertex 18.3733 14 9.86502
      vertex 18.3733 0 9.86502
    endloop
  endfacet
  facet normal -0.540499 0 0.841345
    outer loop
      vertex -15.5467 14 12.01
      vertex -14.84 0 12.464
      vertex -14.84 14 12.464
    endloop
  endfacet
  facet normal -0.540499 0 0.841345
    outer loop
      vertex -14.84 0 12.464
      vertex -15.5467 14 12.01
      vertex -15.5467 0 12.01
    endloop
  endfacet
  facet normal -0.691354 0 0.722516
    outer loop
      vertex -19.7867 14 8.55748
      vertex -19.08 0 9.2337
      vertex -19.08 14 9.2337
    endloop
  endfacet
  facet normal -0.691354 0 0.722516
    outer loop
      vertex -19.08 0 9.2337
      vertex -19.7867 14 8.55748
      vertex -19.7867 0 8.55748
    endloop
  endfacet
  facet normal -0.465111 0 0.885252
    outer loop
      vertex -13.4267 14 13.2864
      vertex -12.72 0 13.6577
      vertex -12.72 14 13.6577
    endloop
  endfacet
  facet normal -0.465111 0 0.885252
    outer loop
      vertex -12.72 0 13.6577
      vertex -13.4267 14 13.2864
      vertex -13.4267 0 13.2864
    endloop
  endfacet
  facet normal -0.565667 0 0.824634
    outer loop
      vertex -16.2533 14 11.5253
      vertex -15.5467 0 12.01
      vertex -15.5467 14 12.01
    endloop
  endfacet
  facet normal -0.565667 0 0.824634
    outer loop
      vertex -15.5467 0 12.01
      vertex -16.2533 14 11.5253
      vertex -16.2533 0 11.5253
    endloop
  endfacet
  facet normal 0.465111 0 0.885252
    outer loop
      vertex 12.72 14 13.6577
      vertex 13.4267 0 13.2864
      vertex 13.4267 14 13.2864
    endloop
  endfacet
  facet normal 0.465111 0 0.885252
    outer loop
      vertex 13.4267 0 13.2864
      vertex 12.72 14 13.6577
      vertex 12.72 0 13.6577
    endloop
  endfacet
  facet normal 0.43993 0 0.898032
    outer loop
      vertex 12.0133 14 14.0039
      vertex 12.72 0 13.6577
      vertex 12.72 14 13.6577
    endloop
  endfacet
  facet normal 0.43993 0 0.898032
    outer loop
      vertex 12.72 0 13.6577
      vertex 12.0133 14 14.0039
      vertex 12.0133 0 14.0039
    endloop
  endfacet
  facet normal 0.138328 0 0.990386
    outer loop
      vertex 3.53333 14 16.4771
      vertex 4.23999 0 16.3784
      vertex 4.23999 14 16.3784
    endloop
  endfacet
  facet normal 0.138328 0 0.990386
    outer loop
      vertex 4.23999 0 16.3784
      vertex 3.53333 14 16.4771
      vertex 3.53333 0 16.4771
    endloop
  endfacet
  facet normal 0.314228 0 0.949348
    outer loop
      vertex 8.48 14 15.3905
      vertex 9.18666 0 15.1566
      vertex 9.18666 14 15.1566
    endloop
  endfacet
  facet normal 0.314228 0 0.949348
    outer loop
      vertex 9.18666 0 15.1566
      vertex 8.48 14 15.3905
      vertex 8.48 0 15.3905
    endloop
  endfacet
  facet normal 0.163342 0 0.98657
    outer loop
      vertex 4.23999 14 16.3784
      vertex 4.94666 0 16.2614
      vertex 4.94666 14 16.2614
    endloop
  endfacet
  facet normal 0.163342 0 0.98657
    outer loop
      vertex 4.94666 0 16.2614
      vertex 4.23999 14 16.3784
      vertex 4.23999 0 16.3784
    endloop
  endfacet
  facet normal 0.515369 0 0.856968
    outer loop
      vertex 14.1333 14 12.889
      vertex 14.84 0 12.464
      vertex 14.84 14 12.464
    endloop
  endfacet
  facet normal 0.515369 0 0.856968
    outer loop
      vertex 14.84 0 12.464
      vertex 14.1333 14 12.889
      vertex 14.1333 0 12.889
    endloop
  endfacet
  facet normal -0.263974 0 0.96453
    outer loop
      vertex -7.77333 14 15.6039
      vertex -7.06667 0 15.7973
      vertex -7.06667 14 15.7973
    endloop
  endfacet
  facet normal -0.263974 0 0.96453
    outer loop
      vertex -7.06667 0 15.7973
      vertex -7.77333 14 15.6039
      vertex -7.77333 0 15.6039
    endloop
  endfacet
  facet normal 0.490203 0 0.871608
    outer loop
      vertex 13.4267 14 13.2864
      vertex 14.1333 0 12.889
      vertex 14.1333 14 12.889
    endloop
  endfacet
  facet normal 0.490203 0 0.871608
    outer loop
      vertex 14.1333 0 12.889
      vertex 13.4267 14 13.2864
      vertex 13.4267 0 13.2864
    endloop
  endfacet
  facet normal -0.515369 0 0.856968
    outer loop
      vertex -14.84 14 12.464
      vertex -14.1333 0 12.889
      vertex -14.1333 14 12.889
    endloop
  endfacet
  facet normal -0.515369 0 0.856968
    outer loop
      vertex -14.1333 0 12.889
      vertex -14.84 14 12.464
      vertex -14.84 0 12.464
    endloop
  endfacet
  facet normal 0.0377562 0 0.999287
    outer loop
      vertex 0.706665 14 16.6911
      vertex 1.41333 0 16.6644
      vertex 1.41333 14 16.6644
    endloop
  endfacet
  facet normal 0.0377562 0 0.999287
    outer loop
      vertex 1.41333 0 16.6644
      vertex 0.706665 14 16.6911
      vertex 0.706665 0 16.6911
    endloop
  endfacet
  facet normal 0.0879605 0 0.996124
    outer loop
      vertex 2.12 14 16.6199
      vertex 2.82666 0 16.5575
      vertex 2.82666 14 16.5575
    endloop
  endfacet
  facet normal 0.0879605 0 0.996124
    outer loop
      vertex 2.82666 0 16.5575
      vertex 2.12 14 16.6199
      vertex 2.12 0 16.6199
    endloop
  endfacet
  facet normal -0.414783 0 0.909921
    outer loop
      vertex -12.0133 14 14.0039
      vertex -11.3067 0 14.326
      vertex -11.3067 14 14.326
    endloop
  endfacet
  facet normal -0.414783 0 0.909921
    outer loop
      vertex -11.3067 0 14.326
      vertex -12.0133 14 14.0039
      vertex -12.0133 0 14.0039
    endloop
  endfacet
  facet normal -0.314228 0 0.949348
    outer loop
      vertex -9.18666 14 15.1566
      vertex -8.48 0 15.3905
      vertex -8.48 14 15.3905
    endloop
  endfacet
  facet normal -0.314228 0 0.949348
    outer loop
      vertex -8.48 0 15.3905
      vertex -9.18666 14 15.1566
      vertex -9.18666 0 15.1566
    endloop
  endfacet
  facet normal 0.339425 0 0.940633
    outer loop
      vertex 9.18666 14 15.1566
      vertex 9.89333 0 14.9016
      vertex 9.89333 14 14.9016
    endloop
  endfacet
  facet normal 0.339425 0 0.940633
    outer loop
      vertex 9.89333 0 14.9016
      vertex 9.18666 14 15.1566
      vertex 9.18666 0 15.1566
    endloop
  endfacet
  facet normal -0.138328 0 0.990386
    outer loop
      vertex -4.23999 14 16.3784
      vertex -3.53333 0 16.4771
      vertex -3.53333 14 16.4771
    endloop
  endfacet
  facet normal -0.138328 0 0.990386
    outer loop
      vertex -3.53333 0 16.4771
      vertex -4.23999 14 16.3784
      vertex -4.23999 0 16.3784
    endloop
  endfacet
  facet normal 0.540499 0 0.841345
    outer loop
      vertex 14.84 14 12.464
      vertex 15.5467 0 12.01
      vertex 15.5467 14 12.01
    endloop
  endfacet
  facet normal 0.540499 0 0.841345
    outer loop
      vertex 15.5467 0 12.01
      vertex 14.84 14 12.464
      vertex 14.84 0 12.464
    endloop
  endfacet
  facet normal 0.565667 0 0.824634
    outer loop
      vertex 15.5467 14 12.01
      vertex 16.2533 0 11.5253
      vertex 16.2533 14 11.5253
    endloop
  endfacet
  facet normal 0.565667 0 0.824634
    outer loop
      vertex 16.2533 0 11.5253
      vertex 15.5467 14 12.01
      vertex 15.5467 0 12.01
    endloop
  endfacet
  facet normal 0.263974 0 0.96453
    outer loop
      vertex 7.06667 14 15.7973
      vertex 7.77333 0 15.6039
      vertex 7.77333 14 15.6039
    endloop
  endfacet
  facet normal 0.263974 0 0.96453
    outer loop
      vertex 7.77333 0 15.6039
      vertex 7.06667 14 15.7973
      vertex 7.06667 0 15.7973
    endloop
  endfacet
  facet normal -0.364487 0 0.931208
    outer loop
      vertex -10.6 14 14.625
      vertex -9.89333 0 14.9016
      vertex -9.89333 14 14.9016
    endloop
  endfacet
  facet normal -0.364487 0 0.931208
    outer loop
      vertex -9.89333 0 14.9016
      vertex -10.6 14 14.625
      vertex -10.6 0 14.625
    endloop
  endfacet
  facet normal -0.289086 0 0.957303
    outer loop
      vertex -8.48 14 15.3905
      vertex -7.77333 0 15.6039
      vertex -7.77333 14 15.6039
    endloop
  endfacet
  facet normal -0.289086 0 0.957303
    outer loop
      vertex -7.77333 0 15.6039
      vertex -8.48 14 15.3905
      vertex -8.48 0 15.3905
    endloop
  endfacet
  facet normal -0.389653 0 0.920962
    outer loop
      vertex -11.3067 14 14.326
      vertex -10.6 0 14.625
      vertex -10.6 14 14.625
    endloop
  endfacet
  facet normal -0.389653 0 0.920962
    outer loop
      vertex -10.6 0 14.625
      vertex -11.3067 14 14.326
      vertex -11.3067 0 14.326
    endloop
  endfacet
  facet normal -0.163342 0 0.98657
    outer loop
      vertex -4.94666 14 16.2614
      vertex -4.23999 0 16.3784
      vertex -4.23999 14 16.3784
    endloop
  endfacet
  facet normal -0.163342 0 0.98657
    outer loop
      vertex -4.23999 0 16.3784
      vertex -4.94666 14 16.2614
      vertex -4.94666 0 16.2614
    endloop
  endfacet
  facet normal -0.238822 0 0.971063
    outer loop
      vertex -7.06667 14 15.7973
      vertex -6.35999 0 15.9711
      vertex -6.35999 14 15.9711
    endloop
  endfacet
  facet normal -0.238822 0 0.971063
    outer loop
      vertex -6.35999 0 15.9711
      vertex -7.06667 14 15.7973
      vertex -7.06667 0 15.7973
    endloop
  endfacet
  facet normal -0.339425 0 0.940633
    outer loop
      vertex -9.89333 14 14.9016
      vertex -9.18666 0 15.1566
      vertex -9.18666 14 15.1566
    endloop
  endfacet
  facet normal -0.339425 0 0.940633
    outer loop
      vertex -9.18666 0 15.1566
      vertex -9.89333 14 14.9016
      vertex -9.89333 0 14.9016
    endloop
  endfacet
  facet normal 0.671213 0.741264 -0
    outer loop
      vertex -30.515 10.7632 2
      vertex -30.6314 10.8686 7
      vertex -30.515 10.7632 7
    endloop
  endfacet
  facet normal 0.671213 0.741264 0
    outer loop
      vertex -30.6314 10.8686 7
      vertex -30.515 10.7632 2
      vertex -30.6314 10.8686 2
    endloop
  endfacet
  facet normal 0.596019 0.80297 -0
    outer loop
      vertex -30.3889 10.6696 2
      vertex -30.515 10.7632 7
      vertex -30.3889 10.6696 7
    endloop
  endfacet
  facet normal 0.596019 0.80297 0
    outer loop
      vertex -30.515 10.7632 7
      vertex -30.3889 10.6696 2
      vertex -30.515 10.7632 2
    endloop
  endfacet
  facet normal -0.98921 -0.146502 0
    outer loop
      vertex -27.9077 12.1568 2
      vertex -27.9307 12.3121 7
      vertex -27.9307 12.3121 2
    endloop
  endfacet
  facet normal -0.98921 -0.146502 0
    outer loop
      vertex -27.9307 12.3121 7
      vertex -27.9077 12.1568 2
      vertex -27.9077 12.1568 7
    endloop
  endfacet
  facet normal -0.243135 0.969993 0
    outer loop
      vertex -29.0355 10.4689 2
      vertex -29.1879 10.4307 7
      vertex -29.0355 10.4689 7
    endloop
  endfacet
  facet normal -0.243135 0.969993 0
    outer loop
      vertex -29.1879 10.4307 7
      vertex -29.0355 10.4689 2
      vertex -29.1879 10.4307 2
    endloop
  endfacet
  facet normal -0.85783 -0.513934 0
    outer loop
      vertex -28.0889 12.7542 2
      vertex -28.1696 12.8889 7
      vertex -28.1696 12.8889 2
    endloop
  endfacet
  facet normal -0.85783 -0.513934 0
    outer loop
      vertex -28.1696 12.8889 7
      vertex -28.0889 12.7542 2
      vertex -28.0889 12.7542 7
    endloop
  endfacet
  facet normal -0.146502 0.98921 0
    outer loop
      vertex -29.1879 10.4307 2
      vertex -29.3432 10.4077 7
      vertex -29.1879 10.4307 7
    endloop
  endfacet
  facet normal -0.146502 0.98921 0
    outer loop
      vertex -29.3432 10.4077 7
      vertex -29.1879 10.4307 2
      vertex -29.3432 10.4077 2
    endloop
  endfacet
  facet normal 0.596019 -0.80297 0
    outer loop
      vertex -30.515 13.2368 2
      vertex -30.3889 13.3304 7
      vertex -30.515 13.2368 7
    endloop
  endfacet
  facet normal 0.596019 -0.80297 0
    outer loop
      vertex -30.3889 13.3304 7
      vertex -30.515 13.2368 2
      vertex -30.3889 13.3304 2
    endloop
  endfacet
  facet normal -0.513934 0.85783 0
    outer loop
      vertex -28.6111 10.6696 2
      vertex -28.7458 10.5889 7
      vertex -28.6111 10.6696 7
    endloop
  endfacet
  facet normal -0.513934 0.85783 0
    outer loop
      vertex -28.7458 10.5889 7
      vertex -28.6111 10.6696 2
      vertex -28.7458 10.5889 2
    endloop
  endfacet
  facet normal 0.969993 0.243135 0
    outer loop
      vertex -31.0311 11.5355 7
      vertex -31.0693 11.6879 2
      vertex -31.0693 11.6879 7
    endloop
  endfacet
  facet normal 0.969993 0.243135 0
    outer loop
      vertex -31.0693 11.6879 2
      vertex -31.0311 11.5355 7
      vertex -31.0311 11.5355 2
    endloop
  endfacet
  facet normal 0.969993 -0.243135 0
    outer loop
      vertex -31.0693 12.3121 7
      vertex -31.0311 12.4645 2
      vertex -31.0311 12.4645 7
    endloop
  endfacet
  facet normal 0.969993 -0.243135 0
    outer loop
      vertex -31.0311 12.4645 2
      vertex -31.0693 12.3121 7
      vertex -31.0693 12.3121 2
    endloop
  endfacet
  facet normal -0.80297 -0.596019 0
    outer loop
      vertex -28.1696 12.8889 2
      vertex -28.2632 13.015 7
      vertex -28.2632 13.015 2
    endloop
  endfacet
  facet normal -0.80297 -0.596019 0
    outer loop
      vertex -28.2632 13.015 7
      vertex -28.1696 12.8889 2
      vertex -28.1696 12.8889 7
    endloop
  endfacet
  facet normal -0.741264 -0.671213 0
    outer loop
      vertex -28.2632 13.015 2
      vertex -28.3686 13.1314 7
      vertex -28.3686 13.1314 2
    endloop
  endfacet
  facet normal -0.741264 -0.671213 0
    outer loop
      vertex -28.3686 13.1314 7
      vertex -28.2632 13.015 2
      vertex -28.2632 13.015 7
    endloop
  endfacet
  facet normal -0.941511 -0.336982 0
    outer loop
      vertex -27.9689 12.4645 2
      vertex -28.0218 12.6123 7
      vertex -28.0218 12.6123 2
    endloop
  endfacet
  facet normal -0.941511 -0.336982 0
    outer loop
      vertex -28.0218 12.6123 7
      vertex -27.9689 12.4645 2
      vertex -27.9689 12.4645 7
    endloop
  endfacet
  facet normal 0.049048 0.998796 -0
    outer loop
      vertex -29.5 10.4 2
      vertex -29.6568 10.4077 7
      vertex -29.5 10.4 7
    endloop
  endfacet
  facet normal 0.049048 0.998796 0
    outer loop
      vertex -29.6568 10.4077 7
      vertex -29.5 10.4 2
      vertex -29.6568 10.4077 2
    endloop
  endfacet
  facet normal 0.049048 -0.998796 0
    outer loop
      vertex -29.6568 13.5923 2
      vertex -29.5 13.6 7
      vertex -29.6568 13.5923 7
    endloop
  endfacet
  facet normal 0.049048 -0.998796 0
    outer loop
      vertex -29.5 13.6 7
      vertex -29.6568 13.5923 2
      vertex -29.5 13.6 2
    endloop
  endfacet
  facet normal -0.969993 0.243135 0
    outer loop
      vertex -27.9689 11.5355 2
      vertex -27.9307 11.6879 7
      vertex -27.9307 11.6879 2
    endloop
  endfacet
  facet normal -0.969993 0.243135 0
    outer loop
      vertex -27.9307 11.6879 7
      vertex -27.9689 11.5355 2
      vertex -27.9689 11.5355 7
    endloop
  endfacet
  facet normal -0.741264 0.671213 0
    outer loop
      vertex -28.3686 10.8686 2
      vertex -28.2632 10.985 7
      vertex -28.2632 10.985 2
    endloop
  endfacet
  facet normal -0.741264 0.671213 0
    outer loop
      vertex -28.2632 10.985 7
      vertex -28.3686 10.8686 2
      vertex -28.3686 10.8686 7
    endloop
  endfacet
  facet normal 0.513934 0.85783 -0
    outer loop
      vertex -30.2542 10.5889 2
      vertex -30.3889 10.6696 7
      vertex -30.2542 10.5889 7
    endloop
  endfacet
  facet normal 0.513934 0.85783 0
    outer loop
      vertex -30.3889 10.6696 7
      vertex -30.2542 10.5889 2
      vertex -30.3889 10.6696 2
    endloop
  endfacet
  facet normal -0.998796 -0.049048 0
    outer loop
      vertex -27.9 12 2
      vertex -27.9077 12.1568 7
      vertex -27.9077 12.1568 2
    endloop
  endfacet
  facet normal -0.998796 -0.049048 0
    outer loop
      vertex -27.9077 12.1568 7
      vertex -27.9 12 2
      vertex -27.9 12 7
    endloop
  endfacet
  facet normal -0.969993 -0.243135 0
    outer loop
      vertex -27.9307 12.3121 2
      vertex -27.9689 12.4645 7
      vertex -27.9689 12.4645 2
    endloop
  endfacet
  facet normal -0.969993 -0.243135 0
    outer loop
      vertex -27.9689 12.4645 7
      vertex -27.9307 12.3121 2
      vertex -27.9307 12.3121 7
    endloop
  endfacet
  facet normal -0.98921 0.146502 0
    outer loop
      vertex -27.9307 11.6879 2
      vertex -27.9077 11.8432 7
      vertex -27.9077 11.8432 2
    endloop
  endfacet
  facet normal -0.98921 0.146502 0
    outer loop
      vertex -27.9077 11.8432 7
      vertex -27.9307 11.6879 2
      vertex -27.9307 11.6879 7
    endloop
  endfacet
  facet normal 0.336982 -0.941511 0
    outer loop
      vertex -30.1123 13.4782 2
      vertex -29.9645 13.5311 7
      vertex -30.1123 13.4782 7
    endloop
  endfacet
  facet normal 0.336982 -0.941511 0
    outer loop
      vertex -29.9645 13.5311 7
      vertex -30.1123 13.4782 2
      vertex -29.9645 13.5311 2
    endloop
  endfacet
  facet normal -0.146502 -0.98921 0
    outer loop
      vertex -29.3432 13.5923 2
      vertex -29.1879 13.5693 7
      vertex -29.3432 13.5923 7
    endloop
  endfacet
  facet normal -0.146502 -0.98921 -0
    outer loop
      vertex -29.1879 13.5693 7
      vertex -29.3432 13.5923 2
      vertex -29.1879 13.5693 2
    endloop
  endfacet
  facet normal 0.85783 0.513934 0
    outer loop
      vertex -30.8304 11.1111 7
      vertex -30.9111 11.2458 2
      vertex -30.9111 11.2458 7
    endloop
  endfacet
  facet normal 0.85783 0.513934 0
    outer loop
      vertex -30.9111 11.2458 2
      vertex -30.8304 11.1111 7
      vertex -30.8304 11.1111 2
    endloop
  endfacet
  facet normal 0.146502 -0.98921 0
    outer loop
      vertex -29.8121 13.5693 2
      vertex -29.6568 13.5923 7
      vertex -29.8121 13.5693 7
    endloop
  endfacet
  facet normal 0.146502 -0.98921 0
    outer loop
      vertex -29.6568 13.5923 7
      vertex -29.8121 13.5693 2
      vertex -29.6568 13.5923 2
    endloop
  endfacet
  facet normal 0.243135 -0.969993 0
    outer loop
      vertex -29.9645 13.5311 2
      vertex -29.8121 13.5693 7
      vertex -29.9645 13.5311 7
    endloop
  endfacet
  facet normal 0.243135 -0.969993 0
    outer loop
      vertex -29.8121 13.5693 7
      vertex -29.9645 13.5311 2
      vertex -29.8121 13.5693 2
    endloop
  endfacet
  facet normal 0.671213 -0.741264 0
    outer loop
      vertex -30.6314 13.1314 2
      vertex -30.515 13.2368 7
      vertex -30.6314 13.1314 7
    endloop
  endfacet
  facet normal 0.671213 -0.741264 0
    outer loop
      vertex -30.515 13.2368 7
      vertex -30.6314 13.1314 2
      vertex -30.515 13.2368 2
    endloop
  endfacet
  facet normal 0.513934 -0.85783 0
    outer loop
      vertex -30.3889 13.3304 2
      vertex -30.2542 13.4111 7
      vertex -30.3889 13.3304 7
    endloop
  endfacet
  facet normal 0.513934 -0.85783 0
    outer loop
      vertex -30.2542 13.4111 7
      vertex -30.3889 13.3304 2
      vertex -30.2542 13.4111 2
    endloop
  endfacet
  facet normal 0.998796 -0.049048 0
    outer loop
      vertex -31.1 12 7
      vertex -31.0923 12.1568 2
      vertex -31.0923 12.1568 7
    endloop
  endfacet
  facet normal 0.998796 -0.049048 0
    outer loop
      vertex -31.0923 12.1568 2
      vertex -31.1 12 7
      vertex -31.1 12 2
    endloop
  endfacet
  facet normal -0.336982 0.941511 0
    outer loop
      vertex -28.8877 10.5218 2
      vertex -29.0355 10.4689 7
      vertex -28.8877 10.5218 7
    endloop
  endfacet
  facet normal -0.336982 0.941511 0
    outer loop
      vertex -29.0355 10.4689 7
      vertex -28.8877 10.5218 2
      vertex -29.0355 10.4689 2
    endloop
  endfacet
  facet normal -0.427484 -0.904023 0
    outer loop
      vertex -28.8877 13.4782 2
      vertex -28.7458 13.4111 7
      vertex -28.8877 13.4782 7
    endloop
  endfacet
  facet normal -0.427484 -0.904023 -0
    outer loop
      vertex -28.7458 13.4111 7
      vertex -28.8877 13.4782 2
      vertex -28.7458 13.4111 2
    endloop
  endfacet
  facet normal 0.427484 0.904023 -0
    outer loop
      vertex -30.1123 10.5218 2
      vertex -30.2542 10.5889 7
      vertex -30.1123 10.5218 7
    endloop
  endfacet
  facet normal 0.427484 0.904023 0
    outer loop
      vertex -30.2542 10.5889 7
      vertex -30.1123 10.5218 2
      vertex -30.2542 10.5889 2
    endloop
  endfacet
  facet normal 0.904023 -0.427484 0
    outer loop
      vertex -30.9782 12.6123 7
      vertex -30.9111 12.7542 2
      vertex -30.9111 12.7542 7
    endloop
  endfacet
  facet normal 0.904023 -0.427484 0
    outer loop
      vertex -30.9111 12.7542 2
      vertex -30.9782 12.6123 7
      vertex -30.9782 12.6123 2
    endloop
  endfacet
  facet normal -0.904023 -0.427484 0
    outer loop
      vertex -28.0218 12.6123 2
      vertex -28.0889 12.7542 7
      vertex -28.0889 12.7542 2
    endloop
  endfacet
  facet normal -0.904023 -0.427484 0
    outer loop
      vertex -28.0889 12.7542 7
      vertex -28.0218 12.6123 2
      vertex -28.0218 12.6123 7
    endloop
  endfacet
  facet normal -0.049048 0.998796 0
    outer loop
      vertex -29.3432 10.4077 2
      vertex -29.5 10.4 7
      vertex -29.3432 10.4077 7
    endloop
  endfacet
  facet normal -0.049048 0.998796 0
    outer loop
      vertex -29.5 10.4 7
      vertex -29.3432 10.4077 2
      vertex -29.5 10.4 2
    endloop
  endfacet
  facet normal 0.243135 0.969993 -0
    outer loop
      vertex -29.8121 10.4307 2
      vertex -29.9645 10.4689 7
      vertex -29.8121 10.4307 7
    endloop
  endfacet
  facet normal 0.243135 0.969993 0
    outer loop
      vertex -29.9645 10.4689 7
      vertex -29.8121 10.4307 2
      vertex -29.9645 10.4689 2
    endloop
  endfacet
  facet normal -0.596019 -0.80297 0
    outer loop
      vertex -28.6111 13.3304 2
      vertex -28.485 13.2368 7
      vertex -28.6111 13.3304 7
    endloop
  endfacet
  facet normal -0.596019 -0.80297 -0
    outer loop
      vertex -28.485 13.2368 7
      vertex -28.6111 13.3304 2
      vertex -28.485 13.2368 2
    endloop
  endfacet
  facet normal -0.85783 0.513934 0
    outer loop
      vertex -28.1696 11.1111 2
      vertex -28.0889 11.2458 7
      vertex -28.0889 11.2458 2
    endloop
  endfacet
  facet normal -0.85783 0.513934 0
    outer loop
      vertex -28.0889 11.2458 7
      vertex -28.1696 11.1111 2
      vertex -28.1696 11.1111 7
    endloop
  endfacet
  facet normal 0.80297 -0.596019 0
    outer loop
      vertex -30.8304 12.8889 7
      vertex -30.7368 13.015 2
      vertex -30.7368 13.015 7
    endloop
  endfacet
  facet normal 0.80297 -0.596019 0
    outer loop
      vertex -30.7368 13.015 2
      vertex -30.8304 12.8889 7
      vertex -30.8304 12.8889 2
    endloop
  endfacet
  facet normal 0.85783 -0.513934 0
    outer loop
      vertex -30.9111 12.7542 7
      vertex -30.8304 12.8889 2
      vertex -30.8304 12.8889 7
    endloop
  endfacet
  facet normal 0.85783 -0.513934 0
    outer loop
      vertex -30.8304 12.8889 2
      vertex -30.9111 12.7542 7
      vertex -30.9111 12.7542 2
    endloop
  endfacet
  facet normal -0.671213 -0.741264 0
    outer loop
      vertex -28.485 13.2368 2
      vertex -28.3686 13.1314 7
      vertex -28.485 13.2368 7
    endloop
  endfacet
  facet normal -0.671213 -0.741264 -0
    outer loop
      vertex -28.3686 13.1314 7
      vertex -28.485 13.2368 2
      vertex -28.3686 13.1314 2
    endloop
  endfacet
  facet normal -0.941511 0.336982 0
    outer loop
      vertex -28.0218 11.3877 2
      vertex -27.9689 11.5355 7
      vertex -27.9689 11.5355 2
    endloop
  endfacet
  facet normal -0.941511 0.336982 0
    outer loop
      vertex -27.9689 11.5355 7
      vertex -28.0218 11.3877 2
      vertex -28.0218 11.3877 7
    endloop
  endfacet
  facet normal -0.998796 0.049048 0
    outer loop
      vertex -27.9077 11.8432 2
      vertex -27.9 12 7
      vertex -27.9 12 2
    endloop
  endfacet
  facet normal -0.998796 0.049048 0
    outer loop
      vertex -27.9 12 7
      vertex -27.9077 11.8432 2
      vertex -27.9077 11.8432 7
    endloop
  endfacet
  facet normal -0.80297 0.596019 0
    outer loop
      vertex -28.2632 10.985 2
      vertex -28.1696 11.1111 7
      vertex -28.1696 11.1111 2
    endloop
  endfacet
  facet normal -0.80297 0.596019 0
    outer loop
      vertex -28.1696 11.1111 7
      vertex -28.2632 10.985 2
      vertex -28.2632 10.985 7
    endloop
  endfacet
  facet normal -0.513934 -0.85783 0
    outer loop
      vertex -28.7458 13.4111 2
      vertex -28.6111 13.3304 7
      vertex -28.7458 13.4111 7
    endloop
  endfacet
  facet normal -0.513934 -0.85783 -0
    outer loop
      vertex -28.6111 13.3304 7
      vertex -28.7458 13.4111 2
      vertex -28.6111 13.3304 2
    endloop
  endfacet
  facet normal 0.941511 -0.336982 0
    outer loop
      vertex -31.0311 12.4645 7
      vertex -30.9782 12.6123 2
      vertex -30.9782 12.6123 7
    endloop
  endfacet
  facet normal 0.941511 -0.336982 0
    outer loop
      vertex -30.9782 12.6123 2
      vertex -31.0311 12.4645 7
      vertex -31.0311 12.4645 2
    endloop
  endfacet
  facet normal -0.049048 -0.998796 0
    outer loop
      vertex -29.5 13.6 2
      vertex -29.3432 13.5923 7
      vertex -29.5 13.6 7
    endloop
  endfacet
  facet normal -0.049048 -0.998796 -0
    outer loop
      vertex -29.3432 13.5923 7
      vertex -29.5 13.6 2
      vertex -29.3432 13.5923 2
    endloop
  endfacet
  facet normal 0.941511 0.336982 0
    outer loop
      vertex -30.9782 11.3877 7
      vertex -31.0311 11.5355 2
      vertex -31.0311 11.5355 7
    endloop
  endfacet
  facet normal 0.941511 0.336982 0
    outer loop
      vertex -31.0311 11.5355 2
      vertex -30.9782 11.3877 7
      vertex -30.9782 11.3877 2
    endloop
  endfacet
  facet normal 0.998796 0.049048 0
    outer loop
      vertex -31.0923 11.8432 7
      vertex -31.1 12 2
      vertex -31.1 12 7
    endloop
  endfacet
  facet normal 0.998796 0.049048 0
    outer loop
      vertex -31.1 12 2
      vertex -31.0923 11.8432 7
      vertex -31.0923 11.8432 2
    endloop
  endfacet
  facet normal -0.904023 0.427484 0
    outer loop
      vertex -28.0889 11.2458 2
      vertex -28.0218 11.3877 7
      vertex -28.0218 11.3877 2
    endloop
  endfacet
  facet normal -0.904023 0.427484 0
    outer loop
      vertex -28.0218 11.3877 7
      vertex -28.0889 11.2458 2
      vertex -28.0889 11.2458 7
    endloop
  endfacet
  facet normal -0.336982 -0.941511 0
    outer loop
      vertex -29.0355 13.5311 2
      vertex -28.8877 13.4782 7
      vertex -29.0355 13.5311 7
    endloop
  endfacet
  facet normal -0.336982 -0.941511 -0
    outer loop
      vertex -28.8877 13.4782 7
      vertex -29.0355 13.5311 2
      vertex -28.8877 13.4782 2
    endloop
  endfacet
  facet normal 0.741264 0.671213 0
    outer loop
      vertex -30.6314 10.8686 7
      vertex -30.7368 10.985 2
      vertex -30.7368 10.985 7
    endloop
  endfacet
  facet normal 0.741264 0.671213 0
    outer loop
      vertex -30.7368 10.985 2
      vertex -30.6314 10.8686 7
      vertex -30.6314 10.8686 2
    endloop
  endfacet
  facet normal 0.80297 0.596019 0
    outer loop
      vertex -30.7368 10.985 7
      vertex -30.8304 11.1111 2
      vertex -30.8304 11.1111 7
    endloop
  endfacet
  facet normal 0.80297 0.596019 0
    outer loop
      vertex -30.8304 11.1111 2
      vertex -30.7368 10.985 7
      vertex -30.7368 10.985 2
    endloop
  endfacet
  facet normal -0.243135 -0.969993 0
    outer loop
      vertex -29.1879 13.5693 2
      vertex -29.0355 13.5311 7
      vertex -29.1879 13.5693 7
    endloop
  endfacet
  facet normal -0.243135 -0.969993 -0
    outer loop
      vertex -29.0355 13.5311 7
      vertex -29.1879 13.5693 2
      vertex -29.0355 13.5311 2
    endloop
  endfacet
  facet normal 0.98921 0.146502 0
    outer loop
      vertex -31.0693 11.6879 7
      vertex -31.0923 11.8432 2
      vertex -31.0923 11.8432 7
    endloop
  endfacet
  facet normal 0.98921 0.146502 0
    outer loop
      vertex -31.0923 11.8432 2
      vertex -31.0693 11.6879 7
      vertex -31.0693 11.6879 2
    endloop
  endfacet
  facet normal 0.336982 0.941511 -0
    outer loop
      vertex -29.9645 10.4689 2
      vertex -30.1123 10.5218 7
      vertex -29.9645 10.4689 7
    endloop
  endfacet
  facet normal 0.336982 0.941511 0
    outer loop
      vertex -30.1123 10.5218 7
      vertex -29.9645 10.4689 2
      vertex -30.1123 10.5218 2
    endloop
  endfacet
  facet normal -0.671213 0.741264 0
    outer loop
      vertex -28.3686 10.8686 2
      vertex -28.485 10.7632 7
      vertex -28.3686 10.8686 7
    endloop
  endfacet
  facet normal -0.671213 0.741264 0
    outer loop
      vertex -28.485 10.7632 7
      vertex -28.3686 10.8686 2
      vertex -28.485 10.7632 2
    endloop
  endfacet
  facet normal 0.98921 -0.146502 0
    outer loop
      vertex -31.0923 12.1568 7
      vertex -31.0693 12.3121 2
      vertex -31.0693 12.3121 7
    endloop
  endfacet
  facet normal 0.98921 -0.146502 0
    outer loop
      vertex -31.0693 12.3121 2
      vertex -31.0923 12.1568 7
      vertex -31.0923 12.1568 2
    endloop
  endfacet
  facet normal -0.427484 0.904023 0
    outer loop
      vertex -28.7458 10.5889 2
      vertex -28.8877 10.5218 7
      vertex -28.7458 10.5889 7
    endloop
  endfacet
  facet normal -0.427484 0.904023 0
    outer loop
      vertex -28.8877 10.5218 7
      vertex -28.7458 10.5889 2
      vertex -28.8877 10.5218 2
    endloop
  endfacet
  facet normal -0.596019 0.80297 0
    outer loop
      vertex -28.485 10.7632 2
      vertex -28.6111 10.6696 7
      vertex -28.485 10.7632 7
    endloop
  endfacet
  facet normal -0.596019 0.80297 0
    outer loop
      vertex -28.6111 10.6696 7
      vertex -28.485 10.7632 2
      vertex -28.6111 10.6696 2
    endloop
  endfacet
  facet normal 0.904023 0.427484 0
    outer loop
      vertex -30.9111 11.2458 7
      vertex -30.9782 11.3877 2
      vertex -30.9782 11.3877 7
    endloop
  endfacet
  facet normal 0.904023 0.427484 0
    outer loop
      vertex -30.9782 11.3877 2
      vertex -30.9111 11.2458 7
      vertex -30.9111 11.2458 2
    endloop
  endfacet
  facet normal 0.427484 -0.904023 0
    outer loop
      vertex -30.2542 13.4111 2
      vertex -30.1123 13.4782 7
      vertex -30.2542 13.4111 7
    endloop
  endfacet
  facet normal 0.427484 -0.904023 0
    outer loop
      vertex -30.1123 13.4782 7
      vertex -30.2542 13.4111 2
      vertex -30.1123 13.4782 2
    endloop
  endfacet
  facet normal 0.146502 0.98921 -0
    outer loop
      vertex -29.6568 10.4077 2
      vertex -29.8121 10.4307 7
      vertex -29.6568 10.4077 7
    endloop
  endfacet
  facet normal 0.146502 0.98921 0
    outer loop
      vertex -29.8121 10.4307 7
      vertex -29.6568 10.4077 2
      vertex -29.8121 10.4307 2
    endloop
  endfacet
  facet normal 0.741264 -0.671213 0
    outer loop
      vertex -30.7368 13.015 7
      vertex -30.6314 13.1314 2
      vertex -30.6314 13.1314 7
    endloop
  endfacet
  facet normal 0.741264 -0.671213 0
    outer loop
      vertex -30.6314 13.1314 2
      vertex -30.7368 13.015 7
      vertex -30.7368 13.015 2
    endloop
  endfacet
  facet normal 0.9988 -0.0489705 0
    outer loop
      vertex -32.6 12 2
      vertex -32.5851 12.3039 0.0213881
      vertex -32.5851 12.3039 2
    endloop
  endfacet
  facet normal 0.9988 -0.0489705 0
    outer loop
      vertex -32.5851 12.3039 0.0213881
      vertex -32.6 12 2
      vertex -32.6 12 0.0213881
    endloop
  endfacet
  facet normal -0.9988 0.0489705 0
    outer loop
      vertex -26.4149 11.6961 0.0213881
      vertex -26.4 12 2
      vertex -26.4 12 0.0213881
    endloop
  endfacet
  facet normal -0.9988 0.0489705 0
    outer loop
      vertex -26.4 12 2
      vertex -26.4149 11.6961 0.0213881
      vertex -26.4149 11.6961 2
    endloop
  endfacet
  facet normal 0.970046 -0.242922 0
    outer loop
      vertex -32.5404 12.6048 2
      vertex -32.4665 12.8999 0.0213881
      vertex -32.4665 12.8999 2
    endloop
  endfacet
  facet normal 0.970046 -0.242922 0
    outer loop
      vertex -32.4665 12.8999 0.0213881
      vertex -32.5404 12.6048 2
      vertex -32.5404 12.6048 0.0213881
    endloop
  endfacet
  facet normal 0.857783 0.514012 0
    outer loop
      vertex -32.0776 10.2777 2
      vertex -32.234 10.5387 0.0213881
      vertex -32.234 10.5387 2
    endloop
  endfacet
  facet normal 0.857783 0.514012 0
    outer loop
      vertex -32.234 10.5387 0.0213881
      vertex -32.0776 10.2777 2
      vertex -32.0776 10.2777 0.0213881
    endloop
  endfacet
  facet normal 0.803027 0.595943 0
    outer loop
      vertex -31.8963 10.0334 2
      vertex -32.0776 10.2777 0.0213881
      vertex -32.0776 10.2777 2
    endloop
  endfacet
  facet normal 0.803027 0.595943 0
    outer loop
      vertex -32.0776 10.2777 0.0213881
      vertex -31.8963 10.0334 2
      vertex -31.8963 10.0334 0.0213881
    endloop
  endfacet
  facet normal -0.803027 -0.595943 0
    outer loop
      vertex -26.9224 13.7223 0.0213881
      vertex -27.1037 13.9666 2
      vertex -27.1037 13.9666 0.0213881
    endloop
  endfacet
  facet normal -0.803027 -0.595943 0
    outer loop
      vertex -27.1037 13.9666 2
      vertex -26.9224 13.7223 0.0213881
      vertex -26.9224 13.7223 2
    endloop
  endfacet
  facet normal -0.989145 -0.146942 0
    outer loop
      vertex -26.4149 12.3039 0.0213881
      vertex -26.4596 12.6048 2
      vertex -26.4596 12.6048 0.0213881
    endloop
  endfacet
  facet normal -0.989145 -0.146942 0
    outer loop
      vertex -26.4596 12.6048 2
      vertex -26.4149 12.3039 0.0213881
      vertex -26.4149 12.3039 2
    endloop
  endfacet
  facet normal -0.336903 0.941539 0
    outer loop
      vertex -28.3137 9.13597 0.0213881
      vertex -28.6001 9.03349 2
      vertex -28.3137 9.13597 2
    endloop
  endfacet
  facet normal -0.336903 0.941539 0
    outer loop
      vertex -28.6001 9.03349 2
      vertex -28.3137 9.13597 0.0213881
      vertex -28.6001 9.03349 0.0213881
    endloop
  endfacet
  facet normal 0.741746 -0.670681 0
    outer loop
      vertex -31.8963 13.9666 2
      vertex -31.8661 14 0.0213881
      vertex -31.8661 14 2
    endloop
  endfacet
  facet normal 0.741746 -0.670681 0
    outer loop
      vertex -31.8661 14 0.0213881
      vertex -31.8963 13.9666 2
      vertex -31.8963 13.9666 0.0213881
    endloop
  endfacet
  facet normal -0.904072 -0.42738 0
    outer loop
      vertex -26.636 13.1863 0.0213881
      vertex -26.766 13.4613 2
      vertex -26.766 13.4613 0.0213881
    endloop
  endfacet
  facet normal -0.904072 -0.42738 0
    outer loop
      vertex -26.766 13.4613 2
      vertex -26.636 13.1863 0.0213881
      vertex -26.636 13.1863 2
    endloop
  endfacet
  facet normal -0.904072 0.42738 0
    outer loop
      vertex -26.766 10.5387 0.0213881
      vertex -26.636 10.8137 2
      vertex -26.636 10.8137 0.0213881
    endloop
  endfacet
  facet normal -0.904072 0.42738 0
    outer loop
      vertex -26.636 10.8137 2
      vertex -26.766 10.5387 0.0213881
      vertex -26.766 10.5387 2
    endloop
  endfacet
  facet normal -0.941519 -0.336961 0
    outer loop
      vertex -26.5335 12.8999 0.0213881
      vertex -26.636 13.1863 2
      vertex -26.636 13.1863 0.0213881
    endloop
  endfacet
  facet normal -0.941519 -0.336961 0
    outer loop
      vertex -26.636 13.1863 2
      vertex -26.5335 12.8999 0.0213881
      vertex -26.5335 12.8999 2
    endloop
  endfacet
  facet normal -0.9988 -0.0489705 0
    outer loop
      vertex -26.4 12 0.0213881
      vertex -26.4149 12.3039 2
      vertex -26.4149 12.3039 0.0213881
    endloop
  endfacet
  facet normal -0.9988 -0.0489705 0
    outer loop
      vertex -26.4149 12.3039 2
      vertex -26.4 12 0.0213881
      vertex -26.4 12 2
    endloop
  endfacet
  facet normal 0.904072 -0.42738 0
    outer loop
      vertex -32.364 13.1863 2
      vertex -32.234 13.4613 0.0213881
      vertex -32.234 13.4613 2
    endloop
  endfacet
  facet normal 0.904072 -0.42738 0
    outer loop
      vertex -32.234 13.4613 0.0213881
      vertex -32.364 13.1863 2
      vertex -32.364 13.1863 0.0213881
    endloop
  endfacet
  facet normal -0.514012 0.857783 0
    outer loop
      vertex -27.7777 9.42244 0.0213881
      vertex -28.0387 9.26604 2
      vertex -27.7777 9.42244 2
    endloop
  endfacet
  facet normal -0.514012 0.857783 0
    outer loop
      vertex -28.0387 9.26604 2
      vertex -27.7777 9.42244 0.0213881
      vertex -28.0387 9.26604 0.0213881
    endloop
  endfacet
  facet normal 0.242984 0.97003 -0
    outer loop
      vertex -30.1048 8.95957 0.0213881
      vertex -30.3999 9.03349 2
      vertex -30.1048 8.95957 2
    endloop
  endfacet
  facet normal 0.242984 0.97003 0
    outer loop
      vertex -30.3999 9.03349 2
      vertex -30.1048 8.95957 0.0213881
      vertex -30.3999 9.03349 0.0213881
    endloop
  endfacet
  facet normal -0.803027 0.595943 0
    outer loop
      vertex -27.1037 10.0334 0.0213881
      vertex -26.9224 10.2777 2
      vertex -26.9224 10.2777 0.0213881
    endloop
  endfacet
  facet normal -0.803027 0.595943 0
    outer loop
      vertex -26.9224 10.2777 2
      vertex -27.1037 10.0334 0.0213881
      vertex -27.1037 10.0334 2
    endloop
  endfacet
  facet normal -0.970046 0.242922 0
    outer loop
      vertex -26.5335 11.1001 0.0213881
      vertex -26.4596 11.3952 2
      vertex -26.4596 11.3952 0.0213881
    endloop
  endfacet
  facet normal -0.970046 0.242922 0
    outer loop
      vertex -26.4596 11.3952 2
      vertex -26.5335 11.1001 0.0213881
      vertex -26.5335 11.1001 2
    endloop
  endfacet
  facet normal 0 0 -1
    outer loop
      vertex -26.4149 11.6961 2
      vertex -27.9077 11.8432 2
      vertex -27.9 12 2
    endloop
  endfacet
  facet normal 0 0 -1
    outer loop
      vertex -27.5334 9.60367 2
      vertex -27.9307 11.6879 2
      vertex -27.9077 11.8432 2
    endloop
  endfacet
  facet normal 0 0 -1
    outer loop
      vertex -27.5334 9.60367 2
      vertex -27.9689 11.5355 2
      vertex -27.9307 11.6879 2
    endloop
  endfacet
  facet normal 0 0 -1
    outer loop
      vertex -27.5334 9.60367 2
      vertex -28.0218 11.3877 2
      vertex -27.9689 11.5355 2
    endloop
  endfacet
  facet normal 0 0 -1
    outer loop
      vertex -28.6111 10.6696 2
      vertex -27.7777 9.42244 2
      vertex -28.0387 9.26604 2
    endloop
  endfacet
  facet normal 0 0 -1
    outer loop
      vertex -27.5334 9.60367 2
      vertex -28.0889 11.2458 2
      vertex -28.0218 11.3877 2
    endloop
  endfacet
  facet normal 0 0 -1
    outer loop
      vertex -27.5334 9.60367 2
      vertex -28.1696 11.1111 2
      vertex -28.0889 11.2458 2
    endloop
  endfacet
  facet normal 0 0 -1
    outer loop
      vertex -27.5334 9.60367 2
      vertex -28.2632 10.985 2
      vertex -28.1696 11.1111 2
    endloop
  endfacet
  facet normal 0 0 -1
    outer loop
      vertex -28.7458 10.5889 2
      vertex -28.0387 9.26604 2
      vertex -28.3137 9.13597 2
    endloop
  endfacet
  facet normal 0 0 -1
    outer loop
      vertex -27.5334 9.60367 2
      vertex -28.3686 10.8686 2
      vertex -28.2632 10.985 2
    endloop
  endfacet
  facet normal 0 0 -1
    outer loop
      vertex -27.5334 9.60367 2
      vertex -28.485 10.7632 2
      vertex -28.3686 10.8686 2
    endloop
  endfacet
  facet normal 0 0 -1
    outer loop
      vertex -28.8877 10.5218 2
      vertex -28.3137 9.13597 2
      vertex -28.6001 9.03349 2
    endloop
  endfacet
  facet normal 0 0 -1
    outer loop
      vertex -27.7777 9.42244 2
      vertex -28.6111 10.6696 2
      vertex -28.485 10.7632 2
    endloop
  endfacet
  facet normal 0 0 -1
    outer loop
      vertex -28.0387 9.26604 2
      vertex -28.7458 10.5889 2
      vertex -28.6111 10.6696 2
    endloop
  endfacet
  facet normal 0 0 -1
    outer loop
      vertex -28.3137 9.13597 2
      vertex -28.8877 10.5218 2
      vertex -28.7458 10.5889 2
    endloop
  endfacet
  facet normal 0 0 -1
    outer loop
      vertex -29.0355 10.4689 2
      vertex -28.6001 9.03349 2
      vertex -28.8952 8.95957 2
    endloop
  endfacet
  facet normal 0 0 -1
    outer loop
      vertex -28.6001 9.03349 2
      vertex -29.0355 10.4689 2
      vertex -28.8877 10.5218 2
    endloop
  endfacet
  facet normal 0 0 -1
    outer loop
      vertex -28.8952 8.95957 2
      vertex -29.1879 10.4307 2
      vertex -29.0355 10.4689 2
    endloop
  endfacet
  facet normal 0 0 -1
    outer loop
      vertex -29.1961 8.91493 2
      vertex -29.1879 10.4307 2
      vertex -28.8952 8.95957 2
    endloop
  endfacet
  facet normal 0 0 -1
    outer loop
      vertex -29.1961 8.91493 2
      vertex -29.3432 10.4077 2
      vertex -29.1879 10.4307 2
    endloop
  endfacet
  facet normal 0 0 -1
    outer loop
      vertex -29.5 8.9 2
      vertex -29.3432 10.4077 2
      vertex -29.1961 8.91493 2
    endloop
  endfacet
  facet normal 0 0 -1
    outer loop
      vertex -29.5 8.9 2
      vertex -29.5 10.4 2
      vertex -29.3432 10.4077 2
    endloop
  endfacet
  facet normal 0 0 -1
    outer loop
      vertex -29.5 8.9 2
      vertex -29.6568 10.4077 2
      vertex -29.5 10.4 2
    endloop
  endfacet
  facet normal 0 0 -1
    outer loop
      vertex -29.8039 8.91493 2
      vertex -29.6568 10.4077 2
      vertex -29.5 8.9 2
    endloop
  endfacet
  facet normal 0 0 -1
    outer loop
      vertex -29.8039 8.91493 2
      vertex -29.8121 10.4307 2
      vertex -29.6568 10.4077 2
    endloop
  endfacet
  facet normal 0 0 -1
    outer loop
      vertex -30.1048 8.95957 2
      vertex -29.8121 10.4307 2
      vertex -29.8039 8.91493 2
    endloop
  endfacet
  facet normal -0 0 -1
    outer loop
      vertex -29.8121 10.4307 2
      vertex -30.1048 8.95957 2
      vertex -29.9645 10.4689 2
    endloop
  endfacet
  facet normal 0 0 -1
    outer loop
      vertex -30.3999 9.03349 2
      vertex -29.9645 10.4689 2
      vertex -30.1048 8.95957 2
    endloop
  endfacet
  facet normal -0 0 -1
    outer loop
      vertex -29.9645 10.4689 2
      vertex -30.3999 9.03349 2
      vertex -30.1123 10.5218 2
    endloop
  endfacet
  facet normal 0 0 -1
    outer loop
      vertex -30.6863 9.13597 2
      vertex -30.1123 10.5218 2
      vertex -30.3999 9.03349 2
    endloop
  endfacet
  facet normal -0 0 -1
    outer loop
      vertex -30.1123 10.5218 2
      vertex -30.6863 9.13597 2
      vertex -30.2542 10.5889 2
    endloop
  endfacet
  facet normal 0 0 -1
    outer loop
      vertex -30.9613 9.26604 2
      vertex -30.2542 10.5889 2
      vertex -30.6863 9.13597 2
    endloop
  endfacet
  facet normal -0 0 -1
    outer loop
      vertex -30.2542 10.5889 2
      vertex -30.9613 9.26604 2
      vertex -30.3889 10.6696 2
    endloop
  endfacet
  facet normal 0 0 -1
    outer loop
      vertex -31.2223 9.42244 2
      vertex -30.3889 10.6696 2
      vertex -30.9613 9.26604 2
    endloop
  endfacet
  facet normal -0 0 -1
    outer loop
      vertex -30.3889 10.6696 2
      vertex -31.2223 9.42244 2
      vertex -30.515 10.7632 2
    endloop
  endfacet
  facet normal 0 0 -1
    outer loop
      vertex -31.4666 9.60367 2
      vertex -30.515 10.7632 2
      vertex -31.2223 9.42244 2
    endloop
  endfacet
  facet normal -0 0 -1
    outer loop
      vertex -30.515 10.7632 2
      vertex -31.4666 9.60367 2
      vertex -30.6314 10.8686 2
    endloop
  endfacet
  facet normal 0 0 -1
    outer loop
      vertex -31.692 9.80797 2
      vertex -30.6314 10.8686 2
      vertex -31.4666 9.60367 2
    endloop
  endfacet
  facet normal -0 0 -1
    outer loop
      vertex -30.6314 10.8686 2
      vertex -31.692 9.80797 2
      vertex -30.7368 10.985 2
    endloop
  endfacet
  facet normal 0 0 -1
    outer loop
      vertex -31.8963 10.0334 2
      vertex -30.7368 10.985 2
      vertex -31.692 9.80797 2
    endloop
  endfacet
  facet normal -0 0 -1
    outer loop
      vertex -30.7368 10.985 2
      vertex -31.8963 10.0334 2
      vertex -30.8304 11.1111 2
    endloop
  endfacet
  facet normal 0 0 -1
    outer loop
      vertex -32.0776 10.2777 2
      vertex -30.8304 11.1111 2
      vertex -31.8963 10.0334 2
    endloop
  endfacet
  facet normal 0 0 -1
    outer loop
      vertex -32.234 10.5387 2
      vertex -30.9111 11.2458 2
      vertex -32.0776 10.2777 2
    endloop
  endfacet
  facet normal -0 0 -1
    outer loop
      vertex -30.8304 11.1111 2
      vertex -32.0776 10.2777 2
      vertex -30.9111 11.2458 2
    endloop
  endfacet
  facet normal 0 0 -1
    outer loop
      vertex -27.9 12 2
      vertex -26.4 12 2
      vertex -26.4149 11.6961 2
    endloop
  endfacet
  facet normal 0 0 -1
    outer loop
      vertex -27.9077 11.8432 2
      vertex -26.4149 11.6961 2
      vertex -26.4596 11.3952 2
    endloop
  endfacet
  facet normal 0 0 -1
    outer loop
      vertex -26.4 12 2
      vertex -27.9 12 2
      vertex -26.4149 12.3039 2
    endloop
  endfacet
  facet normal 0 0 -1
    outer loop
      vertex -27.9077 11.8432 2
      vertex -26.4596 11.3952 2
      vertex -26.5335 11.1001 2
    endloop
  endfacet
  facet normal 0 0 -1
    outer loop
      vertex -27.9077 12.1568 2
      vertex -26.4149 12.3039 2
      vertex -27.9 12 2
    endloop
  endfacet
  facet normal 0 0 -1
    outer loop
      vertex -27.9077 11.8432 2
      vertex -26.5335 11.1001 2
      vertex -26.636 10.8137 2
    endloop
  endfacet
  facet normal -0 0 -1
    outer loop
      vertex -26.4149 12.3039 2
      vertex -27.9077 12.1568 2
      vertex -26.4596 12.6048 2
    endloop
  endfacet
  facet normal 0 0 -1
    outer loop
      vertex -27.9077 11.8432 2
      vertex -26.636 10.8137 2
      vertex -26.766 10.5387 2
    endloop
  endfacet
  facet normal 0 0 -1
    outer loop
      vertex -27.9307 12.3121 2
      vertex -26.4596 12.6048 2
      vertex -27.9077 12.1568 2
    endloop
  endfacet
  facet normal 0 0 -1
    outer loop
      vertex -27.9077 11.8432 2
      vertex -26.766 10.5387 2
      vertex -26.9224 10.2777 2
    endloop
  endfacet
  facet normal -0 0 -1
    outer loop
      vertex -26.4596 12.6048 2
      vertex -27.9307 12.3121 2
      vertex -26.5335 12.8999 2
    endloop
  endfacet
  facet normal 0 0 -1
    outer loop
      vertex -27.9077 11.8432 2
      vertex -26.9224 10.2777 2
      vertex -27.1037 10.0334 2
    endloop
  endfacet
  facet normal 0 0 -1
    outer loop
      vertex -27.9689 12.4645 2
      vertex -26.5335 12.8999 2
      vertex -27.9307 12.3121 2
    endloop
  endfacet
  facet normal -0 0 -1
    outer loop
      vertex -26.5335 12.8999 2
      vertex -27.9689 12.4645 2
      vertex -26.636 13.1863 2
    endloop
  endfacet
  facet normal 0 0 -1
    outer loop
      vertex -27.9077 11.8432 2
      vertex -27.1037 10.0334 2
      vertex -27.308 9.80797 2
    endloop
  endfacet
  facet normal 0 0 -1
    outer loop
      vertex -27.9077 11.8432 2
      vertex -27.308 9.80797 2
      vertex -27.5334 9.60367 2
    endloop
  endfacet
  facet normal 0 0 -1
    outer loop
      vertex -28.485 10.7632 2
      vertex -27.5334 9.60367 2
      vertex -27.7777 9.42244 2
    endloop
  endfacet
  facet normal 0 0 -1
    outer loop
      vertex -28.0218 12.6123 2
      vertex -26.636 13.1863 2
      vertex -27.9689 12.4645 2
    endloop
  endfacet
  facet normal -0 0 -1
    outer loop
      vertex -26.636 13.1863 2
      vertex -28.0218 12.6123 2
      vertex -26.766 13.4613 2
    endloop
  endfacet
  facet normal 0 0 -1
    outer loop
      vertex -28.0889 12.7542 2
      vertex -26.766 13.4613 2
      vertex -28.0218 12.6123 2
    endloop
  endfacet
  facet normal -0 0 -1
    outer loop
      vertex -26.766 13.4613 2
      vertex -28.0889 12.7542 2
      vertex -26.9224 13.7223 2
    endloop
  endfacet
  facet normal 0 0 -1
    outer loop
      vertex -28.1696 12.8889 2
      vertex -26.9224 13.7223 2
      vertex -28.0889 12.7542 2
    endloop
  endfacet
  facet normal -0 0 -1
    outer loop
      vertex -26.9224 13.7223 2
      vertex -28.1696 12.8889 2
      vertex -27.1037 13.9666 2
    endloop
  endfacet
  facet normal 0 0 -1
    outer loop
      vertex -28.2632 13.015 2
      vertex -27.1037 13.9666 2
      vertex -28.1696 12.8889 2
    endloop
  endfacet
  facet normal -0 0 -1
    outer loop
      vertex -27.1037 13.9666 2
      vertex -28.2632 13.015 2
      vertex -27.1339 14 2
    endloop
  endfacet
  facet normal 0 0 -1
    outer loop
      vertex -28.3686 13.1314 2
      vertex -27.1339 14 2
      vertex -28.2632 13.015 2
    endloop
  endfacet
  facet normal 0 0 -1
    outer loop
      vertex -28.485 13.2368 2
      vertex -27.1339 14 2
      vertex -28.3686 13.1314 2
    endloop
  endfacet
  facet normal 0 0 -1
    outer loop
      vertex -28.6111 13.3304 2
      vertex -27.1339 14 2
      vertex -28.485 13.2368 2
    endloop
  endfacet
  facet normal 0 0 -1
    outer loop
      vertex -28.7458 13.4111 2
      vertex -27.1339 14 2
      vertex -28.6111 13.3304 2
    endloop
  endfacet
  facet normal 0 0 -1
    outer loop
      vertex -28.8877 13.4782 2
      vertex -27.1339 14 2
      vertex -28.7458 13.4111 2
    endloop
  endfacet
  facet normal 0 0 -1
    outer loop
      vertex -29.0355 13.5311 2
      vertex -27.1339 14 2
      vertex -28.8877 13.4782 2
    endloop
  endfacet
  facet normal 0 0 -1
    outer loop
      vertex -29.1879 13.5693 2
      vertex -27.1339 14 2
      vertex -29.0355 13.5311 2
    endloop
  endfacet
  facet normal 0 0 -1
    outer loop
      vertex -29.3432 13.5923 2
      vertex -27.1339 14 2
      vertex -29.1879 13.5693 2
    endloop
  endfacet
  facet normal 0 0 -1
    outer loop
      vertex -29.5 13.6 2
      vertex -27.1339 14 2
      vertex -29.3432 13.5923 2
    endloop
  endfacet
  facet normal 0 0 -1
    outer loop
      vertex -31.8661 14 2
      vertex -29.5 13.6 2
      vertex -29.6568 13.5923 2
    endloop
  endfacet
  facet normal 0 0 -1
    outer loop
      vertex -31.8661 14 2
      vertex -29.6568 13.5923 2
      vertex -29.8121 13.5693 2
    endloop
  endfacet
  facet normal -0 0 -1
    outer loop
      vertex -30.9111 11.2458 2
      vertex -32.234 10.5387 2
      vertex -30.9782 11.3877 2
    endloop
  endfacet
  facet normal 0 0 -1
    outer loop
      vertex -32.364 10.8137 2
      vertex -30.9782 11.3877 2
      vertex -32.234 10.5387 2
    endloop
  endfacet
  facet normal -0 0 -1
    outer loop
      vertex -30.9782 11.3877 2
      vertex -32.364 10.8137 2
      vertex -31.0311 11.5355 2
    endloop
  endfacet
  facet normal 0 0 -1
    outer loop
      vertex -32.4665 11.1001 2
      vertex -31.0311 11.5355 2
      vertex -32.364 10.8137 2
    endloop
  endfacet
  facet normal 0 0 -1
    outer loop
      vertex -29.5 13.6 2
      vertex -31.8661 14 2
      vertex -27.1339 14 2
    endloop
  endfacet
  facet normal 0 0 -1
    outer loop
      vertex -29.9645 13.5311 2
      vertex -31.8661 14 2
      vertex -29.8121 13.5693 2
    endloop
  endfacet
  facet normal 0 0 -1
    outer loop
      vertex -30.1123 13.4782 2
      vertex -31.8661 14 2
      vertex -29.9645 13.5311 2
    endloop
  endfacet
  facet normal 0 0 -1
    outer loop
      vertex -30.2542 13.4111 2
      vertex -31.8661 14 2
      vertex -30.1123 13.4782 2
    endloop
  endfacet
  facet normal 0 0 -1
    outer loop
      vertex -30.3889 13.3304 2
      vertex -31.8661 14 2
      vertex -30.2542 13.4111 2
    endloop
  endfacet
  facet normal 0 0 -1
    outer loop
      vertex -30.515 13.2368 2
      vertex -31.8661 14 2
      vertex -30.3889 13.3304 2
    endloop
  endfacet
  facet normal 0 0 -1
    outer loop
      vertex -30.6314 13.1314 2
      vertex -31.8661 14 2
      vertex -30.515 13.2368 2
    endloop
  endfacet
  facet normal 0 0 -1
    outer loop
      vertex -30.7368 13.015 2
      vertex -31.8661 14 2
      vertex -30.6314 13.1314 2
    endloop
  endfacet
  facet normal 0 0 -1
    outer loop
      vertex -31.8963 13.9666 2
      vertex -30.7368 13.015 2
      vertex -30.8304 12.8889 2
    endloop
  endfacet
  facet normal 0 0 -1
    outer loop
      vertex -32.0776 13.7223 2
      vertex -30.8304 12.8889 2
      vertex -30.9111 12.7542 2
    endloop
  endfacet
  facet normal 0 0 -1
    outer loop
      vertex -32.234 13.4613 2
      vertex -30.9111 12.7542 2
      vertex -30.9782 12.6123 2
    endloop
  endfacet
  facet normal 0 0 -1
    outer loop
      vertex -32.364 13.1863 2
      vertex -30.9782 12.6123 2
      vertex -31.0311 12.4645 2
    endloop
  endfacet
  facet normal 0 0 -1
    outer loop
      vertex -32.4665 12.8999 2
      vertex -31.0311 12.4645 2
      vertex -31.0693 12.3121 2
    endloop
  endfacet
  facet normal -0 0 -1
    outer loop
      vertex -31.0311 11.5355 2
      vertex -32.4665 11.1001 2
      vertex -31.0693 11.6879 2
    endloop
  endfacet
  facet normal 0 0 -1
    outer loop
      vertex -32.5404 11.3952 2
      vertex -31.0693 11.6879 2
      vertex -32.4665 11.1001 2
    endloop
  endfacet
  facet normal -0 0 -1
    outer loop
      vertex -31.0693 11.6879 2
      vertex -32.5404 11.3952 2
      vertex -31.0923 11.8432 2
    endloop
  endfacet
  facet normal 0 0 -1
    outer loop
      vertex -30.8304 12.8889 2
      vertex -32.0776 13.7223 2
      vertex -31.8963 13.9666 2
    endloop
  endfacet
  facet normal 0 0 -1
    outer loop
      vertex -30.7368 13.015 2
      vertex -31.8963 13.9666 2
      vertex -31.8661 14 2
    endloop
  endfacet
  facet normal 0 0 -1
    outer loop
      vertex -32.5851 11.6961 2
      vertex -31.0923 11.8432 2
      vertex -32.5404 11.3952 2
    endloop
  endfacet
  facet normal 0 0 -1
    outer loop
      vertex -30.9111 12.7542 2
      vertex -32.234 13.4613 2
      vertex -32.0776 13.7223 2
    endloop
  endfacet
  facet normal -0 0 -1
    outer loop
      vertex -31.0923 11.8432 2
      vertex -32.5851 11.6961 2
      vertex -31.1 12 2
    endloop
  endfacet
  facet normal 0 0 -1
    outer loop
      vertex -30.9782 12.6123 2
      vertex -32.364 13.1863 2
      vertex -32.234 13.4613 2
    endloop
  endfacet
  facet normal 0 0 -1
    outer loop
      vertex -32.6 12 2
      vertex -31.1 12 2
      vertex -32.5851 11.6961 2
    endloop
  endfacet
  facet normal 0 0 -1
    outer loop
      vertex -31.0311 12.4645 2
      vertex -32.4665 12.8999 2
      vertex -32.364 13.1863 2
    endloop
  endfacet
  facet normal 0 0 -1
    outer loop
      vertex -31.1 12 2
      vertex -32.6 12 2
      vertex -31.0923 12.1568 2
    endloop
  endfacet
  facet normal 0 0 -1
    outer loop
      vertex -31.0693 12.3121 2
      vertex -32.5404 12.6048 2
      vertex -32.4665 12.8999 2
    endloop
  endfacet
  facet normal 0 -0 -1
    outer loop
      vertex -32.5851 12.3039 2
      vertex -31.0923 12.1568 2
      vertex -32.6 12 2
    endloop
  endfacet
  facet normal -0 0 -1
    outer loop
      vertex -31.0693 12.3121 2
      vertex -32.5851 12.3039 2
      vertex -32.5404 12.6048 2
    endloop
  endfacet
  facet normal 0 0 -1
    outer loop
      vertex -31.0923 12.1568 2
      vertex -32.5851 12.3039 2
      vertex -31.0693 12.3121 2
    endloop
  endfacet
  facet normal -0.970046 -0.242922 0
    outer loop
      vertex -26.4596 12.6048 0.0213881
      vertex -26.5335 12.8999 2
      vertex -26.5335 12.8999 0.0213881
    endloop
  endfacet
  facet normal -0.970046 -0.242922 0
    outer loop
      vertex -26.5335 12.8999 2
      vertex -26.4596 12.6048 0.0213881
      vertex -26.4596 12.6048 2
    endloop
  endfacet
  facet normal 0.941519 -0.336961 0
    outer loop
      vertex -32.4665 12.8999 2
      vertex -32.364 13.1863 0.0213881
      vertex -32.364 13.1863 2
    endloop
  endfacet
  facet normal 0.941519 -0.336961 0
    outer loop
      vertex -32.364 13.1863 0.0213881
      vertex -32.4665 12.8999 2
      vertex -32.4665 12.8999 0.0213881
    endloop
  endfacet
  facet normal 0.74098 0.671527 0
    outer loop
      vertex -31.692 9.80797 2
      vertex -31.8963 10.0334 0.0213881
      vertex -31.8963 10.0334 2
    endloop
  endfacet
  facet normal 0.74098 0.671527 0
    outer loop
      vertex -31.8963 10.0334 0.0213881
      vertex -31.692 9.80797 2
      vertex -31.692 9.80797 0.0213881
    endloop
  endfacet
  facet normal 0.989145 0.146942 0
    outer loop
      vertex -32.5404 11.3952 2
      vertex -32.5851 11.6961 0.0213881
      vertex -32.5851 11.6961 2
    endloop
  endfacet
  facet normal 0.989145 0.146942 0
    outer loop
      vertex -32.5851 11.6961 0.0213881
      vertex -32.5404 11.3952 2
      vertex -32.5404 11.3952 0.0213881
    endloop
  endfacet
  facet normal -0.146749 0.989174 0
    outer loop
      vertex -28.8952 8.95957 0.0213881
      vertex -29.1961 8.91493 2
      vertex -28.8952 8.95957 2
    endloop
  endfacet
  facet normal -0.146749 0.989174 0
    outer loop
      vertex -29.1961 8.91493 2
      vertex -28.8952 8.95957 0.0213881
      vertex -29.1961 8.91493 0.0213881
    endloop
  endfacet
  facet normal -0.989145 0.146942 0
    outer loop
      vertex -26.4596 11.3952 0.0213881
      vertex -26.4149 11.6961 2
      vertex -26.4149 11.6961 0.0213881
    endloop
  endfacet
  facet normal -0.989145 0.146942 0
    outer loop
      vertex -26.4149 11.6961 2
      vertex -26.4596 11.3952 0.0213881
      vertex -26.4596 11.3952 2
    endloop
  endfacet
  facet normal -0.242984 0.97003 0
    outer loop
      vertex -28.6001 9.03349 0.0213881
      vertex -28.8952 8.95957 2
      vertex -28.6001 9.03349 2
    endloop
  endfacet
  facet normal -0.242984 0.97003 0
    outer loop
      vertex -28.8952 8.95957 2
      vertex -28.6001 9.03349 0.0213881
      vertex -28.8952 8.95957 0.0213881
    endloop
  endfacet
  facet normal -0.941519 0.336961 0
    outer loop
      vertex -26.636 10.8137 0.0213881
      vertex -26.5335 11.1001 2
      vertex -26.5335 11.1001 0.0213881
    endloop
  endfacet
  facet normal -0.941519 0.336961 0
    outer loop
      vertex -26.5335 11.1001 2
      vertex -26.636 10.8137 0.0213881
      vertex -26.636 10.8137 2
    endloop
  endfacet
  facet normal -0.741746 -0.670681 0
    outer loop
      vertex -27.1037 13.9666 0.0213881
      vertex -27.1339 14 2
      vertex -27.1339 14 0.0213881
    endloop
  endfacet
  facet normal -0.741746 -0.670681 0
    outer loop
      vertex -27.1339 14 2
      vertex -27.1037 13.9666 0.0213881
      vertex -27.1037 13.9666 2
    endloop
  endfacet
  facet normal -0.857783 -0.514012 0
    outer loop
      vertex -26.766 13.4613 0.0213881
      vertex -26.9224 13.7223 2
      vertex -26.9224 13.7223 0.0213881
    endloop
  endfacet
  facet normal -0.857783 -0.514012 0
    outer loop
      vertex -26.9224 13.7223 2
      vertex -26.766 13.4613 0.0213881
      vertex -26.766 13.4613 2
    endloop
  endfacet
  facet normal 0.427568 0.903983 -0
    outer loop
      vertex -30.6863 9.13597 0.0213881
      vertex -30.9613 9.26604 2
      vertex -30.6863 9.13597 2
    endloop
  endfacet
  facet normal 0.427568 0.903983 0
    outer loop
      vertex -30.9613 9.26604 2
      vertex -30.6863 9.13597 0.0213881
      vertex -30.9613 9.26604 0.0213881
    endloop
  endfacet
  facet normal -0.671576 0.740936 0
    outer loop
      vertex -27.308 9.80797 0.0213881
      vertex -27.5334 9.60367 2
      vertex -27.308 9.80797 2
    endloop
  endfacet
  facet normal -0.671576 0.740936 0
    outer loop
      vertex -27.5334 9.60367 2
      vertex -27.308 9.80797 0.0213881
      vertex -27.5334 9.60367 0.0213881
    endloop
  endfacet
  facet normal -0.427568 0.903983 0
    outer loop
      vertex -28.0387 9.26604 0.0213881
      vertex -28.3137 9.13597 2
      vertex -28.0387 9.26604 2
    endloop
  endfacet
  facet normal -0.427568 0.903983 0
    outer loop
      vertex -28.3137 9.13597 2
      vertex -28.0387 9.26604 0.0213881
      vertex -28.3137 9.13597 0.0213881
    endloop
  endfacet
  facet normal 0.904072 0.42738 0
    outer loop
      vertex -32.234 10.5387 2
      vertex -32.364 10.8137 0.0213881
      vertex -32.364 10.8137 2
    endloop
  endfacet
  facet normal 0.904072 0.42738 0
    outer loop
      vertex -32.364 10.8137 0.0213881
      vertex -32.234 10.5387 2
      vertex -32.234 10.5387 0.0213881
    endloop
  endfacet
  facet normal 0.803027 -0.595943 0
    outer loop
      vertex -32.0776 13.7223 2
      vertex -31.8963 13.9666 0.0213881
      vertex -31.8963 13.9666 2
    endloop
  endfacet
  facet normal 0.803027 -0.595943 0
    outer loop
      vertex -31.8963 13.9666 0.0213881
      vertex -32.0776 13.7223 2
      vertex -32.0776 13.7223 0.0213881
    endloop
  endfacet
  facet normal 0.9988 0.0489705 0
    outer loop
      vertex -32.5851 11.6961 2
      vertex -32.6 12 0.0213881
      vertex -32.6 12 2
    endloop
  endfacet
  facet normal 0.9988 0.0489705 0
    outer loop
      vertex -32.6 12 0.0213881
      vertex -32.5851 11.6961 2
      vertex -32.5851 11.6961 0.0213881
    endloop
  endfacet
  facet normal 0.0490688 0.998795 -0
    outer loop
      vertex -29.5 8.9 0.0213881
      vertex -29.8039 8.91493 2
      vertex -29.5 8.9 2
    endloop
  endfacet
  facet normal 0.0490688 0.998795 0
    outer loop
      vertex -29.8039 8.91493 2
      vertex -29.5 8.9 0.0213881
      vertex -29.8039 8.91493 0.0213881
    endloop
  endfacet
  facet normal 0.941519 0.336961 0
    outer loop
      vertex -32.364 10.8137 2
      vertex -32.4665 11.1001 0.0213881
      vertex -32.4665 11.1001 2
    endloop
  endfacet
  facet normal 0.941519 0.336961 0
    outer loop
      vertex -32.4665 11.1001 0.0213881
      vertex -32.364 10.8137 2
      vertex -32.364 10.8137 0.0213881
    endloop
  endfacet
  facet normal -0.74098 0.671527 0
    outer loop
      vertex -27.308 9.80797 0.0213881
      vertex -27.1037 10.0334 2
      vertex -27.1037 10.0334 0.0213881
    endloop
  endfacet
  facet normal -0.74098 0.671527 0
    outer loop
      vertex -27.1037 10.0334 2
      vertex -27.308 9.80797 0.0213881
      vertex -27.308 9.80797 2
    endloop
  endfacet
  facet normal -0.857783 0.514012 0
    outer loop
      vertex -26.9224 10.2777 0.0213881
      vertex -26.766 10.5387 2
      vertex -26.766 10.5387 0.0213881
    endloop
  endfacet
  facet normal -0.857783 0.514012 0
    outer loop
      vertex -26.766 10.5387 2
      vertex -26.9224 10.2777 0.0213881
      vertex -26.9224 10.2777 2
    endloop
  endfacet
  facet normal -0.595794 0.803137 0
    outer loop
      vertex -27.5334 9.60367 0.0213881
      vertex -27.7777 9.42244 2
      vertex -27.5334 9.60367 2
    endloop
  endfacet
  facet normal -0.595794 0.803137 0
    outer loop
      vertex -27.7777 9.42244 2
      vertex -27.5334 9.60367 0.0213881
      vertex -27.7777 9.42244 0.0213881
    endloop
  endfacet
  facet normal 0.989145 -0.146942 0
    outer loop
      vertex -32.5851 12.3039 2
      vertex -32.5404 12.6048 0.0213881
      vertex -32.5404 12.6048 2
    endloop
  endfacet
  facet normal 0.989145 -0.146942 0
    outer loop
      vertex -32.5404 12.6048 0.0213881
      vertex -32.5851 12.3039 2
      vertex -32.5851 12.3039 0.0213881
    endloop
  endfacet
  facet normal -0.0490688 0.998795 0
    outer loop
      vertex -29.1961 8.91493 0.0213881
      vertex -29.5 8.9 2
      vertex -29.1961 8.91493 2
    endloop
  endfacet
  facet normal -0.0490688 0.998795 0
    outer loop
      vertex -29.5 8.9 2
      vertex -29.1961 8.91493 0.0213881
      vertex -29.5 8.9 0.0213881
    endloop
  endfacet
  facet normal 0.514012 0.857783 -0
    outer loop
      vertex -30.9613 9.26604 0.0213881
      vertex -31.2223 9.42244 2
      vertex -30.9613 9.26604 2
    endloop
  endfacet
  facet normal 0.514012 0.857783 0
    outer loop
      vertex -31.2223 9.42244 2
      vertex -30.9613 9.26604 0.0213881
      vertex -31.2223 9.42244 0.0213881
    endloop
  endfacet
  facet normal 0.671576 0.740936 -0
    outer loop
      vertex -31.4666 9.60367 0.0213881
      vertex -31.692 9.80797 2
      vertex -31.4666 9.60367 2
    endloop
  endfacet
  facet normal 0.671576 0.740936 0
    outer loop
      vertex -31.692 9.80797 2
      vertex -31.4666 9.60367 0.0213881
      vertex -31.692 9.80797 0.0213881
    endloop
  endfacet
  facet normal 0.970046 0.242922 0
    outer loop
      vertex -32.4665 11.1001 2
      vertex -32.5404 11.3952 0.0213881
      vertex -32.5404 11.3952 2
    endloop
  endfacet
  facet normal 0.970046 0.242922 0
    outer loop
      vertex -32.5404 11.3952 0.0213881
      vertex -32.4665 11.1001 2
      vertex -32.4665 11.1001 0.0213881
    endloop
  endfacet
  facet normal 0.336903 0.941539 -0
    outer loop
      vertex -30.3999 9.03349 0.0213881
      vertex -30.6863 9.13597 2
      vertex -30.3999 9.03349 2
    endloop
  endfacet
  facet normal 0.336903 0.941539 0
    outer loop
      vertex -30.6863 9.13597 2
      vertex -30.3999 9.03349 0.0213881
      vertex -30.6863 9.13597 0.0213881
    endloop
  endfacet
  facet normal 0.857783 -0.514012 0
    outer loop
      vertex -32.234 13.4613 2
      vertex -32.0776 13.7223 0.0213881
      vertex -32.0776 13.7223 2
    endloop
  endfacet
  facet normal 0.857783 -0.514012 0
    outer loop
      vertex -32.0776 13.7223 0.0213881
      vertex -32.234 13.4613 2
      vertex -32.234 13.4613 0.0213881
    endloop
  endfacet
  facet normal 0.146749 0.989174 -0
    outer loop
      vertex -29.8039 8.91493 0.0213881
      vertex -30.1048 8.95957 2
      vertex -29.8039 8.91493 2
    endloop
  endfacet
  facet normal 0.146749 0.989174 0
    outer loop
      vertex -30.1048 8.95957 2
      vertex -29.8039 8.91493 0.0213881
      vertex -30.1048 8.95957 0.0213881
    endloop
  endfacet
  facet normal 0.595794 0.803137 -0
    outer loop
      vertex -31.2223 9.42244 0.0213881
      vertex -31.4666 9.60367 2
      vertex -31.2223 9.42244 2
    endloop
  endfacet
  facet normal 0.595794 0.803137 0
    outer loop
      vertex -31.4666 9.60367 2
      vertex -31.2223 9.42244 0.0213881
      vertex -31.4666 9.60367 0.0213881
    endloop
  endfacet
  facet normal -0.969993 0.243135 0
    outer loop
      vertex 31.0311 11.5355 2
      vertex 31.0693 11.6879 7
      vertex 31.0693 11.6879 2
    endloop
  endfacet
  facet normal -0.969993 0.243135 0
    outer loop
      vertex 31.0693 11.6879 7
      vertex 31.0311 11.5355 2
      vertex 31.0311 11.5355 7
    endloop
  endfacet
  facet normal -0.741264 -0.671213 0
    outer loop
      vertex 30.7368 13.015 2
      vertex 30.6314 13.1314 7
      vertex 30.6314 13.1314 2
    endloop
  endfacet
  facet normal -0.741264 -0.671213 0
    outer loop
      vertex 30.6314 13.1314 7
      vertex 30.7368 13.015 2
      vertex 30.7368 13.015 7
    endloop
  endfacet
  facet normal -0.049048 0.998796 0
    outer loop
      vertex 29.6568 10.4077 2
      vertex 29.5 10.4 7
      vertex 29.6568 10.4077 7
    endloop
  endfacet
  facet normal -0.049048 0.998796 0
    outer loop
      vertex 29.5 10.4 7
      vertex 29.6568 10.4077 2
      vertex 29.5 10.4 2
    endloop
  endfacet
  facet normal 0.049048 -0.998796 0
    outer loop
      vertex 29.3432 13.5923 2
      vertex 29.5 13.6 7
      vertex 29.3432 13.5923 7
    endloop
  endfacet
  facet normal 0.049048 -0.998796 0
    outer loop
      vertex 29.5 13.6 7
      vertex 29.3432 13.5923 2
      vertex 29.5 13.6 2
    endloop
  endfacet
  facet normal 0.969993 -0.243135 0
    outer loop
      vertex 27.9307 12.3121 7
      vertex 27.9689 12.4645 2
      vertex 27.9689 12.4645 7
    endloop
  endfacet
  facet normal 0.969993 -0.243135 0
    outer loop
      vertex 27.9689 12.4645 2
      vertex 27.9307 12.3121 7
      vertex 27.9307 12.3121 2
    endloop
  endfacet
  facet normal 0.741264 -0.671213 0
    outer loop
      vertex 28.2632 13.015 7
      vertex 28.3686 13.1314 2
      vertex 28.3686 13.1314 7
    endloop
  endfacet
  facet normal 0.741264 -0.671213 0
    outer loop
      vertex 28.3686 13.1314 2
      vertex 28.2632 13.015 7
      vertex 28.2632 13.015 2
    endloop
  endfacet
  facet normal -0.904023 0.427484 0
    outer loop
      vertex 30.9111 11.2458 2
      vertex 30.9782 11.3877 7
      vertex 30.9782 11.3877 2
    endloop
  endfacet
  facet normal -0.904023 0.427484 0
    outer loop
      vertex 30.9782 11.3877 7
      vertex 30.9111 11.2458 2
      vertex 30.9111 11.2458 7
    endloop
  endfacet
  facet normal -0.427484 0.904023 0
    outer loop
      vertex 30.2542 10.5889 2
      vertex 30.1123 10.5218 7
      vertex 30.2542 10.5889 7
    endloop
  endfacet
  facet normal -0.427484 0.904023 0
    outer loop
      vertex 30.1123 10.5218 7
      vertex 30.2542 10.5889 2
      vertex 30.1123 10.5218 2
    endloop
  endfacet
  facet normal 0.146502 0.98921 -0
    outer loop
      vertex 29.3432 10.4077 2
      vertex 29.1879 10.4307 7
      vertex 29.3432 10.4077 7
    endloop
  endfacet
  facet normal 0.146502 0.98921 0
    outer loop
      vertex 29.1879 10.4307 7
      vertex 29.3432 10.4077 2
      vertex 29.1879 10.4307 2
    endloop
  endfacet
  facet normal -0.941511 -0.336982 0
    outer loop
      vertex 31.0311 12.4645 2
      vertex 30.9782 12.6123 7
      vertex 30.9782 12.6123 2
    endloop
  endfacet
  facet normal -0.941511 -0.336982 0
    outer loop
      vertex 30.9782 12.6123 7
      vertex 31.0311 12.4645 2
      vertex 31.0311 12.4645 7
    endloop
  endfacet
  facet normal 0.904023 -0.427484 0
    outer loop
      vertex 28.0218 12.6123 7
      vertex 28.0889 12.7542 2
      vertex 28.0889 12.7542 7
    endloop
  endfacet
  facet normal 0.904023 -0.427484 0
    outer loop
      vertex 28.0889 12.7542 2
      vertex 28.0218 12.6123 7
      vertex 28.0218 12.6123 2
    endloop
  endfacet
  facet normal -0.998796 0.049048 0
    outer loop
      vertex 31.0923 11.8432 2
      vertex 31.1 12 7
      vertex 31.1 12 2
    endloop
  endfacet
  facet normal -0.998796 0.049048 0
    outer loop
      vertex 31.1 12 7
      vertex 31.0923 11.8432 2
      vertex 31.0923 11.8432 7
    endloop
  endfacet
  facet normal 0.941511 -0.336982 0
    outer loop
      vertex 27.9689 12.4645 7
      vertex 28.0218 12.6123 2
      vertex 28.0218 12.6123 7
    endloop
  endfacet
  facet normal 0.941511 -0.336982 0
    outer loop
      vertex 28.0218 12.6123 2
      vertex 27.9689 12.4645 7
      vertex 27.9689 12.4645 2
    endloop
  endfacet
  facet normal -0.049048 -0.998796 0
    outer loop
      vertex 29.5 13.6 2
      vertex 29.6568 13.5923 7
      vertex 29.5 13.6 7
    endloop
  endfacet
  facet normal -0.049048 -0.998796 -0
    outer loop
      vertex 29.6568 13.5923 7
      vertex 29.5 13.6 2
      vertex 29.6568 13.5923 2
    endloop
  endfacet
  facet normal -0.513934 -0.85783 0
    outer loop
      vertex 30.2542 13.4111 2
      vertex 30.3889 13.3304 7
      vertex 30.2542 13.4111 7
    endloop
  endfacet
  facet normal -0.513934 -0.85783 -0
    outer loop
      vertex 30.3889 13.3304 7
      vertex 30.2542 13.4111 2
      vertex 30.3889 13.3304 2
    endloop
  endfacet
  facet normal 0.98921 0.146502 0
    outer loop
      vertex 27.9307 11.6879 7
      vertex 27.9077 11.8432 2
      vertex 27.9077 11.8432 7
    endloop
  endfacet
  facet normal 0.98921 0.146502 0
    outer loop
      vertex 27.9077 11.8432 2
      vertex 27.9307 11.6879 7
      vertex 27.9307 11.6879 2
    endloop
  endfacet
  facet normal -0.98921 -0.146502 0
    outer loop
      vertex 31.0923 12.1568 2
      vertex 31.0693 12.3121 7
      vertex 31.0693 12.3121 2
    endloop
  endfacet
  facet normal -0.98921 -0.146502 0
    outer loop
      vertex 31.0693 12.3121 7
      vertex 31.0923 12.1568 2
      vertex 31.0923 12.1568 7
    endloop
  endfacet
  facet normal 0.427484 -0.904023 0
    outer loop
      vertex 28.7458 13.4111 2
      vertex 28.8877 13.4782 7
      vertex 28.7458 13.4111 7
    endloop
  endfacet
  facet normal 0.427484 -0.904023 0
    outer loop
      vertex 28.8877 13.4782 7
      vertex 28.7458 13.4111 2
      vertex 28.8877 13.4782 2
    endloop
  endfacet
  facet normal -0.998796 -0.049048 0
    outer loop
      vertex 31.1 12 2
      vertex 31.0923 12.1568 7
      vertex 31.0923 12.1568 2
    endloop
  endfacet
  facet normal -0.998796 -0.049048 0
    outer loop
      vertex 31.0923 12.1568 7
      vertex 31.1 12 2
      vertex 31.1 12 7
    endloop
  endfacet
  facet normal -0.513934 0.85783 0
    outer loop
      vertex 30.3889 10.6696 2
      vertex 30.2542 10.5889 7
      vertex 30.3889 10.6696 7
    endloop
  endfacet
  facet normal -0.513934 0.85783 0
    outer loop
      vertex 30.2542 10.5889 7
      vertex 30.3889 10.6696 2
      vertex 30.2542 10.5889 2
    endloop
  endfacet
  facet normal 0.336982 0.941511 -0
    outer loop
      vertex 29.0355 10.4689 2
      vertex 28.8877 10.5218 7
      vertex 29.0355 10.4689 7
    endloop
  endfacet
  facet normal 0.336982 0.941511 0
    outer loop
      vertex 28.8877 10.5218 7
      vertex 29.0355 10.4689 2
      vertex 28.8877 10.5218 2
    endloop
  endfacet
  facet normal -0.741264 0.671213 0
    outer loop
      vertex 30.6314 10.8686 2
      vertex 30.7368 10.985 7
      vertex 30.7368 10.985 2
    endloop
  endfacet
  facet normal -0.741264 0.671213 0
    outer loop
      vertex 30.7368 10.985 7
      vertex 30.6314 10.8686 2
      vertex 30.6314 10.8686 7
    endloop
  endfacet
  facet normal 0.336982 -0.941511 0
    outer loop
      vertex 28.8877 13.4782 2
      vertex 29.0355 13.5311 7
      vertex 28.8877 13.4782 7
    endloop
  endfacet
  facet normal 0.336982 -0.941511 0
    outer loop
      vertex 29.0355 13.5311 7
      vertex 28.8877 13.4782 2
      vertex 29.0355 13.5311 2
    endloop
  endfacet
  facet normal -0.671213 -0.741264 0
    outer loop
      vertex 30.515 13.2368 2
      vertex 30.6314 13.1314 7
      vertex 30.515 13.2368 7
    endloop
  endfacet
  facet normal -0.671213 -0.741264 -0
    outer loop
      vertex 30.6314 13.1314 7
      vertex 30.515 13.2368 2
      vertex 30.6314 13.1314 2
    endloop
  endfacet
  facet normal 0.998796 0.049048 0
    outer loop
      vertex 27.9077 11.8432 7
      vertex 27.9 12 2
      vertex 27.9 12 7
    endloop
  endfacet
  facet normal 0.998796 0.049048 0
    outer loop
      vertex 27.9 12 2
      vertex 27.9077 11.8432 7
      vertex 27.9077 11.8432 2
    endloop
  endfacet
  facet normal 0.85783 -0.513934 0
    outer loop
      vertex 28.0889 12.7542 7
      vertex 28.1696 12.8889 2
      vertex 28.1696 12.8889 7
    endloop
  endfacet
  facet normal 0.85783 -0.513934 0
    outer loop
      vertex 28.1696 12.8889 2
      vertex 28.0889 12.7542 7
      vertex 28.0889 12.7542 2
    endloop
  endfacet
  facet normal -0.941511 0.336982 0
    outer loop
      vertex 30.9782 11.3877 2
      vertex 31.0311 11.5355 7
      vertex 31.0311 11.5355 2
    endloop
  endfacet
  facet normal -0.941511 0.336982 0
    outer loop
      vertex 31.0311 11.5355 7
      vertex 30.9782 11.3877 2
      vertex 30.9782 11.3877 7
    endloop
  endfacet
  facet normal -0.80297 0.596019 0
    outer loop
      vertex 30.7368 10.985 2
      vertex 30.8304 11.1111 7
      vertex 30.8304 11.1111 2
    endloop
  endfacet
  facet normal -0.80297 0.596019 0
    outer loop
      vertex 30.8304 11.1111 7
      vertex 30.7368 10.985 2
      vertex 30.7368 10.985 7
    endloop
  endfacet
  facet normal -0.969993 -0.243135 0
    outer loop
      vertex 31.0693 12.3121 2
      vertex 31.0311 12.4645 7
      vertex 31.0311 12.4645 2
    endloop
  endfacet
  facet normal -0.969993 -0.243135 0
    outer loop
      vertex 31.0311 12.4645 7
      vertex 31.0693 12.3121 2
      vertex 31.0693 12.3121 7
    endloop
  endfacet
  facet normal -0.146502 -0.98921 0
    outer loop
      vertex 29.6568 13.5923 2
      vertex 29.8121 13.5693 7
      vertex 29.6568 13.5923 7
    endloop
  endfacet
  facet normal -0.146502 -0.98921 -0
    outer loop
      vertex 29.8121 13.5693 7
      vertex 29.6568 13.5923 2
      vertex 29.8121 13.5693 2
    endloop
  endfacet
  facet normal -0.243135 0.969993 0
    outer loop
      vertex 29.9645 10.4689 2
      vertex 29.8121 10.4307 7
      vertex 29.9645 10.4689 7
    endloop
  endfacet
  facet normal -0.243135 0.969993 0
    outer loop
      vertex 29.8121 10.4307 7
      vertex 29.9645 10.4689 2
      vertex 29.8121 10.4307 2
    endloop
  endfacet
  facet normal -0.596019 -0.80297 0
    outer loop
      vertex 30.3889 13.3304 2
      vertex 30.515 13.2368 7
      vertex 30.3889 13.3304 7
    endloop
  endfacet
  facet normal -0.596019 -0.80297 -0
    outer loop
      vertex 30.515 13.2368 7
      vertex 30.3889 13.3304 2
      vertex 30.515 13.2368 2
    endloop
  endfacet
  facet normal 0.243135 -0.969993 0
    outer loop
      vertex 29.0355 13.5311 2
      vertex 29.1879 13.5693 7
      vertex 29.0355 13.5311 7
    endloop
  endfacet
  facet normal 0.243135 -0.969993 0
    outer loop
      vertex 29.1879 13.5693 7
      vertex 29.0355 13.5311 2
      vertex 29.1879 13.5693 2
    endloop
  endfacet
  facet normal 0.596019 0.80297 -0
    outer loop
      vertex 28.6111 10.6696 2
      vertex 28.485 10.7632 7
      vertex 28.6111 10.6696 7
    endloop
  endfacet
  facet normal 0.596019 0.80297 0
    outer loop
      vertex 28.485 10.7632 7
      vertex 28.6111 10.6696 2
      vertex 28.485 10.7632 2
    endloop
  endfacet
  facet normal 0.969993 0.243135 0
    outer loop
      vertex 27.9689 11.5355 7
      vertex 27.9307 11.6879 2
      vertex 27.9307 11.6879 7
    endloop
  endfacet
  facet normal 0.969993 0.243135 0
    outer loop
      vertex 27.9307 11.6879 2
      vertex 27.9689 11.5355 7
      vertex 27.9689 11.5355 2
    endloop
  endfacet
  facet normal -0.427484 -0.904023 0
    outer loop
      vertex 30.1123 13.4782 2
      vertex 30.2542 13.4111 7
      vertex 30.1123 13.4782 7
    endloop
  endfacet
  facet normal -0.427484 -0.904023 -0
    outer loop
      vertex 30.2542 13.4111 7
      vertex 30.1123 13.4782 2
      vertex 30.2542 13.4111 2
    endloop
  endfacet
  facet normal 0.80297 -0.596019 0
    outer loop
      vertex 28.1696 12.8889 7
      vertex 28.2632 13.015 2
      vertex 28.2632 13.015 7
    endloop
  endfacet
  facet normal 0.80297 -0.596019 0
    outer loop
      vertex 28.2632 13.015 2
      vertex 28.1696 12.8889 7
      vertex 28.1696 12.8889 2
    endloop
  endfacet
  facet normal -0.85783 -0.513934 0
    outer loop
      vertex 30.9111 12.7542 2
      vertex 30.8304 12.8889 7
      vertex 30.8304 12.8889 2
    endloop
  endfacet
  facet normal -0.85783 -0.513934 0
    outer loop
      vertex 30.8304 12.8889 7
      vertex 30.9111 12.7542 2
      vertex 30.9111 12.7542 7
    endloop
  endfacet
  facet normal 0.596019 -0.80297 0
    outer loop
      vertex 28.485 13.2368 2
      vertex 28.6111 13.3304 7
      vertex 28.485 13.2368 7
    endloop
  endfacet
  facet normal 0.596019 -0.80297 0
    outer loop
      vertex 28.6111 13.3304 7
      vertex 28.485 13.2368 2
      vertex 28.6111 13.3304 2
    endloop
  endfacet
  facet normal 0.513934 0.85783 -0
    outer loop
      vertex 28.7458 10.5889 2
      vertex 28.6111 10.6696 7
      vertex 28.7458 10.5889 7
    endloop
  endfacet
  facet normal 0.513934 0.85783 0
    outer loop
      vertex 28.6111 10.6696 7
      vertex 28.7458 10.5889 2
      vertex 28.6111 10.6696 2
    endloop
  endfacet
  facet normal -0.146502 0.98921 0
    outer loop
      vertex 29.8121 10.4307 2
      vertex 29.6568 10.4077 7
      vertex 29.8121 10.4307 7
    endloop
  endfacet
  facet normal -0.146502 0.98921 0
    outer loop
      vertex 29.6568 10.4077 7
      vertex 29.8121 10.4307 2
      vertex 29.6568 10.4077 2
    endloop
  endfacet
  facet normal -0.98921 0.146502 0
    outer loop
      vertex 31.0693 11.6879 2
      vertex 31.0923 11.8432 7
      vertex 31.0923 11.8432 2
    endloop
  endfacet
  facet normal -0.98921 0.146502 0
    outer loop
      vertex 31.0923 11.8432 7
      vertex 31.0693 11.6879 2
      vertex 31.0693 11.6879 7
    endloop
  endfacet
  facet normal 0.98921 -0.146502 0
    outer loop
      vertex 27.9077 12.1568 7
      vertex 27.9307 12.3121 2
      vertex 27.9307 12.3121 7
    endloop
  endfacet
  facet normal 0.98921 -0.146502 0
    outer loop
      vertex 27.9307 12.3121 2
      vertex 27.9077 12.1568 7
      vertex 27.9077 12.1568 2
    endloop
  endfacet
  facet normal -0.904023 -0.427484 0
    outer loop
      vertex 30.9782 12.6123 2
      vertex 30.9111 12.7542 7
      vertex 30.9111 12.7542 2
    endloop
  endfacet
  facet normal -0.904023 -0.427484 0
    outer loop
      vertex 30.9111 12.7542 7
      vertex 30.9782 12.6123 2
      vertex 30.9782 12.6123 7
    endloop
  endfacet
  facet normal -0.80297 -0.596019 0
    outer loop
      vertex 30.8304 12.8889 2
      vertex 30.7368 13.015 7
      vertex 30.7368 13.015 2
    endloop
  endfacet
  facet normal -0.80297 -0.596019 0
    outer loop
      vertex 30.7368 13.015 7
      vertex 30.8304 12.8889 2
      vertex 30.8304 12.8889 7
    endloop
  endfacet
  facet normal -0.336982 -0.941511 0
    outer loop
      vertex 29.9645 13.5311 2
      vertex 30.1123 13.4782 7
      vertex 29.9645 13.5311 7
    endloop
  endfacet
  facet normal -0.336982 -0.941511 -0
    outer loop
      vertex 30.1123 13.4782 7
      vertex 29.9645 13.5311 2
      vertex 30.1123 13.4782 2
    endloop
  endfacet
  facet normal 0.671213 -0.741264 0
    outer loop
      vertex 28.3686 13.1314 2
      vertex 28.485 13.2368 7
      vertex 28.3686 13.1314 7
    endloop
  endfacet
  facet normal 0.671213 -0.741264 0
    outer loop
      vertex 28.485 13.2368 7
      vertex 28.3686 13.1314 2
      vertex 28.485 13.2368 2
    endloop
  endfacet
  facet normal 0.243135 0.969993 -0
    outer loop
      vertex 29.1879 10.4307 2
      vertex 29.0355 10.4689 7
      vertex 29.1879 10.4307 7
    endloop
  endfacet
  facet normal 0.243135 0.969993 0
    outer loop
      vertex 29.0355 10.4689 7
      vertex 29.1879 10.4307 2
      vertex 29.0355 10.4689 2
    endloop
  endfacet
  facet normal 0.146502 -0.98921 0
    outer loop
      vertex 29.1879 13.5693 2
      vertex 29.3432 13.5923 7
      vertex 29.1879 13.5693 7
    endloop
  endfacet
  facet normal 0.146502 -0.98921 0
    outer loop
      vertex 29.3432 13.5923 7
      vertex 29.1879 13.5693 2
      vertex 29.3432 13.5923 2
    endloop
  endfacet
  facet normal 0.80297 0.596019 0
    outer loop
      vertex 28.2632 10.985 7
      vertex 28.1696 11.1111 2
      vertex 28.1696 11.1111 7
    endloop
  endfacet
  facet normal 0.80297 0.596019 0
    outer loop
      vertex 28.1696 11.1111 2
      vertex 28.2632 10.985 7
      vertex 28.2632 10.985 2
    endloop
  endfacet
  facet normal 0.741264 0.671213 0
    outer loop
      vertex 28.3686 10.8686 7
      vertex 28.2632 10.985 2
      vertex 28.2632 10.985 7
    endloop
  endfacet
  facet normal 0.741264 0.671213 0
    outer loop
      vertex 28.2632 10.985 2
      vertex 28.3686 10.8686 7
      vertex 28.3686 10.8686 2
    endloop
  endfacet
  facet normal -0.243135 -0.969993 0
    outer loop
      vertex 29.8121 13.5693 2
      vertex 29.9645 13.5311 7
      vertex 29.8121 13.5693 7
    endloop
  endfacet
  facet normal -0.243135 -0.969993 -0
    outer loop
      vertex 29.9645 13.5311 7
      vertex 29.8121 13.5693 2
      vertex 29.9645 13.5311 2
    endloop
  endfacet
  facet normal 0.049048 0.998796 -0
    outer loop
      vertex 29.5 10.4 2
      vertex 29.3432 10.4077 7
      vertex 29.5 10.4 7
    endloop
  endfacet
  facet normal 0.049048 0.998796 0
    outer loop
      vertex 29.3432 10.4077 7
      vertex 29.5 10.4 2
      vertex 29.3432 10.4077 2
    endloop
  endfacet
  facet normal 0.941511 0.336982 0
    outer loop
      vertex 28.0218 11.3877 7
      vertex 27.9689 11.5355 2
      vertex 27.9689 11.5355 7
    endloop
  endfacet
  facet normal 0.941511 0.336982 0
    outer loop
      vertex 27.9689 11.5355 2
      vertex 28.0218 11.3877 7
      vertex 28.0218 11.3877 2
    endloop
  endfacet
  facet normal 0.427484 0.904023 -0
    outer loop
      vertex 28.8877 10.5218 2
      vertex 28.7458 10.5889 7
      vertex 28.8877 10.5218 7
    endloop
  endfacet
  facet normal 0.427484 0.904023 0
    outer loop
      vertex 28.7458 10.5889 7
      vertex 28.8877 10.5218 2
      vertex 28.7458 10.5889 2
    endloop
  endfacet
  facet normal 0.513934 -0.85783 0
    outer loop
      vertex 28.6111 13.3304 2
      vertex 28.7458 13.4111 7
      vertex 28.6111 13.3304 7
    endloop
  endfacet
  facet normal 0.513934 -0.85783 0
    outer loop
      vertex 28.7458 13.4111 7
      vertex 28.6111 13.3304 2
      vertex 28.7458 13.4111 2
    endloop
  endfacet
  facet normal 0.671213 0.741264 -0
    outer loop
      vertex 28.485 10.7632 2
      vertex 28.3686 10.8686 7
      vertex 28.485 10.7632 7
    endloop
  endfacet
  facet normal 0.671213 0.741264 0
    outer loop
      vertex 28.3686 10.8686 7
      vertex 28.485 10.7632 2
      vertex 28.3686 10.8686 2
    endloop
  endfacet
  facet normal -0.336982 0.941511 0
    outer loop
      vertex 30.1123 10.5218 2
      vertex 29.9645 10.4689 7
      vertex 30.1123 10.5218 7
    endloop
  endfacet
  facet normal -0.336982 0.941511 0
    outer loop
      vertex 29.9645 10.4689 7
      vertex 30.1123 10.5218 2
      vertex 29.9645 10.4689 2
    endloop
  endfacet
  facet normal 0.998796 -0.049048 0
    outer loop
      vertex 27.9 12 7
      vertex 27.9077 12.1568 2
      vertex 27.9077 12.1568 7
    endloop
  endfacet
  facet normal 0.998796 -0.049048 0
    outer loop
      vertex 27.9077 12.1568 2
      vertex 27.9 12 7
      vertex 27.9 12 2
    endloop
  endfacet
  facet normal 0.85783 0.513934 0
    outer loop
      vertex 28.1696 11.1111 7
      vertex 28.0889 11.2458 2
      vertex 28.0889 11.2458 7
    endloop
  endfacet
  facet normal 0.85783 0.513934 0
    outer loop
      vertex 28.0889 11.2458 2
      vertex 28.1696 11.1111 7
      vertex 28.1696 11.1111 2
    endloop
  endfacet
  facet normal 0.904023 0.427484 0
    outer loop
      vertex 28.0889 11.2458 7
      vertex 28.0218 11.3877 2
      vertex 28.0218 11.3877 7
    endloop
  endfacet
  facet normal 0.904023 0.427484 0
    outer loop
      vertex 28.0218 11.3877 2
      vertex 28.0889 11.2458 7
      vertex 28.0889 11.2458 2
    endloop
  endfacet
  facet normal -0.85783 0.513934 0
    outer loop
      vertex 30.8304 11.1111 2
      vertex 30.9111 11.2458 7
      vertex 30.9111 11.2458 2
    endloop
  endfacet
  facet normal -0.85783 0.513934 0
    outer loop
      vertex 30.9111 11.2458 7
      vertex 30.8304 11.1111 2
      vertex 30.8304 11.1111 7
    endloop
  endfacet
  facet normal -0.671213 0.741264 0
    outer loop
      vertex 30.6314 10.8686 2
      vertex 30.515 10.7632 7
      vertex 30.6314 10.8686 7
    endloop
  endfacet
  facet normal -0.671213 0.741264 0
    outer loop
      vertex 30.515 10.7632 7
      vertex 30.6314 10.8686 2
      vertex 30.515 10.7632 2
    endloop
  endfacet
  facet normal -0.596019 0.80297 0
    outer loop
      vertex 30.515 10.7632 2
      vertex 30.3889 10.6696 7
      vertex 30.515 10.7632 7
    endloop
  endfacet
  facet normal -0.596019 0.80297 0
    outer loop
      vertex 30.3889 10.6696 7
      vertex 30.515 10.7632 2
      vertex 30.3889 10.6696 2
    endloop
  endfacet
  facet normal -0.989145 -0.146942 0
    outer loop
      vertex 32.5851 12.3039 0.0213881
      vertex 32.5404 12.6048 2
      vertex 32.5404 12.6048 0.0213881
    endloop
  endfacet
  facet normal -0.989145 -0.146942 0
    outer loop
      vertex 32.5404 12.6048 2
      vertex 32.5851 12.3039 0.0213881
      vertex 32.5851 12.3039 2
    endloop
  endfacet
  facet normal -0.9988 -0.0489705 0
    outer loop
      vertex 32.6 12 0.0213881
      vertex 32.5851 12.3039 2
      vertex 32.5851 12.3039 0.0213881
    endloop
  endfacet
  facet normal -0.9988 -0.0489705 0
    outer loop
      vertex 32.5851 12.3039 2
      vertex 32.6 12 0.0213881
      vertex 32.6 12 2
    endloop
  endfacet
  facet normal -0.970046 -0.242922 0
    outer loop
      vertex 32.5404 12.6048 0.0213881
      vertex 32.4665 12.8999 2
      vertex 32.4665 12.8999 0.0213881
    endloop
  endfacet
  facet normal -0.970046 -0.242922 0
    outer loop
      vertex 32.4665 12.8999 2
      vertex 32.5404 12.6048 0.0213881
      vertex 32.5404 12.6048 2
    endloop
  endfacet
  facet normal -0.803027 0.595943 0
    outer loop
      vertex 31.8963 10.0334 0.0213881
      vertex 32.0776 10.2777 2
      vertex 32.0776 10.2777 0.0213881
    endloop
  endfacet
  facet normal -0.803027 0.595943 0
    outer loop
      vertex 32.0776 10.2777 2
      vertex 31.8963 10.0334 0.0213881
      vertex 31.8963 10.0334 2
    endloop
  endfacet
  facet normal -0.0490688 0.998795 0
    outer loop
      vertex 29.8039 8.91493 0.0213881
      vertex 29.5 8.9 2
      vertex 29.8039 8.91493 2
    endloop
  endfacet
  facet normal -0.0490688 0.998795 0
    outer loop
      vertex 29.5 8.9 2
      vertex 29.8039 8.91493 0.0213881
      vertex 29.5 8.9 0.0213881
    endloop
  endfacet
  facet normal -0.514012 0.857783 0
    outer loop
      vertex 31.2223 9.42244 0.0213881
      vertex 30.9613 9.26604 2
      vertex 31.2223 9.42244 2
    endloop
  endfacet
  facet normal -0.514012 0.857783 0
    outer loop
      vertex 30.9613 9.26604 2
      vertex 31.2223 9.42244 0.0213881
      vertex 30.9613 9.26604 0.0213881
    endloop
  endfacet
  facet normal 0.803027 0.595943 0
    outer loop
      vertex 27.1037 10.0334 2
      vertex 26.9224 10.2777 0.0213881
      vertex 26.9224 10.2777 2
    endloop
  endfacet
  facet normal 0.803027 0.595943 0
    outer loop
      vertex 26.9224 10.2777 0.0213881
      vertex 27.1037 10.0334 2
      vertex 27.1037 10.0334 0.0213881
    endloop
  endfacet
  facet normal -0.941519 -0.336961 0
    outer loop
      vertex 32.4665 12.8999 0.0213881
      vertex 32.364 13.1863 2
      vertex 32.364 13.1863 0.0213881
    endloop
  endfacet
  facet normal -0.941519 -0.336961 0
    outer loop
      vertex 32.364 13.1863 2
      vertex 32.4665 12.8999 0.0213881
      vertex 32.4665 12.8999 2
    endloop
  endfacet
  facet normal -0.941519 0.336961 0
    outer loop
      vertex 32.364 10.8137 0.0213881
      vertex 32.4665 11.1001 2
      vertex 32.4665 11.1001 0.0213881
    endloop
  endfacet
  facet normal -0.941519 0.336961 0
    outer loop
      vertex 32.4665 11.1001 2
      vertex 32.364 10.8137 0.0213881
      vertex 32.364 10.8137 2
    endloop
  endfacet
  facet normal 0.857783 0.514012 0
    outer loop
      vertex 26.9224 10.2777 2
      vertex 26.766 10.5387 0.0213881
      vertex 26.766 10.5387 2
    endloop
  endfacet
  facet normal 0.857783 0.514012 0
    outer loop
      vertex 26.766 10.5387 0.0213881
      vertex 26.9224 10.2777 2
      vertex 26.9224 10.2777 0.0213881
    endloop
  endfacet
  facet normal -0.242984 0.97003 0
    outer loop
      vertex 30.3999 9.03349 0.0213881
      vertex 30.1048 8.95957 2
      vertex 30.3999 9.03349 2
    endloop
  endfacet
  facet normal -0.242984 0.97003 0
    outer loop
      vertex 30.1048 8.95957 2
      vertex 30.3999 9.03349 0.0213881
      vertex 30.1048 8.95957 0.0213881
    endloop
  endfacet
  facet normal -0.9988 0.0489705 0
    outer loop
      vertex 32.5851 11.6961 0.0213881
      vertex 32.6 12 2
      vertex 32.6 12 0.0213881
    endloop
  endfacet
  facet normal -0.9988 0.0489705 0
    outer loop
      vertex 32.6 12 2
      vertex 32.5851 11.6961 0.0213881
      vertex 32.5851 11.6961 2
    endloop
  endfacet
  facet normal 0.595794 0.803137 -0
    outer loop
      vertex 27.7777 9.42244 0.0213881
      vertex 27.5334 9.60367 2
      vertex 27.7777 9.42244 2
    endloop
  endfacet
  facet normal 0.595794 0.803137 0
    outer loop
      vertex 27.5334 9.60367 2
      vertex 27.7777 9.42244 0.0213881
      vertex 27.5334 9.60367 0.0213881
    endloop
  endfacet
  facet normal 0.989145 0.146942 0
    outer loop
      vertex 26.4596 11.3952 2
      vertex 26.4149 11.6961 0.0213881
      vertex 26.4149 11.6961 2
    endloop
  endfacet
  facet normal 0.989145 0.146942 0
    outer loop
      vertex 26.4149 11.6961 0.0213881
      vertex 26.4596 11.3952 2
      vertex 26.4596 11.3952 0.0213881
    endloop
  endfacet
  facet normal -0.74098 0.671527 0
    outer loop
      vertex 31.692 9.80797 0.0213881
      vertex 31.8963 10.0334 2
      vertex 31.8963 10.0334 0.0213881
    endloop
  endfacet
  facet normal -0.74098 0.671527 0
    outer loop
      vertex 31.8963 10.0334 2
      vertex 31.692 9.80797 0.0213881
      vertex 31.692 9.80797 2
    endloop
  endfacet
  facet normal 0.941519 0.336961 0
    outer loop
      vertex 26.636 10.8137 2
      vertex 26.5335 11.1001 0.0213881
      vertex 26.5335 11.1001 2
    endloop
  endfacet
  facet normal 0.941519 0.336961 0
    outer loop
      vertex 26.5335 11.1001 0.0213881
      vertex 26.636 10.8137 2
      vertex 26.636 10.8137 0.0213881
    endloop
  endfacet
  facet normal -0.989145 0.146942 0
    outer loop
      vertex 32.5404 11.3952 0.0213881
      vertex 32.5851 11.6961 2
      vertex 32.5851 11.6961 0.0213881
    endloop
  endfacet
  facet normal -0.989145 0.146942 0
    outer loop
      vertex 32.5851 11.6961 2
      vertex 32.5404 11.3952 0.0213881
      vertex 32.5404 11.3952 2
    endloop
  endfacet
  facet normal 0.857783 -0.514012 0
    outer loop
      vertex 26.766 13.4613 2
      vertex 26.9224 13.7223 0.0213881
      vertex 26.9224 13.7223 2
    endloop
  endfacet
  facet normal 0.857783 -0.514012 0
    outer loop
      vertex 26.9224 13.7223 0.0213881
      vertex 26.766 13.4613 2
      vertex 26.766 13.4613 0.0213881
    endloop
  endfacet
  facet normal -0.970046 0.242922 0
    outer loop
      vertex 32.4665 11.1001 0.0213881
      vertex 32.5404 11.3952 2
      vertex 32.5404 11.3952 0.0213881
    endloop
  endfacet
  facet normal -0.970046 0.242922 0
    outer loop
      vertex 32.5404 11.3952 2
      vertex 32.4665 11.1001 0.0213881
      vertex 32.4665 11.1001 2
    endloop
  endfacet
  facet normal -0.427568 0.903983 0
    outer loop
      vertex 30.9613 9.26604 0.0213881
      vertex 30.6863 9.13597 2
      vertex 30.9613 9.26604 2
    endloop
  endfacet
  facet normal -0.427568 0.903983 0
    outer loop
      vertex 30.6863 9.13597 2
      vertex 30.9613 9.26604 0.0213881
      vertex 30.6863 9.13597 0.0213881
    endloop
  endfacet
  facet normal 0 0 -1
    outer loop
      vertex 32.5851 11.6961 2
      vertex 31.0923 11.8432 2
      vertex 31.1 12 2
    endloop
  endfacet
  facet normal 0 0 -1
    outer loop
      vertex 31.4666 9.60367 2
      vertex 31.0693 11.6879 2
      vertex 31.0923 11.8432 2
    endloop
  endfacet
  facet normal 0 0 -1
    outer loop
      vertex 31.4666 9.60367 2
      vertex 31.0311 11.5355 2
      vertex 31.0693 11.6879 2
    endloop
  endfacet
  facet normal 0 0 -1
    outer loop
      vertex 31.4666 9.60367 2
      vertex 30.9782 11.3877 2
      vertex 31.0311 11.5355 2
    endloop
  endfacet
  facet normal 0 0 -1
    outer loop
      vertex 30.3889 10.6696 2
      vertex 31.2223 9.42244 2
      vertex 30.9613 9.26604 2
    endloop
  endfacet
  facet normal 0 0 -1
    outer loop
      vertex 31.4666 9.60367 2
      vertex 30.9111 11.2458 2
      vertex 30.9782 11.3877 2
    endloop
  endfacet
  facet normal 0 0 -1
    outer loop
      vertex 31.4666 9.60367 2
      vertex 30.8304 11.1111 2
      vertex 30.9111 11.2458 2
    endloop
  endfacet
  facet normal 0 0 -1
    outer loop
      vertex 31.4666 9.60367 2
      vertex 30.7368 10.985 2
      vertex 30.8304 11.1111 2
    endloop
  endfacet
  facet normal 0 0 -1
    outer loop
      vertex 30.2542 10.5889 2
      vertex 30.9613 9.26604 2
      vertex 30.6863 9.13597 2
    endloop
  endfacet
  facet normal 0 0 -1
    outer loop
      vertex 31.4666 9.60367 2
      vertex 30.6314 10.8686 2
      vertex 30.7368 10.985 2
    endloop
  endfacet
  facet normal 0 0 -1
    outer loop
      vertex 31.4666 9.60367 2
      vertex 30.515 10.7632 2
      vertex 30.6314 10.8686 2
    endloop
  endfacet
  facet normal 0 0 -1
    outer loop
      vertex 30.1123 10.5218 2
      vertex 30.6863 9.13597 2
      vertex 30.3999 9.03349 2
    endloop
  endfacet
  facet normal 0 0 -1
    outer loop
      vertex 31.2223 9.42244 2
      vertex 30.3889 10.6696 2
      vertex 30.515 10.7632 2
    endloop
  endfacet
  facet normal 0 0 -1
    outer loop
      vertex 30.9613 9.26604 2
      vertex 30.2542 10.5889 2
      vertex 30.3889 10.6696 2
    endloop
  endfacet
  facet normal 0 0 -1
    outer loop
      vertex 30.6863 9.13597 2
      vertex 30.1123 10.5218 2
      vertex 30.2542 10.5889 2
    endloop
  endfacet
  facet normal 0 0 -1
    outer loop
      vertex 29.9645 10.4689 2
      vertex 30.3999 9.03349 2
      vertex 30.1048 8.95957 2
    endloop
  endfacet
  facet normal 0 0 -1
    outer loop
      vertex 30.3999 9.03349 2
      vertex 29.9645 10.4689 2
      vertex 30.1123 10.5218 2
    endloop
  endfacet
  facet normal 0 0 -1
    outer loop
      vertex 30.1048 8.95957 2
      vertex 29.8121 10.4307 2
      vertex 29.9645 10.4689 2
    endloop
  endfacet
  facet normal 0 0 -1
    outer loop
      vertex 29.8039 8.91493 2
      vertex 29.8121 10.4307 2
      vertex 30.1048 8.95957 2
    endloop
  endfacet
  facet normal 0 0 -1
    outer loop
      vertex 29.8039 8.91493 2
      vertex 29.6568 10.4077 2
      vertex 29.8121 10.4307 2
    endloop
  endfacet
  facet normal 0 0 -1
    outer loop
      vertex 29.5 8.9 2
      vertex 29.6568 10.4077 2
      vertex 29.8039 8.91493 2
    endloop
  endfacet
  facet normal 0 0 -1
    outer loop
      vertex 29.5 8.9 2
      vertex 29.5 10.4 2
      vertex 29.6568 10.4077 2
    endloop
  endfacet
  facet normal 0 0 -1
    outer loop
      vertex 29.5 8.9 2
      vertex 29.3432 10.4077 2
      vertex 29.5 10.4 2
    endloop
  endfacet
  facet normal 0 0 -1
    outer loop
      vertex 29.1961 8.91493 2
      vertex 29.3432 10.4077 2
      vertex 29.5 8.9 2
    endloop
  endfacet
  facet normal 0 0 -1
    outer loop
      vertex 29.1961 8.91493 2
      vertex 29.1879 10.4307 2
      vertex 29.3432 10.4077 2
    endloop
  endfacet
  facet normal 0 0 -1
    outer loop
      vertex 28.8952 8.95957 2
      vertex 29.1879 10.4307 2
      vertex 29.1961 8.91493 2
    endloop
  endfacet
  facet normal -0 0 -1
    outer loop
      vertex 29.1879 10.4307 2
      vertex 28.8952 8.95957 2
      vertex 29.0355 10.4689 2
    endloop
  endfacet
  facet normal 0 0 -1
    outer loop
      vertex 28.6001 9.03349 2
      vertex 29.0355 10.4689 2
      vertex 28.8952 8.95957 2
    endloop
  endfacet
  facet normal -0 0 -1
    outer loop
      vertex 29.0355 10.4689 2
      vertex 28.6001 9.03349 2
      vertex 28.8877 10.5218 2
    endloop
  endfacet
  facet normal 0 0 -1
    outer loop
      vertex 28.3137 9.13597 2
      vertex 28.8877 10.5218 2
      vertex 28.6001 9.03349 2
    endloop
  endfacet
  facet normal -0 0 -1
    outer loop
      vertex 28.8877 10.5218 2
      vertex 28.3137 9.13597 2
      vertex 28.7458 10.5889 2
    endloop
  endfacet
  facet normal 0 0 -1
    outer loop
      vertex 28.0387 9.26604 2
      vertex 28.7458 10.5889 2
      vertex 28.3137 9.13597 2
    endloop
  endfacet
  facet normal -0 0 -1
    outer loop
      vertex 28.7458 10.5889 2
      vertex 28.0387 9.26604 2
      vertex 28.6111 10.6696 2
    endloop
  endfacet
  facet normal 0 0 -1
    outer loop
      vertex 27.7777 9.42244 2
      vertex 28.6111 10.6696 2
      vertex 28.0387 9.26604 2
    endloop
  endfacet
  facet normal -0 0 -1
    outer loop
      vertex 28.6111 10.6696 2
      vertex 27.7777 9.42244 2
      vertex 28.485 10.7632 2
    endloop
  endfacet
  facet normal 0 0 -1
    outer loop
      vertex 27.5334 9.60367 2
      vertex 28.485 10.7632 2
      vertex 27.7777 9.42244 2
    endloop
  endfacet
  facet normal -0 0 -1
    outer loop
      vertex 28.485 10.7632 2
      vertex 27.5334 9.60367 2
      vertex 28.3686 10.8686 2
    endloop
  endfacet
  facet normal 0 0 -1
    outer loop
      vertex 27.308 9.80797 2
      vertex 28.3686 10.8686 2
      vertex 27.5334 9.60367 2
    endloop
  endfacet
  facet normal -0 0 -1
    outer loop
      vertex 28.3686 10.8686 2
      vertex 27.308 9.80797 2
      vertex 28.2632 10.985 2
    endloop
  endfacet
  facet normal 0 0 -1
    outer loop
      vertex 27.1037 10.0334 2
      vertex 28.2632 10.985 2
      vertex 27.308 9.80797 2
    endloop
  endfacet
  facet normal -0 0 -1
    outer loop
      vertex 28.2632 10.985 2
      vertex 27.1037 10.0334 2
      vertex 28.1696 11.1111 2
    endloop
  endfacet
  facet normal 0 0 -1
    outer loop
      vertex 26.9224 10.2777 2
      vertex 28.1696 11.1111 2
      vertex 27.1037 10.0334 2
    endloop
  endfacet
  facet normal 0 0 -1
    outer loop
      vertex 26.766 10.5387 2
      vertex 28.0889 11.2458 2
      vertex 26.9224 10.2777 2
    endloop
  endfacet
  facet normal -0 0 -1
    outer loop
      vertex 28.1696 11.1111 2
      vertex 26.9224 10.2777 2
      vertex 28.0889 11.2458 2
    endloop
  endfacet
  facet normal 0 0 -1
    outer loop
      vertex 31.1 12 2
      vertex 32.6 12 2
      vertex 32.5851 11.6961 2
    endloop
  endfacet
  facet normal 0 0 -1
    outer loop
      vertex 31.0923 11.8432 2
      vertex 32.5851 11.6961 2
      vertex 32.5404 11.3952 2
    endloop
  endfacet
  facet normal 0 0 -1
    outer loop
      vertex 32.6 12 2
      vertex 31.1 12 2
      vertex 32.5851 12.3039 2
    endloop
  endfacet
  facet normal 0 0 -1
    outer loop
      vertex 31.0923 11.8432 2
      vertex 32.5404 11.3952 2
      vertex 32.4665 11.1001 2
    endloop
  endfacet
  facet normal 0 0 -1
    outer loop
      vertex 31.0923 12.1568 2
      vertex 32.5851 12.3039 2
      vertex 31.1 12 2
    endloop
  endfacet
  facet normal 0 0 -1
    outer loop
      vertex 31.0923 11.8432 2
      vertex 32.4665 11.1001 2
      vertex 32.364 10.8137 2
    endloop
  endfacet
  facet normal -0 0 -1
    outer loop
      vertex 32.5851 12.3039 2
      vertex 31.0923 12.1568 2
      vertex 32.5404 12.6048 2
    endloop
  endfacet
  facet normal 0 0 -1
    outer loop
      vertex 31.0923 11.8432 2
      vertex 32.364 10.8137 2
      vertex 32.234 10.5387 2
    endloop
  endfacet
  facet normal 0 0 -1
    outer loop
      vertex 31.0693 12.3121 2
      vertex 32.5404 12.6048 2
      vertex 31.0923 12.1568 2
    endloop
  endfacet
  facet normal 0 0 -1
    outer loop
      vertex 31.0923 11.8432 2
      vertex 32.234 10.5387 2
      vertex 32.0776 10.2777 2
    endloop
  endfacet
  facet normal -0 0 -1
    outer loop
      vertex 32.5404 12.6048 2
      vertex 31.0693 12.3121 2
      vertex 32.4665 12.8999 2
    endloop
  endfacet
  facet normal 0 0 -1
    outer loop
      vertex 31.0923 11.8432 2
      vertex 32.0776 10.2777 2
      vertex 31.8963 10.0334 2
    endloop
  endfacet
  facet normal 0 0 -1
    outer loop
      vertex 31.0311 12.4645 2
      vertex 32.4665 12.8999 2
      vertex 31.0693 12.3121 2
    endloop
  endfacet
  facet normal -0 0 -1
    outer loop
      vertex 32.4665 12.8999 2
      vertex 31.0311 12.4645 2
      vertex 32.364 13.1863 2
    endloop
  endfacet
  facet normal 0 0 -1
    outer loop
      vertex 31.0923 11.8432 2
      vertex 31.8963 10.0334 2
      vertex 31.692 9.80797 2
    endloop
  endfacet
  facet normal 0 0 -1
    outer loop
      vertex 31.0923 11.8432 2
      vertex 31.692 9.80797 2
      vertex 31.4666 9.60367 2
    endloop
  endfacet
  facet normal 0 0 -1
    outer loop
      vertex 30.515 10.7632 2
      vertex 31.4666 9.60367 2
      vertex 31.2223 9.42244 2
    endloop
  endfacet
  facet normal 0 0 -1
    outer loop
      vertex 30.9782 12.6123 2
      vertex 32.364 13.1863 2
      vertex 31.0311 12.4645 2
    endloop
  endfacet
  facet normal -0 0 -1
    outer loop
      vertex 32.364 13.1863 2
      vertex 30.9782 12.6123 2
      vertex 32.234 13.4613 2
    endloop
  endfacet
  facet normal 0 0 -1
    outer loop
      vertex 30.9111 12.7542 2
      vertex 32.234 13.4613 2
      vertex 30.9782 12.6123 2
    endloop
  endfacet
  facet normal -0 0 -1
    outer loop
      vertex 32.234 13.4613 2
      vertex 30.9111 12.7542 2
      vertex 32.0776 13.7223 2
    endloop
  endfacet
  facet normal 0 0 -1
    outer loop
      vertex 30.8304 12.8889 2
      vertex 32.0776 13.7223 2
      vertex 30.9111 12.7542 2
    endloop
  endfacet
  facet normal -0 0 -1
    outer loop
      vertex 32.0776 13.7223 2
      vertex 30.8304 12.8889 2
      vertex 31.8963 13.9666 2
    endloop
  endfacet
  facet normal 0 0 -1
    outer loop
      vertex 30.7368 13.015 2
      vertex 31.8963 13.9666 2
      vertex 30.8304 12.8889 2
    endloop
  endfacet
  facet normal -0 0 -1
    outer loop
      vertex 31.8963 13.9666 2
      vertex 30.7368 13.015 2
      vertex 31.8661 14 2
    endloop
  endfacet
  facet normal 0 0 -1
    outer loop
      vertex 30.6314 13.1314 2
      vertex 31.8661 14 2
      vertex 30.7368 13.015 2
    endloop
  endfacet
  facet normal 0 0 -1
    outer loop
      vertex 30.515 13.2368 2
      vertex 31.8661 14 2
      vertex 30.6314 13.1314 2
    endloop
  endfacet
  facet normal 0 0 -1
    outer loop
      vertex 30.3889 13.3304 2
      vertex 31.8661 14 2
      vertex 30.515 13.2368 2
    endloop
  endfacet
  facet normal 0 0 -1
    outer loop
      vertex 30.2542 13.4111 2
      vertex 31.8661 14 2
      vertex 30.3889 13.3304 2
    endloop
  endfacet
  facet normal 0 0 -1
    outer loop
      vertex 30.1123 13.4782 2
      vertex 31.8661 14 2
      vertex 30.2542 13.4111 2
    endloop
  endfacet
  facet normal 0 0 -1
    outer loop
      vertex 29.9645 13.5311 2
      vertex 31.8661 14 2
      vertex 30.1123 13.4782 2
    endloop
  endfacet
  facet normal 0 0 -1
    outer loop
      vertex 29.8121 13.5693 2
      vertex 31.8661 14 2
      vertex 29.9645 13.5311 2
    endloop
  endfacet
  facet normal 0 0 -1
    outer loop
      vertex 29.6568 13.5923 2
      vertex 31.8661 14 2
      vertex 29.8121 13.5693 2
    endloop
  endfacet
  facet normal 0 0 -1
    outer loop
      vertex 29.5 13.6 2
      vertex 31.8661 14 2
      vertex 29.6568 13.5923 2
    endloop
  endfacet
  facet normal 0 0 -1
    outer loop
      vertex 27.1339 14 2
      vertex 29.5 13.6 2
      vertex 29.3432 13.5923 2
    endloop
  endfacet
  facet normal 0 0 -1
    outer loop
      vertex 27.1339 14 2
      vertex 29.3432 13.5923 2
      vertex 29.1879 13.5693 2
    endloop
  endfacet
  facet normal -0 0 -1
    outer loop
      vertex 28.0889 11.2458 2
      vertex 26.766 10.5387 2
      vertex 28.0218 11.3877 2
    endloop
  endfacet
  facet normal 0 0 -1
    outer loop
      vertex 26.636 10.8137 2
      vertex 28.0218 11.3877 2
      vertex 26.766 10.5387 2
    endloop
  endfacet
  facet normal -0 0 -1
    outer loop
      vertex 28.0218 11.3877 2
      vertex 26.636 10.8137 2
      vertex 27.9689 11.5355 2
    endloop
  endfacet
  facet normal 0 0 -1
    outer loop
      vertex 26.5335 11.1001 2
      vertex 27.9689 11.5355 2
      vertex 26.636 10.8137 2
    endloop
  endfacet
  facet normal 0 0 -1
    outer loop
      vertex 29.5 13.6 2
      vertex 27.1339 14 2
      vertex 31.8661 14 2
    endloop
  endfacet
  facet normal 0 0 -1
    outer loop
      vertex 29.0355 13.5311 2
      vertex 27.1339 14 2
      vertex 29.1879 13.5693 2
    endloop
  endfacet
  facet normal 0 0 -1
    outer loop
      vertex 28.8877 13.4782 2
      vertex 27.1339 14 2
      vertex 29.0355 13.5311 2
    endloop
  endfacet
  facet normal 0 0 -1
    outer loop
      vertex 28.7458 13.4111 2
      vertex 27.1339 14 2
      vertex 28.8877 13.4782 2
    endloop
  endfacet
  facet normal 0 0 -1
    outer loop
      vertex 28.6111 13.3304 2
      vertex 27.1339 14 2
      vertex 28.7458 13.4111 2
    endloop
  endfacet
  facet normal 0 0 -1
    outer loop
      vertex 28.485 13.2368 2
      vertex 27.1339 14 2
      vertex 28.6111 13.3304 2
    endloop
  endfacet
  facet normal 0 0 -1
    outer loop
      vertex 28.3686 13.1314 2
      vertex 27.1339 14 2
      vertex 28.485 13.2368 2
    endloop
  endfacet
  facet normal 0 0 -1
    outer loop
      vertex 28.2632 13.015 2
      vertex 27.1339 14 2
      vertex 28.3686 13.1314 2
    endloop
  endfacet
  facet normal 0 0 -1
    outer loop
      vertex 27.1037 13.9666 2
      vertex 28.2632 13.015 2
      vertex 28.1696 12.8889 2
    endloop
  endfacet
  facet normal 0 0 -1
    outer loop
      vertex 26.9224 13.7223 2
      vertex 28.1696 12.8889 2
      vertex 28.0889 12.7542 2
    endloop
  endfacet
  facet normal 0 0 -1
    outer loop
      vertex 26.766 13.4613 2
      vertex 28.0889 12.7542 2
      vertex 28.0218 12.6123 2
    endloop
  endfacet
  facet normal 0 0 -1
    outer loop
      vertex 26.636 13.1863 2
      vertex 28.0218 12.6123 2
      vertex 27.9689 12.4645 2
    endloop
  endfacet
  facet normal 0 0 -1
    outer loop
      vertex 26.5335 12.8999 2
      vertex 27.9689 12.4645 2
      vertex 27.9307 12.3121 2
    endloop
  endfacet
  facet normal -0 0 -1
    outer loop
      vertex 27.9689 11.5355 2
      vertex 26.5335 11.1001 2
      vertex 27.9307 11.6879 2
    endloop
  endfacet
  facet normal 0 0 -1
    outer loop
      vertex 26.4596 11.3952 2
      vertex 27.9307 11.6879 2
      vertex 26.5335 11.1001 2
    endloop
  endfacet
  facet normal -0 0 -1
    outer loop
      vertex 27.9307 11.6879 2
      vertex 26.4596 11.3952 2
      vertex 27.9077 11.8432 2
    endloop
  endfacet
  facet normal 0 0 -1
    outer loop
      vertex 28.1696 12.8889 2
      vertex 26.9224 13.7223 2
      vertex 27.1037 13.9666 2
    endloop
  endfacet
  facet normal 0 0 -1
    outer loop
      vertex 28.2632 13.015 2
      vertex 27.1037 13.9666 2
      vertex 27.1339 14 2
    endloop
  endfacet
  facet normal 0 0 -1
    outer loop
      vertex 26.4149 11.6961 2
      vertex 27.9077 11.8432 2
      vertex 26.4596 11.3952 2
    endloop
  endfacet
  facet normal 0 0 -1
    outer loop
      vertex 28.0889 12.7542 2
      vertex 26.766 13.4613 2
      vertex 26.9224 13.7223 2
    endloop
  endfacet
  facet normal -0 0 -1
    outer loop
      vertex 27.9077 11.8432 2
      vertex 26.4149 11.6961 2
      vertex 27.9 12 2
    endloop
  endfacet
  facet normal 0 0 -1
    outer loop
      vertex 28.0218 12.6123 2
      vertex 26.636 13.1863 2
      vertex 26.766 13.4613 2
    endloop
  endfacet
  facet normal 0 0 -1
    outer loop
      vertex 26.4 12 2
      vertex 27.9 12 2
      vertex 26.4149 11.6961 2
    endloop
  endfacet
  facet normal 0 0 -1
    outer loop
      vertex 27.9689 12.4645 2
      vertex 26.5335 12.8999 2
      vertex 26.636 13.1863 2
    endloop
  endfacet
  facet normal 0 0 -1
    outer loop
      vertex 27.9 12 2
      vertex 26.4 12 2
      vertex 27.9077 12.1568 2
    endloop
  endfacet
  facet normal 0 0 -1
    outer loop
      vertex 27.9307 12.3121 2
      vertex 26.4596 12.6048 2
      vertex 26.5335 12.8999 2
    endloop
  endfacet
  facet normal 0 -0 -1
    outer loop
      vertex 26.4149 12.3039 2
      vertex 27.9077 12.1568 2
      vertex 26.4 12 2
    endloop
  endfacet
  facet normal -0 0 -1
    outer loop
      vertex 27.9307 12.3121 2
      vertex 26.4149 12.3039 2
      vertex 26.4596 12.6048 2
    endloop
  endfacet
  facet normal 0 0 -1
    outer loop
      vertex 27.9077 12.1568 2
      vertex 26.4149 12.3039 2
      vertex 27.9307 12.3121 2
    endloop
  endfacet
  facet normal 0.9988 -0.0489705 0
    outer loop
      vertex 26.4 12 2
      vertex 26.4149 12.3039 0.0213881
      vertex 26.4149 12.3039 2
    endloop
  endfacet
  facet normal 0.9988 -0.0489705 0
    outer loop
      vertex 26.4149 12.3039 0.0213881
      vertex 26.4 12 2
      vertex 26.4 12 0.0213881
    endloop
  endfacet
  facet normal -0.803027 -0.595943 0
    outer loop
      vertex 32.0776 13.7223 0.0213881
      vertex 31.8963 13.9666 2
      vertex 31.8963 13.9666 0.0213881
    endloop
  endfacet
  facet normal -0.803027 -0.595943 0
    outer loop
      vertex 31.8963 13.9666 2
      vertex 32.0776 13.7223 0.0213881
      vertex 32.0776 13.7223 2
    endloop
  endfacet
  facet normal -0.741746 -0.670681 0
    outer loop
      vertex 31.8963 13.9666 0.0213881
      vertex 31.8661 14 2
      vertex 31.8661 14 0.0213881
    endloop
  endfacet
  facet normal -0.741746 -0.670681 0
    outer loop
      vertex 31.8661 14 2
      vertex 31.8963 13.9666 0.0213881
      vertex 31.8963 13.9666 2
    endloop
  endfacet
  facet normal 0.242984 0.97003 -0
    outer loop
      vertex 28.8952 8.95957 0.0213881
      vertex 28.6001 9.03349 2
      vertex 28.8952 8.95957 2
    endloop
  endfacet
  facet normal 0.242984 0.97003 0
    outer loop
      vertex 28.6001 9.03349 2
      vertex 28.8952 8.95957 0.0213881
      vertex 28.6001 9.03349 0.0213881
    endloop
  endfacet
  facet normal -0.904072 -0.42738 0
    outer loop
      vertex 32.364 13.1863 0.0213881
      vertex 32.234 13.4613 2
      vertex 32.234 13.4613 0.0213881
    endloop
  endfacet
  facet normal -0.904072 -0.42738 0
    outer loop
      vertex 32.234 13.4613 2
      vertex 32.364 13.1863 0.0213881
      vertex 32.364 13.1863 2
    endloop
  endfacet
  facet normal -0.857783 0.514012 0
    outer loop
      vertex 32.0776 10.2777 0.0213881
      vertex 32.234 10.5387 2
      vertex 32.234 10.5387 0.0213881
    endloop
  endfacet
  facet normal -0.857783 0.514012 0
    outer loop
      vertex 32.234 10.5387 2
      vertex 32.0776 10.2777 0.0213881
      vertex 32.0776 10.2777 2
    endloop
  endfacet
  facet normal -0.336903 0.941539 0
    outer loop
      vertex 30.6863 9.13597 0.0213881
      vertex 30.3999 9.03349 2
      vertex 30.6863 9.13597 2
    endloop
  endfacet
  facet normal -0.336903 0.941539 0
    outer loop
      vertex 30.3999 9.03349 2
      vertex 30.6863 9.13597 0.0213881
      vertex 30.3999 9.03349 0.0213881
    endloop
  endfacet
  facet normal -0.857783 -0.514012 0
    outer loop
      vertex 32.234 13.4613 0.0213881
      vertex 32.0776 13.7223 2
      vertex 32.0776 13.7223 0.0213881
    endloop
  endfacet
  facet normal -0.857783 -0.514012 0
    outer loop
      vertex 32.0776 13.7223 2
      vertex 32.234 13.4613 0.0213881
      vertex 32.234 13.4613 2
    endloop
  endfacet
  facet normal 0.970046 -0.242922 0
    outer loop
      vertex 26.4596 12.6048 2
      vertex 26.5335 12.8999 0.0213881
      vertex 26.5335 12.8999 2
    endloop
  endfacet
  facet normal 0.970046 -0.242922 0
    outer loop
      vertex 26.5335 12.8999 0.0213881
      vertex 26.4596 12.6048 2
      vertex 26.4596 12.6048 0.0213881
    endloop
  endfacet
  facet normal 0.904072 0.42738 0
    outer loop
      vertex 26.766 10.5387 2
      vertex 26.636 10.8137 0.0213881
      vertex 26.636 10.8137 2
    endloop
  endfacet
  facet normal 0.904072 0.42738 0
    outer loop
      vertex 26.636 10.8137 0.0213881
      vertex 26.766 10.5387 2
      vertex 26.766 10.5387 0.0213881
    endloop
  endfacet
  facet normal -0.146749 0.989174 0
    outer loop
      vertex 30.1048 8.95957 0.0213881
      vertex 29.8039 8.91493 2
      vertex 30.1048 8.95957 2
    endloop
  endfacet
  facet normal -0.146749 0.989174 0
    outer loop
      vertex 29.8039 8.91493 2
      vertex 30.1048 8.95957 0.0213881
      vertex 29.8039 8.91493 0.0213881
    endloop
  endfacet
  facet normal 0.336903 0.941539 -0
    outer loop
      vertex 28.6001 9.03349 0.0213881
      vertex 28.3137 9.13597 2
      vertex 28.6001 9.03349 2
    endloop
  endfacet
  facet normal 0.336903 0.941539 0
    outer loop
      vertex 28.3137 9.13597 2
      vertex 28.6001 9.03349 0.0213881
      vertex 28.3137 9.13597 0.0213881
    endloop
  endfacet
  facet normal 0.671576 0.740936 -0
    outer loop
      vertex 27.5334 9.60367 0.0213881
      vertex 27.308 9.80797 2
      vertex 27.5334 9.60367 2
    endloop
  endfacet
  facet normal 0.671576 0.740936 0
    outer loop
      vertex 27.308 9.80797 2
      vertex 27.5334 9.60367 0.0213881
      vertex 27.308 9.80797 0.0213881
    endloop
  endfacet
  facet normal 0.970046 0.242922 0
    outer loop
      vertex 26.5335 11.1001 2
      vertex 26.4596 11.3952 0.0213881
      vertex 26.4596 11.3952 2
    endloop
  endfacet
  facet normal 0.970046 0.242922 0
    outer loop
      vertex 26.4596 11.3952 0.0213881
      vertex 26.5335 11.1001 2
      vertex 26.5335 11.1001 0.0213881
    endloop
  endfacet
  facet normal 0.74098 0.671527 0
    outer loop
      vertex 27.308 9.80797 2
      vertex 27.1037 10.0334 0.0213881
      vertex 27.1037 10.0334 2
    endloop
  endfacet
  facet normal 0.74098 0.671527 0
    outer loop
      vertex 27.1037 10.0334 0.0213881
      vertex 27.308 9.80797 2
      vertex 27.308 9.80797 0.0213881
    endloop
  endfacet
  facet normal 0.989145 -0.146942 0
    outer loop
      vertex 26.4149 12.3039 2
      vertex 26.4596 12.6048 0.0213881
      vertex 26.4596 12.6048 2
    endloop
  endfacet
  facet normal 0.989145 -0.146942 0
    outer loop
      vertex 26.4596 12.6048 0.0213881
      vertex 26.4149 12.3039 2
      vertex 26.4149 12.3039 0.0213881
    endloop
  endfacet
  facet normal 0.9988 0.0489705 0
    outer loop
      vertex 26.4149 11.6961 2
      vertex 26.4 12 0.0213881
      vertex 26.4 12 2
    endloop
  endfacet
  facet normal 0.9988 0.0489705 0
    outer loop
      vertex 26.4 12 0.0213881
      vertex 26.4149 11.6961 2
      vertex 26.4149 11.6961 0.0213881
    endloop
  endfacet
  facet normal 0.941519 -0.336961 0
    outer loop
      vertex 26.5335 12.8999 2
      vertex 26.636 13.1863 0.0213881
      vertex 26.636 13.1863 2
    endloop
  endfacet
  facet normal 0.941519 -0.336961 0
    outer loop
      vertex 26.636 13.1863 0.0213881
      vertex 26.5335 12.8999 2
      vertex 26.5335 12.8999 0.0213881
    endloop
  endfacet
  facet normal -0.595794 0.803137 0
    outer loop
      vertex 31.4666 9.60367 0.0213881
      vertex 31.2223 9.42244 2
      vertex 31.4666 9.60367 2
    endloop
  endfacet
  facet normal -0.595794 0.803137 0
    outer loop
      vertex 31.2223 9.42244 2
      vertex 31.4666 9.60367 0.0213881
      vertex 31.2223 9.42244 0.0213881
    endloop
  endfacet
  facet normal 0.803027 -0.595943 0
    outer loop
      vertex 26.9224 13.7223 2
      vertex 27.1037 13.9666 0.0213881
      vertex 27.1037 13.9666 2
    endloop
  endfacet
  facet normal 0.803027 -0.595943 0
    outer loop
      vertex 27.1037 13.9666 0.0213881
      vertex 26.9224 13.7223 2
      vertex 26.9224 13.7223 0.0213881
    endloop
  endfacet
  facet normal 0.514012 0.857783 -0
    outer loop
      vertex 28.0387 9.26604 0.0213881
      vertex 27.7777 9.42244 2
      vertex 28.0387 9.26604 2
    endloop
  endfacet
  facet normal 0.514012 0.857783 0
    outer loop
      vertex 27.7777 9.42244 2
      vertex 28.0387 9.26604 0.0213881
      vertex 27.7777 9.42244 0.0213881
    endloop
  endfacet
  facet normal 0.904072 -0.42738 0
    outer loop
      vertex 26.636 13.1863 2
      vertex 26.766 13.4613 0.0213881
      vertex 26.766 13.4613 2
    endloop
  endfacet
  facet normal 0.904072 -0.42738 0
    outer loop
      vertex 26.766 13.4613 0.0213881
      vertex 26.636 13.1863 2
      vertex 26.636 13.1863 0.0213881
    endloop
  endfacet
  facet normal -0.904072 0.42738 0
    outer loop
      vertex 32.234 10.5387 0.0213881
      vertex 32.364 10.8137 2
      vertex 32.364 10.8137 0.0213881
    endloop
  endfacet
  facet normal -0.904072 0.42738 0
    outer loop
      vertex 32.364 10.8137 2
      vertex 32.234 10.5387 0.0213881
      vertex 32.234 10.5387 2
    endloop
  endfacet
  facet normal 0.0490688 0.998795 -0
    outer loop
      vertex 29.5 8.9 0.0213881
      vertex 29.1961 8.91493 2
      vertex 29.5 8.9 2
    endloop
  endfacet
  facet normal 0.0490688 0.998795 0
    outer loop
      vertex 29.1961 8.91493 2
      vertex 29.5 8.9 0.0213881
      vertex 29.1961 8.91493 0.0213881
    endloop
  endfacet
  facet normal 0.146749 0.989174 -0
    outer loop
      vertex 29.1961 8.91493 0.0213881
      vertex 28.8952 8.95957 2
      vertex 29.1961 8.91493 2
    endloop
  endfacet
  facet normal 0.146749 0.989174 0
    outer loop
      vertex 28.8952 8.95957 2
      vertex 29.1961 8.91493 0.0213881
      vertex 28.8952 8.95957 0.0213881
    endloop
  endfacet
  facet normal -0.671576 0.740936 0
    outer loop
      vertex 31.692 9.80797 0.0213881
      vertex 31.4666 9.60367 2
      vertex 31.692 9.80797 2
    endloop
  endfacet
  facet normal -0.671576 0.740936 0
    outer loop
      vertex 31.4666 9.60367 2
      vertex 31.692 9.80797 0.0213881
      vertex 31.4666 9.60367 0.0213881
    endloop
  endfacet
  facet normal 0.427568 0.903983 -0
    outer loop
      vertex 28.3137 9.13597 0.0213881
      vertex 28.0387 9.26604 2
      vertex 28.3137 9.13597 2
    endloop
  endfacet
  facet normal 0.427568 0.903983 0
    outer loop
      vertex 28.0387 9.26604 2
      vertex 28.3137 9.13597 0.0213881
      vertex 28.0387 9.26604 0.0213881
    endloop
  endfacet
  facet normal 0.741746 -0.670681 0
    outer loop
      vertex 27.1037 13.9666 2
      vertex 27.1339 14 0.0213881
      vertex 27.1339 14 2
    endloop
  endfacet
  facet normal 0.741746 -0.670681 0
    outer loop
      vertex 27.1339 14 0.0213881
      vertex 27.1037 13.9666 2
      vertex 27.1037 13.9666 0.0213881
    endloop
  endfacet
  facet normal 0 -0.242945 -0.97004
    outer loop
      vertex 10.1548 6.33165 5.16733
      vertex 33 6.49348 5.1268
      vertex 33 6.33165 5.16733
    endloop
  endfacet
  facet normal -0 -0.242945 -0.97004
    outer loop
      vertex 33 6.49348 5.1268
      vertex 10.1548 6.33165 5.16733
      vertex 10.1492 6.49348 5.1268
    endloop
  endfacet
  facet normal 0 -0.989175 0.14674
    outer loop
      vertex 33 7.66733 3.16835
      vertex 9.90064 7.69181 3.33337
      vertex 9.87776 7.66733 3.16835
    endloop
  endfacet
  facet normal 0 -0.989175 0.14674
    outer loop
      vertex 9.90064 7.69181 3.33337
      vertex 33 7.66733 3.16835
      vertex 33 7.69181 3.33337
    endloop
  endfacet
  facet normal 0 -0.14674 0.989175
    outer loop
      vertex 9.69262 6.33165 1.83267
      vertex 33 6.16663 1.80819
      vertex 33 6.33165 1.83267
    endloop
  endfacet
  facet normal 0 -0.14674 0.989175
    outer loop
      vertex 33 6.16663 1.80819
      vertex 9.69262 6.33165 1.83267
      vertex 9.68923 6.16663 1.80819
    endloop
  endfacet
  facet normal 0 -0.0490916 0.998794
    outer loop
      vertex 9.68923 6.16663 1.80819
      vertex 33 6 1.8
      vertex 33 6.16663 1.80819
    endloop
  endfacet
  facet normal 0 -0.0490916 0.998794
    outer loop
      vertex 33 6 1.8
      vertex 9.68923 6.16663 1.80819
      vertex 9.6881 6 1.8
    endloop
  endfacet
  facet normal 0 -0.242945 0.97004
    outer loop
      vertex 9.69824 6.49348 1.8732
      vertex 33 6.33165 1.83267
      vertex 33 6.49348 1.8732
    endloop
  endfacet
  facet normal 0 -0.242945 0.97004
    outer loop
      vertex 33 6.33165 1.83267
      vertex 9.69824 6.49348 1.8732
      vertex 9.69262 6.33165 1.83267
    endloop
  endfacet
  facet normal 0 0.97004 0.242945
    outer loop
      vertex 33 4.3732 3.00652
      vertex 9.87776 4.33267 3.16835
      vertex 33 4.33267 3.16835
    endloop
  endfacet
  facet normal 0 0.97004 0.242945
    outer loop
      vertex 9.87776 4.33267 3.16835
      vertex 33 4.3732 3.00652
      vertex 9.85533 4.3732 3.00652
    endloop
  endfacet
  facet normal 0 -0.740932 0.67158
    outer loop
      vertex 33 7.20208 2.29792
      vertex 9.77425 7.31412 2.42153
      vertex 9.75711 7.20208 2.29792
    endloop
  endfacet
  facet normal 0 -0.740932 0.67158
    outer loop
      vertex 9.77425 7.31412 2.42153
      vertex 33 7.20208 2.29792
      vertex 33 7.31412 2.42153
    endloop
  endfacet
  facet normal 0 0.595695 -0.803211
    outer loop
      vertex 33 4.92153 4.81412
      vertex 10.1197 5.05553 4.9135
      vertex 33 5.05553 4.9135
    endloop
  endfacet
  facet normal 0 0.595695 -0.803211
    outer loop
      vertex 10.1197 5.05553 4.9135
      vertex 33 4.92153 4.81412
      vertex 10.1059 4.92153 4.81412
    endloop
  endfacet
  facet normal -0 -0.941533 -0.336921
    outer loop
      vertex 33 7.6268 3.99348
      vertex 10.0139 7.57059 4.15056
      vertex 9.99214 7.6268 3.99348
    endloop
  endfacet
  facet normal 0 -0.941533 -0.336921
    outer loop
      vertex 10.0139 7.57059 4.15056
      vertex 33 7.6268 3.99348
      vertex 33 7.57059 4.15056
    endloop
  endfacet
  facet normal 0 -0.904007 0.427517
    outer loop
      vertex 33 7.49927 2.69863
      vertex 9.83356 7.57059 2.84944
      vertex 9.81265 7.49927 2.69863
    endloop
  endfacet
  facet normal 0 -0.904007 0.427517
    outer loop
      vertex 9.83356 7.57059 2.84944
      vertex 33 7.49927 2.69863
      vertex 33 7.57059 2.84944
    endloop
  endfacet
  facet normal 0 0.514099 -0.857731
    outer loop
      vertex 33 5.05553 4.9135
      vertex 10.1315 5.19863 4.99927
      vertex 33 5.19863 4.99927
    endloop
  endfacet
  facet normal 0 0.514099 -0.857731
    outer loop
      vertex 10.1315 5.19863 4.99927
      vertex 33 5.05553 4.9135
      vertex 10.1197 5.05553 4.9135
    endloop
  endfacet
  facet normal -0 -0.803211 -0.595695
    outer loop
      vertex 33 7.4135 4.44447
      vertex 10.0732 7.31412 4.57847
      vertex 10.0546 7.4135 4.44447
    endloop
  endfacet
  facet normal 0 -0.803211 -0.595695
    outer loop
      vertex 10.0732 7.31412 4.57847
      vertex 33 7.4135 4.44447
      vertex 33 7.31412 4.57847
    endloop
  endfacet
  facet normal 0 -0.67158 -0.740932
    outer loop
      vertex 10.1059 7.07847 4.81412
      vertex 33 7.20208 4.70208
      vertex 33 7.07847 4.81412
    endloop
  endfacet
  facet normal -0 -0.67158 -0.740932
    outer loop
      vertex 33 7.20208 4.70208
      vertex 10.1059 7.07847 4.81412
      vertex 10.0904 7.20208 4.70208
    endloop
  endfacet
  facet normal 0 0.67158 -0.740932
    outer loop
      vertex 33 4.79792 4.70208
      vertex 10.1059 4.92153 4.81412
      vertex 33 4.92153 4.81412
    endloop
  endfacet
  facet normal 0 0.67158 -0.740932
    outer loop
      vertex 10.1059 4.92153 4.81412
      vertex 33 4.79792 4.70208
      vertex 10.0904 4.79792 4.70208
    endloop
  endfacet
  facet normal 0 -0.857731 0.514099
    outer loop
      vertex 33 7.4135 2.55553
      vertex 9.81265 7.49927 2.69863
      vertex 9.79282 7.4135 2.55553
    endloop
  endfacet
  facet normal 0 -0.857731 0.514099
    outer loop
      vertex 9.81265 7.49927 2.69863
      vertex 33 7.4135 2.55553
      vertex 33 7.49927 2.69863
    endloop
  endfacet
  facet normal 0 0.242945 -0.97004
    outer loop
      vertex 33 5.50652 5.1268
      vertex 10.1548 5.66835 5.16733
      vertex 33 5.66835 5.16733
    endloop
  endfacet
  facet normal 0 0.242945 -0.97004
    outer loop
      vertex 10.1548 5.66835 5.16733
      vertex 33 5.50652 5.1268
      vertex 10.1492 5.50652 5.1268
    endloop
  endfacet
  facet normal 0 0.0490916 -0.998794
    outer loop
      vertex 33 5.83337 5.19181
      vertex 10.1594 6 5.2
      vertex 33 6 5.2
    endloop
  endfacet
  facet normal 0 0.0490916 -0.998794
    outer loop
      vertex 10.1594 6 5.2
      vertex 33 5.83337 5.19181
      vertex 10.1582 5.83337 5.19181
    endloop
  endfacet
  facet normal 0 -0.941533 0.336921
    outer loop
      vertex 33 7.57059 2.84944
      vertex 9.85533 7.6268 3.00652
      vertex 9.83356 7.57059 2.84944
    endloop
  endfacet
  facet normal 0 -0.941533 0.336921
    outer loop
      vertex 9.85533 7.6268 3.00652
      vertex 33 7.57059 2.84944
      vertex 33 7.6268 3.00652
    endloop
  endfacet
  facet normal 0 -0.0490916 -0.998794
    outer loop
      vertex 10.1594 6 5.2
      vertex 33 6.16663 5.19181
      vertex 33 6 5.2
    endloop
  endfacet
  facet normal -0 -0.0490916 -0.998794
    outer loop
      vertex 33 6.16663 5.19181
      vertex 10.1594 6 5.2
      vertex 10.1582 6.16663 5.19181
    endloop
  endfacet
  facet normal 0 0.998794 -0.0490916
    outer loop
      vertex 33 4.3 3.5
      vertex 9.94683 4.30819 3.66663
      vertex 33 4.30819 3.66663
    endloop
  endfacet
  facet normal 0 0.998794 -0.0490916
    outer loop
      vertex 9.94683 4.30819 3.66663
      vertex 33 4.3 3.5
      vertex 9.92373 4.3 3.5
    endloop
  endfacet
  facet normal 0 0.803211 0.595695
    outer loop
      vertex 33 4.68588 2.42153
      vertex 9.79282 4.5865 2.55553
      vertex 33 4.5865 2.55553
    endloop
  endfacet
  facet normal 0 0.803211 0.595695
    outer loop
      vertex 9.79282 4.5865 2.55553
      vertex 33 4.68588 2.42153
      vertex 9.77425 4.68588 2.42153
    endloop
  endfacet
  facet normal 0 -0.803211 0.595695
    outer loop
      vertex 33 7.31412 2.42153
      vertex 9.79282 7.4135 2.55553
      vertex 9.77425 7.31412 2.42153
    endloop
  endfacet
  facet normal 0 -0.803211 0.595695
    outer loop
      vertex 9.79282 7.4135 2.55553
      vertex 33 7.31412 2.42153
      vertex 33 7.4135 2.55553
    endloop
  endfacet
  facet normal 0 0.242945 0.97004
    outer loop
      vertex 33 5.66835 1.83267
      vertex 9.69824 5.50652 1.8732
      vertex 33 5.50652 1.8732
    endloop
  endfacet
  facet normal 0 0.242945 0.97004
    outer loop
      vertex 9.69824 5.50652 1.8732
      vertex 33 5.66835 1.83267
      vertex 9.69262 5.66835 1.83267
    endloop
  endfacet
  facet normal -0 -0.97004 -0.242945
    outer loop
      vertex 33 7.66733 3.83165
      vertex 9.99214 7.6268 3.99348
      vertex 9.9697 7.66733 3.83165
    endloop
  endfacet
  facet normal 0 -0.97004 -0.242945
    outer loop
      vertex 9.99214 7.6268 3.99348
      vertex 33 7.66733 3.83165
      vertex 33 7.6268 3.99348
    endloop
  endfacet
  facet normal 0 0.857731 0.514099
    outer loop
      vertex 33 4.5865 2.55553
      vertex 9.81265 4.50073 2.69863
      vertex 33 4.50073 2.69863
    endloop
  endfacet
  facet normal 0 0.857731 0.514099
    outer loop
      vertex 9.81265 4.50073 2.69863
      vertex 33 4.5865 2.55553
      vertex 9.79282 4.5865 2.55553
    endloop
  endfacet
  facet normal 0 0.904007 0.427517
    outer loop
      vertex 33 4.50073 2.69863
      vertex 9.83356 4.42941 2.84944
      vertex 33 4.42941 2.84944
    endloop
  endfacet
  facet normal 0 0.904007 0.427517
    outer loop
      vertex 9.83356 4.42941 2.84944
      vertex 33 4.50073 2.69863
      vertex 9.81265 4.50073 2.69863
    endloop
  endfacet
  facet normal -0 -0.998794 -0.0490916
    outer loop
      vertex 33 7.7 3.5
      vertex 9.94683 7.69181 3.66663
      vertex 9.92373 7.7 3.5
    endloop
  endfacet
  facet normal 0 -0.998794 -0.0490916
    outer loop
      vertex 9.94683 7.69181 3.66663
      vertex 33 7.7 3.5
      vertex 33 7.69181 3.66663
    endloop
  endfacet
  facet normal 0 -0.595695 0.803211
    outer loop
      vertex 9.74158 7.07847 2.18588
      vertex 33 6.94447 2.0865
      vertex 33 7.07847 2.18588
    endloop
  endfacet
  facet normal 0 -0.595695 0.803211
    outer loop
      vertex 33 6.94447 2.0865
      vertex 9.74158 7.07847 2.18588
      vertex 9.72781 6.94447 2.0865
    endloop
  endfacet
  facet normal 0 0.336921 0.941533
    outer loop
      vertex 33 5.50652 1.8732
      vertex 9.70603 5.34944 1.92941
      vertex 33 5.34944 1.92941
    endloop
  endfacet
  facet normal 0 0.336921 0.941533
    outer loop
      vertex 9.70603 5.34944 1.92941
      vertex 33 5.50652 1.8732
      vertex 9.69824 5.50652 1.8732
    endloop
  endfacet
  facet normal 0 0.14674 0.989175
    outer loop
      vertex 33 5.83337 1.80819
      vertex 9.69262 5.66835 1.83267
      vertex 33 5.66835 1.83267
    endloop
  endfacet
  facet normal 0 0.14674 0.989175
    outer loop
      vertex 9.69262 5.66835 1.83267
      vertex 33 5.83337 1.80819
      vertex 9.68923 5.83337 1.80819
    endloop
  endfacet
  facet normal -0 -0.989175 -0.14674
    outer loop
      vertex 33 7.69181 3.66663
      vertex 9.9697 7.66733 3.83165
      vertex 9.94683 7.69181 3.66663
    endloop
  endfacet
  facet normal 0 -0.989175 -0.14674
    outer loop
      vertex 9.9697 7.66733 3.83165
      vertex 33 7.69181 3.66663
      vertex 33 7.66733 3.83165
    endloop
  endfacet
  facet normal 0 -0.67158 0.740932
    outer loop
      vertex 9.75711 7.20208 2.29792
      vertex 33 7.07847 2.18588
      vertex 33 7.20208 2.29792
    endloop
  endfacet
  facet normal 0 -0.67158 0.740932
    outer loop
      vertex 33 7.07847 2.18588
      vertex 9.75711 7.20208 2.29792
      vertex 9.74158 7.07847 2.18588
    endloop
  endfacet
  facet normal 0 0.0490916 0.998794
    outer loop
      vertex 33 6 1.8
      vertex 9.68923 5.83337 1.80819
      vertex 33 5.83337 1.80819
    endloop
  endfacet
  facet normal 0 0.0490916 0.998794
    outer loop
      vertex 9.68923 5.83337 1.80819
      vertex 33 6 1.8
      vertex 9.6881 6 1.8
    endloop
  endfacet
  facet normal 0 0.740932 -0.67158
    outer loop
      vertex 33 4.68588 4.57847
      vertex 10.0904 4.79792 4.70208
      vertex 33 4.79792 4.70208
    endloop
  endfacet
  facet normal 0 0.740932 -0.67158
    outer loop
      vertex 10.0904 4.79792 4.70208
      vertex 33 4.68588 4.57847
      vertex 10.0732 4.68588 4.57847
    endloop
  endfacet
  facet normal 0 -0.336921 -0.941533
    outer loop
      vertex 10.1492 6.49348 5.1268
      vertex 33 6.65056 5.07059
      vertex 33 6.49348 5.1268
    endloop
  endfacet
  facet normal -0 -0.336921 -0.941533
    outer loop
      vertex 33 6.65056 5.07059
      vertex 10.1492 6.49348 5.1268
      vertex 10.1414 6.65056 5.07059
    endloop
  endfacet
  facet normal 0 -0.427517 -0.904007
    outer loop
      vertex 10.1414 6.65056 5.07059
      vertex 33 6.80137 4.99927
      vertex 33 6.65056 5.07059
    endloop
  endfacet
  facet normal -0 -0.427517 -0.904007
    outer loop
      vertex 33 6.80137 4.99927
      vertex 10.1414 6.65056 5.07059
      vertex 10.1315 6.80137 4.99927
    endloop
  endfacet
  facet normal 0 0.998794 0.0490916
    outer loop
      vertex 33 4.30819 3.33337
      vertex 9.92373 4.3 3.5
      vertex 33 4.3 3.5
    endloop
  endfacet
  facet normal 0 0.998794 0.0490916
    outer loop
      vertex 9.92373 4.3 3.5
      vertex 33 4.30819 3.33337
      vertex 9.90064 4.30819 3.33337
    endloop
  endfacet
  facet normal 0 0.989175 0.14674
    outer loop
      vertex 33 4.33267 3.16835
      vertex 9.90064 4.30819 3.33337
      vertex 33 4.30819 3.33337
    endloop
  endfacet
  facet normal 0 0.989175 0.14674
    outer loop
      vertex 9.90064 4.30819 3.33337
      vertex 33 4.33267 3.16835
      vertex 9.87776 4.33267 3.16835
    endloop
  endfacet
  facet normal 0 -0.336921 0.941533
    outer loop
      vertex 9.70603 6.65056 1.92941
      vertex 33 6.49348 1.8732
      vertex 33 6.65056 1.92941
    endloop
  endfacet
  facet normal 0 -0.336921 0.941533
    outer loop
      vertex 33 6.49348 1.8732
      vertex 9.70603 6.65056 1.92941
      vertex 9.69824 6.49348 1.8732
    endloop
  endfacet
  facet normal 0 0.595695 0.803211
    outer loop
      vertex 33 5.05553 2.0865
      vertex 9.74158 4.92153 2.18588
      vertex 33 4.92153 2.18588
    endloop
  endfacet
  facet normal 0 0.595695 0.803211
    outer loop
      vertex 9.74158 4.92153 2.18588
      vertex 33 5.05553 2.0865
      vertex 9.72781 5.05553 2.0865
    endloop
  endfacet
  facet normal 0 0.514099 0.857731
    outer loop
      vertex 33 5.19863 2.00073
      vertex 9.72781 5.05553 2.0865
      vertex 33 5.05553 2.0865
    endloop
  endfacet
  facet normal 0 0.514099 0.857731
    outer loop
      vertex 9.72781 5.05553 2.0865
      vertex 33 5.19863 2.00073
      vertex 9.71592 5.19863 2.00073
    endloop
  endfacet
  facet normal 0 0.941533 0.336921
    outer loop
      vertex 33 4.42941 2.84944
      vertex 9.85533 4.3732 3.00652
      vertex 33 4.3732 3.00652
    endloop
  endfacet
  facet normal 0 0.941533 0.336921
    outer loop
      vertex 9.85533 4.3732 3.00652
      vertex 33 4.42941 2.84944
      vertex 9.83356 4.42941 2.84944
    endloop
  endfacet
  facet normal -0 -0.857731 -0.514099
    outer loop
      vertex 33 7.49927 4.30137
      vertex 10.0546 7.4135 4.44447
      vertex 10.0348 7.49927 4.30137
    endloop
  endfacet
  facet normal 0 -0.857731 -0.514099
    outer loop
      vertex 10.0546 7.4135 4.44447
      vertex 33 7.49927 4.30137
      vertex 33 7.4135 4.44447
    endloop
  endfacet
  facet normal 0 -0.514099 -0.857731
    outer loop
      vertex 10.1315 6.80137 4.99927
      vertex 33 6.94447 4.9135
      vertex 33 6.80137 4.99927
    endloop
  endfacet
  facet normal -0 -0.514099 -0.857731
    outer loop
      vertex 33 6.94447 4.9135
      vertex 10.1315 6.80137 4.99927
      vertex 10.1197 6.94447 4.9135
    endloop
  endfacet
  facet normal 0 -0.14674 -0.989175
    outer loop
      vertex 10.1582 6.16663 5.19181
      vertex 33 6.33165 5.16733
      vertex 33 6.16663 5.19181
    endloop
  endfacet
  facet normal -0 -0.14674 -0.989175
    outer loop
      vertex 33 6.33165 5.16733
      vertex 10.1582 6.16663 5.19181
      vertex 10.1548 6.33165 5.16733
    endloop
  endfacet
  facet normal 0 -0.427517 0.904007
    outer loop
      vertex 9.71592 6.80137 2.00073
      vertex 33 6.65056 1.92941
      vertex 33 6.80137 2.00073
    endloop
  endfacet
  facet normal 0 -0.427517 0.904007
    outer loop
      vertex 33 6.65056 1.92941
      vertex 9.71592 6.80137 2.00073
      vertex 9.70603 6.65056 1.92941
    endloop
  endfacet
  facet normal 0 -0.514099 0.857731
    outer loop
      vertex 9.72781 6.94447 2.0865
      vertex 33 6.80137 2.00073
      vertex 33 6.94447 2.0865
    endloop
  endfacet
  facet normal 0 -0.514099 0.857731
    outer loop
      vertex 33 6.80137 2.00073
      vertex 9.72781 6.94447 2.0865
      vertex 9.71592 6.80137 2.00073
    endloop
  endfacet
  facet normal 0 -0.595695 -0.803211
    outer loop
      vertex 10.1197 6.94447 4.9135
      vertex 33 7.07847 4.81412
      vertex 33 6.94447 4.9135
    endloop
  endfacet
  facet normal -0 -0.595695 -0.803211
    outer loop
      vertex 33 7.07847 4.81412
      vertex 10.1197 6.94447 4.9135
      vertex 10.1059 7.07847 4.81412
    endloop
  endfacet
  facet normal -0 -0.740932 -0.67158
    outer loop
      vertex 33 7.31412 4.57847
      vertex 10.0904 7.20208 4.70208
      vertex 10.0732 7.31412 4.57847
    endloop
  endfacet
  facet normal 0 -0.740932 -0.67158
    outer loop
      vertex 10.0904 7.20208 4.70208
      vertex 33 7.31412 4.57847
      vertex 33 7.20208 4.70208
    endloop
  endfacet
  facet normal 0 0.97004 -0.242945
    outer loop
      vertex 33 4.33267 3.83165
      vertex 9.99214 4.3732 3.99348
      vertex 33 4.3732 3.99348
    endloop
  endfacet
  facet normal 0 0.97004 -0.242945
    outer loop
      vertex 9.99214 4.3732 3.99348
      vertex 33 4.33267 3.83165
      vertex 9.9697 4.33267 3.83165
    endloop
  endfacet
  facet normal 0 -0.998794 0.0490916
    outer loop
      vertex 33 7.69181 3.33337
      vertex 9.92373 7.7 3.5
      vertex 9.90064 7.69181 3.33337
    endloop
  endfacet
  facet normal 0 -0.998794 0.0490916
    outer loop
      vertex 9.92373 7.7 3.5
      vertex 33 7.69181 3.33337
      vertex 33 7.7 3.5
    endloop
  endfacet
  facet normal 0 -0.97004 0.242945
    outer loop
      vertex 33 7.6268 3.00652
      vertex 9.87776 7.66733 3.16835
      vertex 9.85533 7.6268 3.00652
    endloop
  endfacet
  facet normal 0 -0.97004 0.242945
    outer loop
      vertex 9.87776 7.66733 3.16835
      vertex 33 7.6268 3.00652
      vertex 33 7.66733 3.16835
    endloop
  endfacet
  facet normal 0 0.14674 -0.989175
    outer loop
      vertex 33 5.66835 5.16733
      vertex 10.1582 5.83337 5.19181
      vertex 33 5.83337 5.19181
    endloop
  endfacet
  facet normal 0 0.14674 -0.989175
    outer loop
      vertex 10.1582 5.83337 5.19181
      vertex 33 5.66835 5.16733
      vertex 10.1548 5.66835 5.16733
    endloop
  endfacet
  facet normal 0 0.336921 -0.941533
    outer loop
      vertex 33 5.34944 5.07059
      vertex 10.1492 5.50652 5.1268
      vertex 33 5.50652 5.1268
    endloop
  endfacet
  facet normal 0 0.336921 -0.941533
    outer loop
      vertex 10.1492 5.50652 5.1268
      vertex 33 5.34944 5.07059
      vertex 10.1414 5.34944 5.07059
    endloop
  endfacet
  facet normal 0 0.941533 -0.336921
    outer loop
      vertex 33 4.3732 3.99348
      vertex 10.0139 4.42941 4.15056
      vertex 33 4.42941 4.15056
    endloop
  endfacet
  facet normal 0 0.941533 -0.336921
    outer loop
      vertex 10.0139 4.42941 4.15056
      vertex 33 4.3732 3.99348
      vertex 9.99214 4.3732 3.99348
    endloop
  endfacet
  facet normal 0 0.67158 0.740932
    outer loop
      vertex 33 4.92153 2.18588
      vertex 9.75711 4.79792 2.29792
      vertex 33 4.79792 2.29792
    endloop
  endfacet
  facet normal 0 0.67158 0.740932
    outer loop
      vertex 9.75711 4.79792 2.29792
      vertex 33 4.92153 2.18588
      vertex 9.74158 4.92153 2.18588
    endloop
  endfacet
  facet normal 0 0.427517 0.904007
    outer loop
      vertex 33 5.34944 1.92941
      vertex 9.71592 5.19863 2.00073
      vertex 33 5.19863 2.00073
    endloop
  endfacet
  facet normal 0 0.427517 0.904007
    outer loop
      vertex 9.71592 5.19863 2.00073
      vertex 33 5.34944 1.92941
      vertex 9.70603 5.34944 1.92941
    endloop
  endfacet
  facet normal 0 0.803211 -0.595695
    outer loop
      vertex 33 4.5865 4.44447
      vertex 10.0732 4.68588 4.57847
      vertex 33 4.68588 4.57847
    endloop
  endfacet
  facet normal 0 0.803211 -0.595695
    outer loop
      vertex 10.0732 4.68588 4.57847
      vertex 33 4.5865 4.44447
      vertex 10.0546 4.5865 4.44447
    endloop
  endfacet
  facet normal 0 0.740932 0.67158
    outer loop
      vertex 33 4.79792 2.29792
      vertex 9.77425 4.68588 2.42153
      vertex 33 4.68588 2.42153
    endloop
  endfacet
  facet normal 0 0.740932 0.67158
    outer loop
      vertex 9.77425 4.68588 2.42153
      vertex 33 4.79792 2.29792
      vertex 9.75711 4.79792 2.29792
    endloop
  endfacet
  facet normal 0 0.427517 -0.904007
    outer loop
      vertex 33 5.19863 4.99927
      vertex 10.1414 5.34944 5.07059
      vertex 33 5.34944 5.07059
    endloop
  endfacet
  facet normal 0 0.427517 -0.904007
    outer loop
      vertex 10.1414 5.34944 5.07059
      vertex 33 5.19863 4.99927
      vertex 10.1315 5.19863 4.99927
    endloop
  endfacet
  facet normal -0 -0.904007 -0.427517
    outer loop
      vertex 33 7.57059 4.15056
      vertex 10.0348 7.49927 4.30137
      vertex 10.0139 7.57059 4.15056
    endloop
  endfacet
  facet normal 0 -0.904007 -0.427517
    outer loop
      vertex 10.0348 7.49927 4.30137
      vertex 33 7.57059 4.15056
      vertex 33 7.49927 4.30137
    endloop
  endfacet
  facet normal 0 0.904007 -0.427517
    outer loop
      vertex 33 4.42941 4.15056
      vertex 10.0348 4.50073 4.30137
      vertex 33 4.50073 4.30137
    endloop
  endfacet
  facet normal 0 0.904007 -0.427517
    outer loop
      vertex 10.0348 4.50073 4.30137
      vertex 33 4.42941 4.15056
      vertex 10.0139 4.42941 4.15056
    endloop
  endfacet
  facet normal 0 0.989175 -0.14674
    outer loop
      vertex 33 4.30819 3.66663
      vertex 9.9697 4.33267 3.83165
      vertex 33 4.33267 3.83165
    endloop
  endfacet
  facet normal 0 0.989175 -0.14674
    outer loop
      vertex 9.9697 4.33267 3.83165
      vertex 33 4.30819 3.66663
      vertex 9.94683 4.30819 3.66663
    endloop
  endfacet
  facet normal 0 0.857731 -0.514099
    outer loop
      vertex 33 4.50073 4.30137
      vertex 10.0546 4.5865 4.44447
      vertex 33 4.5865 4.44447
    endloop
  endfacet
  facet normal 0 0.857731 -0.514099
    outer loop
      vertex 10.0546 4.5865 4.44447
      vertex 33 4.50073 4.30137
      vertex 10.0348 4.50073 4.30137
    endloop
  endfacet
  facet normal 0 -0.146731 0.989176
    outer loop
      vertex 33 6.60478 0.459566
      vertex 34.8458 6.30385 0.414927
      vertex 34.9231 6.60478 0.459566
    endloop
  endfacet
  facet normal 0 -0.146731 0.989176
    outer loop
      vertex 34.8458 6.30385 0.414927
      vertex 33 6.60478 0.459566
      vertex 33 6.30385 0.414927
    endloop
  endfacet
  facet normal 0 -0.0490638 0.998796
    outer loop
      vertex 33 6.30385 0.414927
      vertex 34.8199 6 0.400001
      vertex 34.8458 6.30385 0.414927
    endloop
  endfacet
  facet normal 0 -0.0490638 0.998796
    outer loop
      vertex 34.8199 6 0.400001
      vertex 33 6.30385 0.414927
      vertex 33 6 0.400001
    endloop
  endfacet
  facet normal 1.43011e-05 -0.242986 0.97003
    outer loop
      vertex 35.0388 6.89988 0.533485
      vertex 34.9231 6.60478 0.459566
      vertex 35.0219 6.83254 0.516617
    endloop
  endfacet
  facet normal 0 -0.242981 0.970031
    outer loop
      vertex 33 6.89988 0.533485
      vertex 34.9231 6.60478 0.459566
      vertex 35.0388 6.89988 0.533485
    endloop
  endfacet
  facet normal 0 -0.242981 0.970031
    outer loop
      vertex 34.9231 6.60478 0.459566
      vertex 33 6.89988 0.533485
      vertex 33 6.60478 0.459566
    endloop
  endfacet
  facet normal 0.000135493 0.595737 0.80318
    outer loop
      vertex 35.366 4.25115 0.942158
      vertex 35.4426 4.03338 1.10367
      vertex 35.3949 4.20269 0.978097
    endloop
  endfacet
  facet normal -6.93571e-05 0.59569 0.803214
    outer loop
      vertex 35.3498 4.27773 0.922444
      vertex 35.4426 4.03338 1.10367
      vertex 35.366 4.25115 0.942158
    endloop
  endfacet
  facet normal 0 0.595707 0.803202
    outer loop
      vertex 33 4.03338 1.10367
      vertex 35.3498 4.27773 0.922444
      vertex 33 4.27773 0.922444
    endloop
  endfacet
  facet normal 0 0.595707 0.803202
    outer loop
      vertex 35.3498 4.27773 0.922444
      vertex 33 4.03338 1.10367
      vertex 35.4426 4.03338 1.10367
    endloop
  endfacet
  facet normal -0 0.998795 0.0490769
    outer loop
      vertex 33 2.91493 3.19615
      vertex 35.4927 2.9 3.5
      vertex 35.4989 2.91493 3.19615
    endloop
  endfacet
  facet normal 0 0.998795 0.0490769
    outer loop
      vertex 35.4927 2.9 3.5
      vertex 33 2.91493 3.19615
      vertex 33 2.9 3.5
    endloop
  endfacet
  facet normal 0 0.857732 0.514098
    outer loop
      vertex 35.6048 3.27744 2.01965
      vertex 33 3.26604 2.03867
      vertex 35.6055 3.26604 2.03867
    endloop
  endfacet
  facet normal 1.63291e-08 0.857731 0.514099
    outer loop
      vertex 35.5953 3.42244 1.77773
      vertex 33 3.26604 2.03867
      vertex 35.6048 3.27744 2.01965
    endloop
  endfacet
  facet normal 0 0.857731 0.514099
    outer loop
      vertex 33 3.26604 2.03867
      vertex 35.5953 3.42244 1.77773
      vertex 33 3.42244 1.77773
    endloop
  endfacet
  facet normal 0 -0.903989 -0.427555
    outer loop
      vertex 33 8.86403 4.68632
      vertex 35.9786 8.73396 4.96133
      vertex 33 8.73396 4.96133
    endloop
  endfacet
  facet normal 0 -0.903989 -0.427555
    outer loop
      vertex 35.9786 8.73396 4.96133
      vertex 33 8.86403 4.68632
      vertex 35.9786 8.86403 4.68632
    endloop
  endfacet
  facet normal 0 -0.857731 0.514099
    outer loop
      vertex 35.8725 8.57756 1.77773
      vertex 33 8.73396 2.03867
      vertex 33 8.57756 1.77773
    endloop
  endfacet
  facet normal 0 -0.857731 0.514099
    outer loop
      vertex 33 8.73396 2.03867
      vertex 35.8725 8.57756 1.77773
      vertex 35.9424 8.73396 2.03867
    endloop
  endfacet
  facet normal 0 -0.998795 -0.0490769
    outer loop
      vertex 33 9.1 3.5
      vertex 35.9786 9.08507 3.80385
      vertex 33 9.08507 3.80385
    endloop
  endfacet
  facet normal 0 -0.998795 -0.0490769
    outer loop
      vertex 35.9786 9.08507 3.80385
      vertex 33 9.1 3.5
      vertex 35.9786 9.1 3.5
    endloop
  endfacet
  facet normal -5.94815e-06 0.595671 -0.803229
    outer loop
      vertex 33 4.27773 6.07756
      vertex 35.8791 4.11368 5.95588
      vertex 35.8672 4.03338 5.89633
    endloop
  endfacet
  facet normal 0 0.595716 -0.803195
    outer loop
      vertex 33 4.27773 6.07756
      vertex 35.8672 4.03338 5.89633
      vertex 33 4.03338 5.89633
    endloop
  endfacet
  facet normal 0 0.595738 -0.803179
    outer loop
      vertex 35.8791 4.11368 5.95588
      vertex 33 4.27773 6.07756
      vertex 35.9007 4.27773 6.07756
    endloop
  endfacet
  facet normal 0 -0.336887 0.941545
    outer loop
      vertex 33 7.18632 0.635974
      vertex 35.0388 6.89988 0.533485
      vertex 35.1413 7.18632 0.635974
    endloop
  endfacet
  facet normal 0 -0.336887 0.941545
    outer loop
      vertex 35.0388 6.89988 0.533485
      vertex 33 7.18632 0.635974
      vertex 33 6.89988 0.533485
    endloop
  endfacet
  facet normal 2.99193e-06 0.336868 0.941552
    outer loop
      vertex 33 4.81368 0.635974
      vertex 35.0526 5.06149 0.547306
      vertex 35.0388 5.10012 0.533485
    endloop
  endfacet
  facet normal 0 0.336887 0.941545
    outer loop
      vertex 33 4.81368 0.635974
      vertex 35.0388 5.10012 0.533485
      vertex 33 5.10012 0.533485
    endloop
  endfacet
  facet normal 0 0.33689 0.941544
    outer loop
      vertex 35.0526 5.06149 0.547306
      vertex 33 4.81368 0.635974
      vertex 35.1291 4.81368 0.635974
    endloop
  endfacet
  facet normal 0 0.514099 -0.857731
    outer loop
      vertex 33 4.53867 6.23396
      vertex 35.9007 4.27773 6.07756
      vertex 33 4.27773 6.07756
    endloop
  endfacet
  facet normal 0 0.514099 -0.857731
    outer loop
      vertex 35.9007 4.27773 6.07756
      vertex 33 4.53867 6.23396
      vertex 35.9351 4.53867 6.23396
    endloop
  endfacet
  facet normal -0 0.97003 0.242984
    outer loop
      vertex 33 3.03349 2.60012
      vertex 35.5174 2.95957 2.89522
      vertex 35.548 3.03349 2.60012
    endloop
  endfacet
  facet normal 0 0.97003 0.242984
    outer loop
      vertex 35.5174 2.95957 2.89522
      vertex 33 3.03349 2.60012
      vertex 33 2.95957 2.89522
    endloop
  endfacet
  facet normal 0 0.0490638 0.998796
    outer loop
      vertex 33 5.69615 0.414927
      vertex 34.8199 6 0.400001
      vertex 33 6 0.400001
    endloop
  endfacet
  facet normal 0 0.0490638 0.998796
    outer loop
      vertex 34.8199 6 0.400001
      vertex 33 5.69615 0.414927
      vertex 34.8458 5.69615 0.414927
    endloop
  endfacet
  facet normal 0 0.803195 -0.595716
    outer loop
      vertex 35.708 3.42244 5.22227
      vertex 33 3.60367 5.46662
      vertex 35.7729 3.60367 5.46662
    endloop
  endfacet
  facet normal 0 0.803195 -0.595716
    outer loop
      vertex 33 3.60367 5.46662
      vertex 35.708 3.42244 5.22227
      vertex 33 3.42244 5.22227
    endloop
  endfacet
  facet normal 0 0.146734 -0.989176
    outer loop
      vertex 33 5.39522 6.54043
      vertex 35.9786 5.69615 6.58507
      vertex 35.9786 5.39522 6.54043
    endloop
  endfacet
  facet normal 0 0.146734 -0.989176
    outer loop
      vertex 35.9786 5.69615 6.58507
      vertex 33 5.39522 6.54043
      vertex 33 5.69615 6.58507
    endloop
  endfacet
  facet normal 0 -0.803195 -0.595716
    outer loop
      vertex 33 8.57756 5.22227
      vertex 35.9786 8.39633 5.46662
      vertex 33 8.39633 5.46662
    endloop
  endfacet
  facet normal 0 -0.803195 -0.595716
    outer loop
      vertex 35.9786 8.39633 5.46662
      vertex 33 8.57756 5.22227
      vertex 35.9786 8.57756 5.22227
    endloop
  endfacet
  facet normal 0 -0.803195 0.595716
    outer loop
      vertex 35.804 8.39633 1.53338
      vertex 35.8725 8.57756 1.77773
      vertex 33 8.57756 1.77773
    endloop
  endfacet
  facet normal 0 -0.803195 0.595716
    outer loop
      vertex 35.804 8.39633 1.53338
      vertex 33 8.57756 1.77773
      vertex 33 8.39633 1.53338
    endloop
  endfacet
  facet normal -1.88997e-05 -0.803193 0.595719
    outer loop
      vertex 35.8725 8.57756 1.77773
      vertex 35.804 8.39633 1.53338
      vertex 35.8097 8.40368 1.54329
    endloop
  endfacet
  facet normal -1.63605e-06 0.671569 0.740942
    outer loop
      vertex 33 3.80797 1.30797
      vertex 35.4656 3.9725 1.15885
      vertex 35.4426 4.03338 1.10367
    endloop
  endfacet
  facet normal 0 0.671559 0.740951
    outer loop
      vertex 33 3.80797 1.30797
      vertex 35.4426 4.03338 1.10367
      vertex 33 4.03338 1.10367
    endloop
  endfacet
  facet normal 0 0.671556 0.740954
    outer loop
      vertex 35.4656 3.9725 1.15885
      vertex 33 3.80797 1.30797
      vertex 35.5131 3.80797 1.30797
    endloop
  endfacet
  facet normal 2.56997e-07 0.336863 -0.941554
    outer loop
      vertex 33 5.10012 6.46651
      vertex 35.9786 5.06149 6.45269
      vertex 35.9664 4.81368 6.36403
    endloop
  endfacet
  facet normal 0 0.336861 -0.941554
    outer loop
      vertex 33 5.10012 6.46651
      vertex 35.9664 4.81368 6.36403
      vertex 33 4.81368 6.36403
    endloop
  endfacet
  facet normal 0 0.336846 -0.94156
    outer loop
      vertex 35.9786 5.06149 6.45269
      vertex 33 5.10012 6.46651
      vertex 35.9786 5.10012 6.46651
    endloop
  endfacet
  facet normal 0 0.146731 0.989176
    outer loop
      vertex 33 5.39522 0.459566
      vertex 34.8458 5.69615 0.414927
      vertex 33 5.69615 0.414927
    endloop
  endfacet
  facet normal 0 0.146731 0.989176
    outer loop
      vertex 34.8458 5.69615 0.414927
      vertex 33 5.39522 0.459566
      vertex 34.9231 5.39522 0.459566
    endloop
  endfacet
  facet normal 0 -0.514099 -0.857731
    outer loop
      vertex 33 7.46133 6.23396
      vertex 35.9786 7.72227 6.07756
      vertex 35.9786 7.46133 6.23396
    endloop
  endfacet
  facet normal -0 -0.514099 -0.857731
    outer loop
      vertex 35.9786 7.72227 6.07756
      vertex 33 7.46133 6.23396
      vertex 33 7.72227 6.07756
    endloop
  endfacet
  facet normal 1.43011e-05 0.242986 0.97003
    outer loop
      vertex 34.9231 5.39522 0.459566
      vertex 35.0388 5.10012 0.533485
      vertex 35.0219 5.16746 0.516617
    endloop
  endfacet
  facet normal 0 0.242981 0.970031
    outer loop
      vertex 33 5.10012 0.533485
      vertex 34.9231 5.39522 0.459566
      vertex 33 5.39522 0.459566
    endloop
  endfacet
  facet normal 0 0.242981 0.970031
    outer loop
      vertex 34.9231 5.39522 0.459566
      vertex 33 5.10012 0.533485
      vertex 35.0388 5.10012 0.533485
    endloop
  endfacet
  facet normal -0.000442883 0.903999 0.427535
    outer loop
      vertex 35.6055 3.26604 2.03867
      vertex 35.5905 3.13597 2.31368
      vertex 35.6179 3.20219 2.17369
    endloop
  endfacet
  facet normal -0 0.903989 0.427555
    outer loop
      vertex 33 3.26604 2.03867
      vertex 35.5905 3.13597 2.31368
      vertex 35.6055 3.26604 2.03867
    endloop
  endfacet
  facet normal 0 0.903989 0.427555
    outer loop
      vertex 35.5905 3.13597 2.31368
      vertex 33 3.26604 2.03867
      vertex 33 3.13597 2.31368
    endloop
  endfacet
  facet normal 0 -0.740951 0.671559
    outer loop
      vertex 35.6738 8.19203 1.30797
      vertex 33 8.39633 1.53338
      vertex 33 8.19203 1.30797
    endloop
  endfacet
  facet normal 0 -0.740951 0.671559
    outer loop
      vertex 33 8.39633 1.53338
      vertex 35.6738 8.19203 1.30797
      vertex 35.804 8.39633 1.53338
    endloop
  endfacet
  facet normal 0 -0.941554 -0.336861
    outer loop
      vertex 33 8.96651 4.39988
      vertex 35.9786 8.86403 4.68632
      vertex 33 8.86403 4.68632
    endloop
  endfacet
  facet normal 0 -0.941554 -0.336861
    outer loop
      vertex 35.9786 8.86403 4.68632
      vertex 33 8.96651 4.39988
      vertex 35.9786 8.96651 4.39988
    endloop
  endfacet
  facet normal 0 -0.903989 0.427555
    outer loop
      vertex 35.9424 8.73396 2.03867
      vertex 35.9786 8.86403 2.31368
      vertex 33 8.86403 2.31368
    endloop
  endfacet
  facet normal 0 -0.903989 0.427555
    outer loop
      vertex 35.9424 8.73396 2.03867
      vertex 33 8.86403 2.31368
      vertex 33 8.73396 2.03867
    endloop
  endfacet
  facet normal -0.000475008 -0.903965 0.427606
    outer loop
      vertex 35.9786 8.86403 2.31368
      vertex 35.9424 8.73396 2.03867
      vertex 35.9786 8.79781 2.17369
    endloop
  endfacet
  facet normal 0 -0.0490769 -0.998795
    outer loop
      vertex 33 6 6.6
      vertex 35.9786 6.30385 6.58507
      vertex 35.9786 6 6.6
    endloop
  endfacet
  facet normal -0 -0.0490769 -0.998795
    outer loop
      vertex 35.9786 6.30385 6.58507
      vertex 33 6 6.6
      vertex 33 6.30385 6.58507
    endloop
  endfacet
  facet normal 7.81993e-05 -0.595734 0.803182
    outer loop
      vertex 35.5559 7.96662 1.10367
      vertex 35.4277 7.72227 0.922444
      vertex 35.4834 7.79731 0.978097
    endloop
  endfacet
  facet normal 0 -0.595707 0.803202
    outer loop
      vertex 33 7.96662 1.10367
      vertex 35.4277 7.72227 0.922444
      vertex 35.5559 7.96662 1.10367
    endloop
  endfacet
  facet normal 0 -0.595707 0.803202
    outer loop
      vertex 35.4277 7.72227 0.922444
      vertex 33 7.96662 1.10367
      vertex 33 7.72227 0.922444
    endloop
  endfacet
  facet normal 0 -0.998795 0.0490769
    outer loop
      vertex 33 9.08507 3.19615
      vertex 35.9786 9.1 3.5
      vertex 33 9.1 3.5
    endloop
  endfacet
  facet normal 0 -0.998795 0.0490769
    outer loop
      vertex 35.9786 9.1 3.5
      vertex 33 9.08507 3.19615
      vertex 35.9786 9.08507 3.19615
    endloop
  endfacet
  facet normal 0 -0.740951 -0.671559
    outer loop
      vertex 33 8.39633 5.46662
      vertex 35.9786 8.19203 5.69203
      vertex 33 8.19203 5.69203
    endloop
  endfacet
  facet normal 0 -0.740951 -0.671559
    outer loop
      vertex 35.9786 8.19203 5.69203
      vertex 33 8.39633 5.46662
      vertex 35.9786 8.39633 5.46662
    endloop
  endfacet
  facet normal 0 -0.671559 0.740951
    outer loop
      vertex 33 8.19203 1.30797
      vertex 35.5559 7.96662 1.10367
      vertex 35.6738 8.19203 1.30797
    endloop
  endfacet
  facet normal 0 -0.671559 0.740951
    outer loop
      vertex 35.5559 7.96662 1.10367
      vertex 33 8.19203 1.30797
      vertex 33 7.96662 1.10367
    endloop
  endfacet
  facet normal 0 0.97003 -0.242984
    outer loop
      vertex 35.5174 2.95957 4.10478
      vertex 33 3.03349 4.39988
      vertex 35.548 3.03349 4.39988
    endloop
  endfacet
  facet normal 0 0.97003 -0.242984
    outer loop
      vertex 33 3.03349 4.39988
      vertex 35.5174 2.95957 4.10478
      vertex 33 2.95957 4.10478
    endloop
  endfacet
  facet normal 0 -0.427558 0.903988
    outer loop
      vertex 33 7.46133 0.766045
      vertex 35.1413 7.18632 0.635974
      vertex 35.2713 7.46133 0.766045
    endloop
  endfacet
  facet normal 0 -0.427558 0.903988
    outer loop
      vertex 35.1413 7.18632 0.635974
      vertex 33 7.46133 0.766045
      vertex 33 7.18632 0.635974
    endloop
  endfacet
  facet normal -8.44606e-07 0.514102 0.857729
    outer loop
      vertex 33 4.27773 0.922444
      vertex 35.3133 4.35582 0.875641
      vertex 35.2278 4.53867 0.766045
    endloop
  endfacet
  facet normal 0 0.514097 0.857732
    outer loop
      vertex 33 4.27773 0.922444
      vertex 35.2278 4.53867 0.766045
      vertex 33 4.53867 0.766045
    endloop
  endfacet
  facet normal 0 0.514084 0.85774
    outer loop
      vertex 35.3133 4.35582 0.875641
      vertex 33 4.27773 0.922444
      vertex 35.3498 4.27773 0.922444
    endloop
  endfacet
  facet normal 0 -0.941554 0.336861
    outer loop
      vertex 33 8.86403 2.31368
      vertex 35.9786 8.96651 2.60012
      vertex 33 8.96651 2.60012
    endloop
  endfacet
  facet normal 0 -0.941554 0.336861
    outer loop
      vertex 35.9786 8.96651 2.60012
      vertex 33 8.86403 2.31368
      vertex 35.9786 8.86403 2.31368
    endloop
  endfacet
  facet normal 0 -0.97003 -0.242984
    outer loop
      vertex 33 9.04043 4.10478
      vertex 35.9786 8.96651 4.39988
      vertex 33 8.96651 4.39988
    endloop
  endfacet
  facet normal 0 -0.97003 -0.242984
    outer loop
      vertex 35.9786 8.96651 4.39988
      vertex 33 9.04043 4.10478
      vertex 35.9786 9.04043 4.10478
    endloop
  endfacet
  facet normal -0 0.941554 0.336861
    outer loop
      vertex 33 3.13597 2.31368
      vertex 35.548 3.03349 2.60012
      vertex 35.5905 3.13597 2.31368
    endloop
  endfacet
  facet normal 0 0.941554 0.336861
    outer loop
      vertex 35.548 3.03349 2.60012
      vertex 33 3.13597 2.31368
      vertex 33 3.03349 2.60012
    endloop
  endfacet
  facet normal 0 -0.857731 -0.514099
    outer loop
      vertex 33 8.73396 4.96133
      vertex 35.9786 8.57756 5.22227
      vertex 33 8.57756 5.22227
    endloop
  endfacet
  facet normal 0 -0.857731 -0.514099
    outer loop
      vertex 35.9786 8.57756 5.22227
      vertex 33 8.73396 4.96133
      vertex 35.9786 8.73396 4.96133
    endloop
  endfacet
  facet normal 0 -0.671559 -0.740951
    outer loop
      vertex 33 7.96662 5.89633
      vertex 35.9786 8.19203 5.69203
      vertex 35.9786 7.96662 5.89633
    endloop
  endfacet
  facet normal -0 -0.671559 -0.740951
    outer loop
      vertex 35.9786 8.19203 5.69203
      vertex 33 7.96662 5.89633
      vertex 33 8.19203 5.69203
    endloop
  endfacet
  facet normal 0 -0.514097 0.857732
    outer loop
      vertex 33 7.72227 0.922444
      vertex 35.2713 7.46133 0.766045
      vertex 35.4277 7.72227 0.922444
    endloop
  endfacet
  facet normal 0 -0.514097 0.857732
    outer loop
      vertex 35.2713 7.46133 0.766045
      vertex 33 7.72227 0.922444
      vertex 33 7.46133 0.766045
    endloop
  endfacet
  facet normal 0 -0.242984 -0.97003
    outer loop
      vertex 33 6.60478 6.54043
      vertex 35.9786 6.89988 6.46651
      vertex 35.9786 6.60478 6.54043
    endloop
  endfacet
  facet normal -0 -0.242984 -0.97003
    outer loop
      vertex 35.9786 6.89988 6.46651
      vertex 33 6.60478 6.54043
      vertex 33 6.89988 6.46651
    endloop
  endfacet
  facet normal 0 -0.989176 -0.146734
    outer loop
      vertex 33 9.08507 3.80385
      vertex 35.9786 9.04043 4.10478
      vertex 33 9.04043 4.10478
    endloop
  endfacet
  facet normal 0 -0.989176 -0.146734
    outer loop
      vertex 35.9786 9.04043 4.10478
      vertex 33 9.08507 3.80385
      vertex 35.9786 9.08507 3.80385
    endloop
  endfacet
  facet normal -2.43429e-06 0.427534 -0.903999
    outer loop
      vertex 33 4.81368 6.36403
      vertex 35.9636 4.75519 6.33636
      vertex 35.9351 4.53867 6.23396
    endloop
  endfacet
  facet normal 0 0.427555 -0.903989
    outer loop
      vertex 33 4.81368 6.36403
      vertex 35.9351 4.53867 6.23396
      vertex 33 4.53867 6.23396
    endloop
  endfacet
  facet normal 0 0.427635 -0.903952
    outer loop
      vertex 35.9636 4.75519 6.33636
      vertex 33 4.81368 6.36403
      vertex 35.9664 4.81368 6.36403
    endloop
  endfacet
  facet normal 0 0.989176 -0.146734
    outer loop
      vertex 35.4989 2.91493 3.80385
      vertex 33 2.95957 4.10478
      vertex 35.5174 2.95957 4.10478
    endloop
  endfacet
  facet normal 0 0.989176 -0.146734
    outer loop
      vertex 33 2.95957 4.10478
      vertex 35.4989 2.91493 3.80385
      vertex 33 2.91493 3.80385
    endloop
  endfacet
  facet normal -0 0.989176 0.146734
    outer loop
      vertex 33 2.95957 2.89522
      vertex 35.4989 2.91493 3.19615
      vertex 35.5174 2.95957 2.89522
    endloop
  endfacet
  facet normal 0 0.989176 0.146734
    outer loop
      vertex 35.4989 2.91493 3.19615
      vertex 33 2.95957 2.89522
      vertex 33 2.91493 3.19615
    endloop
  endfacet
  facet normal 0 0.941554 -0.336861
    outer loop
      vertex 35.548 3.03349 4.39988
      vertex 33 3.13597 4.68632
      vertex 35.5905 3.13597 4.68632
    endloop
  endfacet
  facet normal 0 0.941554 -0.336861
    outer loop
      vertex 33 3.13597 4.68632
      vertex 35.548 3.03349 4.39988
      vertex 33 3.03349 4.39988
    endloop
  endfacet
  facet normal 0 0.740961 -0.671548
    outer loop
      vertex 35.7836 3.63373 5.49978
      vertex 33 3.80797 5.69203
      vertex 35.8273 3.80797 5.69203
    endloop
  endfacet
  facet normal -9.70935e-06 0.740891 -0.671625
    outer loop
      vertex 35.7729 3.60367 5.46662
      vertex 33 3.80797 5.69203
      vertex 35.7836 3.63373 5.49978
    endloop
  endfacet
  facet normal 0 0.740951 -0.671559
    outer loop
      vertex 33 3.80797 5.69203
      vertex 35.7729 3.60367 5.46662
      vertex 33 3.60367 5.46662
    endloop
  endfacet
  facet normal 0 0.740948 0.671563
    outer loop
      vertex 35.5595 3.69378 1.43396
      vertex 33 3.60367 1.53338
      vertex 35.588 3.60367 1.53338
    endloop
  endfacet
  facet normal -4.28373e-07 0.740953 0.671557
    outer loop
      vertex 35.5131 3.80797 1.30797
      vertex 33 3.60367 1.53338
      vertex 35.5595 3.69378 1.43396
    endloop
  endfacet
  facet normal 0 0.740951 0.671559
    outer loop
      vertex 33 3.60367 1.53338
      vertex 35.5131 3.80797 1.30797
      vertex 33 3.80797 1.30797
    endloop
  endfacet
  facet normal 0 0.242984 -0.97003
    outer loop
      vertex 33 5.10012 6.46651
      vertex 35.9786 5.39522 6.54043
      vertex 35.9786 5.10012 6.46651
    endloop
  endfacet
  facet normal 0 0.242984 -0.97003
    outer loop
      vertex 35.9786 5.39522 6.54043
      vertex 33 5.10012 6.46651
      vertex 33 5.39522 6.54043
    endloop
  endfacet
  facet normal -0.000838539 0.671641 -0.740877
    outer loop
      vertex 35.8273 3.80797 5.69203
      vertex 35.8672 4.03338 5.89633
      vertex 35.8432 3.87134 5.74946
    endloop
  endfacet
  facet normal 0 0.671559 -0.740951
    outer loop
      vertex 33 4.03338 5.89633
      vertex 35.8273 3.80797 5.69203
      vertex 33 3.80797 5.69203
    endloop
  endfacet
  facet normal 0 0.671559 -0.740951
    outer loop
      vertex 35.8273 3.80797 5.69203
      vertex 33 4.03338 5.89633
      vertex 35.8672 4.03338 5.89633
    endloop
  endfacet
  facet normal 0 -0.146734 -0.989176
    outer loop
      vertex 33 6.30385 6.58507
      vertex 35.9786 6.60478 6.54043
      vertex 35.9786 6.30385 6.58507
    endloop
  endfacet
  facet normal -0 -0.146734 -0.989176
    outer loop
      vertex 35.9786 6.60478 6.54043
      vertex 33 6.30385 6.58507
      vertex 33 6.60478 6.54043
    endloop
  endfacet
  facet normal 0 -0.97003 0.242984
    outer loop
      vertex 33 8.96651 2.60012
      vertex 35.9786 9.04043 2.89522
      vertex 33 9.04043 2.89522
    endloop
  endfacet
  facet normal 0 -0.97003 0.242984
    outer loop
      vertex 35.9786 9.04043 2.89522
      vertex 33 8.96651 2.60012
      vertex 35.9786 8.96651 2.60012
    endloop
  endfacet
  facet normal 0 0.0490769 -0.998795
    outer loop
      vertex 33 5.69615 6.58507
      vertex 35.9786 6 6.6
      vertex 35.9786 5.69615 6.58507
    endloop
  endfacet
  facet normal 0 0.0490769 -0.998795
    outer loop
      vertex 35.9786 6 6.6
      vertex 33 5.69615 6.58507
      vertex 33 6 6.6
    endloop
  endfacet
  facet normal 0 -0.336861 -0.941554
    outer loop
      vertex 33 6.89988 6.46651
      vertex 35.9786 7.18632 6.36403
      vertex 35.9786 6.89988 6.46651
    endloop
  endfacet
  facet normal -0 -0.336861 -0.941554
    outer loop
      vertex 35.9786 7.18632 6.36403
      vertex 33 6.89988 6.46651
      vertex 33 7.18632 6.36403
    endloop
  endfacet
  facet normal 0 0.802866 0.59616
    outer loop
      vertex 35.5955 3.43115 1.766
      vertex 33 3.42244 1.77773
      vertex 35.5953 3.42244 1.77773
    endloop
  endfacet
  facet normal 9.39309e-05 0.803214 0.595691
    outer loop
      vertex 35.588 3.60367 1.53338
      vertex 35.5955 3.43115 1.766
      vertex 35.5914 3.59632 1.54329
    endloop
  endfacet
  facet normal -3.27295e-06 0.803212 0.595693
    outer loop
      vertex 35.5955 3.43115 1.766
      vertex 35.588 3.60367 1.53338
      vertex 33 3.42244 1.77773
    endloop
  endfacet
  facet normal 0 0.803195 0.595716
    outer loop
      vertex 33 3.42244 1.77773
      vertex 35.588 3.60367 1.53338
      vertex 33 3.60367 1.53338
    endloop
  endfacet
  facet normal 0 -0.595716 -0.803195
    outer loop
      vertex 33 7.72227 6.07756
      vertex 35.9786 7.96662 5.89633
      vertex 35.9786 7.72227 6.07756
    endloop
  endfacet
  facet normal -0 -0.595716 -0.803195
    outer loop
      vertex 35.9786 7.96662 5.89633
      vertex 33 7.72227 6.07756
      vertex 33 7.96662 5.89633
    endloop
  endfacet
  facet normal 0 0.85784 -0.513916
    outer loop
      vertex 35.701 3.40288 5.18962
      vertex 33 3.42244 5.22227
      vertex 35.708 3.42244 5.22227
    endloop
  endfacet
  facet normal -3.43053e-06 0.857715 -0.514125
    outer loop
      vertex 35.6444 3.26604 4.96133
      vertex 33 3.42244 5.22227
      vertex 35.701 3.40288 5.18962
    endloop
  endfacet
  facet normal 0 0.857731 -0.514099
    outer loop
      vertex 33 3.42244 5.22227
      vertex 35.6444 3.26604 4.96133
      vertex 33 3.26604 4.96133
    endloop
  endfacet
  facet normal 0 -0.427555 -0.903989
    outer loop
      vertex 33 7.18632 6.36403
      vertex 35.9786 7.46133 6.23396
      vertex 35.9786 7.18632 6.36403
    endloop
  endfacet
  facet normal -0 -0.427555 -0.903989
    outer loop
      vertex 35.9786 7.46133 6.23396
      vertex 33 7.18632 6.36403
      vertex 33 7.46133 6.23396
    endloop
  endfacet
  facet normal -2.05681e-06 0.427571 0.903982
    outer loop
      vertex 33 4.53867 0.766045
      vertex 35.1539 4.75519 0.663639
      vertex 35.1291 4.81368 0.635974
    endloop
  endfacet
  facet normal 0 0.427558 0.903988
    outer loop
      vertex 33 4.53867 0.766045
      vertex 35.1291 4.81368 0.635974
      vertex 33 4.81368 0.635974
    endloop
  endfacet
  facet normal 0 0.427554 0.90399
    outer loop
      vertex 35.1539 4.75519 0.663639
      vertex 33 4.53867 0.766045
      vertex 35.2278 4.53867 0.766045
    endloop
  endfacet
  facet normal 0 0.998795 -0.0490769
    outer loop
      vertex 35.4927 2.9 3.5
      vertex 33 2.91493 3.80385
      vertex 35.4989 2.91493 3.80385
    endloop
  endfacet
  facet normal 0 0.998795 -0.0490769
    outer loop
      vertex 33 2.91493 3.80385
      vertex 35.4927 2.9 3.5
      vertex 33 2.9 3.5
    endloop
  endfacet
  facet normal 0 -0.989176 0.146734
    outer loop
      vertex 33 9.04043 2.89522
      vertex 35.9786 9.08507 3.19615
      vertex 33 9.08507 3.19615
    endloop
  endfacet
  facet normal 0 -0.989176 0.146734
    outer loop
      vertex 35.9786 9.08507 3.19615
      vertex 33 9.04043 2.89522
      vertex 35.9786 9.04043 2.89522
    endloop
  endfacet
  facet normal 0 0.903989 -0.427555
    outer loop
      vertex 35.5905 3.13597 4.68632
      vertex 33 3.26604 4.96133
      vertex 35.6444 3.26604 4.96133
    endloop
  endfacet
  facet normal 0 0.903989 -0.427555
    outer loop
      vertex 33 3.26604 4.96133
      vertex 35.5905 3.13597 4.68632
      vertex 33 3.13597 4.68632
    endloop
  endfacet
  facet normal 1 0 0
    outer loop
      vertex 33 7.7 3.5
      vertex 33 9.1 3.5
      vertex 33 9.08507 3.80385
    endloop
  endfacet
  facet normal 1 0 0
    outer loop
      vertex 33 7.69181 3.66663
      vertex 33 9.08507 3.80385
      vertex 33 9.04043 4.10478
    endloop
  endfacet
  facet normal 1 0 0
    outer loop
      vertex 33 9.1 3.5
      vertex 33 7.7 3.5
      vertex 33 9.08507 3.19615
    endloop
  endfacet
  facet normal 1 0 0
    outer loop
      vertex 33 7.66733 3.83165
      vertex 33 9.04043 4.10478
      vertex 33 8.96651 4.39988
    endloop
  endfacet
  facet normal 1 -0 0
    outer loop
      vertex 33 7.69181 3.33337
      vertex 33 9.08507 3.19615
      vertex 33 7.7 3.5
    endloop
  endfacet
  facet normal 1 0 0
    outer loop
      vertex 33 7.6268 3.99348
      vertex 33 8.96651 4.39988
      vertex 33 8.86403 4.68632
    endloop
  endfacet
  facet normal 1 0 0
    outer loop
      vertex 33 9.08507 3.19615
      vertex 33 7.69181 3.33337
      vertex 33 9.04043 2.89522
    endloop
  endfacet
  facet normal 1 0 0
    outer loop
      vertex 33 7.57059 4.15056
      vertex 33 8.86403 4.68632
      vertex 33 8.73396 4.96133
    endloop
  endfacet
  facet normal 1 -0 0
    outer loop
      vertex 33 7.66733 3.16835
      vertex 33 9.04043 2.89522
      vertex 33 7.69181 3.33337
    endloop
  endfacet
  facet normal 1 0 0
    outer loop
      vertex 33 7.49927 4.30137
      vertex 33 8.73396 4.96133
      vertex 33 8.57756 5.22227
    endloop
  endfacet
  facet normal 1 0 0
    outer loop
      vertex 33 9.04043 2.89522
      vertex 33 7.66733 3.16835
      vertex 33 8.96651 2.60012
    endloop
  endfacet
  facet normal 1 0 0
    outer loop
      vertex 33 7.4135 4.44447
      vertex 33 8.57756 5.22227
      vertex 33 8.39633 5.46662
    endloop
  endfacet
  facet normal 1 -0 0
    outer loop
      vertex 33 7.6268 3.00652
      vertex 33 8.96651 2.60012
      vertex 33 7.66733 3.16835
    endloop
  endfacet
  facet normal 1 0 0
    outer loop
      vertex 33 7.31412 4.57847
      vertex 33 8.39633 5.46662
      vertex 33 8.19203 5.69203
    endloop
  endfacet
  facet normal 1 0 0
    outer loop
      vertex 33 8.96651 2.60012
      vertex 33 7.6268 3.00652
      vertex 33 8.86403 2.31368
    endloop
  endfacet
  facet normal 1 0 0
    outer loop
      vertex 33 7.20208 4.70208
      vertex 33 8.19203 5.69203
      vertex 33 7.96662 5.89633
    endloop
  endfacet
  facet normal 1 -0 0
    outer loop
      vertex 33 7.57059 2.84944
      vertex 33 8.86403 2.31368
      vertex 33 7.6268 3.00652
    endloop
  endfacet
  facet normal 1 0 0
    outer loop
      vertex 33 7.07847 4.81412
      vertex 33 7.96662 5.89633
      vertex 33 7.72227 6.07756
    endloop
  endfacet
  facet normal 1 0 0
    outer loop
      vertex 33 8.86403 2.31368
      vertex 33 7.57059 2.84944
      vertex 33 8.73396 2.03867
    endloop
  endfacet
  facet normal 1 -0 0
    outer loop
      vertex 33 7.49927 2.69863
      vertex 33 8.73396 2.03867
      vertex 33 7.57059 2.84944
    endloop
  endfacet
  facet normal 1 0 0
    outer loop
      vertex 33 9.08507 3.80385
      vertex 33 7.69181 3.66663
      vertex 33 7.7 3.5
    endloop
  endfacet
  facet normal 1 0 0
    outer loop
      vertex 33 9.04043 4.10478
      vertex 33 7.66733 3.83165
      vertex 33 7.69181 3.66663
    endloop
  endfacet
  facet normal 1 0 0
    outer loop
      vertex 33 8.96651 4.39988
      vertex 33 7.6268 3.99348
      vertex 33 7.66733 3.83165
    endloop
  endfacet
  facet normal 1 0 0
    outer loop
      vertex 33 8.86403 4.68632
      vertex 33 7.57059 4.15056
      vertex 33 7.6268 3.99348
    endloop
  endfacet
  facet normal 1 0 0
    outer loop
      vertex 33 8.73396 4.96133
      vertex 33 7.49927 4.30137
      vertex 33 7.57059 4.15056
    endloop
  endfacet
  facet normal 1 0 0
    outer loop
      vertex 33 6.94447 4.9135
      vertex 33 7.72227 6.07756
      vertex 33 7.46133 6.23396
    endloop
  endfacet
  facet normal 1 0 0
    outer loop
      vertex 33 8.57756 5.22227
      vertex 33 7.4135 4.44447
      vertex 33 7.49927 4.30137
    endloop
  endfacet
  facet normal 1 0 0
    outer loop
      vertex 33 8.39633 5.46662
      vertex 33 7.31412 4.57847
      vertex 33 7.4135 4.44447
    endloop
  endfacet
  facet normal 1 0 0
    outer loop
      vertex 33 8.19203 5.69203
      vertex 33 7.20208 4.70208
      vertex 33 7.31412 4.57847
    endloop
  endfacet
  facet normal 1 0 0
    outer loop
      vertex 33 6.80137 4.99927
      vertex 33 7.46133 6.23396
      vertex 33 7.18632 6.36403
    endloop
  endfacet
  facet normal 1 0 0
    outer loop
      vertex 33 7.96662 5.89633
      vertex 33 7.07847 4.81412
      vertex 33 7.20208 4.70208
    endloop
  endfacet
  facet normal 1 0 0
    outer loop
      vertex 33 7.72227 6.07756
      vertex 33 6.94447 4.9135
      vertex 33 7.07847 4.81412
    endloop
  endfacet
  facet normal 1 0 0
    outer loop
      vertex 33 6.65056 5.07059
      vertex 33 7.18632 6.36403
      vertex 33 6.89988 6.46651
    endloop
  endfacet
  facet normal 1 0 0
    outer loop
      vertex 33 7.46133 6.23396
      vertex 33 6.80137 4.99927
      vertex 33 6.94447 4.9135
    endloop
  endfacet
  facet normal 1 0 0
    outer loop
      vertex 33 7.18632 6.36403
      vertex 33 6.65056 5.07059
      vertex 33 6.80137 4.99927
    endloop
  endfacet
  facet normal 1 0 0
    outer loop
      vertex 33 6.49348 5.1268
      vertex 33 6.89988 6.46651
      vertex 33 6.60478 6.54043
    endloop
  endfacet
  facet normal 1 0 0
    outer loop
      vertex 33 6.89988 6.46651
      vertex 33 6.49348 5.1268
      vertex 33 6.65056 5.07059
    endloop
  endfacet
  facet normal 1 0 0
    outer loop
      vertex 33 6.60478 6.54043
      vertex 33 6.33165 5.16733
      vertex 33 6.49348 5.1268
    endloop
  endfacet
  facet normal 1 0 0
    outer loop
      vertex 33 6.30385 6.58507
      vertex 33 6.33165 5.16733
      vertex 33 6.60478 6.54043
    endloop
  endfacet
  facet normal 1 0 0
    outer loop
      vertex 33 6.30385 6.58507
      vertex 33 6.16663 5.19181
      vertex 33 6.33165 5.16733
    endloop
  endfacet
  facet normal 1 0 0
    outer loop
      vertex 33 6 6.6
      vertex 33 6.16663 5.19181
      vertex 33 6.30385 6.58507
    endloop
  endfacet
  facet normal 1 0 0
    outer loop
      vertex 33 6 6.6
      vertex 33 6 5.2
      vertex 33 6.16663 5.19181
    endloop
  endfacet
  facet normal 1 0 0
    outer loop
      vertex 33 6 6.6
      vertex 33 5.83337 5.19181
      vertex 33 6 5.2
    endloop
  endfacet
  facet normal 1 -0 0
    outer loop
      vertex 33 5.69615 6.58507
      vertex 33 5.83337 5.19181
      vertex 33 6 6.6
    endloop
  endfacet
  facet normal 1 0 0
    outer loop
      vertex 33 5.69615 6.58507
      vertex 33 5.66835 5.16733
      vertex 33 5.83337 5.19181
    endloop
  endfacet
  facet normal 1 -0 0
    outer loop
      vertex 33 5.39522 6.54043
      vertex 33 5.66835 5.16733
      vertex 33 5.69615 6.58507
    endloop
  endfacet
  facet normal 1 0 0
    outer loop
      vertex 33 5.66835 5.16733
      vertex 33 5.39522 6.54043
      vertex 33 5.50652 5.1268
    endloop
  endfacet
  facet normal 1 -0 0
    outer loop
      vertex 33 5.10012 6.46651
      vertex 33 5.50652 5.1268
      vertex 33 5.39522 6.54043
    endloop
  endfacet
  facet normal 1 0 0
    outer loop
      vertex 33 5.50652 5.1268
      vertex 33 5.10012 6.46651
      vertex 33 5.34944 5.07059
    endloop
  endfacet
  facet normal 1 -0 0
    outer loop
      vertex 33 4.81368 6.36403
      vertex 33 5.34944 5.07059
      vertex 33 5.10012 6.46651
    endloop
  endfacet
  facet normal 1 0 0
    outer loop
      vertex 33 5.34944 5.07059
      vertex 33 4.81368 6.36403
      vertex 33 5.19863 4.99927
    endloop
  endfacet
  facet normal 1 -0 0
    outer loop
      vertex 33 4.53867 6.23396
      vertex 33 5.19863 4.99927
      vertex 33 4.81368 6.36403
    endloop
  endfacet
  facet normal 1 0 0
    outer loop
      vertex 33 5.19863 4.99927
      vertex 33 4.53867 6.23396
      vertex 33 5.05553 4.9135
    endloop
  endfacet
  facet normal 1 -0 0
    outer loop
      vertex 33 4.27773 6.07756
      vertex 33 5.05553 4.9135
      vertex 33 4.53867 6.23396
    endloop
  endfacet
  facet normal 1 0 0
    outer loop
      vertex 33 5.05553 4.9135
      vertex 33 4.27773 6.07756
      vertex 33 4.92153 4.81412
    endloop
  endfacet
  facet normal 1 -0 0
    outer loop
      vertex 33 4.03338 5.89633
      vertex 33 4.92153 4.81412
      vertex 33 4.27773 6.07756
    endloop
  endfacet
  facet normal 1 0 0
    outer loop
      vertex 33 4.92153 4.81412
      vertex 33 4.03338 5.89633
      vertex 33 4.79792 4.70208
    endloop
  endfacet
  facet normal 1 -0 0
    outer loop
      vertex 33 3.80797 5.69203
      vertex 33 4.79792 4.70208
      vertex 33 4.03338 5.89633
    endloop
  endfacet
  facet normal 1 0 0
    outer loop
      vertex 33 4.79792 4.70208
      vertex 33 3.80797 5.69203
      vertex 33 4.68588 4.57847
    endloop
  endfacet
  facet normal 1 -0 0
    outer loop
      vertex 33 3.60367 5.46662
      vertex 33 4.68588 4.57847
      vertex 33 3.80797 5.69203
    endloop
  endfacet
  facet normal 1 0 0
    outer loop
      vertex 33 4.68588 4.57847
      vertex 33 3.60367 5.46662
      vertex 33 4.5865 4.44447
    endloop
  endfacet
  facet normal 1 -0 0
    outer loop
      vertex 33 3.42244 5.22227
      vertex 33 4.5865 4.44447
      vertex 33 3.60367 5.46662
    endloop
  endfacet
  facet normal 1 -0 0
    outer loop
      vertex 33 3.26604 4.96133
      vertex 33 4.50073 4.30137
      vertex 33 3.42244 5.22227
    endloop
  endfacet
  facet normal 1 0 0
    outer loop
      vertex 33 4.5865 4.44447
      vertex 33 3.42244 5.22227
      vertex 33 4.50073 4.30137
    endloop
  endfacet
  facet normal 1 0 0
    outer loop
      vertex 33 8.73396 2.03867
      vertex 33 7.49927 2.69863
      vertex 33 8.57756 1.77773
    endloop
  endfacet
  facet normal 1 -0 0
    outer loop
      vertex 33 7.4135 2.55553
      vertex 33 8.57756 1.77773
      vertex 33 7.49927 2.69863
    endloop
  endfacet
  facet normal 1 0 0
    outer loop
      vertex 33 8.57756 1.77773
      vertex 33 7.4135 2.55553
      vertex 33 8.39633 1.53338
    endloop
  endfacet
  facet normal 1 -0 0
    outer loop
      vertex 33 7.31412 2.42153
      vertex 33 8.39633 1.53338
      vertex 33 7.4135 2.55553
    endloop
  endfacet
  facet normal 1 0 0
    outer loop
      vertex 33 8.39633 1.53338
      vertex 33 7.31412 2.42153
      vertex 33 8.19203 1.30797
    endloop
  endfacet
  facet normal 1 -0 0
    outer loop
      vertex 33 7.20208 2.29792
      vertex 33 8.19203 1.30797
      vertex 33 7.31412 2.42153
    endloop
  endfacet
  facet normal 1 0 0
    outer loop
      vertex 33 8.19203 1.30797
      vertex 33 7.20208 2.29792
      vertex 33 7.96662 1.10367
    endloop
  endfacet
  facet normal 1 -0 0
    outer loop
      vertex 33 7.07847 2.18588
      vertex 33 7.96662 1.10367
      vertex 33 7.20208 2.29792
    endloop
  endfacet
  facet normal 1 0 0
    outer loop
      vertex 33 7.96662 1.10367
      vertex 33 7.07847 2.18588
      vertex 33 7.72227 0.922444
    endloop
  endfacet
  facet normal 1 -0 0
    outer loop
      vertex 33 6.94447 2.0865
      vertex 33 7.72227 0.922444
      vertex 33 7.07847 2.18588
    endloop
  endfacet
  facet normal 1 0 0
    outer loop
      vertex 33 7.72227 0.922444
      vertex 33 6.94447 2.0865
      vertex 33 7.46133 0.766045
    endloop
  endfacet
  facet normal 1 -0 0
    outer loop
      vertex 33 6.80137 2.00073
      vertex 33 7.46133 0.766045
      vertex 33 6.94447 2.0865
    endloop
  endfacet
  facet normal 1 0 0
    outer loop
      vertex 33 7.46133 0.766045
      vertex 33 6.80137 2.00073
      vertex 33 7.18632 0.635974
    endloop
  endfacet
  facet normal 1 -0 0
    outer loop
      vertex 33 6.65056 1.92941
      vertex 33 7.18632 0.635974
      vertex 33 6.80137 2.00073
    endloop
  endfacet
  facet normal 1 0 0
    outer loop
      vertex 33 7.18632 0.635974
      vertex 33 6.65056 1.92941
      vertex 33 6.89988 0.533485
    endloop
  endfacet
  facet normal 1 -0 0
    outer loop
      vertex 33 6.49348 1.8732
      vertex 33 6.89988 0.533485
      vertex 33 6.65056 1.92941
    endloop
  endfacet
  facet normal 1 0 0
    outer loop
      vertex 33 6.89988 0.533485
      vertex 33 6.49348 1.8732
      vertex 33 6.60478 0.459566
    endloop
  endfacet
  facet normal 1 -0 0
    outer loop
      vertex 33 6.33165 1.83267
      vertex 33 6.60478 0.459566
      vertex 33 6.49348 1.8732
    endloop
  endfacet
  facet normal 1 0 0
    outer loop
      vertex 33 6.33165 1.83267
      vertex 33 6.30385 0.414927
      vertex 33 6.60478 0.459566
    endloop
  endfacet
  facet normal 1 -0 0
    outer loop
      vertex 33 6.16663 1.80819
      vertex 33 6.30385 0.414927
      vertex 33 6.33165 1.83267
    endloop
  endfacet
  facet normal 1 -0 0
    outer loop
      vertex 33 6 1.8
      vertex 33 6.30385 0.414927
      vertex 33 6.16663 1.80819
    endloop
  endfacet
  facet normal 1 0 0
    outer loop
      vertex 33 6 1.8
      vertex 33 6 0.400001
      vertex 33 6.30385 0.414927
    endloop
  endfacet
  facet normal 1 0 0
    outer loop
      vertex 33 5.83337 1.80819
      vertex 33 6 0.400001
      vertex 33 6 1.8
    endloop
  endfacet
  facet normal 1 0 0
    outer loop
      vertex 33 5.83337 1.80819
      vertex 33 5.69615 0.414927
      vertex 33 6 0.400001
    endloop
  endfacet
  facet normal 1 0 0
    outer loop
      vertex 33 5.66835 1.83267
      vertex 33 5.69615 0.414927
      vertex 33 5.83337 1.80819
    endloop
  endfacet
  facet normal 1 0 0
    outer loop
      vertex 33 5.39522 0.459566
      vertex 33 5.66835 1.83267
      vertex 33 5.50652 1.8732
    endloop
  endfacet
  facet normal 1 0 0
    outer loop
      vertex 33 5.66835 1.83267
      vertex 33 5.39522 0.459566
      vertex 33 5.69615 0.414927
    endloop
  endfacet
  facet normal 1 0 0
    outer loop
      vertex 33 5.10012 0.533485
      vertex 33 5.50652 1.8732
      vertex 33 5.34944 1.92941
    endloop
  endfacet
  facet normal 1 0 0
    outer loop
      vertex 33 4.81368 0.635974
      vertex 33 5.34944 1.92941
      vertex 33 5.19863 2.00073
    endloop
  endfacet
  facet normal 1 0 0
    outer loop
      vertex 33 5.50652 1.8732
      vertex 33 5.10012 0.533485
      vertex 33 5.39522 0.459566
    endloop
  endfacet
  facet normal 1 0 0
    outer loop
      vertex 33 4.53867 0.766045
      vertex 33 5.19863 2.00073
      vertex 33 5.05553 2.0865
    endloop
  endfacet
  facet normal 1 0 0
    outer loop
      vertex 33 4.27773 0.922444
      vertex 33 5.05553 2.0865
      vertex 33 4.92153 2.18588
    endloop
  endfacet
  facet normal 1 0 0
    outer loop
      vertex 33 5.34944 1.92941
      vertex 33 4.81368 0.635974
      vertex 33 5.10012 0.533485
    endloop
  endfacet
  facet normal 1 0 0
    outer loop
      vertex 33 4.03338 1.10367
      vertex 33 4.92153 2.18588
      vertex 33 4.79792 2.29792
    endloop
  endfacet
  facet normal 1 0 0
    outer loop
      vertex 33 3.80797 1.30797
      vertex 33 4.79792 2.29792
      vertex 33 4.68588 2.42153
    endloop
  endfacet
  facet normal 1 0 0
    outer loop
      vertex 33 3.60367 1.53338
      vertex 33 4.68588 2.42153
      vertex 33 4.5865 2.55553
    endloop
  endfacet
  facet normal 1 0 0
    outer loop
      vertex 33 5.19863 2.00073
      vertex 33 4.53867 0.766045
      vertex 33 4.81368 0.635974
    endloop
  endfacet
  facet normal 1 0 0
    outer loop
      vertex 33 3.42244 1.77773
      vertex 33 4.5865 2.55553
      vertex 33 4.50073 2.69863
    endloop
  endfacet
  facet normal 1 0 0
    outer loop
      vertex 33 3.26604 2.03867
      vertex 33 4.50073 2.69863
      vertex 33 4.42941 2.84944
    endloop
  endfacet
  facet normal 1 0 0
    outer loop
      vertex 33 3.13597 2.31368
      vertex 33 4.42941 2.84944
      vertex 33 4.3732 3.00652
    endloop
  endfacet
  facet normal 1 0 0
    outer loop
      vertex 33 3.03349 2.60012
      vertex 33 4.3732 3.00652
      vertex 33 4.33267 3.16835
    endloop
  endfacet
  facet normal 1 0 0
    outer loop
      vertex 33 2.95957 2.89522
      vertex 33 4.33267 3.16835
      vertex 33 4.30819 3.33337
    endloop
  endfacet
  facet normal 1 0 0
    outer loop
      vertex 33 5.05553 2.0865
      vertex 33 4.27773 0.922444
      vertex 33 4.53867 0.766045
    endloop
  endfacet
  facet normal 1 0 0
    outer loop
      vertex 33 2.91493 3.19615
      vertex 33 4.30819 3.33337
      vertex 33 4.3 3.5
    endloop
  endfacet
  facet normal 1 0 0
    outer loop
      vertex 33 4.50073 4.30137
      vertex 33 3.26604 4.96133
      vertex 33 4.42941 4.15056
    endloop
  endfacet
  facet normal 1 -0 0
    outer loop
      vertex 33 3.13597 4.68632
      vertex 33 4.42941 4.15056
      vertex 33 3.26604 4.96133
    endloop
  endfacet
  facet normal 1 0 0
    outer loop
      vertex 33 4.92153 2.18588
      vertex 33 4.03338 1.10367
      vertex 33 4.27773 0.922444
    endloop
  endfacet
  facet normal 1 0 0
    outer loop
      vertex 33 4.42941 4.15056
      vertex 33 3.13597 4.68632
      vertex 33 4.3732 3.99348
    endloop
  endfacet
  facet normal 1 0 0
    outer loop
      vertex 33 4.79792 2.29792
      vertex 33 3.80797 1.30797
      vertex 33 4.03338 1.10367
    endloop
  endfacet
  facet normal 1 -0 0
    outer loop
      vertex 33 3.03349 4.39988
      vertex 33 4.3732 3.99348
      vertex 33 3.13597 4.68632
    endloop
  endfacet
  facet normal 1 0 0
    outer loop
      vertex 33 4.68588 2.42153
      vertex 33 3.60367 1.53338
      vertex 33 3.80797 1.30797
    endloop
  endfacet
  facet normal 1 0 0
    outer loop
      vertex 33 4.3732 3.99348
      vertex 33 3.03349 4.39988
      vertex 33 4.33267 3.83165
    endloop
  endfacet
  facet normal 1 0 0
    outer loop
      vertex 33 4.5865 2.55553
      vertex 33 3.42244 1.77773
      vertex 33 3.60367 1.53338
    endloop
  endfacet
  facet normal 1 -0 0
    outer loop
      vertex 33 2.95957 4.10478
      vertex 33 4.33267 3.83165
      vertex 33 3.03349 4.39988
    endloop
  endfacet
  facet normal 1 0 0
    outer loop
      vertex 33 4.50073 2.69863
      vertex 33 3.26604 2.03867
      vertex 33 3.42244 1.77773
    endloop
  endfacet
  facet normal 1 0 0
    outer loop
      vertex 33 4.33267 3.83165
      vertex 33 2.95957 4.10478
      vertex 33 4.30819 3.66663
    endloop
  endfacet
  facet normal 1 0 0
    outer loop
      vertex 33 4.42941 2.84944
      vertex 33 3.13597 2.31368
      vertex 33 3.26604 2.03867
    endloop
  endfacet
  facet normal 1 -0 0
    outer loop
      vertex 33 2.91493 3.80385
      vertex 33 4.30819 3.66663
      vertex 33 2.95957 4.10478
    endloop
  endfacet
  facet normal 1 0 0
    outer loop
      vertex 33 4.3732 3.00652
      vertex 33 3.03349 2.60012
      vertex 33 3.13597 2.31368
    endloop
  endfacet
  facet normal 1 0 0
    outer loop
      vertex 33 4.30819 3.66663
      vertex 33 2.91493 3.80385
      vertex 33 4.3 3.5
    endloop
  endfacet
  facet normal 1 0 0
    outer loop
      vertex 33 4.33267 3.16835
      vertex 33 2.95957 2.89522
      vertex 33 3.03349 2.60012
    endloop
  endfacet
  facet normal 1 0 0
    outer loop
      vertex 33 2.9 3.5
      vertex 33 4.3 3.5
      vertex 33 2.91493 3.80385
    endloop
  endfacet
  facet normal 1 0 0
    outer loop
      vertex 33 4.30819 3.33337
      vertex 33 2.91493 3.19615
      vertex 33 2.95957 2.89522
    endloop
  endfacet
  facet normal 1 0 0
    outer loop
      vertex 33 4.3 3.5
      vertex 33 2.9 3.5
      vertex 33 2.91493 3.19615
    endloop
  endfacet
  facet normal -0.990527 1.1588e-05 0.137318
    outer loop
      vertex 9.94683 7.69181 3.66663
      vertex 9.44156 14 0.0213881
      vertex 9.92373 7.7 3.5
    endloop
  endfacet
  facet normal -0.990535 -2.09803e-05 0.13726
    outer loop
      vertex 9.44156 14 0.0213881
      vertex 9.90064 7.69181 3.33337
      vertex 9.92373 7.7 3.5
    endloop
  endfacet
  facet normal -0.990525 1.83302e-05 0.137333
    outer loop
      vertex 9.44156 14 0.0213881
      vertex 9.87776 7.66733 3.16835
      vertex 9.90064 7.69181 3.33337
    endloop
  endfacet
  facet normal -0.990531 -3.34421e-06 0.137291
    outer loop
      vertex 9.44156 14 0.0213881
      vertex 9.85533 7.6268 3.00652
      vertex 9.87776 7.66733 3.16835
    endloop
  endfacet
  facet normal -0.990532 -7.34714e-06 0.137282
    outer loop
      vertex 9.44156 14 0.0213881
      vertex 9.83356 7.57059 2.84944
      vertex 9.85533 7.6268 3.00652
    endloop
  endfacet
  facet normal -0.990525 1.44143e-05 0.137331
    outer loop
      vertex 9.44156 14 0.0213881
      vertex 9.81265 7.49927 2.69863
      vertex 9.83356 7.57059 2.84944
    endloop
  endfacet
  facet normal -0.990534 -1.13343e-05 0.137269
    outer loop
      vertex 9.44156 14 0.0213881
      vertex 9.79282 7.4135 2.55553
      vertex 9.81265 7.49927 2.69863
    endloop
  endfacet
  facet normal -0.990533 -8.57864e-06 0.137276
    outer loop
      vertex 9.44156 14 0.0213881
      vertex 9.77425 7.31412 2.42153
      vertex 9.79282 7.4135 2.55553
    endloop
  endfacet
  facet normal -0.990525 1.3222e-05 0.137336
    outer loop
      vertex 9.44156 14 0.0213881
      vertex 9.75711 7.20208 2.29792
      vertex 9.77425 7.31412 2.42153
    endloop
  endfacet
  facet normal -0.99053 3.02377e-07 0.137298
    outer loop
      vertex 9.44156 14 0.0213881
      vertex 9.74158 7.07847 2.18588
      vertex 9.75711 7.20208 2.29792
    endloop
  endfacet
  facet normal -0.990535 -1.10754e-05 0.137262
    outer loop
      vertex 9.44156 14 0.0213881
      vertex 9.72781 6.94447 2.0865
      vertex 9.74158 7.07847 2.18588
    endloop
  endfacet
  facet normal -0.990528 2.76921e-06 0.137309
    outer loop
      vertex 9.44156 14 0.0213881
      vertex 9.71592 6.80137 2.00073
      vertex 9.72781 6.94447 2.0865
    endloop
  endfacet
  facet normal -0.990525 1.01701e-05 0.137335
    outer loop
      vertex 9.44156 14 0.0213881
      vertex 9.70603 6.65056 1.92941
      vertex 9.71592 6.80137 2.00073
    endloop
  endfacet
  facet normal -0.990532 -3.29068e-06 0.137284
    outer loop
      vertex 9.44156 14 0.0213881
      vertex 9.69824 6.49348 1.8732
      vertex 9.70603 6.65056 1.92941
    endloop
  endfacet
  facet normal -0.990526 6.46632e-06 0.137323
    outer loop
      vertex 9.44156 14 0.0213881
      vertex 9.69262 6.33165 1.83267
      vertex 9.69824 6.49348 1.8732
    endloop
  endfacet
  facet normal -0.99053 0 0.137296
    outer loop
      vertex 9.44156 2.17369 0.0213881
      vertex 9.69262 6.33165 1.83267
      vertex 9.44156 14 0.0213881
    endloop
  endfacet
  facet normal -0.990521 -2.86595e-05 0.137361
    outer loop
      vertex 9.69262 6.33165 1.83267
      vertex 9.44156 2.17369 0.0213881
      vertex 9.68923 6.16663 1.80819
    endloop
  endfacet
  facet normal -0.990519 -3.48738e-05 0.137375
    outer loop
      vertex 9.68923 6.16663 1.80819
      vertex 9.44156 2.17369 0.0213881
      vertex 9.6881 6 1.8
    endloop
  endfacet
  facet normal -0.990538 2.82046e-05 0.137241
    outer loop
      vertex 9.6881 6 1.8
      vertex 9.44156 2.17369 0.0213881
      vertex 9.68923 5.83337 1.80819
    endloop
  endfacet
  facet normal -0.990531 4.29711e-06 0.137289
    outer loop
      vertex 9.57417 0.516617 0.978097
      vertex 9.85533 4.3732 3.00652
      vertex 9.51021 0.978097 0.516617
    endloop
  endfacet
  facet normal -0.99053 -1.88993e-07 0.137295
    outer loop
      vertex 9.51021 0.978097 0.516617
      vertex 9.85533 4.3732 3.00652
      vertex 9.46498 1.54329 0.190302
    endloop
  endfacet
  facet normal -0.990532 1.16864e-05 0.137284
    outer loop
      vertex 9.83356 4.42941 2.84944
      vertex 9.46498 1.54329 0.190302
      vertex 9.85533 4.3732 3.00652
    endloop
  endfacet
  facet normal -0.990529 -8.57247e-06 0.137305
    outer loop
      vertex 9.46498 1.54329 0.190302
      vertex 9.83356 4.42941 2.84944
      vertex 9.44156 2.17369 0.0213881
    endloop
  endfacet
  facet normal -0.990526 -3.11576e-05 0.137323
    outer loop
      vertex 9.81265 4.50073 2.69863
      vertex 9.44156 2.17369 0.0213881
      vertex 9.83356 4.42941 2.84944
    endloop
  endfacet
  facet normal -0.990533 2.33663e-05 0.137277
    outer loop
      vertex 9.79282 4.5865 2.55553
      vertex 9.44156 2.17369 0.0213881
      vertex 9.81265 4.50073 2.69863
    endloop
  endfacet
  facet normal -0.990532 1.69203e-05 0.137283
    outer loop
      vertex 9.77425 4.68588 2.42153
      vertex 9.44156 2.17369 0.0213881
      vertex 9.79282 4.5865 2.55553
    endloop
  endfacet
  facet normal -0.990526 -2.49942e-05 0.137326
    outer loop
      vertex 9.75711 4.79792 2.29792
      vertex 9.44156 2.17369 0.0213881
      vertex 9.77425 4.68588 2.42153
    endloop
  endfacet
  facet normal -0.99053 -5.48106e-07 0.137298
    outer loop
      vertex 9.74158 4.92153 2.18588
      vertex 9.44156 2.17369 0.0213881
      vertex 9.75711 4.79792 2.29792
    endloop
  endfacet
  facet normal -0.990533 1.92332e-05 0.137273
    outer loop
      vertex 9.72781 5.05553 2.0865
      vertex 9.44156 2.17369 0.0213881
      vertex 9.74158 4.92153 2.18588
    endloop
  endfacet
  facet normal -0.990529 -4.59586e-06 0.137306
    outer loop
      vertex 9.71592 5.19863 2.00073
      vertex 9.44156 2.17369 0.0213881
      vertex 9.72781 5.05553 2.0865
    endloop
  endfacet
  facet normal -0.990526 -1.6057e-05 0.137323
    outer loop
      vertex 9.70603 5.34944 1.92941
      vertex 9.44156 2.17369 0.0213881
      vertex 9.71592 5.19863 2.00073
    endloop
  endfacet
  facet normal -0.990531 4.905e-06 0.137289
    outer loop
      vertex 9.69824 5.50652 1.8732
      vertex 9.44156 2.17369 0.0213881
      vertex 9.70603 5.34944 1.92941
    endloop
  endfacet
  facet normal -0.990528 -8.98231e-06 0.137313
    outer loop
      vertex 9.69262 5.66835 1.83267
      vertex 9.44156 2.17369 0.0213881
      vertex 9.69824 5.50652 1.8732
    endloop
  endfacet
  facet normal -0.990534 1.46943e-05 0.137269
    outer loop
      vertex 9.68923 5.83337 1.80819
      vertex 9.44156 2.17369 0.0213881
      vertex 9.69262 5.66835 1.83267
    endloop
  endfacet
  facet normal -0.990533 -1.35019e-05 0.137275
    outer loop
      vertex 9.9697 7.66733 3.83165
      vertex 9.44156 14 0.0213881
      vertex 9.94683 7.69181 3.66663
    endloop
  endfacet
  facet normal -0.990521 3.79882e-05 0.137359
    outer loop
      vertex 9.99214 7.6268 3.99348
      vertex 9.44156 14 0.0213881
      vertex 9.9697 7.66733 3.83165
    endloop
  endfacet
  facet normal -0.990544 -6.67128e-05 0.137194
    outer loop
      vertex 10.0139 7.57059 4.15056
      vertex 9.44156 14 0.0213881
      vertex 9.99214 7.6268 3.99348
    endloop
  endfacet
  facet normal -0.99053 1.21377e-06 0.137298
    outer loop
      vertex 9.44156 14 0.0213881
      vertex 10.0139 7.57059 4.15056
      vertex 11.3 14 13.429
    endloop
  endfacet
  facet normal -0.990532 2.26752e-05 0.137284
    outer loop
      vertex 10.0348 7.49927 4.30137
      vertex 11.3 14 13.429
      vertex 10.0139 7.57059 4.15056
    endloop
  endfacet
  facet normal -0.990548 0.000186788 0.137169
    outer loop
      vertex 10.0546 7.4135 4.44447
      vertex 11.3 14 13.429
      vertex 10.0348 7.49927 4.30137
    endloop
  endfacet
  facet normal -0.990516 -0.000127566 0.137395
    outer loop
      vertex 10.0732 7.31412 4.57847
      vertex 11.3 14 13.429
      vertex 10.0546 7.4135 4.44447
    endloop
  endfacet
  facet normal -0.990497 -0.00031837 0.137536
    outer loop
      vertex 10.0904 7.20208 4.70208
      vertex 11.3 14 13.429
      vertex 10.0732 7.31412 4.57847
    endloop
  endfacet
  facet normal -0.990545 0.000137961 0.137188
    outer loop
      vertex 10.1059 7.07847 4.81412
      vertex 11.3 14 13.429
      vertex 10.0904 7.20208 4.70208
    endloop
  endfacet
  facet normal -0.990517 -0.000115967 0.137388
    outer loop
      vertex 10.1197 6.94447 4.9135
      vertex 11.3 14 13.429
      vertex 10.1059 7.07847 4.81412
    endloop
  endfacet
  facet normal -0.990576 0.000408149 0.136962
    outer loop
      vertex 10.1315 6.80137 4.99927
      vertex 11.3 14 13.429
      vertex 10.1197 6.94447 4.9135
    endloop
  endfacet
  facet normal -0.990521 -6.48845e-05 0.137358
    outer loop
      vertex 10.1414 6.65056 5.07059
      vertex 11.3 14 13.429
      vertex 10.1315 6.80137 4.99927
    endloop
  endfacet
  facet normal -0.990524 -4.05678e-05 0.137337
    outer loop
      vertex 10.1492 6.49348 5.1268
      vertex 11.3 14 13.429
      vertex 10.1414 6.65056 5.07059
    endloop
  endfacet
  facet normal -0.99054 8.99322e-05 0.137221
    outer loop
      vertex 10.1548 6.33165 5.16733
      vertex 11.3 14 13.429
      vertex 10.1492 6.49348 5.1268
    endloop
  endfacet
  facet normal -0.990525 -3.52398e-05 0.137335
    outer loop
      vertex 10.1582 6.16663 5.19181
      vertex 11.3 14 13.429
      vertex 10.1548 6.33165 5.16733
    endloop
  endfacet
  facet normal -0.99057 -0.000399572 0.137009
    outer loop
      vertex 11.3 0 13.429
      vertex 10.1582 6.16663 5.19181
      vertex 10.1594 6 5.2
    endloop
  endfacet
  facet normal -0.990493 0.000371895 0.137561
    outer loop
      vertex 11.3 0 13.429
      vertex 10.1594 6 5.2
      vertex 10.1582 5.83337 5.19181
    endloop
  endfacet
  facet normal -0.990526 3.63885e-05 0.137328
    outer loop
      vertex 11.3 0 13.429
      vertex 10.1582 5.83337 5.19181
      vertex 10.1548 5.66835 5.16733
    endloop
  endfacet
  facet normal -0.990538 -9.45849e-05 0.13724
    outer loop
      vertex 11.3 0 13.429
      vertex 10.1548 5.66835 5.16733
      vertex 10.1492 5.50652 5.1268
    endloop
  endfacet
  facet normal -0.990517 2.17366e-05 0.137389
    outer loop
      vertex 10.4089 0.0213881 7
      vertex 10.1492 5.50652 5.1268
      vertex 10.1414 5.34944 5.07059
    endloop
  endfacet
  facet normal -0.990513 3.40406e-05 0.137422
    outer loop
      vertex 10.4089 0.0213881 7
      vertex 10.1414 5.34944 5.07059
      vertex 10.1315 5.19863 4.99927
    endloop
  endfacet
  facet normal -0.990612 -0.000249545 0.136702
    outer loop
      vertex 10.4089 0.0213881 7
      vertex 10.1315 5.19863 4.99927
      vertex 10.1197 5.05553 4.9135
    endloop
  endfacet
  facet normal -0.990508 6.73189e-05 0.137452
    outer loop
      vertex 10.4089 0.0213881 7
      vertex 10.1197 5.05553 4.9135
      vertex 10.1059 4.92153 4.81412
    endloop
  endfacet
  facet normal -0.990554 -8.09895e-05 0.137126
    outer loop
      vertex 10.4089 0.0213881 7
      vertex 10.1059 4.92153 4.81412
      vertex 10.0904 4.79792 4.70208
    endloop
  endfacet
  facet normal -0.99053 1.04785e-06 0.137296
    outer loop
      vertex 9.65251 0.190302 1.54329
      vertex 9.85533 4.3732 3.00652
      vertex 9.57417 0.516617 0.978097
    endloop
  endfacet
  facet normal -0.99053 2.37187e-07 0.137298
    outer loop
      vertex 9.73989 0.0213881 2.17369
      vertex 9.85533 4.3732 3.00652
      vertex 9.65251 0.190302 1.54329
    endloop
  endfacet
  facet normal -0.990531 1.71569e-06 0.13729
    outer loop
      vertex 9.85533 4.3732 3.00652
      vertex 9.73989 0.0213881 2.17369
      vertex 9.87776 4.33267 3.16835
    endloop
  endfacet
  facet normal -0.990525 -8.76829e-06 0.137335
    outer loop
      vertex 9.87776 4.33267 3.16835
      vertex 9.73989 0.0213881 2.17369
      vertex 9.90064 4.30819 3.33337
    endloop
  endfacet
  facet normal -0.990529 -9.90869e-07 0.137304
    outer loop
      vertex 10.4089 0.0213881 7
      vertex 9.99214 4.3732 3.99348
      vertex 9.73989 0.0213881 2.17369
    endloop
  endfacet
  facet normal -0.990535 1.19899e-05 0.13726
    outer loop
      vertex 9.90064 4.30819 3.33337
      vertex 9.73989 0.0213881 2.17369
      vertex 9.92373 4.3 3.5
    endloop
  endfacet
  facet normal -0.990538 -4.97089e-05 0.137235
    outer loop
      vertex 9.99214 4.3732 3.99348
      vertex 10.4089 0.0213881 7
      vertex 10.0139 4.42941 4.15056
    endloop
  endfacet
  facet normal -0.990522 -2.27328e-05 0.137355
    outer loop
      vertex 9.9697 4.33267 3.83165
      vertex 9.73989 0.0213881 2.17369
      vertex 9.99214 4.3732 3.99348
    endloop
  endfacet
  facet normal -0.990532 -1.90051e-05 0.137282
    outer loop
      vertex 10.0139 4.42941 4.15056
      vertex 10.4089 0.0213881 7
      vertex 10.0348 4.50073 4.30137
    endloop
  endfacet
  facet normal -0.990554 -0.000114485 0.137126
    outer loop
      vertex 10.0348 4.50073 4.30137
      vertex 10.4089 0.0213881 7
      vertex 10.0546 4.5865 4.44447
    endloop
  endfacet
  facet normal -0.990527 -6.35132e-06 0.137318
    outer loop
      vertex 9.92373 4.3 3.5
      vertex 9.73989 0.0213881 2.17369
      vertex 9.94683 4.30819 3.66663
    endloop
  endfacet
  facet normal -0.99051 6.4827e-05 0.137441
    outer loop
      vertex 10.0546 4.5865 4.44447
      vertex 10.4089 0.0213881 7
      vertex 10.0732 4.68588 4.57847
    endloop
  endfacet
  facet normal -0.990533 8.41758e-06 0.137276
    outer loop
      vertex 9.94683 4.30819 3.66663
      vertex 9.73989 0.0213881 2.17369
      vertex 9.9697 4.33267 3.83165
    endloop
  endfacet
  facet normal -0.99048 0.000180412 0.137659
    outer loop
      vertex 10.0732 4.68588 4.57847
      vertex 10.4089 0.0213881 7
      vertex 10.0904 4.79792 4.70208
    endloop
  endfacet
  facet normal -0.99053 -1.13266e-05 0.137294
    outer loop
      vertex 10.1492 5.50652 5.1268
      vertex 10.4089 0.0213881 7
      vertex 11.3 0 13.429
    endloop
  endfacet
  facet normal -0.99053 0 0.137294
    outer loop
      vertex 11.3 0 13.429
      vertex 10.4089 0.0213881 7
      vertex 10.4089 0 7
    endloop
  endfacet
  facet normal -0.990529 0 0.137302
    outer loop
      vertex 10.1582 6.16663 5.19181
      vertex 11.3 0 13.429
      vertex 11.3 14 13.429
    endloop
  endfacet
  facet normal 0 0 -1
    outer loop
      vertex -11.3 0 13.429
      vertex 11.3 14 13.429
      vertex 11.3 0 13.429
    endloop
  endfacet
  facet normal -0 0 -1
    outer loop
      vertex 11.3 14 13.429
      vertex -11.3 0 13.429
      vertex -11.3 14 13.429
    endloop
  endfacet
  facet normal 0.99053 -2.04953e-06 0.137298
    outer loop
      vertex -10.4089 0.0213881 7
      vertex -9.44156 14 0.0213881
      vertex -11.3 14 13.429
    endloop
  endfacet
  facet normal 0.990529 0 0.137302
    outer loop
      vertex -9.44156 14 0.0213881
      vertex -10.4089 0.0213881 7
      vertex -9.44156 2.17369 0.0213881
    endloop
  endfacet
  facet normal 0.990529 7.47896e-06 0.137304
    outer loop
      vertex -9.73989 0.0213881 2.17369
      vertex -9.44156 2.17369 0.0213881
      vertex -10.4089 0.0213881 7
    endloop
  endfacet
  facet normal 0.990532 -1.4786e-05 0.137283
    outer loop
      vertex -9.44156 2.17369 0.0213881
      vertex -9.73989 0.0213881 2.17369
      vertex -9.46498 1.54329 0.190302
    endloop
  endfacet
  facet normal 0.990531 -2.19338e-06 0.137292
    outer loop
      vertex -9.46498 1.54329 0.190302
      vertex -9.73989 0.0213881 2.17369
      vertex -9.51021 0.978097 0.516617
    endloop
  endfacet
  facet normal 0.990529 1.94221e-05 0.137304
    outer loop
      vertex -9.51021 0.978097 0.516617
      vertex -9.73989 0.0213881 2.17369
      vertex -9.57417 0.516617 0.978097
    endloop
  endfacet
  facet normal 0.99053 -0 0.137294
    outer loop
      vertex -11.3 0 13.429
      vertex -10.4089 0.0213881 7
      vertex -11.3 14 13.429
    endloop
  endfacet
  facet normal 0.99053 0 0.137294
    outer loop
      vertex -10.4089 0.0213881 7
      vertex -11.3 0 13.429
      vertex -10.4089 0 7
    endloop
  endfacet
  facet normal 0.990529 9.23985e-06 0.1373
    outer loop
      vertex -9.57417 0.516617 0.978097
      vertex -9.73989 0.0213881 2.17369
      vertex -9.65251 0.190302 1.54329
    endloop
  endfacet
  facet normal 0 1 0
    outer loop
      vertex 31.8661 14 2
      vertex 35.9786 14 7
      vertex 35.9786 14 2.17369
    endloop
  endfacet
  facet normal 0 1 0
    outer loop
      vertex 0.706665 14 16.6911
      vertex -0.706665 14 16.6911
      vertex 0 14 16.7
    endloop
  endfacet
  facet normal 0 1 0
    outer loop
      vertex 11.3 14 13.429
      vertex 0.706665 14 16.6911
      vertex 1.41333 14 16.6644
    endloop
  endfacet
  facet normal 0 1 0
    outer loop
      vertex 0.706665 14 16.6911
      vertex 11.3 14 13.429
      vertex -0.706665 14 16.6911
    endloop
  endfacet
  facet normal 0 1 0
    outer loop
      vertex 11.3 14 13.429
      vertex 1.41333 14 16.6644
      vertex 2.12 14 16.6199
    endloop
  endfacet
  facet normal 0 1 0
    outer loop
      vertex -11.3 14 13.429
      vertex -0.706665 14 16.6911
      vertex 11.3 14 13.429
    endloop
  endfacet
  facet normal 0 1 0
    outer loop
      vertex 11.3 14 13.429
      vertex 2.12 14 16.6199
      vertex 2.82666 14 16.5575
    endloop
  endfacet
  facet normal 0 1 0
    outer loop
      vertex -0.706665 14 16.6911
      vertex -11.3 14 13.429
      vertex -1.41333 14 16.6644
    endloop
  endfacet
  facet normal 0 1 0
    outer loop
      vertex 11.3 14 13.429
      vertex 2.82666 14 16.5575
      vertex 3.53333 14 16.4771
    endloop
  endfacet
  facet normal 0 1 0
    outer loop
      vertex -1.41333 14 16.6644
      vertex -11.3 14 13.429
      vertex -2.12 14 16.6199
    endloop
  endfacet
  facet normal 0 1 0
    outer loop
      vertex 11.3 14 13.429
      vertex 3.53333 14 16.4771
      vertex 4.23999 14 16.3784
    endloop
  endfacet
  facet normal 0 1 0
    outer loop
      vertex -2.12 14 16.6199
      vertex -11.3 14 13.429
      vertex -2.82666 14 16.5575
    endloop
  endfacet
  facet normal 0 1 0
    outer loop
      vertex 11.3 14 13.429
      vertex 4.23999 14 16.3784
      vertex 4.94666 14 16.2614
    endloop
  endfacet
  facet normal 0 1 0
    outer loop
      vertex -2.82666 14 16.5575
      vertex -11.3 14 13.429
      vertex -3.53333 14 16.4771
    endloop
  endfacet
  facet normal 0 1 0
    outer loop
      vertex 11.3 14 13.429
      vertex 4.94666 14 16.2614
      vertex 5.65332 14 16.1257
    endloop
  endfacet
  facet normal 0 1 0
    outer loop
      vertex -3.53333 14 16.4771
      vertex -11.3 14 13.429
      vertex -4.23999 14 16.3784
    endloop
  endfacet
  facet normal 0 1 0
    outer loop
      vertex 11.3 14 13.429
      vertex 5.65332 14 16.1257
      vertex 6.35999 14 15.9711
    endloop
  endfacet
  facet normal 0 1 0
    outer loop
      vertex -4.23999 14 16.3784
      vertex -11.3 14 13.429
      vertex -4.94666 14 16.2614
    endloop
  endfacet
  facet normal 0 1 0
    outer loop
      vertex 11.3 14 13.429
      vertex 6.35999 14 15.9711
      vertex 7.06667 14 15.7973
    endloop
  endfacet
  facet normal 0 1 0
    outer loop
      vertex -4.94666 14 16.2614
      vertex -11.3 14 13.429
      vertex -5.65332 14 16.1257
    endloop
  endfacet
  facet normal 0 1 0
    outer loop
      vertex 11.3 14 13.429
      vertex 7.06667 14 15.7973
      vertex 7.77333 14 15.6039
    endloop
  endfacet
  facet normal 0 1 0
    outer loop
      vertex -5.65332 14 16.1257
      vertex -11.3 14 13.429
      vertex -6.35999 14 15.9711
    endloop
  endfacet
  facet normal 0 1 0
    outer loop
      vertex 11.3 14 13.429
      vertex 7.77333 14 15.6039
      vertex 8.48 14 15.3905
    endloop
  endfacet
  facet normal 0 1 0
    outer loop
      vertex -6.35999 14 15.9711
      vertex -11.3 14 13.429
      vertex -7.06667 14 15.7973
    endloop
  endfacet
  facet normal 0 1 0
    outer loop
      vertex 11.3 14 13.429
      vertex 8.48 14 15.3905
      vertex 9.18666 14 15.1566
    endloop
  endfacet
  facet normal 0 1 0
    outer loop
      vertex -7.06667 14 15.7973
      vertex -11.3 14 13.429
      vertex -7.77333 14 15.6039
    endloop
  endfacet
  facet normal 0 1 0
    outer loop
      vertex 11.3 14 13.429
      vertex 9.18666 14 15.1566
      vertex 9.89333 14 14.9016
    endloop
  endfacet
  facet normal 0 1 0
    outer loop
      vertex -7.77333 14 15.6039
      vertex -11.3 14 13.429
      vertex -8.48 14 15.3905
    endloop
  endfacet
  facet normal 0 1 0
    outer loop
      vertex 11.3 14 13.429
      vertex 9.89333 14 14.9016
      vertex 10.6 14 14.625
    endloop
  endfacet
  facet normal 0 1 0
    outer loop
      vertex -8.48 14 15.3905
      vertex -11.3 14 13.429
      vertex -9.18666 14 15.1566
    endloop
  endfacet
  facet normal 0 1 -0
    outer loop
      vertex 11.3 14 13.429
      vertex 10.6 14 14.625
      vertex 11.3067 14 14.326
    endloop
  endfacet
  facet normal 0 1 0
    outer loop
      vertex -9.18666 14 15.1566
      vertex -11.3 14 13.429
      vertex -9.89333 14 14.9016
    endloop
  endfacet
  facet normal 0 1 0
    outer loop
      vertex 11.3 14 13.429
      vertex 11.3067 14 14.326
      vertex 12.0133 14 14.0039
    endloop
  endfacet
  facet normal 0 1 0
    outer loop
      vertex -9.89333 14 14.9016
      vertex -11.3 14 13.429
      vertex -10.6 14 14.625
    endloop
  endfacet
  facet normal 0 1 0
    outer loop
      vertex 11.3 14 13.429
      vertex 12.0133 14 14.0039
      vertex 12.72 14 13.6577
    endloop
  endfacet
  facet normal 0 1 0
    outer loop
      vertex -10.6 14 14.625
      vertex -11.3 14 13.429
      vertex -11.3067 14 14.326
    endloop
  endfacet
  facet normal 0 1 0
    outer loop
      vertex -11.3067 14 14.326
      vertex -11.3 14 13.429
      vertex -12.0133 14 14.0039
    endloop
  endfacet
  facet normal 0 1 0
    outer loop
      vertex 13.4267 14 13.2864
      vertex 11.3 14 13.429
      vertex 12.72 14 13.6577
    endloop
  endfacet
  facet normal 0 1 0
    outer loop
      vertex 14.1333 14 12.889
      vertex 11.3 14 13.429
      vertex 13.4267 14 13.2864
    endloop
  endfacet
  facet normal 0 1 0
    outer loop
      vertex 14.84 14 12.464
      vertex 11.3 14 13.429
      vertex 14.1333 14 12.889
    endloop
  endfacet
  facet normal 0 1 0
    outer loop
      vertex 9.44156 14 0.0213881
      vertex 14.84 14 12.464
      vertex 15.5467 14 12.01
    endloop
  endfacet
  facet normal 0 1 0
    outer loop
      vertex 9.44156 14 0.0213881
      vertex 15.5467 14 12.01
      vertex 16.2533 14 11.5253
    endloop
  endfacet
  facet normal 0 1 0
    outer loop
      vertex 9.44156 14 0.0213881
      vertex 16.2533 14 11.5253
      vertex 16.96 14 11.0078
    endloop
  endfacet
  facet normal 0 1 0
    outer loop
      vertex 9.44156 14 0.0213881
      vertex 16.96 14 11.0078
      vertex 17.6667 14 10.4553
    endloop
  endfacet
  facet normal 0 1 0
    outer loop
      vertex 9.44156 14 0.0213881
      vertex 17.6667 14 10.4553
      vertex 18.3733 14 9.86502
    endloop
  endfacet
  facet normal 0 1 0
    outer loop
      vertex 9.44156 14 0.0213881
      vertex 18.3733 14 9.86502
      vertex 19.08 14 9.2337
    endloop
  endfacet
  facet normal 0 1 0
    outer loop
      vertex 9.44156 14 0.0213881
      vertex 19.08 14 9.2337
      vertex 19.7867 14 8.55748
    endloop
  endfacet
  facet normal 0 1 0
    outer loop
      vertex 9.44156 14 0.0213881
      vertex 19.7867 14 8.55748
      vertex 20.4933 14 7.8316
    endloop
  endfacet
  facet normal 0 1 -0
    outer loop
      vertex 21.2 14 7
      vertex 20.4933 14 7.8316
      vertex 21.2 14 7.05023
    endloop
  endfacet
  facet normal 0 1 0
    outer loop
      vertex 9.44156 14 0.0213881
      vertex 20.4933 14 7.8316
      vertex 21.2 14 7
    endloop
  endfacet
  facet normal 0 1 0
    outer loop
      vertex 27.1339 14 2
      vertex 35.9786 14 7
      vertex 31.8661 14 2
    endloop
  endfacet
  facet normal 0 1 0
    outer loop
      vertex 35.9786 14 7
      vertex 27.1339 14 2
      vertex 21.2 14 7
    endloop
  endfacet
  facet normal 0 1 -0
    outer loop
      vertex 27.1339 14 0.0213881
      vertex 21.2 14 7
      vertex 27.1339 14 2
    endloop
  endfacet
  facet normal 0 1 0
    outer loop
      vertex 21.2 14 7
      vertex 27.1339 14 0.0213881
      vertex 9.44156 14 0.0213881
    endloop
  endfacet
  facet normal 0 1 0
    outer loop
      vertex 14.84 14 12.464
      vertex 9.44156 14 0.0213881
      vertex 11.3 14 13.429
    endloop
  endfacet
  facet normal 0 1 0
    outer loop
      vertex -12.0133 14 14.0039
      vertex -11.3 14 13.429
      vertex -12.72 14 13.6577
    endloop
  endfacet
  facet normal 0 1 0
    outer loop
      vertex -11.3 14 13.429
      vertex -13.4267 14 13.2864
      vertex -12.72 14 13.6577
    endloop
  endfacet
  facet normal 0 1 0
    outer loop
      vertex -11.3 14 13.429
      vertex -14.1333 14 12.889
      vertex -13.4267 14 13.2864
    endloop
  endfacet
  facet normal 0 1 0
    outer loop
      vertex -11.3 14 13.429
      vertex -14.84 14 12.464
      vertex -14.1333 14 12.889
    endloop
  endfacet
  facet normal 0 1 0
    outer loop
      vertex -9.44156 14 0.0213881
      vertex -14.84 14 12.464
      vertex -11.3 14 13.429
    endloop
  endfacet
  facet normal 0 1 0
    outer loop
      vertex -14.84 14 12.464
      vertex -9.44156 14 0.0213881
      vertex -15.5467 14 12.01
    endloop
  endfacet
  facet normal 0 1 0
    outer loop
      vertex -15.5467 14 12.01
      vertex -9.44156 14 0.0213881
      vertex -16.2533 14 11.5253
    endloop
  endfacet
  facet normal 0 1 0
    outer loop
      vertex -16.2533 14 11.5253
      vertex -9.44156 14 0.0213881
      vertex -16.96 14 11.0078
    endloop
  endfacet
  facet normal 0 1 0
    outer loop
      vertex -16.96 14 11.0078
      vertex -9.44156 14 0.0213881
      vertex -17.6667 14 10.4553
    endloop
  endfacet
  facet normal 0 1 0
    outer loop
      vertex -17.6667 14 10.4553
      vertex -9.44156 14 0.0213881
      vertex -18.3733 14 9.86502
    endloop
  endfacet
  facet normal 0 1 0
    outer loop
      vertex -18.3733 14 9.86502
      vertex -9.44156 14 0.0213881
      vertex -19.08 14 9.2337
    endloop
  endfacet
  facet normal 0 1 0
    outer loop
      vertex -19.08 14 9.2337
      vertex -9.44156 14 0.0213881
      vertex -19.7867 14 8.55748
    endloop
  endfacet
  facet normal 0 1 0
    outer loop
      vertex -19.7867 14 8.55748
      vertex -9.44156 14 0.0213881
      vertex -20.4933 14 7.8316
    endloop
  endfacet
  facet normal 0 1 0
    outer loop
      vertex -20.4933 14 7.8316
      vertex -21.2 14 7
      vertex -21.2 14 7.05023
    endloop
  endfacet
  facet normal 0 1 -0
    outer loop
      vertex -27.1339 14 2
      vertex -35.9786 14 7
      vertex -21.2 14 7
    endloop
  endfacet
  facet normal 0 1 0
    outer loop
      vertex -35.9786 14 7
      vertex -27.1339 14 2
      vertex -31.8661 14 2
    endloop
  endfacet
  facet normal 0 1 0
    outer loop
      vertex -20.4933 14 7.8316
      vertex -9.44156 14 0.0213881
      vertex -21.2 14 7
    endloop
  endfacet
  facet normal 0 1 0
    outer loop
      vertex -27.1339 14 0.0213881
      vertex -21.2 14 7
      vertex -9.44156 14 0.0213881
    endloop
  endfacet
  facet normal 0 1 0
    outer loop
      vertex -21.2 14 7
      vertex -27.1339 14 0.0213881
      vertex -27.1339 14 2
    endloop
  endfacet
  facet normal 0 1 -0
    outer loop
      vertex 35.8097 14 1.54329
      vertex 31.8661 14 2
      vertex 35.9786 14 2.17369
    endloop
  endfacet
  facet normal 0 1 -0
    outer loop
      vertex 35.4834 14 0.978097
      vertex 31.8661 14 2
      vertex 35.8097 14 1.54329
    endloop
  endfacet
  facet normal 0 1 -0
    outer loop
      vertex 35.0219 14 0.516617
      vertex 31.8661 14 2
      vertex 35.4834 14 0.978097
    endloop
  endfacet
  facet normal 0 1 -0
    outer loop
      vertex 34.4567 14 0.190302
      vertex 31.8661 14 2
      vertex 35.0219 14 0.516617
    endloop
  endfacet
  facet normal 0 1 -0
    outer loop
      vertex 33.8263 14 0.0213881
      vertex 31.8661 14 2
      vertex 34.4567 14 0.190302
    endloop
  endfacet
  facet normal 0 1 0
    outer loop
      vertex 31.8661 14 2
      vertex 33.8263 14 0.0213881
      vertex 31.8661 14 0.0213881
    endloop
  endfacet
  facet normal 0 1 0
    outer loop
      vertex -35.9786 14 7
      vertex -31.8661 14 2
      vertex -35.9786 14 2.17369
    endloop
  endfacet
  facet normal 0 1 0
    outer loop
      vertex -31.8661 14 2
      vertex -35.8097 14 1.54329
      vertex -35.9786 14 2.17369
    endloop
  endfacet
  facet normal 0 1 0
    outer loop
      vertex -31.8661 14 2
      vertex -35.4834 14 0.978097
      vertex -35.8097 14 1.54329
    endloop
  endfacet
  facet normal 0 1 0
    outer loop
      vertex -31.8661 14 2
      vertex -35.0219 14 0.516617
      vertex -35.4834 14 0.978097
    endloop
  endfacet
  facet normal 0 1 0
    outer loop
      vertex -31.8661 14 2
      vertex -34.4567 14 0.190302
      vertex -35.0219 14 0.516617
    endloop
  endfacet
  facet normal 0 1 0
    outer loop
      vertex -33.8263 14 0.0213881
      vertex -31.8661 14 2
      vertex -31.8661 14 0.0213881
    endloop
  endfacet
  facet normal 0 1 0
    outer loop
      vertex -31.8661 14 2
      vertex -33.8263 14 0.0213881
      vertex -34.4567 14 0.190302
    endloop
  endfacet
  facet normal -0 0 1
    outer loop
      vertex 61 14 13.129
      vertex 79 0 13.129
      vertex 79 14 13.129
    endloop
  endfacet
  facet normal 0 0 1
    outer loop
      vertex 79 0 13.129
      vertex 61 14 13.129
      vertex 61 0 13.129
    endloop
  endfacet
  facet normal -0.988595 3.07978e-06 0.150597
    outer loop
      vertex 60.3677 7.57059 8.9784
      vertex 61 14 13.129
      vertex 59 14 5.90146e-06
    endloop
  endfacet
  facet normal -0.98858 -5.21832e-05 0.150695
    outer loop
      vertex 61 14 13.129
      vertex 60.4414 7.69181 9.46233
      vertex 60.4668 7.7 9.62896
    endloop
  endfacet
  facet normal -0.988634 0.000158323 0.150341
    outer loop
      vertex 61 14 13.129
      vertex 60.4163 7.66733 9.2973
      vertex 60.4414 7.69181 9.46233
    endloop
  endfacet
  facet normal -0.988651 0.000227801 0.150229
    outer loop
      vertex 61 14 13.129
      vertex 60.3917 7.6268 9.13547
      vertex 60.4163 7.66733 9.2973
    endloop
  endfacet
  facet normal -0.988506 -0.000380655 0.151178
    outer loop
      vertex 61 14 13.129
      vertex 60.3677 7.57059 8.9784
      vertex 60.3917 7.6268 9.13547
    endloop
  endfacet
  facet normal -0.988581 0.000139106 0.150692
    outer loop
      vertex 59 14 5.90146e-06
      vertex 60.3447 7.49927 8.82758
      vertex 60.3677 7.57059 8.9784
    endloop
  endfacet
  facet normal -0.988651 -0.000500829 0.150232
    outer loop
      vertex 59 14 5.90146e-06
      vertex 60.323 7.4135 8.68449
      vertex 60.3447 7.49927 8.82758
    endloop
  endfacet
  facet normal -0.988546 0.000424674 0.150918
    outer loop
      vertex 59 14 5.90146e-06
      vertex 60.3025 7.31412 8.55049
      vertex 60.323 7.4135 8.68449
    endloop
  endfacet
  facet normal -0.988612 -0.000140125 0.150486
    outer loop
      vertex 59 14 5.90146e-06
      vertex 60.2837 7.20208 8.42688
      vertex 60.3025 7.31412 8.55049
    endloop
  endfacet
  facet normal -0.988577 0.000150099 0.150715
    outer loop
      vertex 59 14 5.90146e-06
      vertex 60.2666 7.07847 8.31484
      vertex 60.2837 7.20208 8.42688
    endloop
  endfacet
  facet normal -0.988618 -0.000175946 0.15045
    outer loop
      vertex 59 14 5.90146e-06
      vertex 60.2515 6.94447 8.21546
      vertex 60.2666 7.07847 8.31484
    endloop
  endfacet
  facet normal -0.988575 0.000156156 0.150729
    outer loop
      vertex 59 14 5.90146e-06
      vertex 60.2384 6.80137 8.12969
      vertex 60.2515 6.94447 8.21546
    endloop
  endfacet
  facet normal -0.988636 -0.000303768 0.150331
    outer loop
      vertex 59 14 5.90146e-06
      vertex 60.2276 6.65056 8.05836
      vertex 60.2384 6.80137 8.12969
    endloop
  endfacet
  facet normal -0.98857 0.000182967 0.150764
    outer loop
      vertex 59 14 5.90146e-06
      vertex 60.219 6.49348 8.00216
      vertex 60.2276 6.65056 8.05836
    endloop
  endfacet
  facet normal -0.988578 0.000120594 0.150707
    outer loop
      vertex 59 14 5.90146e-06
      vertex 60.2128 6.33165 7.96162
      vertex 60.219 6.49348 8.00216
    endloop
  endfacet
  facet normal -0.988618 -0.000152335 0.15045
    outer loop
      vertex 59 14 5.90146e-06
      vertex 60.2091 6.16663 7.93714
      vertex 60.2128 6.33165 7.96162
    endloop
  endfacet
  facet normal -0.988595 0 0.150597
    outer loop
      vertex 59 0 5.90146e-06
      vertex 60.2091 6.16663 7.93714
      vertex 59 14 5.90146e-06
    endloop
  endfacet
  facet normal -0.988562 -0.000284322 0.150813
    outer loop
      vertex 60.2091 6.16663 7.93714
      vertex 59 0 5.90146e-06
      vertex 60.2079 6 7.92896
    endloop
  endfacet
  facet normal -0.988624 0.000263971 0.150408
    outer loop
      vertex 60.2079 6 7.92896
      vertex 59 0 5.90146e-06
      vertex 60.2091 5.83337 7.93714
    endloop
  endfacet
  facet normal -0.988612 0.000157469 0.150484
    outer loop
      vertex 60.2091 5.83337 7.93714
      vertex 59 0 5.90146e-06
      vertex 60.2128 5.66835 7.96162
    endloop
  endfacet
  facet normal -0.988582 -0.000127035 0.150682
    outer loop
      vertex 60.2128 5.66835 7.96162
      vertex 59 0 5.90146e-06
      vertex 60.219 5.50652 8.00216
    endloop
  endfacet
  facet normal -0.988575 -0.000196097 0.150729
    outer loop
      vertex 60.219 5.50652 8.00216
      vertex 59 0 5.90146e-06
      vertex 60.2276 5.34944 8.05836
    endloop
  endfacet
  facet normal -0.988627 0.000330887 0.150387
    outer loop
      vertex 60.2276 5.34944 8.05836
      vertex 59 0 5.90146e-06
      vertex 60.2384 5.19862 8.12969
    endloop
  endfacet
  facet normal -0.988579 -0.000172811 0.150701
    outer loop
      vertex 60.2384 5.19862 8.12969
      vertex 59 0 5.90146e-06
      vertex 60.2515 5.05553 8.21546
    endloop
  endfacet
  facet normal -0.988613 0.000197757 0.150479
    outer loop
      vertex 60.2515 5.05553 8.21546
      vertex 59 0 5.90146e-06
      vertex 60.2666 4.92153 8.31484
    endloop
  endfacet
  facet normal -0.988636 -0.000242427 0.150329
    outer loop
      vertex 60.4163 4.33266 9.2973
      vertex 61 0 13.129
      vertex 60.4414 4.30819 9.46233
    endloop
  endfacet
  facet normal -0.988656 -0.000362902 0.150196
    outer loop
      vertex 60.3917 4.3732 9.13547
      vertex 61 0 13.129
      vertex 60.4163 4.33266 9.2973
    endloop
  endfacet
  facet normal -0.988493 0.000639183 0.151268
    outer loop
      vertex 60.3677 4.4294 8.9784
      vertex 61 0 13.129
      vertex 60.3917 4.3732 9.13547
    endloop
  endfacet
  facet normal -0.988595 -4.47039e-06 0.150597
    outer loop
      vertex 61 0 13.129
      vertex 60.3677 4.4294 8.9784
      vertex 59 0 5.90146e-06
    endloop
  endfacet
  facet normal -0.988583 -0.000171164 0.150678
    outer loop
      vertex 60.3447 4.50073 8.82758
      vertex 59 0 5.90146e-06
      vertex 60.3677 4.4294 8.9784
    endloop
  endfacet
  facet normal -0.988642 0.000603116 0.150292
    outer loop
      vertex 60.323 4.5865 8.68449
      vertex 59 0 5.90146e-06
      vertex 60.3447 4.50073 8.82758
    endloop
  endfacet
  facet normal -0.988555 -0.000501701 0.150862
    outer loop
      vertex 60.3025 4.68588 8.55049
      vertex 59 0 5.90146e-06
      vertex 60.323 4.5865 8.68449
    endloop
  endfacet
  facet normal -0.988609 0.000162659 0.150506
    outer loop
      vertex 60.2837 4.79792 8.42688
      vertex 59 0 5.90146e-06
      vertex 60.3025 4.68588 8.55049
    endloop
  endfacet
  facet normal -0.988581 -0.000171398 0.150692
    outer loop
      vertex 60.2666 4.92153 8.31484
      vertex 59 0 5.90146e-06
      vertex 60.2837 4.79792 8.42688
    endloop
  endfacet
  facet normal -0.988581 -4.94091e-05 0.15069
    outer loop
      vertex 60.4922 7.69181 9.79559
      vertex 61 14 13.129
      vertex 60.4668 7.7 9.62896
    endloop
  endfacet
  facet normal -0.988627 0.000113224 0.15039
    outer loop
      vertex 60.5173 7.66733 9.96061
      vertex 61 14 13.129
      vertex 60.4922 7.69181 9.79559
    endloop
  endfacet
  facet normal -0.988551 -0.000139926 0.150884
    outer loop
      vertex 60.542 7.6268 10.1224
      vertex 61 14 13.129
      vertex 60.5173 7.66733 9.96061
    endloop
  endfacet
  facet normal -0.988621 7.94627e-05 0.15043
    outer loop
      vertex 60.5659 7.57059 10.2795
      vertex 61 14 13.129
      vertex 60.542 7.6268 10.1224
    endloop
  endfacet
  facet normal -0.988572 -6.42481e-05 0.150747
    outer loop
      vertex 60.5889 7.49927 10.4303
      vertex 61 14 13.129
      vertex 60.5659 7.57059 10.2795
    endloop
  endfacet
  facet normal -0.988595 -2.76566e-06 0.150602
    outer loop
      vertex 60.6107 7.4135 10.5734
      vertex 61 14 13.129
      vertex 60.5889 7.49927 10.4303
    endloop
  endfacet
  facet normal -0.988606 2.77994e-05 0.150525
    outer loop
      vertex 60.6311 7.31412 10.7074
      vertex 61 14 13.129
      vertex 60.6107 7.4135 10.5734
    endloop
  endfacet
  facet normal -0.988621 6.30085e-05 0.15043
    outer loop
      vertex 60.6499 7.20208 10.831
      vertex 61 14 13.129
      vertex 60.6311 7.31412 10.7074
    endloop
  endfacet
  facet normal -0.988572 -4.68628e-05 0.150747
    outer loop
      vertex 60.667 7.07847 10.9431
      vertex 61 14 13.129
      vertex 60.6499 7.20208 10.831
    endloop
  endfacet
  facet normal -0.988535 -0.000126455 0.150994
    outer loop
      vertex 60.6822 6.94447 11.0425
      vertex 61 14 13.129
      vertex 60.667 7.07847 10.9431
    endloop
  endfacet
  facet normal -0.98866 0.000121454 0.150174
    outer loop
      vertex 60.6952 6.80137 11.1282
      vertex 61 14 13.129
      vertex 60.6822 6.94447 11.0425
    endloop
  endfacet
  facet normal -0.988565 -5.57468e-05 0.150798
    outer loop
      vertex 60.7061 6.65056 11.1996
      vertex 61 14 13.129
      vertex 60.6952 6.80137 11.1282
    endloop
  endfacet
  facet normal -0.988688 0.000161921 0.149987
    outer loop
      vertex 60.7146 6.49348 11.2558
      vertex 61 14 13.129
      vertex 60.7061 6.65056 11.1996
    endloop
  endfacet
  facet normal -0.988538 -8.97762e-05 0.150973
    outer loop
      vertex 60.7208 6.33165 11.2963
      vertex 61 14 13.129
      vertex 60.7146 6.49348 11.2558
    endloop
  endfacet
  facet normal -0.988668 0.000119796 0.150116
    outer loop
      vertex 60.7245 6.16663 11.3208
      vertex 61 14 13.129
      vertex 60.7208 6.33165 11.2963
    endloop
  endfacet
  facet normal -0.988774 -0.000361068 0.14942
    outer loop
      vertex 61 0 13.129
      vertex 60.7245 6.16663 11.3208
      vertex 60.7258 6 11.329
    endloop
  endfacet
  facet normal -0.988466 0.000259224 0.15144
    outer loop
      vertex 61 0 13.129
      vertex 60.7258 6 11.329
      vertex 60.7245 5.83337 11.3208
    endloop
  endfacet
  facet normal -0.988655 -0.000133096 0.150204
    outer loop
      vertex 61 0 13.129
      vertex 60.7245 5.83337 11.3208
      vertex 60.7208 5.66835 11.2963
    endloop
  endfacet
  facet normal -0.98858 7.7466e-05 0.150697
    outer loop
      vertex 60.4414 4.30819 9.46233
      vertex 61 0 13.129
      vertex 60.4668 4.3 9.62896
    endloop
  endfacet
  facet normal -0.988581 7.15061e-05 0.150689
    outer loop
      vertex 60.4668 4.3 9.62896
      vertex 61 0 13.129
      vertex 60.4922 4.30819 9.79559
    endloop
  endfacet
  facet normal -0.988626 -0.000160381 0.150397
    outer loop
      vertex 60.4922 4.30819 9.79559
      vertex 61 0 13.129
      vertex 60.5173 4.33266 9.96061
    endloop
  endfacet
  facet normal -0.988553 0.00019451 0.150871
    outer loop
      vertex 60.5173 4.33266 9.96061
      vertex 61 0 13.129
      vertex 60.542 4.3732 10.1224
    endloop
  endfacet
  facet normal -0.988591 0 0.150623
    outer loop
      vertex 60.7245 6.16663 11.3208
      vertex 61 0 13.129
      vertex 61 14 13.129
    endloop
  endfacet
  facet normal -0.988546 0.000103598 0.150919
    outer loop
      vertex 60.7146 5.50652 11.2558
      vertex 61 0 13.129
      vertex 60.7208 5.66835 11.2963
    endloop
  endfacet
  facet normal -0.988675 -0.000192066 0.15007
    outer loop
      vertex 60.7061 5.34944 11.1996
      vertex 61 0 13.129
      vertex 60.7146 5.50652 11.2558
    endloop
  endfacet
  facet normal -0.988568 6.75751e-05 0.150773
    outer loop
      vertex 60.6952 5.19862 11.1282
      vertex 61 0 13.129
      vertex 60.7061 5.34944 11.1996
    endloop
  endfacet
  facet normal -0.988652 -0.000149902 0.150221
    outer loop
      vertex 60.6822 5.05553 11.0425
      vertex 61 0 13.129
      vertex 60.6952 5.19862 11.1282
    endloop
  endfacet
  facet normal -0.988541 0.000158599 0.150951
    outer loop
      vertex 60.667 4.92153 10.9431
      vertex 61 0 13.129
      vertex 60.6822 5.05553 11.0425
    endloop
  endfacet
  facet normal -0.988574 5.96462e-05 0.150734
    outer loop
      vertex 60.6499 4.79792 10.831
      vertex 61 0 13.129
      vertex 60.667 4.92153 10.9431
    endloop
  endfacet
  facet normal -0.988618 -8.13221e-05 0.150446
    outer loop
      vertex 60.6311 4.68588 10.7074
      vertex 61 0 13.129
      vertex 60.6499 4.79792 10.831
    endloop
  endfacet
  facet normal -0.988605 -3.6377e-05 0.150531
    outer loop
      vertex 60.6107 4.5865 10.5734
      vertex 61 0 13.129
      vertex 60.6311 4.68588 10.7074
    endloop
  endfacet
  facet normal -0.988595 3.66973e-06 0.150601
    outer loop
      vertex 60.5889 4.50073 10.4303
      vertex 61 0 13.129
      vertex 60.6107 4.5865 10.5734
    endloop
  endfacet
  facet normal -0.988574 8.6488e-05 0.150736
    outer loop
      vertex 60.5659 4.4294 10.2795
      vertex 61 0 13.129
      vertex 60.5889 4.50073 10.4303
    endloop
  endfacet
  facet normal -0.988619 -0.000108633 0.15044
    outer loop
      vertex 60.542 4.3732 10.1224
      vertex 61 0 13.129
      vertex 60.5659 4.4294 10.2795
    endloop
  endfacet
  facet normal 0 0 -1
    outer loop
      vertex 75.35 8.9 5.90146e-06
      vertex 81 0 5.90146e-06
      vertex 75.35 3.1 5.90146e-06
    endloop
  endfacet
  facet normal 0 0 -1
    outer loop
      vertex 81 0 5.90146e-06
      vertex 72.65 3.1 5.90146e-06
      vertex 75.35 3.1 5.90146e-06
    endloop
  endfacet
  facet normal -0 0 -1
    outer loop
      vertex 72.65 3.1 5.90146e-06
      vertex 59 0 5.90146e-06
      vertex 72.65 8.9 5.90146e-06
    endloop
  endfacet
  facet normal 0 0 -1
    outer loop
      vertex 59 0 5.90146e-06
      vertex 72.65 3.1 5.90146e-06
      vertex 81 0 5.90146e-06
    endloop
  endfacet
  facet normal 0 0 -1
    outer loop
      vertex 81 0 5.90146e-06
      vertex 75.35 8.9 5.90146e-06
      vertex 81 14 5.90146e-06
    endloop
  endfacet
  facet normal 0 0 -1
    outer loop
      vertex 72.65 8.9 5.90146e-06
      vertex 81 14 5.90146e-06
      vertex 75.35 8.9 5.90146e-06
    endloop
  endfacet
  facet normal 0 0 -1
    outer loop
      vertex 72.65 8.9 5.90146e-06
      vertex 59 14 5.90146e-06
      vertex 81 14 5.90146e-06
    endloop
  endfacet
  facet normal 0 0 -1
    outer loop
      vertex 59 14 5.90146e-06
      vertex 72.65 8.9 5.90146e-06
      vertex 59 0 5.90146e-06
    endloop
  endfacet
  facet normal 0 -1 0
    outer loop
      vertex 59 0 5.90146e-06
      vertex 79 0 13.129
      vertex 61 0 13.129
    endloop
  endfacet
  facet normal 0 -1 -0
    outer loop
      vertex 79 0 13.129
      vertex 59 0 5.90146e-06
      vertex 81 0 5.90146e-06
    endloop
  endfacet
  facet normal 0.98858 -5.21832e-05 0.150695
    outer loop
      vertex 79.5586 7.69181 9.46233
      vertex 79 14 13.129
      vertex 79.5332 7.7 9.62896
    endloop
  endfacet
  facet normal 0.988581 -4.94091e-05 0.15069
    outer loop
      vertex 79 14 13.129
      vertex 79.5078 7.69181 9.79559
      vertex 79.5332 7.7 9.62896
    endloop
  endfacet
  facet normal 0.988627 0.000113224 0.15039
    outer loop
      vertex 79 14 13.129
      vertex 79.4827 7.66733 9.96061
      vertex 79.5078 7.69181 9.79559
    endloop
  endfacet
  facet normal 0.988551 -0.000139926 0.150884
    outer loop
      vertex 79 14 13.129
      vertex 79.458 7.6268 10.1224
      vertex 79.4827 7.66733 9.96061
    endloop
  endfacet
  facet normal 0.988621 7.94627e-05 0.15043
    outer loop
      vertex 79 14 13.129
      vertex 79.4341 7.57059 10.2795
      vertex 79.458 7.6268 10.1224
    endloop
  endfacet
  facet normal 0.988572 -6.42481e-05 0.150747
    outer loop
      vertex 79 14 13.129
      vertex 79.4111 7.49927 10.4303
      vertex 79.4341 7.57059 10.2795
    endloop
  endfacet
  facet normal 0.988595 -2.76566e-06 0.150602
    outer loop
      vertex 79 14 13.129
      vertex 79.3893 7.4135 10.5734
      vertex 79.4111 7.49927 10.4303
    endloop
  endfacet
  facet normal 0.988606 2.77994e-05 0.150525
    outer loop
      vertex 79 14 13.129
      vertex 79.3689 7.31412 10.7074
      vertex 79.3893 7.4135 10.5734
    endloop
  endfacet
  facet normal 0.988621 6.30085e-05 0.15043
    outer loop
      vertex 79 14 13.129
      vertex 79.3501 7.20208 10.831
      vertex 79.3689 7.31412 10.7074
    endloop
  endfacet
  facet normal 0.988572 -4.68628e-05 0.150747
    outer loop
      vertex 79 14 13.129
      vertex 79.333 7.07847 10.9431
      vertex 79.3501 7.20208 10.831
    endloop
  endfacet
  facet normal 0.988535 -0.000126455 0.150994
    outer loop
      vertex 79 14 13.129
      vertex 79.3178 6.94447 11.0425
      vertex 79.333 7.07847 10.9431
    endloop
  endfacet
  facet normal 0.98866 0.000121454 0.150174
    outer loop
      vertex 79 14 13.129
      vertex 79.3048 6.80137 11.1282
      vertex 79.3178 6.94447 11.0425
    endloop
  endfacet
  facet normal 0.988565 -5.57468e-05 0.150798
    outer loop
      vertex 79 14 13.129
      vertex 79.2939 6.65056 11.1996
      vertex 79.3048 6.80137 11.1282
    endloop
  endfacet
  facet normal 0.988688 0.000161921 0.149987
    outer loop
      vertex 79 14 13.129
      vertex 79.2854 6.49348 11.2558
      vertex 79.2939 6.65056 11.1996
    endloop
  endfacet
  facet normal 0.988538 -8.97762e-05 0.150973
    outer loop
      vertex 79 14 13.129
      vertex 79.2792 6.33165 11.2963
      vertex 79.2854 6.49348 11.2558
    endloop
  endfacet
  facet normal 0.988668 0.000119796 0.150116
    outer loop
      vertex 79 14 13.129
      vertex 79.2755 6.16663 11.3208
      vertex 79.2792 6.33165 11.2963
    endloop
  endfacet
  facet normal 0.988591 -0 0.150623
    outer loop
      vertex 79 0 13.129
      vertex 79.2755 6.16663 11.3208
      vertex 79 14 13.129
    endloop
  endfacet
  facet normal 0.988774 -0.000361068 0.14942
    outer loop
      vertex 79.2755 6.16663 11.3208
      vertex 79 0 13.129
      vertex 79.2742 6 11.329
    endloop
  endfacet
  facet normal 0.988466 0.000259224 0.15144
    outer loop
      vertex 79.2742 6 11.329
      vertex 79 0 13.129
      vertex 79.2755 5.83337 11.3208
    endloop
  endfacet
  facet normal 0.988581 7.15061e-05 0.150689
    outer loop
      vertex 79.5078 4.30819 9.79559
      vertex 79 0 13.129
      vertex 79.5332 4.3 9.62896
    endloop
  endfacet
  facet normal 0.988626 -0.000160381 0.150397
    outer loop
      vertex 79.4827 4.33266 9.96061
      vertex 79 0 13.129
      vertex 79.5078 4.30819 9.79559
    endloop
  endfacet
  facet normal 0.988553 0.00019451 0.150871
    outer loop
      vertex 79.458 4.3732 10.1224
      vertex 79 0 13.129
      vertex 79.4827 4.33266 9.96061
    endloop
  endfacet
  facet normal 0.988619 -0.000108633 0.15044
    outer loop
      vertex 79.4341 4.4294 10.2795
      vertex 79 0 13.129
      vertex 79.458 4.3732 10.1224
    endloop
  endfacet
  facet normal 0.988574 8.6488e-05 0.150736
    outer loop
      vertex 79.4111 4.50073 10.4303
      vertex 79 0 13.129
      vertex 79.4341 4.4294 10.2795
    endloop
  endfacet
  facet normal 0.988595 3.66973e-06 0.150601
    outer loop
      vertex 79.3893 4.5865 10.5734
      vertex 79 0 13.129
      vertex 79.4111 4.50073 10.4303
    endloop
  endfacet
  facet normal 0.988605 -3.6377e-05 0.150531
    outer loop
      vertex 79.3689 4.68588 10.7074
      vertex 79 0 13.129
      vertex 79.3893 4.5865 10.5734
    endloop
  endfacet
  facet normal 0.988618 -8.13221e-05 0.150446
    outer loop
      vertex 79.3501 4.79792 10.831
      vertex 79 0 13.129
      vertex 79.3689 4.68588 10.7074
    endloop
  endfacet
  facet normal 0.988574 5.96462e-05 0.150734
    outer loop
      vertex 79.333 4.92153 10.9431
      vertex 79 0 13.129
      vertex 79.3501 4.79792 10.831
    endloop
  endfacet
  facet normal 0.988541 0.000158599 0.150951
    outer loop
      vertex 79.3178 5.05553 11.0425
      vertex 79 0 13.129
      vertex 79.333 4.92153 10.9431
    endloop
  endfacet
  facet normal 0.988652 -0.000149902 0.150221
    outer loop
      vertex 79.3048 5.19862 11.1282
      vertex 79 0 13.129
      vertex 79.3178 5.05553 11.0425
    endloop
  endfacet
  facet normal 0.988568 6.75751e-05 0.150773
    outer loop
      vertex 79.2939 5.34944 11.1996
      vertex 79 0 13.129
      vertex 79.3048 5.19862 11.1282
    endloop
  endfacet
  facet normal 0.988675 -0.000192066 0.15007
    outer loop
      vertex 79.2854 5.50652 11.2558
      vertex 79 0 13.129
      vertex 79.2939 5.34944 11.1996
    endloop
  endfacet
  facet normal 0.988546 0.000103598 0.150919
    outer loop
      vertex 79.2792 5.66835 11.2963
      vertex 79 0 13.129
      vertex 79.2854 5.50652 11.2558
    endloop
  endfacet
  facet normal 0.988655 -0.000133096 0.150204
    outer loop
      vertex 79.2755 5.83337 11.3208
      vertex 79 0 13.129
      vertex 79.2792 5.66835 11.2963
    endloop
  endfacet
  facet normal 0.988634 0.000158323 0.150341
    outer loop
      vertex 79.5837 7.66733 9.2973
      vertex 79 14 13.129
      vertex 79.5586 7.69181 9.46233
    endloop
  endfacet
  facet normal 0.988651 0.000227801 0.150229
    outer loop
      vertex 79.6083 7.6268 9.13547
      vertex 79 14 13.129
      vertex 79.5837 7.66733 9.2973
    endloop
  endfacet
  facet normal 0.988506 -0.000380655 0.151178
    outer loop
      vertex 79.6323 7.57059 8.9784
      vertex 79 14 13.129
      vertex 79.6083 7.6268 9.13547
    endloop
  endfacet
  facet normal 0.988595 3.07978e-06 0.150597
    outer loop
      vertex 79 14 13.129
      vertex 79.6323 7.57059 8.9784
      vertex 81 14 5.90146e-06
    endloop
  endfacet
  facet normal 0.988581 0.000139106 0.150692
    outer loop
      vertex 79.6553 7.49927 8.82758
      vertex 81 14 5.90146e-06
      vertex 79.6323 7.57059 8.9784
    endloop
  endfacet
  facet normal 0.988651 -0.000500829 0.150232
    outer loop
      vertex 79.677 7.4135 8.68449
      vertex 81 14 5.90146e-06
      vertex 79.6553 7.49927 8.82758
    endloop
  endfacet
  facet normal 0.988546 0.000424674 0.150918
    outer loop
      vertex 79.6975 7.31412 8.55049
      vertex 81 14 5.90146e-06
      vertex 79.677 7.4135 8.68449
    endloop
  endfacet
  facet normal 0.988612 -0.000140125 0.150486
    outer loop
      vertex 79.7163 7.20208 8.42688
      vertex 81 14 5.90146e-06
      vertex 79.6975 7.31412 8.55049
    endloop
  endfacet
  facet normal 0.988577 0.000150099 0.150715
    outer loop
      vertex 79.7334 7.07847 8.31484
      vertex 81 14 5.90146e-06
      vertex 79.7163 7.20208 8.42688
    endloop
  endfacet
  facet normal 0.988618 -0.000175946 0.15045
    outer loop
      vertex 79.7485 6.94447 8.21546
      vertex 81 14 5.90146e-06
      vertex 79.7334 7.07847 8.31484
    endloop
  endfacet
  facet normal 0.988575 0.000156156 0.150729
    outer loop
      vertex 79.7616 6.80137 8.12969
      vertex 81 14 5.90146e-06
      vertex 79.7485 6.94447 8.21546
    endloop
  endfacet
  facet normal 0.988636 -0.000303768 0.150331
    outer loop
      vertex 79.7724 6.65056 8.05836
      vertex 81 14 5.90146e-06
      vertex 79.7616 6.80137 8.12969
    endloop
  endfacet
  facet normal 0.98857 0.000182967 0.150764
    outer loop
      vertex 79.781 6.49348 8.00216
      vertex 81 14 5.90146e-06
      vertex 79.7724 6.65056 8.05836
    endloop
  endfacet
  facet normal 0.988578 0.000120594 0.150707
    outer loop
      vertex 79.7872 6.33165 7.96162
      vertex 81 14 5.90146e-06
      vertex 79.781 6.49348 8.00216
    endloop
  endfacet
  facet normal 0.988618 -0.000152335 0.15045
    outer loop
      vertex 79.7909 6.16663 7.93714
      vertex 81 14 5.90146e-06
      vertex 79.7872 6.33165 7.96162
    endloop
  endfacet
  facet normal 0.988562 -0.000284322 0.150813
    outer loop
      vertex 81 0 5.90146e-06
      vertex 79.7909 6.16663 7.93714
      vertex 79.7921 6 7.92896
    endloop
  endfacet
  facet normal 0.988624 0.000263971 0.150408
    outer loop
      vertex 81 0 5.90146e-06
      vertex 79.7921 6 7.92896
      vertex 79.7909 5.83337 7.93714
    endloop
  endfacet
  facet normal 0.988612 0.000157469 0.150484
    outer loop
      vertex 81 0 5.90146e-06
      vertex 79.7909 5.83337 7.93714
      vertex 79.7872 5.66835 7.96162
    endloop
  endfacet
  facet normal 0.988582 -0.000127035 0.150682
    outer loop
      vertex 81 0 5.90146e-06
      vertex 79.7872 5.66835 7.96162
      vertex 79.781 5.50652 8.00216
    endloop
  endfacet
  facet normal 0.988575 -0.000196097 0.150729
    outer loop
      vertex 81 0 5.90146e-06
      vertex 79.781 5.50652 8.00216
      vertex 79.7724 5.34944 8.05836
    endloop
  endfacet
  facet normal 0.988627 0.000330887 0.150387
    outer loop
      vertex 81 0 5.90146e-06
      vertex 79.7724 5.34944 8.05836
      vertex 79.7616 5.19862 8.12969
    endloop
  endfacet
  facet normal 0.988579 -0.000172811 0.150701
    outer loop
      vertex 81 0 5.90146e-06
      vertex 79.7616 5.19862 8.12969
      vertex 79.7485 5.05553 8.21546
    endloop
  endfacet
  facet normal 0.988613 0.000197757 0.150479
    outer loop
      vertex 81 0 5.90146e-06
      vertex 79.7485 5.05553 8.21546
      vertex 79.7334 4.92153 8.31484
    endloop
  endfacet
  facet normal 0.988581 -0.000171398 0.150692
    outer loop
      vertex 81 0 5.90146e-06
      vertex 79.7334 4.92153 8.31484
      vertex 79.7163 4.79792 8.42688
    endloop
  endfacet
  facet normal 0.98858 7.7466e-05 0.150697
    outer loop
      vertex 79 0 13.129
      vertex 79.5586 4.30819 9.46233
      vertex 79.5332 4.3 9.62896
    endloop
  endfacet
  facet normal 0.988636 -0.000242427 0.150329
    outer loop
      vertex 79 0 13.129
      vertex 79.5837 4.33266 9.2973
      vertex 79.5586 4.30819 9.46233
    endloop
  endfacet
  facet normal 0.988656 -0.000362902 0.150196
    outer loop
      vertex 79 0 13.129
      vertex 79.6083 4.3732 9.13547
      vertex 79.5837 4.33266 9.2973
    endloop
  endfacet
  facet normal 0.988493 0.000639183 0.151268
    outer loop
      vertex 79 0 13.129
      vertex 79.6323 4.4294 8.9784
      vertex 79.6083 4.3732 9.13547
    endloop
  endfacet
  facet normal 0.988595 -4.47039e-06 0.150597
    outer loop
      vertex 81 0 5.90146e-06
      vertex 79.6323 4.4294 8.9784
      vertex 79 0 13.129
    endloop
  endfacet
  facet normal 0.988583 -0.000171164 0.150678
    outer loop
      vertex 79.6323 4.4294 8.9784
      vertex 81 0 5.90146e-06
      vertex 79.6553 4.50073 8.82758
    endloop
  endfacet
  facet normal 0.988642 0.000603116 0.150292
    outer loop
      vertex 79.6553 4.50073 8.82758
      vertex 81 0 5.90146e-06
      vertex 79.677 4.5865 8.68449
    endloop
  endfacet
  facet normal 0.988555 -0.000501701 0.150862
    outer loop
      vertex 79.677 4.5865 8.68449
      vertex 81 0 5.90146e-06
      vertex 79.6975 4.68588 8.55049
    endloop
  endfacet
  facet normal 0.988595 0 0.150597
    outer loop
      vertex 79.7909 6.16663 7.93714
      vertex 81 0 5.90146e-06
      vertex 81 14 5.90146e-06
    endloop
  endfacet
  facet normal 0.988609 0.000162659 0.150506
    outer loop
      vertex 79.6975 4.68588 8.55049
      vertex 81 0 5.90146e-06
      vertex 79.7163 4.79792 8.42688
    endloop
  endfacet
  facet normal 0 -0.427566 0.903984
    outer loop
      vertex 75.35 6.65056 8.05836
      vertex 79.7616 6.80137 8.12969
      vertex 75.35 6.80137 8.12969
    endloop
  endfacet
  facet normal 0 -0.427566 0.903984
    outer loop
      vertex 79.7616 6.80137 8.12969
      vertex 75.35 6.65056 8.05836
      vertex 79.7724 6.65056 8.05836
    endloop
  endfacet
  facet normal 0 -0.427566 0.903984
    outer loop
      vertex 60.2384 6.80137 8.12969
      vertex 72.65 6.65056 8.05836
      vertex 72.65 6.80137 8.12969
    endloop
  endfacet
  facet normal 0 -0.427566 0.903984
    outer loop
      vertex 72.65 6.65056 8.05836
      vertex 60.2384 6.80137 8.12969
      vertex 60.2276 6.65056 8.05836
    endloop
  endfacet
  facet normal 0 -0.242775 -0.970083
    outer loop
      vertex 75.35 6.49348 11.2558
      vertex 79.2792 6.33165 11.2963
      vertex 75.35 6.33165 11.2963
    endloop
  endfacet
  facet normal 0 -0.242775 -0.970083
    outer loop
      vertex 79.2792 6.33165 11.2963
      vertex 75.35 6.49348 11.2558
      vertex 79.2854 6.49348 11.2558
    endloop
  endfacet
  facet normal 0 -0.242775 -0.970083
    outer loop
      vertex 60.7208 6.33165 11.2963
      vertex 72.65 6.49348 11.2558
      vertex 72.65 6.33165 11.2963
    endloop
  endfacet
  facet normal -0 -0.242775 -0.970083
    outer loop
      vertex 72.65 6.49348 11.2558
      vertex 60.7208 6.33165 11.2963
      vertex 60.7146 6.49348 11.2558
    endloop
  endfacet
  facet normal -0 0.941545 0.336887
    outer loop
      vertex 75.35 4.4294 8.9784
      vertex 79.6083 4.3732 9.13547
      vertex 79.6323 4.4294 8.9784
    endloop
  endfacet
  facet normal 0 0.941545 0.336887
    outer loop
      vertex 79.6083 4.3732 9.13547
      vertex 75.35 4.4294 8.9784
      vertex 75.35 4.3732 9.13547
    endloop
  endfacet
  facet normal 0 0.941545 0.336887
    outer loop
      vertex 72.65 4.4294 8.9784
      vertex 60.3917 4.3732 9.13547
      vertex 72.65 4.3732 9.13547
    endloop
  endfacet
  facet normal 0 0.941545 0.336887
    outer loop
      vertex 60.3917 4.3732 9.13547
      vertex 72.65 4.4294 8.9784
      vertex 60.3677 4.4294 8.9784
    endloop
  endfacet
  facet normal 0 -0.941546 -0.336883
    outer loop
      vertex 75.35 7.6268 10.1224
      vertex 79.4341 7.57059 10.2795
      vertex 75.35 7.57059 10.2795
    endloop
  endfacet
  facet normal 0 -0.941546 -0.336883
    outer loop
      vertex 79.4341 7.57059 10.2795
      vertex 75.35 7.6268 10.1224
      vertex 79.458 7.6268 10.1224
    endloop
  endfacet
  facet normal -0 -0.941546 -0.336883
    outer loop
      vertex 72.65 7.6268 10.1224
      vertex 60.5659 7.57059 10.2795
      vertex 60.542 7.6268 10.1224
    endloop
  endfacet
  facet normal 0 -0.941546 -0.336883
    outer loop
      vertex 60.5659 7.57059 10.2795
      vertex 72.65 7.6268 10.1224
      vertex 72.65 7.57059 10.2795
    endloop
  endfacet
  facet normal 0 -0.989176 0.146731
    outer loop
      vertex 75.35 7.66733 9.2973
      vertex 79.5586 7.69181 9.46233
      vertex 75.35 7.69181 9.46233
    endloop
  endfacet
  facet normal 0 -0.989176 0.146731
    outer loop
      vertex 79.5586 7.69181 9.46233
      vertex 75.35 7.66733 9.2973
      vertex 79.5837 7.66733 9.2973
    endloop
  endfacet
  facet normal 0 -0.989176 0.146731
    outer loop
      vertex 72.65 7.66733 9.2973
      vertex 60.4414 7.69181 9.46233
      vertex 60.4163 7.66733 9.2973
    endloop
  endfacet
  facet normal 0 -0.989176 0.146731
    outer loop
      vertex 60.4414 7.69181 9.46233
      vertex 72.65 7.66733 9.2973
      vertex 72.65 7.69181 9.46233
    endloop
  endfacet
  facet normal 0 0.857731 -0.514099
    outer loop
      vertex 75.35 4.50073 10.4303
      vertex 79.3893 4.5865 10.5734
      vertex 79.4111 4.50073 10.4303
    endloop
  endfacet
  facet normal 0 0.857731 -0.514099
    outer loop
      vertex 79.3893 4.5865 10.5734
      vertex 75.35 4.50073 10.4303
      vertex 75.35 4.5865 10.5734
    endloop
  endfacet
  facet normal 0 0.857731 -0.514099
    outer loop
      vertex 72.65 4.50073 10.4303
      vertex 60.6107 4.5865 10.5734
      vertex 72.65 4.5865 10.5734
    endloop
  endfacet
  facet normal 0 0.857731 -0.514099
    outer loop
      vertex 60.6107 4.5865 10.5734
      vertex 72.65 4.50073 10.4303
      vertex 60.5889 4.50073 10.4303
    endloop
  endfacet
  facet normal 0 -0.803211 -0.595695
    outer loop
      vertex 75.35 7.4135 10.5734
      vertex 79.3689 7.31412 10.7074
      vertex 75.35 7.31412 10.7074
    endloop
  endfacet
  facet normal 0 -0.803211 -0.595695
    outer loop
      vertex 79.3689 7.31412 10.7074
      vertex 75.35 7.4135 10.5734
      vertex 79.3893 7.4135 10.5734
    endloop
  endfacet
  facet normal -0 -0.803211 -0.595695
    outer loop
      vertex 72.65 7.4135 10.5734
      vertex 60.6311 7.31412 10.7074
      vertex 60.6107 7.4135 10.5734
    endloop
  endfacet
  facet normal 0 -0.803211 -0.595695
    outer loop
      vertex 60.6311 7.31412 10.7074
      vertex 72.65 7.4135 10.5734
      vertex 72.65 7.31412 10.7074
    endloop
  endfacet
  facet normal 0 -0.671777 -0.740753
    outer loop
      vertex 75.35 7.20208 10.831
      vertex 79.333 7.07847 10.9431
      vertex 75.35 7.07847 10.9431
    endloop
  endfacet
  facet normal 0 -0.671777 -0.740753
    outer loop
      vertex 79.333 7.07847 10.9431
      vertex 75.35 7.20208 10.831
      vertex 79.3501 7.20208 10.831
    endloop
  endfacet
  facet normal 0 -0.671777 -0.740753
    outer loop
      vertex 60.667 7.07847 10.9431
      vertex 72.65 7.20208 10.831
      vertex 72.65 7.07847 10.9431
    endloop
  endfacet
  facet normal -0 -0.671777 -0.740753
    outer loop
      vertex 72.65 7.20208 10.831
      vertex 60.667 7.07847 10.9431
      vertex 60.6499 7.20208 10.831
    endloop
  endfacet
  facet normal 0 0.0491513 -0.998791
    outer loop
      vertex 75.35 5.83337 11.3208
      vertex 79.2742 6 11.329
      vertex 79.2755 5.83337 11.3208
    endloop
  endfacet
  facet normal 0 0.0491513 -0.998791
    outer loop
      vertex 79.2742 6 11.329
      vertex 75.35 5.83337 11.3208
      vertex 75.35 6 11.329
    endloop
  endfacet
  facet normal 0 0.0491513 -0.998791
    outer loop
      vertex 72.65 5.83337 11.3208
      vertex 60.7258 6 11.329
      vertex 72.65 6 11.329
    endloop
  endfacet
  facet normal 0 0.0491513 -0.998791
    outer loop
      vertex 60.7258 6 11.329
      vertex 72.65 5.83337 11.3208
      vertex 60.7245 5.83337 11.3208
    endloop
  endfacet
  facet normal 0 -0.97004 0.242945
    outer loop
      vertex 75.35 7.6268 9.13547
      vertex 79.5837 7.66733 9.2973
      vertex 75.35 7.66733 9.2973
    endloop
  endfacet
  facet normal 0 -0.97004 0.242945
    outer loop
      vertex 79.5837 7.66733 9.2973
      vertex 75.35 7.6268 9.13547
      vertex 79.6083 7.6268 9.13547
    endloop
  endfacet
  facet normal 0 -0.97004 0.242945
    outer loop
      vertex 72.65 7.6268 9.13547
      vertex 60.4163 7.66733 9.2973
      vertex 60.3917 7.6268 9.13547
    endloop
  endfacet
  facet normal 0 -0.97004 0.242945
    outer loop
      vertex 60.4163 7.66733 9.2973
      vertex 72.65 7.6268 9.13547
      vertex 72.65 7.66733 9.2973
    endloop
  endfacet
  facet normal -0 0.903995 0.427543
    outer loop
      vertex 75.35 4.50073 8.82758
      vertex 79.6323 4.4294 8.9784
      vertex 79.6553 4.50073 8.82758
    endloop
  endfacet
  facet normal 0 0.903995 0.427543
    outer loop
      vertex 79.6323 4.4294 8.9784
      vertex 75.35 4.50073 8.82758
      vertex 75.35 4.4294 8.9784
    endloop
  endfacet
  facet normal 0 0.903995 0.427543
    outer loop
      vertex 72.65 4.50073 8.82758
      vertex 60.3677 4.4294 8.9784
      vertex 72.65 4.4294 8.9784
    endloop
  endfacet
  facet normal 0 0.903995 0.427543
    outer loop
      vertex 60.3677 4.4294 8.9784
      vertex 72.65 4.50073 8.82758
      vertex 60.3447 4.50073 8.82758
    endloop
  endfacet
  facet normal 0 -0.0491513 -0.998791
    outer loop
      vertex 75.35 6 11.329
      vertex 79.2755 6.16663 11.3208
      vertex 79.2742 6 11.329
    endloop
  endfacet
  facet normal -0 -0.0491513 -0.998791
    outer loop
      vertex 79.2755 6.16663 11.3208
      vertex 75.35 6 11.329
      vertex 75.35 6.16663 11.3208
    endloop
  endfacet
  facet normal 0 -0.0491513 -0.998791
    outer loop
      vertex 60.7258 6 11.329
      vertex 72.65 6.16663 11.3208
      vertex 72.65 6 11.329
    endloop
  endfacet
  facet normal -0 -0.0491513 -0.998791
    outer loop
      vertex 72.65 6.16663 11.3208
      vertex 60.7258 6 11.329
      vertex 60.7245 6.16663 11.3208
    endloop
  endfacet
  facet normal 0 -0.903996 -0.42754
    outer loop
      vertex 75.35 7.57059 10.2795
      vertex 79.4111 7.49927 10.4303
      vertex 75.35 7.49927 10.4303
    endloop
  endfacet
  facet normal 0 -0.903996 -0.42754
    outer loop
      vertex 79.4111 7.49927 10.4303
      vertex 75.35 7.57059 10.2795
      vertex 79.4341 7.57059 10.2795
    endloop
  endfacet
  facet normal -0 -0.903996 -0.42754
    outer loop
      vertex 72.65 7.57059 10.2795
      vertex 60.5889 7.49927 10.4303
      vertex 60.5659 7.57059 10.2795
    endloop
  endfacet
  facet normal 0 -0.903996 -0.42754
    outer loop
      vertex 60.5889 7.49927 10.4303
      vertex 72.65 7.57059 10.2795
      vertex 72.65 7.49927 10.4303
    endloop
  endfacet
  facet normal -0 0.14674 0.989175
    outer loop
      vertex 75.35 5.83337 7.93714
      vertex 79.7872 5.66835 7.96162
      vertex 79.7909 5.83337 7.93714
    endloop
  endfacet
  facet normal 0 0.14674 0.989175
    outer loop
      vertex 79.7872 5.66835 7.96162
      vertex 75.35 5.83337 7.93714
      vertex 75.35 5.66835 7.96162
    endloop
  endfacet
  facet normal 0 0.14674 0.989175
    outer loop
      vertex 72.65 5.83337 7.93714
      vertex 60.2128 5.66835 7.96162
      vertex 72.65 5.66835 7.96162
    endloop
  endfacet
  facet normal 0 0.14674 0.989175
    outer loop
      vertex 60.2128 5.66835 7.96162
      vertex 72.65 5.83337 7.93714
      vertex 60.2091 5.83337 7.93714
    endloop
  endfacet
  facet normal 0 0.740905 -0.67161
    outer loop
      vertex 75.35 4.68588 10.7074
      vertex 79.3501 4.79792 10.831
      vertex 79.3689 4.68588 10.7074
    endloop
  endfacet
  facet normal 0 0.740905 -0.67161
    outer loop
      vertex 79.3501 4.79792 10.831
      vertex 75.35 4.68588 10.7074
      vertex 75.35 4.79792 10.831
    endloop
  endfacet
  facet normal 0 0.740905 -0.67161
    outer loop
      vertex 72.65 4.68588 10.7074
      vertex 60.6499 4.79792 10.831
      vertex 72.65 4.79792 10.831
    endloop
  endfacet
  facet normal 0 0.740905 -0.67161
    outer loop
      vertex 60.6499 4.79792 10.831
      vertex 72.65 4.68588 10.7074
      vertex 60.6311 4.68588 10.7074
    endloop
  endfacet
  facet normal 0 -0.904018 0.427494
    outer loop
      vertex 75.35 7.49927 8.82758
      vertex 79.6323 7.57059 8.9784
      vertex 75.35 7.57059 8.9784
    endloop
  endfacet
  facet normal 0 -0.904018 0.427494
    outer loop
      vertex 79.6323 7.57059 8.9784
      vertex 75.35 7.49927 8.82758
      vertex 79.6553 7.49927 8.82758
    endloop
  endfacet
  facet normal 0 -0.904018 0.427494
    outer loop
      vertex 72.65 7.49927 8.82758
      vertex 60.3677 7.57059 8.9784
      vertex 60.3447 7.49927 8.82758
    endloop
  endfacet
  facet normal 0 -0.904018 0.427494
    outer loop
      vertex 60.3677 7.57059 8.9784
      vertex 72.65 7.49927 8.82758
      vertex 72.65 7.57059 8.9784
    endloop
  endfacet
  facet normal 0 0.242775 -0.970083
    outer loop
      vertex 75.35 5.50652 11.2558
      vertex 79.2792 5.66835 11.2963
      vertex 79.2854 5.50652 11.2558
    endloop
  endfacet
  facet normal 0 0.242775 -0.970083
    outer loop
      vertex 79.2792 5.66835 11.2963
      vertex 75.35 5.50652 11.2558
      vertex 75.35 5.66835 11.2963
    endloop
  endfacet
  facet normal 0 0.242775 -0.970083
    outer loop
      vertex 72.65 5.50652 11.2558
      vertex 60.7208 5.66835 11.2963
      vertex 72.65 5.66835 11.2963
    endloop
  endfacet
  facet normal 0 0.242775 -0.970083
    outer loop
      vertex 60.7208 5.66835 11.2963
      vertex 72.65 5.50652 11.2558
      vertex 60.7146 5.50652 11.2558
    endloop
  endfacet
  facet normal 0 0.970012 -0.243058
    outer loop
      vertex 75.35 4.33266 9.96061
      vertex 79.458 4.3732 10.1224
      vertex 79.4827 4.33266 9.96061
    endloop
  endfacet
  facet normal 0 0.970012 -0.243058
    outer loop
      vertex 79.458 4.3732 10.1224
      vertex 75.35 4.33266 9.96061
      vertex 75.35 4.3732 10.1224
    endloop
  endfacet
  facet normal 0 0.970012 -0.243058
    outer loop
      vertex 72.65 4.33266 9.96061
      vertex 60.542 4.3732 10.1224
      vertex 72.65 4.3732 10.1224
    endloop
  endfacet
  facet normal 0 0.970012 -0.243058
    outer loop
      vertex 60.542 4.3732 10.1224
      vertex 72.65 4.33266 9.96061
      vertex 60.5173 4.33266 9.96061
    endloop
  endfacet
  facet normal 0 -0.14674 0.989175
    outer loop
      vertex 75.35 6.16663 7.93714
      vertex 79.7872 6.33165 7.96162
      vertex 75.35 6.33165 7.96162
    endloop
  endfacet
  facet normal 0 -0.14674 0.989175
    outer loop
      vertex 79.7872 6.33165 7.96162
      vertex 75.35 6.16663 7.93714
      vertex 79.7909 6.16663 7.93714
    endloop
  endfacet
  facet normal 0 -0.14674 0.989175
    outer loop
      vertex 60.2128 6.33165 7.96162
      vertex 72.65 6.16663 7.93714
      vertex 72.65 6.33165 7.96162
    endloop
  endfacet
  facet normal 0 -0.14674 0.989175
    outer loop
      vertex 72.65 6.16663 7.93714
      vertex 60.2128 6.33165 7.96162
      vertex 60.2091 6.16663 7.93714
    endloop
  endfacet
  facet normal 0 -0.243001 0.970026
    outer loop
      vertex 75.35 6.33165 7.96162
      vertex 79.781 6.49348 8.00216
      vertex 75.35 6.49348 8.00216
    endloop
  endfacet
  facet normal 0 -0.243001 0.970026
    outer loop
      vertex 79.781 6.49348 8.00216
      vertex 75.35 6.33165 7.96162
      vertex 79.7872 6.33165 7.96162
    endloop
  endfacet
  facet normal 0 -0.243001 0.970026
    outer loop
      vertex 60.219 6.49348 8.00216
      vertex 72.65 6.33165 7.96162
      vertex 72.65 6.49348 8.00216
    endloop
  endfacet
  facet normal 0 -0.243001 0.970026
    outer loop
      vertex 72.65 6.33165 7.96162
      vertex 60.219 6.49348 8.00216
      vertex 60.2128 6.33165 7.96162
    endloop
  endfacet
  facet normal 0 -0.595772 -0.803154
    outer loop
      vertex 75.35 7.07847 10.9431
      vertex 79.3178 6.94447 11.0425
      vertex 75.35 6.94447 11.0425
    endloop
  endfacet
  facet normal 0 -0.595772 -0.803154
    outer loop
      vertex 79.3178 6.94447 11.0425
      vertex 75.35 7.07847 10.9431
      vertex 79.333 7.07847 10.9431
    endloop
  endfacet
  facet normal 0 -0.595772 -0.803154
    outer loop
      vertex 60.6822 6.94447 11.0425
      vertex 72.65 7.07847 10.9431
      vertex 72.65 6.94447 11.0425
    endloop
  endfacet
  facet normal -0 -0.595772 -0.803154
    outer loop
      vertex 72.65 7.07847 10.9431
      vertex 60.6822 6.94447 11.0425
      vertex 60.667 7.07847 10.9431
    endloop
  endfacet
  facet normal 0 0.595772 -0.803154
    outer loop
      vertex 75.35 4.92153 10.9431
      vertex 79.3178 5.05553 11.0425
      vertex 79.333 4.92153 10.9431
    endloop
  endfacet
  facet normal 0 0.595772 -0.803154
    outer loop
      vertex 79.3178 5.05553 11.0425
      vertex 75.35 4.92153 10.9431
      vertex 75.35 5.05553 11.0425
    endloop
  endfacet
  facet normal 0 0.595772 -0.803154
    outer loop
      vertex 72.65 4.92153 10.9431
      vertex 60.6822 5.05553 11.0425
      vertex 72.65 5.05553 11.0425
    endloop
  endfacet
  facet normal 0 0.595772 -0.803154
    outer loop
      vertex 60.6822 5.05553 11.0425
      vertex 72.65 4.92153 10.9431
      vertex 60.667 4.92153 10.9431
    endloop
  endfacet
  facet normal -0 0.803211 0.595695
    outer loop
      vertex 75.35 4.68588 8.55049
      vertex 79.677 4.5865 8.68449
      vertex 79.6975 4.68588 8.55049
    endloop
  endfacet
  facet normal 0 0.803211 0.595695
    outer loop
      vertex 79.677 4.5865 8.68449
      vertex 75.35 4.68588 8.55049
      vertex 75.35 4.5865 8.68449
    endloop
  endfacet
  facet normal 0 0.803211 0.595695
    outer loop
      vertex 72.65 4.68588 8.55049
      vertex 60.323 4.5865 8.68449
      vertex 72.65 4.5865 8.68449
    endloop
  endfacet
  facet normal 0 0.803211 0.595695
    outer loop
      vertex 60.323 4.5865 8.68449
      vertex 72.65 4.68588 8.55049
      vertex 60.3025 4.68588 8.55049
    endloop
  endfacet
  facet normal 0 -0.998794 -0.0490916
    outer loop
      vertex 75.35 7.7 9.62896
      vertex 79.5078 7.69181 9.79559
      vertex 75.35 7.69181 9.79559
    endloop
  endfacet
  facet normal 0 -0.998794 -0.0490916
    outer loop
      vertex 79.5078 7.69181 9.79559
      vertex 75.35 7.7 9.62896
      vertex 79.5332 7.7 9.62896
    endloop
  endfacet
  facet normal -0 -0.998794 -0.0490916
    outer loop
      vertex 72.65 7.7 9.62896
      vertex 60.4922 7.69181 9.79559
      vertex 60.4668 7.7 9.62896
    endloop
  endfacet
  facet normal 0 -0.998794 -0.0490916
    outer loop
      vertex 60.4922 7.69181 9.79559
      vertex 72.65 7.7 9.62896
      vertex 72.65 7.69181 9.79559
    endloop
  endfacet
  facet normal -0 0.67158 0.740932
    outer loop
      vertex 75.35 4.92153 8.31484
      vertex 79.7163 4.79792 8.42688
      vertex 79.7334 4.92153 8.31484
    endloop
  endfacet
  facet normal 0 0.67158 0.740932
    outer loop
      vertex 79.7163 4.79792 8.42688
      vertex 75.35 4.92153 8.31484
      vertex 75.35 4.79792 8.42688
    endloop
  endfacet
  facet normal 0 0.67158 0.740932
    outer loop
      vertex 72.65 4.92153 8.31484
      vertex 60.2837 4.79792 8.42688
      vertex 72.65 4.79792 8.42688
    endloop
  endfacet
  facet normal 0 0.67158 0.740932
    outer loop
      vertex 60.2837 4.79792 8.42688
      vertex 72.65 4.92153 8.31484
      vertex 60.2666 4.92153 8.31484
    endloop
  endfacet
  facet normal 0 -0.941526 0.33694
    outer loop
      vertex 75.35 7.57059 8.9784
      vertex 79.6083 7.6268 9.13547
      vertex 75.35 7.6268 9.13547
    endloop
  endfacet
  facet normal 0 -0.941526 0.33694
    outer loop
      vertex 79.6083 7.6268 9.13547
      vertex 75.35 7.57059 8.9784
      vertex 79.6323 7.57059 8.9784
    endloop
  endfacet
  facet normal 0 -0.941526 0.33694
    outer loop
      vertex 72.65 7.57059 8.9784
      vertex 60.3917 7.6268 9.13547
      vertex 60.3677 7.57059 8.9784
    endloop
  endfacet
  facet normal 0 -0.941526 0.33694
    outer loop
      vertex 60.3917 7.6268 9.13547
      vertex 72.65 7.57059 8.9784
      vertex 72.65 7.6268 9.13547
    endloop
  endfacet
  facet normal -0 0.336868 0.941552
    outer loop
      vertex 75.35 5.50652 8.00216
      vertex 79.7724 5.34944 8.05836
      vertex 79.781 5.50652 8.00216
    endloop
  endfacet
  facet normal 0 0.336868 0.941552
    outer loop
      vertex 79.7724 5.34944 8.05836
      vertex 75.35 5.50652 8.00216
      vertex 75.35 5.34944 8.05836
    endloop
  endfacet
  facet normal 0 0.336868 0.941552
    outer loop
      vertex 72.65 5.50652 8.00216
      vertex 60.2276 5.34944 8.05836
      vertex 72.65 5.34944 8.05836
    endloop
  endfacet
  facet normal 0 0.336868 0.941552
    outer loop
      vertex 60.2276 5.34944 8.05836
      vertex 72.65 5.50652 8.00216
      vertex 60.219 5.50652 8.00216
    endloop
  endfacet
  facet normal 0 -0.427909 -0.903822
    outer loop
      vertex 75.35 6.80137 11.1282
      vertex 79.2939 6.65056 11.1996
      vertex 75.35 6.65056 11.1996
    endloop
  endfacet
  facet normal 0 -0.427909 -0.903822
    outer loop
      vertex 79.2939 6.65056 11.1996
      vertex 75.35 6.80137 11.1282
      vertex 79.3048 6.80137 11.1282
    endloop
  endfacet
  facet normal 0 -0.427909 -0.903822
    outer loop
      vertex 60.7061 6.65056 11.1996
      vertex 72.65 6.80137 11.1282
      vertex 72.65 6.65056 11.1996
    endloop
  endfacet
  facet normal -0 -0.427909 -0.903822
    outer loop
      vertex 72.65 6.80137 11.1282
      vertex 60.7061 6.65056 11.1996
      vertex 60.6952 6.80137 11.1282
    endloop
  endfacet
  facet normal 0 -0.146857 -0.989158
    outer loop
      vertex 75.35 6.33165 11.2963
      vertex 79.2755 6.16663 11.3208
      vertex 75.35 6.16663 11.3208
    endloop
  endfacet
  facet normal 0 -0.146857 -0.989158
    outer loop
      vertex 79.2755 6.16663 11.3208
      vertex 75.35 6.33165 11.2963
      vertex 79.2792 6.33165 11.2963
    endloop
  endfacet
  facet normal 0 -0.146857 -0.989158
    outer loop
      vertex 60.7245 6.16663 11.3208
      vertex 72.65 6.33165 11.2963
      vertex 72.65 6.16663 11.3208
    endloop
  endfacet
  facet normal -0 -0.146857 -0.989158
    outer loop
      vertex 72.65 6.33165 11.2963
      vertex 60.7245 6.16663 11.3208
      vertex 60.7208 6.33165 11.2963
    endloop
  endfacet
  facet normal 0 -0.803211 0.595695
    outer loop
      vertex 75.35 7.31412 8.55049
      vertex 79.677 7.4135 8.68449
      vertex 75.35 7.4135 8.68449
    endloop
  endfacet
  facet normal 0 -0.803211 0.595695
    outer loop
      vertex 79.677 7.4135 8.68449
      vertex 75.35 7.31412 8.55049
      vertex 79.6975 7.31412 8.55049
    endloop
  endfacet
  facet normal 0 -0.803211 0.595695
    outer loop
      vertex 72.65 7.31412 8.55049
      vertex 60.323 7.4135 8.68449
      vertex 60.3025 7.31412 8.55049
    endloop
  endfacet
  facet normal 0 -0.803211 0.595695
    outer loop
      vertex 60.323 7.4135 8.68449
      vertex 72.65 7.31412 8.55049
      vertex 72.65 7.4135 8.68449
    endloop
  endfacet
  facet normal 0 0.671777 -0.740753
    outer loop
      vertex 75.35 4.79792 10.831
      vertex 79.333 4.92153 10.9431
      vertex 79.3501 4.79792 10.831
    endloop
  endfacet
  facet normal 0 0.671777 -0.740753
    outer loop
      vertex 79.333 4.92153 10.9431
      vertex 75.35 4.79792 10.831
      vertex 75.35 4.92153 10.9431
    endloop
  endfacet
  facet normal 0 0.671777 -0.740753
    outer loop
      vertex 72.65 4.79792 10.831
      vertex 60.667 4.92153 10.9431
      vertex 72.65 4.92153 10.9431
    endloop
  endfacet
  facet normal 0 0.671777 -0.740753
    outer loop
      vertex 60.667 4.92153 10.9431
      vertex 72.65 4.79792 10.831
      vertex 60.6499 4.79792 10.831
    endloop
  endfacet
  facet normal 0 0.989184 -0.146681
    outer loop
      vertex 75.35 4.30819 9.79559
      vertex 79.4827 4.33266 9.96061
      vertex 79.5078 4.30819 9.79559
    endloop
  endfacet
  facet normal 0 0.989184 -0.146681
    outer loop
      vertex 79.4827 4.33266 9.96061
      vertex 75.35 4.30819 9.79559
      vertex 75.35 4.33266 9.96061
    endloop
  endfacet
  facet normal 0 0.989184 -0.146681
    outer loop
      vertex 72.65 4.30819 9.79559
      vertex 60.5173 4.33266 9.96061
      vertex 72.65 4.33266 9.96061
    endloop
  endfacet
  facet normal 0 0.989184 -0.146681
    outer loop
      vertex 60.5173 4.33266 9.96061
      vertex 72.65 4.30819 9.79559
      vertex 60.4922 4.30819 9.79559
    endloop
  endfacet
  facet normal 0 -0.857715 0.514125
    outer loop
      vertex 75.35 7.4135 8.68449
      vertex 79.6553 7.49927 8.82758
      vertex 75.35 7.49927 8.82758
    endloop
  endfacet
  facet normal 0 -0.857715 0.514125
    outer loop
      vertex 79.6553 7.49927 8.82758
      vertex 75.35 7.4135 8.68449
      vertex 79.677 7.4135 8.68449
    endloop
  endfacet
  facet normal 0 -0.857715 0.514125
    outer loop
      vertex 72.65 7.4135 8.68449
      vertex 60.3447 7.49927 8.82758
      vertex 60.323 7.4135 8.68449
    endloop
  endfacet
  facet normal 0 -0.857715 0.514125
    outer loop
      vertex 60.3447 7.49927 8.82758
      vertex 72.65 7.4135 8.68449
      vertex 72.65 7.49927 8.82758
    endloop
  endfacet
  facet normal 0 0.513817 -0.8579
    outer loop
      vertex 75.35 5.05553 11.0425
      vertex 79.3048 5.19862 11.1282
      vertex 79.3178 5.05553 11.0425
    endloop
  endfacet
  facet normal 0 0.513817 -0.8579
    outer loop
      vertex 79.3048 5.19862 11.1282
      vertex 75.35 5.05553 11.0425
      vertex 75.35 5.19862 11.1282
    endloop
  endfacet
  facet normal 0 0.513817 -0.8579
    outer loop
      vertex 72.65 5.05553 11.0425
      vertex 60.6952 5.19862 11.1282
      vertex 72.65 5.19862 11.1282
    endloop
  endfacet
  facet normal 0 0.513817 -0.8579
    outer loop
      vertex 60.6952 5.19862 11.1282
      vertex 72.65 5.05553 11.0425
      vertex 60.6822 5.05553 11.0425
    endloop
  endfacet
  facet normal 0 -0.336868 -0.941552
    outer loop
      vertex 75.35 6.65056 11.1996
      vertex 79.2854 6.49348 11.2558
      vertex 75.35 6.49348 11.2558
    endloop
  endfacet
  facet normal 0 -0.336868 -0.941552
    outer loop
      vertex 79.2854 6.49348 11.2558
      vertex 75.35 6.65056 11.1996
      vertex 79.2939 6.65056 11.1996
    endloop
  endfacet
  facet normal 0 -0.336868 -0.941552
    outer loop
      vertex 60.7146 6.49348 11.2558
      vertex 72.65 6.65056 11.1996
      vertex 72.65 6.49348 11.2558
    endloop
  endfacet
  facet normal -0 -0.336868 -0.941552
    outer loop
      vertex 72.65 6.65056 11.1996
      vertex 60.7146 6.49348 11.2558
      vertex 60.7061 6.65056 11.1996
    endloop
  endfacet
  facet normal 0 -0.970026 -0.243001
    outer loop
      vertex 75.35 7.66733 9.96061
      vertex 79.458 7.6268 10.1224
      vertex 75.35 7.6268 10.1224
    endloop
  endfacet
  facet normal 0 -0.970026 -0.243001
    outer loop
      vertex 79.458 7.6268 10.1224
      vertex 75.35 7.66733 9.96061
      vertex 79.4827 7.66733 9.96061
    endloop
  endfacet
  facet normal -0 -0.970026 -0.243001
    outer loop
      vertex 72.65 7.66733 9.96061
      vertex 60.542 7.6268 10.1224
      vertex 60.5173 7.66733 9.96061
    endloop
  endfacet
  facet normal 0 -0.970026 -0.243001
    outer loop
      vertex 60.542 7.6268 10.1224
      vertex 72.65 7.66733 9.96061
      vertex 72.65 7.6268 10.1224
    endloop
  endfacet
  facet normal 0 -0.336868 0.941552
    outer loop
      vertex 75.35 6.49348 8.00216
      vertex 79.7724 6.65056 8.05836
      vertex 75.35 6.65056 8.05836
    endloop
  endfacet
  facet normal 0 -0.336868 0.941552
    outer loop
      vertex 79.7724 6.65056 8.05836
      vertex 75.35 6.49348 8.00216
      vertex 79.781 6.49348 8.00216
    endloop
  endfacet
  facet normal 0 -0.336868 0.941552
    outer loop
      vertex 60.2276 6.65056 8.05836
      vertex 72.65 6.49348 8.00216
      vertex 72.65 6.65056 8.05836
    endloop
  endfacet
  facet normal 0 -0.336868 0.941552
    outer loop
      vertex 72.65 6.49348 8.00216
      vertex 60.2276 6.65056 8.05836
      vertex 60.219 6.49348 8.00216
    endloop
  endfacet
  facet normal 0 -0.740905 -0.67161
    outer loop
      vertex 75.35 7.31412 10.7074
      vertex 79.3501 7.20208 10.831
      vertex 75.35 7.20208 10.831
    endloop
  endfacet
  facet normal 0 -0.740905 -0.67161
    outer loop
      vertex 79.3501 7.20208 10.831
      vertex 75.35 7.31412 10.7074
      vertex 79.3689 7.31412 10.7074
    endloop
  endfacet
  facet normal -0 -0.740905 -0.67161
    outer loop
      vertex 72.65 7.31412 10.7074
      vertex 60.6499 7.20208 10.831
      vertex 60.6311 7.31412 10.7074
    endloop
  endfacet
  facet normal 0 -0.740905 -0.67161
    outer loop
      vertex 60.6499 7.20208 10.831
      vertex 72.65 7.31412 10.7074
      vertex 72.65 7.20208 10.831
    endloop
  endfacet
  facet normal -0 0.427543 0.903995
    outer loop
      vertex 75.35 5.34944 8.05836
      vertex 79.7616 5.19862 8.12969
      vertex 79.7724 5.34944 8.05836
    endloop
  endfacet
  facet normal 0 0.427543 0.903995
    outer loop
      vertex 79.7616 5.19862 8.12969
      vertex 75.35 5.34944 8.05836
      vertex 75.35 5.19862 8.12969
    endloop
  endfacet
  facet normal 0 0.427543 0.903995
    outer loop
      vertex 72.65 5.34944 8.05836
      vertex 60.2384 5.19862 8.12969
      vertex 72.65 5.19862 8.12969
    endloop
  endfacet
  facet normal 0 0.427543 0.903995
    outer loop
      vertex 60.2384 5.19862 8.12969
      vertex 72.65 5.34944 8.05836
      vertex 60.2276 5.34944 8.05836
    endloop
  endfacet
  facet normal 0 -0.998794 0.0490916
    outer loop
      vertex 75.35 7.69181 9.46233
      vertex 79.5332 7.7 9.62896
      vertex 75.35 7.7 9.62896
    endloop
  endfacet
  facet normal 0 -0.998794 0.0490916
    outer loop
      vertex 79.5332 7.7 9.62896
      vertex 75.35 7.69181 9.46233
      vertex 79.5586 7.69181 9.46233
    endloop
  endfacet
  facet normal 0 -0.998794 0.0490916
    outer loop
      vertex 72.65 7.69181 9.46233
      vertex 60.4668 7.7 9.62896
      vertex 60.4414 7.69181 9.46233
    endloop
  endfacet
  facet normal 0 -0.998794 0.0490916
    outer loop
      vertex 60.4668 7.7 9.62896
      vertex 72.65 7.69181 9.46233
      vertex 72.65 7.7 9.62896
    endloop
  endfacet
  facet normal 0 0.903973 -0.427589
    outer loop
      vertex 75.35 4.4294 10.2795
      vertex 79.4111 4.50073 10.4303
      vertex 79.4341 4.4294 10.2795
    endloop
  endfacet
  facet normal 0 0.903973 -0.427589
    outer loop
      vertex 79.4111 4.50073 10.4303
      vertex 75.35 4.4294 10.2795
      vertex 75.35 4.50073 10.4303
    endloop
  endfacet
  facet normal 0 0.903973 -0.427589
    outer loop
      vertex 72.65 4.4294 10.2795
      vertex 60.5889 4.50073 10.4303
      vertex 72.65 4.50073 10.4303
    endloop
  endfacet
  facet normal 0 0.903973 -0.427589
    outer loop
      vertex 60.5889 4.50073 10.4303
      vertex 72.65 4.4294 10.2795
      vertex 60.5659 4.4294 10.2795
    endloop
  endfacet
  facet normal 0 -0.857731 -0.514099
    outer loop
      vertex 75.35 7.49927 10.4303
      vertex 79.3893 7.4135 10.5734
      vertex 75.35 7.4135 10.5734
    endloop
  endfacet
  facet normal 0 -0.857731 -0.514099
    outer loop
      vertex 79.3893 7.4135 10.5734
      vertex 75.35 7.49927 10.4303
      vertex 79.4111 7.49927 10.4303
    endloop
  endfacet
  facet normal -0 -0.857731 -0.514099
    outer loop
      vertex 72.65 7.49927 10.4303
      vertex 60.6107 7.4135 10.5734
      vertex 60.5889 7.49927 10.4303
    endloop
  endfacet
  facet normal 0 -0.857731 -0.514099
    outer loop
      vertex 60.6107 7.4135 10.5734
      vertex 72.65 7.49927 10.4303
      vertex 72.65 7.4135 10.5734
    endloop
  endfacet
  facet normal 0 0.146857 -0.989158
    outer loop
      vertex 75.35 5.66835 11.2963
      vertex 79.2755 5.83337 11.3208
      vertex 79.2792 5.66835 11.2963
    endloop
  endfacet
  facet normal 0 0.146857 -0.989158
    outer loop
      vertex 79.2755 5.83337 11.3208
      vertex 75.35 5.66835 11.2963
      vertex 75.35 5.83337 11.3208
    endloop
  endfacet
  facet normal 0 0.146857 -0.989158
    outer loop
      vertex 72.65 5.66835 11.2963
      vertex 60.7245 5.83337 11.3208
      vertex 72.65 5.83337 11.3208
    endloop
  endfacet
  facet normal 0 0.146857 -0.989158
    outer loop
      vertex 60.7245 5.83337 11.3208
      vertex 72.65 5.66835 11.2963
      vertex 60.7208 5.66835 11.2963
    endloop
  endfacet
  facet normal -0 0.243001 0.970026
    outer loop
      vertex 75.35 5.66835 7.96162
      vertex 79.781 5.50652 8.00216
      vertex 79.7872 5.66835 7.96162
    endloop
  endfacet
  facet normal 0 0.243001 0.970026
    outer loop
      vertex 79.781 5.50652 8.00216
      vertex 75.35 5.66835 7.96162
      vertex 75.35 5.50652 8.00216
    endloop
  endfacet
  facet normal 0 0.243001 0.970026
    outer loop
      vertex 72.65 5.66835 7.96162
      vertex 60.219 5.50652 8.00216
      vertex 72.65 5.50652 8.00216
    endloop
  endfacet
  facet normal 0 0.243001 0.970026
    outer loop
      vertex 60.219 5.50652 8.00216
      vertex 72.65 5.66835 7.96162
      vertex 60.2128 5.66835 7.96162
    endloop
  endfacet
  facet normal 0 -0.51379 -0.857916
    outer loop
      vertex 75.35 6.94447 11.0425
      vertex 79.3048 6.80137 11.1282
      vertex 75.35 6.80137 11.1282
    endloop
  endfacet
  facet normal 0 -0.51379 -0.857916
    outer loop
      vertex 79.3048 6.80137 11.1282
      vertex 75.35 6.94447 11.0425
      vertex 79.3178 6.94447 11.0425
    endloop
  endfacet
  facet normal 0 -0.51379 -0.857916
    outer loop
      vertex 60.6952 6.80137 11.1282
      vertex 72.65 6.94447 11.0425
      vertex 72.65 6.80137 11.1282
    endloop
  endfacet
  facet normal -0 -0.51379 -0.857916
    outer loop
      vertex 72.65 6.94447 11.0425
      vertex 60.6952 6.80137 11.1282
      vertex 60.6822 6.94447 11.0425
    endloop
  endfacet
  facet normal -0 0.998794 0.0490916
    outer loop
      vertex 75.35 4.30819 9.46233
      vertex 79.5332 4.3 9.62896
      vertex 79.5586 4.30819 9.46233
    endloop
  endfacet
  facet normal 0 0.998794 0.0490916
    outer loop
      vertex 79.5332 4.3 9.62896
      vertex 75.35 4.30819 9.46233
      vertex 75.35 4.3 9.62896
    endloop
  endfacet
  facet normal 0 0.998794 0.0490916
    outer loop
      vertex 72.65 4.30819 9.46233
      vertex 60.4668 4.3 9.62896
      vertex 72.65 4.3 9.62896
    endloop
  endfacet
  facet normal 0 0.998794 0.0490916
    outer loop
      vertex 60.4668 4.3 9.62896
      vertex 72.65 4.30819 9.46233
      vertex 60.4414 4.30819 9.46233
    endloop
  endfacet
  facet normal 0 -0.740932 0.67158
    outer loop
      vertex 75.35 7.20208 8.42688
      vertex 79.6975 7.31412 8.55049
      vertex 75.35 7.31412 8.55049
    endloop
  endfacet
  facet normal 0 -0.740932 0.67158
    outer loop
      vertex 79.6975 7.31412 8.55049
      vertex 75.35 7.20208 8.42688
      vertex 79.7163 7.20208 8.42688
    endloop
  endfacet
  facet normal 0 -0.740932 0.67158
    outer loop
      vertex 72.65 7.20208 8.42688
      vertex 60.3025 7.31412 8.55049
      vertex 60.2837 7.20208 8.42688
    endloop
  endfacet
  facet normal 0 -0.740932 0.67158
    outer loop
      vertex 60.3025 7.31412 8.55049
      vertex 72.65 7.20208 8.42688
      vertex 72.65 7.31412 8.55049
    endloop
  endfacet
  facet normal 0 -0.67158 0.740932
    outer loop
      vertex 75.35 7.07847 8.31484
      vertex 79.7163 7.20208 8.42688
      vertex 75.35 7.20208 8.42688
    endloop
  endfacet
  facet normal 0 -0.67158 0.740932
    outer loop
      vertex 79.7163 7.20208 8.42688
      vertex 75.35 7.07847 8.31484
      vertex 79.7334 7.07847 8.31484
    endloop
  endfacet
  facet normal 0 -0.67158 0.740932
    outer loop
      vertex 60.2837 7.20208 8.42688
      vertex 72.65 7.07847 8.31484
      vertex 72.65 7.20208 8.42688
    endloop
  endfacet
  facet normal 0 -0.67158 0.740932
    outer loop
      vertex 72.65 7.07847 8.31484
      vertex 60.2837 7.20208 8.42688
      vertex 60.2666 7.07847 8.31484
    endloop
  endfacet
  facet normal 0 0.427885 -0.903833
    outer loop
      vertex 75.35 5.19862 11.1282
      vertex 79.2939 5.34944 11.1996
      vertex 79.3048 5.19862 11.1282
    endloop
  endfacet
  facet normal 0 0.427885 -0.903833
    outer loop
      vertex 79.2939 5.34944 11.1996
      vertex 75.35 5.19862 11.1282
      vertex 75.35 5.34944 11.1996
    endloop
  endfacet
  facet normal 0 0.427885 -0.903833
    outer loop
      vertex 72.65 5.19862 11.1282
      vertex 60.7061 5.34944 11.1996
      vertex 72.65 5.34944 11.1996
    endloop
  endfacet
  facet normal 0 0.427885 -0.903833
    outer loop
      vertex 60.7061 5.34944 11.1996
      vertex 72.65 5.19862 11.1282
      vertex 60.6952 5.19862 11.1282
    endloop
  endfacet
  facet normal 0 0.998794 -0.0490916
    outer loop
      vertex 75.35 4.3 9.62896
      vertex 79.5078 4.30819 9.79559
      vertex 79.5332 4.3 9.62896
    endloop
  endfacet
  facet normal 0 0.998794 -0.0490916
    outer loop
      vertex 79.5078 4.30819 9.79559
      vertex 75.35 4.3 9.62896
      vertex 75.35 4.30819 9.79559
    endloop
  endfacet
  facet normal 0 0.998794 -0.0490916
    outer loop
      vertex 72.65 4.3 9.62896
      vertex 60.4922 4.30819 9.79559
      vertex 72.65 4.30819 9.79559
    endloop
  endfacet
  facet normal 0 0.998794 -0.0490916
    outer loop
      vertex 60.4922 4.30819 9.79559
      vertex 72.65 4.3 9.62896
      vertex 60.4668 4.3 9.62896
    endloop
  endfacet
  facet normal -0 0.740932 0.67158
    outer loop
      vertex 75.35 4.79792 8.42688
      vertex 79.6975 4.68588 8.55049
      vertex 79.7163 4.79792 8.42688
    endloop
  endfacet
  facet normal 0 0.740932 0.67158
    outer loop
      vertex 79.6975 4.68588 8.55049
      vertex 75.35 4.79792 8.42688
      vertex 75.35 4.68588 8.55049
    endloop
  endfacet
  facet normal 0 0.740932 0.67158
    outer loop
      vertex 72.65 4.79792 8.42688
      vertex 60.3025 4.68588 8.55049
      vertex 72.65 4.68588 8.55049
    endloop
  endfacet
  facet normal 0 0.740932 0.67158
    outer loop
      vertex 60.3025 4.68588 8.55049
      vertex 72.65 4.79792 8.42688
      vertex 60.2837 4.79792 8.42688
    endloop
  endfacet
  facet normal 0 0.336868 -0.941552
    outer loop
      vertex 75.35 5.34944 11.1996
      vertex 79.2854 5.50652 11.2558
      vertex 79.2939 5.34944 11.1996
    endloop
  endfacet
  facet normal 0 0.336868 -0.941552
    outer loop
      vertex 79.2854 5.50652 11.2558
      vertex 75.35 5.34944 11.1996
      vertex 75.35 5.50652 11.2558
    endloop
  endfacet
  facet normal 0 0.336868 -0.941552
    outer loop
      vertex 72.65 5.34944 11.1996
      vertex 60.7146 5.50652 11.2558
      vertex 72.65 5.50652 11.2558
    endloop
  endfacet
  facet normal 0 0.336868 -0.941552
    outer loop
      vertex 60.7146 5.50652 11.2558
      vertex 72.65 5.34944 11.1996
      vertex 60.7061 5.34944 11.1996
    endloop
  endfacet
  facet normal -0 0.970026 0.243001
    outer loop
      vertex 75.35 4.3732 9.13547
      vertex 79.5837 4.33266 9.2973
      vertex 79.6083 4.3732 9.13547
    endloop
  endfacet
  facet normal 0 0.970026 0.243001
    outer loop
      vertex 79.5837 4.33266 9.2973
      vertex 75.35 4.3732 9.13547
      vertex 75.35 4.33266 9.2973
    endloop
  endfacet
  facet normal 0 0.970026 0.243001
    outer loop
      vertex 72.65 4.3732 9.13547
      vertex 60.4163 4.33266 9.2973
      vertex 72.65 4.33266 9.2973
    endloop
  endfacet
  facet normal 0 0.970026 0.243001
    outer loop
      vertex 60.4163 4.33266 9.2973
      vertex 72.65 4.3732 9.13547
      vertex 60.3917 4.3732 9.13547
    endloop
  endfacet
  facet normal 0 0.803211 -0.595695
    outer loop
      vertex 75.35 4.5865 10.5734
      vertex 79.3689 4.68588 10.7074
      vertex 79.3893 4.5865 10.5734
    endloop
  endfacet
  facet normal 0 0.803211 -0.595695
    outer loop
      vertex 79.3689 4.68588 10.7074
      vertex 75.35 4.5865 10.5734
      vertex 75.35 4.68588 10.7074
    endloop
  endfacet
  facet normal 0 0.803211 -0.595695
    outer loop
      vertex 72.65 4.5865 10.5734
      vertex 60.6311 4.68588 10.7074
      vertex 72.65 4.68588 10.7074
    endloop
  endfacet
  facet normal 0 0.803211 -0.595695
    outer loop
      vertex 60.6311 4.68588 10.7074
      vertex 72.65 4.5865 10.5734
      vertex 60.6107 4.5865 10.5734
    endloop
  endfacet
  facet normal -0 0.595695 0.803211
    outer loop
      vertex 75.35 5.05553 8.21546
      vertex 79.7334 4.92153 8.31484
      vertex 79.7485 5.05553 8.21546
    endloop
  endfacet
  facet normal 0 0.595695 0.803211
    outer loop
      vertex 79.7334 4.92153 8.31484
      vertex 75.35 5.05553 8.21546
      vertex 75.35 4.92153 8.31484
    endloop
  endfacet
  facet normal 0 0.595695 0.803211
    outer loop
      vertex 72.65 5.05553 8.21546
      vertex 60.2666 4.92153 8.31484
      vertex 72.65 4.92153 8.31484
    endloop
  endfacet
  facet normal 0 0.595695 0.803211
    outer loop
      vertex 60.2666 4.92153 8.31484
      vertex 72.65 5.05553 8.21546
      vertex 60.2515 5.05553 8.21546
    endloop
  endfacet
  facet normal 0 -0.989175 -0.14674
    outer loop
      vertex 75.35 7.69181 9.79559
      vertex 79.4827 7.66733 9.96061
      vertex 75.35 7.66733 9.96061
    endloop
  endfacet
  facet normal 0 -0.989175 -0.14674
    outer loop
      vertex 79.4827 7.66733 9.96061
      vertex 75.35 7.69181 9.79559
      vertex 79.5078 7.69181 9.79559
    endloop
  endfacet
  facet normal -0 -0.989175 -0.14674
    outer loop
      vertex 72.65 7.69181 9.79559
      vertex 60.5173 7.66733 9.96061
      vertex 60.4922 7.69181 9.79559
    endloop
  endfacet
  facet normal 0 -0.989175 -0.14674
    outer loop
      vertex 60.5173 7.66733 9.96061
      vertex 72.65 7.69181 9.79559
      vertex 72.65 7.66733 9.96061
    endloop
  endfacet
  facet normal 0 -0.514099 0.857731
    outer loop
      vertex 75.35 6.80137 8.12969
      vertex 79.7485 6.94447 8.21546
      vertex 75.35 6.94447 8.21546
    endloop
  endfacet
  facet normal 0 -0.514099 0.857731
    outer loop
      vertex 79.7485 6.94447 8.21546
      vertex 75.35 6.80137 8.12969
      vertex 79.7616 6.80137 8.12969
    endloop
  endfacet
  facet normal 0 -0.514099 0.857731
    outer loop
      vertex 60.2515 6.94447 8.21546
      vertex 72.65 6.80137 8.12969
      vertex 72.65 6.94447 8.21546
    endloop
  endfacet
  facet normal 0 -0.514099 0.857731
    outer loop
      vertex 72.65 6.80137 8.12969
      vertex 60.2515 6.94447 8.21546
      vertex 60.2384 6.80137 8.12969
    endloop
  endfacet
  facet normal 0 0.941566 -0.33683
    outer loop
      vertex 75.35 4.3732 10.1224
      vertex 79.4341 4.4294 10.2795
      vertex 79.458 4.3732 10.1224
    endloop
  endfacet
  facet normal 0 0.941566 -0.33683
    outer loop
      vertex 79.4341 4.4294 10.2795
      vertex 75.35 4.3732 10.1224
      vertex 75.35 4.4294 10.2795
    endloop
  endfacet
  facet normal 0 0.941566 -0.33683
    outer loop
      vertex 72.65 4.3732 10.1224
      vertex 60.5659 4.4294 10.2795
      vertex 72.65 4.4294 10.2795
    endloop
  endfacet
  facet normal 0 0.941566 -0.33683
    outer loop
      vertex 60.5659 4.4294 10.2795
      vertex 72.65 4.3732 10.1224
      vertex 60.542 4.3732 10.1224
    endloop
  endfacet
  facet normal -0 0.989185 0.146672
    outer loop
      vertex 75.35 4.33266 9.2973
      vertex 79.5586 4.30819 9.46233
      vertex 79.5837 4.33266 9.2973
    endloop
  endfacet
  facet normal 0 0.989185 0.146672
    outer loop
      vertex 79.5586 4.30819 9.46233
      vertex 75.35 4.33266 9.2973
      vertex 75.35 4.30819 9.46233
    endloop
  endfacet
  facet normal 0 0.989185 0.146672
    outer loop
      vertex 72.65 4.33266 9.2973
      vertex 60.4414 4.30819 9.46233
      vertex 72.65 4.30819 9.46233
    endloop
  endfacet
  facet normal 0 0.989185 0.146672
    outer loop
      vertex 60.4414 4.30819 9.46233
      vertex 72.65 4.33266 9.2973
      vertex 60.4163 4.33266 9.2973
    endloop
  endfacet
  facet normal -0 0.514125 0.857715
    outer loop
      vertex 75.35 5.19862 8.12969
      vertex 79.7485 5.05553 8.21546
      vertex 79.7616 5.19862 8.12969
    endloop
  endfacet
  facet normal 0 0.514125 0.857715
    outer loop
      vertex 79.7485 5.05553 8.21546
      vertex 75.35 5.19862 8.12969
      vertex 75.35 5.05553 8.21546
    endloop
  endfacet
  facet normal 0 0.514125 0.857715
    outer loop
      vertex 72.65 5.19862 8.12969
      vertex 60.2515 5.05553 8.21546
      vertex 72.65 5.05553 8.21546
    endloop
  endfacet
  facet normal 0 0.514125 0.857715
    outer loop
      vertex 60.2515 5.05553 8.21546
      vertex 72.65 5.19862 8.12969
      vertex 60.2384 5.19862 8.12969
    endloop
  endfacet
  facet normal -0 0.857715 0.514125
    outer loop
      vertex 75.35 4.5865 8.68449
      vertex 79.6553 4.50073 8.82758
      vertex 79.677 4.5865 8.68449
    endloop
  endfacet
  facet normal 0 0.857715 0.514125
    outer loop
      vertex 79.6553 4.50073 8.82758
      vertex 75.35 4.5865 8.68449
      vertex 75.35 4.50073 8.82758
    endloop
  endfacet
  facet normal 0 0.857715 0.514125
    outer loop
      vertex 72.65 4.5865 8.68449
      vertex 60.3447 4.50073 8.82758
      vertex 72.65 4.50073 8.82758
    endloop
  endfacet
  facet normal 0 0.857715 0.514125
    outer loop
      vertex 60.3447 4.50073 8.82758
      vertex 72.65 4.5865 8.68449
      vertex 60.323 4.5865 8.68449
    endloop
  endfacet
  facet normal 0 -0.0490318 0.998797
    outer loop
      vertex 75.35 6.16663 7.93714
      vertex 79.7921 6 7.92896
      vertex 79.7909 6.16663 7.93714
    endloop
  endfacet
  facet normal 0 -0.0490318 0.998797
    outer loop
      vertex 79.7921 6 7.92896
      vertex 75.35 6.16663 7.93714
      vertex 75.35 6 7.92896
    endloop
  endfacet
  facet normal 0 -0.0490318 0.998797
    outer loop
      vertex 60.2091 6.16663 7.93714
      vertex 72.65 6 7.92896
      vertex 72.65 6.16663 7.93714
    endloop
  endfacet
  facet normal 0 -0.0490318 0.998797
    outer loop
      vertex 72.65 6 7.92896
      vertex 60.2091 6.16663 7.93714
      vertex 60.2079 6 7.92896
    endloop
  endfacet
  facet normal -0 0.0490318 0.998797
    outer loop
      vertex 75.35 6 7.92896
      vertex 79.7909 5.83337 7.93714
      vertex 79.7921 6 7.92896
    endloop
  endfacet
  facet normal 0 0.0490318 0.998797
    outer loop
      vertex 79.7909 5.83337 7.93714
      vertex 75.35 6 7.92896
      vertex 75.35 5.83337 7.93714
    endloop
  endfacet
  facet normal 0 0.0490318 0.998797
    outer loop
      vertex 72.65 6 7.92896
      vertex 60.2091 5.83337 7.93714
      vertex 72.65 5.83337 7.93714
    endloop
  endfacet
  facet normal 0 0.0490318 0.998797
    outer loop
      vertex 60.2091 5.83337 7.93714
      vertex 72.65 6 7.92896
      vertex 60.2079 6 7.92896
    endloop
  endfacet
  facet normal 0 -0.595695 0.803211
    outer loop
      vertex 75.35 6.94447 8.21546
      vertex 79.7334 7.07847 8.31484
      vertex 75.35 7.07847 8.31484
    endloop
  endfacet
  facet normal 0 -0.595695 0.803211
    outer loop
      vertex 79.7334 7.07847 8.31484
      vertex 75.35 6.94447 8.21546
      vertex 79.7485 6.94447 8.21546
    endloop
  endfacet
  facet normal 0 -0.595695 0.803211
    outer loop
      vertex 60.2666 7.07847 8.31484
      vertex 72.65 6.94447 8.21546
      vertex 72.65 7.07847 8.31484
    endloop
  endfacet
  facet normal 0 -0.595695 0.803211
    outer loop
      vertex 72.65 6.94447 8.21546
      vertex 60.2666 7.07847 8.31484
      vertex 60.2515 6.94447 8.21546
    endloop
  endfacet
  facet normal 1 0 0
    outer loop
      vertex 72.65 7.69181 9.46233
      vertex 72.65 8.9 12.529
      vertex 72.65 7.7 9.62896
    endloop
  endfacet
  facet normal 1 0 0
    outer loop
      vertex 72.65 8.9 12.529
      vertex 72.65 7.69181 9.79559
      vertex 72.65 7.7 9.62896
    endloop
  endfacet
  facet normal 1 0 0
    outer loop
      vertex 72.65 8.9 12.529
      vertex 72.65 7.66733 9.96061
      vertex 72.65 7.69181 9.79559
    endloop
  endfacet
  facet normal 1 0 0
    outer loop
      vertex 72.65 8.9 12.529
      vertex 72.65 7.6268 10.1224
      vertex 72.65 7.66733 9.96061
    endloop
  endfacet
  facet normal 1 0 0
    outer loop
      vertex 72.65 8.9 12.529
      vertex 72.65 7.57059 10.2795
      vertex 72.65 7.6268 10.1224
    endloop
  endfacet
  facet normal 1 0 0
    outer loop
      vertex 72.65 8.9 12.529
      vertex 72.65 7.49927 10.4303
      vertex 72.65 7.57059 10.2795
    endloop
  endfacet
  facet normal 1 0 0
    outer loop
      vertex 72.65 8.9 12.529
      vertex 72.65 7.4135 10.5734
      vertex 72.65 7.49927 10.4303
    endloop
  endfacet
  facet normal 1 0 0
    outer loop
      vertex 72.65 8.9 12.529
      vertex 72.65 7.31412 10.7074
      vertex 72.65 7.4135 10.5734
    endloop
  endfacet
  facet normal 1 0 0
    outer loop
      vertex 72.65 8.9 12.529
      vertex 72.65 7.20208 10.831
      vertex 72.65 7.31412 10.7074
    endloop
  endfacet
  facet normal 1 0 0
    outer loop
      vertex 72.65 8.9 12.529
      vertex 72.65 7.07847 10.9431
      vertex 72.65 7.20208 10.831
    endloop
  endfacet
  facet normal 1 0 0
    outer loop
      vertex 72.65 8.9 12.529
      vertex 72.65 6.94447 11.0425
      vertex 72.65 7.07847 10.9431
    endloop
  endfacet
  facet normal 1 0 0
    outer loop
      vertex 72.65 8.9 12.529
      vertex 72.65 6.80137 11.1282
      vertex 72.65 6.94447 11.0425
    endloop
  endfacet
  facet normal 1 0 0
    outer loop
      vertex 72.65 8.9 12.529
      vertex 72.65 6.65056 11.1996
      vertex 72.65 6.80137 11.1282
    endloop
  endfacet
  facet normal 1 0 0
    outer loop
      vertex 72.65 8.9 12.529
      vertex 72.65 6.49348 11.2558
      vertex 72.65 6.65056 11.1996
    endloop
  endfacet
  facet normal 1 0 0
    outer loop
      vertex 72.65 8.9 12.529
      vertex 72.65 6.33165 11.2963
      vertex 72.65 6.49348 11.2558
    endloop
  endfacet
  facet normal 1 0 0
    outer loop
      vertex 72.65 8.9 12.529
      vertex 72.65 6.16663 11.3208
      vertex 72.65 6.33165 11.2963
    endloop
  endfacet
  facet normal 1 0 0
    outer loop
      vertex 72.65 8.9 12.529
      vertex 72.65 6 11.329
      vertex 72.65 6.16663 11.3208
    endloop
  endfacet
  facet normal 1 -0 0
    outer loop
      vertex 72.65 3.1 12.529
      vertex 72.65 6 11.329
      vertex 72.65 8.9 12.529
    endloop
  endfacet
  facet normal 1 0 0
    outer loop
      vertex 72.65 6 11.329
      vertex 72.65 3.1 12.529
      vertex 72.65 5.83337 11.3208
    endloop
  endfacet
  facet normal 1 0 0
    outer loop
      vertex 72.65 5.83337 11.3208
      vertex 72.65 3.1 12.529
      vertex 72.65 5.66835 11.2963
    endloop
  endfacet
  facet normal 1 0 0
    outer loop
      vertex 72.65 5.66835 11.2963
      vertex 72.65 3.1 12.529
      vertex 72.65 5.50652 11.2558
    endloop
  endfacet
  facet normal 1 0 0
    outer loop
      vertex 72.65 4.30819 9.79559
      vertex 72.65 3.1 12.529
      vertex 72.65 4.3 9.62896
    endloop
  endfacet
  facet normal 1 0 0
    outer loop
      vertex 72.65 4.33266 9.96061
      vertex 72.65 3.1 12.529
      vertex 72.65 4.30819 9.79559
    endloop
  endfacet
  facet normal 1 0 0
    outer loop
      vertex 72.65 4.3732 10.1224
      vertex 72.65 3.1 12.529
      vertex 72.65 4.33266 9.96061
    endloop
  endfacet
  facet normal 1 0 0
    outer loop
      vertex 72.65 4.4294 10.2795
      vertex 72.65 3.1 12.529
      vertex 72.65 4.3732 10.1224
    endloop
  endfacet
  facet normal 1 0 0
    outer loop
      vertex 72.65 4.50073 10.4303
      vertex 72.65 3.1 12.529
      vertex 72.65 4.4294 10.2795
    endloop
  endfacet
  facet normal 1 0 0
    outer loop
      vertex 72.65 4.5865 10.5734
      vertex 72.65 3.1 12.529
      vertex 72.65 4.50073 10.4303
    endloop
  endfacet
  facet normal 1 0 0
    outer loop
      vertex 72.65 4.68588 10.7074
      vertex 72.65 3.1 12.529
      vertex 72.65 4.5865 10.5734
    endloop
  endfacet
  facet normal 1 0 0
    outer loop
      vertex 72.65 4.79792 10.831
      vertex 72.65 3.1 12.529
      vertex 72.65 4.68588 10.7074
    endloop
  endfacet
  facet normal 1 0 0
    outer loop
      vertex 72.65 4.92153 10.9431
      vertex 72.65 3.1 12.529
      vertex 72.65 4.79792 10.831
    endloop
  endfacet
  facet normal 1 0 0
    outer loop
      vertex 72.65 5.05553 11.0425
      vertex 72.65 3.1 12.529
      vertex 72.65 4.92153 10.9431
    endloop
  endfacet
  facet normal 1 0 0
    outer loop
      vertex 72.65 5.19862 11.1282
      vertex 72.65 3.1 12.529
      vertex 72.65 5.05553 11.0425
    endloop
  endfacet
  facet normal 1 0 0
    outer loop
      vertex 72.65 5.34944 11.1996
      vertex 72.65 3.1 12.529
      vertex 72.65 5.19862 11.1282
    endloop
  endfacet
  facet normal 1 0 0
    outer loop
      vertex 72.65 5.50652 11.2558
      vertex 72.65 3.1 12.529
      vertex 72.65 5.34944 11.1996
    endloop
  endfacet
  facet normal 1 0 0
    outer loop
      vertex 72.65 7.66733 9.2973
      vertex 72.65 8.9 12.529
      vertex 72.65 7.69181 9.46233
    endloop
  endfacet
  facet normal 1 0 0
    outer loop
      vertex 72.65 8.9 12.529
      vertex 72.65 7.66733 9.2973
      vertex 72.65 8.9 5.90146e-06
    endloop
  endfacet
  facet normal 1 -0 0
    outer loop
      vertex 72.65 7.6268 9.13547
      vertex 72.65 8.9 5.90146e-06
      vertex 72.65 7.66733 9.2973
    endloop
  endfacet
  facet normal 1 -0 0
    outer loop
      vertex 72.65 7.57059 8.9784
      vertex 72.65 8.9 5.90146e-06
      vertex 72.65 7.6268 9.13547
    endloop
  endfacet
  facet normal 1 -0 0
    outer loop
      vertex 72.65 7.49927 8.82758
      vertex 72.65 8.9 5.90146e-06
      vertex 72.65 7.57059 8.9784
    endloop
  endfacet
  facet normal 1 -0 0
    outer loop
      vertex 72.65 7.4135 8.68449
      vertex 72.65 8.9 5.90146e-06
      vertex 72.65 7.49927 8.82758
    endloop
  endfacet
  facet normal 1 -0 0
    outer loop
      vertex 72.65 7.31412 8.55049
      vertex 72.65 8.9 5.90146e-06
      vertex 72.65 7.4135 8.68449
    endloop
  endfacet
  facet normal 1 -0 0
    outer loop
      vertex 72.65 7.20208 8.42688
      vertex 72.65 8.9 5.90146e-06
      vertex 72.65 7.31412 8.55049
    endloop
  endfacet
  facet normal 1 -0 0
    outer loop
      vertex 72.65 7.07847 8.31484
      vertex 72.65 8.9 5.90146e-06
      vertex 72.65 7.20208 8.42688
    endloop
  endfacet
  facet normal 1 -0 0
    outer loop
      vertex 72.65 6.94447 8.21546
      vertex 72.65 8.9 5.90146e-06
      vertex 72.65 7.07847 8.31484
    endloop
  endfacet
  facet normal 1 -0 0
    outer loop
      vertex 72.65 6.80137 8.12969
      vertex 72.65 8.9 5.90146e-06
      vertex 72.65 6.94447 8.21546
    endloop
  endfacet
  facet normal 1 -0 0
    outer loop
      vertex 72.65 6.65056 8.05836
      vertex 72.65 8.9 5.90146e-06
      vertex 72.65 6.80137 8.12969
    endloop
  endfacet
  facet normal 1 -0 0
    outer loop
      vertex 72.65 6.49348 8.00216
      vertex 72.65 8.9 5.90146e-06
      vertex 72.65 6.65056 8.05836
    endloop
  endfacet
  facet normal 1 -0 0
    outer loop
      vertex 72.65 6.33165 7.96162
      vertex 72.65 8.9 5.90146e-06
      vertex 72.65 6.49348 8.00216
    endloop
  endfacet
  facet normal 1 -0 0
    outer loop
      vertex 72.65 6.16663 7.93714
      vertex 72.65 8.9 5.90146e-06
      vertex 72.65 6.33165 7.96162
    endloop
  endfacet
  facet normal 1 -0 0
    outer loop
      vertex 72.65 6 7.92896
      vertex 72.65 8.9 5.90146e-06
      vertex 72.65 6.16663 7.93714
    endloop
  endfacet
  facet normal 1 0 0
    outer loop
      vertex 72.65 3.1 5.90146e-06
      vertex 72.65 6 7.92896
      vertex 72.65 5.83337 7.93714
    endloop
  endfacet
  facet normal 1 0 0
    outer loop
      vertex 72.65 3.1 5.90146e-06
      vertex 72.65 5.83337 7.93714
      vertex 72.65 5.66835 7.96162
    endloop
  endfacet
  facet normal 1 0 0
    outer loop
      vertex 72.65 3.1 5.90146e-06
      vertex 72.65 5.66835 7.96162
      vertex 72.65 5.50652 8.00216
    endloop
  endfacet
  facet normal 1 0 0
    outer loop
      vertex 72.65 3.1 5.90146e-06
      vertex 72.65 5.50652 8.00216
      vertex 72.65 5.34944 8.05836
    endloop
  endfacet
  facet normal 1 0 0
    outer loop
      vertex 72.65 3.1 5.90146e-06
      vertex 72.65 5.34944 8.05836
      vertex 72.65 5.19862 8.12969
    endloop
  endfacet
  facet normal 1 0 0
    outer loop
      vertex 72.65 3.1 5.90146e-06
      vertex 72.65 5.19862 8.12969
      vertex 72.65 5.05553 8.21546
    endloop
  endfacet
  facet normal 1 0 0
    outer loop
      vertex 72.65 3.1 5.90146e-06
      vertex 72.65 5.05553 8.21546
      vertex 72.65 4.92153 8.31484
    endloop
  endfacet
  facet normal 1 0 0
    outer loop
      vertex 72.65 3.1 5.90146e-06
      vertex 72.65 4.92153 8.31484
      vertex 72.65 4.79792 8.42688
    endloop
  endfacet
  facet normal 1 0 0
    outer loop
      vertex 72.65 3.1 5.90146e-06
      vertex 72.65 4.79792 8.42688
      vertex 72.65 4.68588 8.55049
    endloop
  endfacet
  facet normal 1 0 0
    outer loop
      vertex 72.65 3.1 5.90146e-06
      vertex 72.65 4.68588 8.55049
      vertex 72.65 4.5865 8.68449
    endloop
  endfacet
  facet normal 1 0 0
    outer loop
      vertex 72.65 3.1 5.90146e-06
      vertex 72.65 4.5865 8.68449
      vertex 72.65 4.50073 8.82758
    endloop
  endfacet
  facet normal 1 0 0
    outer loop
      vertex 72.65 3.1 12.529
      vertex 72.65 4.30819 9.46233
      vertex 72.65 4.3 9.62896
    endloop
  endfacet
  facet normal 1 0 0
    outer loop
      vertex 72.65 3.1 12.529
      vertex 72.65 4.33266 9.2973
      vertex 72.65 4.30819 9.46233
    endloop
  endfacet
  facet normal 1 0 0
    outer loop
      vertex 72.65 3.1 5.90146e-06
      vertex 72.65 4.33266 9.2973
      vertex 72.65 3.1 12.529
    endloop
  endfacet
  facet normal 1 0 0
    outer loop
      vertex 72.65 4.33266 9.2973
      vertex 72.65 3.1 5.90146e-06
      vertex 72.65 4.3732 9.13547
    endloop
  endfacet
  facet normal 1 0 0
    outer loop
      vertex 72.65 6 7.92896
      vertex 72.65 3.1 5.90146e-06
      vertex 72.65 8.9 5.90146e-06
    endloop
  endfacet
  facet normal 1 0 0
    outer loop
      vertex 72.65 4.4294 8.9784
      vertex 72.65 3.1 5.90146e-06
      vertex 72.65 4.50073 8.82758
    endloop
  endfacet
  facet normal 1 0 0
    outer loop
      vertex 72.65 4.3732 9.13547
      vertex 72.65 3.1 5.90146e-06
      vertex 72.65 4.4294 8.9784
    endloop
  endfacet
  facet normal 0 0 -1
    outer loop
      vertex 72.65 3.1 12.529
      vertex 75.35 8.9 12.529
      vertex 75.35 3.1 12.529
    endloop
  endfacet
  facet normal -0 0 -1
    outer loop
      vertex 75.35 8.9 12.529
      vertex 72.65 3.1 12.529
      vertex 72.65 8.9 12.529
    endloop
  endfacet
  facet normal -1 0 0
    outer loop
      vertex 75.35 7.66733 9.2973
      vertex 75.35 8.9 12.529
      vertex 75.35 8.9 5.90146e-06
    endloop
  endfacet
  facet normal -1 0 0
    outer loop
      vertex 75.35 8.9 12.529
      vertex 75.35 7.69181 9.46233
      vertex 75.35 7.7 9.62896
    endloop
  endfacet
  facet normal -1 0 0
    outer loop
      vertex 75.35 8.9 12.529
      vertex 75.35 7.66733 9.2973
      vertex 75.35 7.69181 9.46233
    endloop
  endfacet
  facet normal -1 0 0
    outer loop
      vertex 75.35 8.9 5.90146e-06
      vertex 75.35 7.6268 9.13547
      vertex 75.35 7.66733 9.2973
    endloop
  endfacet
  facet normal -1 0 0
    outer loop
      vertex 75.35 8.9 5.90146e-06
      vertex 75.35 7.57059 8.9784
      vertex 75.35 7.6268 9.13547
    endloop
  endfacet
  facet normal -1 0 0
    outer loop
      vertex 75.35 8.9 5.90146e-06
      vertex 75.35 7.49927 8.82758
      vertex 75.35 7.57059 8.9784
    endloop
  endfacet
  facet normal -1 0 0
    outer loop
      vertex 75.35 8.9 5.90146e-06
      vertex 75.35 7.4135 8.68449
      vertex 75.35 7.49927 8.82758
    endloop
  endfacet
  facet normal -1 0 0
    outer loop
      vertex 75.35 8.9 5.90146e-06
      vertex 75.35 7.31412 8.55049
      vertex 75.35 7.4135 8.68449
    endloop
  endfacet
  facet normal -1 0 0
    outer loop
      vertex 75.35 8.9 5.90146e-06
      vertex 75.35 7.20208 8.42688
      vertex 75.35 7.31412 8.55049
    endloop
  endfacet
  facet normal -1 0 0
    outer loop
      vertex 75.35 8.9 5.90146e-06
      vertex 75.35 7.07847 8.31484
      vertex 75.35 7.20208 8.42688
    endloop
  endfacet
  facet normal -1 0 0
    outer loop
      vertex 75.35 8.9 5.90146e-06
      vertex 75.35 6.94447 8.21546
      vertex 75.35 7.07847 8.31484
    endloop
  endfacet
  facet normal -1 0 0
    outer loop
      vertex 75.35 8.9 5.90146e-06
      vertex 75.35 6.80137 8.12969
      vertex 75.35 6.94447 8.21546
    endloop
  endfacet
  facet normal -1 0 0
    outer loop
      vertex 75.35 8.9 5.90146e-06
      vertex 75.35 6.65056 8.05836
      vertex 75.35 6.80137 8.12969
    endloop
  endfacet
  facet normal -1 0 0
    outer loop
      vertex 75.35 8.9 5.90146e-06
      vertex 75.35 6.49348 8.00216
      vertex 75.35 6.65056 8.05836
    endloop
  endfacet
  facet normal -1 0 0
    outer loop
      vertex 75.35 8.9 5.90146e-06
      vertex 75.35 6.33165 7.96162
      vertex 75.35 6.49348 8.00216
    endloop
  endfacet
  facet normal -1 0 0
    outer loop
      vertex 75.35 8.9 5.90146e-06
      vertex 75.35 6.16663 7.93714
      vertex 75.35 6.33165 7.96162
    endloop
  endfacet
  facet normal -1 0 0
    outer loop
      vertex 75.35 8.9 5.90146e-06
      vertex 75.35 6 7.92896
      vertex 75.35 6.16663 7.93714
    endloop
  endfacet
  facet normal -1 0 0
    outer loop
      vertex 75.35 3.1 5.90146e-06
      vertex 75.35 6 7.92896
      vertex 75.35 8.9 5.90146e-06
    endloop
  endfacet
  facet normal -1 -0 0
    outer loop
      vertex 75.35 6 7.92896
      vertex 75.35 3.1 5.90146e-06
      vertex 75.35 5.83337 7.93714
    endloop
  endfacet
  facet normal -1 -0 0
    outer loop
      vertex 75.35 5.83337 7.93714
      vertex 75.35 3.1 5.90146e-06
      vertex 75.35 5.66835 7.96162
    endloop
  endfacet
  facet normal -1 -0 0
    outer loop
      vertex 75.35 5.66835 7.96162
      vertex 75.35 3.1 5.90146e-06
      vertex 75.35 5.50652 8.00216
    endloop
  endfacet
  facet normal -1 -0 0
    outer loop
      vertex 75.35 5.50652 8.00216
      vertex 75.35 3.1 5.90146e-06
      vertex 75.35 5.34944 8.05836
    endloop
  endfacet
  facet normal -1 -0 0
    outer loop
      vertex 75.35 5.34944 8.05836
      vertex 75.35 3.1 5.90146e-06
      vertex 75.35 5.19862 8.12969
    endloop
  endfacet
  facet normal -1 -0 0
    outer loop
      vertex 75.35 5.19862 8.12969
      vertex 75.35 3.1 5.90146e-06
      vertex 75.35 5.05553 8.21546
    endloop
  endfacet
  facet normal -1 -0 0
    outer loop
      vertex 75.35 5.05553 8.21546
      vertex 75.35 3.1 5.90146e-06
      vertex 75.35 4.92153 8.31484
    endloop
  endfacet
  facet normal -1 -0 0
    outer loop
      vertex 75.35 4.92153 8.31484
      vertex 75.35 3.1 5.90146e-06
      vertex 75.35 4.79792 8.42688
    endloop
  endfacet
  facet normal -1 -0 0
    outer loop
      vertex 75.35 4.79792 8.42688
      vertex 75.35 3.1 5.90146e-06
      vertex 75.35 4.68588 8.55049
    endloop
  endfacet
  facet normal -1 -0 0
    outer loop
      vertex 75.35 4.68588 8.55049
      vertex 75.35 3.1 5.90146e-06
      vertex 75.35 4.5865 8.68449
    endloop
  endfacet
  facet normal -1 0 0
    outer loop
      vertex 75.35 4.33266 9.2973
      vertex 75.35 3.1 12.529
      vertex 75.35 4.30819 9.46233
    endloop
  endfacet
  facet normal -1 0 0
    outer loop
      vertex 75.35 3.1 12.529
      vertex 75.35 4.33266 9.2973
      vertex 75.35 3.1 5.90146e-06
    endloop
  endfacet
  facet normal -1 -0 0
    outer loop
      vertex 75.35 4.3732 9.13547
      vertex 75.35 3.1 5.90146e-06
      vertex 75.35 4.33266 9.2973
    endloop
  endfacet
  facet normal -1 -0 0
    outer loop
      vertex 75.35 4.4294 8.9784
      vertex 75.35 3.1 5.90146e-06
      vertex 75.35 4.3732 9.13547
    endloop
  endfacet
  facet normal -1 -0 0
    outer loop
      vertex 75.35 4.50073 8.82758
      vertex 75.35 3.1 5.90146e-06
      vertex 75.35 4.4294 8.9784
    endloop
  endfacet
  facet normal -1 -0 0
    outer loop
      vertex 75.35 4.5865 8.68449
      vertex 75.35 3.1 5.90146e-06
      vertex 75.35 4.50073 8.82758
    endloop
  endfacet
  facet normal -1 0 0
    outer loop
      vertex 75.35 7.69181 9.79559
      vertex 75.35 8.9 12.529
      vertex 75.35 7.7 9.62896
    endloop
  endfacet
  facet normal -1 0 0
    outer loop
      vertex 75.35 7.66733 9.96061
      vertex 75.35 8.9 12.529
      vertex 75.35 7.69181 9.79559
    endloop
  endfacet
  facet normal -1 0 0
    outer loop
      vertex 75.35 7.6268 10.1224
      vertex 75.35 8.9 12.529
      vertex 75.35 7.66733 9.96061
    endloop
  endfacet
  facet normal -1 0 0
    outer loop
      vertex 75.35 7.57059 10.2795
      vertex 75.35 8.9 12.529
      vertex 75.35 7.6268 10.1224
    endloop
  endfacet
  facet normal -1 0 0
    outer loop
      vertex 75.35 7.49927 10.4303
      vertex 75.35 8.9 12.529
      vertex 75.35 7.57059 10.2795
    endloop
  endfacet
  facet normal -1 0 0
    outer loop
      vertex 75.35 7.4135 10.5734
      vertex 75.35 8.9 12.529
      vertex 75.35 7.49927 10.4303
    endloop
  endfacet
  facet normal -1 0 0
    outer loop
      vertex 75.35 7.31412 10.7074
      vertex 75.35 8.9 12.529
      vertex 75.35 7.4135 10.5734
    endloop
  endfacet
  facet normal -1 0 0
    outer loop
      vertex 75.35 7.20208 10.831
      vertex 75.35 8.9 12.529
      vertex 75.35 7.31412 10.7074
    endloop
  endfacet
  facet normal -1 0 0
    outer loop
      vertex 75.35 7.07847 10.9431
      vertex 75.35 8.9 12.529
      vertex 75.35 7.20208 10.831
    endloop
  endfacet
  facet normal -1 0 0
    outer loop
      vertex 75.35 6.94447 11.0425
      vertex 75.35 8.9 12.529
      vertex 75.35 7.07847 10.9431
    endloop
  endfacet
  facet normal -1 0 0
    outer loop
      vertex 75.35 6.80137 11.1282
      vertex 75.35 8.9 12.529
      vertex 75.35 6.94447 11.0425
    endloop
  endfacet
  facet normal -1 0 0
    outer loop
      vertex 75.35 6.65056 11.1996
      vertex 75.35 8.9 12.529
      vertex 75.35 6.80137 11.1282
    endloop
  endfacet
  facet normal -1 0 0
    outer loop
      vertex 75.35 6.49348 11.2558
      vertex 75.35 8.9 12.529
      vertex 75.35 6.65056 11.1996
    endloop
  endfacet
  facet normal -1 0 0
    outer loop
      vertex 75.35 6.33165 11.2963
      vertex 75.35 8.9 12.529
      vertex 75.35 6.49348 11.2558
    endloop
  endfacet
  facet normal -1 0 0
    outer loop
      vertex 75.35 6.16663 11.3208
      vertex 75.35 8.9 12.529
      vertex 75.35 6.33165 11.2963
    endloop
  endfacet
  facet normal -1 0 0
    outer loop
      vertex 75.35 6 11.329
      vertex 75.35 8.9 12.529
      vertex 75.35 6.16663 11.3208
    endloop
  endfacet
  facet normal -1 0 0
    outer loop
      vertex 75.35 3.1 12.529
      vertex 75.35 6 11.329
      vertex 75.35 5.83337 11.3208
    endloop
  endfacet
  facet normal -1 0 0
    outer loop
      vertex 75.35 3.1 12.529
      vertex 75.35 5.83337 11.3208
      vertex 75.35 5.66835 11.2963
    endloop
  endfacet
  facet normal -1 0 0
    outer loop
      vertex 75.35 3.1 12.529
      vertex 75.35 5.66835 11.2963
      vertex 75.35 5.50652 11.2558
    endloop
  endfacet
  facet normal -1 0 0
    outer loop
      vertex 75.35 3.1 12.529
      vertex 75.35 5.50652 11.2558
      vertex 75.35 5.34944 11.1996
    endloop
  endfacet
  facet normal -1 0 0
    outer loop
      vertex 75.35 4.30819 9.46233
      vertex 75.35 3.1 12.529
      vertex 75.35 4.3 9.62896
    endloop
  endfacet
  facet normal -1 0 0
    outer loop
      vertex 75.35 6 11.329
      vertex 75.35 3.1 12.529
      vertex 75.35 8.9 12.529
    endloop
  endfacet
  facet normal -1 0 0
    outer loop
      vertex 75.35 5.19862 11.1282
      vertex 75.35 3.1 12.529
      vertex 75.35 5.34944 11.1996
    endloop
  endfacet
  facet normal -1 0 0
    outer loop
      vertex 75.35 5.05553 11.0425
      vertex 75.35 3.1 12.529
      vertex 75.35 5.19862 11.1282
    endloop
  endfacet
  facet normal -1 0 0
    outer loop
      vertex 75.35 4.92153 10.9431
      vertex 75.35 3.1 12.529
      vertex 75.35 5.05553 11.0425
    endloop
  endfacet
  facet normal -1 0 0
    outer loop
      vertex 75.35 4.79792 10.831
      vertex 75.35 3.1 12.529
      vertex 75.35 4.92153 10.9431
    endloop
  endfacet
  facet normal -1 0 0
    outer loop
      vertex 75.35 4.68588 10.7074
      vertex 75.35 3.1 12.529
      vertex 75.35 4.79792 10.831
    endloop
  endfacet
  facet normal -1 0 0
    outer loop
      vertex 75.35 4.5865 10.5734
      vertex 75.35 3.1 12.529
      vertex 75.35 4.68588 10.7074
    endloop
  endfacet
  facet normal -1 0 0
    outer loop
      vertex 75.35 4.50073 10.4303
      vertex 75.35 3.1 12.529
      vertex 75.35 4.5865 10.5734
    endloop
  endfacet
  facet normal -1 0 0
    outer loop
      vertex 75.35 4.4294 10.2795
      vertex 75.35 3.1 12.529
      vertex 75.35 4.50073 10.4303
    endloop
  endfacet
  facet normal -1 0 0
    outer loop
      vertex 75.35 4.3732 10.1224
      vertex 75.35 3.1 12.529
      vertex 75.35 4.4294 10.2795
    endloop
  endfacet
  facet normal -1 0 0
    outer loop
      vertex 75.35 4.33266 9.96061
      vertex 75.35 3.1 12.529
      vertex 75.35 4.3732 10.1224
    endloop
  endfacet
  facet normal -1 0 0
    outer loop
      vertex 75.35 4.30819 9.79559
      vertex 75.35 3.1 12.529
      vertex 75.35 4.33266 9.96061
    endloop
  endfacet
  facet normal -1 0 0
    outer loop
      vertex 75.35 4.3 9.62896
      vertex 75.35 3.1 12.529
      vertex 75.35 4.30819 9.79559
    endloop
  endfacet
  facet normal 0 -1 0
    outer loop
      vertex 72.65 8.9 5.90146e-06
      vertex 75.35 8.9 12.529
      vertex 72.65 8.9 12.529
    endloop
  endfacet
  facet normal 0 -1 -0
    outer loop
      vertex 75.35 8.9 12.529
      vertex 72.65 8.9 5.90146e-06
      vertex 75.35 8.9 5.90146e-06
    endloop
  endfacet
  facet normal 0 1 -0
    outer loop
      vertex 75.35 3.1 5.90146e-06
      vertex 72.65 3.1 12.529
      vertex 75.35 3.1 12.529
    endloop
  endfacet
  facet normal 0 1 0
    outer loop
      vertex 72.65 3.1 12.529
      vertex 75.35 3.1 5.90146e-06
      vertex 72.65 3.1 5.90146e-06
    endloop
  endfacet
  facet normal 0 1 0
    outer loop
      vertex 81 14 5.90146e-06
      vertex 61 14 13.129
      vertex 79 14 13.129
    endloop
  endfacet
  facet normal 0 1 0
    outer loop
      vertex 61 14 13.129
      vertex 81 14 5.90146e-06
      vertex 59 14 5.90146e-06
    endloop
  endfacet
endsolid OpenSCAD_Model
