solid OpenSCAD_Model
  facet normal 0.33616 0.941805 -0
    outer loop
      vertex -29.8193 10.9474 0
      vertex -29.921 10.9837 1.2
      vertex -29.8193 10.9474 1.2
    endloop
  endfacet
  facet normal 0.33616 0.941805 0
    outer loop
      vertex -29.921 10.9837 1.2
      vertex -29.8193 10.9474 0
      vertex -29.921 10.9837 0
    endloop
  endfacet
  facet normal -0.989233 -0.146347 0
    outer loop
      vertex -28.4053 12.1078 0
      vertex -28.4211 12.2146 1.2
      vertex -28.4211 12.2146 0
    endloop
  endfacet
  facet normal -0.989233 -0.146347 0
    outer loop
      vertex -28.4211 12.2146 1.2
      vertex -28.4053 12.1078 0
      vertex -28.4053 12.1078 1.2
    endloop
  endfacet
  facet normal -0.998794 -0.0491058 0
    outer loop
      vertex -28.4 12 0
      vertex -28.4053 12.1078 1.2
      vertex -28.4053 12.1078 0
    endloop
  endfacet
  facet normal -0.998794 -0.0491058 0
    outer loop
      vertex -28.4053 12.1078 1.2
      vertex -28.4 12 0
      vertex -28.4 12 1.2
    endloop
  endfacet
  facet normal -0.969869 -0.243625 0
    outer loop
      vertex -28.4211 12.2146 0
      vertex -28.4474 12.3193 1.2
      vertex -28.4474 12.3193 0
    endloop
  endfacet
  facet normal -0.969869 -0.243625 0
    outer loop
      vertex -28.4474 12.3193 1.2
      vertex -28.4211 12.2146 0
      vertex -28.4211 12.2146 1.2
    endloop
  endfacet
  facet normal 0.989233 -0.146347 0
    outer loop
      vertex -30.5947 12.1078 1.2
      vertex -30.5789 12.2146 0
      vertex -30.5789 12.2146 1.2
    endloop
  endfacet
  facet normal 0.989233 -0.146347 0
    outer loop
      vertex -30.5789 12.2146 0
      vertex -30.5947 12.1078 1.2
      vertex -30.5947 12.1078 0
    endloop
  endfacet
  facet normal 0.243625 0.969869 -0
    outer loop
      vertex -29.7146 10.9211 0
      vertex -29.8193 10.9474 1.2
      vertex -29.7146 10.9211 1.2
    endloop
  endfacet
  facet normal 0.243625 0.969869 0
    outer loop
      vertex -29.8193 10.9474 1.2
      vertex -29.7146 10.9211 0
      vertex -29.8193 10.9474 0
    endloop
  endfacet
  facet normal -0.33616 -0.941805 0
    outer loop
      vertex -29.1807 13.0526 0
      vertex -29.079 13.0163 1.2
      vertex -29.1807 13.0526 1.2
    endloop
  endfacet
  facet normal -0.33616 -0.941805 -0
    outer loop
      vertex -29.079 13.0163 1.2
      vertex -29.1807 13.0526 0
      vertex -29.079 13.0163 0
    endloop
  endfacet
  facet normal 0.514087 -0.857738 0
    outer loop
      vertex -30.1111 12.9146 0
      vertex -30.0185 12.9701 1.2
      vertex -30.1111 12.9146 1.2
    endloop
  endfacet
  facet normal 0.514087 -0.857738 0
    outer loop
      vertex -30.0185 12.9701 1.2
      vertex -30.1111 12.9146 0
      vertex -30.0185 12.9701 0
    endloop
  endfacet
  facet normal 0.903681 0.428206 0
    outer loop
      vertex -30.4701 11.4815 1.2
      vertex -30.5163 11.579 0
      vertex -30.5163 11.579 1.2
    endloop
  endfacet
  facet normal 0.903681 0.428206 0
    outer loop
      vertex -30.5163 11.579 0
      vertex -30.4701 11.4815 1.2
      vertex -30.4701 11.4815 0
    endloop
  endfacet
  facet normal 0.243625 -0.969869 0
    outer loop
      vertex -29.8193 13.0526 0
      vertex -29.7146 13.0789 1.2
      vertex -29.8193 13.0526 1.2
    endloop
  endfacet
  facet normal 0.243625 -0.969869 0
    outer loop
      vertex -29.7146 13.0789 1.2
      vertex -29.8193 13.0526 0
      vertex -29.7146 13.0789 0
    endloop
  endfacet
  facet normal 0.857738 0.514087 0
    outer loop
      vertex -30.4146 11.3889 1.2
      vertex -30.4701 11.4815 0
      vertex -30.4701 11.4815 1.2
    endloop
  endfacet
  facet normal 0.857738 0.514087 0
    outer loop
      vertex -30.4701 11.4815 0
      vertex -30.4146 11.3889 1.2
      vertex -30.4146 11.3889 0
    endloop
  endfacet
  facet normal -0.243625 0.969869 0
    outer loop
      vertex -29.1807 10.9474 0
      vertex -29.2854 10.9211 1.2
      vertex -29.1807 10.9474 1.2
    endloop
  endfacet
  facet normal -0.243625 0.969869 0
    outer loop
      vertex -29.2854 10.9211 1.2
      vertex -29.1807 10.9474 0
      vertex -29.2854 10.9211 0
    endloop
  endfacet
  facet normal 0.595693 0.803212 -0
    outer loop
      vertex -30.1111 11.0854 0
      vertex -30.1978 11.1497 1.2
      vertex -30.1111 11.0854 1.2
    endloop
  endfacet
  facet normal 0.595693 0.803212 0
    outer loop
      vertex -30.1978 11.1497 1.2
      vertex -30.1111 11.0854 0
      vertex -30.1978 11.1497 0
    endloop
  endfacet
  facet normal -0.514087 0.857738 0
    outer loop
      vertex -28.8889 11.0854 0
      vertex -28.9815 11.0299 1.2
      vertex -28.8889 11.0854 1.2
    endloop
  endfacet
  facet normal -0.514087 0.857738 0
    outer loop
      vertex -28.9815 11.0299 1.2
      vertex -28.8889 11.0854 0
      vertex -28.9815 11.0299 0
    endloop
  endfacet
  facet normal -0.803212 0.595693 0
    outer loop
      vertex -28.6497 11.3022 0
      vertex -28.5854 11.3889 1.2
      vertex -28.5854 11.3889 0
    endloop
  endfacet
  facet normal -0.803212 0.595693 0
    outer loop
      vertex -28.5854 11.3889 1.2
      vertex -28.6497 11.3022 0
      vertex -28.6497 11.3022 1.2
    endloop
  endfacet
  facet normal -0.146347 -0.989233 0
    outer loop
      vertex -29.3922 13.0947 0
      vertex -29.2854 13.0789 1.2
      vertex -29.3922 13.0947 1.2
    endloop
  endfacet
  facet normal -0.146347 -0.989233 -0
    outer loop
      vertex -29.2854 13.0789 1.2
      vertex -29.3922 13.0947 0
      vertex -29.2854 13.0789 0
    endloop
  endfacet
  facet normal 0.595693 -0.803212 0
    outer loop
      vertex -30.1978 12.8503 0
      vertex -30.1111 12.9146 1.2
      vertex -30.1978 12.8503 1.2
    endloop
  endfacet
  facet normal 0.595693 -0.803212 0
    outer loop
      vertex -30.1111 12.9146 1.2
      vertex -30.1978 12.8503 0
      vertex -30.1111 12.9146 0
    endloop
  endfacet
  facet normal -0.428206 0.903681 0
    outer loop
      vertex -28.9815 11.0299 0
      vertex -29.079 10.9837 1.2
      vertex -28.9815 11.0299 1.2
    endloop
  endfacet
  facet normal -0.428206 0.903681 0
    outer loop
      vertex -29.079 10.9837 1.2
      vertex -28.9815 11.0299 0
      vertex -29.079 10.9837 0
    endloop
  endfacet
  facet normal 0.803212 -0.595693 0
    outer loop
      vertex -30.4146 12.6111 1.2
      vertex -30.3503 12.6978 0
      vertex -30.3503 12.6978 1.2
    endloop
  endfacet
  facet normal 0.803212 -0.595693 0
    outer loop
      vertex -30.3503 12.6978 0
      vertex -30.4146 12.6111 1.2
      vertex -30.4146 12.6111 0
    endloop
  endfacet
  facet normal -0.989233 0.146347 0
    outer loop
      vertex -28.4211 11.7854 0
      vertex -28.4053 11.8922 1.2
      vertex -28.4053 11.8922 0
    endloop
  endfacet
  facet normal -0.989233 0.146347 0
    outer loop
      vertex -28.4053 11.8922 1.2
      vertex -28.4211 11.7854 0
      vertex -28.4211 11.7854 1.2
    endloop
  endfacet
  facet normal 0.941805 -0.33616 0
    outer loop
      vertex -30.5526 12.3193 1.2
      vertex -30.5163 12.421 0
      vertex -30.5163 12.421 1.2
    endloop
  endfacet
  facet normal 0.941805 -0.33616 0
    outer loop
      vertex -30.5163 12.421 0
      vertex -30.5526 12.3193 1.2
      vertex -30.5526 12.3193 0
    endloop
  endfacet
  facet normal -0.428206 -0.903681 0
    outer loop
      vertex -29.079 13.0163 0
      vertex -28.9815 12.9701 1.2
      vertex -29.079 13.0163 1.2
    endloop
  endfacet
  facet normal -0.428206 -0.903681 -0
    outer loop
      vertex -28.9815 12.9701 1.2
      vertex -29.079 13.0163 0
      vertex -28.9815 12.9701 0
    endloop
  endfacet
  facet normal 0.941805 0.33616 0
    outer loop
      vertex -30.5163 11.579 1.2
      vertex -30.5526 11.6807 0
      vertex -30.5526 11.6807 1.2
    endloop
  endfacet
  facet normal 0.941805 0.33616 0
    outer loop
      vertex -30.5526 11.6807 0
      vertex -30.5163 11.579 1.2
      vertex -30.5163 11.579 0
    endloop
  endfacet
  facet normal -0.969869 0.243625 0
    outer loop
      vertex -28.4474 11.6807 0
      vertex -28.4211 11.7854 1.2
      vertex -28.4211 11.7854 0
    endloop
  endfacet
  facet normal -0.969869 0.243625 0
    outer loop
      vertex -28.4211 11.7854 1.2
      vertex -28.4474 11.6807 0
      vertex -28.4474 11.6807 1.2
    endloop
  endfacet
  facet normal 0.0491058 -0.998794 0
    outer loop
      vertex -29.6078 13.0947 0
      vertex -29.5 13.1 1.2
      vertex -29.6078 13.0947 1.2
    endloop
  endfacet
  facet normal 0.0491058 -0.998794 0
    outer loop
      vertex -29.5 13.1 1.2
      vertex -29.6078 13.0947 0
      vertex -29.5 13.1 0
    endloop
  endfacet
  facet normal -0.671519 -0.740987 0
    outer loop
      vertex -28.8022 12.8503 0
      vertex -28.7222 12.7778 1.2
      vertex -28.8022 12.8503 1.2
    endloop
  endfacet
  facet normal -0.671519 -0.740987 -0
    outer loop
      vertex -28.7222 12.7778 1.2
      vertex -28.8022 12.8503 0
      vertex -28.7222 12.7778 0
    endloop
  endfacet
  facet normal 0.428206 -0.903681 0
    outer loop
      vertex -30.0185 12.9701 0
      vertex -29.921 13.0163 1.2
      vertex -30.0185 12.9701 1.2
    endloop
  endfacet
  facet normal 0.428206 -0.903681 0
    outer loop
      vertex -29.921 13.0163 1.2
      vertex -30.0185 12.9701 0
      vertex -29.921 13.0163 0
    endloop
  endfacet
  facet normal 0.671519 -0.740987 0
    outer loop
      vertex -30.2778 12.7778 0
      vertex -30.1978 12.8503 1.2
      vertex -30.2778 12.7778 1.2
    endloop
  endfacet
  facet normal 0.671519 -0.740987 0
    outer loop
      vertex -30.1978 12.8503 1.2
      vertex -30.2778 12.7778 0
      vertex -30.1978 12.8503 0
    endloop
  endfacet
  facet normal -0.33616 0.941805 0
    outer loop
      vertex -29.079 10.9837 0
      vertex -29.1807 10.9474 1.2
      vertex -29.079 10.9837 1.2
    endloop
  endfacet
  facet normal -0.33616 0.941805 0
    outer loop
      vertex -29.1807 10.9474 1.2
      vertex -29.079 10.9837 0
      vertex -29.1807 10.9474 0
    endloop
  endfacet
  facet normal 0.33616 -0.941805 0
    outer loop
      vertex -29.921 13.0163 0
      vertex -29.8193 13.0526 1.2
      vertex -29.921 13.0163 1.2
    endloop
  endfacet
  facet normal 0.33616 -0.941805 0
    outer loop
      vertex -29.8193 13.0526 1.2
      vertex -29.921 13.0163 0
      vertex -29.8193 13.0526 0
    endloop
  endfacet
  facet normal -0.803212 -0.595693 0
    outer loop
      vertex -28.5854 12.6111 0
      vertex -28.6497 12.6978 1.2
      vertex -28.6497 12.6978 0
    endloop
  endfacet
  facet normal -0.803212 -0.595693 0
    outer loop
      vertex -28.6497 12.6978 1.2
      vertex -28.5854 12.6111 0
      vertex -28.5854 12.6111 1.2
    endloop
  endfacet
  facet normal 0.857738 -0.514087 0
    outer loop
      vertex -30.4701 12.5185 1.2
      vertex -30.4146 12.6111 0
      vertex -30.4146 12.6111 1.2
    endloop
  endfacet
  facet normal 0.857738 -0.514087 0
    outer loop
      vertex -30.4146 12.6111 0
      vertex -30.4701 12.5185 1.2
      vertex -30.4701 12.5185 0
    endloop
  endfacet
  facet normal -0.998794 0.0491058 0
    outer loop
      vertex -28.4053 11.8922 0
      vertex -28.4 12 1.2
      vertex -28.4 12 0
    endloop
  endfacet
  facet normal -0.998794 0.0491058 0
    outer loop
      vertex -28.4 12 1.2
      vertex -28.4053 11.8922 0
      vertex -28.4053 11.8922 1.2
    endloop
  endfacet
  facet normal -0.903681 0.428206 0
    outer loop
      vertex -28.5299 11.4815 0
      vertex -28.4837 11.579 1.2
      vertex -28.4837 11.579 0
    endloop
  endfacet
  facet normal -0.903681 0.428206 0
    outer loop
      vertex -28.4837 11.579 1.2
      vertex -28.5299 11.4815 0
      vertex -28.5299 11.4815 1.2
    endloop
  endfacet
  facet normal -0.857738 -0.514087 0
    outer loop
      vertex -28.5299 12.5185 0
      vertex -28.5854 12.6111 1.2
      vertex -28.5854 12.6111 0
    endloop
  endfacet
  facet normal -0.857738 -0.514087 0
    outer loop
      vertex -28.5854 12.6111 1.2
      vertex -28.5299 12.5185 0
      vertex -28.5299 12.5185 1.2
    endloop
  endfacet
  facet normal 0.671519 0.740987 -0
    outer loop
      vertex -30.1978 11.1497 0
      vertex -30.2778 11.2222 1.2
      vertex -30.1978 11.1497 1.2
    endloop
  endfacet
  facet normal 0.671519 0.740987 0
    outer loop
      vertex -30.2778 11.2222 1.2
      vertex -30.1978 11.1497 0
      vertex -30.2778 11.2222 0
    endloop
  endfacet
  facet normal -0.595693 -0.803212 0
    outer loop
      vertex -28.8889 12.9146 0
      vertex -28.8022 12.8503 1.2
      vertex -28.8889 12.9146 1.2
    endloop
  endfacet
  facet normal -0.595693 -0.803212 -0
    outer loop
      vertex -28.8022 12.8503 1.2
      vertex -28.8889 12.9146 0
      vertex -28.8022 12.8503 0
    endloop
  endfacet
  facet normal 0.514087 0.857738 -0
    outer loop
      vertex -30.0185 11.0299 0
      vertex -30.1111 11.0854 1.2
      vertex -30.0185 11.0299 1.2
    endloop
  endfacet
  facet normal 0.514087 0.857738 0
    outer loop
      vertex -30.1111 11.0854 1.2
      vertex -30.0185 11.0299 0
      vertex -30.1111 11.0854 0
    endloop
  endfacet
  facet normal -0.514087 -0.857738 0
    outer loop
      vertex -28.9815 12.9701 0
      vertex -28.8889 12.9146 1.2
      vertex -28.9815 12.9701 1.2
    endloop
  endfacet
  facet normal -0.514087 -0.857738 -0
    outer loop
      vertex -28.8889 12.9146 1.2
      vertex -28.9815 12.9701 0
      vertex -28.8889 12.9146 0
    endloop
  endfacet
  facet normal -0.146347 0.989233 0
    outer loop
      vertex -29.2854 10.9211 0
      vertex -29.3922 10.9053 1.2
      vertex -29.2854 10.9211 1.2
    endloop
  endfacet
  facet normal -0.146347 0.989233 0
    outer loop
      vertex -29.3922 10.9053 1.2
      vertex -29.2854 10.9211 0
      vertex -29.3922 10.9053 0
    endloop
  endfacet
  facet normal -0.941805 -0.33616 0
    outer loop
      vertex -28.4474 12.3193 0
      vertex -28.4837 12.421 1.2
      vertex -28.4837 12.421 0
    endloop
  endfacet
  facet normal -0.941805 -0.33616 0
    outer loop
      vertex -28.4837 12.421 1.2
      vertex -28.4474 12.3193 0
      vertex -28.4474 12.3193 1.2
    endloop
  endfacet
  facet normal -0.857738 0.514087 0
    outer loop
      vertex -28.5854 11.3889 0
      vertex -28.5299 11.4815 1.2
      vertex -28.5299 11.4815 0
    endloop
  endfacet
  facet normal -0.857738 0.514087 0
    outer loop
      vertex -28.5299 11.4815 1.2
      vertex -28.5854 11.3889 0
      vertex -28.5854 11.3889 1.2
    endloop
  endfacet
  facet normal 0.998794 0.0491058 0
    outer loop
      vertex -30.5947 11.8922 1.2
      vertex -30.6 12 0
      vertex -30.6 12 1.2
    endloop
  endfacet
  facet normal 0.998794 0.0491058 0
    outer loop
      vertex -30.6 12 0
      vertex -30.5947 11.8922 1.2
      vertex -30.5947 11.8922 0
    endloop
  endfacet
  facet normal -0.941805 0.33616 0
    outer loop
      vertex -28.4837 11.579 0
      vertex -28.4474 11.6807 1.2
      vertex -28.4474 11.6807 0
    endloop
  endfacet
  facet normal -0.941805 0.33616 0
    outer loop
      vertex -28.4474 11.6807 1.2
      vertex -28.4837 11.579 0
      vertex -28.4837 11.579 1.2
    endloop
  endfacet
  facet normal -0.740987 -0.671519 0
    outer loop
      vertex -28.6497 12.6978 0
      vertex -28.7222 12.7778 1.2
      vertex -28.7222 12.7778 0
    endloop
  endfacet
  facet normal -0.740987 -0.671519 0
    outer loop
      vertex -28.7222 12.7778 1.2
      vertex -28.6497 12.6978 0
      vertex -28.6497 12.6978 1.2
    endloop
  endfacet
  facet normal -0.0491058 -0.998794 0
    outer loop
      vertex -29.5 13.1 0
      vertex -29.3922 13.0947 1.2
      vertex -29.5 13.1 1.2
    endloop
  endfacet
  facet normal -0.0491058 -0.998794 -0
    outer loop
      vertex -29.3922 13.0947 1.2
      vertex -29.5 13.1 0
      vertex -29.3922 13.0947 0
    endloop
  endfacet
  facet normal -0.903681 -0.428206 0
    outer loop
      vertex -28.4837 12.421 0
      vertex -28.5299 12.5185 1.2
      vertex -28.5299 12.5185 0
    endloop
  endfacet
  facet normal -0.903681 -0.428206 0
    outer loop
      vertex -28.5299 12.5185 1.2
      vertex -28.4837 12.421 0
      vertex -28.4837 12.421 1.2
    endloop
  endfacet
  facet normal 0.146347 0.989233 -0
    outer loop
      vertex -29.6078 10.9053 0
      vertex -29.7146 10.9211 1.2
      vertex -29.6078 10.9053 1.2
    endloop
  endfacet
  facet normal 0.146347 0.989233 0
    outer loop
      vertex -29.7146 10.9211 1.2
      vertex -29.6078 10.9053 0
      vertex -29.7146 10.9211 0
    endloop
  endfacet
  facet normal -0.671519 0.740987 0
    outer loop
      vertex -28.7222 11.2222 0
      vertex -28.8022 11.1497 1.2
      vertex -28.7222 11.2222 1.2
    endloop
  endfacet
  facet normal -0.671519 0.740987 0
    outer loop
      vertex -28.8022 11.1497 1.2
      vertex -28.7222 11.2222 0
      vertex -28.8022 11.1497 0
    endloop
  endfacet
  facet normal 0.0491058 0.998794 -0
    outer loop
      vertex -29.5 10.9 0
      vertex -29.6078 10.9053 1.2
      vertex -29.5 10.9 1.2
    endloop
  endfacet
  facet normal 0.0491058 0.998794 0
    outer loop
      vertex -29.6078 10.9053 1.2
      vertex -29.5 10.9 0
      vertex -29.6078 10.9053 0
    endloop
  endfacet
  facet normal 0.740987 -0.671519 0
    outer loop
      vertex -30.3503 12.6978 1.2
      vertex -30.2778 12.7778 0
      vertex -30.2778 12.7778 1.2
    endloop
  endfacet
  facet normal 0.740987 -0.671519 0
    outer loop
      vertex -30.2778 12.7778 0
      vertex -30.3503 12.6978 1.2
      vertex -30.3503 12.6978 0
    endloop
  endfacet
  facet normal 0.146347 -0.989233 0
    outer loop
      vertex -29.7146 13.0789 0
      vertex -29.6078 13.0947 1.2
      vertex -29.7146 13.0789 1.2
    endloop
  endfacet
  facet normal 0.146347 -0.989233 0
    outer loop
      vertex -29.6078 13.0947 1.2
      vertex -29.7146 13.0789 0
      vertex -29.6078 13.0947 0
    endloop
  endfacet
  facet normal 0.903681 -0.428206 0
    outer loop
      vertex -30.5163 12.421 1.2
      vertex -30.4701 12.5185 0
      vertex -30.4701 12.5185 1.2
    endloop
  endfacet
  facet normal 0.903681 -0.428206 0
    outer loop
      vertex -30.4701 12.5185 0
      vertex -30.5163 12.421 1.2
      vertex -30.5163 12.421 0
    endloop
  endfacet
  facet normal 0.969869 -0.243625 0
    outer loop
      vertex -30.5789 12.2146 1.2
      vertex -30.5526 12.3193 0
      vertex -30.5526 12.3193 1.2
    endloop
  endfacet
  facet normal 0.969869 -0.243625 0
    outer loop
      vertex -30.5526 12.3193 0
      vertex -30.5789 12.2146 1.2
      vertex -30.5789 12.2146 0
    endloop
  endfacet
  facet normal -0.243625 -0.969869 0
    outer loop
      vertex -29.2854 13.0789 0
      vertex -29.1807 13.0526 1.2
      vertex -29.2854 13.0789 1.2
    endloop
  endfacet
  facet normal -0.243625 -0.969869 -0
    outer loop
      vertex -29.1807 13.0526 1.2
      vertex -29.2854 13.0789 0
      vertex -29.1807 13.0526 0
    endloop
  endfacet
  facet normal 0.969869 0.243625 0
    outer loop
      vertex -30.5526 11.6807 1.2
      vertex -30.5789 11.7854 0
      vertex -30.5789 11.7854 1.2
    endloop
  endfacet
  facet normal 0.969869 0.243625 0
    outer loop
      vertex -30.5789 11.7854 0
      vertex -30.5526 11.6807 1.2
      vertex -30.5526 11.6807 0
    endloop
  endfacet
  facet normal 0.428206 0.903681 -0
    outer loop
      vertex -29.921 10.9837 0
      vertex -30.0185 11.0299 1.2
      vertex -29.921 10.9837 1.2
    endloop
  endfacet
  facet normal 0.428206 0.903681 0
    outer loop
      vertex -30.0185 11.0299 1.2
      vertex -29.921 10.9837 0
      vertex -30.0185 11.0299 0
    endloop
  endfacet
  facet normal 0.740987 0.671519 0
    outer loop
      vertex -30.2778 11.2222 1.2
      vertex -30.3503 11.3022 0
      vertex -30.3503 11.3022 1.2
    endloop
  endfacet
  facet normal 0.740987 0.671519 0
    outer loop
      vertex -30.3503 11.3022 0
      vertex -30.2778 11.2222 1.2
      vertex -30.2778 11.2222 0
    endloop
  endfacet
  facet normal -0.0491058 0.998794 0
    outer loop
      vertex -29.3922 10.9053 0
      vertex -29.5 10.9 1.2
      vertex -29.3922 10.9053 1.2
    endloop
  endfacet
  facet normal -0.0491058 0.998794 0
    outer loop
      vertex -29.5 10.9 1.2
      vertex -29.3922 10.9053 0
      vertex -29.5 10.9 0
    endloop
  endfacet
  facet normal 0.989233 0.146347 0
    outer loop
      vertex -30.5789 11.7854 1.2
      vertex -30.5947 11.8922 0
      vertex -30.5947 11.8922 1.2
    endloop
  endfacet
  facet normal 0.989233 0.146347 0
    outer loop
      vertex -30.5947 11.8922 0
      vertex -30.5789 11.7854 1.2
      vertex -30.5789 11.7854 0
    endloop
  endfacet
  facet normal -0.595693 0.803212 0
    outer loop
      vertex -28.8022 11.1497 0
      vertex -28.8889 11.0854 1.2
      vertex -28.8022 11.1497 1.2
    endloop
  endfacet
  facet normal -0.595693 0.803212 0
    outer loop
      vertex -28.8889 11.0854 1.2
      vertex -28.8022 11.1497 0
      vertex -28.8889 11.0854 0
    endloop
  endfacet
  facet normal 0.803212 0.595693 0
    outer loop
      vertex -30.3503 11.3022 1.2
      vertex -30.4146 11.3889 0
      vertex -30.4146 11.3889 1.2
    endloop
  endfacet
  facet normal 0.803212 0.595693 0
    outer loop
      vertex -30.4146 11.3889 0
      vertex -30.3503 11.3022 1.2
      vertex -30.3503 11.3022 0
    endloop
  endfacet
  facet normal 0.998794 -0.0491058 0
    outer loop
      vertex -30.6 12 1.2
      vertex -30.5947 12.1078 0
      vertex -30.5947 12.1078 1.2
    endloop
  endfacet
  facet normal 0.998794 -0.0491058 0
    outer loop
      vertex -30.5947 12.1078 0
      vertex -30.6 12 1.2
      vertex -30.6 12 0
    endloop
  endfacet
  facet normal -0.740987 0.671519 0
    outer loop
      vertex -28.7222 11.2222 0
      vertex -28.6497 11.3022 1.2
      vertex -28.6497 11.3022 0
    endloop
  endfacet
  facet normal -0.740987 0.671519 0
    outer loop
      vertex -28.6497 11.3022 1.2
      vertex -28.7222 11.2222 0
      vertex -28.7222 11.2222 1.2
    endloop
  endfacet
  facet normal -0.989233 -0.146347 0
    outer loop
      vertex -28.4053 74.1078 0
      vertex -28.4211 74.2146 1.2
      vertex -28.4211 74.2146 0
    endloop
  endfacet
  facet normal -0.989233 -0.146347 0
    outer loop
      vertex -28.4211 74.2146 1.2
      vertex -28.4053 74.1078 0
      vertex -28.4053 74.1078 1.2
    endloop
  endfacet
  facet normal 0.0491058 0.998794 -0
    outer loop
      vertex -29.5 72.9 0
      vertex -29.6078 72.9053 1.2
      vertex -29.5 72.9 1.2
    endloop
  endfacet
  facet normal 0.0491058 0.998794 0
    outer loop
      vertex -29.6078 72.9053 1.2
      vertex -29.5 72.9 0
      vertex -29.6078 72.9053 0
    endloop
  endfacet
  facet normal -0.740987 -0.671519 0
    outer loop
      vertex -28.6497 74.6978 0
      vertex -28.7222 74.7778 1.2
      vertex -28.7222 74.7778 0
    endloop
  endfacet
  facet normal -0.740987 -0.671519 0
    outer loop
      vertex -28.7222 74.7778 1.2
      vertex -28.6497 74.6978 0
      vertex -28.6497 74.6978 1.2
    endloop
  endfacet
  facet normal -0.243625 -0.969869 0
    outer loop
      vertex -29.2854 75.0789 0
      vertex -29.1807 75.0526 1.2
      vertex -29.2854 75.0789 1.2
    endloop
  endfacet
  facet normal -0.243625 -0.969869 -0
    outer loop
      vertex -29.1807 75.0526 1.2
      vertex -29.2854 75.0789 0
      vertex -29.1807 75.0526 0
    endloop
  endfacet
  facet normal -0.243625 0.969869 0
    outer loop
      vertex -29.1807 72.9474 0
      vertex -29.2854 72.9211 1.2
      vertex -29.1807 72.9474 1.2
    endloop
  endfacet
  facet normal -0.243625 0.969869 0
    outer loop
      vertex -29.2854 72.9211 1.2
      vertex -29.1807 72.9474 0
      vertex -29.2854 72.9211 0
    endloop
  endfacet
  facet normal -0.803212 0.595693 0
    outer loop
      vertex -28.6497 73.3022 0
      vertex -28.5854 73.3889 1.2
      vertex -28.5854 73.3889 0
    endloop
  endfacet
  facet normal -0.803212 0.595693 0
    outer loop
      vertex -28.5854 73.3889 1.2
      vertex -28.6497 73.3022 0
      vertex -28.6497 73.3022 1.2
    endloop
  endfacet
  facet normal -0.595693 0.803212 0
    outer loop
      vertex -28.8022 73.1497 0
      vertex -28.8889 73.0854 1.2
      vertex -28.8022 73.1497 1.2
    endloop
  endfacet
  facet normal -0.595693 0.803212 0
    outer loop
      vertex -28.8889 73.0854 1.2
      vertex -28.8022 73.1497 0
      vertex -28.8889 73.0854 0
    endloop
  endfacet
  facet normal 0.903681 0.428206 0
    outer loop
      vertex -30.4701 73.4815 1.2
      vertex -30.5163 73.579 0
      vertex -30.5163 73.579 1.2
    endloop
  endfacet
  facet normal 0.903681 0.428206 0
    outer loop
      vertex -30.5163 73.579 0
      vertex -30.4701 73.4815 1.2
      vertex -30.4701 73.4815 0
    endloop
  endfacet
  facet normal 0.803212 -0.595693 0
    outer loop
      vertex -30.4146 74.6111 1.2
      vertex -30.3503 74.6978 0
      vertex -30.3503 74.6978 1.2
    endloop
  endfacet
  facet normal 0.803212 -0.595693 0
    outer loop
      vertex -30.3503 74.6978 0
      vertex -30.4146 74.6111 1.2
      vertex -30.4146 74.6111 0
    endloop
  endfacet
  facet normal -0.941805 -0.33616 0
    outer loop
      vertex -28.4474 74.3193 0
      vertex -28.4837 74.421 1.2
      vertex -28.4837 74.421 0
    endloop
  endfacet
  facet normal -0.941805 -0.33616 0
    outer loop
      vertex -28.4837 74.421 1.2
      vertex -28.4474 74.3193 0
      vertex -28.4474 74.3193 1.2
    endloop
  endfacet
  facet normal 0.941805 0.33616 0
    outer loop
      vertex -30.5163 73.579 1.2
      vertex -30.5526 73.6807 0
      vertex -30.5526 73.6807 1.2
    endloop
  endfacet
  facet normal 0.941805 0.33616 0
    outer loop
      vertex -30.5526 73.6807 0
      vertex -30.5163 73.579 1.2
      vertex -30.5163 73.579 0
    endloop
  endfacet
  facet normal -0.33616 -0.941805 0
    outer loop
      vertex -29.1807 75.0526 0
      vertex -29.079 75.0163 1.2
      vertex -29.1807 75.0526 1.2
    endloop
  endfacet
  facet normal -0.33616 -0.941805 -0
    outer loop
      vertex -29.079 75.0163 1.2
      vertex -29.1807 75.0526 0
      vertex -29.079 75.0163 0
    endloop
  endfacet
  facet normal -0.671519 0.740987 0
    outer loop
      vertex -28.7222 73.2222 0
      vertex -28.8022 73.1497 1.2
      vertex -28.7222 73.2222 1.2
    endloop
  endfacet
  facet normal -0.671519 0.740987 0
    outer loop
      vertex -28.8022 73.1497 1.2
      vertex -28.7222 73.2222 0
      vertex -28.8022 73.1497 0
    endloop
  endfacet
  facet normal -0.989233 0.146347 0
    outer loop
      vertex -28.4211 73.7854 0
      vertex -28.4053 73.8922 1.2
      vertex -28.4053 73.8922 0
    endloop
  endfacet
  facet normal -0.989233 0.146347 0
    outer loop
      vertex -28.4053 73.8922 1.2
      vertex -28.4211 73.7854 0
      vertex -28.4211 73.7854 1.2
    endloop
  endfacet
  facet normal 0.740987 0.671519 0
    outer loop
      vertex -30.2778 73.2222 1.2
      vertex -30.3503 73.3022 0
      vertex -30.3503 73.3022 1.2
    endloop
  endfacet
  facet normal 0.740987 0.671519 0
    outer loop
      vertex -30.3503 73.3022 0
      vertex -30.2778 73.2222 1.2
      vertex -30.2778 73.2222 0
    endloop
  endfacet
  facet normal -0.903681 0.428206 0
    outer loop
      vertex -28.5299 73.4815 0
      vertex -28.4837 73.579 1.2
      vertex -28.4837 73.579 0
    endloop
  endfacet
  facet normal -0.903681 0.428206 0
    outer loop
      vertex -28.4837 73.579 1.2
      vertex -28.5299 73.4815 0
      vertex -28.5299 73.4815 1.2
    endloop
  endfacet
  facet normal 0.0491058 -0.998794 0
    outer loop
      vertex -29.6078 75.0947 0
      vertex -29.5 75.1 1.2
      vertex -29.6078 75.0947 1.2
    endloop
  endfacet
  facet normal 0.0491058 -0.998794 0
    outer loop
      vertex -29.5 75.1 1.2
      vertex -29.6078 75.0947 0
      vertex -29.5 75.1 0
    endloop
  endfacet
  facet normal 0.857738 0.514087 0
    outer loop
      vertex -30.4146 73.3889 1.2
      vertex -30.4701 73.4815 0
      vertex -30.4701 73.4815 1.2
    endloop
  endfacet
  facet normal 0.857738 0.514087 0
    outer loop
      vertex -30.4701 73.4815 0
      vertex -30.4146 73.3889 1.2
      vertex -30.4146 73.3889 0
    endloop
  endfacet
  facet normal -0.998794 -0.0491058 0
    outer loop
      vertex -28.4 74 0
      vertex -28.4053 74.1078 1.2
      vertex -28.4053 74.1078 0
    endloop
  endfacet
  facet normal -0.998794 -0.0491058 0
    outer loop
      vertex -28.4053 74.1078 1.2
      vertex -28.4 74 0
      vertex -28.4 74 1.2
    endloop
  endfacet
  facet normal -0.969869 -0.243625 0
    outer loop
      vertex -28.4211 74.2146 0
      vertex -28.4474 74.3193 1.2
      vertex -28.4474 74.3193 0
    endloop
  endfacet
  facet normal -0.969869 -0.243625 0
    outer loop
      vertex -28.4474 74.3193 1.2
      vertex -28.4211 74.2146 0
      vertex -28.4211 74.2146 1.2
    endloop
  endfacet
  facet normal 0.146347 -0.989233 0
    outer loop
      vertex -29.7146 75.0789 0
      vertex -29.6078 75.0947 1.2
      vertex -29.7146 75.0789 1.2
    endloop
  endfacet
  facet normal 0.146347 -0.989233 0
    outer loop
      vertex -29.6078 75.0947 1.2
      vertex -29.7146 75.0789 0
      vertex -29.6078 75.0947 0
    endloop
  endfacet
  facet normal 0.243625 -0.969869 0
    outer loop
      vertex -29.8193 75.0526 0
      vertex -29.7146 75.0789 1.2
      vertex -29.8193 75.0526 1.2
    endloop
  endfacet
  facet normal 0.243625 -0.969869 0
    outer loop
      vertex -29.7146 75.0789 1.2
      vertex -29.8193 75.0526 0
      vertex -29.7146 75.0789 0
    endloop
  endfacet
  facet normal -0.0491058 0.998794 0
    outer loop
      vertex -29.3922 72.9053 0
      vertex -29.5 72.9 1.2
      vertex -29.3922 72.9053 1.2
    endloop
  endfacet
  facet normal -0.0491058 0.998794 0
    outer loop
      vertex -29.5 72.9 1.2
      vertex -29.3922 72.9053 0
      vertex -29.5 72.9 0
    endloop
  endfacet
  facet normal 0.33616 0.941805 -0
    outer loop
      vertex -29.8193 72.9474 0
      vertex -29.921 72.9837 1.2
      vertex -29.8193 72.9474 1.2
    endloop
  endfacet
  facet normal 0.33616 0.941805 0
    outer loop
      vertex -29.921 72.9837 1.2
      vertex -29.8193 72.9474 0
      vertex -29.921 72.9837 0
    endloop
  endfacet
  facet normal -0.671519 -0.740987 0
    outer loop
      vertex -28.8022 74.8503 0
      vertex -28.7222 74.7778 1.2
      vertex -28.8022 74.8503 1.2
    endloop
  endfacet
  facet normal -0.671519 -0.740987 -0
    outer loop
      vertex -28.7222 74.7778 1.2
      vertex -28.8022 74.8503 0
      vertex -28.7222 74.7778 0
    endloop
  endfacet
  facet normal -0.514087 -0.857738 0
    outer loop
      vertex -28.9815 74.9701 0
      vertex -28.8889 74.9146 1.2
      vertex -28.9815 74.9701 1.2
    endloop
  endfacet
  facet normal -0.514087 -0.857738 -0
    outer loop
      vertex -28.8889 74.9146 1.2
      vertex -28.9815 74.9701 0
      vertex -28.8889 74.9146 0
    endloop
  endfacet
  facet normal -0.903681 -0.428206 0
    outer loop
      vertex -28.4837 74.421 0
      vertex -28.5299 74.5185 1.2
      vertex -28.5299 74.5185 0
    endloop
  endfacet
  facet normal -0.903681 -0.428206 0
    outer loop
      vertex -28.5299 74.5185 1.2
      vertex -28.4837 74.421 0
      vertex -28.4837 74.421 1.2
    endloop
  endfacet
  facet normal 0.33616 -0.941805 0
    outer loop
      vertex -29.921 75.0163 0
      vertex -29.8193 75.0526 1.2
      vertex -29.921 75.0163 1.2
    endloop
  endfacet
  facet normal 0.33616 -0.941805 0
    outer loop
      vertex -29.8193 75.0526 1.2
      vertex -29.921 75.0163 0
      vertex -29.8193 75.0526 0
    endloop
  endfacet
  facet normal 0.671519 0.740987 -0
    outer loop
      vertex -30.1978 73.1497 0
      vertex -30.2778 73.2222 1.2
      vertex -30.1978 73.1497 1.2
    endloop
  endfacet
  facet normal 0.671519 0.740987 0
    outer loop
      vertex -30.2778 73.2222 1.2
      vertex -30.1978 73.1497 0
      vertex -30.2778 73.2222 0
    endloop
  endfacet
  facet normal 0.998794 -0.0491058 0
    outer loop
      vertex -30.6 74 1.2
      vertex -30.5947 74.1078 0
      vertex -30.5947 74.1078 1.2
    endloop
  endfacet
  facet normal 0.998794 -0.0491058 0
    outer loop
      vertex -30.5947 74.1078 0
      vertex -30.6 74 1.2
      vertex -30.6 74 0
    endloop
  endfacet
  facet normal 0.740987 -0.671519 0
    outer loop
      vertex -30.3503 74.6978 1.2
      vertex -30.2778 74.7778 0
      vertex -30.2778 74.7778 1.2
    endloop
  endfacet
  facet normal 0.740987 -0.671519 0
    outer loop
      vertex -30.2778 74.7778 0
      vertex -30.3503 74.6978 1.2
      vertex -30.3503 74.6978 0
    endloop
  endfacet
  facet normal -0.0491058 -0.998794 0
    outer loop
      vertex -29.5 75.1 0
      vertex -29.3922 75.0947 1.2
      vertex -29.5 75.1 1.2
    endloop
  endfacet
  facet normal -0.0491058 -0.998794 -0
    outer loop
      vertex -29.3922 75.0947 1.2
      vertex -29.5 75.1 0
      vertex -29.3922 75.0947 0
    endloop
  endfacet
  facet normal -0.998794 0.0491058 0
    outer loop
      vertex -28.4053 73.8922 0
      vertex -28.4 74 1.2
      vertex -28.4 74 0
    endloop
  endfacet
  facet normal -0.998794 0.0491058 0
    outer loop
      vertex -28.4 74 1.2
      vertex -28.4053 73.8922 0
      vertex -28.4053 73.8922 1.2
    endloop
  endfacet
  facet normal -0.33616 0.941805 0
    outer loop
      vertex -29.079 72.9837 0
      vertex -29.1807 72.9474 1.2
      vertex -29.079 72.9837 1.2
    endloop
  endfacet
  facet normal -0.33616 0.941805 0
    outer loop
      vertex -29.1807 72.9474 1.2
      vertex -29.079 72.9837 0
      vertex -29.1807 72.9474 0
    endloop
  endfacet
  facet normal 0.803212 0.595693 0
    outer loop
      vertex -30.3503 73.3022 1.2
      vertex -30.4146 73.3889 0
      vertex -30.4146 73.3889 1.2
    endloop
  endfacet
  facet normal 0.803212 0.595693 0
    outer loop
      vertex -30.4146 73.3889 0
      vertex -30.3503 73.3022 1.2
      vertex -30.3503 73.3022 0
    endloop
  endfacet
  facet normal -0.428206 -0.903681 0
    outer loop
      vertex -29.079 75.0163 0
      vertex -28.9815 74.9701 1.2
      vertex -29.079 75.0163 1.2
    endloop
  endfacet
  facet normal -0.428206 -0.903681 -0
    outer loop
      vertex -28.9815 74.9701 1.2
      vertex -29.079 75.0163 0
      vertex -28.9815 74.9701 0
    endloop
  endfacet
  facet normal -0.595693 -0.803212 0
    outer loop
      vertex -28.8889 74.9146 0
      vertex -28.8022 74.8503 1.2
      vertex -28.8889 74.9146 1.2
    endloop
  endfacet
  facet normal -0.595693 -0.803212 -0
    outer loop
      vertex -28.8022 74.8503 1.2
      vertex -28.8889 74.9146 0
      vertex -28.8022 74.8503 0
    endloop
  endfacet
  facet normal -0.857738 0.514087 0
    outer loop
      vertex -28.5854 73.3889 0
      vertex -28.5299 73.4815 1.2
      vertex -28.5299 73.4815 0
    endloop
  endfacet
  facet normal -0.857738 0.514087 0
    outer loop
      vertex -28.5299 73.4815 1.2
      vertex -28.5854 73.3889 0
      vertex -28.5854 73.3889 1.2
    endloop
  endfacet
  facet normal 0.595693 -0.803212 0
    outer loop
      vertex -30.1978 74.8503 0
      vertex -30.1111 74.9146 1.2
      vertex -30.1978 74.8503 1.2
    endloop
  endfacet
  facet normal 0.595693 -0.803212 0
    outer loop
      vertex -30.1111 74.9146 1.2
      vertex -30.1978 74.8503 0
      vertex -30.1111 74.9146 0
    endloop
  endfacet
  facet normal 0.998794 0.0491058 0
    outer loop
      vertex -30.5947 73.8922 1.2
      vertex -30.6 74 0
      vertex -30.6 74 1.2
    endloop
  endfacet
  facet normal 0.998794 0.0491058 0
    outer loop
      vertex -30.6 74 0
      vertex -30.5947 73.8922 1.2
      vertex -30.5947 73.8922 0
    endloop
  endfacet
  facet normal 0.989233 0.146347 0
    outer loop
      vertex -30.5789 73.7854 1.2
      vertex -30.5947 73.8922 0
      vertex -30.5947 73.8922 1.2
    endloop
  endfacet
  facet normal 0.989233 0.146347 0
    outer loop
      vertex -30.5947 73.8922 0
      vertex -30.5789 73.7854 1.2
      vertex -30.5789 73.7854 0
    endloop
  endfacet
  facet normal -0.146347 0.989233 0
    outer loop
      vertex -29.2854 72.9211 0
      vertex -29.3922 72.9053 1.2
      vertex -29.2854 72.9211 1.2
    endloop
  endfacet
  facet normal -0.146347 0.989233 0
    outer loop
      vertex -29.3922 72.9053 1.2
      vertex -29.2854 72.9211 0
      vertex -29.3922 72.9053 0
    endloop
  endfacet
  facet normal 0.428206 0.903681 -0
    outer loop
      vertex -29.921 72.9837 0
      vertex -30.0185 73.0299 1.2
      vertex -29.921 72.9837 1.2
    endloop
  endfacet
  facet normal 0.428206 0.903681 0
    outer loop
      vertex -30.0185 73.0299 1.2
      vertex -29.921 72.9837 0
      vertex -30.0185 73.0299 0
    endloop
  endfacet
  facet normal -0.803212 -0.595693 0
    outer loop
      vertex -28.5854 74.6111 0
      vertex -28.6497 74.6978 1.2
      vertex -28.6497 74.6978 0
    endloop
  endfacet
  facet normal -0.803212 -0.595693 0
    outer loop
      vertex -28.6497 74.6978 1.2
      vertex -28.5854 74.6111 0
      vertex -28.5854 74.6111 1.2
    endloop
  endfacet
  facet normal -0.969869 0.243625 0
    outer loop
      vertex -28.4474 73.6807 0
      vertex -28.4211 73.7854 1.2
      vertex -28.4211 73.7854 0
    endloop
  endfacet
  facet normal -0.969869 0.243625 0
    outer loop
      vertex -28.4211 73.7854 1.2
      vertex -28.4474 73.6807 0
      vertex -28.4474 73.6807 1.2
    endloop
  endfacet
  facet normal -0.941805 0.33616 0
    outer loop
      vertex -28.4837 73.579 0
      vertex -28.4474 73.6807 1.2
      vertex -28.4474 73.6807 0
    endloop
  endfacet
  facet normal -0.941805 0.33616 0
    outer loop
      vertex -28.4474 73.6807 1.2
      vertex -28.4837 73.579 0
      vertex -28.4837 73.579 1.2
    endloop
  endfacet
  facet normal 0.595693 0.803212 -0
    outer loop
      vertex -30.1111 73.0854 0
      vertex -30.1978 73.1497 1.2
      vertex -30.1111 73.0854 1.2
    endloop
  endfacet
  facet normal 0.595693 0.803212 0
    outer loop
      vertex -30.1978 73.1497 1.2
      vertex -30.1111 73.0854 0
      vertex -30.1978 73.1497 0
    endloop
  endfacet
  facet normal -0.857738 -0.514087 0
    outer loop
      vertex -28.5299 74.5185 0
      vertex -28.5854 74.6111 1.2
      vertex -28.5854 74.6111 0
    endloop
  endfacet
  facet normal -0.857738 -0.514087 0
    outer loop
      vertex -28.5854 74.6111 1.2
      vertex -28.5299 74.5185 0
      vertex -28.5299 74.5185 1.2
    endloop
  endfacet
  facet normal 0.989233 -0.146347 0
    outer loop
      vertex -30.5947 74.1078 1.2
      vertex -30.5789 74.2146 0
      vertex -30.5789 74.2146 1.2
    endloop
  endfacet
  facet normal 0.989233 -0.146347 0
    outer loop
      vertex -30.5789 74.2146 0
      vertex -30.5947 74.1078 1.2
      vertex -30.5947 74.1078 0
    endloop
  endfacet
  facet normal 0.243625 0.969869 -0
    outer loop
      vertex -29.7146 72.9211 0
      vertex -29.8193 72.9474 1.2
      vertex -29.7146 72.9211 1.2
    endloop
  endfacet
  facet normal 0.243625 0.969869 0
    outer loop
      vertex -29.8193 72.9474 1.2
      vertex -29.7146 72.9211 0
      vertex -29.8193 72.9474 0
    endloop
  endfacet
  facet normal 0.671519 -0.740987 0
    outer loop
      vertex -30.2778 74.7778 0
      vertex -30.1978 74.8503 1.2
      vertex -30.2778 74.7778 1.2
    endloop
  endfacet
  facet normal 0.671519 -0.740987 0
    outer loop
      vertex -30.1978 74.8503 1.2
      vertex -30.2778 74.7778 0
      vertex -30.1978 74.8503 0
    endloop
  endfacet
  facet normal -0.146347 -0.989233 0
    outer loop
      vertex -29.3922 75.0947 0
      vertex -29.2854 75.0789 1.2
      vertex -29.3922 75.0947 1.2
    endloop
  endfacet
  facet normal -0.146347 -0.989233 -0
    outer loop
      vertex -29.2854 75.0789 1.2
      vertex -29.3922 75.0947 0
      vertex -29.2854 75.0789 0
    endloop
  endfacet
  facet normal 0.857738 -0.514087 0
    outer loop
      vertex -30.4701 74.5185 1.2
      vertex -30.4146 74.6111 0
      vertex -30.4146 74.6111 1.2
    endloop
  endfacet
  facet normal 0.857738 -0.514087 0
    outer loop
      vertex -30.4146 74.6111 0
      vertex -30.4701 74.5185 1.2
      vertex -30.4701 74.5185 0
    endloop
  endfacet
  facet normal 0.969869 -0.243625 0
    outer loop
      vertex -30.5789 74.2146 1.2
      vertex -30.5526 74.3193 0
      vertex -30.5526 74.3193 1.2
    endloop
  endfacet
  facet normal 0.969869 -0.243625 0
    outer loop
      vertex -30.5526 74.3193 0
      vertex -30.5789 74.2146 1.2
      vertex -30.5789 74.2146 0
    endloop
  endfacet
  facet normal 0.146347 0.989233 -0
    outer loop
      vertex -29.6078 72.9053 0
      vertex -29.7146 72.9211 1.2
      vertex -29.6078 72.9053 1.2
    endloop
  endfacet
  facet normal 0.146347 0.989233 0
    outer loop
      vertex -29.7146 72.9211 1.2
      vertex -29.6078 72.9053 0
      vertex -29.7146 72.9211 0
    endloop
  endfacet
  facet normal 0.428206 -0.903681 0
    outer loop
      vertex -30.0185 74.9701 0
      vertex -29.921 75.0163 1.2
      vertex -30.0185 74.9701 1.2
    endloop
  endfacet
  facet normal 0.428206 -0.903681 0
    outer loop
      vertex -29.921 75.0163 1.2
      vertex -30.0185 74.9701 0
      vertex -29.921 75.0163 0
    endloop
  endfacet
  facet normal -0.740987 0.671519 0
    outer loop
      vertex -28.7222 73.2222 0
      vertex -28.6497 73.3022 1.2
      vertex -28.6497 73.3022 0
    endloop
  endfacet
  facet normal -0.740987 0.671519 0
    outer loop
      vertex -28.6497 73.3022 1.2
      vertex -28.7222 73.2222 0
      vertex -28.7222 73.2222 1.2
    endloop
  endfacet
  facet normal 0.941805 -0.33616 0
    outer loop
      vertex -30.5526 74.3193 1.2
      vertex -30.5163 74.421 0
      vertex -30.5163 74.421 1.2
    endloop
  endfacet
  facet normal 0.941805 -0.33616 0
    outer loop
      vertex -30.5163 74.421 0
      vertex -30.5526 74.3193 1.2
      vertex -30.5526 74.3193 0
    endloop
  endfacet
  facet normal 0.969869 0.243625 0
    outer loop
      vertex -30.5526 73.6807 1.2
      vertex -30.5789 73.7854 0
      vertex -30.5789 73.7854 1.2
    endloop
  endfacet
  facet normal 0.969869 0.243625 0
    outer loop
      vertex -30.5789 73.7854 0
      vertex -30.5526 73.6807 1.2
      vertex -30.5526 73.6807 0
    endloop
  endfacet
  facet normal -0.428206 0.903681 0
    outer loop
      vertex -28.9815 73.0299 0
      vertex -29.079 72.9837 1.2
      vertex -28.9815 73.0299 1.2
    endloop
  endfacet
  facet normal -0.428206 0.903681 0
    outer loop
      vertex -29.079 72.9837 1.2
      vertex -28.9815 73.0299 0
      vertex -29.079 72.9837 0
    endloop
  endfacet
  facet normal -0.514087 0.857738 0
    outer loop
      vertex -28.8889 73.0854 0
      vertex -28.9815 73.0299 1.2
      vertex -28.8889 73.0854 1.2
    endloop
  endfacet
  facet normal -0.514087 0.857738 0
    outer loop
      vertex -28.9815 73.0299 1.2
      vertex -28.8889 73.0854 0
      vertex -28.9815 73.0299 0
    endloop
  endfacet
  facet normal 0.514087 -0.857738 0
    outer loop
      vertex -30.1111 74.9146 0
      vertex -30.0185 74.9701 1.2
      vertex -30.1111 74.9146 1.2
    endloop
  endfacet
  facet normal 0.514087 -0.857738 0
    outer loop
      vertex -30.0185 74.9701 1.2
      vertex -30.1111 74.9146 0
      vertex -30.0185 74.9701 0
    endloop
  endfacet
  facet normal 0.903681 -0.428206 0
    outer loop
      vertex -30.5163 74.421 1.2
      vertex -30.4701 74.5185 0
      vertex -30.4701 74.5185 1.2
    endloop
  endfacet
  facet normal 0.903681 -0.428206 0
    outer loop
      vertex -30.4701 74.5185 0
      vertex -30.5163 74.421 1.2
      vertex -30.5163 74.421 0
    endloop
  endfacet
  facet normal 0.514087 0.857738 -0
    outer loop
      vertex -30.0185 73.0299 0
      vertex -30.1111 73.0854 1.2
      vertex -30.0185 73.0299 1.2
    endloop
  endfacet
  facet normal 0.514087 0.857738 0
    outer loop
      vertex -30.1111 73.0854 1.2
      vertex -30.0185 73.0299 0
      vertex -30.1111 73.0854 0
    endloop
  endfacet
  facet normal 0.33616 0.941805 -0
    outer loop
      vertex 29.1807 10.9474 0
      vertex 29.079 10.9837 1.2
      vertex 29.1807 10.9474 1.2
    endloop
  endfacet
  facet normal 0.33616 0.941805 0
    outer loop
      vertex 29.079 10.9837 1.2
      vertex 29.1807 10.9474 0
      vertex 29.079 10.9837 0
    endloop
  endfacet
  facet normal -0.989233 -0.146347 0
    outer loop
      vertex 30.5947 12.1078 0
      vertex 30.5789 12.2146 1.2
      vertex 30.5789 12.2146 0
    endloop
  endfacet
  facet normal -0.989233 -0.146347 0
    outer loop
      vertex 30.5789 12.2146 1.2
      vertex 30.5947 12.1078 0
      vertex 30.5947 12.1078 1.2
    endloop
  endfacet
  facet normal -0.998794 -0.0491058 0
    outer loop
      vertex 30.6 12 0
      vertex 30.5947 12.1078 1.2
      vertex 30.5947 12.1078 0
    endloop
  endfacet
  facet normal -0.998794 -0.0491058 0
    outer loop
      vertex 30.5947 12.1078 1.2
      vertex 30.6 12 0
      vertex 30.6 12 1.2
    endloop
  endfacet
  facet normal -0.969869 -0.243625 0
    outer loop
      vertex 30.5789 12.2146 0
      vertex 30.5526 12.3193 1.2
      vertex 30.5526 12.3193 0
    endloop
  endfacet
  facet normal -0.969869 -0.243625 0
    outer loop
      vertex 30.5526 12.3193 1.2
      vertex 30.5789 12.2146 0
      vertex 30.5789 12.2146 1.2
    endloop
  endfacet
  facet normal 0.989233 -0.146347 0
    outer loop
      vertex 28.4053 12.1078 1.2
      vertex 28.4211 12.2146 0
      vertex 28.4211 12.2146 1.2
    endloop
  endfacet
  facet normal 0.989233 -0.146347 0
    outer loop
      vertex 28.4211 12.2146 0
      vertex 28.4053 12.1078 1.2
      vertex 28.4053 12.1078 0
    endloop
  endfacet
  facet normal 0.243625 0.969869 -0
    outer loop
      vertex 29.2854 10.9211 0
      vertex 29.1807 10.9474 1.2
      vertex 29.2854 10.9211 1.2
    endloop
  endfacet
  facet normal 0.243625 0.969869 0
    outer loop
      vertex 29.1807 10.9474 1.2
      vertex 29.2854 10.9211 0
      vertex 29.1807 10.9474 0
    endloop
  endfacet
  facet normal -0.33616 -0.941805 0
    outer loop
      vertex 29.8193 13.0526 0
      vertex 29.921 13.0163 1.2
      vertex 29.8193 13.0526 1.2
    endloop
  endfacet
  facet normal -0.33616 -0.941805 -0
    outer loop
      vertex 29.921 13.0163 1.2
      vertex 29.8193 13.0526 0
      vertex 29.921 13.0163 0
    endloop
  endfacet
  facet normal 0.514087 -0.857738 0
    outer loop
      vertex 28.8889 12.9146 0
      vertex 28.9815 12.9701 1.2
      vertex 28.8889 12.9146 1.2
    endloop
  endfacet
  facet normal 0.514087 -0.857738 0
    outer loop
      vertex 28.9815 12.9701 1.2
      vertex 28.8889 12.9146 0
      vertex 28.9815 12.9701 0
    endloop
  endfacet
  facet normal 0.903681 0.428206 0
    outer loop
      vertex 28.5299 11.4815 1.2
      vertex 28.4837 11.579 0
      vertex 28.4837 11.579 1.2
    endloop
  endfacet
  facet normal 0.903681 0.428206 0
    outer loop
      vertex 28.4837 11.579 0
      vertex 28.5299 11.4815 1.2
      vertex 28.5299 11.4815 0
    endloop
  endfacet
  facet normal 0.243625 -0.969869 0
    outer loop
      vertex 29.1807 13.0526 0
      vertex 29.2854 13.0789 1.2
      vertex 29.1807 13.0526 1.2
    endloop
  endfacet
  facet normal 0.243625 -0.969869 0
    outer loop
      vertex 29.2854 13.0789 1.2
      vertex 29.1807 13.0526 0
      vertex 29.2854 13.0789 0
    endloop
  endfacet
  facet normal 0.857738 0.514087 0
    outer loop
      vertex 28.5854 11.3889 1.2
      vertex 28.5299 11.4815 0
      vertex 28.5299 11.4815 1.2
    endloop
  endfacet
  facet normal 0.857738 0.514087 0
    outer loop
      vertex 28.5299 11.4815 0
      vertex 28.5854 11.3889 1.2
      vertex 28.5854 11.3889 0
    endloop
  endfacet
  facet normal -0.243625 0.969869 0
    outer loop
      vertex 29.8193 10.9474 0
      vertex 29.7146 10.9211 1.2
      vertex 29.8193 10.9474 1.2
    endloop
  endfacet
  facet normal -0.243625 0.969869 0
    outer loop
      vertex 29.7146 10.9211 1.2
      vertex 29.8193 10.9474 0
      vertex 29.7146 10.9211 0
    endloop
  endfacet
  facet normal 0.595693 0.803212 -0
    outer loop
      vertex 28.8889 11.0854 0
      vertex 28.8022 11.1497 1.2
      vertex 28.8889 11.0854 1.2
    endloop
  endfacet
  facet normal 0.595693 0.803212 0
    outer loop
      vertex 28.8022 11.1497 1.2
      vertex 28.8889 11.0854 0
      vertex 28.8022 11.1497 0
    endloop
  endfacet
  facet normal -0.514087 0.857738 0
    outer loop
      vertex 30.1111 11.0854 0
      vertex 30.0185 11.0299 1.2
      vertex 30.1111 11.0854 1.2
    endloop
  endfacet
  facet normal -0.514087 0.857738 0
    outer loop
      vertex 30.0185 11.0299 1.2
      vertex 30.1111 11.0854 0
      vertex 30.0185 11.0299 0
    endloop
  endfacet
  facet normal -0.803212 0.595693 0
    outer loop
      vertex 30.3503 11.3022 0
      vertex 30.4146 11.3889 1.2
      vertex 30.4146 11.3889 0
    endloop
  endfacet
  facet normal -0.803212 0.595693 0
    outer loop
      vertex 30.4146 11.3889 1.2
      vertex 30.3503 11.3022 0
      vertex 30.3503 11.3022 1.2
    endloop
  endfacet
  facet normal -0.146347 -0.989233 0
    outer loop
      vertex 29.6078 13.0947 0
      vertex 29.7146 13.0789 1.2
      vertex 29.6078 13.0947 1.2
    endloop
  endfacet
  facet normal -0.146347 -0.989233 -0
    outer loop
      vertex 29.7146 13.0789 1.2
      vertex 29.6078 13.0947 0
      vertex 29.7146 13.0789 0
    endloop
  endfacet
  facet normal 0.595693 -0.803212 0
    outer loop
      vertex 28.8022 12.8503 0
      vertex 28.8889 12.9146 1.2
      vertex 28.8022 12.8503 1.2
    endloop
  endfacet
  facet normal 0.595693 -0.803212 0
    outer loop
      vertex 28.8889 12.9146 1.2
      vertex 28.8022 12.8503 0
      vertex 28.8889 12.9146 0
    endloop
  endfacet
  facet normal 0.803212 -0.595693 0
    outer loop
      vertex 28.5854 12.6111 1.2
      vertex 28.6497 12.6978 0
      vertex 28.6497 12.6978 1.2
    endloop
  endfacet
  facet normal 0.803212 -0.595693 0
    outer loop
      vertex 28.6497 12.6978 0
      vertex 28.5854 12.6111 1.2
      vertex 28.5854 12.6111 0
    endloop
  endfacet
  facet normal -0.989233 0.146347 0
    outer loop
      vertex 30.5789 11.7854 0
      vertex 30.5947 11.8922 1.2
      vertex 30.5947 11.8922 0
    endloop
  endfacet
  facet normal -0.989233 0.146347 0
    outer loop
      vertex 30.5947 11.8922 1.2
      vertex 30.5789 11.7854 0
      vertex 30.5789 11.7854 1.2
    endloop
  endfacet
  facet normal 0.941805 -0.33616 0
    outer loop
      vertex 28.4474 12.3193 1.2
      vertex 28.4837 12.421 0
      vertex 28.4837 12.421 1.2
    endloop
  endfacet
  facet normal 0.941805 -0.33616 0
    outer loop
      vertex 28.4837 12.421 0
      vertex 28.4474 12.3193 1.2
      vertex 28.4474 12.3193 0
    endloop
  endfacet
  facet normal -0.428206 -0.903681 0
    outer loop
      vertex 29.921 13.0163 0
      vertex 30.0185 12.9701 1.2
      vertex 29.921 13.0163 1.2
    endloop
  endfacet
  facet normal -0.428206 -0.903681 -0
    outer loop
      vertex 30.0185 12.9701 1.2
      vertex 29.921 13.0163 0
      vertex 30.0185 12.9701 0
    endloop
  endfacet
  facet normal 0.941805 0.33616 0
    outer loop
      vertex 28.4837 11.579 1.2
      vertex 28.4474 11.6807 0
      vertex 28.4474 11.6807 1.2
    endloop
  endfacet
  facet normal 0.941805 0.33616 0
    outer loop
      vertex 28.4474 11.6807 0
      vertex 28.4837 11.579 1.2
      vertex 28.4837 11.579 0
    endloop
  endfacet
  facet normal -0.969869 0.243625 0
    outer loop
      vertex 30.5526 11.6807 0
      vertex 30.5789 11.7854 1.2
      vertex 30.5789 11.7854 0
    endloop
  endfacet
  facet normal -0.969869 0.243625 0
    outer loop
      vertex 30.5789 11.7854 1.2
      vertex 30.5526 11.6807 0
      vertex 30.5526 11.6807 1.2
    endloop
  endfacet
  facet normal 0.0491058 -0.998794 0
    outer loop
      vertex 29.3922 13.0947 0
      vertex 29.5 13.1 1.2
      vertex 29.3922 13.0947 1.2
    endloop
  endfacet
  facet normal 0.0491058 -0.998794 0
    outer loop
      vertex 29.5 13.1 1.2
      vertex 29.3922 13.0947 0
      vertex 29.5 13.1 0
    endloop
  endfacet
  facet normal -0.671519 -0.740987 0
    outer loop
      vertex 30.1978 12.8503 0
      vertex 30.2778 12.7778 1.2
      vertex 30.1978 12.8503 1.2
    endloop
  endfacet
  facet normal -0.671519 -0.740987 -0
    outer loop
      vertex 30.2778 12.7778 1.2
      vertex 30.1978 12.8503 0
      vertex 30.2778 12.7778 0
    endloop
  endfacet
  facet normal 0.428206 -0.903681 0
    outer loop
      vertex 28.9815 12.9701 0
      vertex 29.079 13.0163 1.2
      vertex 28.9815 12.9701 1.2
    endloop
  endfacet
  facet normal 0.428206 -0.903681 0
    outer loop
      vertex 29.079 13.0163 1.2
      vertex 28.9815 12.9701 0
      vertex 29.079 13.0163 0
    endloop
  endfacet
  facet normal 0.671519 -0.740987 0
    outer loop
      vertex 28.7222 12.7778 0
      vertex 28.8022 12.8503 1.2
      vertex 28.7222 12.7778 1.2
    endloop
  endfacet
  facet normal 0.671519 -0.740987 0
    outer loop
      vertex 28.8022 12.8503 1.2
      vertex 28.7222 12.7778 0
      vertex 28.8022 12.8503 0
    endloop
  endfacet
  facet normal -0.33616 0.941805 0
    outer loop
      vertex 29.921 10.9837 0
      vertex 29.8193 10.9474 1.2
      vertex 29.921 10.9837 1.2
    endloop
  endfacet
  facet normal -0.33616 0.941805 0
    outer loop
      vertex 29.8193 10.9474 1.2
      vertex 29.921 10.9837 0
      vertex 29.8193 10.9474 0
    endloop
  endfacet
  facet normal 0.33616 -0.941805 0
    outer loop
      vertex 29.079 13.0163 0
      vertex 29.1807 13.0526 1.2
      vertex 29.079 13.0163 1.2
    endloop
  endfacet
  facet normal 0.33616 -0.941805 0
    outer loop
      vertex 29.1807 13.0526 1.2
      vertex 29.079 13.0163 0
      vertex 29.1807 13.0526 0
    endloop
  endfacet
  facet normal -0.803212 -0.595693 0
    outer loop
      vertex 30.4146 12.6111 0
      vertex 30.3503 12.6978 1.2
      vertex 30.3503 12.6978 0
    endloop
  endfacet
  facet normal -0.803212 -0.595693 0
    outer loop
      vertex 30.3503 12.6978 1.2
      vertex 30.4146 12.6111 0
      vertex 30.4146 12.6111 1.2
    endloop
  endfacet
  facet normal 0.857738 -0.514087 0
    outer loop
      vertex 28.5299 12.5185 1.2
      vertex 28.5854 12.6111 0
      vertex 28.5854 12.6111 1.2
    endloop
  endfacet
  facet normal 0.857738 -0.514087 0
    outer loop
      vertex 28.5854 12.6111 0
      vertex 28.5299 12.5185 1.2
      vertex 28.5299 12.5185 0
    endloop
  endfacet
  facet normal -0.998794 0.0491058 0
    outer loop
      vertex 30.5947 11.8922 0
      vertex 30.6 12 1.2
      vertex 30.6 12 0
    endloop
  endfacet
  facet normal -0.998794 0.0491058 0
    outer loop
      vertex 30.6 12 1.2
      vertex 30.5947 11.8922 0
      vertex 30.5947 11.8922 1.2
    endloop
  endfacet
  facet normal -0.903681 0.428206 0
    outer loop
      vertex 30.4701 11.4815 0
      vertex 30.5163 11.579 1.2
      vertex 30.5163 11.579 0
    endloop
  endfacet
  facet normal -0.903681 0.428206 0
    outer loop
      vertex 30.5163 11.579 1.2
      vertex 30.4701 11.4815 0
      vertex 30.4701 11.4815 1.2
    endloop
  endfacet
  facet normal -0.857738 -0.514087 0
    outer loop
      vertex 30.4701 12.5185 0
      vertex 30.4146 12.6111 1.2
      vertex 30.4146 12.6111 0
    endloop
  endfacet
  facet normal -0.857738 -0.514087 0
    outer loop
      vertex 30.4146 12.6111 1.2
      vertex 30.4701 12.5185 0
      vertex 30.4701 12.5185 1.2
    endloop
  endfacet
  facet normal 0.671519 0.740987 -0
    outer loop
      vertex 28.8022 11.1497 0
      vertex 28.7222 11.2222 1.2
      vertex 28.8022 11.1497 1.2
    endloop
  endfacet
  facet normal 0.671519 0.740987 0
    outer loop
      vertex 28.7222 11.2222 1.2
      vertex 28.8022 11.1497 0
      vertex 28.7222 11.2222 0
    endloop
  endfacet
  facet normal -0.595693 -0.803212 0
    outer loop
      vertex 30.1111 12.9146 0
      vertex 30.1978 12.8503 1.2
      vertex 30.1111 12.9146 1.2
    endloop
  endfacet
  facet normal -0.595693 -0.803212 -0
    outer loop
      vertex 30.1978 12.8503 1.2
      vertex 30.1111 12.9146 0
      vertex 30.1978 12.8503 0
    endloop
  endfacet
  facet normal 0.514087 0.857738 -0
    outer loop
      vertex 28.9815 11.0299 0
      vertex 28.8889 11.0854 1.2
      vertex 28.9815 11.0299 1.2
    endloop
  endfacet
  facet normal 0.514087 0.857738 0
    outer loop
      vertex 28.8889 11.0854 1.2
      vertex 28.9815 11.0299 0
      vertex 28.8889 11.0854 0
    endloop
  endfacet
  facet normal -0.514087 -0.857738 0
    outer loop
      vertex 30.0185 12.9701 0
      vertex 30.1111 12.9146 1.2
      vertex 30.0185 12.9701 1.2
    endloop
  endfacet
  facet normal -0.514087 -0.857738 -0
    outer loop
      vertex 30.1111 12.9146 1.2
      vertex 30.0185 12.9701 0
      vertex 30.1111 12.9146 0
    endloop
  endfacet
  facet normal -0.146347 0.989233 0
    outer loop
      vertex 29.7146 10.9211 0
      vertex 29.6078 10.9053 1.2
      vertex 29.7146 10.9211 1.2
    endloop
  endfacet
  facet normal -0.146347 0.989233 0
    outer loop
      vertex 29.6078 10.9053 1.2
      vertex 29.7146 10.9211 0
      vertex 29.6078 10.9053 0
    endloop
  endfacet
  facet normal -0.941805 -0.33616 0
    outer loop
      vertex 30.5526 12.3193 0
      vertex 30.5163 12.421 1.2
      vertex 30.5163 12.421 0
    endloop
  endfacet
  facet normal -0.941805 -0.33616 0
    outer loop
      vertex 30.5163 12.421 1.2
      vertex 30.5526 12.3193 0
      vertex 30.5526 12.3193 1.2
    endloop
  endfacet
  facet normal -0.857738 0.514087 0
    outer loop
      vertex 30.4146 11.3889 0
      vertex 30.4701 11.4815 1.2
      vertex 30.4701 11.4815 0
    endloop
  endfacet
  facet normal -0.857738 0.514087 0
    outer loop
      vertex 30.4701 11.4815 1.2
      vertex 30.4146 11.3889 0
      vertex 30.4146 11.3889 1.2
    endloop
  endfacet
  facet normal 0.998794 0.0491058 0
    outer loop
      vertex 28.4053 11.8922 1.2
      vertex 28.4 12 0
      vertex 28.4 12 1.2
    endloop
  endfacet
  facet normal 0.998794 0.0491058 0
    outer loop
      vertex 28.4 12 0
      vertex 28.4053 11.8922 1.2
      vertex 28.4053 11.8922 0
    endloop
  endfacet
  facet normal -0.941805 0.33616 0
    outer loop
      vertex 30.5163 11.579 0
      vertex 30.5526 11.6807 1.2
      vertex 30.5526 11.6807 0
    endloop
  endfacet
  facet normal -0.941805 0.33616 0
    outer loop
      vertex 30.5526 11.6807 1.2
      vertex 30.5163 11.579 0
      vertex 30.5163 11.579 1.2
    endloop
  endfacet
  facet normal 0.146347 -0.989233 0
    outer loop
      vertex 29.2854 13.0789 0
      vertex 29.3922 13.0947 1.2
      vertex 29.2854 13.0789 1.2
    endloop
  endfacet
  facet normal 0.146347 -0.989233 0
    outer loop
      vertex 29.3922 13.0947 1.2
      vertex 29.2854 13.0789 0
      vertex 29.3922 13.0947 0
    endloop
  endfacet
  facet normal -0.740987 -0.671519 0
    outer loop
      vertex 30.3503 12.6978 0
      vertex 30.2778 12.7778 1.2
      vertex 30.2778 12.7778 0
    endloop
  endfacet
  facet normal -0.740987 -0.671519 0
    outer loop
      vertex 30.2778 12.7778 1.2
      vertex 30.3503 12.6978 0
      vertex 30.3503 12.6978 1.2
    endloop
  endfacet
  facet normal -0.0491058 -0.998794 0
    outer loop
      vertex 29.5 13.1 0
      vertex 29.6078 13.0947 1.2
      vertex 29.5 13.1 1.2
    endloop
  endfacet
  facet normal -0.0491058 -0.998794 -0
    outer loop
      vertex 29.6078 13.0947 1.2
      vertex 29.5 13.1 0
      vertex 29.6078 13.0947 0
    endloop
  endfacet
  facet normal -0.903681 -0.428206 0
    outer loop
      vertex 30.5163 12.421 0
      vertex 30.4701 12.5185 1.2
      vertex 30.4701 12.5185 0
    endloop
  endfacet
  facet normal -0.903681 -0.428206 0
    outer loop
      vertex 30.4701 12.5185 1.2
      vertex 30.5163 12.421 0
      vertex 30.5163 12.421 1.2
    endloop
  endfacet
  facet normal 0.146347 0.989233 -0
    outer loop
      vertex 29.3922 10.9053 0
      vertex 29.2854 10.9211 1.2
      vertex 29.3922 10.9053 1.2
    endloop
  endfacet
  facet normal 0.146347 0.989233 0
    outer loop
      vertex 29.2854 10.9211 1.2
      vertex 29.3922 10.9053 0
      vertex 29.2854 10.9211 0
    endloop
  endfacet
  facet normal -0.671519 0.740987 0
    outer loop
      vertex 30.2778 11.2222 0
      vertex 30.1978 11.1497 1.2
      vertex 30.2778 11.2222 1.2
    endloop
  endfacet
  facet normal -0.671519 0.740987 0
    outer loop
      vertex 30.1978 11.1497 1.2
      vertex 30.2778 11.2222 0
      vertex 30.1978 11.1497 0
    endloop
  endfacet
  facet normal 0.0491058 0.998794 -0
    outer loop
      vertex 29.5 10.9 0
      vertex 29.3922 10.9053 1.2
      vertex 29.5 10.9 1.2
    endloop
  endfacet
  facet normal 0.0491058 0.998794 0
    outer loop
      vertex 29.3922 10.9053 1.2
      vertex 29.5 10.9 0
      vertex 29.3922 10.9053 0
    endloop
  endfacet
  facet normal 0.740987 -0.671519 0
    outer loop
      vertex 28.6497 12.6978 1.2
      vertex 28.7222 12.7778 0
      vertex 28.7222 12.7778 1.2
    endloop
  endfacet
  facet normal 0.740987 -0.671519 0
    outer loop
      vertex 28.7222 12.7778 0
      vertex 28.6497 12.6978 1.2
      vertex 28.6497 12.6978 0
    endloop
  endfacet
  facet normal 0.903681 -0.428206 0
    outer loop
      vertex 28.4837 12.421 1.2
      vertex 28.5299 12.5185 0
      vertex 28.5299 12.5185 1.2
    endloop
  endfacet
  facet normal 0.903681 -0.428206 0
    outer loop
      vertex 28.5299 12.5185 0
      vertex 28.4837 12.421 1.2
      vertex 28.4837 12.421 0
    endloop
  endfacet
  facet normal 0.969869 -0.243625 0
    outer loop
      vertex 28.4211 12.2146 1.2
      vertex 28.4474 12.3193 0
      vertex 28.4474 12.3193 1.2
    endloop
  endfacet
  facet normal 0.969869 -0.243625 0
    outer loop
      vertex 28.4474 12.3193 0
      vertex 28.4211 12.2146 1.2
      vertex 28.4211 12.2146 0
    endloop
  endfacet
  facet normal -0.243625 -0.969869 0
    outer loop
      vertex 29.7146 13.0789 0
      vertex 29.8193 13.0526 1.2
      vertex 29.7146 13.0789 1.2
    endloop
  endfacet
  facet normal -0.243625 -0.969869 -0
    outer loop
      vertex 29.8193 13.0526 1.2
      vertex 29.7146 13.0789 0
      vertex 29.8193 13.0526 0
    endloop
  endfacet
  facet normal 0.969869 0.243625 0
    outer loop
      vertex 28.4474 11.6807 1.2
      vertex 28.4211 11.7854 0
      vertex 28.4211 11.7854 1.2
    endloop
  endfacet
  facet normal 0.969869 0.243625 0
    outer loop
      vertex 28.4211 11.7854 0
      vertex 28.4474 11.6807 1.2
      vertex 28.4474 11.6807 0
    endloop
  endfacet
  facet normal 0.428206 0.903681 -0
    outer loop
      vertex 29.079 10.9837 0
      vertex 28.9815 11.0299 1.2
      vertex 29.079 10.9837 1.2
    endloop
  endfacet
  facet normal 0.428206 0.903681 0
    outer loop
      vertex 28.9815 11.0299 1.2
      vertex 29.079 10.9837 0
      vertex 28.9815 11.0299 0
    endloop
  endfacet
  facet normal 0.740987 0.671519 0
    outer loop
      vertex 28.7222 11.2222 1.2
      vertex 28.6497 11.3022 0
      vertex 28.6497 11.3022 1.2
    endloop
  endfacet
  facet normal 0.740987 0.671519 0
    outer loop
      vertex 28.6497 11.3022 0
      vertex 28.7222 11.2222 1.2
      vertex 28.7222 11.2222 0
    endloop
  endfacet
  facet normal -0.428206 0.903681 0
    outer loop
      vertex 30.0185 11.0299 0
      vertex 29.921 10.9837 1.2
      vertex 30.0185 11.0299 1.2
    endloop
  endfacet
  facet normal -0.428206 0.903681 0
    outer loop
      vertex 29.921 10.9837 1.2
      vertex 30.0185 11.0299 0
      vertex 29.921 10.9837 0
    endloop
  endfacet
  facet normal -0.0491058 0.998794 0
    outer loop
      vertex 29.6078 10.9053 0
      vertex 29.5 10.9 1.2
      vertex 29.6078 10.9053 1.2
    endloop
  endfacet
  facet normal -0.0491058 0.998794 0
    outer loop
      vertex 29.5 10.9 1.2
      vertex 29.6078 10.9053 0
      vertex 29.5 10.9 0
    endloop
  endfacet
  facet normal 0.989233 0.146347 0
    outer loop
      vertex 28.4211 11.7854 1.2
      vertex 28.4053 11.8922 0
      vertex 28.4053 11.8922 1.2
    endloop
  endfacet
  facet normal 0.989233 0.146347 0
    outer loop
      vertex 28.4053 11.8922 0
      vertex 28.4211 11.7854 1.2
      vertex 28.4211 11.7854 0
    endloop
  endfacet
  facet normal -0.595693 0.803212 0
    outer loop
      vertex 30.1978 11.1497 0
      vertex 30.1111 11.0854 1.2
      vertex 30.1978 11.1497 1.2
    endloop
  endfacet
  facet normal -0.595693 0.803212 0
    outer loop
      vertex 30.1111 11.0854 1.2
      vertex 30.1978 11.1497 0
      vertex 30.1111 11.0854 0
    endloop
  endfacet
  facet normal 0.803212 0.595693 0
    outer loop
      vertex 28.6497 11.3022 1.2
      vertex 28.5854 11.3889 0
      vertex 28.5854 11.3889 1.2
    endloop
  endfacet
  facet normal 0.803212 0.595693 0
    outer loop
      vertex 28.5854 11.3889 0
      vertex 28.6497 11.3022 1.2
      vertex 28.6497 11.3022 0
    endloop
  endfacet
  facet normal 0.998794 -0.0491058 0
    outer loop
      vertex 28.4 12 1.2
      vertex 28.4053 12.1078 0
      vertex 28.4053 12.1078 1.2
    endloop
  endfacet
  facet normal 0.998794 -0.0491058 0
    outer loop
      vertex 28.4053 12.1078 0
      vertex 28.4 12 1.2
      vertex 28.4 12 0
    endloop
  endfacet
  facet normal -0.740987 0.671519 0
    outer loop
      vertex 30.2778 11.2222 0
      vertex 30.3503 11.3022 1.2
      vertex 30.3503 11.3022 0
    endloop
  endfacet
  facet normal -0.740987 0.671519 0
    outer loop
      vertex 30.3503 11.3022 1.2
      vertex 30.2778 11.2222 0
      vertex 30.2778 11.2222 1.2
    endloop
  endfacet
  facet normal 0.33616 0.941805 -0
    outer loop
      vertex 29.1807 72.9474 0
      vertex 29.079 72.9837 1.2
      vertex 29.1807 72.9474 1.2
    endloop
  endfacet
  facet normal 0.33616 0.941805 0
    outer loop
      vertex 29.079 72.9837 1.2
      vertex 29.1807 72.9474 0
      vertex 29.079 72.9837 0
    endloop
  endfacet
  facet normal -0.989233 -0.146347 0
    outer loop
      vertex 30.5947 74.1078 0
      vertex 30.5789 74.2146 1.2
      vertex 30.5789 74.2146 0
    endloop
  endfacet
  facet normal -0.989233 -0.146347 0
    outer loop
      vertex 30.5789 74.2146 1.2
      vertex 30.5947 74.1078 0
      vertex 30.5947 74.1078 1.2
    endloop
  endfacet
  facet normal -0.998794 -0.0491058 0
    outer loop
      vertex 30.6 74 0
      vertex 30.5947 74.1078 1.2
      vertex 30.5947 74.1078 0
    endloop
  endfacet
  facet normal -0.998794 -0.0491058 0
    outer loop
      vertex 30.5947 74.1078 1.2
      vertex 30.6 74 0
      vertex 30.6 74 1.2
    endloop
  endfacet
  facet normal -0.969869 -0.243625 0
    outer loop
      vertex 30.5789 74.2146 0
      vertex 30.5526 74.3193 1.2
      vertex 30.5526 74.3193 0
    endloop
  endfacet
  facet normal -0.969869 -0.243625 0
    outer loop
      vertex 30.5526 74.3193 1.2
      vertex 30.5789 74.2146 0
      vertex 30.5789 74.2146 1.2
    endloop
  endfacet
  facet normal 0.989233 -0.146347 0
    outer loop
      vertex 28.4053 74.1078 1.2
      vertex 28.4211 74.2146 0
      vertex 28.4211 74.2146 1.2
    endloop
  endfacet
  facet normal 0.989233 -0.146347 0
    outer loop
      vertex 28.4211 74.2146 0
      vertex 28.4053 74.1078 1.2
      vertex 28.4053 74.1078 0
    endloop
  endfacet
  facet normal 0.243625 0.969869 -0
    outer loop
      vertex 29.2854 72.9211 0
      vertex 29.1807 72.9474 1.2
      vertex 29.2854 72.9211 1.2
    endloop
  endfacet
  facet normal 0.243625 0.969869 0
    outer loop
      vertex 29.1807 72.9474 1.2
      vertex 29.2854 72.9211 0
      vertex 29.1807 72.9474 0
    endloop
  endfacet
  facet normal -0.33616 -0.941805 0
    outer loop
      vertex 29.8193 75.0526 0
      vertex 29.921 75.0163 1.2
      vertex 29.8193 75.0526 1.2
    endloop
  endfacet
  facet normal -0.33616 -0.941805 -0
    outer loop
      vertex 29.921 75.0163 1.2
      vertex 29.8193 75.0526 0
      vertex 29.921 75.0163 0
    endloop
  endfacet
  facet normal 0.514087 -0.857738 0
    outer loop
      vertex 28.8889 74.9146 0
      vertex 28.9815 74.9701 1.2
      vertex 28.8889 74.9146 1.2
    endloop
  endfacet
  facet normal 0.514087 -0.857738 0
    outer loop
      vertex 28.9815 74.9701 1.2
      vertex 28.8889 74.9146 0
      vertex 28.9815 74.9701 0
    endloop
  endfacet
  facet normal 0.903681 0.428206 0
    outer loop
      vertex 28.5299 73.4815 1.2
      vertex 28.4837 73.579 0
      vertex 28.4837 73.579 1.2
    endloop
  endfacet
  facet normal 0.903681 0.428206 0
    outer loop
      vertex 28.4837 73.579 0
      vertex 28.5299 73.4815 1.2
      vertex 28.5299 73.4815 0
    endloop
  endfacet
  facet normal 0.243625 -0.969869 0
    outer loop
      vertex 29.1807 75.0526 0
      vertex 29.2854 75.0789 1.2
      vertex 29.1807 75.0526 1.2
    endloop
  endfacet
  facet normal 0.243625 -0.969869 0
    outer loop
      vertex 29.2854 75.0789 1.2
      vertex 29.1807 75.0526 0
      vertex 29.2854 75.0789 0
    endloop
  endfacet
  facet normal 0.857738 0.514087 0
    outer loop
      vertex 28.5854 73.3889 1.2
      vertex 28.5299 73.4815 0
      vertex 28.5299 73.4815 1.2
    endloop
  endfacet
  facet normal 0.857738 0.514087 0
    outer loop
      vertex 28.5299 73.4815 0
      vertex 28.5854 73.3889 1.2
      vertex 28.5854 73.3889 0
    endloop
  endfacet
  facet normal -0.243625 0.969869 0
    outer loop
      vertex 29.8193 72.9474 0
      vertex 29.7146 72.9211 1.2
      vertex 29.8193 72.9474 1.2
    endloop
  endfacet
  facet normal -0.243625 0.969869 0
    outer loop
      vertex 29.7146 72.9211 1.2
      vertex 29.8193 72.9474 0
      vertex 29.7146 72.9211 0
    endloop
  endfacet
  facet normal 0.595693 0.803212 -0
    outer loop
      vertex 28.8889 73.0854 0
      vertex 28.8022 73.1497 1.2
      vertex 28.8889 73.0854 1.2
    endloop
  endfacet
  facet normal 0.595693 0.803212 0
    outer loop
      vertex 28.8022 73.1497 1.2
      vertex 28.8889 73.0854 0
      vertex 28.8022 73.1497 0
    endloop
  endfacet
  facet normal -0.514087 0.857738 0
    outer loop
      vertex 30.1111 73.0854 0
      vertex 30.0185 73.0299 1.2
      vertex 30.1111 73.0854 1.2
    endloop
  endfacet
  facet normal -0.514087 0.857738 0
    outer loop
      vertex 30.0185 73.0299 1.2
      vertex 30.1111 73.0854 0
      vertex 30.0185 73.0299 0
    endloop
  endfacet
  facet normal -0.803212 0.595693 0
    outer loop
      vertex 30.3503 73.3022 0
      vertex 30.4146 73.3889 1.2
      vertex 30.4146 73.3889 0
    endloop
  endfacet
  facet normal -0.803212 0.595693 0
    outer loop
      vertex 30.4146 73.3889 1.2
      vertex 30.3503 73.3022 0
      vertex 30.3503 73.3022 1.2
    endloop
  endfacet
  facet normal -0.146347 -0.989233 0
    outer loop
      vertex 29.6078 75.0947 0
      vertex 29.7146 75.0789 1.2
      vertex 29.6078 75.0947 1.2
    endloop
  endfacet
  facet normal -0.146347 -0.989233 -0
    outer loop
      vertex 29.7146 75.0789 1.2
      vertex 29.6078 75.0947 0
      vertex 29.7146 75.0789 0
    endloop
  endfacet
  facet normal 0.595693 -0.803212 0
    outer loop
      vertex 28.8022 74.8503 0
      vertex 28.8889 74.9146 1.2
      vertex 28.8022 74.8503 1.2
    endloop
  endfacet
  facet normal 0.595693 -0.803212 0
    outer loop
      vertex 28.8889 74.9146 1.2
      vertex 28.8022 74.8503 0
      vertex 28.8889 74.9146 0
    endloop
  endfacet
  facet normal -0.428206 0.903681 0
    outer loop
      vertex 30.0185 73.0299 0
      vertex 29.921 72.9837 1.2
      vertex 30.0185 73.0299 1.2
    endloop
  endfacet
  facet normal -0.428206 0.903681 0
    outer loop
      vertex 29.921 72.9837 1.2
      vertex 30.0185 73.0299 0
      vertex 29.921 72.9837 0
    endloop
  endfacet
  facet normal 0.803212 -0.595693 0
    outer loop
      vertex 28.5854 74.6111 1.2
      vertex 28.6497 74.6978 0
      vertex 28.6497 74.6978 1.2
    endloop
  endfacet
  facet normal 0.803212 -0.595693 0
    outer loop
      vertex 28.6497 74.6978 0
      vertex 28.5854 74.6111 1.2
      vertex 28.5854 74.6111 0
    endloop
  endfacet
  facet normal -0.989233 0.146347 0
    outer loop
      vertex 30.5789 73.7854 0
      vertex 30.5947 73.8922 1.2
      vertex 30.5947 73.8922 0
    endloop
  endfacet
  facet normal -0.989233 0.146347 0
    outer loop
      vertex 30.5947 73.8922 1.2
      vertex 30.5789 73.7854 0
      vertex 30.5789 73.7854 1.2
    endloop
  endfacet
  facet normal 0.941805 -0.33616 0
    outer loop
      vertex 28.4474 74.3193 1.2
      vertex 28.4837 74.421 0
      vertex 28.4837 74.421 1.2
    endloop
  endfacet
  facet normal 0.941805 -0.33616 0
    outer loop
      vertex 28.4837 74.421 0
      vertex 28.4474 74.3193 1.2
      vertex 28.4474 74.3193 0
    endloop
  endfacet
  facet normal -0.428206 -0.903681 0
    outer loop
      vertex 29.921 75.0163 0
      vertex 30.0185 74.9701 1.2
      vertex 29.921 75.0163 1.2
    endloop
  endfacet
  facet normal -0.428206 -0.903681 -0
    outer loop
      vertex 30.0185 74.9701 1.2
      vertex 29.921 75.0163 0
      vertex 30.0185 74.9701 0
    endloop
  endfacet
  facet normal 0.941805 0.33616 0
    outer loop
      vertex 28.4837 73.579 1.2
      vertex 28.4474 73.6807 0
      vertex 28.4474 73.6807 1.2
    endloop
  endfacet
  facet normal 0.941805 0.33616 0
    outer loop
      vertex 28.4474 73.6807 0
      vertex 28.4837 73.579 1.2
      vertex 28.4837 73.579 0
    endloop
  endfacet
  facet normal -0.969869 0.243625 0
    outer loop
      vertex 30.5526 73.6807 0
      vertex 30.5789 73.7854 1.2
      vertex 30.5789 73.7854 0
    endloop
  endfacet
  facet normal -0.969869 0.243625 0
    outer loop
      vertex 30.5789 73.7854 1.2
      vertex 30.5526 73.6807 0
      vertex 30.5526 73.6807 1.2
    endloop
  endfacet
  facet normal 0.0491058 -0.998794 0
    outer loop
      vertex 29.3922 75.0947 0
      vertex 29.5 75.1 1.2
      vertex 29.3922 75.0947 1.2
    endloop
  endfacet
  facet normal 0.0491058 -0.998794 0
    outer loop
      vertex 29.5 75.1 1.2
      vertex 29.3922 75.0947 0
      vertex 29.5 75.1 0
    endloop
  endfacet
  facet normal -0.671519 -0.740987 0
    outer loop
      vertex 30.1978 74.8503 0
      vertex 30.2778 74.7778 1.2
      vertex 30.1978 74.8503 1.2
    endloop
  endfacet
  facet normal -0.671519 -0.740987 -0
    outer loop
      vertex 30.2778 74.7778 1.2
      vertex 30.1978 74.8503 0
      vertex 30.2778 74.7778 0
    endloop
  endfacet
  facet normal 0.428206 -0.903681 0
    outer loop
      vertex 28.9815 74.9701 0
      vertex 29.079 75.0163 1.2
      vertex 28.9815 74.9701 1.2
    endloop
  endfacet
  facet normal 0.428206 -0.903681 0
    outer loop
      vertex 29.079 75.0163 1.2
      vertex 28.9815 74.9701 0
      vertex 29.079 75.0163 0
    endloop
  endfacet
  facet normal 0.671519 -0.740987 0
    outer loop
      vertex 28.7222 74.7778 0
      vertex 28.8022 74.8503 1.2
      vertex 28.7222 74.7778 1.2
    endloop
  endfacet
  facet normal 0.671519 -0.740987 0
    outer loop
      vertex 28.8022 74.8503 1.2
      vertex 28.7222 74.7778 0
      vertex 28.8022 74.8503 0
    endloop
  endfacet
  facet normal -0.33616 0.941805 0
    outer loop
      vertex 29.921 72.9837 0
      vertex 29.8193 72.9474 1.2
      vertex 29.921 72.9837 1.2
    endloop
  endfacet
  facet normal -0.33616 0.941805 0
    outer loop
      vertex 29.8193 72.9474 1.2
      vertex 29.921 72.9837 0
      vertex 29.8193 72.9474 0
    endloop
  endfacet
  facet normal 0.33616 -0.941805 0
    outer loop
      vertex 29.079 75.0163 0
      vertex 29.1807 75.0526 1.2
      vertex 29.079 75.0163 1.2
    endloop
  endfacet
  facet normal 0.33616 -0.941805 0
    outer loop
      vertex 29.1807 75.0526 1.2
      vertex 29.079 75.0163 0
      vertex 29.1807 75.0526 0
    endloop
  endfacet
  facet normal -0.803212 -0.595693 0
    outer loop
      vertex 30.4146 74.6111 0
      vertex 30.3503 74.6978 1.2
      vertex 30.3503 74.6978 0
    endloop
  endfacet
  facet normal -0.803212 -0.595693 0
    outer loop
      vertex 30.3503 74.6978 1.2
      vertex 30.4146 74.6111 0
      vertex 30.4146 74.6111 1.2
    endloop
  endfacet
  facet normal 0.857738 -0.514087 0
    outer loop
      vertex 28.5299 74.5185 1.2
      vertex 28.5854 74.6111 0
      vertex 28.5854 74.6111 1.2
    endloop
  endfacet
  facet normal 0.857738 -0.514087 0
    outer loop
      vertex 28.5854 74.6111 0
      vertex 28.5299 74.5185 1.2
      vertex 28.5299 74.5185 0
    endloop
  endfacet
  facet normal -0.998794 0.0491058 0
    outer loop
      vertex 30.5947 73.8922 0
      vertex 30.6 74 1.2
      vertex 30.6 74 0
    endloop
  endfacet
  facet normal -0.998794 0.0491058 0
    outer loop
      vertex 30.6 74 1.2
      vertex 30.5947 73.8922 0
      vertex 30.5947 73.8922 1.2
    endloop
  endfacet
  facet normal -0.903681 0.428206 0
    outer loop
      vertex 30.4701 73.4815 0
      vertex 30.5163 73.579 1.2
      vertex 30.5163 73.579 0
    endloop
  endfacet
  facet normal -0.903681 0.428206 0
    outer loop
      vertex 30.5163 73.579 1.2
      vertex 30.4701 73.4815 0
      vertex 30.4701 73.4815 1.2
    endloop
  endfacet
  facet normal -0.857738 -0.514087 0
    outer loop
      vertex 30.4701 74.5185 0
      vertex 30.4146 74.6111 1.2
      vertex 30.4146 74.6111 0
    endloop
  endfacet
  facet normal -0.857738 -0.514087 0
    outer loop
      vertex 30.4146 74.6111 1.2
      vertex 30.4701 74.5185 0
      vertex 30.4701 74.5185 1.2
    endloop
  endfacet
  facet normal -0.595693 -0.803212 0
    outer loop
      vertex 30.1111 74.9146 0
      vertex 30.1978 74.8503 1.2
      vertex 30.1111 74.9146 1.2
    endloop
  endfacet
  facet normal -0.595693 -0.803212 -0
    outer loop
      vertex 30.1978 74.8503 1.2
      vertex 30.1111 74.9146 0
      vertex 30.1978 74.8503 0
    endloop
  endfacet
  facet normal 0.514087 0.857738 -0
    outer loop
      vertex 28.9815 73.0299 0
      vertex 28.8889 73.0854 1.2
      vertex 28.9815 73.0299 1.2
    endloop
  endfacet
  facet normal 0.514087 0.857738 0
    outer loop
      vertex 28.8889 73.0854 1.2
      vertex 28.9815 73.0299 0
      vertex 28.8889 73.0854 0
    endloop
  endfacet
  facet normal -0.514087 -0.857738 0
    outer loop
      vertex 30.0185 74.9701 0
      vertex 30.1111 74.9146 1.2
      vertex 30.0185 74.9701 1.2
    endloop
  endfacet
  facet normal -0.514087 -0.857738 -0
    outer loop
      vertex 30.1111 74.9146 1.2
      vertex 30.0185 74.9701 0
      vertex 30.1111 74.9146 0
    endloop
  endfacet
  facet normal -0.146347 0.989233 0
    outer loop
      vertex 29.7146 72.9211 0
      vertex 29.6078 72.9053 1.2
      vertex 29.7146 72.9211 1.2
    endloop
  endfacet
  facet normal -0.146347 0.989233 0
    outer loop
      vertex 29.6078 72.9053 1.2
      vertex 29.7146 72.9211 0
      vertex 29.6078 72.9053 0
    endloop
  endfacet
  facet normal -0.941805 -0.33616 0
    outer loop
      vertex 30.5526 74.3193 0
      vertex 30.5163 74.421 1.2
      vertex 30.5163 74.421 0
    endloop
  endfacet
  facet normal -0.941805 -0.33616 0
    outer loop
      vertex 30.5163 74.421 1.2
      vertex 30.5526 74.3193 0
      vertex 30.5526 74.3193 1.2
    endloop
  endfacet
  facet normal -0.857738 0.514087 0
    outer loop
      vertex 30.4146 73.3889 0
      vertex 30.4701 73.4815 1.2
      vertex 30.4701 73.4815 0
    endloop
  endfacet
  facet normal -0.857738 0.514087 0
    outer loop
      vertex 30.4701 73.4815 1.2
      vertex 30.4146 73.3889 0
      vertex 30.4146 73.3889 1.2
    endloop
  endfacet
  facet normal 0.998794 0.0491058 0
    outer loop
      vertex 28.4053 73.8922 1.2
      vertex 28.4 74 0
      vertex 28.4 74 1.2
    endloop
  endfacet
  facet normal 0.998794 0.0491058 0
    outer loop
      vertex 28.4 74 0
      vertex 28.4053 73.8922 1.2
      vertex 28.4053 73.8922 0
    endloop
  endfacet
  facet normal -0.941805 0.33616 0
    outer loop
      vertex 30.5163 73.579 0
      vertex 30.5526 73.6807 1.2
      vertex 30.5526 73.6807 0
    endloop
  endfacet
  facet normal -0.941805 0.33616 0
    outer loop
      vertex 30.5526 73.6807 1.2
      vertex 30.5163 73.579 0
      vertex 30.5163 73.579 1.2
    endloop
  endfacet
  facet normal -0.740987 -0.671519 0
    outer loop
      vertex 30.3503 74.6978 0
      vertex 30.2778 74.7778 1.2
      vertex 30.2778 74.7778 0
    endloop
  endfacet
  facet normal -0.740987 -0.671519 0
    outer loop
      vertex 30.2778 74.7778 1.2
      vertex 30.3503 74.6978 0
      vertex 30.3503 74.6978 1.2
    endloop
  endfacet
  facet normal -0.0491058 -0.998794 0
    outer loop
      vertex 29.5 75.1 0
      vertex 29.6078 75.0947 1.2
      vertex 29.5 75.1 1.2
    endloop
  endfacet
  facet normal -0.0491058 -0.998794 -0
    outer loop
      vertex 29.6078 75.0947 1.2
      vertex 29.5 75.1 0
      vertex 29.6078 75.0947 0
    endloop
  endfacet
  facet normal -0.903681 -0.428206 0
    outer loop
      vertex 30.5163 74.421 0
      vertex 30.4701 74.5185 1.2
      vertex 30.4701 74.5185 0
    endloop
  endfacet
  facet normal -0.903681 -0.428206 0
    outer loop
      vertex 30.4701 74.5185 1.2
      vertex 30.5163 74.421 0
      vertex 30.5163 74.421 1.2
    endloop
  endfacet
  facet normal 0.146347 0.989233 -0
    outer loop
      vertex 29.3922 72.9053 0
      vertex 29.2854 72.9211 1.2
      vertex 29.3922 72.9053 1.2
    endloop
  endfacet
  facet normal 0.146347 0.989233 0
    outer loop
      vertex 29.2854 72.9211 1.2
      vertex 29.3922 72.9053 0
      vertex 29.2854 72.9211 0
    endloop
  endfacet
  facet normal -0.671519 0.740987 0
    outer loop
      vertex 30.2778 73.2222 0
      vertex 30.1978 73.1497 1.2
      vertex 30.2778 73.2222 1.2
    endloop
  endfacet
  facet normal -0.671519 0.740987 0
    outer loop
      vertex 30.1978 73.1497 1.2
      vertex 30.2778 73.2222 0
      vertex 30.1978 73.1497 0
    endloop
  endfacet
  facet normal 0.0491058 0.998794 -0
    outer loop
      vertex 29.5 72.9 0
      vertex 29.3922 72.9053 1.2
      vertex 29.5 72.9 1.2
    endloop
  endfacet
  facet normal 0.0491058 0.998794 0
    outer loop
      vertex 29.3922 72.9053 1.2
      vertex 29.5 72.9 0
      vertex 29.3922 72.9053 0
    endloop
  endfacet
  facet normal 0.740987 -0.671519 0
    outer loop
      vertex 28.6497 74.6978 1.2
      vertex 28.7222 74.7778 0
      vertex 28.7222 74.7778 1.2
    endloop
  endfacet
  facet normal 0.740987 -0.671519 0
    outer loop
      vertex 28.7222 74.7778 0
      vertex 28.6497 74.6978 1.2
      vertex 28.6497 74.6978 0
    endloop
  endfacet
  facet normal 0.146347 -0.989233 0
    outer loop
      vertex 29.2854 75.0789 0
      vertex 29.3922 75.0947 1.2
      vertex 29.2854 75.0789 1.2
    endloop
  endfacet
  facet normal 0.146347 -0.989233 0
    outer loop
      vertex 29.3922 75.0947 1.2
      vertex 29.2854 75.0789 0
      vertex 29.3922 75.0947 0
    endloop
  endfacet
  facet normal 0.903681 -0.428206 0
    outer loop
      vertex 28.4837 74.421 1.2
      vertex 28.5299 74.5185 0
      vertex 28.5299 74.5185 1.2
    endloop
  endfacet
  facet normal 0.903681 -0.428206 0
    outer loop
      vertex 28.5299 74.5185 0
      vertex 28.4837 74.421 1.2
      vertex 28.4837 74.421 0
    endloop
  endfacet
  facet normal 0.671519 0.740987 -0
    outer loop
      vertex 28.8022 73.1497 0
      vertex 28.7222 73.2222 1.2
      vertex 28.8022 73.1497 1.2
    endloop
  endfacet
  facet normal 0.671519 0.740987 0
    outer loop
      vertex 28.7222 73.2222 1.2
      vertex 28.8022 73.1497 0
      vertex 28.7222 73.2222 0
    endloop
  endfacet
  facet normal 0.969869 -0.243625 0
    outer loop
      vertex 28.4211 74.2146 1.2
      vertex 28.4474 74.3193 0
      vertex 28.4474 74.3193 1.2
    endloop
  endfacet
  facet normal 0.969869 -0.243625 0
    outer loop
      vertex 28.4474 74.3193 0
      vertex 28.4211 74.2146 1.2
      vertex 28.4211 74.2146 0
    endloop
  endfacet
  facet normal -0.243625 -0.969869 0
    outer loop
      vertex 29.7146 75.0789 0
      vertex 29.8193 75.0526 1.2
      vertex 29.7146 75.0789 1.2
    endloop
  endfacet
  facet normal -0.243625 -0.969869 -0
    outer loop
      vertex 29.8193 75.0526 1.2
      vertex 29.7146 75.0789 0
      vertex 29.8193 75.0526 0
    endloop
  endfacet
  facet normal 0.969869 0.243625 0
    outer loop
      vertex 28.4474 73.6807 1.2
      vertex 28.4211 73.7854 0
      vertex 28.4211 73.7854 1.2
    endloop
  endfacet
  facet normal 0.969869 0.243625 0
    outer loop
      vertex 28.4211 73.7854 0
      vertex 28.4474 73.6807 1.2
      vertex 28.4474 73.6807 0
    endloop
  endfacet
  facet normal 0.428206 0.903681 -0
    outer loop
      vertex 29.079 72.9837 0
      vertex 28.9815 73.0299 1.2
      vertex 29.079 72.9837 1.2
    endloop
  endfacet
  facet normal 0.428206 0.903681 0
    outer loop
      vertex 28.9815 73.0299 1.2
      vertex 29.079 72.9837 0
      vertex 28.9815 73.0299 0
    endloop
  endfacet
  facet normal 0.740987 0.671519 0
    outer loop
      vertex 28.7222 73.2222 1.2
      vertex 28.6497 73.3022 0
      vertex 28.6497 73.3022 1.2
    endloop
  endfacet
  facet normal 0.740987 0.671519 0
    outer loop
      vertex 28.6497 73.3022 0
      vertex 28.7222 73.2222 1.2
      vertex 28.7222 73.2222 0
    endloop
  endfacet
  facet normal -0.0491058 0.998794 0
    outer loop
      vertex 29.6078 72.9053 0
      vertex 29.5 72.9 1.2
      vertex 29.6078 72.9053 1.2
    endloop
  endfacet
  facet normal -0.0491058 0.998794 0
    outer loop
      vertex 29.5 72.9 1.2
      vertex 29.6078 72.9053 0
      vertex 29.5 72.9 0
    endloop
  endfacet
  facet normal 0.989233 0.146347 0
    outer loop
      vertex 28.4211 73.7854 1.2
      vertex 28.4053 73.8922 0
      vertex 28.4053 73.8922 1.2
    endloop
  endfacet
  facet normal 0.989233 0.146347 0
    outer loop
      vertex 28.4053 73.8922 0
      vertex 28.4211 73.7854 1.2
      vertex 28.4211 73.7854 0
    endloop
  endfacet
  facet normal -0.595693 0.803212 0
    outer loop
      vertex 30.1978 73.1497 0
      vertex 30.1111 73.0854 1.2
      vertex 30.1978 73.1497 1.2
    endloop
  endfacet
  facet normal -0.595693 0.803212 0
    outer loop
      vertex 30.1111 73.0854 1.2
      vertex 30.1978 73.1497 0
      vertex 30.1111 73.0854 0
    endloop
  endfacet
  facet normal 0.803212 0.595693 0
    outer loop
      vertex 28.6497 73.3022 1.2
      vertex 28.5854 73.3889 0
      vertex 28.5854 73.3889 1.2
    endloop
  endfacet
  facet normal 0.803212 0.595693 0
    outer loop
      vertex 28.5854 73.3889 0
      vertex 28.6497 73.3022 1.2
      vertex 28.6497 73.3022 0
    endloop
  endfacet
  facet normal 0.998794 -0.0491058 0
    outer loop
      vertex 28.4 74 1.2
      vertex 28.4053 74.1078 0
      vertex 28.4053 74.1078 1.2
    endloop
  endfacet
  facet normal 0.998794 -0.0491058 0
    outer loop
      vertex 28.4053 74.1078 0
      vertex 28.4 74 1.2
      vertex 28.4 74 0
    endloop
  endfacet
  facet normal -0.740987 0.671519 0
    outer loop
      vertex 30.2778 73.2222 0
      vertex 30.3503 73.3022 1.2
      vertex 30.3503 73.3022 0
    endloop
  endfacet
  facet normal -0.740987 0.671519 0
    outer loop
      vertex 30.3503 73.3022 1.2
      vertex 30.2778 73.2222 0
      vertex 30.2778 73.2222 1.2
    endloop
  endfacet
  facet normal 0 0 -1
    outer loop
      vertex -28.4474 12.3193 0
      vertex -21.5 0 0
      vertex -28.4211 12.2146 0
    endloop
  endfacet
  facet normal 0 0 -1
    outer loop
      vertex -21.5 69 0
      vertex -28.4053 73.8922 0
      vertex -28.4 74 0
    endloop
  endfacet
  facet normal 0 0 -1
    outer loop
      vertex -28.4837 12.421 0
      vertex -21.5 0 0
      vertex -28.4474 12.3193 0
    endloop
  endfacet
  facet normal 0 0 -1
    outer loop
      vertex -21.5 69 0
      vertex -28.4211 73.7854 0
      vertex -28.4053 73.8922 0
    endloop
  endfacet
  facet normal 0 0 -1
    outer loop
      vertex -21.5 0 0
      vertex -28.4837 12.421 0
      vertex -21.5 69 0
    endloop
  endfacet
  facet normal 0 0 -1
    outer loop
      vertex -21.5 69 0
      vertex -28.4474 73.6807 0
      vertex -28.4211 73.7854 0
    endloop
  endfacet
  facet normal 0 0 -1
    outer loop
      vertex -28.5299 12.5185 0
      vertex -21.5 69 0
      vertex -28.4837 12.421 0
    endloop
  endfacet
  facet normal 0 0 -1
    outer loop
      vertex -21.5 69 0
      vertex -28.4837 73.579 0
      vertex -28.4474 73.6807 0
    endloop
  endfacet
  facet normal 0 0 -1
    outer loop
      vertex -28.5854 12.6111 0
      vertex -21.5 69 0
      vertex -28.5299 12.5185 0
    endloop
  endfacet
  facet normal 0 0 -1
    outer loop
      vertex -21.5 69 0
      vertex -28.5299 73.4815 0
      vertex -28.4837 73.579 0
    endloop
  endfacet
  facet normal 0 0 -1
    outer loop
      vertex -28.6497 12.6978 0
      vertex -21.5 69 0
      vertex -28.5854 12.6111 0
    endloop
  endfacet
  facet normal 0 0 -1
    outer loop
      vertex -21.5 69 0
      vertex -28.5854 73.3889 0
      vertex -28.5299 73.4815 0
    endloop
  endfacet
  facet normal 0 0 -1
    outer loop
      vertex -28.7222 12.7778 0
      vertex -21.5 69 0
      vertex -28.6497 12.6978 0
    endloop
  endfacet
  facet normal 0 0 -1
    outer loop
      vertex -21.5 69 0
      vertex -28.6497 73.3022 0
      vertex -28.5854 73.3889 0
    endloop
  endfacet
  facet normal 0 0 -1
    outer loop
      vertex -28.8022 12.8503 0
      vertex -21.5 69 0
      vertex -28.7222 12.7778 0
    endloop
  endfacet
  facet normal 0 0 -1
    outer loop
      vertex -21.5 69 0
      vertex -28.7222 73.2222 0
      vertex -28.6497 73.3022 0
    endloop
  endfacet
  facet normal 0 0 -1
    outer loop
      vertex -28.8889 12.9146 0
      vertex -21.5 69 0
      vertex -28.8022 12.8503 0
    endloop
  endfacet
  facet normal 0 0 -1
    outer loop
      vertex -21.5 69 0
      vertex -28.8022 73.1497 0
      vertex -28.7222 73.2222 0
    endloop
  endfacet
  facet normal 0 0 -1
    outer loop
      vertex -28.9815 12.9701 0
      vertex -21.5 69 0
      vertex -28.8889 12.9146 0
    endloop
  endfacet
  facet normal 0 0 -1
    outer loop
      vertex -21.5 69 0
      vertex -28.8889 73.0854 0
      vertex -28.8022 73.1497 0
    endloop
  endfacet
  facet normal 0 0 -1
    outer loop
      vertex -29.079 13.0163 0
      vertex -21.5 69 0
      vertex -28.9815 12.9701 0
    endloop
  endfacet
  facet normal 0 0 -1
    outer loop
      vertex -21.5 69 0
      vertex -28.9815 73.0299 0
      vertex -28.8889 73.0854 0
    endloop
  endfacet
  facet normal 0 0 -1
    outer loop
      vertex -29.1807 13.0526 0
      vertex -21.5 69 0
      vertex -29.079 13.0163 0
    endloop
  endfacet
  facet normal 0 0 -1
    outer loop
      vertex -21.5 69 0
      vertex -29.079 72.9837 0
      vertex -28.9815 73.0299 0
    endloop
  endfacet
  facet normal 0 0 -1
    outer loop
      vertex -29.2854 13.0789 0
      vertex -21.5 69 0
      vertex -29.1807 13.0526 0
    endloop
  endfacet
  facet normal 0 0 -1
    outer loop
      vertex -21.5 69 0
      vertex -29.1807 72.9474 0
      vertex -29.079 72.9837 0
    endloop
  endfacet
  facet normal 0 0 -1
    outer loop
      vertex -29.3922 13.0947 0
      vertex -21.5 69 0
      vertex -29.2854 13.0789 0
    endloop
  endfacet
  facet normal 0 0 -1
    outer loop
      vertex -21.5 69 0
      vertex -29.2854 72.9211 0
      vertex -29.1807 72.9474 0
    endloop
  endfacet
  facet normal 0 0 -1
    outer loop
      vertex -29.5 13.1 0
      vertex -21.5 69 0
      vertex -29.3922 13.0947 0
    endloop
  endfacet
  facet normal 0 0 -1
    outer loop
      vertex -21.5 69 0
      vertex -29.3922 72.9053 0
      vertex -29.2854 72.9211 0
    endloop
  endfacet
  facet normal 0 0 -1
    outer loop
      vertex -29.6078 13.0947 0
      vertex -21.5 69 0
      vertex -29.5 13.1 0
    endloop
  endfacet
  facet normal 0 0 -1
    outer loop
      vertex -21.5 69 0
      vertex -29.5 72.9 0
      vertex -29.3922 72.9053 0
    endloop
  endfacet
  facet normal 0 0 -1
    outer loop
      vertex -29.7146 13.0789 0
      vertex -21.5 69 0
      vertex -29.6078 13.0947 0
    endloop
  endfacet
  facet normal 0 0 -1
    outer loop
      vertex -21.5 69 0
      vertex -29.6078 72.9053 0
      vertex -29.5 72.9 0
    endloop
  endfacet
  facet normal 0 0 -1
    outer loop
      vertex -29.8193 13.0526 0
      vertex -21.5 69 0
      vertex -29.7146 13.0789 0
    endloop
  endfacet
  facet normal 0 0 -1
    outer loop
      vertex -21.5 69 0
      vertex -29.7146 72.9211 0
      vertex -29.6078 72.9053 0
    endloop
  endfacet
  facet normal 0 0 -1
    outer loop
      vertex -29.8193 72.9474 0
      vertex -21.5 69 0
      vertex -29.8193 13.0526 0
    endloop
  endfacet
  facet normal 0 0 -1
    outer loop
      vertex -21.5 69 0
      vertex -29.8193 72.9474 0
      vertex -29.7146 72.9211 0
    endloop
  endfacet
  facet normal 0 0 -1
    outer loop
      vertex -29.921 13.0163 0
      vertex -29.8193 72.9474 0
      vertex -29.8193 13.0526 0
    endloop
  endfacet
  facet normal 0 0 -1
    outer loop
      vertex -29.921 13.0163 0
      vertex -29.921 72.9837 0
      vertex -29.8193 72.9474 0
    endloop
  endfacet
  facet normal 0 0 -1
    outer loop
      vertex -30.0185 12.9701 0
      vertex -29.921 72.9837 0
      vertex -29.921 13.0163 0
    endloop
  endfacet
  facet normal 0 0 -1
    outer loop
      vertex -30.0185 12.9701 0
      vertex -30.0185 73.0299 0
      vertex -29.921 72.9837 0
    endloop
  endfacet
  facet normal 0 0 -1
    outer loop
      vertex -30.1111 12.9146 0
      vertex -30.0185 73.0299 0
      vertex -30.0185 12.9701 0
    endloop
  endfacet
  facet normal 0 0 -1
    outer loop
      vertex -30.1111 12.9146 0
      vertex -30.1111 73.0854 0
      vertex -30.0185 73.0299 0
    endloop
  endfacet
  facet normal 0 0 -1
    outer loop
      vertex -30.1978 12.8503 0
      vertex -30.1111 73.0854 0
      vertex -30.1111 12.9146 0
    endloop
  endfacet
  facet normal 0 0 -1
    outer loop
      vertex -30.1978 12.8503 0
      vertex -30.1978 73.1497 0
      vertex -30.1111 73.0854 0
    endloop
  endfacet
  facet normal 0 0 -1
    outer loop
      vertex -30.2778 12.7778 0
      vertex -30.1978 73.1497 0
      vertex -30.1978 12.8503 0
    endloop
  endfacet
  facet normal 0 0 -1
    outer loop
      vertex -30.2778 12.7778 0
      vertex -30.2778 73.2222 0
      vertex -30.1978 73.1497 0
    endloop
  endfacet
  facet normal 0 0 -1
    outer loop
      vertex -30.3503 12.6978 0
      vertex -30.2778 73.2222 0
      vertex -30.2778 12.7778 0
    endloop
  endfacet
  facet normal 0 0 -1
    outer loop
      vertex -30.3503 12.6978 0
      vertex -30.3503 73.3022 0
      vertex -30.2778 73.2222 0
    endloop
  endfacet
  facet normal 0 0 -1
    outer loop
      vertex -36 78.5332 0
      vertex -30.3503 12.6978 0
      vertex -30.4146 12.6111 0
    endloop
  endfacet
  facet normal 0 0 -1
    outer loop
      vertex -30.3503 12.6978 0
      vertex -36 78.5332 0
      vertex -30.3503 73.3022 0
    endloop
  endfacet
  facet normal 0 0 -1
    outer loop
      vertex -36 78.5332 0
      vertex -30.4146 12.6111 0
      vertex -30.4701 12.5185 0
    endloop
  endfacet
  facet normal 0 0 -1
    outer loop
      vertex -30.3503 73.3022 0
      vertex -36 78.5332 0
      vertex -30.4146 73.3889 0
    endloop
  endfacet
  facet normal 0 0 -1
    outer loop
      vertex -36 5 0
      vertex -30.4701 12.5185 0
      vertex -30.5163 12.421 0
    endloop
  endfacet
  facet normal 0 0 -1
    outer loop
      vertex -30.4146 73.3889 0
      vertex -36 78.5332 0
      vertex -30.4701 73.4815 0
    endloop
  endfacet
  facet normal 0 0 -1
    outer loop
      vertex -36 5 0
      vertex -30.5163 12.421 0
      vertex -30.5526 12.3193 0
    endloop
  endfacet
  facet normal 0 0 -1
    outer loop
      vertex -30.4701 73.4815 0
      vertex -36 78.5332 0
      vertex -30.5163 73.579 0
    endloop
  endfacet
  facet normal 0 0 -1
    outer loop
      vertex -36 5 0
      vertex -30.5526 12.3193 0
      vertex -30.5789 12.2146 0
    endloop
  endfacet
  facet normal 0 0 -1
    outer loop
      vertex -30.5163 73.579 0
      vertex -36 78.5332 0
      vertex -30.5526 73.6807 0
    endloop
  endfacet
  facet normal 0 0 -1
    outer loop
      vertex -36 5 0
      vertex -30.5789 12.2146 0
      vertex -30.5947 12.1078 0
    endloop
  endfacet
  facet normal 0 0 -1
    outer loop
      vertex -30.5526 73.6807 0
      vertex -36 78.5332 0
      vertex -30.5789 73.7854 0
    endloop
  endfacet
  facet normal 0 0 -1
    outer loop
      vertex -36 5 0
      vertex -30.5947 12.1078 0
      vertex -30.6 12 0
    endloop
  endfacet
  facet normal 0 0 -1
    outer loop
      vertex -30.5789 73.7854 0
      vertex -36 78.5332 0
      vertex -30.5947 73.8922 0
    endloop
  endfacet
  facet normal 0 0 -1
    outer loop
      vertex -28.4053 12.1078 0
      vertex -21.5 0 0
      vertex -28.4 12 0
    endloop
  endfacet
  facet normal 0 0 -1
    outer loop
      vertex -21.5 0 0
      vertex -28.4053 11.8922 0
      vertex -28.4 12 0
    endloop
  endfacet
  facet normal 0 0 -1
    outer loop
      vertex -21.5 0 0
      vertex -28.4211 11.7854 0
      vertex -28.4053 11.8922 0
    endloop
  endfacet
  facet normal 0 0 -1
    outer loop
      vertex -21.5 0 0
      vertex -28.4474 11.6807 0
      vertex -28.4211 11.7854 0
    endloop
  endfacet
  facet normal 0 0 -1
    outer loop
      vertex -21.5 0 0
      vertex -28.4837 11.579 0
      vertex -28.4474 11.6807 0
    endloop
  endfacet
  facet normal 0 0 -1
    outer loop
      vertex -21.5 0 0
      vertex -28.5299 11.4815 0
      vertex -28.4837 11.579 0
    endloop
  endfacet
  facet normal 0 0 -1
    outer loop
      vertex -21.5 0 0
      vertex -28.5854 11.3889 0
      vertex -28.5299 11.4815 0
    endloop
  endfacet
  facet normal 0 0 -1
    outer loop
      vertex -21.5 0 0
      vertex -28.6497 11.3022 0
      vertex -28.5854 11.3889 0
    endloop
  endfacet
  facet normal 0 0 -1
    outer loop
      vertex -21.5 0 0
      vertex -28.7222 11.2222 0
      vertex -28.6497 11.3022 0
    endloop
  endfacet
  facet normal 0 0 -1
    outer loop
      vertex -21.5 0 0
      vertex -28.8022 11.1497 0
      vertex -28.7222 11.2222 0
    endloop
  endfacet
  facet normal 0 0 -1
    outer loop
      vertex -21.5 0 0
      vertex -28.8889 11.0854 0
      vertex -28.8022 11.1497 0
    endloop
  endfacet
  facet normal 0 0 -1
    outer loop
      vertex -21.5 0 0
      vertex -28.9815 11.0299 0
      vertex -28.8889 11.0854 0
    endloop
  endfacet
  facet normal 0 0 -1
    outer loop
      vertex -21.5 0 0
      vertex -29.079 10.9837 0
      vertex -28.9815 11.0299 0
    endloop
  endfacet
  facet normal 0 0 -1
    outer loop
      vertex -31 0 0
      vertex -29.079 10.9837 0
      vertex -21.5 0 0
    endloop
  endfacet
  facet normal 0 0 -1
    outer loop
      vertex -29.079 10.9837 0
      vertex -31 0 0
      vertex -29.1807 10.9474 0
    endloop
  endfacet
  facet normal 0 0 -1
    outer loop
      vertex -29.1807 10.9474 0
      vertex -31 0 0
      vertex -29.2854 10.9211 0
    endloop
  endfacet
  facet normal 0 0 -1
    outer loop
      vertex -29.2854 10.9211 0
      vertex -31 0 0
      vertex -29.3922 10.9053 0
    endloop
  endfacet
  facet normal 0 0 -1
    outer loop
      vertex -29.3922 10.9053 0
      vertex -31 0 0
      vertex -29.5 10.9 0
    endloop
  endfacet
  facet normal -0 0 -1
    outer loop
      vertex -29.5 10.9 0
      vertex -31 0 0
      vertex -29.6078 10.9053 0
    endloop
  endfacet
  facet normal -0 0 -1
    outer loop
      vertex -29.6078 10.9053 0
      vertex -31 0 0
      vertex -29.7146 10.9211 0
    endloop
  endfacet
  facet normal 0 0 -1
    outer loop
      vertex -36 5 0
      vertex -29.7146 10.9211 0
      vertex -31 0 0
    endloop
  endfacet
  facet normal -0 0 -1
    outer loop
      vertex -29.7146 10.9211 0
      vertex -36 5 0
      vertex -29.8193 10.9474 0
    endloop
  endfacet
  facet normal -0 0 -1
    outer loop
      vertex -29.8193 10.9474 0
      vertex -36 5 0
      vertex -29.921 10.9837 0
    endloop
  endfacet
  facet normal -0 0 -1
    outer loop
      vertex -29.921 10.9837 0
      vertex -36 5 0
      vertex -30.0185 11.0299 0
    endloop
  endfacet
  facet normal -0 0 -1
    outer loop
      vertex -30.0185 11.0299 0
      vertex -36 5 0
      vertex -30.1111 11.0854 0
    endloop
  endfacet
  facet normal -0 0 -1
    outer loop
      vertex -30.1111 11.0854 0
      vertex -36 5 0
      vertex -30.1978 11.1497 0
    endloop
  endfacet
  facet normal -0 0 -1
    outer loop
      vertex -30.5947 11.8922 0
      vertex -36 5 0
      vertex -30.6 12 0
    endloop
  endfacet
  facet normal -0 0 -1
    outer loop
      vertex -30.5789 11.7854 0
      vertex -36 5 0
      vertex -30.5947 11.8922 0
    endloop
  endfacet
  facet normal -0 0 -1
    outer loop
      vertex -30.5526 11.6807 0
      vertex -36 5 0
      vertex -30.5789 11.7854 0
    endloop
  endfacet
  facet normal -0 0 -1
    outer loop
      vertex -30.5163 11.579 0
      vertex -36 5 0
      vertex -30.5526 11.6807 0
    endloop
  endfacet
  facet normal -0 0 -1
    outer loop
      vertex -30.4701 11.4815 0
      vertex -36 5 0
      vertex -30.5163 11.579 0
    endloop
  endfacet
  facet normal -0 0 -1
    outer loop
      vertex -30.4146 11.3889 0
      vertex -36 5 0
      vertex -30.4701 11.4815 0
    endloop
  endfacet
  facet normal -0 0 -1
    outer loop
      vertex -30.3503 11.3022 0
      vertex -36 5 0
      vertex -30.4146 11.3889 0
    endloop
  endfacet
  facet normal -0 0 -1
    outer loop
      vertex -30.2778 11.2222 0
      vertex -36 5 0
      vertex -30.3503 11.3022 0
    endloop
  endfacet
  facet normal -0 0 -1
    outer loop
      vertex -30.1978 11.1497 0
      vertex -36 5 0
      vertex -30.2778 11.2222 0
    endloop
  endfacet
  facet normal -0 0 -1
    outer loop
      vertex 10.1218 119.606 0
      vertex 4.57308 114.056 0
      vertex 9.70566 119.866 0
    endloop
  endfacet
  facet normal -0 0 -1
    outer loop
      vertex 9.70566 119.866 0
      vertex 4.57308 114.056 0
      vertex 9.26601 120.084 0
    endloop
  endfacet
  facet normal -0 0 -1
    outer loop
      vertex 9.26601 120.084 0
      vertex 4.57308 114.056 0
      vertex 8.80711 120.257 0
    endloop
  endfacet
  facet normal -0 0 -1
    outer loop
      vertex 8.80711 120.257 0
      vertex 4.57308 114.056 0
      vertex 8.33342 120.385 0
    endloop
  endfacet
  facet normal 0 0 -1
    outer loop
      vertex 4.25156 114.489 0
      vertex 8.33342 120.385 0
      vertex 4.57308 114.056 0
    endloop
  endfacet
  facet normal -0 0 -1
    outer loop
      vertex 8.33342 120.385 0
      vertex 4.25156 114.489 0
      vertex 7.84946 120.466 0
    endloop
  endfacet
  facet normal -0 0 -1
    outer loop
      vertex 7.84946 120.466 0
      vertex 4.25156 114.489 0
      vertex 7.26822 120.5 0
    endloop
  endfacet
  facet normal 0 0 -1
    outer loop
      vertex 3.88909 114.889 0
      vertex 7.26822 120.5 0
      vertex 4.25156 114.489 0
    endloop
  endfacet
  facet normal 0 0 -1
    outer loop
      vertex 3.48916 115.252 0
      vertex 7.26822 120.5 0
      vertex 3.88909 114.889 0
    endloop
  endfacet
  facet normal 0 0 -1
    outer loop
      vertex 3.05564 115.573 0
      vertex 7.26822 120.5 0
      vertex 3.48916 115.252 0
    endloop
  endfacet
  facet normal 0 0 -1
    outer loop
      vertex 2.59268 115.851 0
      vertex 7.26822 120.5 0
      vertex 3.05564 115.573 0
    endloop
  endfacet
  facet normal 0 0 -1
    outer loop
      vertex 2.10476 116.081 0
      vertex 7.26822 120.5 0
      vertex 2.59268 115.851 0
    endloop
  endfacet
  facet normal 0 0 -1
    outer loop
      vertex 1.59657 116.263 0
      vertex 7.26822 120.5 0
      vertex 2.10476 116.081 0
    endloop
  endfacet
  facet normal 0 0 -1
    outer loop
      vertex 1.073 116.394 0
      vertex 7.26822 120.5 0
      vertex 1.59657 116.263 0
    endloop
  endfacet
  facet normal 0 0 -1
    outer loop
      vertex 0.539094 116.474 0
      vertex 7.26822 120.5 0
      vertex 1.073 116.394 0
    endloop
  endfacet
  facet normal 0 0 -1
    outer loop
      vertex 0 116.5 0
      vertex 7.26822 120.5 0
      vertex 0.539094 116.474 0
    endloop
  endfacet
  facet normal 0 0 -1
    outer loop
      vertex -7.26822 120.5 0
      vertex 0 116.5 0
      vertex -0.539094 116.474 0
    endloop
  endfacet
  facet normal 0 0 -1
    outer loop
      vertex -7.26822 120.5 0
      vertex -0.539094 116.474 0
      vertex -1.073 116.394 0
    endloop
  endfacet
  facet normal 0 0 -1
    outer loop
      vertex -7.26822 120.5 0
      vertex -1.073 116.394 0
      vertex -1.59657 116.263 0
    endloop
  endfacet
  facet normal 0 0 -1
    outer loop
      vertex -7.26822 120.5 0
      vertex -1.59657 116.263 0
      vertex -2.10476 116.081 0
    endloop
  endfacet
  facet normal 0 0 -1
    outer loop
      vertex 0 116.5 0
      vertex -7.26822 120.5 0
      vertex 7.26822 120.5 0
    endloop
  endfacet
  facet normal 0 0 -1
    outer loop
      vertex -2.59268 115.851 0
      vertex -7.26822 120.5 0
      vertex -2.10476 116.081 0
    endloop
  endfacet
  facet normal 0 0 -1
    outer loop
      vertex -3.05564 115.573 0
      vertex -7.26822 120.5 0
      vertex -2.59268 115.851 0
    endloop
  endfacet
  facet normal 0 0 -1
    outer loop
      vertex -3.48916 115.252 0
      vertex -7.26822 120.5 0
      vertex -3.05564 115.573 0
    endloop
  endfacet
  facet normal 0 0 -1
    outer loop
      vertex -3.88909 114.889 0
      vertex -7.26822 120.5 0
      vertex -3.48916 115.252 0
    endloop
  endfacet
  facet normal 0 0 -1
    outer loop
      vertex -4.25156 114.489 0
      vertex -7.26822 120.5 0
      vertex -3.88909 114.889 0
    endloop
  endfacet
  facet normal 0 0 -1
    outer loop
      vertex -8.24367 120.404 0
      vertex -4.25156 114.489 0
      vertex -4.57308 114.056 0
    endloop
  endfacet
  facet normal 0 0 -1
    outer loop
      vertex -11.4758 118.201 0
      vertex -4.57308 114.056 0
      vertex -4.85057 113.593 0
    endloop
  endfacet
  facet normal 0 0 -1
    outer loop
      vertex -11.4758 118.201 0
      vertex -4.85057 113.593 0
      vertex -5.08134 113.105 0
    endloop
  endfacet
  facet normal 0 0 -1
    outer loop
      vertex -11.4758 118.201 0
      vertex -5.08134 113.105 0
      vertex -5.26317 112.597 0
    endloop
  endfacet
  facet normal 0 0 -1
    outer loop
      vertex -11.4758 118.201 0
      vertex -5.26317 112.597 0
      vertex -5.39432 112.073 0
    endloop
  endfacet
  facet normal 0 0 -1
    outer loop
      vertex -11.4758 118.201 0
      vertex -5.39432 112.073 0
      vertex -5.47352 111.539 0
    endloop
  endfacet
  facet normal 0 0 -1
    outer loop
      vertex -11.4758 118.201 0
      vertex -5.47352 111.539 0
      vertex -5.5 111 0
    endloop
  endfacet
  facet normal 0 0 -1
    outer loop
      vertex 30.5526 12.3193 0
      vertex 36 5 0
      vertex 30.5789 12.2146 0
    endloop
  endfacet
  facet normal 0 0 -1
    outer loop
      vertex 36 78 0
      vertex 30.5947 73.8922 0
      vertex 30.6 74 0
    endloop
  endfacet
  facet normal 0 0 -1
    outer loop
      vertex 30.5163 12.421 0
      vertex 36 5 0
      vertex 30.5526 12.3193 0
    endloop
  endfacet
  facet normal 0 0 -1
    outer loop
      vertex 36 78 0
      vertex 30.5789 73.7854 0
      vertex 30.5947 73.8922 0
    endloop
  endfacet
  facet normal 0 0 -1
    outer loop
      vertex 30.4701 12.5185 0
      vertex 36 5 0
      vertex 30.5163 12.421 0
    endloop
  endfacet
  facet normal 0 0 -1
    outer loop
      vertex 36 78 0
      vertex 30.5526 73.6807 0
      vertex 30.5789 73.7854 0
    endloop
  endfacet
  facet normal 0 0 -1
    outer loop
      vertex 36 5 0
      vertex 30.4701 12.5185 0
      vertex 36 78 0
    endloop
  endfacet
  facet normal 0 0 -1
    outer loop
      vertex 36 78 0
      vertex 30.5163 73.579 0
      vertex 30.5526 73.6807 0
    endloop
  endfacet
  facet normal 0 0 -1
    outer loop
      vertex 30.4146 12.6111 0
      vertex 36 78 0
      vertex 30.4701 12.5185 0
    endloop
  endfacet
  facet normal 0 0 -1
    outer loop
      vertex 36 78 0
      vertex 30.4701 73.4815 0
      vertex 30.5163 73.579 0
    endloop
  endfacet
  facet normal 0 0 -1
    outer loop
      vertex 30.3503 12.6978 0
      vertex 36 78 0
      vertex 30.4146 12.6111 0
    endloop
  endfacet
  facet normal 0 0 -1
    outer loop
      vertex 36 78 0
      vertex 30.4146 73.3889 0
      vertex 30.4701 73.4815 0
    endloop
  endfacet
  facet normal 0 0 -1
    outer loop
      vertex 30.2778 12.7778 0
      vertex 36 78 0
      vertex 30.3503 12.6978 0
    endloop
  endfacet
  facet normal 0 0 -1
    outer loop
      vertex 36 78 0
      vertex 30.3503 73.3022 0
      vertex 30.4146 73.3889 0
    endloop
  endfacet
  facet normal 0 0 -1
    outer loop
      vertex 30.2778 73.2222 0
      vertex 36 78 0
      vertex 30.2778 12.7778 0
    endloop
  endfacet
  facet normal 0 0 -1
    outer loop
      vertex 36 78 0
      vertex 30.2778 73.2222 0
      vertex 30.3503 73.3022 0
    endloop
  endfacet
  facet normal 0 0 -1
    outer loop
      vertex 30.1978 12.8503 0
      vertex 30.2778 73.2222 0
      vertex 30.2778 12.7778 0
    endloop
  endfacet
  facet normal 0 0 -1
    outer loop
      vertex 30.1978 12.8503 0
      vertex 30.1978 73.1497 0
      vertex 30.2778 73.2222 0
    endloop
  endfacet
  facet normal 0 0 -1
    outer loop
      vertex 30.1111 12.9146 0
      vertex 30.1978 73.1497 0
      vertex 30.1978 12.8503 0
    endloop
  endfacet
  facet normal 0 0 -1
    outer loop
      vertex 30.1111 12.9146 0
      vertex 30.1111 73.0854 0
      vertex 30.1978 73.1497 0
    endloop
  endfacet
  facet normal 0 0 -1
    outer loop
      vertex 30.0185 12.9701 0
      vertex 30.1111 73.0854 0
      vertex 30.1111 12.9146 0
    endloop
  endfacet
  facet normal 0 0 -1
    outer loop
      vertex 30.0185 12.9701 0
      vertex 30.0185 73.0299 0
      vertex 30.1111 73.0854 0
    endloop
  endfacet
  facet normal 0 0 -1
    outer loop
      vertex 29.921 13.0163 0
      vertex 30.0185 73.0299 0
      vertex 30.0185 12.9701 0
    endloop
  endfacet
  facet normal 0 0 -1
    outer loop
      vertex 29.921 13.0163 0
      vertex 29.921 72.9837 0
      vertex 30.0185 73.0299 0
    endloop
  endfacet
  facet normal 0 0 -1
    outer loop
      vertex 29.8193 13.0526 0
      vertex 29.921 72.9837 0
      vertex 29.921 13.0163 0
    endloop
  endfacet
  facet normal 0 0 -1
    outer loop
      vertex 29.8193 13.0526 0
      vertex 29.8193 72.9474 0
      vertex 29.921 72.9837 0
    endloop
  endfacet
  facet normal 0 0 -1
    outer loop
      vertex 21.5 69 0
      vertex 29.8193 13.0526 0
      vertex 29.7146 13.0789 0
    endloop
  endfacet
  facet normal 0 0 -1
    outer loop
      vertex 29.8193 13.0526 0
      vertex 21.5 69 0
      vertex 29.8193 72.9474 0
    endloop
  endfacet
  facet normal 0 0 -1
    outer loop
      vertex 21.5 69 0
      vertex 29.7146 13.0789 0
      vertex 29.6078 13.0947 0
    endloop
  endfacet
  facet normal 0 0 -1
    outer loop
      vertex 29.8193 72.9474 0
      vertex 21.5 69 0
      vertex 29.7146 72.9211 0
    endloop
  endfacet
  facet normal 0 0 -1
    outer loop
      vertex 21.5 69 0
      vertex 29.6078 13.0947 0
      vertex 29.5 13.1 0
    endloop
  endfacet
  facet normal 0 0 -1
    outer loop
      vertex 29.7146 72.9211 0
      vertex 21.5 69 0
      vertex 29.6078 72.9053 0
    endloop
  endfacet
  facet normal 0 0 -1
    outer loop
      vertex 21.5 69 0
      vertex 29.5 13.1 0
      vertex 29.3922 13.0947 0
    endloop
  endfacet
  facet normal 0 0 -1
    outer loop
      vertex 29.6078 72.9053 0
      vertex 21.5 69 0
      vertex 29.5 72.9 0
    endloop
  endfacet
  facet normal 0 0 -1
    outer loop
      vertex 21.5 69 0
      vertex 29.3922 13.0947 0
      vertex 29.2854 13.0789 0
    endloop
  endfacet
  facet normal -0 0 -1
    outer loop
      vertex 29.5 72.9 0
      vertex 21.5 69 0
      vertex 29.3922 72.9053 0
    endloop
  endfacet
  facet normal 0 0 -1
    outer loop
      vertex 21.5 69 0
      vertex 29.2854 13.0789 0
      vertex 29.1807 13.0526 0
    endloop
  endfacet
  facet normal -0 0 -1
    outer loop
      vertex 29.3922 72.9053 0
      vertex 21.5 69 0
      vertex 29.2854 72.9211 0
    endloop
  endfacet
  facet normal 0 0 -1
    outer loop
      vertex 21.5 69 0
      vertex 29.1807 13.0526 0
      vertex 29.079 13.0163 0
    endloop
  endfacet
  facet normal -0 0 -1
    outer loop
      vertex 29.2854 72.9211 0
      vertex 21.5 69 0
      vertex 29.1807 72.9474 0
    endloop
  endfacet
  facet normal 0 0 -1
    outer loop
      vertex 21.5 69 0
      vertex 29.079 13.0163 0
      vertex 28.9815 12.9701 0
    endloop
  endfacet
  facet normal -0 0 -1
    outer loop
      vertex 29.1807 72.9474 0
      vertex 21.5 69 0
      vertex 29.079 72.9837 0
    endloop
  endfacet
  facet normal 0 0 -1
    outer loop
      vertex 21.5 69 0
      vertex 28.9815 12.9701 0
      vertex 28.8889 12.9146 0
    endloop
  endfacet
  facet normal -0 0 -1
    outer loop
      vertex 29.079 72.9837 0
      vertex 21.5 69 0
      vertex 28.9815 73.0299 0
    endloop
  endfacet
  facet normal 0 0 -1
    outer loop
      vertex 21.5 69 0
      vertex 28.8889 12.9146 0
      vertex 28.8022 12.8503 0
    endloop
  endfacet
  facet normal -0 0 -1
    outer loop
      vertex 28.9815 73.0299 0
      vertex 21.5 69 0
      vertex 28.8889 73.0854 0
    endloop
  endfacet
  facet normal 0 0 -1
    outer loop
      vertex 21.5 69 0
      vertex 28.8022 12.8503 0
      vertex 28.7222 12.7778 0
    endloop
  endfacet
  facet normal -0 0 -1
    outer loop
      vertex 28.8889 73.0854 0
      vertex 21.5 69 0
      vertex 28.8022 73.1497 0
    endloop
  endfacet
  facet normal 0 0 -1
    outer loop
      vertex 21.5 69 0
      vertex 28.7222 12.7778 0
      vertex 28.6497 12.6978 0
    endloop
  endfacet
  facet normal -0 0 -1
    outer loop
      vertex 28.8022 73.1497 0
      vertex 21.5 69 0
      vertex 28.7222 73.2222 0
    endloop
  endfacet
  facet normal 0 0 -1
    outer loop
      vertex 21.5 69 0
      vertex 28.6497 12.6978 0
      vertex 28.5854 12.6111 0
    endloop
  endfacet
  facet normal -0 0 -1
    outer loop
      vertex 28.7222 73.2222 0
      vertex 21.5 69 0
      vertex 28.6497 73.3022 0
    endloop
  endfacet
  facet normal 0 0 -1
    outer loop
      vertex 21.5 69 0
      vertex 28.5854 12.6111 0
      vertex 28.5299 12.5185 0
    endloop
  endfacet
  facet normal -0 0 -1
    outer loop
      vertex 28.6497 73.3022 0
      vertex 21.5 69 0
      vertex 28.5854 73.3889 0
    endloop
  endfacet
  facet normal 0 0 -1
    outer loop
      vertex 21.5 69 0
      vertex 28.5299 12.5185 0
      vertex 28.4837 12.421 0
    endloop
  endfacet
  facet normal -0 0 -1
    outer loop
      vertex 28.5854 73.3889 0
      vertex 21.5 69 0
      vertex 28.5299 73.4815 0
    endloop
  endfacet
  facet normal 0 0 -1
    outer loop
      vertex 21.5 0 0
      vertex 28.4837 12.421 0
      vertex 28.4474 12.3193 0
    endloop
  endfacet
  facet normal -0 0 -1
    outer loop
      vertex 28.5299 73.4815 0
      vertex 21.5 69 0
      vertex 28.4837 73.579 0
    endloop
  endfacet
  facet normal 0 0 -1
    outer loop
      vertex 21.5 0 0
      vertex 28.4474 12.3193 0
      vertex 28.4211 12.2146 0
    endloop
  endfacet
  facet normal -0 0 -1
    outer loop
      vertex 28.4837 73.579 0
      vertex 21.5 69 0
      vertex 28.4474 73.6807 0
    endloop
  endfacet
  facet normal 0 0 -1
    outer loop
      vertex 21.5 0 0
      vertex 28.4211 12.2146 0
      vertex 28.4053 12.1078 0
    endloop
  endfacet
  facet normal -0 0 -1
    outer loop
      vertex 28.4474 73.6807 0
      vertex 21.5 69 0
      vertex 28.4211 73.7854 0
    endloop
  endfacet
  facet normal 0 0 -1
    outer loop
      vertex 21.5 0 0
      vertex 28.4053 12.1078 0
      vertex 28.4 12 0
    endloop
  endfacet
  facet normal -0 0 -1
    outer loop
      vertex 28.4211 73.7854 0
      vertex 21.5 69 0
      vertex 28.4053 73.8922 0
    endloop
  endfacet
  facet normal 0 0 -1
    outer loop
      vertex 31 0 0
      vertex 36 5 0
      vertex 35.9759 4.50992 0
    endloop
  endfacet
  facet normal 0 0 -1
    outer loop
      vertex 30.5947 12.1078 0
      vertex 36 5 0
      vertex 30.6 12 0
    endloop
  endfacet
  facet normal 0 0 -1
    outer loop
      vertex 31 0 0
      vertex 35.9759 4.50992 0
      vertex 35.9039 4.02455 0
    endloop
  endfacet
  facet normal 0 0 -1
    outer loop
      vertex 30.5789 12.2146 0
      vertex 36 5 0
      vertex 30.5947 12.1078 0
    endloop
  endfacet
  facet normal 0 0 -1
    outer loop
      vertex 31 0 0
      vertex 35.9039 4.02455 0
      vertex 35.7847 3.54858 0
    endloop
  endfacet
  facet normal 0 0 -1
    outer loop
      vertex 30.5947 74.1078 0
      vertex 36 78 0
      vertex 30.6 74 0
    endloop
  endfacet
  facet normal 0 0 -1
    outer loop
      vertex 31 0 0
      vertex 35.7847 3.54858 0
      vertex 35.6194 3.08658 0
    endloop
  endfacet
  facet normal 0 0 -1
    outer loop
      vertex 30.5789 74.2146 0
      vertex 36 78 0
      vertex 30.5947 74.1078 0
    endloop
  endfacet
  facet normal 0 0 -1
    outer loop
      vertex 31 0 0
      vertex 35.6194 3.08658 0
      vertex 35.4096 2.64302 0
    endloop
  endfacet
  facet normal 0 0 -1
    outer loop
      vertex 30.5526 74.3193 0
      vertex 36 78 0
      vertex 30.5789 74.2146 0
    endloop
  endfacet
  facet normal 0 0 -1
    outer loop
      vertex 31 0 0
      vertex 35.4096 2.64302 0
      vertex 35.1573 2.22215 0
    endloop
  endfacet
  facet normal 0 0 -1
    outer loop
      vertex 30.5163 74.421 0
      vertex 36 78 0
      vertex 30.5526 74.3193 0
    endloop
  endfacet
  facet normal 0 0 -1
    outer loop
      vertex 31 0 0
      vertex 35.1573 2.22215 0
      vertex 34.8651 1.82803 0
    endloop
  endfacet
  facet normal 0 0 -1
    outer loop
      vertex 30.4701 74.5185 0
      vertex 36 78 0
      vertex 30.5163 74.421 0
    endloop
  endfacet
  facet normal 0 0 -1
    outer loop
      vertex 34.172 1.13495 0
      vertex 34.8651 1.82803 0
      vertex 34.5355 1.46446 0
    endloop
  endfacet
  facet normal 0 0 -1
    outer loop
      vertex 30.4146 74.6111 0
      vertex 36 78 0
      vertex 30.4701 74.5185 0
    endloop
  endfacet
  facet normal 0 0 -1
    outer loop
      vertex 33.7778 0.842651 0
      vertex 34.8651 1.82803 0
      vertex 34.172 1.13495 0
    endloop
  endfacet
  facet normal 0 0 -1
    outer loop
      vertex 30.3503 74.6978 0
      vertex 36 78 0
      vertex 30.4146 74.6111 0
    endloop
  endfacet
  facet normal 0 0 -1
    outer loop
      vertex 33.357 0.590393 0
      vertex 34.8651 1.82803 0
      vertex 33.7778 0.842651 0
    endloop
  endfacet
  facet normal 0 0 -1
    outer loop
      vertex 30.2778 74.7778 0
      vertex 36 78 0
      vertex 30.3503 74.6978 0
    endloop
  endfacet
  facet normal 0 0 -1
    outer loop
      vertex 32.9134 0.3806 0
      vertex 34.8651 1.82803 0
      vertex 33.357 0.590393 0
    endloop
  endfacet
  facet normal 0 0 -1
    outer loop
      vertex 30.1978 74.8503 0
      vertex 36 78 0
      vertex 30.2778 74.7778 0
    endloop
  endfacet
  facet normal 0 0 -1
    outer loop
      vertex 32.4514 0.215302 0
      vertex 34.8651 1.82803 0
      vertex 32.9134 0.3806 0
    endloop
  endfacet
  facet normal 0 0 -1
    outer loop
      vertex 30.1111 74.9146 0
      vertex 36 78 0
      vertex 30.1978 74.8503 0
    endloop
  endfacet
  facet normal 0 0 -1
    outer loop
      vertex 31.9754 0.0960693 0
      vertex 34.8651 1.82803 0
      vertex 32.4514 0.215302 0
    endloop
  endfacet
  facet normal -0 0 -1
    outer loop
      vertex 36 78 0
      vertex 30.1111 74.9146 0
      vertex 35.9759 78.4901 0
    endloop
  endfacet
  facet normal 0 0 -1
    outer loop
      vertex 31.4901 0.0240784 0
      vertex 34.8651 1.82803 0
      vertex 31.9754 0.0960693 0
    endloop
  endfacet
  facet normal -0 0 -1
    outer loop
      vertex 35.9759 78.4901 0
      vertex 30.1111 74.9146 0
      vertex 35.9039 78.9754 0
    endloop
  endfacet
  facet normal 0 0 -1
    outer loop
      vertex 31 0 0
      vertex 34.8651 1.82803 0
      vertex 31.4901 0.0240784 0
    endloop
  endfacet
  facet normal -0 0 -1
    outer loop
      vertex 35.9039 78.9754 0
      vertex 30.1111 74.9146 0
      vertex 35.7847 79.4514 0
    endloop
  endfacet
  facet normal -0 0 -1
    outer loop
      vertex 36 5 0
      vertex 31 0 0
      vertex 29.7146 10.9211 0
    endloop
  endfacet
  facet normal 0 0 -1
    outer loop
      vertex 30.0185 74.9701 0
      vertex 35.7847 79.4514 0
      vertex 30.1111 74.9146 0
    endloop
  endfacet
  facet normal -0 0 -1
    outer loop
      vertex 35.7847 79.4514 0
      vertex 30.0185 74.9701 0
      vertex 35.6194 79.9134 0
    endloop
  endfacet
  facet normal 0 0 -1
    outer loop
      vertex 36 5 0
      vertex 30.5947 11.8922 0
      vertex 30.6 12 0
    endloop
  endfacet
  facet normal 0 0 -1
    outer loop
      vertex 36 5 0
      vertex 30.5789 11.7854 0
      vertex 30.5947 11.8922 0
    endloop
  endfacet
  facet normal 0 0 -1
    outer loop
      vertex 36 5 0
      vertex 30.5526 11.6807 0
      vertex 30.5789 11.7854 0
    endloop
  endfacet
  facet normal 0 0 -1
    outer loop
      vertex 36 5 0
      vertex 30.5163 11.579 0
      vertex 30.5526 11.6807 0
    endloop
  endfacet
  facet normal 0 0 -1
    outer loop
      vertex 36 5 0
      vertex 30.4701 11.4815 0
      vertex 30.5163 11.579 0
    endloop
  endfacet
  facet normal 0 0 -1
    outer loop
      vertex 36 5 0
      vertex 30.4146 11.3889 0
      vertex 30.4701 11.4815 0
    endloop
  endfacet
  facet normal 0 0 -1
    outer loop
      vertex 36 5 0
      vertex 30.3503 11.3022 0
      vertex 30.4146 11.3889 0
    endloop
  endfacet
  facet normal 0 0 -1
    outer loop
      vertex 36 5 0
      vertex 30.2778 11.2222 0
      vertex 30.3503 11.3022 0
    endloop
  endfacet
  facet normal 0 0 -1
    outer loop
      vertex 36 5 0
      vertex 30.1978 11.1497 0
      vertex 30.2778 11.2222 0
    endloop
  endfacet
  facet normal 0 0 -1
    outer loop
      vertex 36 5 0
      vertex 30.1111 11.0854 0
      vertex 30.1978 11.1497 0
    endloop
  endfacet
  facet normal 0 0 -1
    outer loop
      vertex 36 5 0
      vertex 30.0185 11.0299 0
      vertex 30.1111 11.0854 0
    endloop
  endfacet
  facet normal 0 0 -1
    outer loop
      vertex 36 5 0
      vertex 29.921 10.9837 0
      vertex 30.0185 11.0299 0
    endloop
  endfacet
  facet normal 0 0 -1
    outer loop
      vertex 36 5 0
      vertex 29.8193 10.9474 0
      vertex 29.921 10.9837 0
    endloop
  endfacet
  facet normal 0 0 -1
    outer loop
      vertex 36 5 0
      vertex 29.7146 10.9211 0
      vertex 29.8193 10.9474 0
    endloop
  endfacet
  facet normal 0 0 -1
    outer loop
      vertex 31 0 0
      vertex 29.6078 10.9053 0
      vertex 29.7146 10.9211 0
    endloop
  endfacet
  facet normal 0 0 -1
    outer loop
      vertex 31 0 0
      vertex 29.5 10.9 0
      vertex 29.6078 10.9053 0
    endloop
  endfacet
  facet normal 0 0 -1
    outer loop
      vertex 31 0 0
      vertex 29.3922 10.9053 0
      vertex 29.5 10.9 0
    endloop
  endfacet
  facet normal 0 0 -1
    outer loop
      vertex 31 0 0
      vertex 29.2854 10.9211 0
      vertex 29.3922 10.9053 0
    endloop
  endfacet
  facet normal 0 0 -1
    outer loop
      vertex 31 0 0
      vertex 29.1807 10.9474 0
      vertex 29.2854 10.9211 0
    endloop
  endfacet
  facet normal 0 0 -1
    outer loop
      vertex 31 0 0
      vertex 29.079 10.9837 0
      vertex 29.1807 10.9474 0
    endloop
  endfacet
  facet normal 0 0 -1
    outer loop
      vertex 21.5 0 0
      vertex 29.079 10.9837 0
      vertex 31 0 0
    endloop
  endfacet
  facet normal -0 0 -1
    outer loop
      vertex 29.079 10.9837 0
      vertex 21.5 0 0
      vertex 28.9815 11.0299 0
    endloop
  endfacet
  facet normal -0 0 -1
    outer loop
      vertex 28.9815 11.0299 0
      vertex 21.5 0 0
      vertex 28.8889 11.0854 0
    endloop
  endfacet
  facet normal -0 0 -1
    outer loop
      vertex 28.8889 11.0854 0
      vertex 21.5 0 0
      vertex 28.8022 11.1497 0
    endloop
  endfacet
  facet normal -0 0 -1
    outer loop
      vertex 28.8022 11.1497 0
      vertex 21.5 0 0
      vertex 28.7222 11.2222 0
    endloop
  endfacet
  facet normal -0 0 -1
    outer loop
      vertex 28.7222 11.2222 0
      vertex 21.5 0 0
      vertex 28.6497 11.3022 0
    endloop
  endfacet
  facet normal -0 0 -1
    outer loop
      vertex 28.6497 11.3022 0
      vertex 21.5 0 0
      vertex 28.5854 11.3889 0
    endloop
  endfacet
  facet normal -0 0 -1
    outer loop
      vertex 28.5854 11.3889 0
      vertex 21.5 0 0
      vertex 28.5299 11.4815 0
    endloop
  endfacet
  facet normal -0 0 -1
    outer loop
      vertex 28.5299 11.4815 0
      vertex 21.5 0 0
      vertex 28.4837 11.579 0
    endloop
  endfacet
  facet normal -0 0 -1
    outer loop
      vertex 28.4837 11.579 0
      vertex 21.5 0 0
      vertex 28.4474 11.6807 0
    endloop
  endfacet
  facet normal -0 0 -1
    outer loop
      vertex 28.4837 12.421 0
      vertex 21.5 0 0
      vertex 21.5 69 0
    endloop
  endfacet
  facet normal -0 0 -1
    outer loop
      vertex 28.4053 11.8922 0
      vertex 21.5 0 0
      vertex 28.4 12 0
    endloop
  endfacet
  facet normal -0 0 -1
    outer loop
      vertex 28.4211 11.7854 0
      vertex 21.5 0 0
      vertex 28.4053 11.8922 0
    endloop
  endfacet
  facet normal -0 0 -1
    outer loop
      vertex 28.4474 11.6807 0
      vertex 21.5 0 0
      vertex 28.4211 11.7854 0
    endloop
  endfacet
  facet normal -0 0 -1
    outer loop
      vertex 35.6194 79.9134 0
      vertex 30.0185 74.9701 0
      vertex 35.4096 80.357 0
    endloop
  endfacet
  facet normal -0 0 -1
    outer loop
      vertex 35.4096 80.357 0
      vertex 30.0185 74.9701 0
      vertex 35.1573 80.7778 0
    endloop
  endfacet
  facet normal -0 0 -1
    outer loop
      vertex 35.1573 80.7778 0
      vertex 30.0185 74.9701 0
      vertex 34.8651 81.172 0
    endloop
  endfacet
  facet normal -0 0 -1
    outer loop
      vertex 34.8651 81.172 0
      vertex 30.0185 74.9701 0
      vertex 34.5355 81.5355 0
    endloop
  endfacet
  facet normal 0 0 -1
    outer loop
      vertex 29.921 75.0163 0
      vertex 34.5355 81.5355 0
      vertex 30.0185 74.9701 0
    endloop
  endfacet
  facet normal -0 0 -1
    outer loop
      vertex 34.5355 81.5355 0
      vertex 29.921 75.0163 0
      vertex 34.172 81.8651 0
    endloop
  endfacet
  facet normal -0 0 -1
    outer loop
      vertex 34.172 81.8651 0
      vertex 29.921 75.0163 0
      vertex 33.7778 82.1573 0
    endloop
  endfacet
  facet normal -0 0 -1
    outer loop
      vertex 33.7778 82.1573 0
      vertex 29.921 75.0163 0
      vertex 33.357 82.4096 0
    endloop
  endfacet
  facet normal -0 0 -1
    outer loop
      vertex 33.357 82.4096 0
      vertex 29.921 75.0163 0
      vertex 32.9134 82.6194 0
    endloop
  endfacet
  facet normal -0 0 -1
    outer loop
      vertex 32.9134 82.6194 0
      vertex 29.921 75.0163 0
      vertex 32.4514 82.7847 0
    endloop
  endfacet
  facet normal -0 0 -1
    outer loop
      vertex 32.4514 82.7847 0
      vertex 29.921 75.0163 0
      vertex 31.9754 82.9039 0
    endloop
  endfacet
  facet normal 0 0 -1
    outer loop
      vertex 29.8193 75.0526 0
      vertex 31.9754 82.9039 0
      vertex 29.921 75.0163 0
    endloop
  endfacet
  facet normal -0 0 -1
    outer loop
      vertex 31.9754 82.9039 0
      vertex 29.8193 75.0526 0
      vertex 31.4901 82.9759 0
    endloop
  endfacet
  facet normal -0 0 -1
    outer loop
      vertex 31.4901 82.9759 0
      vertex 29.8193 75.0526 0
      vertex 31 83 0
    endloop
  endfacet
  facet normal 0 0 -1
    outer loop
      vertex 29.7146 75.0789 0
      vertex 31 83 0
      vertex 29.8193 75.0526 0
    endloop
  endfacet
  facet normal 0 0 -1
    outer loop
      vertex 29.6078 75.0947 0
      vertex 31 83 0
      vertex 29.7146 75.0789 0
    endloop
  endfacet
  facet normal 0 0 -1
    outer loop
      vertex 29.5 75.1 0
      vertex 31 83 0
      vertex 29.6078 75.0947 0
    endloop
  endfacet
  facet normal 0 0 -1
    outer loop
      vertex 29.3922 75.0947 0
      vertex 31 83 0
      vertex 29.5 75.1 0
    endloop
  endfacet
  facet normal 0 0 -1
    outer loop
      vertex 29.2854 75.0789 0
      vertex 31 83 0
      vertex 29.3922 75.0947 0
    endloop
  endfacet
  facet normal 0 0 -1
    outer loop
      vertex 29.1807 75.0526 0
      vertex 31 83 0
      vertex 29.2854 75.0789 0
    endloop
  endfacet
  facet normal 0 0 -1
    outer loop
      vertex 29.079 75.0163 0
      vertex 31 83 0
      vertex 29.1807 75.0526 0
    endloop
  endfacet
  facet normal 0 0 -1
    outer loop
      vertex 28.9815 74.9701 0
      vertex 31 83 0
      vertex 29.079 75.0163 0
    endloop
  endfacet
  facet normal 0 0 -1
    outer loop
      vertex 28.8889 74.9146 0
      vertex 31 83 0
      vertex 28.9815 74.9701 0
    endloop
  endfacet
  facet normal 0 0 -1
    outer loop
      vertex 28.8022 74.8503 0
      vertex 31 83 0
      vertex 28.8889 74.9146 0
    endloop
  endfacet
  facet normal 0 0 -1
    outer loop
      vertex 18 83 0
      vertex 28.8022 74.8503 0
      vertex 28.7222 74.7778 0
    endloop
  endfacet
  facet normal 0 0 -1
    outer loop
      vertex 18 83 0
      vertex 28.7222 74.7778 0
      vertex 28.6497 74.6978 0
    endloop
  endfacet
  facet normal 0 0 -1
    outer loop
      vertex 18 83 0
      vertex 28.6497 74.6978 0
      vertex 28.5854 74.6111 0
    endloop
  endfacet
  facet normal 0 0 -1
    outer loop
      vertex 18 83 0
      vertex 28.5854 74.6111 0
      vertex 28.5299 74.5185 0
    endloop
  endfacet
  facet normal 0 0 -1
    outer loop
      vertex 18 83 0
      vertex 28.5299 74.5185 0
      vertex 28.4837 74.421 0
    endloop
  endfacet
  facet normal 0 0 -1
    outer loop
      vertex 18 83 0
      vertex 28.4837 74.421 0
      vertex 28.4474 74.3193 0
    endloop
  endfacet
  facet normal -0 0 -1
    outer loop
      vertex 28.4053 73.8922 0
      vertex 21.5 69 0
      vertex 28.4 74 0
    endloop
  endfacet
  facet normal -0 0 -1
    outer loop
      vertex 28.4 74 0
      vertex 21.5 69 0
      vertex 28.4053 74.1078 0
    endloop
  endfacet
  facet normal 0 0 -1
    outer loop
      vertex 21.5 69 0
      vertex 28.4211 74.2146 0
      vertex 28.4053 74.1078 0
    endloop
  endfacet
  facet normal 0 0 -1
    outer loop
      vertex 21.5 69 0
      vertex 28.4474 74.3193 0
      vertex 28.4211 74.2146 0
    endloop
  endfacet
  facet normal 0 0 -1
    outer loop
      vertex 18 83 0
      vertex 28.4474 74.3193 0
      vertex 21.5 69 0
    endloop
  endfacet
  facet normal 0 0 -1
    outer loop
      vertex 28.8022 74.8503 0
      vertex 18 83 0
      vertex 31 83 0
    endloop
  endfacet
  facet normal 0 0 -1
    outer loop
      vertex 3.05564 106.427 0
      vertex 18 106.572 0
      vertex 18 83 0
    endloop
  endfacet
  facet normal 0 -0 -1
    outer loop
      vertex 3.48916 106.748 0
      vertex 18 106.572 0
      vertex 3.05564 106.427 0
    endloop
  endfacet
  facet normal 0 -0 -1
    outer loop
      vertex 3.88909 107.111 0
      vertex 18 106.572 0
      vertex 3.48916 106.748 0
    endloop
  endfacet
  facet normal 0 -0 -1
    outer loop
      vertex 4.57308 107.944 0
      vertex 18 106.572 0
      vertex 4.25156 107.511 0
    endloop
  endfacet
  facet normal 0 -0 -1
    outer loop
      vertex 4.85057 108.407 0
      vertex 18 106.572 0
      vertex 4.57308 107.944 0
    endloop
  endfacet
  facet normal 0 -0 -1
    outer loop
      vertex 5.08134 108.895 0
      vertex 18 106.572 0
      vertex 4.85057 108.407 0
    endloop
  endfacet
  facet normal 0 -0 -1
    outer loop
      vertex 17.2076 109.273 0
      vertex 18 106.572 0
      vertex 5.08134 108.895 0
    endloop
  endfacet
  facet normal 0 -0 -1
    outer loop
      vertex 5.39432 109.927 0
      vertex 17.2076 109.273 0
      vertex 5.26317 109.403 0
    endloop
  endfacet
  facet normal 0 -0 -1
    outer loop
      vertex 5.47352 110.461 0
      vertex 17.2076 109.273 0
      vertex 5.39432 109.927 0
    endloop
  endfacet
  facet normal 0 -0 -1
    outer loop
      vertex 5.5 111 0
      vertex 17.2076 109.273 0
      vertex 5.47352 110.461 0
    endloop
  endfacet
  facet normal 0 0 -1
    outer loop
      vertex 17.2076 109.273 0
      vertex 5.47352 111.539 0
      vertex 11.4758 118.201 0
    endloop
  endfacet
  facet normal 0 0 -1
    outer loop
      vertex 5.39432 112.073 0
      vertex 11.4758 118.201 0
      vertex 5.47352 111.539 0
    endloop
  endfacet
  facet normal 0 0 -1
    outer loop
      vertex 5.26317 112.597 0
      vertex 11.4758 118.201 0
      vertex 5.39432 112.073 0
    endloop
  endfacet
  facet normal 0 0 -1
    outer loop
      vertex 5.08134 113.105 0
      vertex 11.4758 118.201 0
      vertex 5.26317 112.597 0
    endloop
  endfacet
  facet normal 0 0 -1
    outer loop
      vertex 4.57308 114.056 0
      vertex 11.4758 118.201 0
      vertex 4.85057 113.593 0
    endloop
  endfacet
  facet normal 0 0 -1
    outer loop
      vertex -21.5 69 0
      vertex 18 83 0
      vertex 21.5 69 0
    endloop
  endfacet
  facet normal -0 0 -1
    outer loop
      vertex 11.4758 118.201 0
      vertex 4.57308 114.056 0
      vertex 11.1908 118.601 0
    endloop
  endfacet
  facet normal -0 0 -1
    outer loop
      vertex 11.1908 118.601 0
      vertex 4.57308 114.056 0
      vertex 10.868 118.97 0
    endloop
  endfacet
  facet normal -0 0 -1
    outer loop
      vertex 10.868 118.97 0
      vertex 4.57308 114.056 0
      vertex 10.5105 119.306 0
    endloop
  endfacet
  facet normal -0 0 -1
    outer loop
      vertex 10.5105 119.306 0
      vertex 4.57308 114.056 0
      vertex 10.1218 119.606 0
    endloop
  endfacet
  facet normal 0 0 -1
    outer loop
      vertex 4.85057 113.593 0
      vertex 11.4758 118.201 0
      vertex 5.08134 113.105 0
    endloop
  endfacet
  facet normal 0 0 -1
    outer loop
      vertex 5.47352 111.539 0
      vertex 17.2076 109.273 0
      vertex 5.5 111 0
    endloop
  endfacet
  facet normal -0 0 -1
    outer loop
      vertex 17.2076 109.273 0
      vertex 5.08134 108.895 0
      vertex 5.26317 109.403 0
    endloop
  endfacet
  facet normal 0 0 -1
    outer loop
      vertex 17.9039 107.547 0
      vertex 17.2076 109.273 0
      vertex 17.7847 108.023 0
    endloop
  endfacet
  facet normal 0 0 -1
    outer loop
      vertex 17.6194 108.485 0
      vertex 17.2076 109.273 0
      vertex 17.4096 108.929 0
    endloop
  endfacet
  facet normal 0 0 -1
    outer loop
      vertex 17.7847 108.023 0
      vertex 17.2076 109.273 0
      vertex 17.6194 108.485 0
    endloop
  endfacet
  facet normal 0 0 -1
    outer loop
      vertex 17.9759 107.062 0
      vertex 17.2076 109.273 0
      vertex 17.9039 107.547 0
    endloop
  endfacet
  facet normal 0 0 -1
    outer loop
      vertex 18 106.572 0
      vertex 17.2076 109.273 0
      vertex 17.9759 107.062 0
    endloop
  endfacet
  facet normal 0 -0 -1
    outer loop
      vertex 4.25156 107.511 0
      vertex 18 106.572 0
      vertex 3.88909 107.111 0
    endloop
  endfacet
  facet normal 0 0 -1
    outer loop
      vertex 18 83 0
      vertex 2.59268 106.149 0
      vertex 3.05564 106.427 0
    endloop
  endfacet
  facet normal 0 0 -1
    outer loop
      vertex 18 83 0
      vertex 2.10476 105.919 0
      vertex 2.59268 106.149 0
    endloop
  endfacet
  facet normal 0 0 -1
    outer loop
      vertex 18 83 0
      vertex 1.59657 105.737 0
      vertex 2.10476 105.919 0
    endloop
  endfacet
  facet normal 0 0 -1
    outer loop
      vertex 18 83 0
      vertex 1.073 105.606 0
      vertex 1.59657 105.737 0
    endloop
  endfacet
  facet normal 0 0 -1
    outer loop
      vertex 18 83 0
      vertex 0.539094 105.526 0
      vertex 1.073 105.606 0
    endloop
  endfacet
  facet normal 0 0 -1
    outer loop
      vertex 18 83 0
      vertex 0 105.5 0
      vertex 0.539094 105.526 0
    endloop
  endfacet
  facet normal 0 -0 -1
    outer loop
      vertex -1.073 105.606 0
      vertex 18 83 0
      vertex -21.5 69 0
    endloop
  endfacet
  facet normal 0 0 -1
    outer loop
      vertex 18 83 0
      vertex -0.539094 105.526 0
      vertex 0 105.5 0
    endloop
  endfacet
  facet normal 0 0 -1
    outer loop
      vertex 18 83 0
      vertex -1.073 105.606 0
      vertex -0.539094 105.526 0
    endloop
  endfacet
  facet normal -0 0 -1
    outer loop
      vertex -1.073 105.606 0
      vertex -21.5 69 0
      vertex -1.59657 105.737 0
    endloop
  endfacet
  facet normal -0 0 -1
    outer loop
      vertex -1.59657 105.737 0
      vertex -21.5 69 0
      vertex -2.10476 105.919 0
    endloop
  endfacet
  facet normal -0 0 -1
    outer loop
      vertex -2.10476 105.919 0
      vertex -21.5 69 0
      vertex -2.59268 106.149 0
    endloop
  endfacet
  facet normal 0 0 -1
    outer loop
      vertex -28.6497 74.6978 0
      vertex -2.59268 106.149 0
      vertex -21.5 69 0
    endloop
  endfacet
  facet normal -0 0 -1
    outer loop
      vertex -2.59268 106.149 0
      vertex -28.6497 74.6978 0
      vertex -3.05564 106.427 0
    endloop
  endfacet
  facet normal 0 0 -1
    outer loop
      vertex -28.7222 74.7778 0
      vertex -3.05564 106.427 0
      vertex -28.6497 74.6978 0
    endloop
  endfacet
  facet normal 0 0 -1
    outer loop
      vertex -28.8022 74.8503 0
      vertex -3.05564 106.427 0
      vertex -28.7222 74.7778 0
    endloop
  endfacet
  facet normal 0 0 -1
    outer loop
      vertex -11.4758 118.201 0
      vertex -5.5 111 0
      vertex -5.47352 110.461 0
    endloop
  endfacet
  facet normal 0 0 -1
    outer loop
      vertex -11.4758 118.201 0
      vertex -5.47352 110.461 0
      vertex -5.39432 109.927 0
    endloop
  endfacet
  facet normal 0 0 -1
    outer loop
      vertex -4.57308 114.056 0
      vertex -11.4758 118.201 0
      vertex -11.1333 118.672 0
    endloop
  endfacet
  facet normal 0 0 -1
    outer loop
      vertex -4.25156 114.489 0
      vertex -7.7583 120.476 0
      vertex -7.26822 120.5 0
    endloop
  endfacet
  facet normal 0 0 -1
    outer loop
      vertex -11.4758 118.201 0
      vertex -5.39432 109.927 0
      vertex -5.26317 109.403 0
    endloop
  endfacet
  facet normal 0 0 -1
    outer loop
      vertex -4.25156 114.489 0
      vertex -8.24367 120.404 0
      vertex -7.7583 120.476 0
    endloop
  endfacet
  facet normal 0 0 -1
    outer loop
      vertex -4.57308 114.056 0
      vertex -8.71964 120.285 0
      vertex -8.24367 120.404 0
    endloop
  endfacet
  facet normal 0 0 -1
    outer loop
      vertex -11.4758 118.201 0
      vertex -5.26317 109.403 0
      vertex -5.08134 108.895 0
    endloop
  endfacet
  facet normal 0 0 -1
    outer loop
      vertex -4.57308 114.056 0
      vertex -9.18164 120.119 0
      vertex -8.71964 120.285 0
    endloop
  endfacet
  facet normal 0 0 -1
    outer loop
      vertex -4.57308 114.056 0
      vertex -9.6252 119.91 0
      vertex -9.18164 120.119 0
    endloop
  endfacet
  facet normal 0 0 -1
    outer loop
      vertex -4.57308 114.056 0
      vertex -10.0461 119.657 0
      vertex -9.6252 119.91 0
    endloop
  endfacet
  facet normal 0 0 -1
    outer loop
      vertex -35.2076 81.2343 0
      vertex -5.08134 108.895 0
      vertex -4.85057 108.407 0
    endloop
  endfacet
  facet normal 0 0 -1
    outer loop
      vertex -4.57308 114.056 0
      vertex -10.4402 119.365 0
      vertex -10.0461 119.657 0
    endloop
  endfacet
  facet normal 0 0 -1
    outer loop
      vertex -4.57308 114.056 0
      vertex -10.8038 119.036 0
      vertex -10.4402 119.365 0
    endloop
  endfacet
  facet normal 0 0 -1
    outer loop
      vertex -35.2076 81.2343 0
      vertex -4.85057 108.407 0
      vertex -4.57308 107.944 0
    endloop
  endfacet
  facet normal 0 0 -1
    outer loop
      vertex -4.57308 114.056 0
      vertex -11.1333 118.672 0
      vertex -10.8038 119.036 0
    endloop
  endfacet
  facet normal -0 0 -1
    outer loop
      vertex -3.05564 106.427 0
      vertex -28.8022 74.8503 0
      vertex -3.48916 106.748 0
    endloop
  endfacet
  facet normal 0 0 -1
    outer loop
      vertex -28.8889 74.9146 0
      vertex -3.48916 106.748 0
      vertex -28.8022 74.8503 0
    endloop
  endfacet
  facet normal 0 0 -1
    outer loop
      vertex -28.4211 12.2146 0
      vertex -21.5 0 0
      vertex -28.4053 12.1078 0
    endloop
  endfacet
  facet normal 0 0 -1
    outer loop
      vertex -28.4053 74.1078 0
      vertex -21.5 69 0
      vertex -28.4 74 0
    endloop
  endfacet
  facet normal 0 0 -1
    outer loop
      vertex -28.4211 74.2146 0
      vertex -21.5 69 0
      vertex -28.4053 74.1078 0
    endloop
  endfacet
  facet normal 0 0 -1
    outer loop
      vertex -28.4474 74.3193 0
      vertex -21.5 69 0
      vertex -28.4211 74.2146 0
    endloop
  endfacet
  facet normal 0 0 -1
    outer loop
      vertex -28.4837 74.421 0
      vertex -21.5 69 0
      vertex -28.4474 74.3193 0
    endloop
  endfacet
  facet normal 0 0 -1
    outer loop
      vertex -28.5299 74.5185 0
      vertex -21.5 69 0
      vertex -28.4837 74.421 0
    endloop
  endfacet
  facet normal 0 0 -1
    outer loop
      vertex -28.5854 74.6111 0
      vertex -21.5 69 0
      vertex -28.5299 74.5185 0
    endloop
  endfacet
  facet normal 0 0 -1
    outer loop
      vertex -28.6497 74.6978 0
      vertex -21.5 69 0
      vertex -28.5854 74.6111 0
    endloop
  endfacet
  facet normal -0 0 -1
    outer loop
      vertex -3.48916 106.748 0
      vertex -28.8889 74.9146 0
      vertex -3.88909 107.111 0
    endloop
  endfacet
  facet normal 0 0 -1
    outer loop
      vertex -35.2076 81.2343 0
      vertex -3.88909 107.111 0
      vertex -28.8889 74.9146 0
    endloop
  endfacet
  facet normal -0 0 -1
    outer loop
      vertex -3.88909 107.111 0
      vertex -35.2076 81.2343 0
      vertex -4.25156 107.511 0
    endloop
  endfacet
  facet normal -0 0 -1
    outer loop
      vertex -4.25156 107.511 0
      vertex -35.2076 81.2343 0
      vertex -4.57308 107.944 0
    endloop
  endfacet
  facet normal 0 0 -1
    outer loop
      vertex -35.2076 81.2343 0
      vertex -28.8889 74.9146 0
      vertex -28.9815 74.9701 0
    endloop
  endfacet
  facet normal 0 0 -1
    outer loop
      vertex -35.2076 81.2343 0
      vertex -28.9815 74.9701 0
      vertex -29.079 75.0163 0
    endloop
  endfacet
  facet normal 0 0 -1
    outer loop
      vertex -35.2076 81.2343 0
      vertex -29.079 75.0163 0
      vertex -29.1807 75.0526 0
    endloop
  endfacet
  facet normal 0 0 -1
    outer loop
      vertex -35.2076 81.2343 0
      vertex -29.1807 75.0526 0
      vertex -29.2854 75.0789 0
    endloop
  endfacet
  facet normal 0 0 -1
    outer loop
      vertex -35.2076 81.2343 0
      vertex -29.2854 75.0789 0
      vertex -29.3922 75.0947 0
    endloop
  endfacet
  facet normal 0 0 -1
    outer loop
      vertex -35.2076 81.2343 0
      vertex -29.3922 75.0947 0
      vertex -29.5 75.1 0
    endloop
  endfacet
  facet normal 0 0 -1
    outer loop
      vertex -35.2076 81.2343 0
      vertex -29.5 75.1 0
      vertex -29.6078 75.0947 0
    endloop
  endfacet
  facet normal 0 0 -1
    outer loop
      vertex -35.2076 81.2343 0
      vertex -29.6078 75.0947 0
      vertex -29.7146 75.0789 0
    endloop
  endfacet
  facet normal 0 0 -1
    outer loop
      vertex -35.2076 81.2343 0
      vertex -29.7146 75.0789 0
      vertex -29.8193 75.0526 0
    endloop
  endfacet
  facet normal 0 0 -1
    outer loop
      vertex -35.2076 81.2343 0
      vertex -29.8193 75.0526 0
      vertex -29.921 75.0163 0
    endloop
  endfacet
  facet normal 0 0 -1
    outer loop
      vertex -35.6537 80.3616 0
      vertex -29.921 75.0163 0
      vertex -30.0185 74.9701 0
    endloop
  endfacet
  facet normal 0 0 -1
    outer loop
      vertex -36 78.5332 0
      vertex -30.0185 74.9701 0
      vertex -30.1111 74.9146 0
    endloop
  endfacet
  facet normal 0 0 -1
    outer loop
      vertex -36 78.5332 0
      vertex -30.1111 74.9146 0
      vertex -30.1978 74.8503 0
    endloop
  endfacet
  facet normal 0 0 -1
    outer loop
      vertex -36 78.5332 0
      vertex -30.1978 74.8503 0
      vertex -30.2778 74.7778 0
    endloop
  endfacet
  facet normal 0 0 -1
    outer loop
      vertex -36 78.5332 0
      vertex -30.2778 74.7778 0
      vertex -30.3503 74.6978 0
    endloop
  endfacet
  facet normal 0 0 -1
    outer loop
      vertex -36 78.5332 0
      vertex -30.3503 74.6978 0
      vertex -30.4146 74.6111 0
    endloop
  endfacet
  facet normal 0 0 -1
    outer loop
      vertex -36 78.5332 0
      vertex -30.4146 74.6111 0
      vertex -30.4701 74.5185 0
    endloop
  endfacet
  facet normal 0 0 -1
    outer loop
      vertex -36 78.5332 0
      vertex -30.4701 74.5185 0
      vertex -30.5163 74.421 0
    endloop
  endfacet
  facet normal 0 0 -1
    outer loop
      vertex -36 5 0
      vertex -31 0 0
      vertex -31.4901 0.0240784 0
    endloop
  endfacet
  facet normal 0 0 -1
    outer loop
      vertex -36 5 0
      vertex -31.4901 0.0240784 0
      vertex -31.9754 0.0960693 0
    endloop
  endfacet
  facet normal 0 0 -1
    outer loop
      vertex -36 5 0
      vertex -31.9754 0.0960693 0
      vertex -32.4514 0.215302 0
    endloop
  endfacet
  facet normal 0 0 -1
    outer loop
      vertex -36 5 0
      vertex -32.4514 0.215302 0
      vertex -32.9134 0.3806 0
    endloop
  endfacet
  facet normal 0 0 -1
    outer loop
      vertex -36 5 0
      vertex -32.9134 0.3806 0
      vertex -33.357 0.590393 0
    endloop
  endfacet
  facet normal 0 0 -1
    outer loop
      vertex -36 5 0
      vertex -33.357 0.590393 0
      vertex -33.7778 0.842651 0
    endloop
  endfacet
  facet normal 0 0 -1
    outer loop
      vertex -36 5 0
      vertex -33.7778 0.842651 0
      vertex -34.172 1.13495 0
    endloop
  endfacet
  facet normal 0 0 -1
    outer loop
      vertex -36 5 0
      vertex -34.172 1.13495 0
      vertex -34.5355 1.46446 0
    endloop
  endfacet
  facet normal -0 0 -1
    outer loop
      vertex -30.4701 12.5185 0
      vertex -36 5 0
      vertex -36 78.5332 0
    endloop
  endfacet
  facet normal 0 0 -1
    outer loop
      vertex -36 5 0
      vertex -34.5355 1.46446 0
      vertex -34.8651 1.82803 0
    endloop
  endfacet
  facet normal 0 0 -1
    outer loop
      vertex -36 5 0
      vertex -34.8651 1.82803 0
      vertex -35.1573 2.22215 0
    endloop
  endfacet
  facet normal -0 0 -1
    outer loop
      vertex -5.08134 108.895 0
      vertex -35.2076 81.2343 0
      vertex -11.4758 118.201 0
    endloop
  endfacet
  facet normal 0 0 -1
    outer loop
      vertex -36 78.5332 0
      vertex -30.5163 74.421 0
      vertex -30.5526 74.3193 0
    endloop
  endfacet
  facet normal 0 0 -1
    outer loop
      vertex -36 78.5332 0
      vertex -30.5526 74.3193 0
      vertex -30.5789 74.2146 0
    endloop
  endfacet
  facet normal 0 0 -1
    outer loop
      vertex -36 78.5332 0
      vertex -30.5789 74.2146 0
      vertex -30.5947 74.1078 0
    endloop
  endfacet
  facet normal 0 0 -1
    outer loop
      vertex -30.5947 73.8922 0
      vertex -36 78.5332 0
      vertex -30.6 74 0
    endloop
  endfacet
  facet normal 0 0 -1
    outer loop
      vertex -36 5 0
      vertex -35.1573 2.22215 0
      vertex -35.4096 2.64302 0
    endloop
  endfacet
  facet normal 0 0 -1
    outer loop
      vertex -30.6 74 0
      vertex -36 78.5332 0
      vertex -30.5947 74.1078 0
    endloop
  endfacet
  facet normal 0 0 -1
    outer loop
      vertex -36 5 0
      vertex -35.4096 2.64302 0
      vertex -35.6194 3.08658 0
    endloop
  endfacet
  facet normal 0 0 -1
    outer loop
      vertex -30.0185 74.9701 0
      vertex -36 78.5332 0
      vertex -35.9841 78.932 0
    endloop
  endfacet
  facet normal 0 0 -1
    outer loop
      vertex -36 5 0
      vertex -35.6194 3.08658 0
      vertex -35.7847 3.54858 0
    endloop
  endfacet
  facet normal 0 0 -1
    outer loop
      vertex -29.921 75.0163 0
      vertex -35.4521 80.8089 0
      vertex -35.2076 81.2343 0
    endloop
  endfacet
  facet normal 0 0 -1
    outer loop
      vertex -36 5 0
      vertex -35.7847 3.54858 0
      vertex -35.9039 4.02455 0
    endloop
  endfacet
  facet normal 0 0 -1
    outer loop
      vertex -29.921 75.0163 0
      vertex -35.6537 80.3616 0
      vertex -35.4521 80.8089 0
    endloop
  endfacet
  facet normal 0 0 -1
    outer loop
      vertex -36 5 0
      vertex -35.9039 4.02455 0
      vertex -35.9759 4.50992 0
    endloop
  endfacet
  facet normal 0 0 -1
    outer loop
      vertex -30.0185 74.9701 0
      vertex -35.8105 79.8966 0
      vertex -35.6537 80.3616 0
    endloop
  endfacet
  facet normal 0 0 -1
    outer loop
      vertex -30.0185 74.9701 0
      vertex -35.921 79.4186 0
      vertex -35.8105 79.8966 0
    endloop
  endfacet
  facet normal 0 0 -1
    outer loop
      vertex -30.0185 74.9701 0
      vertex -35.9841 78.932 0
      vertex -35.921 79.4186 0
    endloop
  endfacet
  facet normal 0 0 1
    outer loop
      vertex 17.2076 109.273 1.2
      vertex 18 106.572 1.2
      vertex 17.9759 107.062 1.2
    endloop
  endfacet
  facet normal 0 0 1
    outer loop
      vertex 36 78 1.2
      vertex 30.5947 74.1078 1.2
      vertex 30.6 74 1.2
    endloop
  endfacet
  facet normal 0 0 1
    outer loop
      vertex 31.4901 82.9759 1.2
      vertex 30.5789 74.2146 1.2
      vertex 30.5947 74.1078 1.2
    endloop
  endfacet
  facet normal 0 0 1
    outer loop
      vertex 31.4901 82.9759 1.2
      vertex 30.5526 74.3193 1.2
      vertex 30.5789 74.2146 1.2
    endloop
  endfacet
  facet normal 0 0 1
    outer loop
      vertex 31.4901 82.9759 1.2
      vertex 30.5163 74.421 1.2
      vertex 30.5526 74.3193 1.2
    endloop
  endfacet
  facet normal 0 0 1
    outer loop
      vertex 31.4901 82.9759 1.2
      vertex 30.4701 74.5185 1.2
      vertex 30.5163 74.421 1.2
    endloop
  endfacet
  facet normal 0 0 1
    outer loop
      vertex 31.4901 82.9759 1.2
      vertex 30.4146 74.6111 1.2
      vertex 30.4701 74.5185 1.2
    endloop
  endfacet
  facet normal 0 0 1
    outer loop
      vertex 31.4901 82.9759 1.2
      vertex 30.3503 74.6978 1.2
      vertex 30.4146 74.6111 1.2
    endloop
  endfacet
  facet normal 0 0 1
    outer loop
      vertex 31.4901 82.9759 1.2
      vertex 30.2778 74.7778 1.2
      vertex 30.3503 74.6978 1.2
    endloop
  endfacet
  facet normal 0 0 1
    outer loop
      vertex 31.4901 82.9759 1.2
      vertex 30.1978 74.8503 1.2
      vertex 30.2778 74.7778 1.2
    endloop
  endfacet
  facet normal 0 0 1
    outer loop
      vertex 31.4901 82.9759 1.2
      vertex 30.1111 74.9146 1.2
      vertex 30.1978 74.8503 1.2
    endloop
  endfacet
  facet normal 0 0 1
    outer loop
      vertex 31.4901 82.9759 1.2
      vertex 30.0185 74.9701 1.2
      vertex 30.1111 74.9146 1.2
    endloop
  endfacet
  facet normal 0 0 1
    outer loop
      vertex 31.4901 82.9759 1.2
      vertex 29.921 75.0163 1.2
      vertex 30.0185 74.9701 1.2
    endloop
  endfacet
  facet normal 0 0 1
    outer loop
      vertex 31.4901 82.9759 1.2
      vertex 29.8193 75.0526 1.2
      vertex 29.921 75.0163 1.2
    endloop
  endfacet
  facet normal 0 0 1
    outer loop
      vertex 31 83 1.2
      vertex 29.7146 75.0789 1.2
      vertex 29.8193 75.0526 1.2
    endloop
  endfacet
  facet normal 0 0 1
    outer loop
      vertex 31 83 1.2
      vertex 29.6078 75.0947 1.2
      vertex 29.7146 75.0789 1.2
    endloop
  endfacet
  facet normal 0 0 1
    outer loop
      vertex 31 83 1.2
      vertex 29.5 75.1 1.2
      vertex 29.6078 75.0947 1.2
    endloop
  endfacet
  facet normal 0 0 1
    outer loop
      vertex 31 83 1.2
      vertex 29.3922 75.0947 1.2
      vertex 29.5 75.1 1.2
    endloop
  endfacet
  facet normal 0 0 1
    outer loop
      vertex 31 83 1.2
      vertex 29.2854 75.0789 1.2
      vertex 29.3922 75.0947 1.2
    endloop
  endfacet
  facet normal 0 0 1
    outer loop
      vertex 31 83 1.2
      vertex 29.1807 75.0526 1.2
      vertex 29.2854 75.0789 1.2
    endloop
  endfacet
  facet normal 0 0 1
    outer loop
      vertex 31 83 1.2
      vertex 29.079 75.0163 1.2
      vertex 29.1807 75.0526 1.2
    endloop
  endfacet
  facet normal 0 0 1
    outer loop
      vertex 31 83 1.2
      vertex 28.9815 74.9701 1.2
      vertex 29.079 75.0163 1.2
    endloop
  endfacet
  facet normal 0 0 1
    outer loop
      vertex 31 83 1.2
      vertex 28.8889 74.9146 1.2
      vertex 28.9815 74.9701 1.2
    endloop
  endfacet
  facet normal 0 0 1
    outer loop
      vertex 31 83 1.2
      vertex 28.8022 74.8503 1.2
      vertex 28.8889 74.9146 1.2
    endloop
  endfacet
  facet normal -0 0 1
    outer loop
      vertex 18 83 1.2
      vertex 28.8022 74.8503 1.2
      vertex 31 83 1.2
    endloop
  endfacet
  facet normal 0 0 1
    outer loop
      vertex 28.8022 74.8503 1.2
      vertex 18 83 1.2
      vertex 28.7222 74.7778 1.2
    endloop
  endfacet
  facet normal 0 0 1
    outer loop
      vertex 28.7222 74.7778 1.2
      vertex 18 83 1.2
      vertex 28.6497 74.6978 1.2
    endloop
  endfacet
  facet normal 0 0 1
    outer loop
      vertex 28.6497 74.6978 1.2
      vertex 18 83 1.2
      vertex 28.5854 74.6111 1.2
    endloop
  endfacet
  facet normal 0 0 1
    outer loop
      vertex 28.5854 74.6111 1.2
      vertex 18 83 1.2
      vertex 28.5299 74.5185 1.2
    endloop
  endfacet
  facet normal 0 0 1
    outer loop
      vertex 28.5299 74.5185 1.2
      vertex 18 83 1.2
      vertex 28.4837 74.421 1.2
    endloop
  endfacet
  facet normal 0 0 1
    outer loop
      vertex 28.4053 74.1078 1.2
      vertex 21.5 69 1.2
      vertex 28.4 74 1.2
    endloop
  endfacet
  facet normal 0 0 1
    outer loop
      vertex 28.4211 74.2146 1.2
      vertex 21.5 69 1.2
      vertex 28.4053 74.1078 1.2
    endloop
  endfacet
  facet normal 0 0 1
    outer loop
      vertex 28.4474 74.3193 1.2
      vertex 21.5 69 1.2
      vertex 28.4211 74.2146 1.2
    endloop
  endfacet
  facet normal 0 0 1
    outer loop
      vertex 28.4837 74.421 1.2
      vertex 18 83 1.2
      vertex 28.4474 74.3193 1.2
    endloop
  endfacet
  facet normal 0 0 1
    outer loop
      vertex 28.4474 74.3193 1.2
      vertex 18 83 1.2
      vertex 21.5 69 1.2
    endloop
  endfacet
  facet normal 0 0 1
    outer loop
      vertex 17.2076 109.273 1.2
      vertex 17.9759 107.062 1.2
      vertex 17.9039 107.547 1.2
    endloop
  endfacet
  facet normal 0 0 1
    outer loop
      vertex 17.2076 109.273 1.2
      vertex 17.9039 107.547 1.2
      vertex 17.7847 108.023 1.2
    endloop
  endfacet
  facet normal 0 0 1
    outer loop
      vertex 17.2076 109.273 1.2
      vertex 17.7847 108.023 1.2
      vertex 17.6194 108.485 1.2
    endloop
  endfacet
  facet normal 0 0 1
    outer loop
      vertex 17.2076 109.273 1.2
      vertex 17.6194 108.485 1.2
      vertex 17.4096 108.929 1.2
    endloop
  endfacet
  facet normal 0 0 1
    outer loop
      vertex 18 106.572 1.2
      vertex 17.2076 109.273 1.2
      vertex 5.08134 108.895 1.2
    endloop
  endfacet
  facet normal -0 0 1
    outer loop
      vertex 5.47352 111.539 1.2
      vertex 17.2076 109.273 1.2
      vertex 11.4758 118.201 1.2
    endloop
  endfacet
  facet normal 0 0 1
    outer loop
      vertex 4.57308 114.056 1.2
      vertex 11.4758 118.201 1.2
      vertex 11.1908 118.601 1.2
    endloop
  endfacet
  facet normal 0 0 1
    outer loop
      vertex 4.57308 114.056 1.2
      vertex 11.1908 118.601 1.2
      vertex 10.868 118.97 1.2
    endloop
  endfacet
  facet normal 0 0 1
    outer loop
      vertex 4.57308 114.056 1.2
      vertex 10.868 118.97 1.2
      vertex 10.5105 119.306 1.2
    endloop
  endfacet
  facet normal 0 0 1
    outer loop
      vertex 4.57308 114.056 1.2
      vertex 10.5105 119.306 1.2
      vertex 10.1218 119.606 1.2
    endloop
  endfacet
  facet normal 0 0 1
    outer loop
      vertex 4.57308 114.056 1.2
      vertex 10.1218 119.606 1.2
      vertex 9.70566 119.866 1.2
    endloop
  endfacet
  facet normal 0 0 1
    outer loop
      vertex 4.57308 114.056 1.2
      vertex 9.70566 119.866 1.2
      vertex 9.26601 120.084 1.2
    endloop
  endfacet
  facet normal 0 0 1
    outer loop
      vertex 4.57308 114.056 1.2
      vertex 9.26601 120.084 1.2
      vertex 8.80711 120.257 1.2
    endloop
  endfacet
  facet normal 0 0 1
    outer loop
      vertex 4.57308 114.056 1.2
      vertex 8.80711 120.257 1.2
      vertex 8.33342 120.385 1.2
    endloop
  endfacet
  facet normal 0 0 1
    outer loop
      vertex 17.2076 109.273 1.2
      vertex 5.47352 110.461 1.2
      vertex 5.39432 109.927 1.2
    endloop
  endfacet
  facet normal 0 0 1
    outer loop
      vertex 4.25156 114.489 1.2
      vertex 8.33342 120.385 1.2
      vertex 7.84946 120.466 1.2
    endloop
  endfacet
  facet normal 0 0 1
    outer loop
      vertex 4.25156 114.489 1.2
      vertex 7.84946 120.466 1.2
      vertex 7.26822 120.5 1.2
    endloop
  endfacet
  facet normal 0 0 1
    outer loop
      vertex 17.2076 109.273 1.2
      vertex 5.5 111 1.2
      vertex 5.47352 110.461 1.2
    endloop
  endfacet
  facet normal 0 0 1
    outer loop
      vertex 17.2076 109.273 1.2
      vertex 5.39432 109.927 1.2
      vertex 5.26317 109.403 1.2
    endloop
  endfacet
  facet normal 0 0 1
    outer loop
      vertex 5.08134 108.895 1.2
      vertex 17.2076 109.273 1.2
      vertex 5.26317 109.403 1.2
    endloop
  endfacet
  facet normal 0 0 1
    outer loop
      vertex 18 106.572 1.2
      vertex 5.08134 108.895 1.2
      vertex 4.85057 108.407 1.2
    endloop
  endfacet
  facet normal 0 0 1
    outer loop
      vertex 18 106.572 1.2
      vertex 4.85057 108.407 1.2
      vertex 4.57308 107.944 1.2
    endloop
  endfacet
  facet normal 0 0 1
    outer loop
      vertex 18 106.572 1.2
      vertex 4.57308 107.944 1.2
      vertex 4.25156 107.511 1.2
    endloop
  endfacet
  facet normal 0 0 1
    outer loop
      vertex 18 106.572 1.2
      vertex 4.25156 107.511 1.2
      vertex 3.88909 107.111 1.2
    endloop
  endfacet
  facet normal 0 0 1
    outer loop
      vertex 18 106.572 1.2
      vertex 3.88909 107.111 1.2
      vertex 3.48916 106.748 1.2
    endloop
  endfacet
  facet normal 0 0 1
    outer loop
      vertex 18 106.572 1.2
      vertex 3.48916 106.748 1.2
      vertex 3.05564 106.427 1.2
    endloop
  endfacet
  facet normal 0 0 1
    outer loop
      vertex 18 106.572 1.2
      vertex 3.05564 106.427 1.2
      vertex 18 83 1.2
    endloop
  endfacet
  facet normal -0 0 1
    outer loop
      vertex 2.59268 106.149 1.2
      vertex 18 83 1.2
      vertex 3.05564 106.427 1.2
    endloop
  endfacet
  facet normal -0 0 1
    outer loop
      vertex 2.10476 105.919 1.2
      vertex 18 83 1.2
      vertex 2.59268 106.149 1.2
    endloop
  endfacet
  facet normal -0 0 1
    outer loop
      vertex 1.59657 105.737 1.2
      vertex 18 83 1.2
      vertex 2.10476 105.919 1.2
    endloop
  endfacet
  facet normal -0 0 1
    outer loop
      vertex 1.073 105.606 1.2
      vertex 18 83 1.2
      vertex 1.59657 105.737 1.2
    endloop
  endfacet
  facet normal -0 0 1
    outer loop
      vertex 0.539094 105.526 1.2
      vertex 18 83 1.2
      vertex 1.073 105.606 1.2
    endloop
  endfacet
  facet normal -0 0 1
    outer loop
      vertex 0 105.5 1.2
      vertex 18 83 1.2
      vertex 0.539094 105.526 1.2
    endloop
  endfacet
  facet normal 0 0 1
    outer loop
      vertex -0.539094 105.526 1.2
      vertex 18 83 1.2
      vertex 0 105.5 1.2
    endloop
  endfacet
  facet normal 0 0 1
    outer loop
      vertex -1.073 105.606 1.2
      vertex 18 83 1.2
      vertex -0.539094 105.526 1.2
    endloop
  endfacet
  facet normal 0 0 1
    outer loop
      vertex 18 83 1.2
      vertex -1.073 105.606 1.2
      vertex -21.5 69 1.2
    endloop
  endfacet
  facet normal 0 0 1
    outer loop
      vertex -21.5 69 1.2
      vertex -1.073 105.606 1.2
      vertex -1.59657 105.737 1.2
    endloop
  endfacet
  facet normal 0 0 1
    outer loop
      vertex -21.5 69 1.2
      vertex -1.59657 105.737 1.2
      vertex -2.10476 105.919 1.2
    endloop
  endfacet
  facet normal 0 0 1
    outer loop
      vertex -21.5 69 1.2
      vertex -2.10476 105.919 1.2
      vertex -2.59268 106.149 1.2
    endloop
  endfacet
  facet normal 0 0 1
    outer loop
      vertex -28.6497 74.6978 1.2
      vertex -2.59268 106.149 1.2
      vertex -3.05564 106.427 1.2
    endloop
  endfacet
  facet normal 0 0 1
    outer loop
      vertex -28.8022 74.8503 1.2
      vertex -3.05564 106.427 1.2
      vertex -3.48916 106.748 1.2
    endloop
  endfacet
  facet normal 0 0 1
    outer loop
      vertex -28.8889 74.9146 1.2
      vertex -3.48916 106.748 1.2
      vertex -3.88909 107.111 1.2
    endloop
  endfacet
  facet normal 0 0 1
    outer loop
      vertex -35.2076 81.2343 1.2
      vertex -3.88909 107.111 1.2
      vertex -4.25156 107.511 1.2
    endloop
  endfacet
  facet normal 0 0 1
    outer loop
      vertex -35.2076 81.2343 1.2
      vertex -4.25156 107.511 1.2
      vertex -4.57308 107.944 1.2
    endloop
  endfacet
  facet normal 0 0 1
    outer loop
      vertex -5.47352 111.539 1.2
      vertex -11.4758 118.201 1.2
      vertex -5.5 111 1.2
    endloop
  endfacet
  facet normal 0 0 1
    outer loop
      vertex -5.5 111 1.2
      vertex -11.4758 118.201 1.2
      vertex -5.47352 110.461 1.2
    endloop
  endfacet
  facet normal 0 0 1
    outer loop
      vertex -11.4758 118.201 1.2
      vertex -7.26822 120.5 1.2
      vertex -7.7583 120.476 1.2
    endloop
  endfacet
  facet normal 0 0 1
    outer loop
      vertex -11.4758 118.201 1.2
      vertex -7.7583 120.476 1.2
      vertex -8.24367 120.404 1.2
    endloop
  endfacet
  facet normal 0 0 1
    outer loop
      vertex -5.47352 110.461 1.2
      vertex -11.4758 118.201 1.2
      vertex -5.39432 109.927 1.2
    endloop
  endfacet
  facet normal 0 0 1
    outer loop
      vertex -11.4758 118.201 1.2
      vertex -8.24367 120.404 1.2
      vertex -8.71964 120.285 1.2
    endloop
  endfacet
  facet normal 0 0 1
    outer loop
      vertex -11.4758 118.201 1.2
      vertex -8.71964 120.285 1.2
      vertex -9.18164 120.119 1.2
    endloop
  endfacet
  facet normal 0 0 1
    outer loop
      vertex -5.39432 109.927 1.2
      vertex -11.4758 118.201 1.2
      vertex -5.26317 109.403 1.2
    endloop
  endfacet
  facet normal 0 0 1
    outer loop
      vertex -11.4758 118.201 1.2
      vertex -9.18164 120.119 1.2
      vertex -9.6252 119.91 1.2
    endloop
  endfacet
  facet normal 0 0 1
    outer loop
      vertex -11.4758 118.201 1.2
      vertex -9.6252 119.91 1.2
      vertex -10.0461 119.657 1.2
    endloop
  endfacet
  facet normal 0 0 1
    outer loop
      vertex -11.4758 118.201 1.2
      vertex -10.0461 119.657 1.2
      vertex -10.4402 119.365 1.2
    endloop
  endfacet
  facet normal 0 0 1
    outer loop
      vertex -5.26317 109.403 1.2
      vertex -11.4758 118.201 1.2
      vertex -5.08134 108.895 1.2
    endloop
  endfacet
  facet normal 0 0 1
    outer loop
      vertex -11.4758 118.201 1.2
      vertex -10.4402 119.365 1.2
      vertex -10.8038 119.036 1.2
    endloop
  endfacet
  facet normal 0 0 1
    outer loop
      vertex -11.4758 118.201 1.2
      vertex -10.8038 119.036 1.2
      vertex -11.1333 118.672 1.2
    endloop
  endfacet
  facet normal 0 0 1
    outer loop
      vertex -35.2076 81.2343 1.2
      vertex -5.08134 108.895 1.2
      vertex -11.4758 118.201 1.2
    endloop
  endfacet
  facet normal 0 0 1
    outer loop
      vertex -5.08134 108.895 1.2
      vertex -35.2076 81.2343 1.2
      vertex -4.85057 108.407 1.2
    endloop
  endfacet
  facet normal 0 0 1
    outer loop
      vertex -4.85057 108.407 1.2
      vertex -35.2076 81.2343 1.2
      vertex -4.57308 107.944 1.2
    endloop
  endfacet
  facet normal 0 0 1
    outer loop
      vertex 18 83 1.2
      vertex -21.5 69 1.2
      vertex 21.5 69 1.2
    endloop
  endfacet
  facet normal -0 0 1
    outer loop
      vertex -28.4053 73.8922 1.2
      vertex -21.5 69 1.2
      vertex -28.4 74 1.2
    endloop
  endfacet
  facet normal 0 0 1
    outer loop
      vertex -2.59268 106.149 1.2
      vertex -28.6497 74.6978 1.2
      vertex -21.5 69 1.2
    endloop
  endfacet
  facet normal 0 0 1
    outer loop
      vertex -21.5 69 1.2
      vertex -28.4053 74.1078 1.2
      vertex -28.4 74 1.2
    endloop
  endfacet
  facet normal 0 0 1
    outer loop
      vertex -21.5 69 1.2
      vertex -28.4211 74.2146 1.2
      vertex -28.4053 74.1078 1.2
    endloop
  endfacet
  facet normal 0 0 1
    outer loop
      vertex -21.5 69 1.2
      vertex -28.4474 74.3193 1.2
      vertex -28.4211 74.2146 1.2
    endloop
  endfacet
  facet normal 0 0 1
    outer loop
      vertex -21.5 69 1.2
      vertex -28.4837 74.421 1.2
      vertex -28.4474 74.3193 1.2
    endloop
  endfacet
  facet normal 0 0 1
    outer loop
      vertex -21.5 69 1.2
      vertex -28.5299 74.5185 1.2
      vertex -28.4837 74.421 1.2
    endloop
  endfacet
  facet normal 0 0 1
    outer loop
      vertex -21.5 69 1.2
      vertex -28.5854 74.6111 1.2
      vertex -28.5299 74.5185 1.2
    endloop
  endfacet
  facet normal 0 0 1
    outer loop
      vertex -21.5 69 1.2
      vertex -28.6497 74.6978 1.2
      vertex -28.5854 74.6111 1.2
    endloop
  endfacet
  facet normal 0 0 1
    outer loop
      vertex -3.05564 106.427 1.2
      vertex -28.7222 74.7778 1.2
      vertex -28.6497 74.6978 1.2
    endloop
  endfacet
  facet normal 0 0 1
    outer loop
      vertex -3.05564 106.427 1.2
      vertex -28.8022 74.8503 1.2
      vertex -28.7222 74.7778 1.2
    endloop
  endfacet
  facet normal 0 0 1
    outer loop
      vertex -3.48916 106.748 1.2
      vertex -28.8889 74.9146 1.2
      vertex -28.8022 74.8503 1.2
    endloop
  endfacet
  facet normal 0 0 1
    outer loop
      vertex -3.88909 107.111 1.2
      vertex -35.2076 81.2343 1.2
      vertex -28.8889 74.9146 1.2
    endloop
  endfacet
  facet normal 0 0 1
    outer loop
      vertex -28.8889 74.9146 1.2
      vertex -35.2076 81.2343 1.2
      vertex -28.9815 74.9701 1.2
    endloop
  endfacet
  facet normal 0 0 1
    outer loop
      vertex -28.9815 74.9701 1.2
      vertex -35.2076 81.2343 1.2
      vertex -29.079 75.0163 1.2
    endloop
  endfacet
  facet normal 0 0 1
    outer loop
      vertex -29.079 75.0163 1.2
      vertex -35.2076 81.2343 1.2
      vertex -29.1807 75.0526 1.2
    endloop
  endfacet
  facet normal 0 0 1
    outer loop
      vertex -29.1807 75.0526 1.2
      vertex -35.2076 81.2343 1.2
      vertex -29.2854 75.0789 1.2
    endloop
  endfacet
  facet normal 0 0 1
    outer loop
      vertex -29.2854 75.0789 1.2
      vertex -35.2076 81.2343 1.2
      vertex -29.3922 75.0947 1.2
    endloop
  endfacet
  facet normal 0 0 1
    outer loop
      vertex -29.3922 75.0947 1.2
      vertex -35.2076 81.2343 1.2
      vertex -29.5 75.1 1.2
    endloop
  endfacet
  facet normal 0 0 1
    outer loop
      vertex -29.5 75.1 1.2
      vertex -35.2076 81.2343 1.2
      vertex -29.6078 75.0947 1.2
    endloop
  endfacet
  facet normal 0 0 1
    outer loop
      vertex -29.6078 75.0947 1.2
      vertex -35.2076 81.2343 1.2
      vertex -29.7146 75.0789 1.2
    endloop
  endfacet
  facet normal 0 0 1
    outer loop
      vertex -29.7146 75.0789 1.2
      vertex -35.2076 81.2343 1.2
      vertex -29.8193 75.0526 1.2
    endloop
  endfacet
  facet normal 0 0 1
    outer loop
      vertex -29.8193 75.0526 1.2
      vertex -35.2076 81.2343 1.2
      vertex -29.921 75.0163 1.2
    endloop
  endfacet
  facet normal -0 0 1
    outer loop
      vertex -35.4521 80.8089 1.2
      vertex -29.921 75.0163 1.2
      vertex -35.2076 81.2343 1.2
    endloop
  endfacet
  facet normal -0 0 1
    outer loop
      vertex -35.6537 80.3616 1.2
      vertex -29.921 75.0163 1.2
      vertex -35.4521 80.8089 1.2
    endloop
  endfacet
  facet normal 0 0 1
    outer loop
      vertex -29.921 75.0163 1.2
      vertex -35.6537 80.3616 1.2
      vertex -30.0185 74.9701 1.2
    endloop
  endfacet
  facet normal -0 0 1
    outer loop
      vertex -35.8105 79.8966 1.2
      vertex -30.0185 74.9701 1.2
      vertex -35.6537 80.3616 1.2
    endloop
  endfacet
  facet normal -0 0 1
    outer loop
      vertex -35.921 79.4186 1.2
      vertex -30.0185 74.9701 1.2
      vertex -35.8105 79.8966 1.2
    endloop
  endfacet
  facet normal -0 0 1
    outer loop
      vertex -35.9841 78.932 1.2
      vertex -30.0185 74.9701 1.2
      vertex -35.921 79.4186 1.2
    endloop
  endfacet
  facet normal -0 0 1
    outer loop
      vertex -36 78.5332 1.2
      vertex -30.0185 74.9701 1.2
      vertex -35.9841 78.932 1.2
    endloop
  endfacet
  facet normal 0 0 1
    outer loop
      vertex -36 78.5332 1.2
      vertex -30.6 74 1.2
      vertex -30.5947 74.1078 1.2
    endloop
  endfacet
  facet normal 0 0 1
    outer loop
      vertex -36 78.5332 1.2
      vertex -33 48.5 1.2
      vertex -33 49.5 1.2
    endloop
  endfacet
  facet normal 0 0 1
    outer loop
      vertex -33 48.5 1.2
      vertex -36 5 1.2
      vertex -33.357 0.590393 1.2
    endloop
  endfacet
  facet normal 0 0 1
    outer loop
      vertex -33.357 0.590393 1.2
      vertex -36 5 1.2
      vertex -33.7778 0.842651 1.2
    endloop
  endfacet
  facet normal 0 0 1
    outer loop
      vertex -33.7778 0.842651 1.2
      vertex -36 5 1.2
      vertex -34.172 1.13495 1.2
    endloop
  endfacet
  facet normal 0 0 1
    outer loop
      vertex -34.172 1.13495 1.2
      vertex -36 5 1.2
      vertex -34.5355 1.46446 1.2
    endloop
  endfacet
  facet normal 0 0 1
    outer loop
      vertex -34.5355 1.46446 1.2
      vertex -36 5 1.2
      vertex -34.8651 1.82803 1.2
    endloop
  endfacet
  facet normal 0 0 1
    outer loop
      vertex -30.0185 74.9701 1.2
      vertex -36 78.5332 1.2
      vertex -30.1111 74.9146 1.2
    endloop
  endfacet
  facet normal 0 0 1
    outer loop
      vertex -30.1111 74.9146 1.2
      vertex -36 78.5332 1.2
      vertex -30.1978 74.8503 1.2
    endloop
  endfacet
  facet normal 0 0 1
    outer loop
      vertex -30.1978 74.8503 1.2
      vertex -36 78.5332 1.2
      vertex -30.2778 74.7778 1.2
    endloop
  endfacet
  facet normal 0 0 1
    outer loop
      vertex -30.2778 74.7778 1.2
      vertex -36 78.5332 1.2
      vertex -30.3503 74.6978 1.2
    endloop
  endfacet
  facet normal 0 0 1
    outer loop
      vertex -30.3503 74.6978 1.2
      vertex -36 78.5332 1.2
      vertex -30.4146 74.6111 1.2
    endloop
  endfacet
  facet normal 0 0 1
    outer loop
      vertex -30.6 74 1.2
      vertex -36 78.5332 1.2
      vertex -33 49.5 1.2
    endloop
  endfacet
  facet normal 0 0 1
    outer loop
      vertex -34.8651 1.82803 1.2
      vertex -36 5 1.2
      vertex -35.1573 2.22215 1.2
    endloop
  endfacet
  facet normal 0 0 1
    outer loop
      vertex -30.4146 74.6111 1.2
      vertex -36 78.5332 1.2
      vertex -30.4701 74.5185 1.2
    endloop
  endfacet
  facet normal 0 0 1
    outer loop
      vertex -35.1573 2.22215 1.2
      vertex -36 5 1.2
      vertex -35.4096 2.64302 1.2
    endloop
  endfacet
  facet normal 0 0 1
    outer loop
      vertex -30.4701 74.5185 1.2
      vertex -36 78.5332 1.2
      vertex -30.5163 74.421 1.2
    endloop
  endfacet
  facet normal 0 0 1
    outer loop
      vertex -35.4096 2.64302 1.2
      vertex -36 5 1.2
      vertex -35.6194 3.08658 1.2
    endloop
  endfacet
  facet normal 0 0 1
    outer loop
      vertex -30.5163 74.421 1.2
      vertex -36 78.5332 1.2
      vertex -30.5526 74.3193 1.2
    endloop
  endfacet
  facet normal 0 0 1
    outer loop
      vertex -35.6194 3.08658 1.2
      vertex -36 5 1.2
      vertex -35.7847 3.54858 1.2
    endloop
  endfacet
  facet normal 0 0 1
    outer loop
      vertex -30.5789 74.2146 1.2
      vertex -36 78.5332 1.2
      vertex -30.5947 74.1078 1.2
    endloop
  endfacet
  facet normal 0 0 1
    outer loop
      vertex -35.7847 3.54858 1.2
      vertex -36 5 1.2
      vertex -35.9039 4.02455 1.2
    endloop
  endfacet
  facet normal 0 0 1
    outer loop
      vertex -30.5526 74.3193 1.2
      vertex -36 78.5332 1.2
      vertex -30.5789 74.2146 1.2
    endloop
  endfacet
  facet normal 0 0 1
    outer loop
      vertex -33 48.5 1.2
      vertex -36 78.5332 1.2
      vertex -36 5 1.2
    endloop
  endfacet
  facet normal 0 0 1
    outer loop
      vertex -35.9039 4.02455 1.2
      vertex -36 5 1.2
      vertex -35.9759 4.50992 1.2
    endloop
  endfacet
  facet normal 0 0 1
    outer loop
      vertex 30.5947 74.1078 1.2
      vertex 36 78 1.2
      vertex 35.9759 78.4901 1.2
    endloop
  endfacet
  facet normal 0 0 1
    outer loop
      vertex 36 78 1.2
      vertex 33 48.5 1.2
      vertex 36 5 1.2
    endloop
  endfacet
  facet normal 0 0 1
    outer loop
      vertex 30.5947 74.1078 1.2
      vertex 35.9759 78.4901 1.2
      vertex 35.9039 78.9754 1.2
    endloop
  endfacet
  facet normal -0 0 1
    outer loop
      vertex 30.4701 12.5185 1.2
      vertex 36 5 1.2
      vertex 33 48.5 1.2
    endloop
  endfacet
  facet normal 0 0 1
    outer loop
      vertex 30.5947 74.1078 1.2
      vertex 35.9039 78.9754 1.2
      vertex 35.7847 79.4514 1.2
    endloop
  endfacet
  facet normal -0 -0 1
    outer loop
      vertex 30.5163 12.421 1.2
      vertex 36 5 1.2
      vertex 30.4701 12.5185 1.2
    endloop
  endfacet
  facet normal 0 0 1
    outer loop
      vertex 30.5947 74.1078 1.2
      vertex 35.7847 79.4514 1.2
      vertex 35.6194 79.9134 1.2
    endloop
  endfacet
  facet normal -0 -0 1
    outer loop
      vertex 30.5789 12.2146 1.2
      vertex 36 5 1.2
      vertex 30.5526 12.3193 1.2
    endloop
  endfacet
  facet normal 0 0 1
    outer loop
      vertex 30.5947 74.1078 1.2
      vertex 35.6194 79.9134 1.2
      vertex 35.4096 80.357 1.2
    endloop
  endfacet
  facet normal -0 -0 1
    outer loop
      vertex 30.5947 12.1078 1.2
      vertex 36 5 1.2
      vertex 30.5789 12.2146 1.2
    endloop
  endfacet
  facet normal 0 0 1
    outer loop
      vertex 30.5947 74.1078 1.2
      vertex 35.4096 80.357 1.2
      vertex 35.1573 80.7778 1.2
    endloop
  endfacet
  facet normal -0 -0 1
    outer loop
      vertex 30.6 12 1.2
      vertex 36 5 1.2
      vertex 30.5947 12.1078 1.2
    endloop
  endfacet
  facet normal 0 0 1
    outer loop
      vertex 30.5947 74.1078 1.2
      vertex 35.1573 80.7778 1.2
      vertex 34.8651 81.172 1.2
    endloop
  endfacet
  facet normal -0 0 1
    outer loop
      vertex 30.5789 11.7854 1.2
      vertex 36 5 1.2
      vertex 30.5947 11.8922 1.2
    endloop
  endfacet
  facet normal 0 0 1
    outer loop
      vertex 30.5947 74.1078 1.2
      vertex 34.8651 81.172 1.2
      vertex 34.5355 81.5355 1.2
    endloop
  endfacet
  facet normal -0 0 1
    outer loop
      vertex 30.5526 11.6807 1.2
      vertex 36 5 1.2
      vertex 30.5789 11.7854 1.2
    endloop
  endfacet
  facet normal 0 0 1
    outer loop
      vertex 30.5947 74.1078 1.2
      vertex 34.5355 81.5355 1.2
      vertex 34.172 81.8651 1.2
    endloop
  endfacet
  facet normal -0 0 1
    outer loop
      vertex 30.5163 11.579 1.2
      vertex 36 5 1.2
      vertex 30.5526 11.6807 1.2
    endloop
  endfacet
  facet normal 0 0 1
    outer loop
      vertex 30.5947 74.1078 1.2
      vertex 34.172 81.8651 1.2
      vertex 33.7778 82.1573 1.2
    endloop
  endfacet
  facet normal 0 0 1
    outer loop
      vertex 36 78 1.2
      vertex 33 49.5 1.2
      vertex 33 48.5 1.2
    endloop
  endfacet
  facet normal 0 0 1
    outer loop
      vertex 30.5947 74.1078 1.2
      vertex 33.7778 82.1573 1.2
      vertex 33.357 82.4096 1.2
    endloop
  endfacet
  facet normal -0 0 1
    outer loop
      vertex 30.4146 11.3889 1.2
      vertex 36 5 1.2
      vertex 30.4701 11.4815 1.2
    endloop
  endfacet
  facet normal -0 0 1
    outer loop
      vertex 30.3503 11.3022 1.2
      vertex 36 5 1.2
      vertex 30.4146 11.3889 1.2
    endloop
  endfacet
  facet normal 0 0 1
    outer loop
      vertex 30.5947 74.1078 1.2
      vertex 33.357 82.4096 1.2
      vertex 32.9134 82.6194 1.2
    endloop
  endfacet
  facet normal 0 0 1
    outer loop
      vertex 30.5947 74.1078 1.2
      vertex 32.9134 82.6194 1.2
      vertex 32.4514 82.7847 1.2
    endloop
  endfacet
  facet normal 0 0 1
    outer loop
      vertex 30.5947 74.1078 1.2
      vertex 32.4514 82.7847 1.2
      vertex 31.9754 82.9039 1.2
    endloop
  endfacet
  facet normal 0 0 1
    outer loop
      vertex 30.5947 74.1078 1.2
      vertex 31.9754 82.9039 1.2
      vertex 31.4901 82.9759 1.2
    endloop
  endfacet
  facet normal 0 0 1
    outer loop
      vertex 29.8193 75.0526 1.2
      vertex 31.4901 82.9759 1.2
      vertex 31 83 1.2
    endloop
  endfacet
  facet normal 0 0 1
    outer loop
      vertex 36 78 1.2
      vertex 30.6 74 1.2
      vertex 30.5947 73.8922 1.2
    endloop
  endfacet
  facet normal 0 0 1
    outer loop
      vertex 36 78 1.2
      vertex 30.5947 73.8922 1.2
      vertex 30.5789 73.7854 1.2
    endloop
  endfacet
  facet normal 0 0 1
    outer loop
      vertex 36 78 1.2
      vertex 30.5789 73.7854 1.2
      vertex 30.5526 73.6807 1.2
    endloop
  endfacet
  facet normal 0 0 1
    outer loop
      vertex 36 78 1.2
      vertex 30.5526 73.6807 1.2
      vertex 30.5163 73.579 1.2
    endloop
  endfacet
  facet normal 0 0 1
    outer loop
      vertex 36 78 1.2
      vertex 30.5163 73.579 1.2
      vertex 30.4701 73.4815 1.2
    endloop
  endfacet
  facet normal 0 0 1
    outer loop
      vertex 36 78 1.2
      vertex 30.4701 73.4815 1.2
      vertex 30.4146 73.3889 1.2
    endloop
  endfacet
  facet normal 0 0 1
    outer loop
      vertex 30.3503 73.3022 1.2
      vertex 36 78 1.2
      vertex 30.4146 73.3889 1.2
    endloop
  endfacet
  facet normal 0 0 1
    outer loop
      vertex 36 78 1.2
      vertex 30.3503 73.3022 1.2
      vertex 33 49.5 1.2
    endloop
  endfacet
  facet normal -0 0 1
    outer loop
      vertex 30.2778 73.2222 1.2
      vertex 33 49.5 1.2
      vertex 30.3503 73.3022 1.2
    endloop
  endfacet
  facet normal -0 0 1
    outer loop
      vertex 30.1978 73.1497 1.2
      vertex 33 49.5 1.2
      vertex 30.2778 73.2222 1.2
    endloop
  endfacet
  facet normal -0 0 1
    outer loop
      vertex 30.1111 73.0854 1.2
      vertex 33 49.5 1.2
      vertex 30.1978 73.1497 1.2
    endloop
  endfacet
  facet normal -0 0 1
    outer loop
      vertex 30.0185 73.0299 1.2
      vertex 33 49.5 1.2
      vertex 30.1111 73.0854 1.2
    endloop
  endfacet
  facet normal -0 0 1
    outer loop
      vertex 29.921 72.9837 1.2
      vertex 33 49.5 1.2
      vertex 30.0185 73.0299 1.2
    endloop
  endfacet
  facet normal -0 0 1
    outer loop
      vertex 29.8193 72.9474 1.2
      vertex 33 49.5 1.2
      vertex 29.921 72.9837 1.2
    endloop
  endfacet
  facet normal -0 0 1
    outer loop
      vertex 29.7146 72.9211 1.2
      vertex 33 49.5 1.2
      vertex 29.8193 72.9474 1.2
    endloop
  endfacet
  facet normal -0 0 1
    outer loop
      vertex 29.6078 72.9053 1.2
      vertex 33 49.5 1.2
      vertex 29.7146 72.9211 1.2
    endloop
  endfacet
  facet normal 0 0 1
    outer loop
      vertex 21.5 69 1.2
      vertex 29.6078 72.9053 1.2
      vertex 29.5 72.9 1.2
    endloop
  endfacet
  facet normal 0 0 1
    outer loop
      vertex 21.5 69 1.2
      vertex 29.5 72.9 1.2
      vertex 29.3922 72.9053 1.2
    endloop
  endfacet
  facet normal 0 0 1
    outer loop
      vertex 21.5 69 1.2
      vertex 29.3922 72.9053 1.2
      vertex 29.2854 72.9211 1.2
    endloop
  endfacet
  facet normal 0 0 1
    outer loop
      vertex 21.5 69 1.2
      vertex 29.2854 72.9211 1.2
      vertex 29.1807 72.9474 1.2
    endloop
  endfacet
  facet normal 0 0 1
    outer loop
      vertex 21.5 69 1.2
      vertex 29.1807 72.9474 1.2
      vertex 29.079 72.9837 1.2
    endloop
  endfacet
  facet normal 0 0 1
    outer loop
      vertex 21.5 69 1.2
      vertex 29.079 72.9837 1.2
      vertex 28.9815 73.0299 1.2
    endloop
  endfacet
  facet normal 0 0 1
    outer loop
      vertex 21.5 69 1.2
      vertex 28.9815 73.0299 1.2
      vertex 28.8889 73.0854 1.2
    endloop
  endfacet
  facet normal 0 0 1
    outer loop
      vertex 21.5 69 1.2
      vertex 28.8889 73.0854 1.2
      vertex 28.8022 73.1497 1.2
    endloop
  endfacet
  facet normal 0 0 1
    outer loop
      vertex 21.5 69 1.2
      vertex 28.8022 73.1497 1.2
      vertex 28.7222 73.2222 1.2
    endloop
  endfacet
  facet normal 0 0 1
    outer loop
      vertex 21.5 69 1.2
      vertex 28.7222 73.2222 1.2
      vertex 28.6497 73.3022 1.2
    endloop
  endfacet
  facet normal 0 0 1
    outer loop
      vertex 21.5 69 1.2
      vertex 28.6497 73.3022 1.2
      vertex 28.5854 73.3889 1.2
    endloop
  endfacet
  facet normal 0 0 1
    outer loop
      vertex 21.5 69 1.2
      vertex 28.5854 73.3889 1.2
      vertex 28.5299 73.4815 1.2
    endloop
  endfacet
  facet normal 0 0 1
    outer loop
      vertex 21.5 69 1.2
      vertex 28.5299 73.4815 1.2
      vertex 28.4837 73.579 1.2
    endloop
  endfacet
  facet normal 0 0 1
    outer loop
      vertex 21.5 69 1.2
      vertex 28.4837 73.579 1.2
      vertex 28.4474 73.6807 1.2
    endloop
  endfacet
  facet normal 0 0 1
    outer loop
      vertex 21.5 69 1.2
      vertex 28.4474 73.6807 1.2
      vertex 28.4211 73.7854 1.2
    endloop
  endfacet
  facet normal 0 0 1
    outer loop
      vertex 21.5 69 1.2
      vertex 28.4053 73.8922 1.2
      vertex 28.4 74 1.2
    endloop
  endfacet
  facet normal 0 0 1
    outer loop
      vertex 21.5 69 1.2
      vertex 28.4211 73.7854 1.2
      vertex 28.4053 73.8922 1.2
    endloop
  endfacet
  facet normal 0 0 1
    outer loop
      vertex 29.6078 72.9053 1.2
      vertex 21.5 69 1.2
      vertex 33 49.5 1.2
    endloop
  endfacet
  facet normal 0 0 1
    outer loop
      vertex 33 49.5 1.2
      vertex 21.5 69 1.2
      vertex 21.5 49.5 1.2
    endloop
  endfacet
  facet normal -0 0 1
    outer loop
      vertex 30.2778 11.2222 1.2
      vertex 36 5 1.2
      vertex 30.3503 11.3022 1.2
    endloop
  endfacet
  facet normal -0 0 1
    outer loop
      vertex 30.1978 11.1497 1.2
      vertex 36 5 1.2
      vertex 30.2778 11.2222 1.2
    endloop
  endfacet
  facet normal -0 0 1
    outer loop
      vertex 30.0185 11.0299 1.2
      vertex 36 5 1.2
      vertex 30.1111 11.0854 1.2
    endloop
  endfacet
  facet normal -0 0 1
    outer loop
      vertex 29.921 10.9837 1.2
      vertex 36 5 1.2
      vertex 30.0185 11.0299 1.2
    endloop
  endfacet
  facet normal -0 0 1
    outer loop
      vertex 29.8193 10.9474 1.2
      vertex 36 5 1.2
      vertex 29.921 10.9837 1.2
    endloop
  endfacet
  facet normal 0 -0 1
    outer loop
      vertex 31 0 1.2
      vertex 36 5 1.2
      vertex 29.7146 10.9211 1.2
    endloop
  endfacet
  facet normal 0 0 1
    outer loop
      vertex 36 5 1.2
      vertex 31 0 1.2
      vertex 35.9759 4.50992 1.2
    endloop
  endfacet
  facet normal -0 0 1
    outer loop
      vertex 29.7146 10.9211 1.2
      vertex 36 5 1.2
      vertex 29.8193 10.9474 1.2
    endloop
  endfacet
  facet normal -0 0 1
    outer loop
      vertex 30.1111 11.0854 1.2
      vertex 36 5 1.2
      vertex 30.1978 11.1497 1.2
    endloop
  endfacet
  facet normal -0 0 1
    outer loop
      vertex 30.4701 11.4815 1.2
      vertex 36 5 1.2
      vertex 30.5163 11.579 1.2
    endloop
  endfacet
  facet normal -0 0 1
    outer loop
      vertex 30.5947 11.8922 1.2
      vertex 36 5 1.2
      vertex 30.6 12 1.2
    endloop
  endfacet
  facet normal -0 -0 1
    outer loop
      vertex 30.5526 12.3193 1.2
      vertex 36 5 1.2
      vertex 30.5163 12.421 1.2
    endloop
  endfacet
  facet normal 0 0 1
    outer loop
      vertex 33 48.5 1.2
      vertex 30.4146 12.6111 1.2
      vertex 30.4701 12.5185 1.2
    endloop
  endfacet
  facet normal 0 0 1
    outer loop
      vertex 33 48.5 1.2
      vertex 30.3503 12.6978 1.2
      vertex 30.4146 12.6111 1.2
    endloop
  endfacet
  facet normal 0 0 1
    outer loop
      vertex 33 48.5 1.2
      vertex 30.2778 12.7778 1.2
      vertex 30.3503 12.6978 1.2
    endloop
  endfacet
  facet normal 0 0 1
    outer loop
      vertex 33 48.5 1.2
      vertex 30.1978 12.8503 1.2
      vertex 30.2778 12.7778 1.2
    endloop
  endfacet
  facet normal 0 0 1
    outer loop
      vertex 33 48.5 1.2
      vertex 30.1111 12.9146 1.2
      vertex 30.1978 12.8503 1.2
    endloop
  endfacet
  facet normal 0 0 1
    outer loop
      vertex 33 48.5 1.2
      vertex 30.0185 12.9701 1.2
      vertex 30.1111 12.9146 1.2
    endloop
  endfacet
  facet normal 0 0 1
    outer loop
      vertex 33 48.5 1.2
      vertex 29.921 13.0163 1.2
      vertex 30.0185 12.9701 1.2
    endloop
  endfacet
  facet normal 0 0 1
    outer loop
      vertex 33 48.5 1.2
      vertex 29.8193 13.0526 1.2
      vertex 29.921 13.0163 1.2
    endloop
  endfacet
  facet normal 0 0 1
    outer loop
      vertex 33 48.5 1.2
      vertex 29.7146 13.0789 1.2
      vertex 29.8193 13.0526 1.2
    endloop
  endfacet
  facet normal 0 0 1
    outer loop
      vertex 33 48.5 1.2
      vertex 29.6078 13.0947 1.2
      vertex 29.7146 13.0789 1.2
    endloop
  endfacet
  facet normal 0 0 1
    outer loop
      vertex 33 48.5 1.2
      vertex 29.5 13.1 1.2
      vertex 29.6078 13.0947 1.2
    endloop
  endfacet
  facet normal 0 0 1
    outer loop
      vertex 33 48.5 1.2
      vertex 29.3922 13.0947 1.2
      vertex 29.5 13.1 1.2
    endloop
  endfacet
  facet normal -0 0 1
    outer loop
      vertex 21.5 48.5 1.2
      vertex 29.3922 13.0947 1.2
      vertex 33 48.5 1.2
    endloop
  endfacet
  facet normal 0 0 1
    outer loop
      vertex 29.3922 13.0947 1.2
      vertex 21.5 48.5 1.2
      vertex 29.2854 13.0789 1.2
    endloop
  endfacet
  facet normal 0 0 1
    outer loop
      vertex 29.2854 13.0789 1.2
      vertex 21.5 48.5 1.2
      vertex 29.1807 13.0526 1.2
    endloop
  endfacet
  facet normal 0 0 1
    outer loop
      vertex 29.1807 13.0526 1.2
      vertex 21.5 48.5 1.2
      vertex 29.079 13.0163 1.2
    endloop
  endfacet
  facet normal 0 0 1
    outer loop
      vertex 29.079 13.0163 1.2
      vertex 21.5 48.5 1.2
      vertex 28.9815 12.9701 1.2
    endloop
  endfacet
  facet normal 0 0 1
    outer loop
      vertex 28.9815 12.9701 1.2
      vertex 21.5 48.5 1.2
      vertex 28.8889 12.9146 1.2
    endloop
  endfacet
  facet normal 0 0 1
    outer loop
      vertex 28.8889 12.9146 1.2
      vertex 21.5 48.5 1.2
      vertex 28.8022 12.8503 1.2
    endloop
  endfacet
  facet normal 0 0 1
    outer loop
      vertex 28.8022 12.8503 1.2
      vertex 21.5 48.5 1.2
      vertex 28.7222 12.7778 1.2
    endloop
  endfacet
  facet normal 0 0 1
    outer loop
      vertex 28.7222 12.7778 1.2
      vertex 21.5 48.5 1.2
      vertex 28.6497 12.6978 1.2
    endloop
  endfacet
  facet normal 0 0 1
    outer loop
      vertex 28.6497 12.6978 1.2
      vertex 21.5 48.5 1.2
      vertex 28.5854 12.6111 1.2
    endloop
  endfacet
  facet normal 0 0 1
    outer loop
      vertex 28.5854 12.6111 1.2
      vertex 21.5 48.5 1.2
      vertex 28.5299 12.5185 1.2
    endloop
  endfacet
  facet normal 0 0 1
    outer loop
      vertex 28.5299 12.5185 1.2
      vertex 21.5 48.5 1.2
      vertex 28.4837 12.421 1.2
    endloop
  endfacet
  facet normal 0 0 1
    outer loop
      vertex 28.4837 12.421 1.2
      vertex 21.5 48.5 1.2
      vertex 28.4474 12.3193 1.2
    endloop
  endfacet
  facet normal 0 0 1
    outer loop
      vertex 21.5 0 1.2
      vertex 28.4474 12.3193 1.2
      vertex 21.5 48.5 1.2
    endloop
  endfacet
  facet normal 0 0 1
    outer loop
      vertex 28.4211 12.2146 1.2
      vertex 21.5 0 1.2
      vertex 28.4053 12.1078 1.2
    endloop
  endfacet
  facet normal 0 0 1
    outer loop
      vertex 28.4474 12.3193 1.2
      vertex 21.5 0 1.2
      vertex 28.4211 12.2146 1.2
    endloop
  endfacet
  facet normal 0 0 1
    outer loop
      vertex 35.9759 4.50992 1.2
      vertex 31 0 1.2
      vertex 35.9039 4.02455 1.2
    endloop
  endfacet
  facet normal 0 0 1
    outer loop
      vertex 35.9039 4.02455 1.2
      vertex 31 0 1.2
      vertex 35.7847 3.54858 1.2
    endloop
  endfacet
  facet normal 0 0 1
    outer loop
      vertex 35.7847 3.54858 1.2
      vertex 31 0 1.2
      vertex 35.6194 3.08658 1.2
    endloop
  endfacet
  facet normal 0 0 1
    outer loop
      vertex 35.6194 3.08658 1.2
      vertex 31 0 1.2
      vertex 35.4096 2.64302 1.2
    endloop
  endfacet
  facet normal 0 0 1
    outer loop
      vertex 35.4096 2.64302 1.2
      vertex 31 0 1.2
      vertex 35.1573 2.22215 1.2
    endloop
  endfacet
  facet normal 0 0 1
    outer loop
      vertex 35.1573 2.22215 1.2
      vertex 31 0 1.2
      vertex 34.8651 1.82803 1.2
    endloop
  endfacet
  facet normal 0 0 1
    outer loop
      vertex 34.8651 1.82803 1.2
      vertex 34.172 1.13495 1.2
      vertex 34.5355 1.46446 1.2
    endloop
  endfacet
  facet normal 0 0 1
    outer loop
      vertex 34.8651 1.82803 1.2
      vertex 33.7778 0.842651 1.2
      vertex 34.172 1.13495 1.2
    endloop
  endfacet
  facet normal 0 0 1
    outer loop
      vertex 34.8651 1.82803 1.2
      vertex 33.357 0.590393 1.2
      vertex 33.7778 0.842651 1.2
    endloop
  endfacet
  facet normal 0 0 1
    outer loop
      vertex 34.8651 1.82803 1.2
      vertex 32.9134 0.3806 1.2
      vertex 33.357 0.590393 1.2
    endloop
  endfacet
  facet normal 0 0 1
    outer loop
      vertex 34.8651 1.82803 1.2
      vertex 32.4514 0.215302 1.2
      vertex 32.9134 0.3806 1.2
    endloop
  endfacet
  facet normal 0 0 1
    outer loop
      vertex 34.8651 1.82803 1.2
      vertex 31.9754 0.0960693 1.2
      vertex 32.4514 0.215302 1.2
    endloop
  endfacet
  facet normal 0 0 1
    outer loop
      vertex 34.8651 1.82803 1.2
      vertex 31.4901 0.0240784 1.2
      vertex 31.9754 0.0960693 1.2
    endloop
  endfacet
  facet normal 0 0 1
    outer loop
      vertex 34.8651 1.82803 1.2
      vertex 31 0 1.2
      vertex 31.4901 0.0240784 1.2
    endloop
  endfacet
  facet normal -0 0 1
    outer loop
      vertex 29.6078 10.9053 1.2
      vertex 31 0 1.2
      vertex 29.7146 10.9211 1.2
    endloop
  endfacet
  facet normal -0 0 1
    outer loop
      vertex 29.5 10.9 1.2
      vertex 31 0 1.2
      vertex 29.6078 10.9053 1.2
    endloop
  endfacet
  facet normal 0 0 1
    outer loop
      vertex 29.3922 10.9053 1.2
      vertex 31 0 1.2
      vertex 29.5 10.9 1.2
    endloop
  endfacet
  facet normal 0 0 1
    outer loop
      vertex 29.2854 10.9211 1.2
      vertex 31 0 1.2
      vertex 29.3922 10.9053 1.2
    endloop
  endfacet
  facet normal 0 0 1
    outer loop
      vertex 29.1807 10.9474 1.2
      vertex 31 0 1.2
      vertex 29.2854 10.9211 1.2
    endloop
  endfacet
  facet normal 0 0 1
    outer loop
      vertex 29.079 10.9837 1.2
      vertex 31 0 1.2
      vertex 29.1807 10.9474 1.2
    endloop
  endfacet
  facet normal 0 0 1
    outer loop
      vertex 21.5 0 1.2
      vertex 29.079 10.9837 1.2
      vertex 28.9815 11.0299 1.2
    endloop
  endfacet
  facet normal 0 0 1
    outer loop
      vertex 21.5 0 1.2
      vertex 28.9815 11.0299 1.2
      vertex 28.8889 11.0854 1.2
    endloop
  endfacet
  facet normal 0 0 1
    outer loop
      vertex 21.5 0 1.2
      vertex 28.8889 11.0854 1.2
      vertex 28.8022 11.1497 1.2
    endloop
  endfacet
  facet normal 0 0 1
    outer loop
      vertex 21.5 0 1.2
      vertex 28.8022 11.1497 1.2
      vertex 28.7222 11.2222 1.2
    endloop
  endfacet
  facet normal 0 0 1
    outer loop
      vertex 21.5 0 1.2
      vertex 28.7222 11.2222 1.2
      vertex 28.6497 11.3022 1.2
    endloop
  endfacet
  facet normal 0 0 1
    outer loop
      vertex 21.5 0 1.2
      vertex 28.6497 11.3022 1.2
      vertex 28.5854 11.3889 1.2
    endloop
  endfacet
  facet normal 0 0 1
    outer loop
      vertex 21.5 0 1.2
      vertex 28.5854 11.3889 1.2
      vertex 28.5299 11.4815 1.2
    endloop
  endfacet
  facet normal 0 0 1
    outer loop
      vertex 21.5 0 1.2
      vertex 28.5299 11.4815 1.2
      vertex 28.4837 11.579 1.2
    endloop
  endfacet
  facet normal 0 0 1
    outer loop
      vertex 21.5 0 1.2
      vertex 28.4837 11.579 1.2
      vertex 28.4474 11.6807 1.2
    endloop
  endfacet
  facet normal 0 0 1
    outer loop
      vertex 21.5 0 1.2
      vertex 28.4474 11.6807 1.2
      vertex 28.4211 11.7854 1.2
    endloop
  endfacet
  facet normal 0 0 1
    outer loop
      vertex 28.4053 12.1078 1.2
      vertex 21.5 0 1.2
      vertex 28.4 12 1.2
    endloop
  endfacet
  facet normal 0 0 1
    outer loop
      vertex 28.4 12 1.2
      vertex 21.5 0 1.2
      vertex 28.4053 11.8922 1.2
    endloop
  endfacet
  facet normal 0 0 1
    outer loop
      vertex 29.079 10.9837 1.2
      vertex 21.5 0 1.2
      vertex 31 0 1.2
    endloop
  endfacet
  facet normal 0 0 1
    outer loop
      vertex 28.4053 11.8922 1.2
      vertex 21.5 0 1.2
      vertex 28.4211 11.7854 1.2
    endloop
  endfacet
  facet normal -0 0 1
    outer loop
      vertex -28.4211 73.7854 1.2
      vertex -21.5 69 1.2
      vertex -28.4053 73.8922 1.2
    endloop
  endfacet
  facet normal -0 0 1
    outer loop
      vertex -28.4474 73.6807 1.2
      vertex -21.5 69 1.2
      vertex -28.4211 73.7854 1.2
    endloop
  endfacet
  facet normal -0 0 1
    outer loop
      vertex -28.4837 73.579 1.2
      vertex -21.5 69 1.2
      vertex -28.4474 73.6807 1.2
    endloop
  endfacet
  facet normal -0 0 1
    outer loop
      vertex -28.5299 73.4815 1.2
      vertex -21.5 69 1.2
      vertex -28.4837 73.579 1.2
    endloop
  endfacet
  facet normal -0 0 1
    outer loop
      vertex -28.5854 73.3889 1.2
      vertex -21.5 69 1.2
      vertex -28.5299 73.4815 1.2
    endloop
  endfacet
  facet normal -0 0 1
    outer loop
      vertex -28.6497 73.3022 1.2
      vertex -21.5 69 1.2
      vertex -28.5854 73.3889 1.2
    endloop
  endfacet
  facet normal -0 0 1
    outer loop
      vertex -28.7222 73.2222 1.2
      vertex -21.5 69 1.2
      vertex -28.6497 73.3022 1.2
    endloop
  endfacet
  facet normal -0 0 1
    outer loop
      vertex -28.8022 73.1497 1.2
      vertex -21.5 69 1.2
      vertex -28.7222 73.2222 1.2
    endloop
  endfacet
  facet normal -0 0 1
    outer loop
      vertex -28.8889 73.0854 1.2
      vertex -21.5 69 1.2
      vertex -28.8022 73.1497 1.2
    endloop
  endfacet
  facet normal -0 0 1
    outer loop
      vertex -28.9815 73.0299 1.2
      vertex -21.5 69 1.2
      vertex -28.8889 73.0854 1.2
    endloop
  endfacet
  facet normal -0 0 1
    outer loop
      vertex -29.079 72.9837 1.2
      vertex -21.5 69 1.2
      vertex -28.9815 73.0299 1.2
    endloop
  endfacet
  facet normal -0 0 1
    outer loop
      vertex -29.1807 72.9474 1.2
      vertex -21.5 69 1.2
      vertex -29.079 72.9837 1.2
    endloop
  endfacet
  facet normal -0 0 1
    outer loop
      vertex -29.2854 72.9211 1.2
      vertex -21.5 69 1.2
      vertex -29.1807 72.9474 1.2
    endloop
  endfacet
  facet normal -0 0 1
    outer loop
      vertex -29.3922 72.9053 1.2
      vertex -21.5 69 1.2
      vertex -29.2854 72.9211 1.2
    endloop
  endfacet
  facet normal -0 0 1
    outer loop
      vertex -29.5 72.9 1.2
      vertex -21.5 69 1.2
      vertex -29.3922 72.9053 1.2
    endloop
  endfacet
  facet normal 0 0 1
    outer loop
      vertex -29.6078 72.9053 1.2
      vertex -21.5 69 1.2
      vertex -29.5 72.9 1.2
    endloop
  endfacet
  facet normal 0 0 1
    outer loop
      vertex -21.5 69 1.2
      vertex -29.6078 72.9053 1.2
      vertex -33 49.5 1.2
    endloop
  endfacet
  facet normal 0 0 1
    outer loop
      vertex -33 49.5 1.2
      vertex -29.6078 72.9053 1.2
      vertex -29.7146 72.9211 1.2
    endloop
  endfacet
  facet normal 0 0 1
    outer loop
      vertex -33 49.5 1.2
      vertex -29.7146 72.9211 1.2
      vertex -29.8193 72.9474 1.2
    endloop
  endfacet
  facet normal 0 0 1
    outer loop
      vertex -33 49.5 1.2
      vertex -29.8193 72.9474 1.2
      vertex -29.921 72.9837 1.2
    endloop
  endfacet
  facet normal 0 0 1
    outer loop
      vertex -33 49.5 1.2
      vertex -29.921 72.9837 1.2
      vertex -30.0185 73.0299 1.2
    endloop
  endfacet
  facet normal 0 0 1
    outer loop
      vertex -33 49.5 1.2
      vertex -30.0185 73.0299 1.2
      vertex -30.1111 73.0854 1.2
    endloop
  endfacet
  facet normal 0 0 1
    outer loop
      vertex -33 49.5 1.2
      vertex -30.1111 73.0854 1.2
      vertex -30.1978 73.1497 1.2
    endloop
  endfacet
  facet normal 0 0 1
    outer loop
      vertex -33 49.5 1.2
      vertex -30.1978 73.1497 1.2
      vertex -30.2778 73.2222 1.2
    endloop
  endfacet
  facet normal 0 0 1
    outer loop
      vertex -33 49.5 1.2
      vertex -30.2778 73.2222 1.2
      vertex -30.3503 73.3022 1.2
    endloop
  endfacet
  facet normal 0 0 1
    outer loop
      vertex -33 49.5 1.2
      vertex -30.3503 73.3022 1.2
      vertex -30.4146 73.3889 1.2
    endloop
  endfacet
  facet normal 0 0 1
    outer loop
      vertex -33 49.5 1.2
      vertex -30.4146 73.3889 1.2
      vertex -30.4701 73.4815 1.2
    endloop
  endfacet
  facet normal 0 0 1
    outer loop
      vertex -33 49.5 1.2
      vertex -30.4701 73.4815 1.2
      vertex -30.5163 73.579 1.2
    endloop
  endfacet
  facet normal 0 0 1
    outer loop
      vertex -21.5 69 1.2
      vertex -33 49.5 1.2
      vertex -21.5 49.5 1.2
    endloop
  endfacet
  facet normal 0 0 1
    outer loop
      vertex -30.5526 73.6807 1.2
      vertex -33 49.5 1.2
      vertex -30.5163 73.579 1.2
    endloop
  endfacet
  facet normal 0 0 1
    outer loop
      vertex -30.5789 73.7854 1.2
      vertex -33 49.5 1.2
      vertex -30.5526 73.6807 1.2
    endloop
  endfacet
  facet normal 0 0 1
    outer loop
      vertex -30.5947 73.8922 1.2
      vertex -33 49.5 1.2
      vertex -30.5789 73.7854 1.2
    endloop
  endfacet
  facet normal 0 0 1
    outer loop
      vertex -33 49.5 1.2
      vertex -30.5947 73.8922 1.2
      vertex -30.6 74 1.2
    endloop
  endfacet
  facet normal -0 0 1
    outer loop
      vertex -28.4474 12.3193 1.2
      vertex -21.5 0 1.2
      vertex -21.5 48.5 1.2
    endloop
  endfacet
  facet normal 0 0 1
    outer loop
      vertex -21.5 0 1.2
      vertex -28.4053 12.1078 1.2
      vertex -28.4 12 1.2
    endloop
  endfacet
  facet normal 0 0 1
    outer loop
      vertex -21.5 0 1.2
      vertex -28.4211 12.2146 1.2
      vertex -28.4053 12.1078 1.2
    endloop
  endfacet
  facet normal 0 0 1
    outer loop
      vertex -21.5 0 1.2
      vertex -28.4474 12.3193 1.2
      vertex -28.4211 12.2146 1.2
    endloop
  endfacet
  facet normal 0 0 1
    outer loop
      vertex -21.5 48.5 1.2
      vertex -28.4837 12.421 1.2
      vertex -28.4474 12.3193 1.2
    endloop
  endfacet
  facet normal 0 0 1
    outer loop
      vertex -21.5 48.5 1.2
      vertex -28.5299 12.5185 1.2
      vertex -28.4837 12.421 1.2
    endloop
  endfacet
  facet normal 0 0 1
    outer loop
      vertex -21.5 48.5 1.2
      vertex -28.5854 12.6111 1.2
      vertex -28.5299 12.5185 1.2
    endloop
  endfacet
  facet normal 0 0 1
    outer loop
      vertex -21.5 48.5 1.2
      vertex -28.6497 12.6978 1.2
      vertex -28.5854 12.6111 1.2
    endloop
  endfacet
  facet normal 0 0 1
    outer loop
      vertex -21.5 48.5 1.2
      vertex -28.7222 12.7778 1.2
      vertex -28.6497 12.6978 1.2
    endloop
  endfacet
  facet normal 0 0 1
    outer loop
      vertex -21.5 48.5 1.2
      vertex -28.8022 12.8503 1.2
      vertex -28.7222 12.7778 1.2
    endloop
  endfacet
  facet normal 0 0 1
    outer loop
      vertex -21.5 48.5 1.2
      vertex -28.8889 12.9146 1.2
      vertex -28.8022 12.8503 1.2
    endloop
  endfacet
  facet normal 0 0 1
    outer loop
      vertex -21.5 48.5 1.2
      vertex -28.9815 12.9701 1.2
      vertex -28.8889 12.9146 1.2
    endloop
  endfacet
  facet normal 0 0 1
    outer loop
      vertex -21.5 48.5 1.2
      vertex -29.079 13.0163 1.2
      vertex -28.9815 12.9701 1.2
    endloop
  endfacet
  facet normal 0 0 1
    outer loop
      vertex -21.5 48.5 1.2
      vertex -29.1807 13.0526 1.2
      vertex -29.079 13.0163 1.2
    endloop
  endfacet
  facet normal 0 0 1
    outer loop
      vertex -21.5 48.5 1.2
      vertex -29.2854 13.0789 1.2
      vertex -29.1807 13.0526 1.2
    endloop
  endfacet
  facet normal 0 0 1
    outer loop
      vertex -21.5 48.5 1.2
      vertex -29.3922 13.0947 1.2
      vertex -29.2854 13.0789 1.2
    endloop
  endfacet
  facet normal -0 0 1
    outer loop
      vertex -33 48.5 1.2
      vertex -29.3922 13.0947 1.2
      vertex -21.5 48.5 1.2
    endloop
  endfacet
  facet normal 0 0 1
    outer loop
      vertex -29.3922 13.0947 1.2
      vertex -33 48.5 1.2
      vertex -29.5 13.1 1.2
    endloop
  endfacet
  facet normal 0 0 1
    outer loop
      vertex -29.5 13.1 1.2
      vertex -33 48.5 1.2
      vertex -29.6078 13.0947 1.2
    endloop
  endfacet
  facet normal 0 0 1
    outer loop
      vertex -29.6078 13.0947 1.2
      vertex -33 48.5 1.2
      vertex -29.7146 13.0789 1.2
    endloop
  endfacet
  facet normal 0 0 1
    outer loop
      vertex -29.7146 13.0789 1.2
      vertex -33 48.5 1.2
      vertex -29.8193 13.0526 1.2
    endloop
  endfacet
  facet normal 0 0 1
    outer loop
      vertex -29.8193 13.0526 1.2
      vertex -33 48.5 1.2
      vertex -29.921 13.0163 1.2
    endloop
  endfacet
  facet normal 0 0 1
    outer loop
      vertex -29.921 13.0163 1.2
      vertex -33 48.5 1.2
      vertex -30.0185 12.9701 1.2
    endloop
  endfacet
  facet normal 0 0 1
    outer loop
      vertex -30.0185 12.9701 1.2
      vertex -33 48.5 1.2
      vertex -30.1111 12.9146 1.2
    endloop
  endfacet
  facet normal 0 0 1
    outer loop
      vertex -30.1111 12.9146 1.2
      vertex -33 48.5 1.2
      vertex -30.1978 12.8503 1.2
    endloop
  endfacet
  facet normal 0 0 1
    outer loop
      vertex -30.1978 12.8503 1.2
      vertex -33 48.5 1.2
      vertex -30.2778 12.7778 1.2
    endloop
  endfacet
  facet normal 0 0 1
    outer loop
      vertex -30.2778 12.7778 1.2
      vertex -33 48.5 1.2
      vertex -30.3503 12.6978 1.2
    endloop
  endfacet
  facet normal 0 0 1
    outer loop
      vertex -30.3503 12.6978 1.2
      vertex -33 48.5 1.2
      vertex -30.4146 12.6111 1.2
    endloop
  endfacet
  facet normal 0 0 1
    outer loop
      vertex -30.4146 12.6111 1.2
      vertex -33 48.5 1.2
      vertex -30.4701 12.5185 1.2
    endloop
  endfacet
  facet normal 0 0 1
    outer loop
      vertex -30.4701 12.5185 1.2
      vertex -33 48.5 1.2
      vertex -30.5163 12.421 1.2
    endloop
  endfacet
  facet normal 0 0 1
    outer loop
      vertex -30.5163 12.421 1.2
      vertex -33 48.5 1.2
      vertex -30.5526 12.3193 1.2
    endloop
  endfacet
  facet normal 0 0 1
    outer loop
      vertex -29.7146 10.9211 1.2
      vertex -31.4901 0.0240784 1.2
      vertex -31 0 1.2
    endloop
  endfacet
  facet normal 0 0 1
    outer loop
      vertex -33.357 0.590393 1.2
      vertex -30.6 12 1.2
      vertex -30.5947 12.1078 1.2
    endloop
  endfacet
  facet normal 0 0 1
    outer loop
      vertex -30.5947 11.8922 1.2
      vertex -33.357 0.590393 1.2
      vertex -31.4901 0.0240784 1.2
    endloop
  endfacet
  facet normal 0 0 1
    outer loop
      vertex -31.4901 0.0240784 1.2
      vertex -33.357 0.590393 1.2
      vertex -31.9754 0.0960693 1.2
    endloop
  endfacet
  facet normal 0 0 1
    outer loop
      vertex -33.357 0.590393 1.2
      vertex -30.5947 12.1078 1.2
      vertex -30.5789 12.2146 1.2
    endloop
  endfacet
  facet normal 0 0 1
    outer loop
      vertex -31.9754 0.0960693 1.2
      vertex -33.357 0.590393 1.2
      vertex -32.4514 0.215302 1.2
    endloop
  endfacet
  facet normal 0 0 1
    outer loop
      vertex -30.5526 12.3193 1.2
      vertex -33 48.5 1.2
      vertex -30.5789 12.2146 1.2
    endloop
  endfacet
  facet normal 0 0 1
    outer loop
      vertex -33.357 0.590393 1.2
      vertex -30.5789 12.2146 1.2
      vertex -33 48.5 1.2
    endloop
  endfacet
  facet normal 0 0 1
    outer loop
      vertex -32.4514 0.215302 1.2
      vertex -33.357 0.590393 1.2
      vertex -32.9134 0.3806 1.2
    endloop
  endfacet
  facet normal -0 0 1
    outer loop
      vertex -28.4053 11.8922 1.2
      vertex -21.5 0 1.2
      vertex -28.4 12 1.2
    endloop
  endfacet
  facet normal -0 0 1
    outer loop
      vertex -28.4211 11.7854 1.2
      vertex -21.5 0 1.2
      vertex -28.4053 11.8922 1.2
    endloop
  endfacet
  facet normal -0 0 1
    outer loop
      vertex -28.4474 11.6807 1.2
      vertex -21.5 0 1.2
      vertex -28.4211 11.7854 1.2
    endloop
  endfacet
  facet normal -0 0 1
    outer loop
      vertex -28.4837 11.579 1.2
      vertex -21.5 0 1.2
      vertex -28.4474 11.6807 1.2
    endloop
  endfacet
  facet normal -0 0 1
    outer loop
      vertex -28.5299 11.4815 1.2
      vertex -21.5 0 1.2
      vertex -28.4837 11.579 1.2
    endloop
  endfacet
  facet normal -0 0 1
    outer loop
      vertex -28.5854 11.3889 1.2
      vertex -21.5 0 1.2
      vertex -28.5299 11.4815 1.2
    endloop
  endfacet
  facet normal -0 0 1
    outer loop
      vertex -28.6497 11.3022 1.2
      vertex -21.5 0 1.2
      vertex -28.5854 11.3889 1.2
    endloop
  endfacet
  facet normal -0 0 1
    outer loop
      vertex -28.7222 11.2222 1.2
      vertex -21.5 0 1.2
      vertex -28.6497 11.3022 1.2
    endloop
  endfacet
  facet normal -0 0 1
    outer loop
      vertex -28.8022 11.1497 1.2
      vertex -21.5 0 1.2
      vertex -28.7222 11.2222 1.2
    endloop
  endfacet
  facet normal -0 0 1
    outer loop
      vertex -28.8889 11.0854 1.2
      vertex -21.5 0 1.2
      vertex -28.8022 11.1497 1.2
    endloop
  endfacet
  facet normal -0 0 1
    outer loop
      vertex -28.9815 11.0299 1.2
      vertex -21.5 0 1.2
      vertex -28.8889 11.0854 1.2
    endloop
  endfacet
  facet normal -0 0 1
    outer loop
      vertex -29.079 10.9837 1.2
      vertex -21.5 0 1.2
      vertex -28.9815 11.0299 1.2
    endloop
  endfacet
  facet normal 0 0 1
    outer loop
      vertex -31 0 1.2
      vertex -29.079 10.9837 1.2
      vertex -29.1807 10.9474 1.2
    endloop
  endfacet
  facet normal 0 0 1
    outer loop
      vertex -31 0 1.2
      vertex -29.1807 10.9474 1.2
      vertex -29.2854 10.9211 1.2
    endloop
  endfacet
  facet normal 0 0 1
    outer loop
      vertex -31 0 1.2
      vertex -29.2854 10.9211 1.2
      vertex -29.3922 10.9053 1.2
    endloop
  endfacet
  facet normal 0 0 1
    outer loop
      vertex -31 0 1.2
      vertex -29.3922 10.9053 1.2
      vertex -29.5 10.9 1.2
    endloop
  endfacet
  facet normal 0 0 1
    outer loop
      vertex -31 0 1.2
      vertex -29.5 10.9 1.2
      vertex -29.6078 10.9053 1.2
    endloop
  endfacet
  facet normal 0 0 1
    outer loop
      vertex -31 0 1.2
      vertex -29.6078 10.9053 1.2
      vertex -29.7146 10.9211 1.2
    endloop
  endfacet
  facet normal 0 0 1
    outer loop
      vertex -31.4901 0.0240784 1.2
      vertex -29.7146 10.9211 1.2
      vertex -29.8193 10.9474 1.2
    endloop
  endfacet
  facet normal 0 0 1
    outer loop
      vertex -31.4901 0.0240784 1.2
      vertex -29.8193 10.9474 1.2
      vertex -29.921 10.9837 1.2
    endloop
  endfacet
  facet normal 0 0 1
    outer loop
      vertex -31.4901 0.0240784 1.2
      vertex -29.921 10.9837 1.2
      vertex -30.0185 11.0299 1.2
    endloop
  endfacet
  facet normal 0 0 1
    outer loop
      vertex -31.4901 0.0240784 1.2
      vertex -30.0185 11.0299 1.2
      vertex -30.1111 11.0854 1.2
    endloop
  endfacet
  facet normal 0 0 1
    outer loop
      vertex -31.4901 0.0240784 1.2
      vertex -30.1111 11.0854 1.2
      vertex -30.1978 11.1497 1.2
    endloop
  endfacet
  facet normal 0 0 1
    outer loop
      vertex -31.4901 0.0240784 1.2
      vertex -30.1978 11.1497 1.2
      vertex -30.2778 11.2222 1.2
    endloop
  endfacet
  facet normal 0 0 1
    outer loop
      vertex -31.4901 0.0240784 1.2
      vertex -30.2778 11.2222 1.2
      vertex -30.3503 11.3022 1.2
    endloop
  endfacet
  facet normal 0 0 1
    outer loop
      vertex -29.079 10.9837 1.2
      vertex -31 0 1.2
      vertex -21.5 0 1.2
    endloop
  endfacet
  facet normal 0 0 1
    outer loop
      vertex -31.4901 0.0240784 1.2
      vertex -30.3503 11.3022 1.2
      vertex -30.4146 11.3889 1.2
    endloop
  endfacet
  facet normal 0 0 1
    outer loop
      vertex -31.4901 0.0240784 1.2
      vertex -30.4146 11.3889 1.2
      vertex -30.4701 11.4815 1.2
    endloop
  endfacet
  facet normal 0 0 1
    outer loop
      vertex -31.4901 0.0240784 1.2
      vertex -30.4701 11.4815 1.2
      vertex -30.5163 11.579 1.2
    endloop
  endfacet
  facet normal 0 0 1
    outer loop
      vertex -31.4901 0.0240784 1.2
      vertex -30.5163 11.579 1.2
      vertex -30.5526 11.6807 1.2
    endloop
  endfacet
  facet normal 0 0 1
    outer loop
      vertex -31.4901 0.0240784 1.2
      vertex -30.5526 11.6807 1.2
      vertex -30.5789 11.7854 1.2
    endloop
  endfacet
  facet normal 0 0 1
    outer loop
      vertex -31.4901 0.0240784 1.2
      vertex -30.5789 11.7854 1.2
      vertex -30.5947 11.8922 1.2
    endloop
  endfacet
  facet normal 0 0 1
    outer loop
      vertex -33.357 0.590393 1.2
      vertex -30.5947 11.8922 1.2
      vertex -30.6 12 1.2
    endloop
  endfacet
  facet normal 0 0 1
    outer loop
      vertex 17.2076 109.273 1.2
      vertex 5.47352 111.539 1.2
      vertex 5.5 111 1.2
    endloop
  endfacet
  facet normal 0 0 1
    outer loop
      vertex 11.4758 118.201 1.2
      vertex 5.39432 112.073 1.2
      vertex 5.47352 111.539 1.2
    endloop
  endfacet
  facet normal 0 0 1
    outer loop
      vertex 11.4758 118.201 1.2
      vertex 5.26317 112.597 1.2
      vertex 5.39432 112.073 1.2
    endloop
  endfacet
  facet normal 0 0 1
    outer loop
      vertex 11.4758 118.201 1.2
      vertex 5.08134 113.105 1.2
      vertex 5.26317 112.597 1.2
    endloop
  endfacet
  facet normal 0 0 1
    outer loop
      vertex 11.4758 118.201 1.2
      vertex 4.85057 113.593 1.2
      vertex 5.08134 113.105 1.2
    endloop
  endfacet
  facet normal 0 0 1
    outer loop
      vertex 11.4758 118.201 1.2
      vertex 4.57308 114.056 1.2
      vertex 4.85057 113.593 1.2
    endloop
  endfacet
  facet normal 0 0 1
    outer loop
      vertex 8.33342 120.385 1.2
      vertex 4.25156 114.489 1.2
      vertex 4.57308 114.056 1.2
    endloop
  endfacet
  facet normal 0 0 1
    outer loop
      vertex 7.26822 120.5 1.2
      vertex 3.88909 114.889 1.2
      vertex 4.25156 114.489 1.2
    endloop
  endfacet
  facet normal 0 0 1
    outer loop
      vertex 7.26822 120.5 1.2
      vertex 3.48916 115.252 1.2
      vertex 3.88909 114.889 1.2
    endloop
  endfacet
  facet normal 0 0 1
    outer loop
      vertex 7.26822 120.5 1.2
      vertex 3.05564 115.573 1.2
      vertex 3.48916 115.252 1.2
    endloop
  endfacet
  facet normal 0 0 1
    outer loop
      vertex 7.26822 120.5 1.2
      vertex 2.59268 115.851 1.2
      vertex 3.05564 115.573 1.2
    endloop
  endfacet
  facet normal 0 0 1
    outer loop
      vertex 7.26822 120.5 1.2
      vertex 2.10476 116.081 1.2
      vertex 2.59268 115.851 1.2
    endloop
  endfacet
  facet normal 0 0 1
    outer loop
      vertex 7.26822 120.5 1.2
      vertex 1.59657 116.263 1.2
      vertex 2.10476 116.081 1.2
    endloop
  endfacet
  facet normal 0 0 1
    outer loop
      vertex 7.26822 120.5 1.2
      vertex 1.073 116.394 1.2
      vertex 1.59657 116.263 1.2
    endloop
  endfacet
  facet normal 0 0 1
    outer loop
      vertex 7.26822 120.5 1.2
      vertex 0.539094 116.474 1.2
      vertex 1.073 116.394 1.2
    endloop
  endfacet
  facet normal 0 0 1
    outer loop
      vertex 7.26822 120.5 1.2
      vertex 0 116.5 1.2
      vertex 0.539094 116.474 1.2
    endloop
  endfacet
  facet normal -0 0 1
    outer loop
      vertex -7.26822 120.5 1.2
      vertex 0 116.5 1.2
      vertex 7.26822 120.5 1.2
    endloop
  endfacet
  facet normal 0 0 1
    outer loop
      vertex 0 116.5 1.2
      vertex -7.26822 120.5 1.2
      vertex -0.539094 116.474 1.2
    endloop
  endfacet
  facet normal 0 0 1
    outer loop
      vertex -0.539094 116.474 1.2
      vertex -7.26822 120.5 1.2
      vertex -1.073 116.394 1.2
    endloop
  endfacet
  facet normal 0 0 1
    outer loop
      vertex -1.073 116.394 1.2
      vertex -7.26822 120.5 1.2
      vertex -1.59657 116.263 1.2
    endloop
  endfacet
  facet normal 0 0 1
    outer loop
      vertex -5.39432 112.073 1.2
      vertex -11.4758 118.201 1.2
      vertex -5.47352 111.539 1.2
    endloop
  endfacet
  facet normal 0 0 1
    outer loop
      vertex -5.26317 112.597 1.2
      vertex -11.4758 118.201 1.2
      vertex -5.39432 112.073 1.2
    endloop
  endfacet
  facet normal 0 0 1
    outer loop
      vertex -5.08134 113.105 1.2
      vertex -11.4758 118.201 1.2
      vertex -5.26317 112.597 1.2
    endloop
  endfacet
  facet normal 0 0 1
    outer loop
      vertex -4.85057 113.593 1.2
      vertex -11.4758 118.201 1.2
      vertex -5.08134 113.105 1.2
    endloop
  endfacet
  facet normal 0 0 1
    outer loop
      vertex -4.57308 114.056 1.2
      vertex -11.4758 118.201 1.2
      vertex -4.85057 113.593 1.2
    endloop
  endfacet
  facet normal -0 0 1
    outer loop
      vertex -11.4758 118.201 1.2
      vertex -4.57308 114.056 1.2
      vertex -7.26822 120.5 1.2
    endloop
  endfacet
  facet normal 0 0 1
    outer loop
      vertex -4.25156 114.489 1.2
      vertex -7.26822 120.5 1.2
      vertex -4.57308 114.056 1.2
    endloop
  endfacet
  facet normal 0 0 1
    outer loop
      vertex -3.88909 114.889 1.2
      vertex -7.26822 120.5 1.2
      vertex -4.25156 114.489 1.2
    endloop
  endfacet
  facet normal 0 0 1
    outer loop
      vertex -3.48916 115.252 1.2
      vertex -7.26822 120.5 1.2
      vertex -3.88909 114.889 1.2
    endloop
  endfacet
  facet normal 0 0 1
    outer loop
      vertex -3.05564 115.573 1.2
      vertex -7.26822 120.5 1.2
      vertex -3.48916 115.252 1.2
    endloop
  endfacet
  facet normal 0 0 1
    outer loop
      vertex -2.59268 115.851 1.2
      vertex -7.26822 120.5 1.2
      vertex -3.05564 115.573 1.2
    endloop
  endfacet
  facet normal 0 0 1
    outer loop
      vertex -2.10476 116.081 1.2
      vertex -7.26822 120.5 1.2
      vertex -2.59268 115.851 1.2
    endloop
  endfacet
  facet normal 0 0 1
    outer loop
      vertex -1.59657 116.263 1.2
      vertex -7.26822 120.5 1.2
      vertex -2.10476 116.081 1.2
    endloop
  endfacet
  facet normal 0.146737 -0.989175 0
    outer loop
      vertex 31.4901 0.0240784 0
      vertex 31.9754 0.0960693 1.2
      vertex 31.4901 0.0240784 1.2
    endloop
  endfacet
  facet normal 0.146737 -0.989175 0
    outer loop
      vertex 31.9754 0.0960693 1.2
      vertex 31.4901 0.0240784 0
      vertex 31.9754 0.0960693 0
    endloop
  endfacet
  facet normal 0.242982 -0.970031 0
    outer loop
      vertex 31.9754 0.0960693 0
      vertex 32.4514 0.215302 1.2
      vertex 31.9754 0.0960693 1.2
    endloop
  endfacet
  facet normal 0.242982 -0.970031 0
    outer loop
      vertex 32.4514 0.215302 1.2
      vertex 31.9754 0.0960693 0
      vertex 32.4514 0.215302 0
    endloop
  endfacet
  facet normal 0.336875 -0.941549 0
    outer loop
      vertex 32.4514 0.215302 0
      vertex 32.9134 0.3806 1.2
      vertex 32.4514 0.215302 1.2
    endloop
  endfacet
  facet normal 0.336875 -0.941549 0
    outer loop
      vertex 32.9134 0.3806 1.2
      vertex 32.4514 0.215302 0
      vertex 32.9134 0.3806 0
    endloop
  endfacet
  facet normal 0.427531 -0.904 0
    outer loop
      vertex 32.9134 0.3806 0
      vertex 33.357 0.590393 1.2
      vertex 32.9134 0.3806 1.2
    endloop
  endfacet
  facet normal 0.427531 -0.904 0
    outer loop
      vertex 33.357 0.590393 1.2
      vertex 32.9134 0.3806 0
      vertex 33.357 0.590393 0
    endloop
  endfacet
  facet normal 0.514163 -0.857692 0
    outer loop
      vertex 33.357 0.590393 0
      vertex 33.7778 0.842651 1.2
      vertex 33.357 0.590393 1.2
    endloop
  endfacet
  facet normal 0.514163 -0.857692 0
    outer loop
      vertex 33.7778 0.842651 1.2
      vertex 33.357 0.590393 0
      vertex 33.7778 0.842651 0
    endloop
  endfacet
  facet normal 0.595621 -0.803266 0
    outer loop
      vertex 33.7778 0.842651 0
      vertex 34.172 1.13495 1.2
      vertex 33.7778 0.842651 1.2
    endloop
  endfacet
  facet normal 0.595621 -0.803266 0
    outer loop
      vertex 34.172 1.13495 1.2
      vertex 33.7778 0.842651 0
      vertex 34.172 1.13495 0
    endloop
  endfacet
  facet normal 0.671618 -0.740898 0
    outer loop
      vertex 34.172 1.13495 0
      vertex 34.5355 1.46446 1.2
      vertex 34.172 1.13495 1.2
    endloop
  endfacet
  facet normal 0.671618 -0.740898 0
    outer loop
      vertex 34.5355 1.46446 1.2
      vertex 34.172 1.13495 0
      vertex 34.5355 1.46446 0
    endloop
  endfacet
  facet normal 0.740871 -0.671648 0
    outer loop
      vertex 34.5355 1.46446 1.2
      vertex 34.8651 1.82803 0
      vertex 34.8651 1.82803 1.2
    endloop
  endfacet
  facet normal 0.740871 -0.671648 0
    outer loop
      vertex 34.8651 1.82803 0
      vertex 34.5355 1.46446 1.2
      vertex 34.5355 1.46446 0
    endloop
  endfacet
  facet normal 0.803304 -0.595569 0
    outer loop
      vertex 34.8651 1.82803 1.2
      vertex 35.1573 2.22215 0
      vertex 35.1573 2.22215 1.2
    endloop
  endfacet
  facet normal 0.803304 -0.595569 0
    outer loop
      vertex 35.1573 2.22215 0
      vertex 34.8651 1.82803 1.2
      vertex 34.8651 1.82803 0
    endloop
  endfacet
  facet normal 0.857692 -0.514163 0
    outer loop
      vertex 35.1573 2.22215 1.2
      vertex 35.4096 2.64302 0
      vertex 35.4096 2.64302 1.2
    endloop
  endfacet
  facet normal 0.857692 -0.514163 0
    outer loop
      vertex 35.4096 2.64302 0
      vertex 35.1573 2.22215 1.2
      vertex 35.1573 2.22215 0
    endloop
  endfacet
  facet normal 0.90398 -0.427575 0
    outer loop
      vertex 35.4096 2.64302 1.2
      vertex 35.6194 3.08658 0
      vertex 35.6194 3.08658 1.2
    endloop
  endfacet
  facet normal 0.90398 -0.427575 0
    outer loop
      vertex 35.6194 3.08658 0
      vertex 35.4096 2.64302 1.2
      vertex 35.4096 2.64302 0
    endloop
  endfacet
  facet normal 0.941548 -0.336879 0
    outer loop
      vertex 35.6194 3.08658 1.2
      vertex 35.7847 3.54858 0
      vertex 35.7847 3.54858 1.2
    endloop
  endfacet
  facet normal 0.941548 -0.336879 0
    outer loop
      vertex 35.7847 3.54858 0
      vertex 35.6194 3.08658 1.2
      vertex 35.6194 3.08658 0
    endloop
  endfacet
  facet normal 0.970043 -0.242934 0
    outer loop
      vertex 35.7847 3.54858 1.2
      vertex 35.9039 4.02455 0
      vertex 35.9039 4.02455 1.2
    endloop
  endfacet
  facet normal 0.970043 -0.242934 0
    outer loop
      vertex 35.9039 4.02455 0
      vertex 35.7847 3.54858 1.2
      vertex 35.7847 3.54858 0
    endloop
  endfacet
  facet normal 0.989176 -0.146735 0
    outer loop
      vertex 35.9039 4.02455 1.2
      vertex 35.9759 4.50992 0
      vertex 35.9759 4.50992 1.2
    endloop
  endfacet
  facet normal 0.989176 -0.146735 0
    outer loop
      vertex 35.9759 4.50992 0
      vertex 35.9039 4.02455 1.2
      vertex 35.9039 4.02455 0
    endloop
  endfacet
  facet normal 0.998793 -0.0491163 0
    outer loop
      vertex 35.9759 4.50992 1.2
      vertex 36 5 0
      vertex 36 5 1.2
    endloop
  endfacet
  facet normal 0.998793 -0.0491163 0
    outer loop
      vertex 36 5 0
      vertex 35.9759 4.50992 1.2
      vertex 35.9759 4.50992 0
    endloop
  endfacet
  facet normal 1 -0 0
    outer loop
      vertex 36 5 1.2
      vertex 36 78 0
      vertex 36 78 1.2
    endloop
  endfacet
  facet normal 1 0 0
    outer loop
      vertex 36 78 0
      vertex 36 5 1.2
      vertex 36 5 0
    endloop
  endfacet
  facet normal 0.998793 0.0491143 0
    outer loop
      vertex 36 78 1.2
      vertex 35.9759 78.4901 0
      vertex 35.9759 78.4901 1.2
    endloop
  endfacet
  facet normal 0.998793 0.0491143 0
    outer loop
      vertex 35.9759 78.4901 0
      vertex 36 78 1.2
      vertex 36 78 0
    endloop
  endfacet
  facet normal 0.989173 0.146755 0
    outer loop
      vertex 35.9759 78.4901 1.2
      vertex 35.9039 78.9754 0
      vertex 35.9039 78.9754 1.2
    endloop
  endfacet
  facet normal 0.989173 0.146755 0
    outer loop
      vertex 35.9039 78.9754 0
      vertex 35.9759 78.4901 1.2
      vertex 35.9759 78.4901 0
    endloop
  endfacet
  facet normal 0.970047 0.242919 0
    outer loop
      vertex 35.9039 78.9754 1.2
      vertex 35.7847 79.4514 0
      vertex 35.7847 79.4514 1.2
    endloop
  endfacet
  facet normal 0.970047 0.242919 0
    outer loop
      vertex 35.7847 79.4514 0
      vertex 35.9039 78.9754 1.2
      vertex 35.9039 78.9754 0
    endloop
  endfacet
  facet normal 0.941548 0.336879 0
    outer loop
      vertex 35.7847 79.4514 1.2
      vertex 35.6194 79.9134 0
      vertex 35.6194 79.9134 1.2
    endloop
  endfacet
  facet normal 0.941548 0.336879 0
    outer loop
      vertex 35.6194 79.9134 0
      vertex 35.7847 79.4514 1.2
      vertex 35.7847 79.4514 0
    endloop
  endfacet
  facet normal 0.903995 0.427543 0
    outer loop
      vertex 35.6194 79.9134 1.2
      vertex 35.4096 80.357 0
      vertex 35.4096 80.357 1.2
    endloop
  endfacet
  facet normal 0.903995 0.427543 0
    outer loop
      vertex 35.4096 80.357 0
      vertex 35.6194 79.9134 1.2
      vertex 35.6194 79.9134 0
    endloop
  endfacet
  facet normal 0.857655 0.514226 0
    outer loop
      vertex 35.4096 80.357 1.2
      vertex 35.1573 80.7778 0
      vertex 35.1573 80.7778 1.2
    endloop
  endfacet
  facet normal 0.857655 0.514226 0
    outer loop
      vertex 35.1573 80.7778 0
      vertex 35.4096 80.357 1.2
      vertex 35.4096 80.357 0
    endloop
  endfacet
  facet normal 0.803362 0.595491 0
    outer loop
      vertex 35.1573 80.7778 1.2
      vertex 34.8651 81.172 0
      vertex 34.8651 81.172 1.2
    endloop
  endfacet
  facet normal 0.803362 0.595491 0
    outer loop
      vertex 34.8651 81.172 0
      vertex 35.1573 80.7778 1.2
      vertex 35.1573 80.7778 0
    endloop
  endfacet
  facet normal 0.740806 0.671719 0
    outer loop
      vertex 34.8651 81.172 1.2
      vertex 34.5355 81.5355 0
      vertex 34.5355 81.5355 1.2
    endloop
  endfacet
  facet normal 0.740806 0.671719 0
    outer loop
      vertex 34.5355 81.5355 0
      vertex 34.8651 81.172 1.2
      vertex 34.8651 81.172 0
    endloop
  endfacet
  facet normal 0.671719 0.740806 -0
    outer loop
      vertex 34.5355 81.5355 0
      vertex 34.172 81.8651 1.2
      vertex 34.5355 81.5355 1.2
    endloop
  endfacet
  facet normal 0.671719 0.740806 0
    outer loop
      vertex 34.172 81.8651 1.2
      vertex 34.5355 81.5355 0
      vertex 34.172 81.8651 0
    endloop
  endfacet
  facet normal 0.595491 0.803362 -0
    outer loop
      vertex 34.172 81.8651 0
      vertex 33.7778 82.1573 1.2
      vertex 34.172 81.8651 1.2
    endloop
  endfacet
  facet normal 0.595491 0.803362 0
    outer loop
      vertex 33.7778 82.1573 1.2
      vertex 34.172 81.8651 0
      vertex 33.7778 82.1573 0
    endloop
  endfacet
  facet normal 0.514226 0.857655 -0
    outer loop
      vertex 33.7778 82.1573 0
      vertex 33.357 82.4096 1.2
      vertex 33.7778 82.1573 1.2
    endloop
  endfacet
  facet normal 0.514226 0.857655 0
    outer loop
      vertex 33.357 82.4096 1.2
      vertex 33.7778 82.1573 0
      vertex 33.357 82.4096 0
    endloop
  endfacet
  facet normal 0.427543 0.903995 -0
    outer loop
      vertex 33.357 82.4096 0
      vertex 32.9134 82.6194 1.2
      vertex 33.357 82.4096 1.2
    endloop
  endfacet
  facet normal 0.427543 0.903995 0
    outer loop
      vertex 32.9134 82.6194 1.2
      vertex 33.357 82.4096 0
      vertex 32.9134 82.6194 0
    endloop
  endfacet
  facet normal 0.336879 0.941548 -0
    outer loop
      vertex 32.9134 82.6194 0
      vertex 32.4514 82.7847 1.2
      vertex 32.9134 82.6194 1.2
    endloop
  endfacet
  facet normal 0.336879 0.941548 0
    outer loop
      vertex 32.4514 82.7847 1.2
      vertex 32.9134 82.6194 0
      vertex 32.4514 82.7847 0
    endloop
  endfacet
  facet normal 0.242919 0.970047 -0
    outer loop
      vertex 32.4514 82.7847 0
      vertex 31.9754 82.9039 1.2
      vertex 32.4514 82.7847 1.2
    endloop
  endfacet
  facet normal 0.242919 0.970047 0
    outer loop
      vertex 31.9754 82.9039 1.2
      vertex 32.4514 82.7847 0
      vertex 31.9754 82.9039 0
    endloop
  endfacet
  facet normal 0.146755 0.989173 -0
    outer loop
      vertex 31.9754 82.9039 0
      vertex 31.4901 82.9759 1.2
      vertex 31.9754 82.9039 1.2
    endloop
  endfacet
  facet normal 0.146755 0.989173 0
    outer loop
      vertex 31.4901 82.9759 1.2
      vertex 31.9754 82.9039 0
      vertex 31.4901 82.9759 0
    endloop
  endfacet
  facet normal 0.0491143 0.998793 -0
    outer loop
      vertex 31.4901 82.9759 0
      vertex 31 83 1.2
      vertex 31.4901 82.9759 1.2
    endloop
  endfacet
  facet normal 0.0491143 0.998793 0
    outer loop
      vertex 31 83 1.2
      vertex 31.4901 82.9759 0
      vertex 31 83 0
    endloop
  endfacet
  facet normal 0 1 -0
    outer loop
      vertex 31 83 0
      vertex 18 83 1.2
      vertex 31 83 1.2
    endloop
  endfacet
  facet normal 0 1 0
    outer loop
      vertex 18 83 1.2
      vertex 31 83 0
      vertex 18 83 0
    endloop
  endfacet
  facet normal 1 -0 0
    outer loop
      vertex 18 83 1.2
      vertex 18 106.572 0
      vertex 18 106.572 1.2
    endloop
  endfacet
  facet normal 1 0 0
    outer loop
      vertex 18 106.572 0
      vertex 18 83 1.2
      vertex 18 83 0
    endloop
  endfacet
  facet normal 0.998793 0.0491243 0
    outer loop
      vertex 18 106.572 1.2
      vertex 17.9759 107.062 0
      vertex 17.9759 107.062 1.2
    endloop
  endfacet
  facet normal 0.998793 0.0491243 0
    outer loop
      vertex 17.9759 107.062 0
      vertex 18 106.572 1.2
      vertex 18 106.572 0
    endloop
  endfacet
  facet normal 0.98916 0.146844 0
    outer loop
      vertex 17.9759 107.062 1.2
      vertex 17.9039 107.547 0
      vertex 17.9039 107.547 1.2
    endloop
  endfacet
  facet normal 0.98916 0.146844 0
    outer loop
      vertex 17.9039 107.547 0
      vertex 17.9759 107.062 1.2
      vertex 17.9759 107.062 0
    endloop
  endfacet
  facet normal 0.970047 0.242919 0
    outer loop
      vertex 17.9039 107.547 1.2
      vertex 17.7847 108.023 0
      vertex 17.7847 108.023 1.2
    endloop
  endfacet
  facet normal 0.970047 0.242919 0
    outer loop
      vertex 17.7847 108.023 0
      vertex 17.9039 107.547 1.2
      vertex 17.9039 107.547 0
    endloop
  endfacet
  facet normal 0.941548 0.336879 0
    outer loop
      vertex 17.7847 108.023 1.2
      vertex 17.6194 108.485 0
      vertex 17.6194 108.485 1.2
    endloop
  endfacet
  facet normal 0.941548 0.336879 0
    outer loop
      vertex 17.6194 108.485 0
      vertex 17.7847 108.023 1.2
      vertex 17.7847 108.023 0
    endloop
  endfacet
  facet normal 0.904144 0.427228 0
    outer loop
      vertex 17.6194 108.485 1.2
      vertex 17.4096 108.929 0
      vertex 17.4096 108.929 1.2
    endloop
  endfacet
  facet normal 0.904144 0.427228 0
    outer loop
      vertex 17.4096 108.929 0
      vertex 17.6194 108.485 1.2
      vertex 17.6194 108.485 0
    endloop
  endfacet
  facet normal 0.862321 0.506363 0
    outer loop
      vertex 17.4096 108.929 1.2
      vertex 17.2076 109.273 0
      vertex 17.2076 109.273 1.2
    endloop
  endfacet
  facet normal 0.862321 0.506363 0
    outer loop
      vertex 17.2076 109.273 0
      vertex 17.4096 108.929 1.2
      vertex 17.4096 108.929 0
    endloop
  endfacet
  facet normal 0.841505 0.540249 0
    outer loop
      vertex 17.2076 109.273 1.2
      vertex 11.4758 118.201 0
      vertex 11.4758 118.201 1.2
    endloop
  endfacet
  facet normal 0.841505 0.540249 0
    outer loop
      vertex 11.4758 118.201 0
      vertex 17.2076 109.273 1.2
      vertex 17.2076 109.273 0
    endloop
  endfacet
  facet normal 0.814421 0.580275 0
    outer loop
      vertex 11.4758 118.201 1.2
      vertex 11.1908 118.601 0
      vertex 11.1908 118.601 1.2
    endloop
  endfacet
  facet normal 0.814421 0.580275 0
    outer loop
      vertex 11.1908 118.601 0
      vertex 11.4758 118.201 1.2
      vertex 11.4758 118.201 0
    endloop
  endfacet
  facet normal 0.752653 0.658418 0
    outer loop
      vertex 11.1908 118.601 1.2
      vertex 10.868 118.97 0
      vertex 10.868 118.97 1.2
    endloop
  endfacet
  facet normal 0.752653 0.658418 0
    outer loop
      vertex 10.868 118.97 0
      vertex 11.1908 118.601 1.2
      vertex 11.1908 118.601 0
    endloop
  endfacet
  facet normal 0.684856 0.728679 -0
    outer loop
      vertex 10.868 118.97 0
      vertex 10.5105 119.306 1.2
      vertex 10.868 118.97 1.2
    endloop
  endfacet
  facet normal 0.684856 0.728679 0
    outer loop
      vertex 10.5105 119.306 1.2
      vertex 10.868 118.97 0
      vertex 10.5105 119.306 0
    endloop
  endfacet
  facet normal 0.610989 0.791639 -0
    outer loop
      vertex 10.5105 119.306 0
      vertex 10.1218 119.606 1.2
      vertex 10.5105 119.306 1.2
    endloop
  endfacet
  facet normal 0.610989 0.791639 0
    outer loop
      vertex 10.1218 119.606 1.2
      vertex 10.5105 119.306 0
      vertex 10.1218 119.606 0
    endloop
  endfacet
  facet normal 0.529871 0.848078 -0
    outer loop
      vertex 10.1218 119.606 0
      vertex 9.70566 119.866 1.2
      vertex 10.1218 119.606 1.2
    endloop
  endfacet
  facet normal 0.529871 0.848078 0
    outer loop
      vertex 9.70566 119.866 1.2
      vertex 10.1218 119.606 0
      vertex 9.70566 119.866 0
    endloop
  endfacet
  facet normal 0.444236 0.89591 -0
    outer loop
      vertex 9.70566 119.866 0
      vertex 9.26601 120.084 1.2
      vertex 9.70566 119.866 1.2
    endloop
  endfacet
  facet normal 0.444236 0.89591 0
    outer loop
      vertex 9.26601 120.084 1.2
      vertex 9.70566 119.866 0
      vertex 9.26601 120.084 0
    endloop
  endfacet
  facet normal 0.352754 0.935716 -0
    outer loop
      vertex 9.26601 120.084 0
      vertex 8.80711 120.257 1.2
      vertex 9.26601 120.084 1.2
    endloop
  endfacet
  facet normal 0.352754 0.935716 0
    outer loop
      vertex 8.80711 120.257 1.2
      vertex 9.26601 120.084 0
      vertex 8.80711 120.257 0
    endloop
  endfacet
  facet normal 0.260863 0.965376 -0
    outer loop
      vertex 8.80711 120.257 0
      vertex 8.33342 120.385 1.2
      vertex 8.80711 120.257 1.2
    endloop
  endfacet
  facet normal 0.260863 0.965376 0
    outer loop
      vertex 8.33342 120.385 1.2
      vertex 8.80711 120.257 0
      vertex 8.33342 120.385 0
    endloop
  endfacet
  facet normal 0.165073 0.986281 -0
    outer loop
      vertex 8.33342 120.385 0
      vertex 7.84946 120.466 1.2
      vertex 8.33342 120.385 1.2
    endloop
  endfacet
  facet normal 0.165073 0.986281 0
    outer loop
      vertex 7.84946 120.466 1.2
      vertex 8.33342 120.385 0
      vertex 7.84946 120.466 0
    endloop
  endfacet
  facet normal 0.0583958 0.998294 -0
    outer loop
      vertex 7.84946 120.466 0
      vertex 7.26822 120.5 1.2
      vertex 7.84946 120.466 1.2
    endloop
  endfacet
  facet normal 0.0583958 0.998294 0
    outer loop
      vertex 7.26822 120.5 1.2
      vertex 7.84946 120.466 0
      vertex 7.26822 120.5 0
    endloop
  endfacet
  facet normal 0 1 -0
    outer loop
      vertex 7.26822 120.5 0
      vertex -7.26822 120.5 1.2
      vertex 7.26822 120.5 1.2
    endloop
  endfacet
  facet normal 0 1 0
    outer loop
      vertex -7.26822 120.5 1.2
      vertex 7.26822 120.5 0
      vertex -7.26822 120.5 0
    endloop
  endfacet
  facet normal -0.048913 0.998803 0
    outer loop
      vertex -7.26822 120.5 0
      vertex -7.7583 120.476 1.2
      vertex -7.26822 120.5 1.2
    endloop
  endfacet
  facet normal -0.048913 0.998803 0
    outer loop
      vertex -7.7583 120.476 1.2
      vertex -7.26822 120.5 0
      vertex -7.7583 120.476 0
    endloop
  endfacet
  facet normal -0.146735 0.989176 0
    outer loop
      vertex -7.7583 120.476 0
      vertex -8.24367 120.404 1.2
      vertex -7.7583 120.476 1.2
    endloop
  endfacet
  facet normal -0.146735 0.989176 0
    outer loop
      vertex -8.24367 120.404 1.2
      vertex -7.7583 120.476 0
      vertex -8.24367 120.404 0
    endloop
  endfacet
  facet normal -0.24255 0.970139 0
    outer loop
      vertex -8.24367 120.404 0
      vertex -8.71964 120.285 1.2
      vertex -8.24367 120.404 1.2
    endloop
  endfacet
  facet normal -0.24255 0.970139 0
    outer loop
      vertex -8.71964 120.285 1.2
      vertex -8.24367 120.404 0
      vertex -8.71964 120.285 0
    endloop
  endfacet
  facet normal -0.338142 0.941095 0
    outer loop
      vertex -8.71964 120.285 0
      vertex -9.18164 120.119 1.2
      vertex -8.71964 120.285 1.2
    endloop
  endfacet
  facet normal -0.338142 0.941095 0
    outer loop
      vertex -9.18164 120.119 1.2
      vertex -8.71964 120.285 0
      vertex -9.18164 120.119 0
    endloop
  endfacet
  facet normal -0.426241 0.90461 0
    outer loop
      vertex -9.18164 120.119 0
      vertex -9.6252 119.91 1.2
      vertex -9.18164 120.119 1.2
    endloop
  endfacet
  facet normal -0.426241 0.90461 0
    outer loop
      vertex -9.6252 119.91 1.2
      vertex -9.18164 120.119 0
      vertex -9.6252 119.91 0
    endloop
  endfacet
  facet normal -0.515184 0.857079 0
    outer loop
      vertex -9.6252 119.91 0
      vertex -10.0461 119.657 1.2
      vertex -9.6252 119.91 1.2
    endloop
  endfacet
  facet normal -0.515184 0.857079 0
    outer loop
      vertex -10.0461 119.657 1.2
      vertex -9.6252 119.91 0
      vertex -10.0461 119.657 0
    endloop
  endfacet
  facet normal -0.595325 0.803485 0
    outer loop
      vertex -10.0461 119.657 0
      vertex -10.4402 119.365 1.2
      vertex -10.0461 119.657 1.2
    endloop
  endfacet
  facet normal -0.595325 0.803485 0
    outer loop
      vertex -10.4402 119.365 1.2
      vertex -10.0461 119.657 0
      vertex -10.4402 119.365 0
    endloop
  endfacet
  facet normal -0.670945 0.741507 0
    outer loop
      vertex -10.4402 119.365 0
      vertex -10.8038 119.036 1.2
      vertex -10.4402 119.365 1.2
    endloop
  endfacet
  facet normal -0.670945 0.741507 0
    outer loop
      vertex -10.8038 119.036 1.2
      vertex -10.4402 119.365 0
      vertex -10.8038 119.036 0
    endloop
  endfacet
  facet normal -0.741367 0.6711 0
    outer loop
      vertex -11.1333 118.672 0
      vertex -10.8038 119.036 1.2
      vertex -10.8038 119.036 0
    endloop
  endfacet
  facet normal -0.741367 0.6711 0
    outer loop
      vertex -10.8038 119.036 1.2
      vertex -11.1333 118.672 0
      vertex -11.1333 118.672 1.2
    endloop
  endfacet
  facet normal -0.808773 0.588121 0
    outer loop
      vertex -11.4758 118.201 0
      vertex -11.1333 118.672 1.2
      vertex -11.1333 118.672 0
    endloop
  endfacet
  facet normal -0.808773 0.588121 0
    outer loop
      vertex -11.1333 118.672 1.2
      vertex -11.4758 118.201 0
      vertex -11.4758 118.201 1.2
    endloop
  endfacet
  facet normal -0.841515 0.540234 0
    outer loop
      vertex -35.2076 81.2343 0
      vertex -11.4758 118.201 1.2
      vertex -11.4758 118.201 0
    endloop
  endfacet
  facet normal -0.841515 0.540234 0
    outer loop
      vertex -11.4758 118.201 1.2
      vertex -35.2076 81.2343 0
      vertex -35.2076 81.2343 1.2
    endloop
  endfacet
  facet normal -0.866999 0.49831 0
    outer loop
      vertex -35.4521 80.8089 0
      vertex -35.2076 81.2343 1.2
      vertex -35.2076 81.2343 0
    endloop
  endfacet
  facet normal -0.866999 0.49831 0
    outer loop
      vertex -35.2076 81.2343 1.2
      vertex -35.4521 80.8089 0
      vertex -35.4521 80.8089 1.2
    endloop
  endfacet
  facet normal -0.911681 0.410899 0
    outer loop
      vertex -35.6537 80.3616 0
      vertex -35.4521 80.8089 1.2
      vertex -35.4521 80.8089 0
    endloop
  endfacet
  facet normal -0.911681 0.410899 0
    outer loop
      vertex -35.4521 80.8089 1.2
      vertex -35.6537 80.3616 0
      vertex -35.6537 80.3616 1.2
    endloop
  endfacet
  facet normal -0.947577 0.319527 0
    outer loop
      vertex -35.8105 79.8966 0
      vertex -35.6537 80.3616 1.2
      vertex -35.6537 80.3616 0
    endloop
  endfacet
  facet normal -0.947577 0.319527 0
    outer loop
      vertex -35.6537 80.3616 1.2
      vertex -35.8105 79.8966 0
      vertex -35.8105 79.8966 1.2
    endloop
  endfacet
  facet normal -0.974305 0.225232 0
    outer loop
      vertex -35.921 79.4186 0
      vertex -35.8105 79.8966 1.2
      vertex -35.8105 79.8966 0
    endloop
  endfacet
  facet normal -0.974305 0.225232 0
    outer loop
      vertex -35.8105 79.8966 1.2
      vertex -35.921 79.4186 0
      vertex -35.921 79.4186 1.2
    endloop
  endfacet
  facet normal -0.991697 0.128599 0
    outer loop
      vertex -35.9841 78.932 0
      vertex -35.921 79.4186 1.2
      vertex -35.921 79.4186 0
    endloop
  endfacet
  facet normal -0.991697 0.128599 0
    outer loop
      vertex -35.921 79.4186 1.2
      vertex -35.9841 78.932 0
      vertex -35.9841 78.932 1.2
    endloop
  endfacet
  facet normal -0.999206 0.039838 0
    outer loop
      vertex -36 78.5332 0
      vertex -35.9841 78.932 1.2
      vertex -35.9841 78.932 0
    endloop
  endfacet
  facet normal -0.999206 0.039838 0
    outer loop
      vertex -35.9841 78.932 1.2
      vertex -36 78.5332 0
      vertex -36 78.5332 1.2
    endloop
  endfacet
  facet normal -1 0 0
    outer loop
      vertex -36 5 0
      vertex -36 78.5332 1.2
      vertex -36 78.5332 0
    endloop
  endfacet
  facet normal -1 -0 0
    outer loop
      vertex -36 78.5332 1.2
      vertex -36 5 0
      vertex -36 5 1.2
    endloop
  endfacet
  facet normal -0.998793 -0.0491163 0
    outer loop
      vertex -35.9759 4.50992 0
      vertex -36 5 1.2
      vertex -36 5 0
    endloop
  endfacet
  facet normal -0.998793 -0.0491163 0
    outer loop
      vertex -36 5 1.2
      vertex -35.9759 4.50992 0
      vertex -35.9759 4.50992 1.2
    endloop
  endfacet
  facet normal -0.989176 -0.146735 0
    outer loop
      vertex -35.9039 4.02455 0
      vertex -35.9759 4.50992 1.2
      vertex -35.9759 4.50992 0
    endloop
  endfacet
  facet normal -0.989176 -0.146735 0
    outer loop
      vertex -35.9759 4.50992 1.2
      vertex -35.9039 4.02455 0
      vertex -35.9039 4.02455 1.2
    endloop
  endfacet
  facet normal -0.970043 -0.242934 0
    outer loop
      vertex -35.7847 3.54858 0
      vertex -35.9039 4.02455 1.2
      vertex -35.9039 4.02455 0
    endloop
  endfacet
  facet normal -0.970043 -0.242934 0
    outer loop
      vertex -35.9039 4.02455 1.2
      vertex -35.7847 3.54858 0
      vertex -35.7847 3.54858 1.2
    endloop
  endfacet
  facet normal -0.941548 -0.336879 0
    outer loop
      vertex -35.6194 3.08658 0
      vertex -35.7847 3.54858 1.2
      vertex -35.7847 3.54858 0
    endloop
  endfacet
  facet normal -0.941548 -0.336879 0
    outer loop
      vertex -35.7847 3.54858 1.2
      vertex -35.6194 3.08658 0
      vertex -35.6194 3.08658 1.2
    endloop
  endfacet
  facet normal -0.90398 -0.427575 0
    outer loop
      vertex -35.4096 2.64302 0
      vertex -35.6194 3.08658 1.2
      vertex -35.6194 3.08658 0
    endloop
  endfacet
  facet normal -0.90398 -0.427575 0
    outer loop
      vertex -35.6194 3.08658 1.2
      vertex -35.4096 2.64302 0
      vertex -35.4096 2.64302 1.2
    endloop
  endfacet
  facet normal -0.857692 -0.514163 0
    outer loop
      vertex -35.1573 2.22215 0
      vertex -35.4096 2.64302 1.2
      vertex -35.4096 2.64302 0
    endloop
  endfacet
  facet normal -0.857692 -0.514163 0
    outer loop
      vertex -35.4096 2.64302 1.2
      vertex -35.1573 2.22215 0
      vertex -35.1573 2.22215 1.2
    endloop
  endfacet
  facet normal -0.803304 -0.595569 0
    outer loop
      vertex -34.8651 1.82803 0
      vertex -35.1573 2.22215 1.2
      vertex -35.1573 2.22215 0
    endloop
  endfacet
  facet normal -0.803304 -0.595569 0
    outer loop
      vertex -35.1573 2.22215 1.2
      vertex -34.8651 1.82803 0
      vertex -34.8651 1.82803 1.2
    endloop
  endfacet
  facet normal -0.740871 -0.671648 0
    outer loop
      vertex -34.5355 1.46446 0
      vertex -34.8651 1.82803 1.2
      vertex -34.8651 1.82803 0
    endloop
  endfacet
  facet normal -0.740871 -0.671648 0
    outer loop
      vertex -34.8651 1.82803 1.2
      vertex -34.5355 1.46446 0
      vertex -34.5355 1.46446 1.2
    endloop
  endfacet
  facet normal -0.671618 -0.740898 0
    outer loop
      vertex -34.5355 1.46446 0
      vertex -34.172 1.13495 1.2
      vertex -34.5355 1.46446 1.2
    endloop
  endfacet
  facet normal -0.671618 -0.740898 -0
    outer loop
      vertex -34.172 1.13495 1.2
      vertex -34.5355 1.46446 0
      vertex -34.172 1.13495 0
    endloop
  endfacet
  facet normal -0.595621 -0.803266 0
    outer loop
      vertex -34.172 1.13495 0
      vertex -33.7778 0.842651 1.2
      vertex -34.172 1.13495 1.2
    endloop
  endfacet
  facet normal -0.595621 -0.803266 -0
    outer loop
      vertex -33.7778 0.842651 1.2
      vertex -34.172 1.13495 0
      vertex -33.7778 0.842651 0
    endloop
  endfacet
  facet normal -0.514163 -0.857692 0
    outer loop
      vertex -33.7778 0.842651 0
      vertex -33.357 0.590393 1.2
      vertex -33.7778 0.842651 1.2
    endloop
  endfacet
  facet normal -0.514163 -0.857692 -0
    outer loop
      vertex -33.357 0.590393 1.2
      vertex -33.7778 0.842651 0
      vertex -33.357 0.590393 0
    endloop
  endfacet
  facet normal -0.427531 -0.904 0
    outer loop
      vertex -33.357 0.590393 0
      vertex -32.9134 0.3806 1.2
      vertex -33.357 0.590393 1.2
    endloop
  endfacet
  facet normal -0.427531 -0.904 -0
    outer loop
      vertex -32.9134 0.3806 1.2
      vertex -33.357 0.590393 0
      vertex -32.9134 0.3806 0
    endloop
  endfacet
  facet normal -0.336875 -0.941549 0
    outer loop
      vertex -32.9134 0.3806 0
      vertex -32.4514 0.215302 1.2
      vertex -32.9134 0.3806 1.2
    endloop
  endfacet
  facet normal -0.336875 -0.941549 -0
    outer loop
      vertex -32.4514 0.215302 1.2
      vertex -32.9134 0.3806 0
      vertex -32.4514 0.215302 0
    endloop
  endfacet
  facet normal -0.242982 -0.970031 0
    outer loop
      vertex -32.4514 0.215302 0
      vertex -31.9754 0.0960693 1.2
      vertex -32.4514 0.215302 1.2
    endloop
  endfacet
  facet normal -0.242982 -0.970031 -0
    outer loop
      vertex -31.9754 0.0960693 1.2
      vertex -32.4514 0.215302 0
      vertex -31.9754 0.0960693 0
    endloop
  endfacet
  facet normal -0.146737 -0.989175 0
    outer loop
      vertex -31.9754 0.0960693 0
      vertex -31.4901 0.0240784 1.2
      vertex -31.9754 0.0960693 1.2
    endloop
  endfacet
  facet normal -0.146737 -0.989175 -0
    outer loop
      vertex -31.4901 0.0240784 1.2
      vertex -31.9754 0.0960693 0
      vertex -31.4901 0.0240784 0
    endloop
  endfacet
  facet normal -0.0490704 -0.998795 0
    outer loop
      vertex -31.4901 0.0240784 0
      vertex -31 0 1.2
      vertex -31.4901 0.0240784 1.2
    endloop
  endfacet
  facet normal -0.0490704 -0.998795 -0
    outer loop
      vertex -31 0 1.2
      vertex -31.4901 0.0240784 0
      vertex -31 0 0
    endloop
  endfacet
  facet normal 0 -1 0
    outer loop
      vertex 21.5 0 0
      vertex 31 0 1.2
      vertex 21.5 0 1.2
    endloop
  endfacet
  facet normal 0 -1 -0
    outer loop
      vertex 31 0 1.2
      vertex 21.5 0 0
      vertex 31 0 0
    endloop
  endfacet
  facet normal 0 -1 0
    outer loop
      vertex -31 0 0
      vertex -21.5 0 1.2
      vertex -31 0 1.2
    endloop
  endfacet
  facet normal 0 -1 -0
    outer loop
      vertex -21.5 0 1.2
      vertex -31 0 0
      vertex -21.5 0 0
    endloop
  endfacet
  facet normal 0.0490704 -0.998795 0
    outer loop
      vertex 31 0 0
      vertex 31.4901 0.0240784 1.2
      vertex 31 0 1.2
    endloop
  endfacet
  facet normal 0.0490704 -0.998795 0
    outer loop
      vertex 31.4901 0.0240784 1.2
      vertex 31 0 0
      vertex 31.4901 0.0240784 0
    endloop
  endfacet
  facet normal -1 0 0
    outer loop
      vertex 21.5 69 0
      vertex 21.5 49.5 0.599999
      vertex 21.5 69 1.2
    endloop
  endfacet
  facet normal -1 0 0
    outer loop
      vertex 21.5 69 0
      vertex 21.5 48.5 0.599999
      vertex 21.5 49.5 0.599999
    endloop
  endfacet
  facet normal -1 0 0
    outer loop
      vertex 21.5 0 0
      vertex 21.5 48.5 0.599999
      vertex 21.5 69 0
    endloop
  endfacet
  facet normal -1 0 0
    outer loop
      vertex 21.5 0 1.2
      vertex 21.5 48.5 0.599999
      vertex 21.5 0 0
    endloop
  endfacet
  facet normal -1 0 0
    outer loop
      vertex 21.5 48.5 0.599999
      vertex 21.5 0 1.2
      vertex 21.5 48.5 1.2
    endloop
  endfacet
  facet normal -1 -0 0
    outer loop
      vertex 21.5 69 1.2
      vertex 21.5 49.5 0.599999
      vertex 21.5 49.5 1.2
    endloop
  endfacet
  facet normal 1 0 0
    outer loop
      vertex -21.5 48.5 1.2
      vertex -21.5 0 1.2
      vertex -21.5 48.5 0.599999
    endloop
  endfacet
  facet normal 1 0 0
    outer loop
      vertex -21.5 49.5 0.599999
      vertex -21.5 69 1.2
      vertex -21.5 49.5 1.2
    endloop
  endfacet
  facet normal 1 0 0
    outer loop
      vertex -21.5 69 1.2
      vertex -21.5 49.5 0.599999
      vertex -21.5 69 0
    endloop
  endfacet
  facet normal 1 -0 0
    outer loop
      vertex -21.5 48.5 0.599999
      vertex -21.5 69 0
      vertex -21.5 49.5 0.599999
    endloop
  endfacet
  facet normal 1 0 0
    outer loop
      vertex -21.5 0 0
      vertex -21.5 48.5 0.599999
      vertex -21.5 0 1.2
    endloop
  endfacet
  facet normal 1 0 0
    outer loop
      vertex -21.5 48.5 0.599999
      vertex -21.5 0 0
      vertex -21.5 69 0
    endloop
  endfacet
  facet normal 0 -1 0
    outer loop
      vertex -21.5 69 0
      vertex 21.5 69 1.2
      vertex -21.5 69 1.2
    endloop
  endfacet
  facet normal 0 -1 -0
    outer loop
      vertex 21.5 69 1.2
      vertex -21.5 69 0
      vertex 21.5 69 0
    endloop
  endfacet
  facet normal 0.337164 0.941446 -0
    outer loop
      vertex -1.59657 105.737 0
      vertex -2.10476 105.919 1.2
      vertex -1.59657 105.737 1.2
    endloop
  endfacet
  facet normal 0.337164 0.941446 0
    outer loop
      vertex -2.10476 105.919 1.2
      vertex -1.59657 105.737 0
      vertex -2.10476 105.919 0
    endloop
  endfacet
  facet normal -0.98918 -0.14671 0
    outer loop
      vertex 5.47352 111.539 0
      vertex 5.39432 112.073 1.2
      vertex 5.39432 112.073 0
    endloop
  endfacet
  facet normal -0.98918 -0.14671 0
    outer loop
      vertex 5.39432 112.073 1.2
      vertex 5.47352 111.539 0
      vertex 5.47352 111.539 1.2
    endloop
  endfacet
  facet normal -0.998795 -0.0490688 0
    outer loop
      vertex 5.5 111 0
      vertex 5.47352 111.539 1.2
      vertex 5.47352 111.539 0
    endloop
  endfacet
  facet normal -0.998795 -0.0490688 0
    outer loop
      vertex 5.47352 111.539 1.2
      vertex 5.5 111 0
      vertex 5.5 111 1.2
    endloop
  endfacet
  facet normal -0.970077 -0.242797 0
    outer loop
      vertex 5.39432 112.073 0
      vertex 5.26317 112.597 1.2
      vertex 5.26317 112.597 0
    endloop
  endfacet
  facet normal -0.970077 -0.242797 0
    outer loop
      vertex 5.26317 112.597 1.2
      vertex 5.39432 112.073 0
      vertex 5.39432 112.073 1.2
    endloop
  endfacet
  facet normal 0.98918 -0.14671 0
    outer loop
      vertex -5.47352 111.539 1.2
      vertex -5.39432 112.073 0
      vertex -5.39432 112.073 1.2
    endloop
  endfacet
  facet normal 0.98918 -0.14671 0
    outer loop
      vertex -5.39432 112.073 0
      vertex -5.47352 111.539 1.2
      vertex -5.47352 111.539 0
    endloop
  endfacet
  facet normal 0.242723 0.970096 -0
    outer loop
      vertex -1.073 105.606 0
      vertex -1.59657 105.737 1.2
      vertex -1.073 105.606 1.2
    endloop
  endfacet
  facet normal 0.242723 0.970096 0
    outer loop
      vertex -1.59657 105.737 1.2
      vertex -1.073 105.606 0
      vertex -1.59657 105.737 0
    endloop
  endfacet
  facet normal -0.337164 -0.941446 0
    outer loop
      vertex 1.59657 116.263 0
      vertex 2.10476 116.081 1.2
      vertex 1.59657 116.263 1.2
    endloop
  endfacet
  facet normal -0.337164 -0.941446 -0
    outer loop
      vertex 2.10476 116.081 1.2
      vertex 1.59657 116.263 0
      vertex 2.10476 116.081 0
    endloop
  endfacet
  facet normal 0.514801 -0.85731 0
    outer loop
      vertex -3.05564 115.573 0
      vertex -2.59268 115.851 1.2
      vertex -3.05564 115.573 1.2
    endloop
  endfacet
  facet normal 0.514801 -0.85731 0
    outer loop
      vertex -2.59268 115.851 1.2
      vertex -3.05564 115.573 0
      vertex -2.59268 115.851 0
    endloop
  endfacet
  facet normal 0.904016 0.427499 0
    outer loop
      vertex -4.85057 108.407 1.2
      vertex -5.08134 108.895 0
      vertex -5.08134 108.895 1.2
    endloop
  endfacet
  facet normal 0.904016 0.427499 0
    outer loop
      vertex -5.08134 108.895 0
      vertex -4.85057 108.407 1.2
      vertex -4.85057 108.407 0
    endloop
  endfacet
  facet normal 0.242723 -0.970096 0
    outer loop
      vertex -1.59657 116.263 0
      vertex -1.073 116.394 1.2
      vertex -1.59657 116.263 1.2
    endloop
  endfacet
  facet normal 0.242723 -0.970096 0
    outer loop
      vertex -1.073 116.394 1.2
      vertex -1.59657 116.263 0
      vertex -1.073 116.394 0
    endloop
  endfacet
  facet normal 0.857746 0.514073 0
    outer loop
      vertex -4.57308 107.944 1.2
      vertex -4.85057 108.407 0
      vertex -4.85057 108.407 1.2
    endloop
  endfacet
  facet normal 0.857746 0.514073 0
    outer loop
      vertex -4.85057 108.407 0
      vertex -4.57308 107.944 1.2
      vertex -4.57308 107.944 0
    endloop
  endfacet
  facet normal -0.242723 0.970096 0
    outer loop
      vertex 1.59657 105.737 0
      vertex 1.073 105.606 1.2
      vertex 1.59657 105.737 1.2
    endloop
  endfacet
  facet normal -0.242723 0.970096 0
    outer loop
      vertex 1.073 105.606 1.2
      vertex 1.59657 105.737 0
      vertex 1.073 105.606 0
    endloop
  endfacet
  facet normal 0.595077 0.803669 -0
    outer loop
      vertex -3.05564 106.427 0
      vertex -3.48916 106.748 1.2
      vertex -3.05564 106.427 1.2
    endloop
  endfacet
  facet normal 0.595077 0.803669 0
    outer loop
      vertex -3.48916 106.748 1.2
      vertex -3.05564 106.427 0
      vertex -3.48916 106.748 0
    endloop
  endfacet
  facet normal -0.514801 0.85731 0
    outer loop
      vertex 3.05564 106.427 0
      vertex 2.59268 106.149 1.2
      vertex 3.05564 106.427 1.2
    endloop
  endfacet
  facet normal -0.514801 0.85731 0
    outer loop
      vertex 2.59268 106.149 1.2
      vertex 3.05564 106.427 0
      vertex 2.59268 106.149 0
    endloop
  endfacet
  facet normal -0.802866 0.59616 0
    outer loop
      vertex 4.25156 107.511 0
      vertex 4.57308 107.944 1.2
      vertex 4.57308 107.944 0
    endloop
  endfacet
  facet normal -0.802866 0.59616 0
    outer loop
      vertex 4.57308 107.944 1.2
      vertex 4.25156 107.511 0
      vertex 4.25156 107.511 1.2
    endloop
  endfacet
  facet normal -0.148185 -0.98896 0
    outer loop
      vertex 0.539094 116.474 0
      vertex 1.073 116.394 1.2
      vertex 0.539094 116.474 1.2
    endloop
  endfacet
  facet normal -0.148185 -0.98896 -0
    outer loop
      vertex 1.073 116.394 1.2
      vertex 0.539094 116.474 0
      vertex 1.073 116.394 0
    endloop
  endfacet
  facet normal 0.595077 -0.803669 0
    outer loop
      vertex -3.48916 115.252 0
      vertex -3.05564 115.573 1.2
      vertex -3.48916 115.252 1.2
    endloop
  endfacet
  facet normal 0.595077 -0.803669 0
    outer loop
      vertex -3.05564 115.573 1.2
      vertex -3.48916 115.252 0
      vertex -3.05564 115.573 0
    endloop
  endfacet
  facet normal 0.802866 -0.59616 0
    outer loop
      vertex -4.57308 114.056 1.2
      vertex -4.25156 114.489 0
      vertex -4.25156 114.489 1.2
    endloop
  endfacet
  facet normal 0.802866 -0.59616 0
    outer loop
      vertex -4.25156 114.489 0
      vertex -4.57308 114.056 1.2
      vertex -4.57308 114.056 0
    endloop
  endfacet
  facet normal -0.98918 0.14671 0
    outer loop
      vertex 5.39432 109.927 0
      vertex 5.47352 110.461 1.2
      vertex 5.47352 110.461 0
    endloop
  endfacet
  facet normal -0.98918 0.14671 0
    outer loop
      vertex 5.47352 110.461 1.2
      vertex 5.39432 109.927 0
      vertex 5.39432 109.927 1.2
    endloop
  endfacet
  facet normal 0.941506 -0.336996 0
    outer loop
      vertex -5.26317 112.597 1.2
      vertex -5.08134 113.105 0
      vertex -5.08134 113.105 1.2
    endloop
  endfacet
  facet normal 0.941506 -0.336996 0
    outer loop
      vertex -5.08134 113.105 0
      vertex -5.26317 112.597 1.2
      vertex -5.26317 112.597 0
    endloop
  endfacet
  facet normal -0.42639 -0.90454 0
    outer loop
      vertex 2.10476 116.081 0
      vertex 2.59268 115.851 1.2
      vertex 2.10476 116.081 1.2
    endloop
  endfacet
  facet normal -0.42639 -0.90454 -0
    outer loop
      vertex 2.59268 115.851 1.2
      vertex 2.10476 116.081 0
      vertex 2.59268 115.851 0
    endloop
  endfacet
  facet normal 0.941506 0.336996 0
    outer loop
      vertex -5.08134 108.895 1.2
      vertex -5.26317 109.403 0
      vertex -5.26317 109.403 1.2
    endloop
  endfacet
  facet normal 0.941506 0.336996 0
    outer loop
      vertex -5.26317 109.403 0
      vertex -5.08134 108.895 1.2
      vertex -5.08134 108.895 0
    endloop
  endfacet
  facet normal -0.970077 0.242797 0
    outer loop
      vertex 5.26317 109.403 0
      vertex 5.39432 109.927 1.2
      vertex 5.39432 109.927 0
    endloop
  endfacet
  facet normal -0.970077 0.242797 0
    outer loop
      vertex 5.39432 109.927 1.2
      vertex 5.26317 109.403 0
      vertex 5.26317 109.403 1.2
    endloop
  endfacet
  facet normal 0.0481731 -0.998839 0
    outer loop
      vertex -0.539094 116.474 0
      vertex 0 116.5 1.2
      vertex -0.539094 116.474 1.2
    endloop
  endfacet
  facet normal 0.0481731 -0.998839 0
    outer loop
      vertex 0 116.5 1.2
      vertex -0.539094 116.474 0
      vertex 0 116.5 0
    endloop
  endfacet
  facet normal -0.672092 -0.740468 0
    outer loop
      vertex 3.48916 115.252 0
      vertex 3.88909 114.889 1.2
      vertex 3.48916 115.252 1.2
    endloop
  endfacet
  facet normal -0.672092 -0.740468 -0
    outer loop
      vertex 3.88909 114.889 1.2
      vertex 3.48916 115.252 0
      vertex 3.88909 114.889 0
    endloop
  endfacet
  facet normal 0.42639 -0.90454 0
    outer loop
      vertex -2.59268 115.851 0
      vertex -2.10476 116.081 1.2
      vertex -2.59268 115.851 1.2
    endloop
  endfacet
  facet normal 0.42639 -0.90454 0
    outer loop
      vertex -2.10476 116.081 1.2
      vertex -2.59268 115.851 0
      vertex -2.10476 116.081 0
    endloop
  endfacet
  facet normal 0.672092 -0.740468 0
    outer loop
      vertex -3.88909 114.889 0
      vertex -3.48916 115.252 1.2
      vertex -3.88909 114.889 1.2
    endloop
  endfacet
  facet normal 0.672092 -0.740468 0
    outer loop
      vertex -3.48916 115.252 1.2
      vertex -3.88909 114.889 0
      vertex -3.48916 115.252 0
    endloop
  endfacet
  facet normal -0.337164 0.941446 0
    outer loop
      vertex 2.10476 105.919 0
      vertex 1.59657 105.737 1.2
      vertex 2.10476 105.919 1.2
    endloop
  endfacet
  facet normal -0.337164 0.941446 0
    outer loop
      vertex 1.59657 105.737 1.2
      vertex 2.10476 105.919 0
      vertex 1.59657 105.737 0
    endloop
  endfacet
  facet normal 0.337164 -0.941446 0
    outer loop
      vertex -2.10476 116.081 0
      vertex -1.59657 116.263 1.2
      vertex -2.10476 116.081 1.2
    endloop
  endfacet
  facet normal 0.337164 -0.941446 0
    outer loop
      vertex -1.59657 116.263 1.2
      vertex -2.10476 116.081 0
      vertex -1.59657 116.263 0
    endloop
  endfacet
  facet normal -0.802866 -0.59616 0
    outer loop
      vertex 4.57308 114.056 0
      vertex 4.25156 114.489 1.2
      vertex 4.25156 114.489 0
    endloop
  endfacet
  facet normal -0.802866 -0.59616 0
    outer loop
      vertex 4.25156 114.489 1.2
      vertex 4.57308 114.056 0
      vertex 4.57308 114.056 1.2
    endloop
  endfacet
  facet normal 0.857746 -0.514073 0
    outer loop
      vertex -4.85057 113.593 1.2
      vertex -4.57308 114.056 0
      vertex -4.57308 114.056 1.2
    endloop
  endfacet
  facet normal 0.857746 -0.514073 0
    outer loop
      vertex -4.57308 114.056 0
      vertex -4.85057 113.593 1.2
      vertex -4.85057 113.593 0
    endloop
  endfacet
  facet normal -0.998795 0.0490688 0
    outer loop
      vertex 5.47352 110.461 0
      vertex 5.5 111 1.2
      vertex 5.5 111 0
    endloop
  endfacet
  facet normal -0.998795 0.0490688 0
    outer loop
      vertex 5.5 111 1.2
      vertex 5.47352 110.461 0
      vertex 5.47352 110.461 1.2
    endloop
  endfacet
  facet normal -0.904016 0.427499 0
    outer loop
      vertex 4.85057 108.407 0
      vertex 5.08134 108.895 1.2
      vertex 5.08134 108.895 0
    endloop
  endfacet
  facet normal -0.904016 0.427499 0
    outer loop
      vertex 5.08134 108.895 1.2
      vertex 4.85057 108.407 0
      vertex 4.85057 108.407 1.2
    endloop
  endfacet
  facet normal -0.857746 -0.514073 0
    outer loop
      vertex 4.85057 113.593 0
      vertex 4.57308 114.056 1.2
      vertex 4.57308 114.056 0
    endloop
  endfacet
  facet normal -0.857746 -0.514073 0
    outer loop
      vertex 4.57308 114.056 1.2
      vertex 4.85057 113.593 0
      vertex 4.85057 113.593 1.2
    endloop
  endfacet
  facet normal 0.672092 0.740468 -0
    outer loop
      vertex -3.48916 106.748 0
      vertex -3.88909 107.111 1.2
      vertex -3.48916 106.748 1.2
    endloop
  endfacet
  facet normal 0.672092 0.740468 0
    outer loop
      vertex -3.88909 107.111 1.2
      vertex -3.48916 106.748 0
      vertex -3.88909 107.111 0
    endloop
  endfacet
  facet normal -0.595077 -0.803669 0
    outer loop
      vertex 3.05564 115.573 0
      vertex 3.48916 115.252 1.2
      vertex 3.05564 115.573 1.2
    endloop
  endfacet
  facet normal -0.595077 -0.803669 -0
    outer loop
      vertex 3.48916 115.252 1.2
      vertex 3.05564 115.573 0
      vertex 3.48916 115.252 0
    endloop
  endfacet
  facet normal 0.514801 0.85731 -0
    outer loop
      vertex -2.59268 106.149 0
      vertex -3.05564 106.427 1.2
      vertex -2.59268 106.149 1.2
    endloop
  endfacet
  facet normal 0.514801 0.85731 0
    outer loop
      vertex -3.05564 106.427 1.2
      vertex -2.59268 106.149 0
      vertex -3.05564 106.427 0
    endloop
  endfacet
  facet normal -0.514801 -0.85731 0
    outer loop
      vertex 2.59268 115.851 0
      vertex 3.05564 115.573 1.2
      vertex 2.59268 115.851 1.2
    endloop
  endfacet
  facet normal -0.514801 -0.85731 -0
    outer loop
      vertex 3.05564 115.573 1.2
      vertex 2.59268 115.851 0
      vertex 3.05564 115.573 0
    endloop
  endfacet
  facet normal -0.148185 0.98896 0
    outer loop
      vertex 1.073 105.606 0
      vertex 0.539094 105.526 1.2
      vertex 1.073 105.606 1.2
    endloop
  endfacet
  facet normal -0.148185 0.98896 0
    outer loop
      vertex 0.539094 105.526 1.2
      vertex 1.073 105.606 0
      vertex 0.539094 105.526 0
    endloop
  endfacet
  facet normal -0.941506 -0.336996 0
    outer loop
      vertex 5.26317 112.597 0
      vertex 5.08134 113.105 1.2
      vertex 5.08134 113.105 0
    endloop
  endfacet
  facet normal -0.941506 -0.336996 0
    outer loop
      vertex 5.08134 113.105 1.2
      vertex 5.26317 112.597 0
      vertex 5.26317 112.597 1.2
    endloop
  endfacet
  facet normal -0.857746 0.514073 0
    outer loop
      vertex 4.57308 107.944 0
      vertex 4.85057 108.407 1.2
      vertex 4.85057 108.407 0
    endloop
  endfacet
  facet normal -0.857746 0.514073 0
    outer loop
      vertex 4.85057 108.407 1.2
      vertex 4.57308 107.944 0
      vertex 4.57308 107.944 1.2
    endloop
  endfacet
  facet normal 0.998795 0.0490688 0
    outer loop
      vertex -5.47352 110.461 1.2
      vertex -5.5 111 0
      vertex -5.5 111 1.2
    endloop
  endfacet
  facet normal 0.998795 0.0490688 0
    outer loop
      vertex -5.5 111 0
      vertex -5.47352 110.461 1.2
      vertex -5.47352 110.461 0
    endloop
  endfacet
  facet normal -0.941506 0.336996 0
    outer loop
      vertex 5.08134 108.895 0
      vertex 5.26317 109.403 1.2
      vertex 5.26317 109.403 0
    endloop
  endfacet
  facet normal -0.941506 0.336996 0
    outer loop
      vertex 5.26317 109.403 1.2
      vertex 5.08134 108.895 0
      vertex 5.08134 108.895 1.2
    endloop
  endfacet
  facet normal 0.148185 -0.98896 0
    outer loop
      vertex -1.073 116.394 0
      vertex -0.539094 116.474 1.2
      vertex -1.073 116.394 1.2
    endloop
  endfacet
  facet normal 0.148185 -0.98896 0
    outer loop
      vertex -0.539094 116.474 1.2
      vertex -1.073 116.394 0
      vertex -0.539094 116.474 0
    endloop
  endfacet
  facet normal -0.741015 -0.671489 0
    outer loop
      vertex 4.25156 114.489 0
      vertex 3.88909 114.889 1.2
      vertex 3.88909 114.889 0
    endloop
  endfacet
  facet normal -0.741015 -0.671489 0
    outer loop
      vertex 3.88909 114.889 1.2
      vertex 4.25156 114.489 0
      vertex 4.25156 114.489 1.2
    endloop
  endfacet
  facet normal -0.0481731 -0.998839 0
    outer loop
      vertex 0 116.5 0
      vertex 0.539094 116.474 1.2
      vertex 0 116.5 1.2
    endloop
  endfacet
  facet normal -0.0481731 -0.998839 -0
    outer loop
      vertex 0.539094 116.474 1.2
      vertex 0 116.5 0
      vertex 0.539094 116.474 0
    endloop
  endfacet
  facet normal -0.904016 -0.427499 0
    outer loop
      vertex 5.08134 113.105 0
      vertex 4.85057 113.593 1.2
      vertex 4.85057 113.593 0
    endloop
  endfacet
  facet normal -0.904016 -0.427499 0
    outer loop
      vertex 4.85057 113.593 1.2
      vertex 5.08134 113.105 0
      vertex 5.08134 113.105 1.2
    endloop
  endfacet
  facet normal 0.148185 0.98896 -0
    outer loop
      vertex -0.539094 105.526 0
      vertex -1.073 105.606 1.2
      vertex -0.539094 105.526 1.2
    endloop
  endfacet
  facet normal 0.148185 0.98896 0
    outer loop
      vertex -1.073 105.606 1.2
      vertex -0.539094 105.526 0
      vertex -1.073 105.606 0
    endloop
  endfacet
  facet normal -0.672092 0.740468 0
    outer loop
      vertex 3.88909 107.111 0
      vertex 3.48916 106.748 1.2
      vertex 3.88909 107.111 1.2
    endloop
  endfacet
  facet normal -0.672092 0.740468 0
    outer loop
      vertex 3.48916 106.748 1.2
      vertex 3.88909 107.111 0
      vertex 3.48916 106.748 0
    endloop
  endfacet
  facet normal 0.0481731 0.998839 -0
    outer loop
      vertex 0 105.5 0
      vertex -0.539094 105.526 1.2
      vertex 0 105.5 1.2
    endloop
  endfacet
  facet normal 0.0481731 0.998839 0
    outer loop
      vertex -0.539094 105.526 1.2
      vertex 0 105.5 0
      vertex -0.539094 105.526 0
    endloop
  endfacet
  facet normal 0.741015 -0.671489 0
    outer loop
      vertex -4.25156 114.489 1.2
      vertex -3.88909 114.889 0
      vertex -3.88909 114.889 1.2
    endloop
  endfacet
  facet normal 0.741015 -0.671489 0
    outer loop
      vertex -3.88909 114.889 0
      vertex -4.25156 114.489 1.2
      vertex -4.25156 114.489 0
    endloop
  endfacet
  facet normal 0.904016 -0.427499 0
    outer loop
      vertex -5.08134 113.105 1.2
      vertex -4.85057 113.593 0
      vertex -4.85057 113.593 1.2
    endloop
  endfacet
  facet normal 0.904016 -0.427499 0
    outer loop
      vertex -4.85057 113.593 0
      vertex -5.08134 113.105 1.2
      vertex -5.08134 113.105 0
    endloop
  endfacet
  facet normal 0.970077 -0.242797 0
    outer loop
      vertex -5.39432 112.073 1.2
      vertex -5.26317 112.597 0
      vertex -5.26317 112.597 1.2
    endloop
  endfacet
  facet normal 0.970077 -0.242797 0
    outer loop
      vertex -5.26317 112.597 0
      vertex -5.39432 112.073 1.2
      vertex -5.39432 112.073 0
    endloop
  endfacet
  facet normal -0.242723 -0.970096 0
    outer loop
      vertex 1.073 116.394 0
      vertex 1.59657 116.263 1.2
      vertex 1.073 116.394 1.2
    endloop
  endfacet
  facet normal -0.242723 -0.970096 -0
    outer loop
      vertex 1.59657 116.263 1.2
      vertex 1.073 116.394 0
      vertex 1.59657 116.263 0
    endloop
  endfacet
  facet normal 0.970077 0.242797 0
    outer loop
      vertex -5.26317 109.403 1.2
      vertex -5.39432 109.927 0
      vertex -5.39432 109.927 1.2
    endloop
  endfacet
  facet normal 0.970077 0.242797 0
    outer loop
      vertex -5.39432 109.927 0
      vertex -5.26317 109.403 1.2
      vertex -5.26317 109.403 0
    endloop
  endfacet
  facet normal 0.42639 0.90454 -0
    outer loop
      vertex -2.10476 105.919 0
      vertex -2.59268 106.149 1.2
      vertex -2.10476 105.919 1.2
    endloop
  endfacet
  facet normal 0.42639 0.90454 0
    outer loop
      vertex -2.59268 106.149 1.2
      vertex -2.10476 105.919 0
      vertex -2.59268 106.149 0
    endloop
  endfacet
  facet normal 0.741015 0.671489 0
    outer loop
      vertex -3.88909 107.111 1.2
      vertex -4.25156 107.511 0
      vertex -4.25156 107.511 1.2
    endloop
  endfacet
  facet normal 0.741015 0.671489 0
    outer loop
      vertex -4.25156 107.511 0
      vertex -3.88909 107.111 1.2
      vertex -3.88909 107.111 0
    endloop
  endfacet
  facet normal -0.42639 0.90454 0
    outer loop
      vertex 2.59268 106.149 0
      vertex 2.10476 105.919 1.2
      vertex 2.59268 106.149 1.2
    endloop
  endfacet
  facet normal -0.42639 0.90454 0
    outer loop
      vertex 2.10476 105.919 1.2
      vertex 2.59268 106.149 0
      vertex 2.10476 105.919 0
    endloop
  endfacet
  facet normal -0.0481731 0.998839 0
    outer loop
      vertex 0.539094 105.526 0
      vertex 0 105.5 1.2
      vertex 0.539094 105.526 1.2
    endloop
  endfacet
  facet normal -0.0481731 0.998839 0
    outer loop
      vertex 0 105.5 1.2
      vertex 0.539094 105.526 0
      vertex 0 105.5 0
    endloop
  endfacet
  facet normal 0.98918 0.14671 0
    outer loop
      vertex -5.39432 109.927 1.2
      vertex -5.47352 110.461 0
      vertex -5.47352 110.461 1.2
    endloop
  endfacet
  facet normal 0.98918 0.14671 0
    outer loop
      vertex -5.47352 110.461 0
      vertex -5.39432 109.927 1.2
      vertex -5.39432 109.927 0
    endloop
  endfacet
  facet normal -0.595077 0.803669 0
    outer loop
      vertex 3.48916 106.748 0
      vertex 3.05564 106.427 1.2
      vertex 3.48916 106.748 1.2
    endloop
  endfacet
  facet normal -0.595077 0.803669 0
    outer loop
      vertex 3.05564 106.427 1.2
      vertex 3.48916 106.748 0
      vertex 3.05564 106.427 0
    endloop
  endfacet
  facet normal 0.802866 0.59616 0
    outer loop
      vertex -4.25156 107.511 1.2
      vertex -4.57308 107.944 0
      vertex -4.57308 107.944 1.2
    endloop
  endfacet
  facet normal 0.802866 0.59616 0
    outer loop
      vertex -4.57308 107.944 0
      vertex -4.25156 107.511 1.2
      vertex -4.25156 107.511 0
    endloop
  endfacet
  facet normal 0.998795 -0.0490688 0
    outer loop
      vertex -5.5 111 1.2
      vertex -5.47352 111.539 0
      vertex -5.47352 111.539 1.2
    endloop
  endfacet
  facet normal 0.998795 -0.0490688 0
    outer loop
      vertex -5.47352 111.539 0
      vertex -5.5 111 1.2
      vertex -5.5 111 0
    endloop
  endfacet
  facet normal -0.741015 0.671489 0
    outer loop
      vertex 3.88909 107.111 0
      vertex 4.25156 107.511 1.2
      vertex 4.25156 107.511 0
    endloop
  endfacet
  facet normal -0.741015 0.671489 0
    outer loop
      vertex 4.25156 107.511 1.2
      vertex 3.88909 107.111 0
      vertex 3.88909 107.111 1.2
    endloop
  endfacet
  facet normal -1 0 0
    outer loop
      vertex 33 48.5 0.599999
      vertex 33 49.5 1.2
      vertex 33 49.5 0.599999
    endloop
  endfacet
  facet normal -1 -0 0
    outer loop
      vertex 33 49.5 1.2
      vertex 33 48.5 0.599999
      vertex 33 48.5 1.2
    endloop
  endfacet
  facet normal -0 0 1
    outer loop
      vertex 21.5 49.5 0.599999
      vertex 33 48.5 0.599999
      vertex 33 49.5 0.599999
    endloop
  endfacet
  facet normal 0 0 1
    outer loop
      vertex 33 48.5 0.599999
      vertex 21.5 49.5 0.599999
      vertex 21.5 48.5 0.599999
    endloop
  endfacet
  facet normal -0 0 1
    outer loop
      vertex -33 49.5 0.599999
      vertex -21.5 48.5 0.599999
      vertex -21.5 49.5 0.599999
    endloop
  endfacet
  facet normal 0 0 1
    outer loop
      vertex -21.5 48.5 0.599999
      vertex -33 49.5 0.599999
      vertex -33 48.5 0.599999
    endloop
  endfacet
  facet normal 1 -0 0
    outer loop
      vertex -33 48.5 1.2
      vertex -33 49.5 0.599999
      vertex -33 49.5 1.2
    endloop
  endfacet
  facet normal 1 0 0
    outer loop
      vertex -33 49.5 0.599999
      vertex -33 48.5 1.2
      vertex -33 48.5 0.599999
    endloop
  endfacet
  facet normal 0 -1 0
    outer loop
      vertex 21.5 49.5 0.599999
      vertex 33 49.5 1.2
      vertex 21.5 49.5 1.2
    endloop
  endfacet
  facet normal 0 -1 -0
    outer loop
      vertex 33 49.5 1.2
      vertex 21.5 49.5 0.599999
      vertex 33 49.5 0.599999
    endloop
  endfacet
  facet normal 0 -1 0
    outer loop
      vertex -33 49.5 0.599999
      vertex -21.5 49.5 1.2
      vertex -33 49.5 1.2
    endloop
  endfacet
  facet normal 0 -1 -0
    outer loop
      vertex -21.5 49.5 1.2
      vertex -33 49.5 0.599999
      vertex -21.5 49.5 0.599999
    endloop
  endfacet
  facet normal 0 1 -0
    outer loop
      vertex 33 48.5 0.599999
      vertex 21.5 48.5 1.2
      vertex 33 48.5 1.2
    endloop
  endfacet
  facet normal 0 1 0
    outer loop
      vertex 21.5 48.5 1.2
      vertex 33 48.5 0.599999
      vertex 21.5 48.5 0.599999
    endloop
  endfacet
  facet normal 0 1 -0
    outer loop
      vertex -21.5 48.5 0.599999
      vertex -33 48.5 1.2
      vertex -21.5 48.5 1.2
    endloop
  endfacet
  facet normal 0 1 0
    outer loop
      vertex -33 48.5 1.2
      vertex -21.5 48.5 0.599999
      vertex -33 48.5 0.599999
    endloop
  endfacet
endsolid OpenSCAD_Model
